ordinal,feature,view,decision,reason,runtime_importance,timeout_importance,rho_16,rho_64,rho_512,binned_log10_spread_16,binned_log10_spread_64,binned_log10_spread_512,redundant_with,plot_sheet,global_runtime,runtime_16,runtime_64,runtime_512,timeout_16,timeout_64,timeout_512
1,active_qubits,primary parser,drop,Near-perfect rank duplicate of log_dense_log2_bytes (|rho|=1.000) with lower fitted importance.,0.0006851314202241377,0.0,0.4355580327416004,0.5268198563581933,0.3623527870125266,1.5350898631775525,1.7891792308494057,3.4066964832541182,log_dense_log2_bytes,grouped_curves_01.png,0,0,1,0,0,0,0
2,barriers,primary parser,drop,Near-perfect rank duplicate of log_barriers (|rho|=1.000) with lower fitted importance.,0.0007782411616937867,0.00010708246991785046,-0.29187531790661303,-0.2068426063644817,-0.5095541520488313,0.7074630028314624,0.5480831815102212,3.2556972726763624,log_barriers,grouped_curves_01.png,1,0,0,1,0,1,0
3,cancel_pairs,primary parser,keep,Material fitted runtime or timeout importance; grouped curve supplies marginal context.,0.00232535387085397,1.3487097428372852e-05,0.42078175942065976,0.08271512780863231,0.1875070740716015,1.711381855322868,0.11774322469210241,0.0,log_cancel_pairs,grouped_curves_01.png,1,1,1,1,0,1,0
4,chi_mid_budget,primary parser,drop,Near-perfect rank duplicate of log_chi_mid_budget (|rho|=1.000) with lower fitted importance.,0.0009660345327448306,0.0009321370857311406,0.6614185960695139,0.4904668558698079,0.5534611017865552,3.0346534001659697,2.05926248741732,3.489932264866014,log_chi_mid_budget,grouped_curves_01.png,1,1,0,1,1,0,0
5,chi_timeline_mid_auc,primary parser,drop,Near-perfect rank duplicate of log_chi_timeline_mid_auc (|rho|=1.000) with lower fitted importance.,0.0011436598524397095,0.0,0.552344146946455,0.474358600359729,0.5791967774658928,1.9661003651486868,1.6608565912480489,3.5476893094090434,log_chi_timeline_mid_auc,grouped_curves_01.png,1,1,1,1,0,0,0
6,chi_timeline_mid_t50,primary parser,keep,Material fitted runtime or timeout importance; grouped curve supplies marginal context.,0.0,0.0008796347391958424,-0.4058828181544999,-0.3559146068552712,-0.450523035266352,1.1047930670346577,1.572042022699483,3.253903255467451,,grouped_curves_01.png,0,0,0,0,1,0,1
7,chi_timeline_mid_t90,primary parser,keep,Material fitted runtime or timeout importance; grouped curve supplies marginal context.,0.0002802749143149285,0.0012082522907179134,-0.4581812127379767,-0.39422577475995,-0.4838833187787113,1.2014318645504098,1.8235784037002316,3.383017335956696,,grouped_curves_01.png,0,0,1,1,1,0,1
8,chi_timeline_peak_auc,primary parser,drop,Near-perfect rank duplicate of log_chi_timeline_peak_auc (|rho|=1.000) with lower fitted importance.,0.0009973534504766684,0.0,0.5644286654638613,0.4730572391584806,0.5720738583913147,1.7759145676617916,1.6593606761466062,3.550638351538424,log_chi_timeline_peak_auc,grouped_curves_01.png,1,1,0,1,0,0,0
9,chi_timeline_post_mid_sat_twoq,primary parser,keep,Low fitted importance but a visible within-setting runtime trend; retain pending grouped ablation.,0.00027605059193505307,0.0,0.4233249347645639,0.32517180508435073,0.45806246672135886,1.3773266474655217,1.3187906495039143,3.3956192186973304,,grouped_curves_01.png,0,0,1,0,0,0,0
10,chi_upper_mean,primary parser,drop,Near-perfect rank duplicate of log_chi_upper_peak (|rho|=0.998) with lower fitted importance.,4.568995085716304e-05,0.0,0.5720578934059892,0.46731933827399763,0.5652367040011783,1.7043851292959387,1.6080277474633584,3.470559206458214,log_chi_upper_peak,grouped_curves_01.png,0,0,0,1,0,0,0
11,chi_upper_mid,primary parser,drop,Near-perfect rank duplicate of log_chi_upper_mid (|rho|=1.000) with lower fitted importance.,4.445346301642656e-05,0.0,0.5626222366624234,0.4504856862360961,0.5676053866521356,1.7149331538873236,1.5855141504503805,3.460743335117729,log_chi_upper_mid,grouped_curves_01.png,0,0,0,1,0,0,0
12,chi_upper_peak,primary parser,drop,Near-perfect rank duplicate of log_chi_upper_peak (|rho|=1.000) with lower fitted importance.,0.00047295350723126683,0.0,0.5770097054450583,0.4613621690306425,0.5674865648972995,1.7150479934278373,1.5816460691797138,3.4717330933953603,log_chi_upper_peak,grouped_curves_01.png,1,0,0,0,0,0,0
13,clifford,primary parser,keep,Material fitted runtime or timeout importance; grouped curve supplies marginal context.,0.002429572409463342,0.001262228940099992,0.6595351223628775,0.6765913471031355,0.7035602130729096,2.917169821314257,2.481367211675969,3.9720896754935673,log_clifford,grouped_curves_01.png,1,1,1,1,1,0,1
14,component_dense_over_128gb,primary parser,keep,Material fitted runtime or timeout importance; grouped curve supplies marginal context.,0.001972323581829114,0.0,0.44828087898756563,0.5267371884914251,0.5635292417127252,0.6526350639800107,1.1917098209109835,2.921001702745322,,grouped_curves_01.png,1,0,0,1,0,0,0
15,conditional,primary parser,drop,Near-perfect rank duplicate of log_conditional (|rho|=1.000) with lower fitted importance.,0.001691713680914282,0.0,0.14790810066003277,0.07945567209055672,-0.06856486363275946,0.0,0.0,0.0,log_conditional,grouped_curves_01.png,1,1,1,1,0,0,0
16,dense_log2_bytes,primary parser,drop,Near-perfect rank duplicate of log_dense_log2_bytes (|rho|=1.000) with lower fitted importance.,0.0008452831109254819,0.0,0.4351147694622842,0.5262450765553853,0.3623527870125266,1.5317766958988022,1.7891792308494057,3.4066964832541182,log_dense_log2_bytes,grouped_curves_01.png,0,0,1,1,0,0,0
17,dense_over_128gb,primary parser,keep,Material fitted runtime or timeout importance; grouped curve supplies marginal context.,0.005155930350200032,0.0,0.45870105652035775,0.5835234781765922,0.5214125588219838,0.6647126692466587,1.337105656020238,2.878577358515331,log_dense_over_128gb,grouped_curves_02.png,1,0,1,1,0,0,0
18,depth,primary parser,drop,Near-perfect rank duplicate of log_depth (|rho|=1.000) with lower fitted importance.,0.0006939171552085993,0.0,0.5968235331808641,0.49706430271624896,0.5720184483713228,2.555652307561278,1.5255072845086266,3.6585128336023915,log_depth,grouped_curves_02.png,1,1,0,0,0,0,0
19,depth_per_qubit,primary parser,keep,Low fitted importance but a visible within-setting runtime trend; retain pending grouped ablation.,0.00018595755037313614,0.0,0.405326968967257,0.22595564022362682,0.328579110261462,2.550565721737426,1.3474954629771634,3.335104682341094,,grouped_curves_02.png,0,0,1,0,0,0,0
20,diagonal,primary parser,drop,Near-perfect rank duplicate of log_diagonal (|rho|=1.000) with lower fitted importance.,0.0011014921922610334,2.5447172319661034e-08,0.7541238921693012,0.5881675053079948,0.7213366952507911,2.89087841552754,1.7381272041537605,3.7625614112433814,log_diagonal,grouped_curves_02.png,1,1,1,1,1,1,0
21,diagonal_run_frac,primary parser,keep,Material fitted runtime or timeout importance; grouped curve supplies marginal context.,0.003949276290269479,0.0013640561987148412,0.034630192213939995,-0.20062231200149427,-0.015011863038594489,0.9957911354887363,1.5132821476904212,3.1115501488332598,log_diagonal_run_frac,grouped_curves_02.png,1,1,1,1,0,0,1
22,diagonal_run_max,primary parser,keep,Material fitted runtime or timeout importance; grouped curve supplies marginal context.,0.002198289099387374,0.0,0.5354100196981331,0.30113472153225296,0.5588999171326717,1.6972612447349553,1.2468360950743356,3.435876558857501,log_diagonal_run_max,grouped_curves_02.png,1,1,1,1,0,0,0
23,effective_ops,primary parser,keep,Material fitted runtime or timeout importance; grouped curve supplies marginal context.,0.0021511276376486275,0.0016299433793283977,0.7236826860869983,0.7074533023665391,0.7898295448770793,3.018331922364807,2.5040704788197377,3.8617645321979523,log_effective_ops,grouped_curves_02.png,1,1,1,1,0,0,1
24,fingerprint_arithmetic,primary parser,drop,Near-perfect rank duplicate of log_fingerprint_arithmetic (|rho|=1.000) with lower fitted importance.,0.0012432419953691918,8.03118524387358e-05,-0.16912696469352656,-0.16316739410534772,-0.27762934407608797,0.0,0.0,0.0,log_fingerprint_arithmetic,grouped_curves_02.png,1,1,1,1,0,1,0
25,fingerprint_ghz,primary parser,drop,Near-perfect rank duplicate of log_fingerprint_ghz (|rho|=1.000) with lower fitted importance.,0.0001640709296977836,0.0,0.07840233441346504,-0.15836777531944188,-0.16842489080113593,1.6158967068776695,0.9771193446162667,2.7739821940011637,log_fingerprint_ghz,grouped_curves_02.png,0,1,0,1,0,0,0
26,fingerprint_grover,primary parser,keep,Material fitted runtime or timeout importance; grouped curve supplies marginal context.,0.0017969389426126898,0.001157913231778608,-0.07748314285402409,-0.09383516732982362,-0.15312384421478067,0.0,0.0,0.0,,grouped_curves_02.png,1,1,1,1,0,1,0
27,fingerprint_phase_dyadic,primary parser,keep,Material fitted runtime or timeout importance; grouped curve supplies marginal context.,0.0025832369943736898,0.0,0.01734140647567098,-0.17839730365738737,-0.23730121434562843,0.39530706621303435,0.9472629317862864,2.726710299311784,log_fingerprint_phase_dyadic,grouped_curves_02.png,1,1,1,1,0,0,0
28,fingerprint_qaoa,primary parser,keep,Low fitted importance but a visible within-setting runtime trend; retain pending grouped ablation.,0.00018584664642188017,0.0,0.16184525717519543,-0.009895517478994743,-0.0447218347401258,0.37854959245948605,0.40202302575787136,1.3399798345498997,,grouped_curves_02.png,0,1,0,1,0,0,0
29,fingerprint_qft,primary parser,keep,Material fitted runtime or timeout importance; grouped curve supplies marginal context.,0.0036148304067311924,0.0021613151824096902,0.029115986202123252,-0.1462619755718816,-0.2132854719009346,0.0,0.0,2.093820166800634,log_fingerprint_qft,grouped_curves_02.png,1,1,1,1,1,0,1
30,fingerprint_random_grid,primary parser,keep,Material fitted runtime or timeout importance; grouped curve supplies marginal context.,0.003356509256429732,0.00878785945036761,-0.20920584052160215,-0.015597795393936952,0.06882884930160763,1.5844860172841213,1.5507242573344568,2.758810316852453,,grouped_curves_02.png,1,1,1,1,0,0,1
31,fingerprint_variational,primary parser,keep,Material fitted runtime or timeout importance; grouped curve supplies marginal context.,0.005749647837292151,0.003344558653805836,0.16830075014726664,0.12601686719448105,0.2347350933958568,0.6411255363334118,0.9886688119623539,3.3498791066687073,,grouped_curves_02.png,1,1,1,0,1,0,0
32,gate_ccx,primary parser,drop,Near-perfect rank duplicate of log_gate_ccx (|rho|=1.000) with lower fitted importance.,0.0,4.8299326535393425e-18,-0.10694099121445612,-0.13020831018974638,-0.24704814269124803,0.0,0.0,0.0,log_gate_ccx,grouped_curves_02.png,0,0,0,0,1,0,0
33,gate_cp,primary parser,keep,Low fitted importance but a visible within-setting runtime trend; retain pending grouped ablation.,9.174133674194607e-05,0.0,0.09146251452307833,-0.06405203500350158,-0.14671652960079304,0.0,0.0,1.5908347663160178,,grouped_curves_03.png,0,0,0,1,0,0,0
34,gate_cx,primary parser,keep,Material fitted runtime or timeout importance; grouped curve supplies marginal context.,0.002000177527442328,0.0013315864753142986,0.5842923617540792,0.5975202052116731,0.6524839075141281,2.9199307845740354,2.4452645541462994,3.9480401805162537,log_gate_cx,grouped_curves_03.png,1,1,1,1,1,0,1
35,gate_h,primary parser,drop,Near-perfect rank duplicate of log_gate_h (|rho|=1.000) with lower fitted importance.,0.001008803678978159,3.9968100226553816e-05,0.2981873097667672,-0.008137959693539963,-0.1258770752575675,2.774927975553169,2.0603462067598906,1.765176886835572,log_gate_h,grouped_curves_03.png,1,1,1,0,1,0,0
36,gate_rx,primary parser,drop,Near-perfect rank duplicate of log_gate_rx (|rho|=1.000) with lower fitted importance.,0.0006875075623722216,0.0,0.4782678371722821,0.4315418195884627,0.6829318385927101,1.461632301080699,1.203468581234819,3.25750489011172,log_gate_rx,grouped_curves_03.png,1,0,0,1,0,0,0
37,gate_ry,primary parser,keep,Low fitted importance but a visible within-setting runtime trend; retain pending grouped ablation.,0.00027992123606575676,0.0,0.07815827859548213,0.41720329359185915,0.4769055055877101,0.5860414822806347,1.072150640919319,3.091600587413229,,grouped_curves_03.png,0,0,1,0,0,0,0
38,gate_rz,primary parser,drop,Near-perfect rank duplicate of log_gate_rz (|rho|=1.000) with lower fitted importance.,0.0,0.00010708246991785097,0.5423344631551495,0.49147927244110207,0.6920604744399839,2.30254159095001,1.2746622620478367,3.3284720691744907,log_gate_rz,grouped_curves_03.png,0,0,0,0,0,1,0
39,gate_rzz,primary parser,drop,Near-perfect rank duplicate of log_gate_rzz (|rho|=1.000) with lower fitted importance.,0.00045864454327284855,0.0,0.26620234808886334,0.1687020155086571,0.2809366566599364,0.0,0.0,0.0,log_gate_rzz,grouped_curves_03.png,0,0,1,1,0,0,0
40,gate_swap,primary parser,drop,Tiny fitted importance and no clear within-setting runtime trend in the grouped curves.,5.6848587771236544e-05,0.0,0.06093501743015906,-0.09319448215651835,-0.10206529470421705,0.0,0.0,0.0,,grouped_curves_03.png,0,0,0,1,0,0,0
41,gate_sx,primary parser,drop,Near-perfect rank duplicate of extended__gate_count__sxdg (|rho|=0.995) with lower fitted importance.,0.00017236451563445751,0.0,0.146550048020465,0.43629062383876505,0.526500211802534,0.47485396545441644,1.0395343235161996,3.0913226645712024,extended__gate_count__sxdg,grouped_curves_03.png,0,0,1,0,0,0,0
42,gate_t,primary parser,drop,Near-perfect rank duplicate of log_gate_t (|rho|=1.000) with lower fitted importance.,0.0,0.0008607144954857605,0.0671882676300317,0.024715466442733296,-0.004834558623833394,0.0,0.0,0.0,log_gate_t,grouped_curves_03.png,0,0,0,0,1,0,0
43,gate_u3,primary parser,drop,Near-perfect rank duplicate of log_gate_u3 (|rho|=1.000) with lower fitted importance.,0.00018905769744322962,0.0,0.08540301713027505,0.41688069891223345,0.4866815892378669,0.5806391079395696,1.0749090123367286,3.093738481909569,log_gate_u3,grouped_curves_03.png,0,0,1,0,0,0,0
44,gate_x,primary parser,keep,Material fitted runtime or timeout importance; grouped curve supplies marginal context.,0.0021665916820748452,0.0028129110981711127,-0.0076387862558188946,-0.12842250775816688,-0.2226357225938414,0.3560963188494197,0.6873685274967176,1.6167319203646169,log_gate_x,grouped_curves_03.png,1,1,1,1,1,1,0
45,graph_cutwidth_original,primary parser,drop,Near-perfect rank duplicate of log_graph_cutwidth_original (|rho|=1.000) with lower fitted importance.,0.0014599867585767974,0.0,0.6864215156246755,0.4406983606831289,0.5565992821973137,2.876599106903627,2.130154631213763,3.536708499230231,log_graph_cutwidth_original,grouped_curves_03.png,1,1,0,0,0,0,0
46,graph_cutwidth_rcm,primary parser,drop,Near-perfect rank duplicate of log_graph_cutwidth_rcm (|rho|=1.000) with lower fitted importance.,0.0010366987358088283,0.0006810595339608128,0.6933670156967331,0.4817268946157579,0.6031706028184703,2.8481998804209763,2.1171783626875893,3.433862122252809,log_graph_cutwidth_rcm,grouped_curves_03.png,1,1,0,0,0,0,1
47,graph_degree_entropy,primary parser,keep,Material fitted runtime or timeout importance; grouped curve supplies marginal context.,0.005453859032395005,2.68722137511792e-05,0.04764111431653123,0.19964565764940387,0.06615415913223077,0.9234891105518767,1.5279735359439477,3.459607780610801,,grouped_curves_03.png,1,1,0,1,0,1,0
48,graph_density,primary parser,keep,Material fitted runtime or timeout importance; grouped curve supplies marginal context.,0.0011709838838101152,0.0,0.09584815480404649,-0.2427371556987801,-0.0740338098996898,1.258094425776044,1.554382163675677,3.368525252893071,,grouped_curves_03.png,1,0,1,1,0,0,0
49,graph_mean_cut_original,primary parser,drop,Near-perfect rank duplicate of log_graph_mean_cut_original (|rho|=1.000) with lower fitted importance.,0.0008581537343063045,3.5432802581044296e-05,0.7260539448448383,0.47301367985677173,0.6382326874118627,2.823027962151745,1.7636385798478382,3.541573176888997,log_graph_mean_cut_original,grouped_curves_04.png,1,1,0,1,1,0,0
50,graph_mean_cut_rcm,primary parser,drop,Near-perfect rank duplicate of log_graph_mean_cut_rcm (|rho|=1.000) with lower fitted importance.,0.00013323202605199506,5.089434429143465e-08,0.7073468537067656,0.5051027245725165,0.6414387837852785,2.7837638028946463,1.7179335965112885,3.480838864298936,log_graph_mean_cut_rcm,grouped_curves_04.png,0,1,0,0,0,1,0
51,graph_mindegree_width,primary parser,keep,Low fitted importance but a visible within-setting runtime trend; retain pending grouped ablation.,0.0002813020898549853,0.0,0.2879592598195414,0.11670220806510424,0.3910267206977542,1.4637376205264856,1.5901552984453997,3.449505272951966,,grouped_curves_04.png,0,0,1,1,0,0,0
52,graph_rcm_gain,primary parser,keep,Material fitted runtime or timeout importance; grouped curve supplies marginal context.,0.002556613516357398,8.940439802242715e-05,-0.08203351625820315,-0.4242376696651768,-0.4998962827476154,1.3992316034107075,1.4911643078032,3.2760603184241006,,grouped_curves_04.png,1,0,1,1,0,1,0
53,graph_span_rcm,primary parser,drop,Near-perfect rank duplicate of log_graph_span_rcm (|rho|=1.000) with lower fitted importance.,0.0,0.0001968898412738833,0.5084033686975593,0.28526163225886925,0.4273848932711535,2.1576274572682004,1.6617128704719546,3.4342384521914533,log_graph_span_rcm,grouped_curves_04.png,0,0,0,0,1,1,0
54,largest_component_frac,primary parser,keep,Low fitted importance but a visible within-setting runtime trend; retain pending grouped ablation.,0.00011244376735978867,1.3436203084146679e-05,0.16283737350222102,0.17377235214025696,0.3214925479751116,0.8788742972935448,0.6225224293860027,2.9409870155541977,,grouped_curves_04.png,0,1,0,0,0,1,0
55,late_new_pair_ratio,primary parser,keep,Material fitted runtime or timeout importance; grouped curve supplies marginal context.,0.001344341845476524,0.0017859062424686167,0.010590146469266749,-0.23637827473902073,-0.19726185779246852,0.3229235051425784,1.1949948634738734,2.687860838532851,,grouped_curves_04.png,1,1,1,1,1,1,1
56,liveness_mean_span,primary parser,drop,Near-perfect rank duplicate of log_liveness_mean_span (|rho|=1.000) with lower fitted importance.,9.684386779210088e-05,2.677061747991086e-05,0.3474043479233121,0.4570166283347004,0.5444919098548326,0.9578064486385179,1.217775207044078,3.220334073349637,log_liveness_mean_span,grouped_curves_04.png,0,0,0,1,0,1,0
57,liveness_mean_window,primary parser,keep,Material fitted runtime or timeout importance; grouped curve supplies marginal context.,0.004216806593031107,0.0,0.5015845121019475,0.6307365307073151,0.5229059008842037,2.1003496238757227,1.941948324379939,3.552693030415326,log_liveness_mean_window,grouped_curves_04.png,1,0,1,1,0,0,0
58,liveness_peak_window,primary parser,drop,Near-perfect rank duplicate of log_liveness_peak_window (|rho|=1.000) with lower fitted importance.,0.0010890121409384676,0.0,0.4805583482841502,0.5197822703390814,0.3930676310918379,1.5927660327908524,1.7839690846099607,3.4152369282018897,log_liveness_peak_window,grouped_curves_04.png,1,0,1,1,0,0,0
59,max_degree,primary parser,drop,Near-perfect rank duplicate of log_max_degree (|rho|=1.000) with lower fitted importance.,0.0,5.0894344424700106e-08,0.27952950847079805,0.013208572209195774,-0.029700069834351674,1.6992550831574205,1.5420334031740008,3.2463566112732214,log_max_degree,grouped_curves_04.png,0,0,0,0,0,1,0
60,mean_degree,primary parser,drop,Near-perfect rank duplicate of log_mean_degree (|rho|=1.000) with lower fitted importance.,0.0,8.961290620281393e-06,0.446735468771123,0.18448662001945432,0.2727571619479757,2.51889563808313,1.5725376728148432,3.4232575204035802,log_mean_degree,grouped_curves_04.png,0,0,0,0,1,1,0
61,measurement_early_frac,primary parser,keep,Material fitted runtime or timeout importance; grouped curve supplies marginal context.,0.0024801359767456675,0.0,-0.06012362286202713,0.009725460339051514,-0.1635434343267427,0.0,0.0,0.0,log_measurement_early_frac,grouped_curves_04.png,1,1,1,1,0,0,0
62,measurements,primary parser,drop,Near-perfect rank duplicate of log_measurements (|rho|=1.000) with lower fitted importance.,0.0019498383592234006,0.0,-0.275499611205267,-0.18544801241344444,-0.5144553129130451,1.1012946506343708,1.62983332544932,3.3201959779981944,log_measurements,grouped_curves_04.png,1,1,1,1,0,0,0
63,multi_q,primary parser,drop,Near-perfect rank duplicate of log_multi_q (|rho|=1.000) with lower fitted importance.,0.0,0.00047112982322804214,-0.13696857197627524,-0.13142450569439248,-0.24826447320398382,0.0,0.0,0.0,log_multi_q,grouped_curves_04.png,0,0,0,0,1,0,0
64,n_qubits,primary parser,drop,Near-perfect rank duplicate of log_dense_log2_bytes (|rho|=1.000) with lower fitted importance.,0.0008183321834156175,0.0,0.4351147694622842,0.5262450765553853,0.3623527870125266,1.5317766958988022,1.7891792308494057,3.4066964832541182,log_dense_log2_bytes,grouped_curves_04.png,0,0,1,0,0,0,0
65,nonclifford,primary parser,drop,Near-perfect rank duplicate of log_nonclifford (|rho|=1.000) with lower fitted importance.,0.0019155781334233711,0.0,0.7255073602922878,0.6797085708548392,0.743180354627902,2.921936967084255,1.8261423788085613,3.7522348749784564,log_nonclifford,grouped_curves_05.png,1,1,1,1,0,0,0
66,nonclifford_ratio,primary parser,keep,Material fitted runtime or timeout importance; grouped curve supplies marginal context.,0.0022525387226315662,0.0005786606897214607,-0.027768619246381143,-0.0054034852794665545,-0.01853667455189074,1.509434131734197,1.0152635319670387,3.4104892888046967,,grouped_curves_05.png,1,1,1,1,0,0,1
67,one_q,primary parser,keep,Material fitted runtime or timeout importance; grouped curve supplies marginal context.,0.002091586387411726,0.0018140989454347293,0.6947952296160844,0.6988334190894767,0.7540078130003692,2.8735788747151894,2.199033037077249,3.7856588599328447,log_one_q,grouped_curves_05.png,1,1,1,1,1,0,1
68,ops,primary parser,keep,Material fitted runtime or timeout importance; grouped curve supplies marginal context.,0.002480127670882772,0.0022091250126035733,0.7684178481618091,0.732896787955654,0.7882902765669286,3.0506889544774687,2.681833917086062,4.189653658356383,log_ops,grouped_curves_05.png,1,1,1,0,0,0,1
69,pair_reuse,primary parser,drop,Near-perfect rank duplicate of log_pair_reuse (|rho|=1.000) with lower fitted importance.,0.00013522398298899512,0.0004557362977278873,0.4378594740337603,0.4389993018381858,0.4515053450235126,2.526996945670287,1.8135821959240923,3.4745665696950296,log_pair_reuse,grouped_curves_05.png,0,0,1,0,0,0,1
70,peak_window_twoq,primary parser,keep,Material fitted runtime or timeout importance; grouped curve supplies marginal context.,0.0,0.0006000531717708385,-0.5091724898198167,-0.49470280543769884,-0.6205901882258561,1.7349092013281426,1.8412480315684765,3.6695760187126947,,grouped_curves_05.png,0,0,0,0,1,0,0
71,qasm_bytes,primary parser,keep,Material fitted runtime or timeout importance; grouped curve supplies marginal context.,0.00315152236214621,0.0005753671788004449,0.7916316409359411,0.7067511571374779,0.7903102879238152,2.894358360885324,2.2063319034738234,3.74584420642012,log_qasm_bytes,grouped_curves_05.png,1,1,1,1,0,0,1
72,random_angle_entropy,primary parser,drop,Near-perfect rank duplicate of log_random_angle_entropy (|rho|=1.000) with lower fitted importance.,0.00019024281685573044,0.0007679145344794433,0.16220701033696625,0.15985668307970086,0.2891936635949506,1.3146853885401852,1.0774906999047407,3.346085472236955,log_random_angle_entropy,grouped_curves_05.png,0,0,1,0,1,1,0
73,random_bigram_entropy,primary parser,drop,Near-perfect rank duplicate of log_random_bigram_entropy (|rho|=1.000) with lower fitted importance.,0.0011328623704882329,0.0,-0.20003431427296095,-0.039748984876492026,0.013500073855717937,1.2199372153166166,1.3948458224566957,3.3296121485294528,log_random_bigram_entropy,grouped_curves_05.png,1,1,1,0,0,0,0
74,random_gate_entropy,primary parser,drop,Near-perfect rank duplicate of log_random_gate_entropy (|rho|=1.000) with lower fitted importance.,6.853889036720467e-05,6.260852578745379e-05,-0.1246418501958928,0.07867252286352452,0.1265258191979589,1.2341421496123672,1.468836759082722,3.4121683232432893,log_random_gate_entropy,grouped_curves_05.png,0,0,0,1,0,1,0
75,random_pair_entropy,primary parser,drop,Near-perfect rank duplicate of log_random_pair_entropy (|rho|=0.998) with lower fitted importance.,0.00014019333434149312,0.0,-0.1147688294716296,0.11125050301552718,0.0962589041737764,0.9557563886556638,1.2853029918374104,3.272056061143052,log_random_pair_entropy,grouped_curves_05.png,0,1,0,0,0,0,0
76,random_window_entropy,primary parser,keep,Low fitted importance but a visible within-setting runtime trend; retain pending grouped ablation.,0.0004168431789971729,0.0,0.3055361849191527,0.3907804143751243,0.4995500062390741,1.0507579018254385,1.5913493045253375,3.360118775791859,,grouped_curves_05.png,0,0,1,0,0,0,0
77,randomness_proxy,primary parser,drop,Near-perfect rank duplicate of log_randomness_proxy (|rho|=1.000) with lower fitted importance.,0.00040929788929387664,0.0,0.06654215399208671,0.2574574629601491,0.34739720677009356,1.1786136513143721,1.4035570441401715,3.319890573861859,log_randomness_proxy,grouped_curves_05.png,0,1,1,0,0,0,0
78,reset_early_frac,primary parser,keep,Material fitted runtime or timeout importance; grouped curve supplies marginal context.,0.0027724029753831694,0.0704591267484695,0.19498242533927035,0.19356957904233607,,0.0,0.0,0.0,log_resets,grouped_curves_05.png,1,1,1,0,1,1,0
79,resets,primary parser,keep,Material fitted runtime or timeout importance; grouped curve supplies marginal context.,0.00041331316273220077,0.012954493695956906,0.19501876664759363,0.19367821023685924,,0.0,0.0,0.0,log_resets,grouped_curves_05.png,0,1,1,0,1,1,0
80,rotation_folds,primary parser,drop,Near-perfect rank duplicate of log_rotation_folds (|rho|=1.000) with lower fitted importance.,0.00020867803036077928,0.0,0.3991371145150692,0.05013874802526056,0.21330970503397442,1.074366906209029,0.08037690771812556,0.0,log_rotation_folds,grouped_curves_05.png,0,0,1,0,0,0,0
81,small_angles,primary parser,drop,Near-perfect rank duplicate of log_small_angles (|rho|=1.000) with lower fitted importance.,0.0003850338785995115,2.255501800350656e-05,0.558720062763882,0.4029041945644652,0.517203419722789,2.467116355070371,1.0670566373429538,3.275620974038307,log_small_angles,grouped_curves_06.png,0,1,0,1,1,0,0
82,two_depth,primary parser,drop,Near-perfect rank duplicate of log_two_depth (|rho|=1.000) with lower fitted importance.,0.0010138629077188308,0.0,0.5443389752274511,0.4394782609132519,0.4310270828567953,2.6252344492924857,1.6060620097894713,3.507952442053088,log_two_depth,grouped_curves_06.png,1,1,0,1,0,0,0
83,two_q,primary parser,drop,Near-perfect rank duplicate of log_two_q (|rho|=1.000) with lower fitted importance.,0.0018727245881311329,0.0,0.7772099002510265,0.6602243037692205,0.7720638694468138,3.032639260639324,2.4406255561728893,4.150061497206087,log_two_q,grouped_curves_06.png,1,1,1,1,0,0,0
84,two_q_ratio,primary parser,keep,Material fitted runtime or timeout importance; grouped curve supplies marginal context.,0.0008616355983424419,3.57872063809628e-05,-0.030090225743216206,-0.21188897694678538,-0.22906888147672794,1.15747117901374,1.079821971605059,3.319131185086733,,grouped_curves_06.png,1,0,1,0,0,1,0
85,twoq_window_2,primary parser,keep,Low fitted importance but a visible within-setting runtime trend; retain pending grouped ablation.,0.0001377685531502377,0.0,-0.012876932484365361,-0.11132867444682978,0.02910352663729203,2.027379300136551,1.447136838241797,3.423779428952609,,grouped_curves_06.png,0,0,0,1,0,0,0
86,twoq_window_3,primary parser,drop,Near-perfect rank duplicate of log_twoq_window_3 (|rho|=1.000) with lower fitted importance.,0.0,2.011392037078475e-16,-0.0356778308297945,-0.24001994881214941,-0.11220713715246373,1.6405205213930407,1.6980852649780864,3.43635653914476,log_twoq_window_3,grouped_curves_06.png,0,0,0,0,0,1,0
87,twoq_window_4,primary parser,drop,Near-perfect rank duplicate of log_twoq_window_4 (|rho|=1.000) with lower fitted importance.,6.830290468483168e-05,0.0,0.11781796910742046,0.0030288094416151103,0.197516008454527,1.0831672152052223,1.773990644748825,3.312365189473482,log_twoq_window_4,grouped_curves_06.png,0,0,0,1,0,0,0
88,twoq_window_7,primary parser,keep,Material fitted runtime or timeout importance; grouped curve supplies marginal context.,0.002136513261739666,0.0,0.4445739111988666,0.4336475362333496,0.5501071446417924,1.1514380163754867,1.3323298294632562,3.3812565888111052,,grouped_curves_06.png,1,1,1,1,0,0,0
89,unique_pairs,primary parser,drop,Near-perfect rank duplicate of log_unique_pairs (|rho|=1.000) with lower fitted importance.,0.00013386640280428226,0.0,0.5630749666466763,0.41045770821893185,0.4488319800434379,2.495821547896482,1.6010398295869437,3.4721612502241013,log_unique_pairs,grouped_curves_06.png,0,1,0,0,0,0,0
90,zero_angles,primary parser,drop,Near-perfect rank duplicate of log_zero_angles (|rho|=1.000) with lower fitted importance.,5.42046900240065e-05,0.0004003437124314751,0.38578505382913947,-0.04047852060488285,0.013013187702403983,0.8977864806843774,0.2654863783009016,0.0,log_zero_angles,grouped_curves_06.png,0,0,0,1,0,0,1
91,log_active_qubits,log1p primary transform,drop,Near-perfect rank duplicate of log_dense_log2_bytes (|rho|=1.000) with lower fitted importance.,0.0010180520179853326,0.0,0.4355580327416004,0.5268198563581933,0.3623527870125266,1.5350898631775525,1.7891792308494057,3.4066964832541182,log_dense_log2_bytes,grouped_curves_06.png,0,0,1,0,0,0,0
92,log_barriers,log1p primary transform,keep,Material fitted runtime or timeout importance; grouped curve supplies marginal context.,0.001446647322799133,6.692654369868176e-05,-0.29187531790661303,-0.2068426063644817,-0.5095541520488313,0.7074630028314624,0.5480831815102212,3.2556972726763624,,grouped_curves_06.png,1,1,0,1,0,1,0
93,log_cancel_pairs,log1p primary transform,keep,Material fitted runtime or timeout importance; grouped curve supplies marginal context.,0.011681316105347648,0.00010710791709029496,0.42078175942065976,0.08271512780863231,0.1875070740716015,1.711381855322868,0.11774322469210241,0.0,,grouped_curves_06.png,1,1,1,1,0,1,0
94,log_chi_mid_budget,log1p primary transform,keep,Material fitted runtime or timeout importance; grouped curve supplies marginal context.,0.019344154989381798,0.04374731190709537,0.6614185960695139,0.4904668558698079,0.5534611017865552,3.0346534001659697,2.05926248741732,3.489932264866014,,grouped_curves_06.png,1,1,1,1,1,0,1
95,log_chi_timeline_mid_auc,log1p primary transform,keep,Material fitted runtime or timeout importance; grouped curve supplies marginal context.,0.0014976611489564075,0.0,0.552344146946455,0.474358600359729,0.5791967774658928,1.9661003651486868,1.6608565912480489,3.5476893094090434,,grouped_curves_06.png,1,1,0,1,0,0,0
96,log_chi_timeline_mid_t50,log1p primary transform,drop,Near-perfect rank duplicate of chi_timeline_mid_t50 (|rho|=1.000) with lower fitted importance.,0.0,0.000634913104723,-0.4058828181544999,-0.3559146068552712,-0.450523035266352,1.1047930670346577,1.572042022699483,3.253903255467451,chi_timeline_mid_t50,grouped_curves_06.png,0,0,0,0,0,0,1
97,log_chi_timeline_mid_t90,log1p primary transform,drop,Near-perfect rank duplicate of chi_timeline_mid_t90 (|rho|=1.000) with lower fitted importance.,0.00024924359168813524,0.0010162635136143844,-0.4581812127379767,-0.39422577475995,-0.4838833187787113,1.2014318645504098,1.8235784037002316,3.383017335956696,chi_timeline_mid_t90,grouped_curves_07.png,0,0,1,1,1,0,1
98,log_chi_timeline_peak_auc,log1p primary transform,keep,Material fitted runtime or timeout importance; grouped curve supplies marginal context.,0.0015663221198253076,2.652416109520072e-16,0.5644286654638613,0.4730572391584806,0.5720738583913147,1.7759145676617916,1.6593606761466062,3.550638351538424,,grouped_curves_07.png,1,1,0,1,0,1,0
99,log_chi_timeline_post_mid_sat_twoq,log1p primary transform,drop,Near-perfect rank duplicate of chi_timeline_post_mid_sat_twoq (|rho|=1.000) with lower fitted importance.,0.00024203417438877907,0.0,0.4233249347645639,0.32517180508435073,0.45806246672135886,1.3773266474655217,1.3187906495039143,3.3956192186973304,chi_timeline_post_mid_sat_twoq,grouped_curves_07.png,0,0,1,0,0,0,0
100,log_chi_upper_mean,log1p primary transform,drop,Near-perfect rank duplicate of log_chi_upper_peak (|rho|=0.998) with lower fitted importance.,0.0013812673986567149,0.0,0.5720578934059892,0.46731933827399763,0.5652367040011783,1.7043851292959387,1.6080277474633584,3.470559206458214,log_chi_upper_peak,grouped_curves_07.png,1,1,0,1,0,0,0
101,log_chi_upper_mid,log1p primary transform,keep,Material fitted runtime or timeout importance; grouped curve supplies marginal context.,0.0013352482633011223,0.0,0.5626222366624234,0.4504856862360961,0.5676053866521356,1.7149331538873236,1.5855141504503805,3.460743335117729,,grouped_curves_07.png,1,1,0,1,0,0,0
102,log_chi_upper_peak,log1p primary transform,keep,Material fitted runtime or timeout importance; grouped curve supplies marginal context.,0.0015793022155836335,0.0,0.5770097054450583,0.4613621690306425,0.5674865648972995,1.7150479934278373,1.5816460691797138,3.4717330933953603,,grouped_curves_07.png,1,1,0,1,0,0,0
103,log_clifford,log1p primary transform,keep,Material fitted runtime or timeout importance; grouped curve supplies marginal context.,0.03520164882780495,0.023569074842936275,0.6595351223628775,0.6765913471031355,0.7035602130729096,2.917169821314257,2.481367211675969,3.9720896754935673,,grouped_curves_07.png,1,1,1,1,1,0,1
104,log_component_dense_log2_bytes,log1p primary transform,drop,Near-perfect rank duplicate of log_largest_component (|rho|=1.000) with lower fitted importance.,0.00034019859446225947,4.0155926219433816e-05,0.44564064298483536,0.457814216449838,0.45620083995332816,1.5424553537526358,1.5533342659709939,3.459798587406118,log_largest_component,grouped_curves_07.png,0,1,1,0,0,1,0
105,log_component_dense_over_128gb,log1p primary transform,drop,Near-perfect rank duplicate of component_dense_over_128gb (|rho|=1.000) with lower fitted importance.,0.0015443492470411098,0.0,0.44828087898756563,0.5267371884914251,0.5635292417127252,0.6526350639800107,1.1917098209109835,2.921001702745322,component_dense_over_128gb,grouped_curves_07.png,1,0,0,1,0,0,0
106,log_conditional,log1p primary transform,keep,Material fitted runtime or timeout importance; grouped curve supplies marginal context.,0.01592283241038273,0.0,0.14790810066003277,0.07945567209055672,-0.06856486363275946,0.0,0.0,0.0,,grouped_curves_07.png,1,1,1,1,0,0,0
107,log_custom_calls,log1p primary transform,keep,Material fitted runtime or timeout importance; grouped curve supplies marginal context.,0.0,0.0007076219557511696,-0.11569288525399259,-0.15252850749496552,-0.23449088098794463,0.8793392587793879,0.6745950495116094,2.7405246652345734,,grouped_curves_07.png,0,0,0,0,0,0,1
108,log_custom_definitions,log1p primary transform,keep,Material fitted runtime or timeout importance; grouped curve supplies marginal context.,0.0,0.0009486197262114725,-0.11034228429373,-0.15501945602122355,-0.23782462998719375,0.9450082677331527,0.8275986704614985,2.8414889828444667,,grouped_curves_07.png,0,0,0,0,1,0,1
109,log_dense_log2_bytes,log1p primary transform,keep,Material fitted runtime or timeout importance; grouped curve supplies marginal context.,0.002410910281590564,0.0,0.4351147694622842,0.5262450765553853,0.3623527870125266,1.5317766958988022,1.7891792308494057,3.4066964832541182,,grouped_curves_07.png,1,1,1,1,0,0,0
110,log_dense_over_128gb,log1p primary transform,keep,Material fitted runtime or timeout importance; grouped curve supplies marginal context.,0.005991883583782423,0.0,0.45870105652035775,0.5835234781765922,0.5214125588219838,0.6647126692466587,1.337105656020238,2.878577358515331,,grouped_curves_07.png,1,1,1,1,0,0,0
111,log_depth,log1p primary transform,keep,Material fitted runtime or timeout importance; grouped curve supplies marginal context.,0.0008638377693283587,0.0,0.5968235331808641,0.49706430271624896,0.5720184483713228,2.555652307561278,1.5255072845086266,3.6585128336023915,,grouped_curves_07.png,1,1,0,1,0,0,0
112,log_diagonal,log1p primary transform,keep,Material fitted runtime or timeout importance; grouped curve supplies marginal context.,0.011054474211254491,0.0029918696044190615,0.7541238921693012,0.5881675053079948,0.7213366952507911,2.89087841552754,1.7381272041537605,3.7625614112433814,,grouped_curves_07.png,1,1,1,1,1,1,1
113,log_diagonal_run_frac,log1p primary transform,keep,Material fitted runtime or timeout importance; grouped curve supplies marginal context.,0.004041165730974057,0.0014408622420471354,0.034630192213939995,-0.20062231200149427,-0.015011863038594489,0.9957911354887363,1.5132821476904212,3.1115501488332598,,grouped_curves_08.png,1,1,1,1,0,0,1
114,log_diagonal_run_max,log1p primary transform,keep,Material fitted runtime or timeout importance; grouped curve supplies marginal context.,0.005128110170196764,0.0018309216782120509,0.5354100196981331,0.30113472153225296,0.5588999171326717,1.6972612447349553,1.2468360950743356,3.435876558857501,,grouped_curves_08.png,1,1,1,1,1,0,0
115,log_effective_ops,log1p primary transform,keep,Material fitted runtime or timeout importance; grouped curve supplies marginal context.,0.032256945329822415,0.025010333632877337,0.7236826860869983,0.7074533023665391,0.7898295448770793,3.018331922364807,2.5040704788197377,3.8617645321979523,,grouped_curves_08.png,1,1,1,1,1,0,1
116,log_fingerprint_arithmetic,log1p primary transform,keep,Material fitted runtime or timeout importance; grouped curve supplies marginal context.,0.0013498282635472708,5.354123495908966e-05,-0.16912696469352656,-0.16316739410534772,-0.27762934407608797,0.0,0.0,0.0,,grouped_curves_08.png,1,1,1,1,0,1,0
117,log_fingerprint_ghz,log1p primary transform,keep,Material fitted runtime or timeout importance; grouped curve supplies marginal context.,0.0011046348684386744,4.4584022066796035e-05,0.07840233441346504,-0.15836777531944188,-0.16842489080113593,1.6158967068776695,0.9771193446162667,2.7739821940011637,,grouped_curves_08.png,1,1,0,1,0,1,0
118,log_fingerprint_grover,log1p primary transform,keep,Material fitted runtime or timeout importance; grouped curve supplies marginal context.,0.0015974957796651404,0.0011623246492987952,-0.07748314285402409,-0.09383516732982362,-0.15312384421478067,0.0,0.0,0.0,fingerprint_grover,grouped_curves_08.png,1,1,1,1,0,1,0
119,log_fingerprint_phase_dyadic,log1p primary transform,keep,Material fitted runtime or timeout importance; grouped curve supplies marginal context.,0.0027056718575980752,0.0,0.01734140647567098,-0.17839730365738737,-0.23730121434562843,0.39530706621303435,0.9472629317862864,2.726710299311784,,grouped_curves_08.png,1,0,0,1,0,0,0
120,log_fingerprint_qaoa,log1p primary transform,drop,Near-perfect rank duplicate of fingerprint_qaoa (|rho|=1.000) with lower fitted importance.,0.00016794752293118918,0.0,0.16184525717519543,-0.009895517478994743,-0.0447218347401258,0.37854959245948605,0.40202302575787136,1.3399798345498997,fingerprint_qaoa,grouped_curves_08.png,0,1,0,1,0,0,0
121,log_fingerprint_qft,log1p primary transform,keep,Material fitted runtime or timeout importance; grouped curve supplies marginal context.,0.004271807253747261,0.002047499861542163,0.029126290591306652,-0.14625933242640615,-0.2132854719009346,0.0,0.0,2.093820166800634,,grouped_curves_08.png,1,1,1,1,1,0,1
122,log_fingerprint_random_grid,log1p primary transform,keep,Material fitted runtime or timeout importance; grouped curve supplies marginal context.,0.003798961112129849,0.00759653006287248,-0.20920584052160215,-0.015597795393936952,0.06882884930160763,1.5844860172841213,1.5507242573344568,2.758810316852453,fingerprint_random_grid,grouped_curves_08.png,1,1,1,1,0,0,1
123,log_fingerprint_variational,log1p primary transform,keep,Material fitted runtime or timeout importance; grouped curve supplies marginal context.,0.005512490297430292,0.003381414533538265,0.16830075014726664,0.12601686719448105,0.2347350933958568,0.6411255363334118,0.9886688119623539,3.3498791066687073,fingerprint_variational,grouped_curves_08.png,1,1,1,0,1,0,0
124,log_gate_ccx,log1p primary transform,keep,Material fitted runtime or timeout importance; grouped curve supplies marginal context.,0.00022224081408123717,0.0032671522276524223,-0.10694099121445612,-0.13020831018974638,-0.24704814269124803,0.0,0.0,0.0,,grouped_curves_08.png,0,0,1,0,1,0,0
125,log_gate_cp,log1p primary transform,drop,Near-perfect rank duplicate of gate_cp (|rho|=1.000) with lower fitted importance.,4.633491717010298e-05,0.0,0.09146251452307833,-0.06405203500350158,-0.14671652960079304,0.0,0.0,1.5908347663160178,gate_cp,grouped_curves_08.png,0,0,0,1,0,0,0
126,log_gate_cx,log1p primary transform,keep,Material fitted runtime or timeout importance; grouped curve supplies marginal context.,0.02585340172292797,0.042086074467957854,0.5842923617540792,0.5975202052116731,0.6524839075141281,2.9199307845740354,2.4452645541462994,3.9480401805162537,,grouped_curves_08.png,1,1,1,1,1,0,1
127,log_gate_cz,log1p primary transform,keep,Low fitted importance but a visible within-setting runtime trend; retain pending grouped ablation.,4.977532756743955e-05,0.0,-0.12927052960341273,-0.05132287055861511,-0.12031453872454688,0.0,0.0,0.0,,grouped_curves_08.png,0,0,0,1,0,0,0
128,log_gate_h,log1p primary transform,keep,Material fitted runtime or timeout importance; grouped curve supplies marginal context.,0.011485007253576993,0.04988270755992211,0.2981873097667672,-0.008137959693539963,-0.1258770752575675,2.774927975553169,2.0603462067598906,1.765176886835572,,grouped_curves_08.png,1,1,1,1,1,0,1
129,log_gate_p,log1p primary transform,keep,Low fitted importance but a visible within-setting runtime trend; retain pending grouped ablation.,8.357165884442616e-05,0.0,0.13724170562332438,0.03895343752017649,0.005247647647227855,0.0,0.0,0.0,,grouped_curves_09.png,0,0,0,1,0,0,0
130,log_gate_rx,log1p primary transform,keep,Material fitted runtime or timeout importance; grouped curve supplies marginal context.,0.0001240717099549311,0.0009803033120191255,0.4782678371722821,0.4315418195884627,0.6829318385927101,1.461632301080699,1.203468581234819,3.25750489011172,,grouped_curves_09.png,0,0,0,1,1,0,0
131,log_gate_rz,log1p primary transform,keep,Material fitted runtime or timeout importance; grouped curve supplies marginal context.,0.0022082747629484094,8.031185243866834e-05,0.5423344631551495,0.49147927244110207,0.6920604744399839,2.30254159095001,1.2746622620478367,3.3284720691744907,,grouped_curves_09.png,1,0,1,1,0,1,0
132,log_gate_rzz,log1p primary transform,keep,Material fitted runtime or timeout importance; grouped curve supplies marginal context.,0.001580129820425289,0.0,0.26620234808886334,0.1687020155086571,0.2809366566599364,0.0,0.0,0.0,,grouped_curves_09.png,1,1,1,1,0,0,0
133,log_gate_s,log1p primary transform,keep,Low fitted importance but a visible within-setting runtime trend; retain pending grouped ablation.,0.00031933074833176634,1.3385308739989676e-05,0.31676547528812193,0.5530300904438581,0.5839921659363326,0.8930669407088567,1.2754159914636825,3.188588398880792,,grouped_curves_09.png,0,1,1,0,0,1,0
134,log_gate_t,log1p primary transform,keep,Material fitted runtime or timeout importance; grouped curve supplies marginal context.,0.0009559269449393263,8.031185243847084e-05,0.0671882676300317,0.024715466442733296,-0.004834558623833394,0.0,0.0,0.0,,grouped_curves_09.png,1,0,1,1,0,1,0
135,log_gate_u1,log1p primary transform,keep,Material fitted runtime or timeout importance; grouped curve supplies marginal context.,0.0,0.0013459427434775147,0.04224123390998765,-0.012142435835063841,-0.05681243578522531,0.0,0.0,0.0,,grouped_curves_09.png,0,0,0,0,1,0,0
136,log_gate_u2,log1p primary transform,keep,Low fitted importance but a visible within-setting runtime trend; retain pending grouped ablation.,0.00025127946833904737,0.0,0.15889734604427336,0.4123382208500749,0.4842999603164153,0.3744170311679182,1.0467226145006356,3.1270239886160085,,grouped_curves_09.png,0,1,0,0,0,0,0
137,log_gate_u3,log1p primary transform,keep,Low fitted importance but a visible within-setting runtime trend; retain pending grouped ablation.,0.00042910320327729513,0.0,0.08540301713027505,0.41688069891223345,0.4866815892378669,0.5806391079395696,1.0749090123367286,3.093738481909569,,grouped_curves_09.png,0,1,1,0,0,0,0
138,log_gate_x,log1p primary transform,keep,Material fitted runtime or timeout importance; grouped curve supplies marginal context.,0.0051243539077664695,0.07462024197272109,-0.0076387862558188946,-0.12842250775816688,-0.2226357225938414,0.3560963188494197,0.6873685274967176,1.6167319203646169,,grouped_curves_09.png,1,1,1,1,1,0,0
139,log_graph_cutwidth_original,log1p primary transform,keep,Material fitted runtime or timeout importance; grouped curve supplies marginal context.,0.0085677700715258,0.0055474297552562885,0.6864215156246755,0.4406983606831289,0.5565992821973137,2.876599106903627,2.130154631213763,3.536708499230231,,grouped_curves_09.png,1,1,1,1,1,0,1
140,log_graph_cutwidth_rcm,log1p primary transform,keep,Material fitted runtime or timeout importance; grouped curve supplies marginal context.,0.004662175114399289,0.004713206229341738,0.6933670156967331,0.4817268946157579,0.6031706028184703,2.8481998804209763,2.1171783626875893,3.433862122252809,,grouped_curves_09.png,1,1,1,1,1,1,1
141,log_graph_degree_entropy,log1p primary transform,keep,Material fitted runtime or timeout importance; grouped curve supplies marginal context.,0.0050292732726687755,0.0,0.0497481238547754,0.20226853388809626,0.06973514284975665,0.9234891105518767,1.5279735359439477,3.459607780610801,graph_degree_entropy,grouped_curves_09.png,1,1,1,1,0,0,0
142,log_graph_density,log1p primary transform,drop,Near-perfect rank duplicate of graph_density (|rho|=1.000) with lower fitted importance.,0.0009530438301818556,0.0,0.09584815480404649,-0.2427371556987801,-0.0740338098996898,1.258094425776044,1.554382163675677,3.368525252893071,graph_density,grouped_curves_09.png,1,0,1,1,0,0,0
143,log_graph_mean_cut_original,log1p primary transform,keep,Material fitted runtime or timeout importance; grouped curve supplies marginal context.,0.004321205071867821,2.7135112480705414e-05,0.7260539448448383,0.47301367985677173,0.6382326874118627,2.823027962151745,1.7636385798478382,3.541573176888997,,grouped_curves_09.png,1,1,0,1,0,0,1
144,log_graph_mean_cut_rcm,log1p primary transform,keep,Material fitted runtime or timeout importance; grouped curve supplies marginal context.,0.002573665511318703,0.0,0.7073468537067656,0.5051027245725165,0.6414387837852785,2.7837638028946463,1.7179335965112885,3.480838864298936,,grouped_curves_09.png,1,1,0,1,0,0,0
145,log_graph_mindegree_available,log1p primary transform,keep,Low fitted importance but a visible within-setting runtime trend; retain pending grouped ablation.,0.00023519887422878736,0.0,-0.11882367267758355,-0.15597583632197848,0.053046587443074014,0.3543665232530815,0.17398566066856125,1.277646640767562,,grouped_curves_10.png,0,0,1,0,0,0,0
146,log_graph_mindegree_width,log1p primary transform,drop,Near-perfect rank duplicate of graph_mindegree_width (|rho|=1.000) with lower fitted importance.,0.0002344742702222624,0.0,0.2879592598195414,0.11670220806510424,0.3910267206977542,1.4637376205264856,1.5901552984453997,3.449505272951966,graph_mindegree_width,grouped_curves_10.png,0,0,1,1,0,0,0
147,log_graph_rcm_gain,log1p primary transform,keep,Material fitted runtime or timeout importance; grouped curve supplies marginal context.,0.0023866569172657057,4.470219901114605e-05,0.08381128602581726,-0.27839735036472224,-0.22834877294791261,0.10698687200114859,1.1634744357172038,2.89979210990559,,grouped_curves_10.png,1,1,1,1,0,1,0
148,log_graph_span_rcm,log1p primary transform,keep,Material fitted runtime or timeout importance; grouped curve supplies marginal context.,0.000976494410451349,0.000988143044433638,0.5084033686975593,0.28526163225886925,0.4273848932711535,2.1576274572682004,1.6617128704719546,3.4342384521914533,,grouped_curves_10.png,1,0,1,0,1,0,0
149,log_largest_component,log1p primary transform,keep,Material fitted runtime or timeout importance; grouped curve supplies marginal context.,0.0008253021523289573,2.2351195714332334e-05,0.44564064298483536,0.457814216449838,0.45620083995332816,1.5424553537526358,1.5533342659709939,3.459798587406118,,grouped_curves_10.png,1,1,0,1,0,1,0
150,log_late_new_pair_ratio,log1p primary transform,keep,Material fitted runtime or timeout importance; grouped curve supplies marginal context.,0.0004264740685307407,0.00240287014138858,0.010590146469266749,-0.23637827473902073,-0.19726185779246852,0.3229235051425784,1.1949948634738734,2.687860838532851,late_new_pair_ratio,grouped_curves_10.png,0,1,1,1,1,1,1
151,log_liveness_mean_span,log1p primary transform,keep,Low fitted importance but a visible within-setting runtime trend; retain pending grouped ablation.,0.00013961737721087154,0.00012716219634213146,0.3474043479233121,0.4570166283347004,0.5444919098548326,0.9578064486385179,1.217775207044078,3.220334073349637,,grouped_curves_10.png,0,0,0,1,0,1,1
152,log_liveness_mean_window,log1p primary transform,keep,Material fitted runtime or timeout importance; grouped curve supplies marginal context.,0.008909083352620485,0.0,0.5015845121019475,0.6307365307073151,0.5229059008842037,2.1003496238757227,1.941948324379939,3.552693030415326,,grouped_curves_10.png,1,1,1,1,0,0,0
153,log_liveness_peak_window,log1p primary transform,keep,Material fitted runtime or timeout importance; grouped curve supplies marginal context.,0.0016771257986260262,0.0,0.4805583482841502,0.5197822703390814,0.3930676310918379,1.5927660327908524,1.7839690846099607,3.4152369282018897,,grouped_curves_10.png,1,1,1,1,0,0,0
154,log_max_degree,log1p primary transform,keep,Material fitted runtime or timeout importance; grouped curve supplies marginal context.,0.001940695461573771,0.0,0.27952950847079805,0.013208572209195774,-0.029700069834351674,1.6992550831574205,1.5420334031740008,3.2463566112732214,,grouped_curves_10.png,1,0,1,1,0,0,0
155,log_max_span,log1p primary transform,keep,Low fitted importance but a visible within-setting runtime trend; retain pending grouped ablation.,0.00037259769509872447,0.0,0.49908688364313203,0.2236047313185934,0.29873072231395165,1.732594559700899,1.5343479751869094,3.5068256845510675,,grouped_curves_10.png,0,0,1,0,0,0,0
156,log_mean_degree,log1p primary transform,keep,Material fitted runtime or timeout importance; grouped curve supplies marginal context.,0.0018822607115664372,0.0,0.446735468771123,0.18448662001945432,0.2727571619479757,2.51889563808313,1.5725376728148432,3.4232575204035802,,grouped_curves_10.png,1,1,1,1,0,0,0
157,log_measurement_early_frac,log1p primary transform,keep,Material fitted runtime or timeout importance; grouped curve supplies marginal context.,0.002517302326548768,0.0,-0.06012362286202713,0.009725460339051514,-0.1635434343267427,0.0,0.0,0.0,,grouped_curves_10.png,1,1,1,1,0,0,0
158,log_measurements,log1p primary transform,keep,Material fitted runtime or timeout importance; grouped curve supplies marginal context.,0.0036777186380267182,0.0,-0.275499611205267,-0.18544801241344444,-0.5144553129130451,1.1012946506343708,1.62983332544932,3.3201959779981944,,grouped_curves_10.png,1,1,1,1,0,0,0
159,log_multi_q,log1p primary transform,keep,Material fitted runtime or timeout importance; grouped curve supplies marginal context.,0.000220141531979929,0.003237352132729952,-0.13696857197627524,-0.13142450569439248,-0.24826447320398382,0.0,0.0,0.0,,grouped_curves_10.png,0,0,1,0,1,1,0
160,log_n_qubits,log1p primary transform,keep,Material fitted runtime or timeout importance; grouped curve supplies marginal context.,0.002276819278803322,0.0,0.4351147694622842,0.5262450765553853,0.3623527870125266,1.5317766958988022,1.7891792308494057,3.4066964832541182,log_dense_log2_bytes,grouped_curves_10.png,1,1,1,1,0,0,0
161,log_nonclifford,log1p primary transform,keep,Material fitted runtime or timeout importance; grouped curve supplies marginal context.,0.023964243337354467,0.008253703420136786,0.7255073602922878,0.6797085708548392,0.743180354627902,2.921936967084255,1.8261423788085613,3.7522348749784564,,grouped_curves_11.png,1,1,1,1,1,0,1
162,log_one_q,log1p primary transform,keep,Material fitted runtime or timeout importance; grouped curve supplies marginal context.,0.018824760431595675,0.012654392475364392,0.6947952296160844,0.6988334190894767,0.7540078130003692,2.8735788747151894,2.199033037077249,3.7856588599328447,,grouped_curves_11.png,1,1,1,1,1,0,1
163,log_ops,log1p primary transform,keep,Material fitted runtime or timeout importance; grouped curve supplies marginal context.,0.04927216875000079,0.03981793197032952,0.7684178481618091,0.732896787955654,0.7882902765669286,3.0506889544774687,2.681833917086062,4.189653658356383,,grouped_curves_11.png,1,1,1,1,1,0,1
164,log_pair_reuse,log1p primary transform,keep,Material fitted runtime or timeout importance; grouped curve supplies marginal context.,0.00043956670631514034,0.009891326061015301,0.4378594740337603,0.4389993018381858,0.4515053450235126,2.526996945670287,1.8135821959240923,3.4745665696950296,,grouped_curves_11.png,1,0,0,0,1,0,0
165,log_peak_window_twoq,log1p primary transform,drop,Near-perfect rank duplicate of peak_window_twoq (|rho|=1.000) with lower fitted importance.,0.00016360601934759222,0.0,-0.5091724898198167,-0.49470280543769884,-0.6205901882258561,1.7349092013281426,1.8412480315684765,3.6695760187126947,peak_window_twoq,grouped_curves_11.png,0,1,0,0,0,0,0
166,log_qasm_bytes,log1p primary transform,keep,Material fitted runtime or timeout importance; grouped curve supplies marginal context.,0.03336063305382267,0.016266155291102546,0.7916316409359411,0.7067511571374779,0.7903102879238152,2.894358360885324,2.2063319034738234,3.74584420642012,,grouped_curves_11.png,1,1,1,1,1,0,1
167,log_random_angle_entropy,log1p primary transform,keep,Material fitted runtime or timeout importance; grouped curve supplies marginal context.,0.0010199518889673024,0.0005030697678400608,0.16220701033696625,0.15985668307970086,0.2891936635949506,1.3146853885401852,1.0774906999047407,3.346085472236955,,grouped_curves_11.png,1,1,1,1,1,1,0
168,log_random_bigram_entropy,log1p primary transform,keep,Material fitted runtime or timeout importance; grouped curve supplies marginal context.,0.001209426995481994,0.0,-0.20003488412073345,-0.039750357550624324,0.013500073855717937,1.2199372153166166,1.3948458224566957,3.3296121485294528,,grouped_curves_11.png,1,1,1,0,0,0,0
169,log_random_gate_entropy,log1p primary transform,keep,Low fitted importance but a visible within-setting runtime trend; retain pending grouped ablation.,0.00012230478207252656,8.04639582198651e-05,-0.1246418501958928,0.07867252286352452,0.1265258191979589,1.2341421496123672,1.468836759082722,3.4121683232432893,,grouped_curves_11.png,0,1,0,0,0,1,0
170,log_random_pair_entropy,log1p primary transform,keep,Low fitted importance but a visible within-setting runtime trend; retain pending grouped ablation.,0.00034463784528352624,0.0,-0.10573862856061052,0.11953790323328868,0.10410089415074426,0.9557563886556638,1.2853029918374104,3.276371236125289,,grouped_curves_11.png,0,1,1,0,0,0,0
171,log_random_window_entropy,log1p primary transform,drop,Near-perfect rank duplicate of random_window_entropy (|rho|=1.000) with lower fitted importance.,0.0002922773980759314,0.0,0.3055361849191527,0.3907804143751243,0.4995500062390741,1.0507579018254385,1.5913493045253375,3.360118775791859,random_window_entropy,grouped_curves_11.png,0,0,1,0,0,0,0
172,log_randomness_proxy,log1p primary transform,keep,Low fitted importance but a visible within-setting runtime trend; retain pending grouped ablation.,0.0004783522380905303,3.249835030467983e-05,0.06654215399208671,0.2574574629601491,0.34739720677009356,1.1786136513143721,1.4035570441401715,3.319890573861859,,grouped_curves_11.png,0,1,1,1,0,0,1
173,log_reset_early_frac,log1p primary transform,keep,Material fitted runtime or timeout importance; grouped curve supplies marginal context.,0.0024123921090935052,0.061599218876354715,0.19498242533927035,0.19356957904233607,,0.0,0.0,0.0,log_resets,grouped_curves_11.png,1,1,1,0,1,1,0
174,log_resets,log1p primary transform,keep,Material fitted runtime or timeout importance; grouped curve supplies marginal context.,0.0020563112639395515,0.1527804209008818,0.19501876664759363,0.19367821023685924,,0.0,0.0,0.0,,grouped_curves_11.png,1,1,1,0,1,1,0
175,log_rotation_folds,log1p primary transform,keep,Material fitted runtime or timeout importance; grouped curve supplies marginal context.,0.0016687033179433692,0.0,0.3991371145150692,0.05013874802526056,0.21330970503397442,1.074366906209029,0.08037690771812556,0.0,,grouped_curves_11.png,1,1,1,1,0,0,0
176,log_small_angles,log1p primary transform,keep,Material fitted runtime or timeout importance; grouped curve supplies marginal context.,0.0015414047487805026,0.0,0.558720062763882,0.4029041945644652,0.517203419722789,2.467116355070371,1.0670566373429538,3.2894902136778477,,grouped_curves_11.png,1,1,1,1,0,0,0
177,log_two_depth,log1p primary transform,keep,Material fitted runtime or timeout importance; grouped curve supplies marginal context.,0.0016362680572196892,0.0,0.5443389752274511,0.4394782609132519,0.4310270828567953,2.6252344492924857,1.6060620097894713,3.507952442053088,,grouped_curves_12.png,1,1,0,1,0,0,0
178,log_two_q,log1p primary transform,keep,Material fitted runtime or timeout importance; grouped curve supplies marginal context.,0.03244712532747965,0.03143170706543133,0.7772099002510265,0.6602243037692205,0.7720638694468138,3.032639260639324,2.4406255561728893,4.150061497206087,,grouped_curves_12.png,1,1,1,1,1,0,1
179,log_twoq_window_2,log1p primary transform,drop,Near-perfect rank duplicate of twoq_window_2 (|rho|=1.000) with lower fitted importance.,0.00010614894915055507,0.0,-0.012876932484365361,-0.11132867444682978,0.02910352663729203,2.027379300136551,1.447136838241797,3.423779428952609,twoq_window_2,grouped_curves_12.png,0,0,0,1,0,0,0
180,log_twoq_window_3,log1p primary transform,keep,Low fitted importance but a visible within-setting runtime trend; retain pending grouped ablation.,0.00029410653516283053,0.0,-0.0356778308297945,-0.24001994881214941,-0.11220713715246373,1.6405205213930407,1.6980852649780864,3.43635653914476,,grouped_curves_12.png,0,0,1,0,0,0,0
181,log_twoq_window_4,log1p primary transform,keep,Low fitted importance but a visible within-setting runtime trend; retain pending grouped ablation.,6.866763700226775e-05,2.5447172377010366e-08,0.11781796910742046,0.0030288094416151103,0.197516008454527,1.0831672152052223,1.773990644748825,3.312365189473482,,grouped_curves_12.png,0,0,0,1,0,1,0
182,log_twoq_window_6,log1p primary transform,keep,Low fitted importance but a visible within-setting runtime trend; retain pending grouped ablation.,0.0,0.00019217921708796366,0.3371755590149388,0.1876837121639746,0.31020339683707693,1.1970916845224457,1.2741829341216675,3.4390943033950423,,grouped_curves_12.png,0,0,0,0,0,0,1
183,log_twoq_window_7,log1p primary transform,drop,Near-perfect rank duplicate of twoq_window_7 (|rho|=1.000) with lower fitted importance.,0.0018212154888069222,0.0,0.4445739111988666,0.4336475362333496,0.5501071446417924,1.1514380163754867,1.3323298294632562,3.3812565888111052,twoq_window_7,grouped_curves_12.png,1,1,1,1,0,0,0
184,log_unique_pairs,log1p primary transform,keep,Material fitted runtime or timeout importance; grouped curve supplies marginal context.,0.0014390431362746512,0.0018797727165277569,0.5630749666466763,0.41045770821893185,0.4488319800434379,2.495821547896482,1.6010398295869437,3.4721612502241013,,grouped_curves_12.png,1,1,1,0,1,0,0
185,log_zero_angles,log1p primary transform,keep,Material fitted runtime or timeout importance; grouped curve supplies marginal context.,0.005021376393585292,0.0008027998982548515,0.38578505382913947,-0.04047852060488285,0.013013187702403983,0.8977864806843774,0.2654863783009016,0.0,,grouped_curves_12.png,1,1,1,1,0,0,1
186,threshold,simulator setting,drop,Replaced by categorical one-hot setting; the ordinal encoding adds an unjustified distance.,0.03342040553454273,0.0,,,,0.0,0.0,0.0,,grouped_curves_12.png,1,0,0,0,0,0,0
187,log_threshold,simulator setting,drop,Replaced by categorical one-hot setting; the ordinal encoding adds an unjustified distance.,0.019893892979891418,0.0,,,,0.0,0.0,0.0,threshold,grouped_curves_12.png,1,0,0,0,0,0,0
188,chi_walk_cost_overhead,angle-aware chi walk,keep,Material fitted runtime or timeout importance; grouped curve supplies marginal context.,0.07584284930108941,0.004210558754931543,0.7529446336217128,0.5983435544950487,0.7338780464017503,2.8774069808170135,2.0267046475195625,3.604767207177889,,grouped_curves_12.png,1,1,1,1,0,0,1
189,chi_walk_entangling_frac,angle-aware chi walk,keep,Material fitted runtime or timeout importance; grouped curve supplies marginal context.,0.005022269268014801,0.0,0.07935033539702106,0.3440607023764122,0.44595003620520546,0.9485814571968108,1.42052374309602,3.2029232261893545,,grouped_curves_12.png,1,1,1,1,0,0,0
190,chi_walk_max_logchi,angle-aware chi walk,keep,Material fitted runtime or timeout importance; grouped curve supplies marginal context.,0.036271887591808216,0.0,0.42491464020015507,0.411976951477215,0.6560538886736924,1.0221685877136282,1.540090237230653,3.2631850192421865,,grouped_curves_12.png,1,0,0,1,0,0,0
191,chi_walk_sat_frac,angle-aware chi walk,keep,Material fitted runtime or timeout importance; grouped curve supplies marginal context.,0.010307323034082362,0.0,0.7186753319762109,0.5448328177416312,0.7153675800155012,2.670839617520362,1.528178169711615,3.4400715157753057,,grouped_curves_12.png,1,1,1,1,0,0,0
192,chi_walk_sat_start,angle-aware chi walk,keep,Material fitted runtime or timeout importance; grouped curve supplies marginal context.,0.13677570520838636,0.009440645403086687,-0.7254411197864626,-0.7076862925481753,-0.8476172525942316,2.8677871592893363,2.2437670142790545,3.7828191071730206,,grouped_curves_12.png,1,1,1,1,1,0,1
193,chi_walk_links_at_cap,angle-aware chi walk,keep,Material fitted runtime or timeout importance; grouped curve supplies marginal context.,0.004212112133139583,0.0,0.5958658568188873,0.5311877474305867,0.6823100053903187,1.7361019992469842,1.6499741659352773,3.404878991489065,,grouped_curves_13.png,1,1,1,1,0,0,0
194,chi_walk_extrapolated,angle-aware chi walk,keep,Low fitted importance but a visible within-setting runtime trend; retain pending grouped ablation.,0.0,8.987326487818803e-06,0.22973273538425792,0.20550749697807932,0.20847453779610298,0.0,0.0,0.0,,grouped_curves_13.png,0,0,0,0,1,0,0
195,chi_walk_available,angle-aware chi walk,keep,Low fitted importance but a visible within-setting runtime trend; retain pending grouped ablation.,0.0,0.00017831239810750087,-0.14452201602561585,-0.14078282991402077,-0.15507256129218336,0.0,0.0,0.0,,grouped_curves_13.png,0,0,0,0,0,0,1
196,chi_walk_rot_near_zero,angle-aware chi walk,keep,Material fitted runtime or timeout importance; grouped curve supplies marginal context.,0.0005435533434919454,0.00022678747581813204,0.4256234678161136,0.41963951229221685,0.6068460130954689,1.4454536480765428,1.2059823415548012,3.195507340262753,,grouped_curves_13.png,0,1,1,1,0,0,1
197,chi_walk_rot_near_frac,angle-aware chi walk,keep,Material fitted runtime or timeout importance; grouped curve supplies marginal context.,0.004678724694736342,0.0,0.20165925031384216,0.18878152926792177,0.29918505332829326,1.392101245827743,1.1068474561006245,2.978862277224128,,grouped_curves_13.png,1,0,1,0,0,0,0
198,chi_walk_rot_mixing_mean,angle-aware chi walk,keep,Material fitted runtime or timeout importance; grouped curve supplies marginal context.,0.004042695738235802,0.0031582712554088324,0.14465552608276414,0.3216056643835408,0.3557522805102328,0.5361361133528366,1.2767026856438446,2.8646520529185486,,grouped_curves_13.png,1,0,1,1,1,0,0
199,extended__angle_abs_over_pi_max,secondary scanner,keep,Low fitted importance but a visible within-setting runtime trend; retain pending grouped ablation.,0.00012073778972567603,9.36971611781953e-05,0.32788102469717745,0.354726414570166,0.46971241593648555,1.3884056511705276,1.292642627467475,3.3949813205922545,,grouped_curves_13.png,0,0,0,1,0,1,0
200,extended__angle_abs_over_pi_mean,secondary scanner,keep,Low fitted importance but a visible within-setting runtime trend; retain pending grouped ablation.,0.00034601490491581086,0.0,0.31499508797637904,0.19275736315831288,0.3278624322358478,1.3797260176878718,1.2403176708249675,3.3070337229954454,,grouped_curves_13.png,0,0,1,1,0,0,0
201,extended__angle_abs_over_pi_std,secondary scanner,keep,Low fitted importance but a visible within-setting runtime trend; retain pending grouped ablation.,7.257236506210367e-05,0.0,0.2731707669559419,0.27739963787331484,0.3842176545540306,1.545102744678633,1.355086325578621,3.3782869616827607,,grouped_curves_13.png,0,0,0,1,0,0,0
202,extended__angle_clifford_fraction,secondary scanner,keep,Material fitted runtime or timeout importance; grouped curve supplies marginal context.,0.003957623689297998,0.00029898367800626334,0.28671431778537954,0.2510762440293339,0.2967921592557888,0.9656262114472081,1.0850575189351976,3.280030199018668,,grouped_curves_13.png,0,1,1,1,0,0,1
203,extended__angle_distinct_count,secondary scanner,keep,Material fitted runtime or timeout importance; grouped curve supplies marginal context.,0.0012598785909180917,0.01011731843204503,0.418363951142943,0.547725433283715,0.6148782225267042,1.0320995858851965,1.3986545033784403,3.4462665210835812,,grouped_curves_13.png,0,1,1,1,0,1,1
204,extended__angle_distinct_overflow,secondary scanner,keep,Material fitted runtime or timeout importance; grouped curve supplies marginal context.,0.0001889739177509678,0.005936863154854126,0.13849050203140637,0.15668671760774477,0.17119770875307747,1.9271238445413765,1.9754601518737473,2.1941342670989217,,grouped_curves_13.png,0,0,1,0,0,0,1
205,extended__angle_expression_count,secondary scanner,keep,Material fitted runtime or timeout importance; grouped curve supplies marginal context.,0.0015171590864944578,0.00018773574281664401,0.611573520203045,0.6024668088158975,0.7147065350690949,1.2099740148326519,1.4945862394675535,3.567900766319468,,grouped_curves_13.png,0,1,1,1,0,1,1
206,extended__angle_generic_fraction,secondary scanner,keep,Material fitted runtime or timeout importance; grouped curve supplies marginal context.,0.003018324019119013,0.0038794266609954403,0.1836281182379827,0.08777268410541984,0.1513903591606114,1.0344499947120889,1.5654071067865156,3.3096391582568736,,grouped_curves_13.png,0,1,1,1,0,1,1
207,extended__angle_mod_two_pi_distance_mean,secondary scanner,keep,Material fitted runtime or timeout importance; grouped curve supplies marginal context.,0.0006289081611548658,5.2797040105848516e-05,0.12418951762551891,0.27634674531803305,0.24318090802312878,0.9649874701874891,1.6760611429072354,3.346203011065226,,grouped_curves_13.png,0,1,1,1,0,1,1
208,extended__angle_negative_fraction,secondary scanner,keep,Material fitted runtime or timeout importance; grouped curve supplies marginal context.,0.0008093383031479369,1.3385308740121637e-05,-0.1400696309865799,-0.17903979896333952,-0.35596776006049696,0.8365090587749112,0.6781791320531705,2.901793188991016,,grouped_curves_13.png,0,1,0,1,0,1,0
209,extended__angle_numeric_count,secondary scanner,drop,Near-perfect rank duplicate of extended__angle_expression_count (|rho|=1.000) with lower fitted importance.,0.0011092818627372978,6.238074832657124e-05,0.6167684066617314,0.6019902175071364,0.7151662531817139,1.2118934686720175,1.4945862394675535,3.567900766319468,extended__angle_expression_count,grouped_curves_14.png,0,1,1,1,0,1,0
210,extended__angle_numeric_fraction,secondary scanner,keep,Material fitted runtime or timeout importance; grouped curve supplies marginal context.,0.0007403872693574028,2.6770617479710778e-05,0.27393278068148663,-0.0043023647625780375,0.028044645662291375,0.8802858464801129,1.0349472110216709,2.208274559202197,,grouped_curves_14.png,0,1,1,1,0,1,0
211,extended__angle_quarter_turn_fraction,secondary scanner,keep,Material fitted runtime or timeout importance; grouped curve supplies marginal context.,0.007895145836549917,0.0013276370102403168,0.21496620397272975,0.2024455558443468,0.22317966379286885,1.1234866879903298,1.0451020336082688,3.306566707768754,,grouped_curves_14.png,0,1,1,1,1,0,1
212,extended__angle_symbolic_count,secondary scanner,keep,Low fitted importance but a visible within-setting runtime trend; retain pending grouped ablation.,0.00019419358653456097,0.0,0.1985795481664379,0.5141522574351626,0.6016230763338488,0.6886574536911234,1.0987994801044352,3.2095218348209906,,grouped_curves_14.png,0,0,1,0,0,0,0
213,extended__angle_t_like_fraction,secondary scanner,keep,Material fitted runtime or timeout importance; grouped curve supplies marginal context.,0.0006323223074042538,0.0006404517819468987,0.10165394701705234,0.14236033922940697,0.18296551353808785,0.9345099239403587,1.196302183605724,2.7925691788739937,,grouped_curves_14.png,0,1,1,1,0,0,1
214,extended__angle_value_entropy,secondary scanner,keep,Material fitted runtime or timeout importance; grouped curve supplies marginal context.,0.000624520475453649,0.002105531562583854,0.2663853138154991,0.38953053295921136,0.3957702811576299,0.988990505854747,1.307543010780059,3.3054523345183853,,grouped_curves_14.png,0,1,1,1,0,1,1
215,extended__angle_value_entropy_normalized,secondary scanner,keep,Material fitted runtime or timeout importance; grouped curve supplies marginal context.,0.0006998192485530171,4.015592621943458e-05,-0.07750307724966472,-0.15238233867609383,-0.21485276138858322,1.016877436967546,1.3227630463278677,3.370168318797884,,grouped_curves_14.png,0,1,1,1,0,1,0
216,extended__angle_zero_mod_two_pi_fraction,secondary scanner,keep,Material fitted runtime or timeout importance; grouped curve supplies marginal context.,0.00043647725958794923,0.0015881304390334462,0.3279931563641137,0.36613540039842785,0.34930237050909513,1.1907131880230453,1.093060332819257,3.3863001331358413,,grouped_curves_14.png,0,1,1,1,0,0,1
217,extended__approx_treewidth,secondary scanner,keep,Low fitted importance but a visible within-setting runtime trend; retain pending grouped ablation.,0.0004538905030949995,0.00037675313541289305,0.4191648705614283,0.17656968380989843,0.40048070428744426,1.5665050056593128,1.5221903106876058,3.427301021348999,,grouped_curves_14.png,0,1,1,0,1,0,1
218,extended__barrier_count,secondary scanner,drop,Near-perfect rank duplicate of log_barriers (|rho|=1.000) with lower fitted importance.,0.0002468750539192093,0.00020077963109611213,-0.29224093890479874,-0.2082159941132818,-0.5095541520488313,0.7074630028314624,0.5480831815102212,3.2556972726763624,log_barriers,grouped_curves_14.png,0,1,0,1,0,1,0
219,extended__circuit_depth,secondary scanner,keep,Material fitted runtime or timeout importance; grouped curve supplies marginal context.,0.00020053635031344822,0.002074707558903307,0.6540305019172927,0.5385487902688394,0.6105111246137915,2.648559734928594,1.777086857514905,3.6760666069306285,,grouped_curves_14.png,0,1,0,0,1,0,0
220,extended__classical_register_count,secondary scanner,keep,Low fitted importance but a visible within-setting runtime trend; retain pending grouped ablation.,0.0003569061695806292,0.00012905710286751233,-0.3660006659094046,-0.3281605763452556,-0.6029222108361898,0.8486007084179077,0.1525773734457404,3.2562479753432942,,grouped_curves_14.png,0,1,0,1,0,1,0
221,extended__coarse_unclassified_semicolon_count,secondary scanner,keep,Low fitted importance but a visible within-setting runtime trend; retain pending grouped ablation.,0.0,7.465546126562586e-05,0.3400530219468813,0.29966589663506793,0.2585768535576401,3.2338583064481674,2.543999793985112,2.1837564225416592,,grouped_curves_14.png,0,0,0,0,0,0,1
222,extended__custom_expanded_gate_count_proxy,secondary scanner,keep,Material fitted runtime or timeout importance; grouped curve supplies marginal context.,0.0016932031118514217,0.004516411199878422,0.7661384015499537,0.7308542600182651,0.7871074960863522,3.0505330087968776,2.666312215094132,3.862653891666016,log_ops,grouped_curves_14.png,0,1,1,1,1,0,1
223,extended__custom_expanded_parameter_count_proxy,secondary scanner,keep,Material fitted runtime or timeout importance; grouped curve supplies marginal context.,0.0005717089283812894,4.015592621923489e-05,0.6426717131235786,0.6240619767676413,0.7432105708492618,2.535700517197591,1.6077529163068438,3.6823815830651356,,grouped_curves_14.png,0,1,1,1,0,1,0
224,extended__custom_expanded_two_qubit_fraction,secondary scanner,keep,Material fitted runtime or timeout importance; grouped curve supplies marginal context.,0.0003867455984708962,0.0014980750807382687,-0.03316867756283255,-0.1936834140836282,-0.2094179733630088,1.1528699825177653,1.1155344640814873,3.380777671427885,,grouped_curves_14.png,0,1,1,1,1,1,0
225,extended__custom_expanded_two_qubit_gate_count_proxy,secondary scanner,keep,Material fitted runtime or timeout importance; grouped curve supplies marginal context.,0.0011911072160431225,0.0016065000676082825,0.7402341774560858,0.6462868483002454,0.7354087994480983,2.8717788390424435,2.2660322602910163,3.8661400889540216,,grouped_curves_15.png,0,1,0,1,0,0,1
226,extended__custom_gate_invocation_count,secondary scanner,keep,Material fitted runtime or timeout importance; grouped curve supplies marginal context.,0.0006622895432462929,0.004603621042369854,-0.12831829880644674,-0.16921623172362954,-0.24518301983537466,0.8847312059875331,0.6322290089374283,2.7814975913177156,,grouped_curves_15.png,0,1,1,0,0,0,1
227,extended__cut_crossings_active_fraction,secondary scanner,keep,Low fitted importance but a visible within-setting runtime trend; retain pending grouped ablation.,0.00014109766303043301,0.0,-0.026113660552850443,0.06620202781686833,0.12822089591022653,0.5398737467984911,0.36687862957275263,2.7885493032582915,,grouped_curves_15.png,0,0,0,1,0,0,0
228,extended__cut_crossings_max,secondary scanner,keep,Low fitted importance but a visible within-setting runtime trend; retain pending grouped ablation.,0.00045187163249054633,0.0,0.5020471684685147,0.2947558671513874,0.5100064748222297,2.0748777189698617,1.3730651460279752,3.488726508314048,,grouped_curves_15.png,0,1,0,0,0,0,0
229,extended__cut_crossings_max_fraction,secondary scanner,keep,Material fitted runtime or timeout importance; grouped curve supplies marginal context.,0.0019279881004066676,2.6497060040327145e-16,-0.09431569232838978,-0.4327465219318592,-0.3107954124187723,0.99386235304416,1.5175257316349366,3.4217250271312336,,grouped_curves_15.png,0,0,1,1,0,1,0
230,extended__cut_crossings_mean,secondary scanner,keep,Low fitted importance but a visible within-setting runtime trend; retain pending grouped ablation.,0.0004852993443332533,0.0,0.5064855835825174,0.32314111381996813,0.523072030369578,2.080752838031854,1.4306877735148167,3.4761779359149614,,grouped_curves_15.png,0,1,0,0,0,0,0
231,extended__cut_crossings_std,secondary scanner,keep,Material fitted runtime or timeout importance; grouped curve supplies marginal context.,0.0008964209137307495,0.0,0.5214197372222378,0.2965018188151763,0.5200756951189157,2.068017822830689,1.5791383702117656,3.456325037732421,,grouped_curves_15.png,0,1,0,0,0,0,0
232,extended__dag_density,secondary scanner,keep,Material fitted runtime or timeout importance; grouped curve supplies marginal context.,0.0012207853897881677,0.0,-0.7182182662839173,-0.7370665608503977,-0.7688946100881048,2.851898775638493,2.1908700166684696,3.7131160335085927,,grouped_curves_15.png,0,1,1,1,0,0,0
233,extended__dag_dependency_edge_count,secondary scanner,keep,Material fitted runtime or timeout importance; grouped curve supplies marginal context.,0.0017137701819315142,0.0001825983176997325,0.5344452561108877,0.5143744466794337,0.638840441686244,2.0486389413786683,1.8046627553726842,3.5749541969033096,,grouped_curves_15.png,0,1,1,1,0,0,1
234,extended__dag_layer_utilization,secondary scanner,keep,Material fitted runtime or timeout importance; grouped curve supplies marginal context.,0.0016094585926620358,0.0011838591658746127,0.30720824826192283,0.4132969336811375,0.6641971690687759,1.3498665819420628,1.352513371576678,3.477680193259115,,grouped_curves_15.png,0,1,1,1,0,0,1
235,extended__dag_max_layer_width,secondary scanner,keep,Material fitted runtime or timeout importance; grouped curve supplies marginal context.,0.0010061476886394493,3.576175920918345e-05,0.36373578470173534,0.377614166749754,0.4161528282210203,1.7076817599434997,1.6373588742716292,3.5108524629736375,,grouped_curves_15.png,0,1,1,1,0,1,0
236,extended__dag_mean_layer_width,secondary scanner,keep,Material fitted runtime or timeout importance; grouped curve supplies marginal context.,0.00233023041294941,0.00017471812930804515,0.21768795331377727,0.464170014163475,0.5687932008392657,1.6286517950979167,1.4319152941315518,3.5470749308137988,,grouped_curves_15.png,0,1,1,1,0,0,1
237,extended__dag_node_count,secondary scanner,keep,Material fitted runtime or timeout importance; grouped curve supplies marginal context.,0.0009719442351917695,0.0015562577214143442,0.7458762671625006,0.7341498993208176,0.7925876056396479,2.882282936594807,2.2995249741652226,3.7187306107662,extended__total_operation_count,grouped_curves_15.png,0,1,1,1,0,0,1
238,extended__dag_parallelizable_gate_fraction,secondary scanner,keep,Material fitted runtime or timeout importance; grouped curve supplies marginal context.,0.006977658231154143,0.0,0.5024013744734277,0.6692519277656159,0.754836989835869,1.5589875970627984,1.8896797196648714,3.6557719950044163,,grouped_curves_15.png,0,1,1,1,0,0,0
239,extended__dag_width_depth_ratio,secondary scanner,keep,Low fitted importance but a visible within-setting runtime trend; retain pending grouped ablation.,0.0,0.00035540017051256047,-0.3155698139154184,-0.18122250602914824,-0.17195443889729464,2.540822299909853,1.443429982742058,3.2328527686112114,,grouped_curves_15.png,0,0,0,0,1,0,0
240,extended__depth_per_gate,secondary scanner,keep,Material fitted runtime or timeout importance; grouped curve supplies marginal context.,0.004567518004854507,0.0,-0.5087755153112926,-0.676941415304111,-0.7514322760723208,1.5768564815911899,1.8891514490212415,3.6422861241294955,,grouped_curves_15.png,0,1,1,1,0,0,0
241,extended__fast_detail_mode,secondary scanner,drop,Near-perfect rank duplicate of extended__coarse_unclassified_semicolon_count (|rho|=1.000) with lower fitted importance.,0.0,9.267676966623988e-06,-0.3405023384907286,-0.3012105585918824,-0.260068821124714,2.895960136543908,2.2881094685887016,2.1837564225416592,extended__coarse_unclassified_semicolon_count,grouped_curves_16.png,0,0,0,0,0,0,1
242,extended__fast_detailed_work_units,secondary scanner,keep,Material fitted runtime or timeout importance; grouped curve supplies marginal context.,0.0012851578540235384,0.0,0.6502907829446443,0.7370938222920533,0.5837178886998625,2.877469903665539,2.194613425283027,3.4774722238516,,grouped_curves_16.png,0,1,1,0,0,0,0
243,extended__fast_sampled_operation_count,secondary scanner,keep,Material fitted runtime or timeout importance; grouped curve supplies marginal context.,0.0006887010385372722,8.245501359542243e-05,0.505002283457247,0.5198660378584723,0.6240880637636286,1.6964631222996291,1.898865734428648,3.5733925812836933,,grouped_curves_16.png,0,1,1,0,0,0,1
244,extended__gate_count__ccx,secondary scanner,keep,Material fitted runtime or timeout importance; grouped curve supplies marginal context.,0.00038924660011488475,0.011967737495335258,0.018950134338865648,-0.0296978732387423,-0.08257744544336758,0.0,0.0,0.0,,grouped_curves_16.png,0,0,1,0,1,1,0
245,extended__gate_count__cswap,secondary scanner,drop,Tiny fitted importance and no clear within-setting runtime trend in the grouped curves.,9.476854689360054e-05,0.0,-0.058967972924253396,0.010083888663302053,0.044026630615033556,0.0,0.0,0.0,,grouped_curves_16.png,0,1,0,0,0,0,0
246,extended__gate_count__cu1,secondary scanner,keep,Small nonzero fitted importance; retain pending grouped ablation because interactions can be marginally flat.,0.000247643291358892,0.0,0.07055799695644631,0.0238490372978738,0.09609632912733382,0.0,0.0,0.0,,grouped_curves_16.png,0,1,0,0,0,0,0
247,extended__gate_count__cx,secondary scanner,keep,Low fitted importance but a visible within-setting runtime trend; retain pending grouped ablation.,0.0002476822729046242,0.0,0.4926875899088511,0.5205103505784104,0.5807150562427984,2.5621804948029223,1.6045040566623947,3.710524399994802,,grouped_curves_16.png,0,1,0,0,0,0,0
248,extended__gate_count__h,secondary scanner,keep,Material fitted runtime or timeout importance; grouped curve supplies marginal context.,0.0011561791056239187,0.0,0.3545121619025941,0.010304712257081503,-0.03857171781235417,2.749394751422528,1.8543778883585298,2.7425444641337986,,grouped_curves_16.png,0,1,1,1,0,0,0
249,extended__gate_count__other,secondary scanner,keep,Low fitted importance but a visible within-setting runtime trend; retain pending grouped ablation.,0.0,3.0809050808942654e-17,-0.14269804603909797,-0.2269048315652812,-0.2582140157491221,0.0,0.0,0.0,,grouped_curves_16.png,0,0,0,0,0,0,1
250,extended__gate_count__ry,secondary scanner,drop,Near-perfect rank duplicate of gate_ry (|rho|=1.000) with lower fitted importance.,0.00025587442346249425,0.0,0.07585854934793335,0.4151676049879658,0.4738258201595584,0.5900749066728788,1.0710418880402088,3.091141441748148,gate_ry,grouped_curves_16.png,0,0,1,0,0,0,0
251,extended__gate_count__rz,secondary scanner,keep,Low fitted importance but a visible within-setting runtime trend; retain pending grouped ablation.,0.0,8.031185243859977e-05,0.47918739830021917,0.4410817443374912,0.6385179350819487,1.5159307337555203,1.2139486183065709,3.191398727427553,,grouped_curves_16.png,0,0,0,0,0,1,0
252,extended__gate_count__rzz,secondary scanner,keep,Material fitted runtime or timeout importance; grouped curve supplies marginal context.,0.000717971833150355,0.0,0.2755786869988316,0.18949438236810853,0.2973830747393017,0.0,0.0,0.0,,grouped_curves_16.png,0,1,1,1,0,0,0
253,extended__gate_count__s,secondary scanner,keep,Low fitted importance but a visible within-setting runtime trend; retain pending grouped ablation.,0.00035406200178871456,0.0,0.3262246167340359,0.5699196654431874,0.6222463841817313,0.925193857130516,1.3363848467653086,3.18851824597984,,grouped_curves_16.png,0,0,1,0,0,0,0
254,extended__gate_count__sxdg,secondary scanner,keep,Low fitted importance but a visible within-setting runtime trend; retain pending grouped ablation.,0.00020100254927236895,0.0,0.1474433183629991,0.43906536860378953,0.5256974530832996,0.4746084453246327,1.0391321016446473,3.0440513948522776,,grouped_curves_16.png,0,0,1,0,0,0,0
255,extended__gate_count__t,secondary scanner,keep,Material fitted runtime or timeout importance; grouped curve supplies marginal context.,0.0,0.004828347252724776,0.12631232340848056,0.0932632932578498,0.08652839338180873,0.0,0.0,0.0,,grouped_curves_16.png,0,0,0,0,1,1,0
256,extended__gate_count__tdg,secondary scanner,keep,Material fitted runtime or timeout importance; grouped curve supplies marginal context.,0.0,0.005123279527216061,0.0962548648735824,0.05748667341000751,-0.011158308323357655,0.0,0.0,0.0,,grouped_curves_16.png,0,0,0,0,1,0,0
257,extended__gate_count__u2,secondary scanner,keep,Material fitted runtime or timeout importance; grouped curve supplies marginal context.,0.0,0.001183432561554788,0.17554586369491504,0.4269998229933364,0.5028828055557986,0.37797016901815716,1.0506374246181542,3.135080511738959,,grouped_curves_17.png,0,0,0,0,1,0,0
258,extended__gate_count__x,secondary scanner,keep,Material fitted runtime or timeout importance; grouped curve supplies marginal context.,0.0022116399411244415,0.0014162315422821233,0.02796924626190697,-0.09556874292222696,-0.17906333533439667,0.13379822588639764,0.5768441150868235,1.3750334727290923,extended__gate_freq__x,grouped_curves_17.png,0,1,1,1,1,0,0
259,extended__gate_count__z,secondary scanner,keep,Material fitted runtime or timeout importance; grouped curve supplies marginal context.,0.0007569438403813145,0.0,0.10897205611805952,0.08586802831658698,0.03524791337472978,0.0,0.0,0.0,,grouped_curves_17.png,0,1,1,1,0,0,0
260,extended__gate_freq__ccx,secondary scanner,drop,Near-perfect rank duplicate of extended__gate_count__ccx (|rho|=0.998) with lower fitted importance.,0.0018551971129134649,0.0,0.0032190482228632066,-0.04529554236891507,-0.09345854389999772,0.0,0.0,0.0,extended__gate_count__ccx,grouped_curves_17.png,0,1,1,0,0,0,0
261,extended__gate_freq__cp,secondary scanner,keep,Low fitted importance but a visible within-setting runtime trend; retain pending grouped ablation.,0.0001154471193384564,0.0,0.0752183297234762,-0.07082406278072732,-0.13114365015163462,0.0,0.0,0.0,,grouped_curves_17.png,0,0,0,1,0,0,0
262,extended__gate_freq__cx,secondary scanner,keep,Low fitted importance but a visible within-setting runtime trend; retain pending grouped ablation.,0.0003173129088557691,1.7931773949015097e-05,0.06497265662675278,0.07834475455315758,0.08769294994745647,1.3697150455786287,1.3682469590312736,3.2215706102202923,,grouped_curves_17.png,0,1,1,0,0,1,0
263,extended__gate_freq__h,secondary scanner,keep,Material fitted runtime or timeout importance; grouped curve supplies marginal context.,0.0009517746527266336,8.046395821973405e-05,0.09741808494906767,-0.15127909359904618,-0.14812259431809652,1.2397242853288417,1.0221812749071753,2.4395281439741443,,grouped_curves_17.png,0,1,1,1,0,1,0
264,extended__gate_freq__p,secondary scanner,drop,Tiny fitted importance and no clear within-setting runtime trend in the grouped curves.,0.0001076090733537204,0.0,0.10213218625941907,0.0373711478564727,-0.023248922201495617,0.0,0.0,0.0,,grouped_curves_17.png,0,0,0,1,0,0,0
265,extended__gate_freq__rccx,secondary scanner,drop,Tiny fitted importance and no clear within-setting runtime trend in the grouped curves.,0.0,0.00012983656925707036,0.011865008601050974,0.017065561233152546,-0.0022444069676533385,0.0,0.0,0.0,,grouped_curves_17.png,0,0,0,0,1,0,0
266,extended__gate_freq__rx,secondary scanner,keep,Low fitted importance but a visible within-setting runtime trend; retain pending grouped ablation.,0.0003103246320525604,0.0,0.4104124488039553,0.3047647129058041,0.6275751694895934,1.2638375336037186,1.0280871831053309,3.2401786374111134,,grouped_curves_17.png,0,0,1,0,0,0,0
267,extended__gate_freq__rz,secondary scanner,keep,Material fitted runtime or timeout importance; grouped curve supplies marginal context.,0.0008293386046282441,3.9821225282234726e-16,0.333748777545073,0.24058179056382328,0.48053943896735823,0.6901662742399333,0.9587379126382228,2.925940510142877,,grouped_curves_17.png,0,0,1,0,0,1,0
268,extended__gate_freq__rzz,secondary scanner,drop,Near-perfect rank duplicate of extended__gate_count__rzz (|rho|=0.997) with lower fitted importance.,5.068796900190228e-05,0.0,0.26401198190310743,0.17367319645438659,0.2853168439939868,0.0,0.0,0.0,extended__gate_count__rzz,grouped_curves_17.png,0,0,0,1,0,0,0
269,extended__gate_freq__s,secondary scanner,keep,Low fitted importance but a visible within-setting runtime trend; retain pending grouped ablation.,0.0,6.69265436987474e-05,0.25583689632365764,0.48831167856853713,0.5437122572323325,0.8841199268312845,1.2289169366459487,2.9327847069549917,,grouped_curves_17.png,0,0,0,0,0,1,0
270,extended__gate_freq__sdg,secondary scanner,keep,Material fitted runtime or timeout importance; grouped curve supplies marginal context.,0.0005663286174606033,8.031185243833641e-05,0.39206494131040576,0.2819059355956352,0.295918230146916,0.0,0.0,0.0,,grouped_curves_17.png,0,0,1,0,0,1,0
271,extended__gate_freq__swap,secondary scanner,keep,Low fitted importance but a visible within-setting runtime trend; retain pending grouped ablation.,0.0002116904831551381,0.0,0.023316708416466266,-0.11837095119213155,-0.1296293792825095,0.0,0.0,0.0,,grouped_curves_17.png,0,0,0,1,0,0,0
272,extended__gate_freq__t,secondary scanner,drop,Near-perfect rank duplicate of extended__gate_count__t (|rho|=0.998) with lower fitted importance.,0.0,4.01559262198324e-05,0.10997687524037933,0.07522994062429164,0.07650105334024146,0.0,0.0,0.0,extended__gate_count__t,grouped_curves_17.png,0,0,0,0,0,1,0
273,extended__gate_freq__tdg,secondary scanner,drop,Near-perfect rank duplicate of extended__gate_count__tdg (|rho|=0.999) with lower fitted importance.,0.0,1.3385308740120236e-05,0.08769611235476543,0.04776291250072286,-0.014664471638436096,0.0,0.0,0.0,extended__gate_count__tdg,grouped_curves_18.png,0,0,0,0,0,1,0
274,extended__gate_freq__x,secondary scanner,keep,Material fitted runtime or timeout importance; grouped curve supplies marginal context.,0.0020627296980032994,0.007157215171672758,0.0007703367419117278,-0.12145105517670424,-0.1975727596773768,0.8397308953263161,0.9460961233144037,2.845591730987697,,grouped_curves_18.png,0,1,1,0,1,1,0
275,extended__gate_freq__z,secondary scanner,drop,Near-perfect rank duplicate of extended__gate_count__z (|rho|=1.000) with lower fitted importance.,0.0005142891567073533,4.470219901101471e-05,0.10618945030942521,0.08231955788869104,0.032952097646311185,0.0,0.0,0.0,extended__gate_count__z,grouped_curves_18.png,0,1,1,0,0,1,0
276,extended__gate_type_distinct_count,secondary scanner,keep,Low fitted importance but a visible within-setting runtime trend; retain pending grouped ablation.,0.0,4.0155926219500136e-05,0.2428163564884076,0.32793237674009307,0.34365228312066537,2.486799814408897,1.3661563823040874,3.228037698658453,,grouped_curves_18.png,0,0,0,0,0,1,0
277,extended__gates_per_qubit,secondary scanner,keep,Low fitted importance but a visible within-setting runtime trend; retain pending grouped ablation.,0.00043376318869363113,0.0,0.6610299703185772,0.5954322332730982,0.727919479243391,2.651823975903241,1.6206755979739478,3.7262327988000865,,grouped_curves_18.png,0,1,1,0,0,0,0
278,extended__interaction_assortativity,secondary scanner,keep,Material fitted runtime or timeout importance; grouped curve supplies marginal context.,0.0009894065783743326,0.00017931796234139078,0.0219407303473575,0.37943891968716414,0.26681463849470133,1.3654826713637256,1.7797361151410993,3.4317433687236933,,grouped_curves_18.png,0,1,1,1,0,1,1
279,extended__interaction_clustering_coefficient,secondary scanner,keep,Material fitted runtime or timeout importance; grouped curve supplies marginal context.,0.0005896607127298577,0.0,0.1964524109712939,-0.18070808175882186,-0.12351507504864036,0.5026330392136196,0.8340342409485481,1.5988240198608348,,grouped_curves_18.png,0,1,1,0,0,0,0
280,extended__interaction_connected_components,secondary scanner,keep,Material fitted runtime or timeout importance; grouped curve supplies marginal context.,0.00012364835733010964,0.0033163537885675123,0.0015721929879894776,-0.07062882851283504,-0.1869155880385777,0.09980312148782237,0.18055387338896478,2.7820505785189855,extended__interaction_largest_component_fraction,grouped_curves_18.png,0,1,0,0,1,0,0
281,extended__interaction_cycle_rank_fraction,secondary scanner,keep,Material fitted runtime or timeout importance; grouped curve supplies marginal context.,0.0009281969169850264,0.00283411058518797,0.4400345171768166,0.1772040252656928,0.3724455332990637,1.8817991945530284,1.4986175383118594,3.427831854519752,,grouped_curves_18.png,0,1,1,0,1,0,0
282,extended__interaction_diameter,secondary scanner,keep,Material fitted runtime or timeout importance; grouped curve supplies marginal context.,0.0011252135365616407,2.1482568558192072e-05,-0.09510650749488937,0.2554118244572918,0.20749987947119103,1.4893663748858856,1.541056941421987,3.286973290200162,,grouped_curves_18.png,0,0,1,1,0,0,1
283,extended__interaction_distinct_pair_count,secondary scanner,keep,Low fitted importance but a visible within-setting runtime trend; retain pending grouped ablation.,0.000483932703087248,3.5787206381228006e-05,0.38528317875416423,0.30058645340039036,0.35543643979563366,1.9898420093348146,1.5923941191729964,3.4145568008181346,,grouped_curves_18.png,0,1,1,0,0,1,0
284,extended__interaction_distinct_pair_fraction,secondary scanner,keep,Low fitted importance but a visible within-setting runtime trend; retain pending grouped ablation.,0.00023985382934153774,0.0,-0.010257458561272173,-0.27543054090717756,-0.11556778393314207,0.7510668612770337,1.489196426070105,3.221590020074086,,grouped_curves_18.png,0,1,0,1,0,0,0
285,extended__interaction_edge_weight_max,secondary scanner,keep,Material fitted runtime or timeout importance; grouped curve supplies marginal context.,0.0,0.0008456408118847563,0.31230063494539817,0.18491672534598863,0.39058851074322626,1.5633837086773807,0.8383593439057296,3.5577422148504043,,grouped_curves_18.png,0,0,0,0,0,0,1
286,extended__interaction_edge_weight_mean,secondary scanner,keep,Low fitted importance but a visible within-setting runtime trend; retain pending grouped ablation.,0.00025971452008772747,0.00023306606001085323,0.28020765155285493,0.2963450507870429,0.4351086725599291,1.314929608166674,1.6893063256504854,3.464948756819803,,grouped_curves_18.png,0,1,1,0,1,0,0
287,extended__interaction_edge_weight_std,secondary scanner,keep,Low fitted importance but a visible within-setting runtime trend; retain pending grouped ablation.,0.00021725909703913877,0.0,0.286403345983775,0.13250608792964094,0.269233758537188,1.363540199708172,1.2421918011361697,2.7598235040356496,,grouped_curves_18.png,0,0,1,0,0,0,0
288,extended__interaction_entropy,secondary scanner,keep,Material fitted runtime or timeout importance; grouped curve supplies marginal context.,0.0008155209138549427,0.0003536803362002469,0.353566694740568,0.38946676514484635,0.37471535890639746,1.9084918661707466,1.4312254470733183,3.3914148368082637,,grouped_curves_18.png,0,1,1,1,0,0,1
289,extended__interaction_entropy_normalized,secondary scanner,keep,Low fitted importance but a visible within-setting runtime trend; retain pending grouped ablation.,0.0004707520158671782,0.0,-0.14861994310066542,0.09935521953646789,0.071632889426898,0.9045084811635262,1.2125837577593561,3.29028505174535,,grouped_curves_19.png,0,1,0,1,0,0,0
290,extended__interaction_largest_component_fraction,secondary scanner,keep,Material fitted runtime or timeout importance; grouped curve supplies marginal context.,0.0002746185620711653,0.032930266889040744,-0.006505992585381951,0.06779450720026023,0.17795708049082667,0.14649984359034413,0.2296634144581049,2.7893868292457302,,grouped_curves_19.png,0,1,0,0,1,0,0
291,extended__interaction_max_edge_weight_fraction,secondary scanner,keep,Material fitted runtime or timeout importance; grouped curve supplies marginal context.,0.0016812843028185694,0.002126746835216842,-0.426969696216276,-0.5323089391610125,-0.4576252705480378,2.4921620969981975,1.86345795696002,3.4871288909117792,,grouped_curves_19.png,0,0,1,1,0,0,1
292,extended__interaction_max_weighted_degree,secondary scanner,keep,Low fitted importance but a visible within-setting runtime trend; retain pending grouped ablation.,6.713836350194761e-05,0.0,0.4158131661654713,0.25604228921105454,0.43212918921648874,1.7846205188140705,1.780664770821497,3.552253212281162,,grouped_curves_19.png,0,0,0,1,0,0,0
293,extended__interaction_mean_degree,secondary scanner,keep,Low fitted importance but a visible within-setting runtime trend; retain pending grouped ablation.,0.00024339390472989225,0.0,0.3939295818027843,0.17538817413206373,0.35330247662435127,1.9922941671481644,1.2068773074414647,3.4951821630981446,,grouped_curves_19.png,0,1,0,1,0,0,0
294,extended__interaction_mean_weighted_degree,secondary scanner,keep,Low fitted importance but a visible within-setting runtime trend; retain pending grouped ablation.,0.00018506356334679197,0.0,0.45105288299178786,0.38927557479841174,0.5540788238438679,2.0544687355650053,1.4623896317070249,3.6085237952357794,,grouped_curves_19.png,0,1,0,1,0,0,0
295,extended__interaction_nontrivial_components,secondary scanner,keep,Low fitted importance but a visible within-setting runtime trend; retain pending grouped ablation.,0.00014686439150741754,8.965886974275605e-06,-0.09694887542701805,-0.07663318467618314,-0.09283509775556657,0.23660765254403762,0.10383976553135699,0.7247304684821501,,grouped_curves_19.png,0,1,0,0,0,1,0
296,extended__interaction_spectral_radius,secondary scanner,keep,Low fitted importance but a visible within-setting runtime trend; retain pending grouped ablation.,0.0001821328779855438,0.0,0.4657851616905153,0.3142946587277422,0.5305386010448644,1.7702428181777976,1.299422728609143,3.5766996367261017,,grouped_curves_19.png,0,0,1,0,0,0,0
297,extended__interaction_total_count,secondary scanner,keep,Material fitted runtime or timeout importance; grouped curve supplies marginal context.,0.0012306524798311178,0.0,0.5078343218592062,0.444868456074851,0.6015394186935596,2.027379300136551,1.8779080919821762,3.609805690510739,,grouped_curves_19.png,0,1,0,0,0,0,0
298,extended__multi_qubit_gate_count,secondary scanner,keep,Material fitted runtime or timeout importance; grouped curve supplies marginal context.,0.0,0.006937632604010343,-0.1333049256024974,-0.19046918395554366,-0.28374377256323824,0.8602671422846495,0.6399908752764984,2.916643894688155,,grouped_curves_19.png,0,0,0,0,1,0,0
299,extended__multi_qubit_gate_fraction,secondary scanner,keep,Material fitted runtime or timeout importance; grouped curve supplies marginal context.,0.00012175858773285913,0.04641340152682937,-0.1699554919875972,-0.22414081858571744,-0.30743760281175003,0.9023882105196364,0.6842172906624876,3.001034630402341,,grouped_curves_19.png,0,1,0,0,1,0,0
300,extended__num_clbits,secondary scanner,drop,Near-perfect rank duplicate of log_measurements (|rho|=0.999) with lower fitted importance.,0.0007940224019413209,0.0,-0.277384234938778,-0.18542709450703304,-0.5178249766590041,1.0069421364643756,1.5308680380913975,3.319156618139692,log_measurements,grouped_curves_19.png,0,1,1,1,0,0,0
301,extended__parameter_count,secondary scanner,keep,Material fitted runtime or timeout importance; grouped curve supplies marginal context.,0.0008867557397139675,6.692654369874648e-05,0.6153994083975349,0.620022470774746,0.7338901164835917,2.535700517197591,1.6001563912883658,3.653255632046819,,grouped_curves_19.png,0,1,1,1,0,1,0
302,extended__parameterized_gate_count,secondary scanner,keep,Material fitted runtime or timeout importance; grouped curve supplies marginal context.,0.0009194697534877894,0.00027785689180711865,0.6531125433740009,0.6051159861446083,0.7402129375325832,2.5365311324480677,1.6077529163068438,3.681901602777877,,grouped_curves_19.png,0,1,1,1,0,1,1
303,extended__qasm_version_3,secondary scanner,keep,Low fitted importance but a visible within-setting runtime trend; retain pending grouped ablation.,6.2425867395619e-05,0.0,-0.18856821000928337,-0.18459314564546586,-0.500583936284159,0.8401497529239411,0.7562121302376672,3.172997231031081,,grouped_curves_19.png,0,0,0,1,0,0,0
304,extended__quantum_register_count,secondary scanner,keep,Material fitted runtime or timeout importance; grouped curve supplies marginal context.,0.001304457721890336,0.0007223690168348123,0.24927099834431982,-0.1849245199327878,-0.10207073184853505,0.5327813366150831,0.9831631553151209,1.2463473787664252,,grouped_curves_19.png,0,1,1,1,1,0,0
305,extended__single_qubit_gate_count,secondary scanner,keep,Material fitted runtime or timeout importance; grouped curve supplies marginal context.,0.0003800128200527087,0.0010132878536208716,0.6225527023752123,0.6515474712745597,0.711603515841794,2.5359302414220046,1.776386282601162,3.649780915666312,,grouped_curves_20.png,0,1,1,1,0,0,1
306,extended__source_chars_per_line,secondary scanner,keep,Material fitted runtime or timeout importance; grouped curve supplies marginal context.,0.0015294236945471414,0.0,0.13334737617060455,-0.0007452220560016052,0.021745108768291378,1.1374940517938916,1.425926243102574,3.400847773340522,,grouped_curves_20.png,0,1,1,1,0,0,0
307,extended__source_conditional_count,secondary scanner,drop,Near-perfect rank duplicate of log_conditional (|rho|=1.000) with lower fitted importance.,0.0005747120292951619,0.0,0.14790824872185215,0.07945544262729926,-0.06856448084973477,0.0,0.0,0.0,log_conditional,grouped_curves_20.png,0,1,1,1,0,0,0
308,extended__source_lines,secondary scanner,keep,Material fitted runtime or timeout importance; grouped curve supplies marginal context.,0.0012001815163824843,0.0,0.7727984771817035,0.7387584246531209,0.7804609534448257,2.957463321294509,2.4464169555581816,3.7670892112531003,,grouped_curves_20.png,0,1,1,1,0,0,0
309,extended__source_pi_token_count,secondary scanner,keep,Low fitted importance but a visible within-setting runtime trend; retain pending grouped ablation.,0.00023345429715160255,0.0,0.5543964543353356,0.5186793043096488,0.6877400291545391,2.0506852100723485,1.6968247201016196,3.641656539214067,,grouped_curves_20.png,0,1,0,1,0,0,0
310,extended__source_semicolon_count,secondary scanner,drop,Near-perfect rank duplicate of extended__source_lines (|rho|=0.995) with lower fitted importance.,0.000839751368926844,5.843427404565889e-05,0.7638604464438391,0.7299000479288609,0.7862415356179219,2.9922705775689034,2.2063319034738234,3.742740747554831,extended__source_lines,grouped_curves_20.png,0,1,1,1,1,0,0
311,extended__structural_gate_entropy_normalized,secondary scanner,keep,Low fitted importance but a visible within-setting runtime trend; retain pending grouped ablation.,0.00015376657609853382,5.366808598555402e-05,-0.056674982019070425,0.12805501034826566,0.17013323486201695,0.9732295993050539,1.3431612513637972,3.155938016335026,,grouped_curves_20.png,0,0,0,1,0,1,0
312,extended__structural_mean_gate_width,secondary scanner,keep,Material fitted runtime or timeout importance; grouped curve supplies marginal context.,0.00019642747610317275,0.0006124785803592868,-0.06104565857294052,-0.18937560223841188,-0.19814629197588243,1.48602300395209,1.464995198097761,3.398150100715779,,grouped_curves_20.png,0,0,1,0,1,0,0
313,extended__supermarq_critical_depth,secondary scanner,keep,Material fitted runtime or timeout importance; grouped curve supplies marginal context.,0.003395035861415525,0.002502821065912626,-0.4809164027139557,-0.5464852312897818,-0.6665434628869591,2.706638699153742,1.584784759714746,3.5029327086926,,grouped_curves_20.png,0,1,1,1,0,0,1
314,extended__supermarq_entanglement_ratio,secondary scanner,keep,Material fitted runtime or timeout importance; grouped curve supplies marginal context.,0.0,0.0005339523453478322,0.06131496719312329,-0.07999635441543147,-0.04473655415409638,1.1101121974261545,1.7219330101817198,3.3058295062231826,,grouped_curves_20.png,0,0,0,0,1,0,0
315,extended__supermarq_liveness,secondary scanner,keep,Low fitted importance but a visible within-setting runtime trend; retain pending grouped ablation.,0.0003806653907959604,0.0,0.27892477952700445,0.266329407415116,0.48805636151644605,1.1593123176093263,1.5149961827004994,3.4182773967323463,,grouped_curves_20.png,0,1,0,1,0,0,0
316,extended__supermarq_measurement,secondary scanner,keep,Material fitted runtime or timeout importance; grouped curve supplies marginal context.,0.0009113107654811649,0.036035692567613055,0.19499453910871142,0.1936095259731551,,0.0,0.0,0.0,log_resets,grouped_curves_20.png,0,1,1,0,1,1,0
317,extended__supermarq_parallelism,secondary scanner,keep,Material fitted runtime or timeout importance; grouped curve supplies marginal context.,0.0009047842927854171,0.0,0.31981625511496964,0.4911953915864914,0.6656950697570863,1.0330140635671672,1.2664299144570728,3.531851215018238,,grouped_curves_20.png,0,1,1,1,0,0,0
318,extended__total_gate_count,secondary scanner,drop,Near-perfect rank duplicate of extended__total_operation_count (|rho|=0.998) with lower fitted importance.,0.0011772849916817302,0.00034266790876205145,0.7444333067223726,0.7263681458932447,0.7941759061633432,2.8828058541009063,2.2995249741652226,3.7187306107662,extended__total_operation_count,grouped_curves_20.png,0,1,1,1,0,0,1
319,extended__total_operation_count,secondary scanner,keep,Material fitted runtime or timeout importance; grouped curve supplies marginal context.,0.0012941432339141567,0.0016094150152157851,0.7464242888671854,0.7340406507229432,0.792587847017559,2.882544395347857,2.3001308714656234,3.7183527682707016,,grouped_curves_20.png,0,1,1,1,0,0,1
320,extended__treewidth_min_degree,secondary scanner,drop,Near-perfect rank duplicate of extended__approx_treewidth (|rho|=0.999) with lower fitted importance.,0.00028950446533573256,0.0,0.4195056523195427,0.17300096329151313,0.4017453925415101,1.5986022960426554,1.501268870938804,3.427301021348999,extended__approx_treewidth,grouped_curves_20.png,0,1,0,0,0,0,0
321,extended__treewidth_min_fill,secondary scanner,keep,Material fitted runtime or timeout importance; grouped curve supplies marginal context.,0.0011016028148477445,0.0,0.43810028771382586,0.23621647901309284,0.3855811075422201,1.4766742772776436,1.625772707805743,3.4443500356070786,,grouped_curves_21.png,0,1,1,1,0,0,0
322,extended__two_qubit_angle_abs_over_pi_mean,secondary scanner,keep,Material fitted runtime or timeout importance; grouped curve supplies marginal context.,0.0010841452813592565,0.0,0.16887937710184733,-0.013080189785396738,-0.02038252430490705,0.08226354652012785,0.13257863902745082,1.9134413083352,,grouped_curves_21.png,0,0,1,1,0,0,0
323,extended__two_qubit_angle_clifford_fraction,secondary scanner,keep,Low fitted importance but a visible within-setting runtime trend; retain pending grouped ablation.,9.307744158981424e-05,0.0003331064615565823,0.11659918551443868,-0.07828642966267242,-0.15155184206266673,0.0,0.0,0.0,,grouped_curves_21.png,0,0,0,1,0,0,1
324,extended__two_qubit_angle_numeric_count,secondary scanner,keep,Low fitted importance but a visible within-setting runtime trend; retain pending grouped ablation.,0.0004218594026930581,0.0,0.2236945873353616,0.013934842361956266,0.02470751915875874,0.6339400474435083,0.24789618130164093,0.3287660968499082,,grouped_curves_21.png,0,1,0,0,0,0,0
325,extended__two_qubit_gate_count,secondary scanner,keep,Material fitted runtime or timeout importance; grouped curve supplies marginal context.,0.001389200473832714,0.0006313529974919985,0.7155526591982174,0.6273459623876297,0.7510942327386613,2.860296383594169,2.1856332630311326,3.7639273095089774,,grouped_curves_21.png,0,1,1,1,0,0,1
