filename,threshold,status,actual_s,confidence,circuit_old_pred_s,circuit_new_pred_s,structural_old_pred_s,structural_new_pred_s
0071a13b.qasm,16,success,1.8681457999999997,0.5645833333333333,1.872936827000108,1.8729914054997177,7.882050848950589,8.287313748722042
0071a13b.qasm,64,success,11.326891999999999,0.5645833333333333,11.296458750225268,11.13719423881686,9.352966566337791,10.26654829982276
0071a13b.qasm,512,success,464.3260994999999,0.5645833333333333,464.053476237504,463.7945325983252,141.81973957347665,149.74260067762611
00c20ece.qasm,16,success,161.77874129999995,0.844834581772784,22.37042294162742,27.955977626830403,8.750751968900413,8.31353211979429
00c20ece.qasm,64,success,167.99894330000006,0.844834581772784,22.405269620323725,22.606213272351003,6.61842666779989,6.623092634814233
00c20ece.qasm,512,success,161.38951989999995,0.844834581772784,18.499767468499336,16.02812160145878,5.56423567249652,5.560641869755632
03042ac9.qasm,16,success,1.8659897,0.5645833333333333,1.8700206246304598,1.869715789013871,7.882050848950589,8.287313748722042
03042ac9.qasm,64,success,11.3251936,0.5645833333333333,11.131572169870214,11.265231673495158,9.352966566337791,10.26654829982276
03042ac9.qasm,512,success,463.7429635000002,0.5645833333333333,464.6987095208441,465.1349534015774,141.81973957347665,149.74260067762611
03934028.qasm,16,success,1794.6356796999994,0.6854166666666667,795.5025685966347,669.6962794123807,21.250142052767565,26.60417319009471
03934028.qasm,64,success,1229.5821331999996,0.6854166666666667,318.6233017606482,329.5691882124981,5.866616101454112,6.9384797191902425
03934028.qasm,512,timeout,14399.999999999989,0.6854166666666667,571.3856027435778,457.30797720605943,10.116362791051843,10.86414792973764
03ee478e.qasm,16,success,0.17734449999999996,0.5277777777777778,0.20786890198793959,0.22114945887104162,0.2358529910155441,0.22116871346586675
03ee478e.qasm,64,success,1.1159592,0.5277777777777778,1.1995629045472895,1.185262912133612,0.8869602942545404,0.8426350287093434
03ee478e.qasm,512,success,0.18746530000000003,0.5277777777777778,0.21352921409244663,0.2276357527017721,0.25701226237467006,0.2682880682890902
04276362.qasm,16,success,0.17990670000000003,0.6994143637089667,0.19538223092171722,0.19766407358880414,0.2099003848586365,0.21506055168647065
04276362.qasm,64,success,0.21635210000000002,0.6994143637089667,0.20680992904211581,0.207882648641653,0.20712019524981834,0.21396648938375637
0491d461.qasm,16,success,0.5425538,0.45208333333333334,0.5327864577500289,0.5339294125727074,1.4964118774121937,1.7617049335258481
0491d461.qasm,64,success,1.3414259,0.45208333333333334,1.3481038159811751,1.3626420361037266,1.676765719444729,1.9625225033901121
0491d461.qasm,512,success,3.4521178,0.45208333333333334,3.5223494119371743,3.5569012470971413,8.51256410690198,9.419175187103214
0525d9ee.qasm,16,success,0.5416311,0.45208333333333334,0.5388232091793485,0.5496923013211863,1.4964118774121937,1.7617049335258481
0525d9ee.qasm,64,success,1.3424445,0.45208333333333334,1.3410124799086636,1.2892230159364604,1.676765719444729,1.9625225033901121
0525d9ee.qasm,512,success,3.4716296,0.45208333333333334,3.42790153472259,3.3136309695589143,8.51256410690198,9.419175187103214
0534bf07.qasm,16,timeout,14399.999999999989,0.4618055555555556,1121.741120541585,1307.967271213569,9.538786799849648,11.945265224532196
0534bf07.qasm,64,success,1767.644607299999,0.4618055555555556,596.5210464562228,596.9025314223144,5.568837457640107,6.763532279269549
0534bf07.qasm,512,timeout,14399.999999999989,0.4618055555555556,761.4100985247156,789.1403671976398,15.77206672449804,54.17705082873096
055dc894.qasm,16,success,4.6650311,0.5083333333333333,5.339108854464659,5.360315639597357,0.7648839769033999,0.7663658048066583
055dc894.qasm,64,success,3.8863319000000005,0.5083333333333333,26.424719619282822,26.246003390945464,1.4252040934709267,1.4701020044741415
055dc894.qasm,512,success,1383.5908082999997,0.5083333333333333,1353.9922495633843,1422.5338304420097,5.037985040072635,6.267715085212318
056c2b99.qasm,16,success,0.5823536,0.42916666666666664,0.5793184925238011,0.5801036449312115,0.8006258066842313,0.9260338923548518
056c2b99.qasm,64,success,0.4523345,0.42916666666666664,0.4547704967798507,0.45495591584512024,0.8752130098444648,0.992237801632337
056c2b99.qasm,512,success,0.4509034,0.42916666666666664,0.46293373468038684,0.46637274325741385,2.284500873165027,2.6477802705398727
058c7d32.qasm,16,success,0.21540330000000002,0.5666666666666667,0.4240573112838553,0.4627373098712279,0.40640245178311774,0.43487832995273695
058c7d32.qasm,64,success,0.6617786,0.5666666666666667,0.4893926192740938,0.5098586944688368,0.464723867830609,0.5430541904666135
067475b0.qasm,16,success,1.4051409,0.5583333333333333,1.3904536959953302,1.3924797480068902,4.186412274536414,4.1072430624234135
067475b0.qasm,64,success,5.705375600000001,0.5583333333333333,5.704550413563835,5.734206543737747,5.575881953507286,5.3082306595024145
067475b0.qasm,512,success,134.09611699999996,0.5583333333333333,133.19988117250293,136.267006531965,60.93352042185099,44.961380698215315
06857ab2.qasm,16,success,86.8517603,1.0,94.79038895035208,101.04934542969418,39.28504109845373,21.1803065868078
06857ab2.qasm,64,success,144.50145770000006,1.0,109.98938898510558,120.10050855939129,7.371229045915068,5.4350499849556195
06857ab2.qasm,512,success,5763.222492099998,1.0,5273.350383713492,4923.346059996063,432.41377512003714,458.4247856201415
06a7dabf.qasm,16,success,1.4427283,0.5604166666666667,1.4490003801507427,1.4531220131173792,5.719629421766722,6.385344049940904
06a7dabf.qasm,64,success,8.5008263,0.5604166666666667,8.421661324519015,8.439266109939139,6.817758865210956,7.836804351554913
06a7dabf.qasm,512,success,307.49403430000007,0.5604166666666667,308.2578005015917,303.9070178550651,87.59553890349099,99.73920459475977
06e45cf2.qasm,16,success,0.5780354,0.45416666666666666,0.566153472481848,0.5692142426901078,1.2706869151541011,1.4398210329890946
06e45cf2.qasm,64,success,1.1292338,0.45416666666666666,1.1165841627148638,1.096249759631428,1.394225742795595,1.555199984926212
06e45cf2.qasm,512,success,2.769683,0.45416666666666666,2.6738428584347247,2.750194244766124,5.719763982085131,7.277674614544524
0732491c.qasm,16,success,5.4931465,0.36875,40.09541694863133,29.641339963212506,9.236911874868582,11.417553164004678
0732491c.qasm,64,success,1.8221959,0.36875,15.080152083240632,17.992895980577092,9.18204495927943,9.348865699027002
0732491c.qasm,512,success,5.6868296,0.36875,27.78923605960272,32.35917364315178,5.587613938201039,7.646933017063428
07fc5b22.qasm,16,success,0.5416286,0.45208333333333334,0.5428595939937505,0.536654074777095,1.49580413734076,1.7660123735185815
07fc5b22.qasm,64,success,1.3364759,0.45208333333333334,1.3584956307783227,1.288436297920518,1.6688592328893512,1.9539762295798866
07fc5b22.qasm,512,success,3.4643763999999995,0.45208333333333334,3.4043721940757115,3.3607607526641,8.443351372373469,9.419175187103214
08239e90.qasm,16,success,63.96641979999998,0.5041666666666667,45.87563915344634,44.80269822757963,31.45431922069935,23.779552126685555
08239e90.qasm,64,success,3.2675198000000005,0.5041666666666667,3.1577661839278806,3.1261397530497663,4.775113146991867,4.107675137579932
0885b672.qasm,16,success,1.6545858,0.5604166666666667,1.6430319652014655,1.6454862573659335,6.473491825190935,6.589681260369619
0885b672.qasm,64,success,8.9290951,0.5604166666666667,8.927500526393073,8.985030811024366,8.488082002020981,8.564977457650265
0885b672.qasm,512,success,332.10055049999994,0.5604166666666667,344.034416061742,343.8681229340323,103.70487083528305,153.94477396309193
0a0f4c36.qasm,16,success,0.1840534,0.30833333333333335,0.2947285998676343,0.3354574519515706,0.4268223448449526,0.4779727311856991
0a0f4c36.qasm,64,success,0.2601157,0.30833333333333335,0.38655615979900126,0.4163500799374412,0.6097744024093484,0.5729267324713522
0a0f4c36.qasm,512,success,0.1663742,0.30833333333333335,0.34907938729082144,0.4014403950569445,0.7708028855193451,0.7325851943779003
0b0e43d6.qasm,16,success,1.78757,0.5604166666666667,1.7894284017014852,1.7884423915627912,6.603814089824709,6.997171209464345
0b0e43d6.qasm,64,success,9.9584508,0.5604166666666667,10.00781522620044,9.987751963765254,7.503416738984372,8.14009426941352
0b0e43d6.qasm,512,success,373.94553460000003,0.5604166666666667,370.7358942247777,372.32312494919137,105.84791051945797,100.03666401810855
0b325fdd.qasm,16,success,204.4226061999999,0.5041666666666667,166.57076024602796,161.40653329430475,28.860040278209866,28.690077346396958
0b325fdd.qasm,64,success,7.9006322,0.5041666666666667,7.012268943023161,6.908652076335226,4.272523896793852,4.9417799856936275
0bde3200.qasm,16,success,0.23376710000000003,0.8594179151061174,0.6180283657706729,0.5286188831453931,0.4746471159219167,0.363178937710356
0bde3200.qasm,64,success,0.232663,0.8594179151061174,0.6797227276511102,0.6142873709559648,0.9426186827198098,0.9606830505129056
0c0ce4a1.qasm,16,success,0.5861573,0.42916666666666664,0.5772544258734631,0.5709693346655758,0.8006258066842313,0.9343750496115893
0c0ce4a1.qasm,64,success,0.4553035,0.42916666666666664,0.4543488958101084,0.45299216240231505,0.8719124388631014,0.9918677581402814
0c0ce4a1.qasm,512,success,0.4561859,0.42916666666666664,0.4630496143570903,0.46308100978273875,2.2986892726156474,2.689157736689759
0c676248.qasm,16,success,0.1680261,0.7479166666666666,0.17421552933569545,0.17929806249505656,19.280505197419235,17.056731790187992
0c676248.qasm,64,success,10.329901000000001,0.7479166666666666,9.848108555723355,9.750074953491085,21.99062328378299,19.260554738928086
0c676248.qasm,512,success,0.18101140000000002,0.7479166666666666,0.23093980496521235,0.23243259130522012,50.879255048973405,34.06889269193914
0cc92082.qasm,16,success,0.2225849,0.5125,0.5703862919783104,0.5495598768260084,0.8072551659927607,0.8306571034500602
0cc92082.qasm,64,success,0.5742476,0.5125,0.47031679772921803,0.44765518149521477,0.7725701278494602,0.8518271106248877
0cc92082.qasm,512,success,0.18362350000000002,0.5125,1.0639374809449467,1.1890865401989732,1.5178498103880207,1.6082264241429136
0cd81bd7.qasm,16,success,1.4029748,0.5625,1.403606541994877,1.3987701217670931,6.154676280055098,5.895605445710805
0cd81bd7.qasm,64,success,7.957766299999999,0.5625,7.995300114354837,7.983171736438958,8.437392805943567,7.96275775412341
0cd81bd7.qasm,512,success,285.46857679999994,0.5625,287.95057447350433,288.0508352423548,118.79108791018372,123.3571123710208
0d08bd43.qasm,16,success,2469.4623289000006,0.47222222222222227,3431.9499610194616,3506.378081777652,10.17006835989138,12.691119575617295
0d08bd43.qasm,64,success,188.07979880000005,0.47222222222222227,1171.6546725941485,1389.3538750772045,5.879780742076773,6.580696563414735
0d08bd43.qasm,512,timeout,14399.999999999989,0.47222222222222227,7044.803624219646,9578.170292997338,76.98878913397002,159.44904284151676
0d094263.qasm,16,success,0.17983059999999998,0.9875816993464052,0.27041184914192506,0.25917203757272117,0.5487816094919769,0.6162272430755579
0d094263.qasm,64,success,0.354708,0.9875816993464052,0.2709193961650605,0.2761073574853566,1.3360001216378794,1.5650607803618446
0d094263.qasm,512,success,0.17570120000000003,0.9875816993464052,0.290037322004662,0.2724863364926249,6.842851972872135,10.983835133178319
0d6f51b4.qasm,16,success,0.1818558,0.6661442555720789,0.2331388799613757,0.22950086979590387,0.2354071554260894,0.2450267818184383
0d6f51b4.qasm,64,success,0.2284205,0.6661442555720789,0.30627417038853827,0.2959892795426252,0.38958776481082874,0.373111799292818
0d6f51b4.qasm,512,success,0.1679753,0.6661442555720789,0.23953562346618537,0.24043189362425255,0.2585746896713852,0.2646402575727764
0e8ddfa3.qasm,16,success,1.1595966,0.5541666666666667,1.2431927500293904,1.2447864678793716,2.9712361648570527,2.6770574898777095
0e8ddfa3.qasm,64,success,3.4204512,0.5541666666666667,3.4293458440272024,3.3834349739808247,4.1979315390761585,3.4326067342020314
0e8ddfa3.qasm,512,success,72.21635219999999,0.5541666666666667,71.15438433286154,68.10845951192421,30.80835070944979,28.01631201866568
0ee54ab9.qasm,16,success,0.17814269999999996,0.9708333333333333,0.39233224996522814,0.39688457741485483,0.3897364629813893,0.43851714096459854
0ee54ab9.qasm,64,success,0.2257454,0.9708333333333333,0.3747627065191756,0.3688871871610722,0.43843372295165245,0.4635935961452203
0ee54ab9.qasm,512,success,0.1782451,0.9708333333333333,0.40757410485556306,0.43818508442582366,0.5468539955735217,0.5263614628351173
0f6ae53c.qasm,16,success,0.17492429999999998,0.7777777777777778,0.25819267771048043,0.2405934591786841,3.2217973449025674,3.6796880164196892
0f6ae53c.qasm,64,success,0.6351061,0.7777777777777778,0.8611744126506456,0.8514699957714407,4.132881942851179,4.353428602160508
0f6ae53c.qasm,512,success,0.1797566,0.7777777777777778,0.30719859259205023,0.31354502721207095,51.34252771260747,77.48720513559556
10761caa.qasm,16,success,1.2039713,0.5541666666666667,1.213607486788428,1.2121174921848303,3.292308926031009,3.028868622307783
10761caa.qasm,64,success,4.1564553,0.5541666666666667,4.194928101998146,4.184262319281632,4.585695218765902,3.9479093943305155
10761caa.qasm,512,success,91.75166269999998,0.5541666666666667,90.96757101627918,91.95637184551292,42.151370141957,34.34937184253016
10ea3498.qasm,16,success,0.1689698,0.6250172693140925,0.30800382475820215,0.2688046485767762,15.876070621603366,14.610163118352718
10ea3498.qasm,64,success,1.1595227,0.6250172693140925,1.846046605563979,1.6074731895603167,10.307203704537098,11.568004785051423
10ea3498.qasm,512,success,0.1702938,0.6250172693140925,0.3870264498769269,0.28018486532010817,43.37421477530994,42.68574200790251
1154e9d9.qasm,16,timeout,14399.999999999989,0.39305555555555555,9189.081621173757,8741.78553173861,14.90115220826609,20.05612718169137
1154e9d9.qasm,512,timeout,14399.999999999989,0.39305555555555555,8709.570625985516,8690.250954779684,18.05041742028579,25.01804054784218
12157215.qasm,16,success,2000.5838667,0.9986111111111111,1355.2116354007262,1545.8761245852256,69.38441763619254,48.46372222578692
12157215.qasm,64,success,851.9857254999997,0.9986111111111111,1093.293343801966,1225.7587750776831,13.484955552639779,12.32595766427613
12157215.qasm,512,timeout,14399.999999999989,0.9986111111111111,14383.871689170343,14388.47793382216,1789.7679104347287,1681.699242855674
125f60d7.qasm,16,success,1463.3105540000001,0.7833333333333333,1118.4511454826975,1232.9530944802261,39.28704251713239,36.0979271126422
125f60d7.qasm,64,success,804.1303602000003,0.7833333333333333,598.2846381732977,597.4016750402673,4.540487828131621,5.2634238929139965
138d2c7b.qasm,16,success,1.5629332,0.5604166666666667,1.5497222717693868,1.5483507349240169,5.580995423342604,6.086724521807991
138d2c7b.qasm,64,success,7.723485,0.5604166666666667,7.72327487661257,7.686930917155943,7.130329405917488,7.644913230301393
138d2c7b.qasm,512,success,266.476829,0.5604166666666667,261.4210535577054,258.8739296081694,86.1794367548594,116.69110061454309
13b8e3f8.qasm,16,success,1.15246,0.5583333333333333,1.1055146362422938,1.1151932445070916,4.056925443570521,3.4648714681242225
13b8e3f8.qasm,64,success,5.056893600000001,0.5583333333333333,5.115508969265156,5.088385554999697,5.451990554358531,4.62595305896337
13b8e3f8.qasm,512,success,143.3873458,0.5583333333333333,146.34469522704296,145.19706185908433,57.58899162688994,40.45810120601029
13eb49aa.qasm,16,success,0.1763388,0.7330905302195785,0.22817063846561128,0.2318213856749308,0.24093011653846375,0.28143361268969747
13eb49aa.qasm,64,success,1.03723,0.7330905302195785,1.0008760610956944,1.0268486104659644,0.34947519104373503,0.38327548577409254
14019fed.qasm,16,success,85.55772610000001,0.8729166666666667,21.004201501025577,23.948034397135356,5.224775703619929,6.300573642064862
14019fed.qasm,64,success,7.701556400000001,0.8729166666666667,7.94281014016479,11.33831065123389,5.023241016559726,4.773856519604849
14019fed.qasm,512,success,125.55042679999998,0.8729166666666667,54.93065589324649,78.94496832108614,14.77664796756662,19.23216058750465
149b1e7c.qasm,16,success,5.221844600000001,0.7409313725490195,4.2355266418459285,4.246281577415553,3.6855287886737265,4.159028943315529
149b1e7c.qasm,64,success,0.1728306,0.7409313725490195,0.2657886666548793,0.2608621117241211,3.9424622215129577,3.6333743780554992
15434610.qasm,16,success,1.5159936,0.5604166666666667,1.6549081601710804,1.6552136200258367,5.598787003861802,6.042803394045451
15434610.qasm,64,success,7.743600700000001,0.5604166666666667,7.760158768043305,7.6765828739016015,7.093823531855973,7.5192840779780665
15434610.qasm,512,success,260.9629377999999,0.5604166666666667,263.83138469537386,256.91439692274963,85.22931551555577,110.33361044126181
159b3481.qasm,16,success,0.5732643,0.45416666666666666,0.5670520126960683,0.5600490805458608,1.2706869151541011,1.4079139904844078
159b3481.qasm,64,success,1.1235271,0.45416666666666666,1.1268876157545806,1.1258491519448306,1.394225742795595,1.5396212747353109
159b3481.qasm,512,success,2.7779996,0.45416666666666666,2.680405715617282,2.7088878114580925,5.719763982085131,7.098303299924663
15c28669.qasm,16,success,0.2514302,0.3645833333333333,1.7272058077064103,1.2191953501620962,2.251149273377079,3.174325054554716
15c28669.qasm,64,success,0.3990744,0.3645833333333333,1.1094370495169141,1.112517985070935,1.560799868638696,1.7510508062732297
15c28669.qasm,512,success,0.2419986,0.3645833333333333,2.252093285438094,1.7007732900387176,2.3306185469211407,3.1494277282801457
1619b169.qasm,16,success,0.17318939999999997,0.3645833333333333,0.3438574319487648,0.3806784547799296,0.4223725135152493,0.3984886672944293
1619b169.qasm,64,success,0.1710901,0.3645833333333333,0.4120216030418601,0.44670404968678984,0.5126721109721312,0.5172124385815386
1619b169.qasm,512,success,0.18216660000000004,0.3645833333333333,0.5323434691880173,0.7010693702901143,0.5468962180700705,0.6632830834268008
166e9d3a.qasm,16,success,0.18061239999999998,0.4270833333333333,0.44115679688119336,0.4610813411356028,0.4729142485261272,0.5045234297893082
166e9d3a.qasm,64,success,0.16925800000000002,0.4270833333333333,0.4607888898105585,0.45179593789086236,0.5083814757254924,0.5362047551478206
166e9d3a.qasm,512,success,0.169438,0.4270833333333333,0.5164451925337767,0.5772971222837445,0.5217928877281679,0.5586944349766916
1688d759.qasm,16,success,1.9672979,0.55625,1.9635720348038992,1.9659972295190262,9.042601736409004,10.30777600611262
1688d759.qasm,64,success,14.099032299999998,0.55625,14.248224828426428,14.231847741043428,10.522000574512804,10.399591869652317
1688d759.qasm,512,success,559.5118791999997,0.55625,553.5603067457359,550.1389872440323,178.06068059926903,190.30834604295333
16ff70bb.qasm,16,success,2.1233068,0.5645833333333333,2.1052873313175082,2.105884168250213,9.091554528152814,8.752862036875085
16ff70bb.qasm,64,success,12.121247399999998,0.5645833333333333,12.169361256966278,12.177952923435834,10.543857469361546,10.21472172247104
16ff70bb.qasm,512,success,493.81017920000016,0.5645833333333333,469.54165463800933,464.38519508947576,172.11921286920628,170.72443958218946
17253376.qasm,16,success,1.7846797,0.5541666666666667,1.7590735829893507,1.7465274545373075,8.96048998960963,8.733698729917496
17253376.qasm,64,success,12.199884,0.5541666666666667,12.105851355123558,11.975194200346793,10.023628699005787,8.861820272102243
17253376.qasm,512,success,464.4622878000001,0.5541666666666667,464.5946784664104,467.80988364009,198.56035760357037,176.03105328657566
173d4b8b.qasm,16,success,0.4365735,0.8594179151061174,1.1972798317095528,1.2893792998543343,0.9161207995083279,0.9307157775304897
173d4b8b.qasm,64,success,0.4759959,0.8594179151061174,1.2525836911248425,1.4444253128376543,1.1596682360838284,1.173211472610841
173d4b8b.qasm,512,success,0.4571515,0.8594179151061174,1.1670278800900933,1.279826461357108,0.98858467851673,1.0705134012504287
175f2997.qasm,16,success,1.5397053,0.5583333333333333,1.4967581804760135,1.4884459100624077,5.192660302097871,5.7572404564493045
175f2997.qasm,64,success,6.911357399999999,0.5583333333333333,6.7915647279202105,6.792359067587819,7.178698575572121,7.570500069978244
175f2997.qasm,512,success,203.2557665999999,0.5583333333333333,197.12335523143682,198.37773552679766,97.08679764993839,100.76078427262742
17e5a14b.qasm,16,success,85.25765730000002,0.5041666666666667,65.87124266360628,64.54419006329714,25.224236858090666,27.224388970852008
17e5a14b.qasm,64,success,4.9438845,0.5041666666666667,3.2526376629060256,3.291661845579854,3.415630034575937,4.304956732182821
195099c8.qasm,16,success,0.3044958,0.5093545751633987,1.3711514867019006,1.7136381606589655,34.499260642594336,27.918991154851458
195099c8.qasm,64,success,10.437987799999998,0.5093545751633987,6.447913354260039,6.286530563693061,25.359836458663644,24.004894648562345
195099c8.qasm,512,success,0.2926443,0.5093545751633987,8.628931954441056,6.593526731453753,116.15096225340332,147.52720277895304
19550378.qasm,16,success,0.7261901,0.36666666666666664,1.4721431017558346,1.5558491279159032,0.8381381855633906,0.7948276012274017
19550378.qasm,64,success,0.7177524,0.36666666666666664,1.5763616066278305,1.5822543118606236,0.8578446084144354,0.7678216982455779
19550378.qasm,512,success,0.7171464,0.36666666666666664,1.9685687995238366,3.881024487593943,0.9028221377922334,0.9437268454441567
1959a985.qasm,16,success,4.8913162,0.5083333333333333,4.491721850734256,4.359600000112733,0.7648606826456383,0.7663658048066583
1959a985.qasm,64,success,31.2692711,0.5083333333333333,3.415400896361556,3.141790549581424,1.4252040934709267,1.4608239678462518
1959a985.qasm,512,success,1435.4921207999998,0.5083333333333333,1255.5940963025128,1213.497920077054,5.038108898421717,6.267715085212318
19d587f3.qasm,16,success,0.17350479999999996,1.0,0.19437872977035386,0.19159005965555878,0.21682550186883412,0.19922794343982467
19d587f3.qasm,64,success,1.2004384,1.0,1.0872445361249459,1.1440185596882337,0.9949039910802896,0.9194966308132212
19d587f3.qasm,512,success,0.172592,1.0,0.17666780070847843,0.1785262659532279,0.23139953133898378,0.2249656809581664
1a554de5.qasm,16,success,0.17159249999999998,0.4270833333333333,0.6719788471320725,0.8095785170262109,1.9923134795866448,2.3525218523076505
1a554de5.qasm,64,success,0.1756577,0.4270833333333333,1.117365260441454,1.2210326896328367,2.577880240446145,2.4684271855907167
1a554de5.qasm,512,success,0.1775085,0.4270833333333333,3.863178031138737,3.327814007762578,25.468440943782266,30.31758169250819
1aa22822.qasm,16,success,20.512900800000004,0.5041666666666667,17.811398357308633,21.34471716999622,25.059141994735693,22.94510870086495
1aa22822.qasm,64,success,1.1141745,0.5041666666666667,4.750229423109824,4.835372205633036,3.254727684600479,3.7633498480389176
1af5b336.qasm,16,success,1.0828512,0.50625,1.1019348908301585,1.1232392177061774,2.161236088609384,1.8088455537919526
1af5b336.qasm,64,success,2.2817078,0.50625,2.2442883307038524,2.222377948305439,2.970902522975715,2.2254604570916228
1af5b336.qasm,512,success,23.957207000000007,0.50625,22.10477513600387,23.107626145599184,18.5360498651079,15.348784915507087
1b91945f.qasm,16,success,0.5788403,0.45416666666666666,0.5580885642204224,0.5597664084993317,1.2733716432669406,1.394129381565141
1b91945f.qasm,64,success,1.1345342,0.45416666666666666,1.1091370299344243,1.0715856563406871,1.3945007315661726,1.524923718863969
1b91945f.qasm,512,success,2.7687015,0.45416666666666666,2.5608925624513827,2.7013921682648876,5.642650774482902,6.710780897702452
1cb3c32c.qasm,16,success,8.074354699999999,0.4878267973856209,7.991374983847949,7.973270230144114,5.222020716505644,6.0146570705396005
1cb3c32c.qasm,64,success,0.3971776,0.4878267973856209,0.2172444128909678,0.2171705944923557,3.9142085753082716,4.156393659137262
1d1dc1d8.qasm,16,success,2.091032,0.5666666666666667,2.043718109467118,2.0441782184604986,8.445217332608689,8.572561646950634
1d1dc1d8.qasm,64,success,12.1915016,0.5666666666666667,12.16505203552971,12.148221077880232,9.882415124504227,9.569367625266661
1d1dc1d8.qasm,512,success,477.1889418,0.5666666666666667,493.8735286350264,494.20040342719005,140.9376135491365,162.04262941948545
1d4b1889.qasm,16,success,0.4623995,0.43333333333333335,0.5310392589116375,0.5345074594785341,0.6431046979640165,0.7856584271232322
1d4b1889.qasm,64,success,0.339699,0.43333333333333335,0.34867171175669365,0.34692630365762145,0.6549141626883553,0.8640996452181151
1d4b1889.qasm,512,success,0.3409897,0.43333333333333335,0.34493842094475247,0.34366020955399373,1.6804119256052072,2.2646708871624037
1db5f683.qasm,16,success,2.0087796,0.5645833333333333,1.9957909232937554,1.9955902449273053,8.239888366016228,8.718894942023674
1db5f683.qasm,64,success,11.511427700000002,0.5645833333333333,11.417084367591826,11.398633296823506,9.556545638761103,9.502909647913095
1db5f683.qasm,512,success,436.8524219,0.5645833333333333,439.33899710833424,438.6937592545258,134.824233086244,155.03420263931667
1f1383d7.qasm,16,success,0.2250921,0.6156045751633987,0.17975994832287984,0.17654266763713752,22.801242277617032,17.210368710910988
1f1383d7.qasm,64,success,2.1631353,0.6156045751633987,2.5334572970715445,2.5380663774103414,21.30629185322587,17.120022928554572
1f1383d7.qasm,512,success,0.2264848,0.6156045751633987,0.17883669912673644,0.18351688969503832,84.03023940570495,87.71780610957244
1fd34b96.qasm,16,success,2.6722234,0.55625,2.6954777078691117,2.7024863572261015,13.520397007175,14.775239278517661
1fd34b96.qasm,64,success,21.079753,0.55625,21.14443625779619,21.038871679648107,14.202580194015985,14.837546134405986
1fd34b96.qasm,512,success,961.0837074000003,0.55625,958.6776639532964,947.5920082739194,236.66572907473636,267.6908828963925
20448412.qasm,16,success,147.65277569999995,0.7729166666666667,18.620661706944617,20.155804531343257,6.646205529864766,6.128788661462633
20448412.qasm,64,success,184.3939734999999,0.7729166666666667,12.70864967154031,11.472966309413534,3.133132789360376,3.005104239424873
20448412.qasm,512,success,148.94883800000002,0.7729166666666667,43.594375632817496,45.56056145117711,7.856952713057409,8.063518201737534
2059c310.qasm,16,success,0.4773265,0.7470652493207021,0.6310708328714624,0.6577986721078146,0.4758130300799817,0.4936637651058306
2059c310.qasm,64,success,3.3123999,0.7470652493207021,2.0929882674527915,2.1268021518764986,0.753054775703284,0.80097746443685
2078a631.qasm,16,success,2.4060191,0.55625,2.3556626593522183,2.3516655682386243,10.608410784455414,11.2888337962433
2078a631.qasm,64,success,16.260589,0.55625,16.264950799462415,16.406763751847656,10.71693207378129,11.682071968286966
2078a631.qasm,512,success,646.7251833,0.55625,491.71736117612824,492.67780294335086,172.40041449771334,212.82368164431665
208334f1.qasm,16,success,0.1715742,0.767361111111111,0.3355626378356243,0.3418898019696842,7.542629188042943,8.106045260722311
208334f1.qasm,64,success,1.1387004,0.767361111111111,1.610405881920464,1.8125325389898044,6.9854734338683855,7.903169694546217
208334f1.qasm,512,success,0.18524460000000004,0.767361111111111,0.5959210876487676,0.6667820587077004,159.5152205859152,185.76396503482343
2190b5a7.qasm,16,success,0.21629669999999998,0.36666666666666664,0.18600937279848961,0.1873504681452862,0.24908127377542227,0.24811362094720502
2190b5a7.qasm,64,success,0.1627301,0.36666666666666664,0.17863567862821222,0.17833105804475943,0.27246696413592214,0.27933797029668045
2190b5a7.qasm,512,success,0.2115168,0.36666666666666664,0.17922150093906825,0.17830521026994647,0.25242408389327126,0.2747109132770818
231bbda3.qasm,16,success,4.4113397,0.775,0.9057817293619089,0.8407402250792119,1.3225187613082414,1.0092254938586318
231bbda3.qasm,64,success,1.1731902,0.775,0.8977184398852149,0.9527185331442382,1.8027581303943088,1.710151118303296
231bbda3.qasm,512,success,4.424197,0.775,1.5346109173530396,1.1721142201601555,2.7945231053245974,2.1648598110038293
235dda60.qasm,16,success,2.3659587,0.55625,2.3389362057667533,2.3478415861688555,10.73797546385582,11.348171447113025
235dda60.qasm,64,success,16.3526073,0.55625,16.286300630168558,16.252962548867046,10.904295395573376,11.658634955586344
235dda60.qasm,512,success,307.20749069999994,0.55625,666.895068273661,664.3487499045989,175.4144780483864,212.82368164431665
24ca3082.qasm,16,success,2771.0450235,0.4618055555555556,2398.4784041228268,3266.566827046371,8.397860591098548,11.145182201065161
24ca3082.qasm,64,success,1988.8930581999996,0.4618055555555556,353.09245578096125,420.00429053624754,4.778500561848758,6.3402518611790075
24ca3082.qasm,512,success,2669.2542047999996,0.4618055555555556,3419.968349835579,5243.710343803632,28.2157204999682,64.09098392562188
25e26219.qasm,16,success,2.1708568,0.6687091503267975,1.5801142880249328,1.7061351771011422,0.6399552691540127,0.6321155184924625
25e26219.qasm,64,success,19.4090902,0.6687091503267975,1.364934352141608,1.6650333734307268,1.0193008805019237,1.1481797023994045
25e26219.qasm,512,success,705.1982490999998,0.6687091503267975,193.63916948966417,193.25981604961285,2.548145641025303,2.8987692441347765
25e5b703.qasm,16,success,0.17933479999999996,0.6947712418300653,0.21210991570220633,0.20137731827128702,0.25167285020719143,0.25982836160913375
25e5b703.qasm,64,success,0.21299800000000002,0.6947712418300653,0.23015568258232594,0.2208267297464888,0.30130901379518316,0.30595895181337157
25e5b703.qasm,512,success,0.17741980000000002,0.6947712418300653,0.2201982491310119,0.20393705096328388,0.31609620565787494,0.36810572030560734
264ca70e.qasm,16,success,1.6579639,0.5604166666666667,1.631912550810675,1.6259605965647177,5.770781237386349,6.791184872306304
264ca70e.qasm,64,success,9.2260978,0.5604166666666667,9.48920945812936,9.513842973312233,6.462376037488161,7.832214481942238
264ca70e.qasm,512,success,351.8730803,0.5604166666666667,344.92920654850855,346.63246315859027,94.90014370155907,93.43200530813387
27a012bc.qasm,16,success,0.5722517,0.42916666666666664,0.5799144181236852,0.5799669362928386,0.8006258066842313,0.9260338923548518
27a012bc.qasm,64,success,0.4555887,0.42916666666666664,0.45184320623057533,0.4558249276559929,0.8752130098444648,0.992237801632337
27a012bc.qasm,512,success,0.4530507,0.42916666666666664,0.4659010410581735,0.4624816878129573,2.284500873165027,2.6477802705398727
27dbf314.qasm,16,success,4101.517750300001,0.9986111111111111,2433.4504881076805,2506.686189559439,71.2881344451967,48.80086006188032
27dbf314.qasm,64,success,781.3788183,0.9986111111111111,2402.7647115882896,2458.703592267953,13.544396710232869,12.378602708599537
27dbf314.qasm,512,timeout,14399.999999999989,0.9986111111111111,14304.598242959051,14336.7104509544,1831.2588742989767,1796.2357243526349
27e0ec8e.qasm,16,success,0.18189549999999996,0.6197712418300654,0.20356578790037647,0.20429544025873594,1.781524724544382,2.2650934211740603
27e0ec8e.qasm,64,success,0.5226683,0.6197712418300654,0.5036072348900511,0.4969152635401572,2.9702805445450284,2.9657687441732064
27e0ec8e.qasm,512,success,0.17007229999999998,0.6197712418300654,0.22559961373148743,0.23312529625856435,11.934393946852834,15.877435220991154
2818a462.qasm,16,success,0.1707319,0.6291839359807592,0.34660139532317547,0.3523410624299727,3.4997353379117615,2.7623797740357983
2818a462.qasm,64,success,0.532209,0.6291839359807592,0.8289640924369683,0.883522998947325,3.47964708729817,3.4152093068431095
2818a462.qasm,512,success,0.1782918,0.6291839359807592,0.5768920362628445,0.4993780528142294,6.856203346011042,5.422217597463139
28f914b0.qasm,16,success,0.17556589999999997,0.7729166666666667,0.2005495101582647,0.19320232812713162,0.5295981603730928,0.5467969712512629
28f914b0.qasm,64,success,0.3044709,0.7729166666666667,0.17915276284208037,0.1792977193496798,0.5041683473799848,0.5141847276009743
28f914b0.qasm,512,success,0.18904039999999997,0.7729166666666667,0.19448304956851,0.19324591418477555,0.7337333185379113,0.7271426050950766
29886bb3.qasm,16,success,1.1166224,0.50625,1.0753282726517155,1.0730984046807852,2.161236088609384,1.8088455537919526
29886bb3.qasm,64,success,2.2984934,0.50625,2.2246795723430326,2.204605143160218,2.970902522975715,2.2254604570916228
29886bb3.qasm,512,success,24.0384279,0.50625,22.840172671411228,22.616694642060075,18.444593838985515,15.348784915507087
29a887f9.qasm,16,success,1.282956,0.48333333333333334,1.7476149465536284,2.1768842825692607,0.6153433649744388,0.6299171634179881
29a887f9.qasm,64,success,0.1893478,0.48333333333333334,0.8651725901135427,0.9460758471694687,0.9506841471897234,1.1628056574393983
29a887f9.qasm,512,success,115.45068950000004,0.48333333333333334,238.04573688915667,283.9014520911067,2.2031168709487576,2.537058268550398
2a04dd73.qasm,16,success,2475.065750599999,0.9986111111111111,2154.4702777084517,2026.8680226893198,66.65911742419563,48.540979805405385
2a04dd73.qasm,64,success,4965.618169699998,0.9986111111111111,706.2612843252534,749.4043874989505,13.195257216746793,12.241313275437543
2a04dd73.qasm,512,timeout,14399.999999999989,0.9986111111111111,12441.523129640089,13875.188657456483,1919.0643952180872,1792.2233904086652
2a0e53ef.qasm,16,success,2.3114425,0.3330147116196665,2.477689600540467,2.5116538556364505,3.4816462807571167,3.7062660934486376
2a0e53ef.qasm,64,success,7.718355099999999,0.3330147116196665,8.293420117523736,8.513607121643965,4.0409754153026585,4.646768699630544
2a48defb.qasm,16,success,1.2252849,0.8552512484394508,1.6325634729312335,1.8057475665539555,2.0405860842289565,2.1162929843411433
2a48defb.qasm,64,success,1.1154698,0.8552512484394508,1.7569331460780284,2.0090248073240886,2.0910251201072954,2.144514049036305
2a48defb.qasm,512,success,1.0666831,0.8552512484394508,1.6625495258794218,1.8226452845723422,2.189341508560346,2.1340498314860694
2af6859b.qasm,16,success,1.6940842,0.5645833333333333,1.690731674260295,1.6923224212052275,6.601033594460279,7.312062444521006
2af6859b.qasm,64,success,10.535087,0.5645833333333333,10.404321789224355,10.422210704457548,7.52844168693914,8.74905043958594
2af6859b.qasm,512,success,406.7180611000001,0.5645833333333333,405.13199655257694,405.1380783608091,104.83713838680404,104.00644865329951
2afe3d2e.qasm,16,timeout,14399.999999999989,0.48263888888888895,2098.235740312913,3478.5465477792245,11201.508270973787,12192.64623980833
2afe3d2e.qasm,64,success,42993.98471110003,0.48263888888888895,1524.4927883282887,2448.92820930107,10629.205700426748,12404.177383671637
2b148d98.qasm,16,success,1.743242,0.5541666666666667,1.7176796315818745,1.7141299818064644,8.96048998960963,8.733698729917496
2b148d98.qasm,64,success,12.223726400000002,0.5541666666666667,12.018602057592055,12.016577392912136,10.04754797552071,8.861820272102243
2b148d98.qasm,512,success,463.92748639999985,0.5541666666666667,462.9333824106271,458.131037353299,198.56035760357037,176.03105328657566
2b2951ed.qasm,16,success,2.0077434,0.5645833333333333,2.0002130901175033,2.0050872357756435,8.237663581995823,8.718894942023674
2b2951ed.qasm,64,success,11.446549900000003,0.5645833333333333,11.267367518291826,11.276832810823102,9.556545638761103,9.502909647913095
2b2951ed.qasm,512,success,452.89710410000015,0.5645833333333333,436.8530586974713,437.68377872208475,136.2088382246356,155.03420263931667
2bc3295c.qasm,16,success,1.2265953,0.648937908496732,1.573769891252502,1.6831310141594353,0.6691024145107415,0.6827957553425226
2bc3295c.qasm,64,success,2.2849539,0.648937908496732,1.2448503582783288,1.575994032034153,1.0215586742266909,1.1390704933354798
2bc3295c.qasm,512,success,247.46428770000006,0.648937908496732,100.66762432039388,104.3997609906089,2.715820584580427,2.6795867067244967
2cbfff1b.qasm,16,success,1.6880952,0.5604166666666667,1.541442202004551,1.5189324882626183,5.598787003861802,6.042803394045451
2cbfff1b.qasm,64,success,7.727305599999999,0.5604166666666667,7.650053065095864,7.63503779944888,7.093823531855973,7.5192840779780665
2cbfff1b.qasm,512,success,262.0564581000001,0.5604166666666667,262.6363000322304,260.5661200202378,85.22931551555577,110.33361044126181
2cedce95.qasm,16,success,2.0571062,0.5666666666666667,2.0419601339970774,2.041394039136701,8.445217332608689,8.641598989639325
2cedce95.qasm,64,success,12.120102900000001,0.5666666666666667,12.121333645485858,12.118518766213578,9.882415124504227,9.555869420415982
2cedce95.qasm,512,success,487.45001670000016,0.5666666666666667,492.38517190539244,493.44862054014453,140.9376135491365,162.04262941948545
2d399444.qasm,16,success,0.24198299999999998,0.34444444444444444,0.1940594920765205,0.19663937538246778,0.320862153350679,0.3401565429914947
2d399444.qasm,64,success,0.174648,0.34444444444444444,0.20305625770363991,0.1949565943193619,0.38211087255233434,0.38538243983257164
2ea1bf91.qasm,16,success,4.1367724,0.7409313725490195,4.101952163387532,3.9753376574738506,3.5906979337612728,4.159028943315529
2ea1bf91.qasm,64,success,0.1732643,0.7409313725490195,0.21080218741534826,0.22131458264881643,3.8525014639985544,3.6333743780554992
3026aed7.qasm,16,success,2.6565661,0.55625,2.671273756566818,2.6800574273485105,13.520397007175,15.282493938102924
3026aed7.qasm,64,success,20.9371593,0.55625,20.959585547468134,21.14597068415797,14.149019948085469,15.348801461820356
3026aed7.qasm,512,success,976.3809184000002,0.55625,962.44303866515,977.2860956324492,239.01197143083533,274.382823196127
306ac152.qasm,16,success,0.1732208,0.9854166666666667,0.20391643633135687,0.20424152034801168,3.174708808791272,4.155709737937311
306ac152.qasm,64,success,4.8258445,0.9854166666666667,4.610153595029213,4.664810986092174,6.126088086899713,7.560144655595
306ac152.qasm,512,success,0.19620739999999998,0.9854166666666667,0.20907146957333925,0.20374083779731378,39.463433599592115,39.98547912579836
3099a023.qasm,16,success,0.1891862,0.7833333333333333,0.23354815380165636,0.22373881576002413,0.20661808433840181,0.2326145692605794
3099a023.qasm,64,success,0.1662113,0.7833333333333333,0.2401424708628671,0.23171739805632993,0.23207003616701596,0.2611857849491484
31b8fb3c.qasm,16,success,0.4341455,0.7625,4.129787773713504,3.714056896013723,1.3610039948731107,1.0240707163549687
31b8fb3c.qasm,64,success,0.7438204,0.7625,1.344528385792616,1.4095723653993204,1.8293238867676613,1.7230982339732788
31b8fb3c.qasm,512,success,0.4242436,0.7625,4.655361334238873,4.6867515240365805,2.992758077452831,2.2257160671717644
31fd025e.qasm,16,success,1.6643892,0.5604166666666667,1.5514515784182183,1.5530959623911493,5.60318500671123,6.086724521807991
31fd025e.qasm,64,success,7.7553806,0.5604166666666667,7.740180368157182,7.725930773812998,7.158679015045746,7.644913230301393
31fd025e.qasm,512,success,267.4834676,0.5604166666666667,261.95162718541894,261.87645029548725,86.52207917820475,116.9379097457234
320de9fb.qasm,16,success,31.2115921,0.7027777777777777,17.99933033158184,14.4111298425746,35.76729807868192,59.25927347776842
320de9fb.qasm,64,success,323.8165090000001,0.7027777777777777,16.634777397550664,16.297812038195755,18.321070898423425,30.759779806060422
320de9fb.qasm,512,timeout,14399.999999999989,0.7027777777777777,387.0093629489398,237.1089168572506,85.41652937914955,208.48803063980523
32de9cc1.qasm,16,success,1.1081809,0.50625,1.0806551554843633,1.088391140290857,2.161236088609384,1.8088455537919526
32de9cc1.qasm,64,success,2.2914262,0.50625,2.244240287315112,2.2292757436959114,2.970902522975715,2.2254604570916228
32de9cc1.qasm,512,success,23.9661902,0.50625,21.808466821244526,21.89225025179953,18.444593838985515,15.348784915507087
32f44532.qasm,16,success,9.8694186,0.4857434640522876,9.150509478543535,9.335770945277707,5.472421918265147,6.641707282644645
32f44532.qasm,64,success,0.2578694,0.4857434640522876,1.0951953907562642,1.0496638099265747,4.254603979630722,4.8072183788144365
336f664c.qasm,16,success,0.1830161,0.49689542483660126,1.116379955971586,1.2559687530839558,7.284240714747819,9.355042567178529
336f664c.qasm,64,success,0.9599532,0.49689542483660126,3.8925953735147236,4.357656137507751,7.881335404752363,9.61324582974301
33a2f9be.qasm,16,success,1.0288815,0.5583333333333333,1.1379566408037416,1.118568372117197,3.6235404455325844,3.183620102783218
33a2f9be.qasm,64,success,4.3299639,0.5583333333333333,4.265521084778728,4.247521303285195,4.80763403196622,4.067920316711751
33a2f9be.qasm,512,success,94.16065650000002,0.5583333333333333,92.24681956699705,92.10467620719825,42.37025090384576,33.33460275014665
33c62fb8.qasm,16,success,30.588287800000003,0.7375,272.41600036336246,279.3261672960166,8.171707161983104,8.949429629224001
33c62fb8.qasm,64,success,12.3254206,0.7375,28.13675615407855,27.57880670917161,7.115876369718871,7.897072482657167
33c62fb8.qasm,512,success,30.066362499999993,0.7375,180.71893552745564,183.17533256198288,19.726050293227583,12.519678834416643
3436484d.qasm,16,success,1.3751076,0.5583333333333333,1.4215705331255217,1.4113816002849644,4.189746302142057,4.1072430624234135
3436484d.qasm,64,success,5.724491800000001,0.5583333333333333,5.745461076502121,5.7815618267224815,5.586347453077879,5.3082306595024145
3436484d.qasm,512,success,133.89079619999998,0.5583333333333333,135.10182364722718,134.18958595156442,60.93352042185099,44.961380698215315
36d0ea8f.qasm,16,success,0.21199920000000003,0.6260212418300654,0.18803842796787051,0.18418618436572612,1.7717178428773024,2.2650934211740603
36d0ea8f.qasm,64,success,0.4986337,0.6260212418300654,0.49243095917453983,0.5088699152956382,2.9702805445450284,2.9657687441732064
36d0ea8f.qasm,512,success,0.24181749999999996,0.6260212418300654,0.17721428022478056,0.17524139503592567,11.809593646311413,15.338829953166872
36e23777.qasm,16,success,1.4011911,0.5625,1.3926988574973862,1.3867999370990653,6.154676280055098,5.895605445710805
36e23777.qasm,64,success,7.946151799999999,0.5625,7.98666283940445,8.008761937183666,8.437392805943567,7.96275775412341
36e23777.qasm,512,success,294.89537780000006,0.5625,281.70427684684256,284.3591161774549,118.79108791018372,123.3571123710208
371eea68.qasm,16,success,0.1772997,0.4927287581699346,0.47467634587034285,0.5514781325078266,0.35498932344788786,0.31791099474789575
371eea68.qasm,64,success,0.2752777,0.4927287581699346,0.768614479205356,0.872944777764327,0.6793577735260089,0.619141791980665
376d7d92.qasm,16,success,0.1843133,0.9923611111111111,0.22016443663952828,0.2209151771451728,1.1186029627717826,1.8048891058569514
376d7d92.qasm,64,success,2.6315011,0.9923611111111111,2.500702649032816,2.493319032150164,3.223797443557758,4.016543301914997
376d7d92.qasm,512,success,0.17325090000000004,0.9923611111111111,0.2102405544890786,0.23335748562315617,2.9776752592059985,5.316152010611729
37bd268c.qasm,16,success,0.2436995,0.6196583028108246,0.29416802681964443,0.3097306231301183,26.74953826832974,23.888807239845118
37bd268c.qasm,64,success,1.1299787,0.6196583028108246,1.4581524691379697,1.5759717559852693,13.81494888233535,14.059407104260165
37bd268c.qasm,512,success,0.2388701,0.6196583028108246,0.3201002771711324,0.361878341029589,49.248201631883106,42.61587907484989
3814b0b9.qasm,16,success,133.23585000000006,1.0,128.1445382342147,132.0213767421498,63.76385620145873,38.91108977324074
3814b0b9.qasm,64,success,255.78723799999995,1.0,162.50073818981366,175.0620670047021,9.963511716897756,8.23977417478862
383bbcad.qasm,16,success,0.18195030000000004,1.0,0.20560603818014733,0.20179114352572108,0.2504653638852438,0.2331936542612007
383bbcad.qasm,64,success,0.6394028,1.0,0.5863698327122185,0.6042913708418199,0.4587845020942844,0.5009473620607471
383bbcad.qasm,512,success,0.1866326,1.0,0.20335193485808994,0.21049667057934274,0.2744259094665643,0.27447183599124364
3841ff5b.qasm,16,success,2.0053667,0.55625,1.998317379560299,2.011009642862854,11.61449371433627,11.45318488855698
3841ff5b.qasm,64,success,15.528729499999997,0.55625,10.615594824768818,10.468832040690218,13.228027891171005,11.628326101982902
3841ff5b.qasm,512,success,698.9163240000001,0.55625,698.4954522897295,700.5127937446919,248.37671595281336,239.02586526101535
385fa1b6.qasm,16,success,3.8934353,0.8510845817727841,3.381107518836347,2.791842878123722,4.860721809834655,4.669884034169801
385fa1b6.qasm,64,success,3.5853261,0.8510845817727841,3.49325910433476,3.1158220978213365,5.130201797049932,5.351664062176851
385fa1b6.qasm,512,success,3.8160909999999997,0.8510845817727841,3.1918200193944557,3.259499043935894,4.770258435473329,4.610709641400927
386534f5.qasm,16,success,1.7916922,0.5604166666666667,1.7971894880245651,1.7825352435216695,6.624866300263999,6.997171209464345
386534f5.qasm,64,success,10.0276048,0.5604166666666667,9.899417733993115,9.973027963401407,7.5145281746147985,8.14009426941352
386534f5.qasm,512,success,387.70292720000015,0.5604166666666667,367.57021185338317,372.574092623647,105.84791051945797,97.44651555208019
3a8d3e53.qasm,16,success,0.2819158,0.69375,2.208682398572239,2.2306014686911912,2.6301960444942374,2.3193293336423184
3a8d3e53.qasm,64,success,1.254632,0.69375,2.2517079638305706,2.383321686899441,3.017038898228916,2.485745807779104
3a8d3e53.qasm,512,success,0.2745265,0.69375,3.0018471427216,3.0002232488403404,2.869764954331259,2.8906724695870585
3be98d6c.qasm,16,success,2.6949336,0.9750816993464052,4.4535902804826515,4.090405301354322,6.295806551563258,6.409904934321166
3be98d6c.qasm,64,success,18.448310400000004,0.9750816993464052,8.654218060750674,8.754740456609756,5.9919961786515215,8.003746117859324
3be98d6c.qasm,512,success,485.3121658,0.9750816993464052,155.74819832108554,169.79919081958653,37.920441404889296,31.307994945596658
3c1f4948.qasm,16,success,0.1785881,0.3625,0.19348306462949547,0.20004136189742053,0.21273834044649237,0.24153093345011561
3c1f4948.qasm,64,success,0.21056039999999998,0.3625,0.20122352633551385,0.20907355909426933,0.2641132447994044,0.29015655873265916
3c1f4948.qasm,512,success,0.17540579999999997,0.3625,0.20756915856572408,0.20795589894301741,0.22225435989145076,0.24727583995503322
3c2f55c1.qasm,16,timeout,14399.999999999989,0.4895833333333333,40.83815391833906,44.22364529206639,75.96592198002568,123.14657266913076
3c2f55c1.qasm,64,success,10512.19065499999,0.4895833333333333,23.98487647335227,27.88480200236701,53.91836458027786,102.89305481957345
3c890561.qasm,16,success,16.929373900000005,0.5,2.599640982161524,2.5758512462729173,1.2394646832271503,1.1381720922753509
3c890561.qasm,64,success,1.2557023,0.5,1.1417661625841695,1.0886540241991522,1.7899793897378273,1.7536166167660114
3c890561.qasm,512,success,17.211887000000004,0.5,2.754875952397388,3.706967046051698,3.1967702717004713,2.703913895050104
3ccd19ee.qasm,16,success,2.046703,0.5666666666666667,2.0599367450891783,2.0606491084098315,8.445217332608689,8.527701534794584
3ccd19ee.qasm,64,success,12.164556399999997,0.5666666666666667,11.983719354233966,11.943172999283957,9.882415124504227,9.569367625266661
3ccd19ee.qasm,512,success,483.04813420000016,0.5666666666666667,489.66724459748406,487.8236634767407,144.47874866511918,164.62109015912904
3db115f1.qasm,16,success,0.2136195,0.6097624694774912,0.20048902648314645,0.1984021791598016,0.2121818048443278,0.21894431068821268
3db115f1.qasm,64,success,0.2706139,0.6097624694774912,0.34884763165586286,0.34475018921133993,0.4469640722994386,0.4452323688273251
3db115f1.qasm,512,success,0.17478360000000004,0.6097624694774912,0.2039231320690649,0.21622468869898878,0.24402923713853072,0.24245718212077266
3e2fde05.qasm,16,success,1.4735673,0.5604166666666667,1.4487880977320675,1.4537420714186648,5.719629421766722,6.3519296212051035
3e2fde05.qasm,64,success,8.440909600000001,0.5604166666666667,8.42764519035742,8.4559644197681,6.817758865210956,7.836804351554913
3e2fde05.qasm,512,success,314.5541481999999,0.5604166666666667,308.5343394118102,306.3865964298421,86.0561899539006,99.73920459475977
3e730381.qasm,16,success,0.1677842,0.9666666666666667,0.19321354758620263,0.1961233356523864,0.7423101615600919,0.5938789914345258
3e730381.qasm,64,success,1.4118832,0.9666666666666667,1.4276412391414082,1.3537480209460002,1.793288180750185,1.6929432643168345
3eb6cff0.qasm,16,success,13.542158100000002,0.3625,422.1000671988463,722.9440277065604,7.3244443445795735,7.595478993306064
3eb6cff0.qasm,64,success,12.568248899999999,0.3625,424.52376992062614,729.5105959103421,15.139039038116794,14.406405423844348
3eb6cff0.qasm,512,success,13.965547100000002,0.3625,96.98227662694264,126.02424208682136,14.503917229418766,19.985829944994727
3eca4614.qasm,16,success,1.7950401,0.5604166666666667,1.784872111915734,1.7902435283856317,6.603814089824709,6.997171209464345
3eca4614.qasm,64,success,9.9800103,0.5604166666666667,9.999373586180324,9.994890142959395,7.55319905752333,8.14009426941352
3eca4614.qasm,512,success,372.2380488000001,0.5604166666666667,378.81577763503213,379.9652934201043,105.84791051945797,101.1666627190916
3ee85ccf.qasm,16,success,1.0895266,0.50625,1.098700551069336,1.0949936858411038,2.43756085447091,2.148969669088797
3ee85ccf.qasm,64,success,2.564209,0.50625,2.61699551068865,2.559357968749223,3.366560345582469,2.618427201587347
3ee85ccf.qasm,512,success,34.452299200000006,0.50625,33.987314077748806,33.484171773151594,24.929332239864518,19.13517231416254
3f072f57.qasm,16,success,1.2063047,0.5583333333333333,1.1270532721186675,1.1237877438362756,3.6235404455325844,3.183620102783218
3f072f57.qasm,64,success,4.3106777,0.5583333333333333,4.2798721908099795,4.319688978301762,4.80763403196622,4.067920316711751
3f072f57.qasm,512,success,94.2666482,0.5583333333333333,94.66966638537842,94.89501803854289,43.302080855876355,33.33460275014665
3f858470.qasm,16,success,0.4377763,0.96875,2.685522955399732,3.2274183291361385,2.5823536606019446,3.612203313882574
3f858470.qasm,64,success,0.7186984,0.96875,2.1111081534463656,2.0278596408756835,1.8037576156106017,2.296082057576981
3f858470.qasm,512,success,0.4335088,0.96875,4.769326614113532,7.536191403816946,3.1627170982251704,3.7254617070377267
40b719e2.qasm,16,success,240.8145595,1.0,268.3540936434942,235.65477392216138,66.93930831778941,46.29649893786566
40b719e2.qasm,64,success,419.87369199999995,1.0,269.18404135320094,242.3789367756572,11.226957449259007,10.330674774211962
40b719e2.qasm,512,timeout,14399.999999999989,1.0,11479.808882567753,11522.949862761168,1101.0156988145438,1107.59952016763
40e78b26.qasm,16,success,0.1820556,0.7129764552122347,0.363843805622416,0.37551635946119766,0.29632039246602226,0.28504194421861556
40e78b26.qasm,64,success,0.1782775,0.7129764552122347,0.34551054512578605,0.3515140912323751,0.33939315017365784,0.3540008313805418
41bd27aa.qasm,16,success,1.101841,0.46819138645626784,1.4967552691752704,1.673714616216099,2.498701042731606,3.0185449305432566
41bd27aa.qasm,64,success,4.6966688,0.46819138645626784,4.250856351471857,4.864203592114572,2.8386341279343523,2.914925309804907
41bd27aa.qasm,512,success,153.17248469999996,0.46819138645626784,151.35675282740547,177.11295541116564,16.81764428565579,19.524004080053487
42a256ea.qasm,16,success,1.735077,0.5645833333333333,1.742206930642385,1.7360445078727238,6.9697260532801595,6.95657405044484
42a256ea.qasm,64,success,10.099978700000001,0.5645833333333333,10.04428395170043,10.093542185295375,8.23939430768365,8.908313088254477
42a256ea.qasm,512,success,403.5172516000002,0.5645833333333333,404.68117723978133,406.8167871013806,119.69806349570966,127.28763415494068
42a71e24.qasm,16,success,16.5057448,0.4354166666666667,6.43491602520636,4.568721254116315,2.603342998839201,3.063757609420903
42a71e24.qasm,64,success,30.1654734,0.4354166666666667,15.673753001377566,11.72108717824126,5.836727845585325,6.788019535113191
42a71e24.qasm,512,success,1844.9185097000002,0.4354166666666667,199.31014007175787,242.06619271971834,15.219389197856655,14.576090243048936
42fa6cae.qasm,16,success,1.9149404,0.55625,1.9391752181085449,1.9427917952856808,9.042601736409004,10.225427650750904
42fa6cae.qasm,64,success,14.109905799999998,0.55625,13.59892567879059,13.84392584622668,10.522000574512804,10.4142818800788
42fa6cae.qasm,512,success,563.9146286000002,0.55625,542.1411036170401,540.3968068369512,179.13983499017053,190.30834604295333
43168c33.qasm,16,success,0.17956979999999997,0.6527777777777778,0.21233563452940912,0.2102240003632891,0.2045939859173011,0.20974280456829827
43168c33.qasm,64,success,0.1776479,0.6527777777777778,0.1950427210643815,0.19825605428183388,0.22710582492666603,0.22030846405229995
43168c33.qasm,512,success,0.1781855,0.6527777777777778,0.1941971370085551,0.19154700900386387,0.19936973227664054,0.19551762369033152
4318a3ef.qasm,16,success,1.5160106,0.5604166666666667,1.5833928322722404,1.582386901592914,5.580995423342604,6.086724521807991
4318a3ef.qasm,64,success,7.7249488,0.5604166666666667,7.730137113755222,7.717723973580091,7.130329405917488,7.644913230301393
4318a3ef.qasm,512,success,261.0483979000001,0.5604166666666667,263.45935558963197,263.1336044007708,86.1794367548594,116.69110061454309
4327c91d.qasm,16,success,1.7815141,0.5541666666666667,1.7298551276317848,1.7337394598280094,9.083677828085884,8.83233610081857
4327c91d.qasm,64,success,12.242160500000002,0.5541666666666667,12.131906418756751,12.205701999041192,10.273110666932752,9.309591716763169
4327c91d.qasm,512,success,470.9695791000001,0.5541666666666667,462.5546269989172,459.269156516428,198.56035760357037,176.03105328657566
432efc30.qasm,16,success,0.1794426,0.70625,0.2417256557006574,0.23948629554400347,0.28340081362115144,0.29226009334045594
432efc30.qasm,64,success,0.1695758,0.70625,0.23639052884068815,0.23500688320261737,0.3371572157654945,0.3540149317113158
432efc30.qasm,512,success,0.17470619999999998,0.70625,0.2239103385720241,0.22216860996751808,0.34274631624282514,0.350929025472666
445caba2.qasm,16,success,0.18654210000000002,0.7666666666666667,0.18732904849565943,0.1872619822484061,0.2835181383808612,0.2916301369413641
445caba2.qasm,64,success,0.1677918,0.7666666666666667,0.18736901787703433,0.19178160408554165,0.3373516954947004,0.3487106019725067
445caba2.qasm,512,success,0.1767249,0.7666666666666667,0.18430266454148744,0.1850017194924635,0.3447375848282372,0.32997669406117286
448ebca1.qasm,16,success,0.1762951,0.42916666666666664,0.1970791060247375,0.19745218449835672,0.2398979796519605,0.23855933633447568
448ebca1.qasm,64,success,0.2993708,0.42916666666666664,0.1863202058961179,0.19131215976983323,0.24807554477382687,0.2470092101257336
448ebca1.qasm,512,success,0.18492459999999997,0.42916666666666664,0.18999029116693306,0.19660120831176128,0.24263135160346425,0.2498557960264508
46073cb3.qasm,16,success,81.2164082,0.3625,99.7487102140494,109.5265980476081,12.756360743775387,14.84593030542892
46073cb3.qasm,64,success,28.287276099999993,0.3625,34.03956081712241,43.43830958037586,11.967891980837912,15.334427266070772
46073cb3.qasm,512,success,82.40704189999998,0.3625,126.6905067761078,129.5524368334219,19.546099897516566,30.844207107621603
46188cf9.qasm,16,success,2.0354675,0.5666666666666667,2.048978613566678,2.0620131731100795,8.445217332608689,8.572561646950634
46188cf9.qasm,64,success,12.1403033,0.5666666666666667,12.159262812241286,12.163693136042728,9.882415124504227,9.569367625266661
46188cf9.qasm,512,success,496.7963674000002,0.5666666666666667,483.12252128304993,482.80250060370247,144.03719136308052,164.62109015912904
46de7f9b.qasm,16,success,7.0660452,0.504125816993464,5.737586833180238,5.86880074818435,4.3058017242824045,3.901993045133094
46de7f9b.qasm,64,success,0.17458329999999997,0.504125816993464,0.2573556787343303,0.251690930789559,3.858072647143961,3.4542527510139
4737100f.qasm,16,success,118.890095,0.4395833333333333,105.41328635378684,86.11406431503394,24.939282905219525,23.593407871320498
4737100f.qasm,64,success,214.64638220000006,0.4395833333333333,132.88349744073133,108.6639121342994,59.502075054650064,55.84760699225124
4737100f.qasm,512,timeout,14399.999999999989,0.4395833333333333,4556.5599619458735,4415.475308378391,2056.9446295235284,2771.453963305108
474aa01a.qasm,16,success,1.7337241,0.5541666666666667,1.7424483136942925,1.7477076658572068,10.677464885259027,9.25366130203284
474aa01a.qasm,64,success,13.154595900000004,0.5541666666666667,11.209917991416352,11.213601645428753,11.897358753882239,9.869732158238376
474aa01a.qasm,512,success,584.1059148999998,0.5541666666666667,593.5160792191357,586.7590864761365,259.2391802372776,203.44564923701802
4846208f.qasm,16,success,4.935263999999999,0.5151371275335976,0.22916905612077856,0.2436652852384496,0.3734829493806859,0.36425829500677165
4846208f.qasm,64,success,0.23925899999999997,0.5151371275335976,0.2446935236871262,0.2615722889780515,0.4011283346368075,0.4202907292289999
4a262567.qasm,16,success,1.8019782,0.5604166666666667,1.7944659046579818,1.7892242547491237,6.603814089824709,6.948281511087317
4a262567.qasm,64,success,9.9888149,0.5604166666666667,10.002487956051416,9.98433335050101,7.55319905752333,8.142847109501425
4a262567.qasm,512,success,371.86355819999983,0.5604166666666667,379.8609446167255,378.9545365343734,103.98780586214218,101.2008755470363
4a5eba47.qasm,16,success,0.1833999,0.9881944444444445,0.18446092635177913,0.18056371939505492,2.362660012552706,3.6087183703083627
4a5eba47.qasm,64,success,5.2547247,0.9881944444444445,4.3941497229439594,4.4760878360242335,5.359326634240305,6.938958169336032
4a5eba47.qasm,512,success,0.1847617,0.9881944444444445,0.1840845897990589,0.1831305697255785,9.487392028917741,10.87931699094706
4ae57e38.qasm,16,success,16.3446989,0.6756944444444445,1.5101780581045894,1.3462480792055178,0.9475507614822395,0.855367938234928
4ae57e38.qasm,64,success,2.3998315,0.6756944444444445,1.5994299006928294,1.4517877791359575,1.01309484747928,0.9859290467427847
4ae57e38.qasm,512,success,37.56116829999999,0.6756944444444445,11.68809912034067,11.647897927545264,2.7693845098579244,4.165712876882674
4cbdcf4f.qasm,16,success,1.1965732,0.5541666666666667,1.2141601723851736,1.2020816755863502,3.3038195580984198,3.019048836168315
4cbdcf4f.qasm,64,success,4.1559375,0.5541666666666667,4.214029424255027,4.122012747157684,4.645711560456443,3.9651767050332505
4cbdcf4f.qasm,512,success,94.93661020000002,0.5541666666666667,94.00378277418685,91.41478203624342,42.51894571647852,34.34937184253016
4d59437e.qasm,16,timeout,14399.999999999989,0.45625,4629.770056106364,6259.239839593721,8493.802124466521,9529.839835728922
4d59437e.qasm,64,timeout,14399.999999999989,0.45625,3501.6927561515927,5083.934262400433,7154.295871333637,9154.01383328887
4d78cdd5.qasm,16,success,0.1960339,0.7465277777777779,0.18289006581219655,0.18428972939692806,0.18923883207605008,0.18737745396201513
4d78cdd5.qasm,64,success,0.17771010000000004,0.7465277777777779,0.1785630141498784,0.18148172571371365,0.19257833123310295,0.1879587474262022
4dc2ff13.qasm,16,success,0.179415,0.6624999999999999,0.18531214613691896,0.18787294088045575,0.21545354330819905,0.20790817072563625
4dc2ff13.qasm,64,success,0.6179387,0.6624999999999999,0.5644844705058327,0.5503228952447635,0.43914453372029905,0.41947913538132076
4dc2ff13.qasm,512,success,0.18002370000000004,0.6624999999999999,0.20438425396512483,0.20865574338773088,0.2372112611469532,0.24182915691719295
4e8df7a8.qasm,16,timeout,14399.999999999989,0.45625,11509.42718232571,9298.13557392364,5981.224392234347,6427.182484568175
4e8df7a8.qasm,64,timeout,14399.999999999989,0.45625,10356.348383042785,8471.709093946742,5138.124579747713,5571.235151844834
4f476879.qasm,16,success,1.1168596,0.5583333333333333,1.1400632927536536,1.1437129740961316,3.991304006587819,3.4648714681242225
4f476879.qasm,64,success,5.087435700000001,0.5583333333333333,5.0301821903079,5.068563417535796,5.440233099539355,4.62595305896337
4f476879.qasm,512,success,148.26441930000004,0.5583333333333333,144.8975740423156,143.15779586317026,57.58899162688994,40.45810120601029
4f48ab57.qasm,16,success,0.5463127,0.4041666666666667,0.3854026360620478,0.4796034025861243,0.47626502088871564,0.4864561985786478
4f48ab57.qasm,64,success,0.4028144,0.4041666666666667,0.4445080861246135,0.468411867347663,0.7792048420757001,0.8006769927391476
4f48ab57.qasm,512,success,0.9204006,0.4041666666666667,0.6407562758554195,0.6770939783155152,1.1472055799229377,1.345572940356557
4f9a3ab1.qasm,16,success,0.1827227,0.6385212418300654,0.17915415175544722,0.17908591855835673,0.23699366811875616,0.22493950914627292
4f9a3ab1.qasm,64,success,0.2759283,0.6385212418300654,0.27542404690691796,0.2736039394710292,0.46440017084275476,0.48043492609900845
4f9a3ab1.qasm,512,success,0.17816029999999997,0.6385212418300654,0.1823987239224163,0.1820715666362495,0.2908941741486055,0.24240177960926348
4fd60583.qasm,16,success,69.0350985,0.5041666666666667,74.22406978616547,75.9939016769772,25.224236858090666,27.224388970852008
4fd60583.qasm,64,success,3.5823552,0.5041666666666667,4.284960177128399,4.508590189869564,3.415630034575937,4.318306891142962
4ffb1090.qasm,16,success,1.9565706999999999,0.3625,43.83296263846849,65.67849918526484,5.4637218858553185,6.138051045272962
4ffb1090.qasm,64,success,2.7308021,0.3625,49.11536612281632,69.06802613664327,8.873410751446196,8.007025427644539
4ffb1090.qasm,512,success,1.9538451,0.3625,17.56606224964021,21.857114913838494,9.89119524812754,15.903134815204684
5050d142.qasm,16,success,0.21214299999999997,0.6928595689212014,0.36219853676737446,0.37766187413052515,0.3079003352278762,0.33385806217867536
5050d142.qasm,64,success,1.9698752999999998,0.6928595689212014,1.3510573039326925,1.3001047853627976,0.6313728206933177,0.6158475622388481
51b16166.qasm,16,success,1.2138746,0.5541666666666667,1.2018867692760185,1.1967771260310318,3.292308926031009,3.028868622307783
51b16166.qasm,64,success,4.156859,0.5541666666666667,4.189732043685384,4.1503687922308306,4.585695218765902,3.9479093943305155
51b16166.qasm,512,success,91.95425450000003,0.5541666666666667,91.87467840974007,90.46534427593946,42.151370141957,34.34937184253016
51b543de.qasm,16,success,2.9811427,0.55625,3.067505256855845,3.078197684063484,14.796256905813836,16.204375688330558
51b543de.qasm,64,success,23.505974599999995,0.55625,24.538594921738067,24.236059055929267,15.535312704780349,15.624934212650258
51b543de.qasm,512,success,1080.9138732999998,0.55625,859.3110275958793,870.5796930857914,223.54264889516935,270.0334060007228
52b00428.qasm,16,success,2.009074,0.55625,1.9990046464049795,1.997286642605401,11.61449371433627,11.45318488855698
52b00428.qasm,64,success,7.728845400000001,0.55625,15.547542937569885,15.621451186449773,13.228027891171005,11.628326101982902
52b00428.qasm,512,success,691.5553226999999,0.55625,698.1525500423058,693.1859592783678,248.37671595281336,239.02586526101535
53442dc5.qasm,16,success,0.1755131,0.7979166666666667,0.21592271927598003,0.20209104400159247,0.32289996628220896,0.3199355100679288
53442dc5.qasm,64,success,0.2352298,0.7979166666666667,0.21115442191826334,0.2127863051858145,0.36163883807680947,0.3738001431782016
53442dc5.qasm,512,success,0.18592699999999998,0.7979166666666667,0.19616838991023752,0.195125295215668,0.40961514452330433,0.35317072634803476
5357322a.qasm,16,success,1.9833841000000003,0.5034313725490197,2.066441454320516,2.0767478990126604,1.4404143135306884,1.8224687639006727
5357322a.qasm,64,success,0.1795194,0.5034313725490197,0.17610223701043345,0.18690594269439664,1.6080972784066674,1.879873551284449
5385a9e9.qasm,16,success,1.7063132,0.5645833333333333,1.6912859243481888,1.6915885557480457,6.510175878656712,7.312062444521006
5385a9e9.qasm,64,success,10.5206042,0.5645833333333333,10.513969265709779,10.494840172286825,7.482485313747582,8.74905043958594
5385a9e9.qasm,512,success,406.11038670000005,0.5645833333333333,405.9818893414794,405.7880282232488,103.06725506637937,104.00644865329951
53e971c2.qasm,16,success,0.1748129,0.8729166666666667,0.19625283367031593,0.1962885702609233,0.29917056575533035,0.32059372353635546
53e971c2.qasm,64,success,0.1728286,0.8729166666666667,0.203388700243792,0.19954996221000237,0.3822058972028475,0.40923100633516674
53e971c2.qasm,512,success,0.1791764,0.8729166666666667,0.19739148351648544,0.19159725945263117,0.3666591168452218,0.36651545181218986
54c8f710.qasm,16,success,0.5430322,0.49583333333333335,0.720168650326323,0.7792066122030539,1.0669898785645628,1.1519282808630602
54c8f710.qasm,64,success,0.5765128,0.49583333333333335,0.7222697376693964,0.7809972847402145,1.0886953961685026,1.1605579234498165
54c8f710.qasm,512,success,0.5371048,0.49583333333333335,0.745270286675119,0.8040649732723596,1.2952113905935472,1.3345733863641516
54f0b8c5.qasm,16,success,0.18011680000000002,0.8111111111111111,0.6837179938514939,0.6800399484802131,0.4871993292383081,0.5129335575342837
54f0b8c5.qasm,64,success,0.2660724,0.8111111111111111,0.9464272130454323,1.1094808739504283,0.7694001294293832,0.8725067084896022
54f0b8c5.qasm,512,success,0.1865154,0.8111111111111111,1.509739708394707,1.6803687840742232,1.4458056460036082,1.4568508723838902
551cc6ea.qasm,16,success,4.0511647,0.5083333333333333,2.829128888464595,2.9402612844332254,0.7260698421226724,0.6368822586189783
551cc6ea.qasm,64,success,0.6177918,0.5083333333333333,2.128608988195123,2.0756654280949385,1.402406990438216,1.4712505439120527
551cc6ea.qasm,512,success,903.4430423000003,0.5083333333333333,435.08220406153083,415.05003968287775,3.5865950918257887,3.7688115913219993
568c1ef9.qasm,16,success,0.1891656,0.5954656862745099,0.18710825992962896,0.1870451025424982,0.23224846850090988,0.22289007975755334
568c1ef9.qasm,64,success,0.24343100000000004,0.5954656862745099,0.2929430442550331,0.3010027985683585,0.469304159315985,0.48650937965049995
568c1ef9.qasm,512,success,0.1862508,0.5954656862745099,0.18620505784655522,0.1857324026769003,0.2644384462783017,0.23615068720628973
574915eb.qasm,16,success,1.6900419,0.5700351582580598,1.6788410484950433,1.7269270709882243,2.8601038690608043,3.1376195984368693
574915eb.qasm,64,success,6.495244199999999,0.5700351582580598,6.072704438066945,5.830388723747298,3.9971130630712417,5.160745091593976
574915eb.qasm,512,success,257.82087350000006,0.5700351582580598,120.67215130254203,109.79548333508482,17.126500393894837,17.26700559008337
577f5adb.qasm,16,success,1.1850882,0.7470652493207021,0.6603399845583374,0.6515543483679939,0.5437985112095864,0.5452412329556404
577f5adb.qasm,64,success,5.6904274,0.7470652493207021,2.8647897882372053,2.678329715040916,1.003308608285932,0.9736901789946529
587be285.qasm,16,success,1.3891152,0.5625,1.387344561207737,1.3802404229641796,6.154676280055098,5.895605445710805
587be285.qasm,64,success,7.918703600000001,0.5625,7.99976575618503,7.986522391925145,8.437392805943567,7.96275775412341
587be285.qasm,512,success,284.79549880000013,0.5625,281.38769356685424,284.4551768921623,118.79108791018372,123.3571123710208
588e0101.qasm,16,success,0.22066920000000004,0.4693176784993023,0.4423981368502939,0.4017613703956819,0.35697630698528143,0.3629423159812424
588e0101.qasm,64,success,0.48802539999999994,0.4693176784993023,0.6685312818150178,0.6300147917948163,0.4079595067142624,0.42461508419922456
588e0101.qasm,512,success,9.7979156,0.4693176784993023,2.0348715220373124,2.0687656397186713,0.40869133772172145,0.46988349318159006
591d39f6.qasm,16,success,2.6787045,0.55625,2.672338731768056,2.680413240324529,13.520397007175,15.282493938102924
591d39f6.qasm,64,success,20.992547700000003,0.55625,20.98415358482003,21.121960406278056,14.202580194015985,15.348801461820356
591d39f6.qasm,512,success,981.4918502999997,0.55625,959.1885098884029,962.8794773401203,239.01197143083533,274.86310105887446
59267ce4.qasm,16,success,0.2185542,0.63786704464089,0.25971621700326125,0.2624596022702683,0.2470381201712687,0.27028011984669
59267ce4.qasm,64,success,0.2873506,0.63786704464089,0.42930514401339104,0.4261832501079248,0.38925788636361625,0.38122950814660006
59267ce4.qasm,512,success,0.2381152,0.63786704464089,0.34226318034360714,0.3184035705574082,0.25885601192807045,0.29465870841561587
5a4964e2.qasm,16,success,3.0040687,0.55625,3.140095884430329,3.1506641007332026,14.796256905813836,16.204375688330558
5a4964e2.qasm,64,success,23.571399400000004,0.55625,24.350697278636073,24.82690141036931,15.535312704780349,15.624934212650258
5a4964e2.qasm,512,success,1113.7247560999997,0.55625,1136.9485253323858,1116.198049130214,223.54264889516935,270.0334060007228
5a741dbe.qasm,16,success,1607.2905075999995,0.5305555555555556,0.2980112115172291,0.3550147786914874,0.24106407287903422,0.2956900733359233
5a741dbe.qasm,64,success,63.61018129999999,0.5305555555555556,0.3169302843357485,0.3729835382915904,0.27969320899434563,0.3463279696394825
5a9f20b0.qasm,16,success,1.9873639,0.55625,1.9400328702084304,1.9351994135896413,9.042601736409004,10.30777600611262
5a9f20b0.qasm,64,success,14.174923699999999,0.55625,13.716727918453877,13.63974313968799,10.522000574512804,10.399591869652317
5a9f20b0.qasm,512,success,556.7358081999998,0.55625,548.2598789160684,550.4502361262367,178.06068059926903,190.30834604295333
5b419375.qasm,16,success,5.069990999999999,0.5229309812642288,3.701914618504168,3.490185005127136,4.860859597082953,6.094105034071945
5b419375.qasm,64,success,18.199755699999997,0.5229309812642288,12.799764819581801,11.3509232774523,5.311813475372247,6.09083813036685
5b419375.qasm,512,success,735.2598270999999,0.5229309812642288,407.46578684452726,398.2684273922929,30.135937561681363,33.153953545429424
5b482142.qasm,16,success,0.18248999999999999,0.4569444444444445,0.181849239223028,0.18344025974091405,0.20672588497412067,0.20115300413476336
5b482142.qasm,64,success,0.176904,0.4569444444444445,0.1761682052497287,0.17461913431055767,0.20959638778105422,0.19872414632206425
5b58ce32.qasm,16,success,0.23533430000000002,0.8694444444444446,0.20947853847842066,0.21286892107174954,0.20735807097389772,0.23939872594021688
5b58ce32.qasm,64,success,0.1714296,0.8694444444444446,0.21769356506182255,0.22908349710561773,0.2340134921229797,0.2527912789559253
5c176f37.qasm,16,success,2.1709223,0.4728758169934641,2.308121672140152,2.5306612350738327,0.6580066066251624,0.5954965276567797
5c176f37.qasm,64,success,0.177055,0.4728758169934641,7.132247942932963,6.6485726854081335,1.0327641962647656,1.1992264670049169
5c176f37.qasm,512,success,218.88470399999989,0.4728758169934641,465.00636926974096,359.29954049430324,2.7304639897857026,3.5658243129937173
5c2359c8.qasm,16,success,18.8537477,0.90625,3.7267459293138154,3.4028630133071767,1.8881136774051537,1.2002178139951367
5c2359c8.qasm,64,success,0.8920383,0.90625,2.0869821684517462,2.097932972208603,2.0982224975937473,1.4884992267814028
5c2359c8.qasm,512,success,26.214138599999995,0.90625,19.589623613401955,31.769440214462357,4.6053394986913,4.16567158988437
5cfcb9cd.qasm,16,success,45.6465889,0.844834581772784,9.020862290846136,8.150172563865366,8.1741370946208,7.781546793793553
5cfcb9cd.qasm,64,success,42.3598636,0.844834581772784,8.624545159931602,8.54883028031279,5.7886445310896955,6.130696839981856
5cfcb9cd.qasm,512,success,45.74182770000001,0.844834581772784,8.652271238836407,8.803714843473543,5.336310436848467,5.539851955983036
5d14d092.qasm,16,success,1.8427508,0.5645833333333333,1.8663578867032888,1.8659100323275903,8.036689279333178,7.5256357000849405
5d14d092.qasm,64,success,10.707354900000002,0.5645833333333333,10.692163168276371,10.677071329716858,9.823608938737436,9.615411135732552
5d14d092.qasm,512,success,449.6638395999999,0.5645833333333333,436.017289766727,437.0802561956055,150.823744465498,154.51130516091587
5d2b11a2.qasm,16,success,1.7544678,0.5541666666666667,1.7588989526746066,1.7595540818010915,10.677464885259027,9.25366130203284
5d2b11a2.qasm,64,success,6.910084599999999,0.5541666666666667,13.084841081023718,13.118550989728035,11.897358753882239,9.869732158238376
5d2b11a2.qasm,512,success,578.8071934000002,0.5541666666666667,575.2435756260228,575.2241815250129,259.2391802372776,205.35759062495555
5d565485.qasm,16,success,1.7579763,0.5541666666666667,1.7441617615736806,1.7483590098325084,10.677464885259027,9.25366130203284
5d565485.qasm,64,success,13.180583699999998,0.5541666666666667,12.303667171097999,12.27502514908728,11.897358753882239,9.869732158238376
5d565485.qasm,512,success,577.6552693999998,0.5541666666666667,587.9161315094753,589.748545581235,259.2391802372776,203.44564923701802
5da1db4b.qasm,16,success,1.6695542,0.5604166666666667,1.65708003942208,1.6566894859276151,5.770781237386349,6.791184872306304
5da1db4b.qasm,64,success,9.5052925,0.5604166666666667,9.404215298635227,9.36241267049725,6.462376037488161,7.832214481942238
5da1db4b.qasm,512,success,340.80459760000014,0.5604166666666667,350.54108249392095,351.148791802325,94.90014370155907,93.43200530813387
5e3dc35d.qasm,16,success,0.1754587,0.26692550557207906,0.18562210905398077,0.18713949362401933,0.25072400234017866,0.24303106972628546
5e3dc35d.qasm,64,success,0.1674483,0.26692550557207906,0.17854891959344713,0.17849209822057488,0.25855683046566574,0.2714293952095082
5e3dc35d.qasm,512,success,0.1802698,0.26692550557207906,0.17916377951941304,0.17957147183364505,0.2470134144493625,0.24919559685616738
5e4c8439.qasm,16,success,1.1020779,0.50625,1.1221252590207926,1.115728887298951,2.43756085447091,2.1437281668011536
5e4c8439.qasm,64,success,2.5658197,0.50625,2.634126554414508,2.5489693783107734,3.366560345582469,2.629879641733827
5e4c8439.qasm,512,success,34.3699009,0.50625,34.820871339231346,34.34965222943849,25.12090200407369,19.13517231416254
5e6b0a76.qasm,16,success,0.9429384,0.31388888888888894,0.7529650017787531,0.723448223324644,1.040318540603704,0.9035206553478367
5e6b0a76.qasm,64,success,0.8332049,0.31388888888888894,0.740974995290852,0.6691780119768583,1.6035160252741079,1.3280216195004497
5eaee29f.qasm,16,success,0.9021112,0.9041666666666667,0.5144918252738495,0.5092312568611996,0.522339018074236,0.5033621803591886
5eaee29f.qasm,64,success,0.1723742,0.9041666666666667,0.46036960335236493,0.4531922051229256,0.3693365846849719,0.4415188410345941
5eaee29f.qasm,512,success,0.8121324,0.9041666666666667,0.7883424834018646,0.7233519148257747,0.6367676083898404,0.7256847872484112
5ed4dd47.qasm,16,success,0.1778839,0.3673611111111111,0.18603632101580272,0.18379207602675574,0.19790628971368524,0.20303537001552344
5ed4dd47.qasm,64,success,0.1692181,0.3673611111111111,0.18443809673597852,0.18571793474025886,0.22716804784975997,0.20975156553166743
5ed4dd47.qasm,512,success,0.1719626,0.3673611111111111,0.18544359590143392,0.18119668255789498,0.19792021765968673,0.1921325615044219
5ee9c404.qasm,16,success,0.6110617,0.5083333333333333,0.1810446590618398,0.18447723474208624,0.6853232979164738,0.7646209313046591
5ee9c404.qasm,64,success,0.3699508,0.5083333333333333,0.16427023121797774,0.16413339223183337,0.5171241073356914,0.5470391112191549
5ee9c404.qasm,512,success,0.602949,0.5083333333333333,0.17456282872428702,0.17874907220311737,1.1503946699752527,1.0926119654558046
5ef5ff7c.qasm,16,success,1.9424587,0.55625,1.9404748181203384,1.935548924371992,9.042601736409004,10.30777600611262
5ef5ff7c.qasm,64,success,14.129976999999997,0.55625,13.692581322402557,13.646685754231354,10.522000574512804,10.399591869652317
5ef5ff7c.qasm,512,success,549.4164624999999,0.55625,548.8289426761412,543.681478182338,178.06068059926903,190.30834604295333
5f0ad979.qasm,16,success,1.4398049,0.5604166666666667,1.4425980010047714,1.4426978920116216,5.719629421766722,6.3519296212051035
5f0ad979.qasm,64,success,8.5335451,0.5604166666666667,8.42155585923552,8.446687104756158,6.817758865210956,7.836804351554913
5f0ad979.qasm,512,success,314.93001089999996,0.5604166666666667,308.6859791265075,303.2631901899421,86.0561899539006,99.73920459475977
5f39af5c.qasm,16,success,1.206501,0.6458333333333334,2.013107481304561,2.1459296168545183,2.3718206536036246,2.360697988979292
5f39af5c.qasm,64,success,1.2441665,0.6458333333333334,1.9944073010392078,2.1806354636323646,2.341041541013564,2.377830656160809
5f39af5c.qasm,512,success,1.2038937,0.6458333333333334,2.0472754282511216,2.1944464326748303,2.391035007165398,2.32438626338555
5f6a8a9b.qasm,16,success,0.21687830000000002,0.5458333333333333,0.18822872819220918,0.1884980575557544,0.22981975716716446,0.2499201651670232
5f6a8a9b.qasm,64,success,0.1669181,0.5458333333333333,0.20688453701055126,0.21309656666781449,0.2773773985353473,0.2981183307112555
5f6a8a9b.qasm,512,success,0.2251206,0.5458333333333333,0.18571553138122904,0.18830455674908633,0.23639331146347942,0.2582651217325929
5f79d6db.qasm,16,success,1.4444159,0.5604166666666667,1.4290944242190995,1.43706043233422,5.719629421766722,6.3519296212051035
5f79d6db.qasm,64,success,8.4894781,0.5604166666666667,8.455405541471073,8.513262614002276,6.817758865210956,7.836804351554913
5f79d6db.qasm,512,success,309.13355079999997,0.5604166666666667,314.0721242633796,313.90466361885836,86.0561899539006,99.73920459475977
613afa2d.qasm,16,success,1.1619439,0.5583333333333333,1.122484523969645,1.1317365397120802,3.6235404455325844,3.183620102783218
613afa2d.qasm,64,success,4.2897754,0.5583333333333333,4.310784657833519,4.3208859693903845,4.80763403196622,4.067920316711751
613afa2d.qasm,512,success,94.37437180000002,0.5583333333333333,92.48947460602369,92.93190639533248,43.302080855876355,33.33460275014665
622c4417.qasm,16,success,1.8900389,0.55625,1.9408607551529327,1.9346750015874252,9.042601736409004,10.30777600611262
622c4417.qasm,64,success,14.084895399999999,0.55625,13.696289563169277,13.628801504896272,10.522000574512804,10.399591869652317
622c4417.qasm,512,success,556.6662470999999,0.55625,543.4369739489478,543.7184902087218,179.13983499017053,190.30834604295333
635bd24f.qasm,16,success,9.4363397,0.4857434640522876,9.173190276590587,9.32198920440976,5.425982316974565,6.536622036288893
635bd24f.qasm,64,success,0.2822097,0.4857434640522876,1.0987128184837438,1.0459032279087386,4.210204626324864,4.769167033195319
637811d8.qasm,16,success,1.9822721,0.5645833333333333,1.9920560924678468,1.9954566187346578,8.12427902094064,8.649240085474453
637811d8.qasm,64,success,11.433697700000002,0.5645833333333333,11.497937770608191,11.453108876535245,9.49820897414179,9.516333044096278
637811d8.qasm,512,success,435.3994821999999,0.5645833333333333,438.4842562879483,435.72643303651023,139.47936068682156,155.03420263931667
63aaa50d.qasm,16,success,0.1790994,0.7541666666666667,1.042580197619946,0.9438396833614052,0.7270908905372275,0.7254438377425659
63aaa50d.qasm,64,success,0.3013606,0.7541666666666667,0.5912873367607847,0.5775188749859156,0.8486457641652402,0.9611634740596057
63aaa50d.qasm,512,success,0.1729242,0.7541666666666667,1.2866467155367958,1.1132487668614615,1.7472134114541498,1.64928597460048
64273f69.qasm,16,success,1.3970083,0.5625,1.398373990772841,1.3951996144213565,6.154676280055098,5.895605445710805
64273f69.qasm,64,success,7.9696109,0.5625,7.923658851750637,7.964544704822307,8.437392805943567,7.96275775412341
64273f69.qasm,512,success,282.52643209999997,0.5625,289.31938296856157,290.6441331334956,118.79108791018372,123.3571123710208
6457f235.qasm,16,success,0.22334520000000002,0.5833581185283102,0.5165310300113595,0.44720199618408735,1.2349355555685149,0.9442693460695057
6457f235.qasm,64,success,1.0101255,0.5833581185283102,1.1167025303637719,1.0024984843694318,1.7537011920398844,1.4601356200837612
6457f235.qasm,512,success,20.677099000000002,0.5833581185283102,5.736176870224346,4.889103476775577,2.7083284998396935,2.2010420141304605
64731b8d.qasm,16,success,2.0507906,0.5645833333333333,2.071769672769259,2.066609276795352,7.972867349593385,9.091238743727045
64731b8d.qasm,64,success,12.590871699999997,0.5645833333333333,12.5473947276804,12.564773436930093,9.05255545239681,9.779401144922252
64731b8d.qasm,512,success,496.20632519999975,0.5645833333333333,473.07297489230234,473.7466491759543,141.67649583001972,153.36027780516488
64f32748.qasm,16,success,1.9956137,0.5645833333333333,2.0006951967432745,2.001988810604374,8.237663581995823,8.718894942023674
64f32748.qasm,64,success,11.509393199999998,0.5645833333333333,11.396160201679617,11.454157946254613,9.556545638761103,9.502909647913095
64f32748.qasm,512,success,437.9071593999999,0.5645833333333333,437.2472329195903,435.8740445862587,137.65663859615685,155.03420263931667
6533abd6.qasm,16,success,9723.491495600001,0.6506944444444446,418.8534133586053,441.93404632046224,469.02070330127765,450.82597304240295
6533abd6.qasm,64,success,232.80990819999994,0.6506944444444446,164.34665269588623,189.710732059017,83.96322916222334,77.19360081524066
6533abd6.qasm,512,timeout,14399.999999999989,0.6506944444444446,2729.7396879558196,2766.656761449958,3352.314679395689,2808.847582651847
65dcd512.qasm,16,success,0.5612492,0.78125,0.2829258658009357,0.2506256347912988,0.7349791049403172,0.7504266334312235
65dcd512.qasm,64,success,0.5177774,0.78125,0.3554946686461915,0.3487455826368983,0.8724555660992729,0.9710414753603531
65dcd512.qasm,512,success,0.5506512,0.78125,0.27263033521567404,0.2724849313848644,1.7412920549620785,1.696653374054489
661be484.qasm,16,success,879.1681902999999,1.0,649.0285367789774,680.6747781792702,71.26702992460481,46.70577324018522
661be484.qasm,64,success,505.07029809999983,1.0,613.6308319842376,566.705561308094,12.12832966061641,10.966561113246524
661be484.qasm,512,timeout,14399.999999999989,1.0,14000.038650921953,14153.820091047224,1203.5218745702778,1238.4787842234439
66343f14.qasm,16,success,0.1837175,0.637901124283983,0.1941483924389854,0.19697603975688854,0.24443643066424633,0.2558127192500766
66343f14.qasm,64,success,0.17714659999999996,0.637901124283983,0.19679180255425174,0.19706171064662112,0.35173673366657704,0.34674675301841873
6694b099.qasm,16,success,13.838370900000003,0.7666666666666667,9.075043955594882,6.870861768710161,4.979490926605773,4.070141302679899
6694b099.qasm,64,success,13.804308500000001,0.7666666666666667,7.8944560259789345,5.967814074661057,4.03556868249156,3.8363946091433574
6694b099.qasm,512,success,13.781358199999998,0.7666666666666667,9.37582152593083,11.434442499144502,4.556189304337301,4.504856272503605
67346cae.qasm,16,success,0.179131,0.7524474232576929,0.3151376479223908,0.3911011165701324,0.21122073403918235,0.21377637322373322
67346cae.qasm,64,success,0.1538984,0.7524474232576929,0.32293454807064337,0.3951236667273643,0.3836138528167462,0.4277611240910091
6740a375.qasm,16,success,0.1709286,0.7479166666666666,0.18016304024063404,0.1773591884873141,19.3058306830998,17.048494248776564
6740a375.qasm,64,success,10.014619999999999,0.7479166666666666,9.420377879096343,9.487796318642385,21.795035221393864,19.37544309838595
6785591a.qasm,16,success,0.21514669999999997,0.9958333333333333,0.18247594880244944,0.18278403868295234,0.2583958344321087,0.24392224918189295
6785591a.qasm,64,success,1.0548189,0.9958333333333333,1.0787541216341237,1.0523244695091007,0.8159618661502072,0.8148137435499547
6785591a.qasm,512,success,0.22718,0.9958333333333333,0.1899655026375718,0.18489037155041627,0.3396008937505583,0.3129539931574939
67b5fe45.qasm,16,success,397.968539,0.69375,362.69594312859755,298.3089326368272,21.59812313015339,23.267865057137605
67b5fe45.qasm,64,success,113.48249140000004,0.69375,131.34440636653343,129.64838269890646,5.371715529946082,6.5225128423084495
67b5fe45.qasm,512,success,1642.6080189999993,0.69375,486.0406647367354,432.997080849539,9.060541445103375,8.690634697209271
67f3547d.qasm,16,success,1.4342771,0.5458333333333333,1.8333694866368617,1.8916130647182412,0.5307638301864549,0.5244521340478757
67f3547d.qasm,64,success,1.2461029,0.5458333333333333,1.8684449017878817,1.9100332267497233,0.6321200943608853,0.6330832897624281
67f3547d.qasm,512,success,1.4320807,0.5458333333333333,1.8075820227088062,1.8871841322423615,0.5029924729476144,0.5194574496718388
68528bdf.qasm,16,success,0.18044680000000002,0.2791666666666667,0.28009191045401416,0.27597425121906155,0.30721874130147914,0.3109063730279174
68528bdf.qasm,64,success,0.16605900000000004,0.2791666666666667,0.32749016530285613,0.3016199568094878,0.3263427686144356,0.35784298769116224
68528bdf.qasm,512,success,0.1813397,0.2791666666666667,0.2897185763010634,0.3034271425564093,0.3217331661192892,0.3909339888248951
699bd83c.qasm,16,success,724.0946028,0.4395833333333333,423.7254084276316,389.3099855413212,32.73001088187274,31.998551167238787
699bd83c.qasm,64,success,1079.0000190999995,0.4395833333333333,380.4575275827702,382.82364172468624,65.82304857721026,66.97434721480796
699bd83c.qasm,512,timeout,14399.999999999989,0.4395833333333333,11053.628294902235,10731.39157033753,1740.6655113740976,2625.2949810167584
69c7223c.qasm,16,success,0.9718195,0.6972222222222222,1.2045449961391228,1.4264074904621689,0.6119208764690742,0.5856375126485701
69c7223c.qasm,64,success,5.8605898,0.6972222222222222,3.0231085462986833,3.2666419420735626,1.0235423667272072,1.0984096047266325
69c7223c.qasm,512,success,278.43948709999995,0.6972222222222222,90.59388854654784,97.56361937132765,2.883042758621834,3.037181662251142
69c8191e.qasm,16,success,0.1765269,0.6156045751633987,0.17528639403829716,0.1740140515353511,3.6988096433049296,5.28741918970843
69c8191e.qasm,64,success,1.0784193,0.6156045751633987,1.0558667611349608,1.0598361191294035,5.05936766073826,7.514296339819736
69c8191e.qasm,512,success,0.1721093,0.6156045751633987,0.18145575475567374,0.1789097706845155,39.141953909581076,49.852081353061045
69cf1b12.qasm,16,success,1.8664405,0.5645833333333333,1.869662008004469,1.8706890720508196,8.036689279333178,7.5256357000849405
69cf1b12.qasm,64,success,10.711429399999998,0.5645833333333333,10.651132521175418,10.634696963441781,9.823608938737436,9.615411135732552
69cf1b12.qasm,512,success,436.15847559999986,0.5645833333333333,444.19009331397655,443.9432279938779,150.823744465498,154.51130516091587
69e799fa.qasm,16,success,1.7161594,0.5645833333333333,1.74355863644061,1.7425507237485238,6.9697260532801595,6.95657405044484
69e799fa.qasm,64,success,10.0683018,0.5645833333333333,10.105752244459566,10.118819106252452,8.23939430768365,8.908313088254477
69e799fa.qasm,512,success,403.8135676999998,0.5645833333333333,404.6457526421849,405.92720441934296,119.69806349570966,127.28763415494068
6a5034af.qasm,16,success,6.6179706,0.9354166666666667,64.2094226631946,70.73978706409927,104.61861136524934,105.16815827445097
6a5034af.qasm,64,success,4.0574428,0.9354166666666667,24.45177876350899,27.773008412901948,49.4257309604015,45.814211509154454
6a5034af.qasm,512,success,6.5558647,0.9354166666666667,501.293632021734,468.68578331115896,123.82894372829993,133.27046749331666
6bc3891b.qasm,16,success,0.17711910000000003,0.4354166666666667,0.22034616251132352,0.2432952504834304,0.26838794705926355,0.2807355847252659
6bc3891b.qasm,64,success,0.31236659999999994,0.4354166666666667,0.24207681590183652,0.25465025597323465,0.3189369785027269,0.35298000409553126
6bc3891b.qasm,512,success,0.17175660000000004,0.4354166666666667,0.23396627611818185,0.24790374081556107,0.304422553356542,0.35298789630387145
6c69bcc7.qasm,16,success,1.8685516,0.5645833333333333,1.9004425161359022,1.8991103470078698,7.882050848950589,8.280642871342362
6c69bcc7.qasm,64,success,11.340408599999998,0.5645833333333333,11.345721443403177,11.355162155308623,9.437495911849787,10.26654829982276
6c69bcc7.qasm,512,success,472.5519850000001,0.5645833333333333,463.53674627605193,465.7661909546706,141.81973957347665,149.74260067762611
6c848dc7.qasm,16,success,0.1774831,0.8631944444444444,0.21090438410106674,0.20990747947638055,0.34815449184295894,0.40008439896235715
6c848dc7.qasm,64,success,0.3084388,0.8631944444444444,0.25108145854911323,0.244436395025505,0.42487097433783066,0.45074168161768996
6c848dc7.qasm,512,success,0.1831113,0.8631944444444444,0.2098204179239444,0.20855323918566232,0.6489924292378128,0.5190941368519305
6d2833ea.qasm,16,success,1.8673472,0.5645833333333333,1.866875866779188,1.8664728361700502,8.036689279333178,7.5256357000849405
6d2833ea.qasm,64,success,10.6146131,0.5645833333333333,10.692163168276371,10.677071329716858,9.823608938737436,9.615411135732552
6d2833ea.qasm,512,success,436.21131729999996,0.5645833333333333,436.076228122793,437.2485601235328,150.823744465498,154.51130516091587
6da6ce61.qasm,16,success,2.6050772,0.55625,2.5913754921984826,2.58566673304944,10.788959667413799,12.860953156035736
6da6ce61.qasm,64,success,18.417722099999995,0.55625,18.357498416783454,18.390471151796127,10.662932395429232,12.359487822539789
6da6ce61.qasm,512,success,709.6141829000002,0.55625,701.7666375848776,702.289454489407,169.06436842335646,193.87211125056325
6de17b5a.qasm,16,success,10.0667903,0.9846762663398693,5.5122738744921405,5.81987646126176,33.05157777431364,24.25069130068374
6de17b5a.qasm,64,success,53.133645300000005,0.9846762663398693,12.743357334711524,13.633154313470849,23.18156765169602,19.85280261521148
6de17b5a.qasm,512,success,1966.0381447999994,0.9846762663398693,44.13758286653664,36.398302207771756,126.81835061581019,54.1988057250775
6ee18f92.qasm,16,success,0.172242,0.7330905302195785,0.22030277835173348,0.22378188801974563,0.2565420308776741,0.2891316914313267
6ee18f92.qasm,64,success,1.1563193,0.7330905302195785,0.9615901068448246,0.9497103761718456,0.3664544453758653,0.3884584052167345
6f16ddc6.qasm,16,success,0.18066420000000002,0.7298840890522876,0.18761068804661962,0.1873069766382953,0.20435558411105645,0.21332063126728013
6f16ddc6.qasm,64,success,0.1723963,0.7298840890522876,0.18149003839134095,0.18437865185920266,0.2663476771711628,0.25733348334075723
6f6328cc.qasm,16,success,6.304043,0.504125816993464,6.407864266336917,6.432828881723145,4.227123589729389,3.891462797743726
6f6328cc.qasm,64,success,0.2283101,0.504125816993464,0.18838618585447814,0.18600628004560466,3.804378557291708,3.406751696891579
6fef948c.qasm,16,success,10.714402200000004,0.875,5.671229594374559,7.116111608615569,7.507381345915725,7.410413461804526
6fef948c.qasm,64,success,0.5896737,0.875,2.416766476408574,2.6700890335576464,5.421855262566229,4.998629861029137
6fef948c.qasm,512,success,7.8826795,0.875,15.954844124785328,14.277407901531053,15.263425741915993,12.625805643515239
700c376b.qasm,16,success,2.0538495,0.5666666666666667,2.0447071660423974,2.045552499747741,8.445217332608689,8.596377605898013
700c376b.qasm,64,success,12.202639099999999,0.5666666666666667,12.162927217846125,12.164823525801296,9.882415124504227,9.555869420415982
700c376b.qasm,512,success,480.9286841000001,0.5666666666666667,492.0278996371023,493.31868635372024,141.36966885239266,162.04262941948545
7063be19.qasm,16,success,1.984057,0.55625,2.003519818587503,2.012124249474118,11.676312482432703,11.45318488855698
7063be19.qasm,64,success,15.381964099999996,0.55625,10.897516457266287,10.803316454006904,13.325914646292015,11.694924588128119
7063be19.qasm,512,success,699.658068,0.55625,695.3699602417194,692.0998700724957,253.83915382784645,245.9120733684918
70d5d461.qasm,16,success,7.1855928,0.5125,5.744215095338056,5.6401537442446354,0.9317964342027124,0.8690385590225597
70d5d461.qasm,64,success,0.1600138,0.5125,4.094389387248082,4.7198310718816625,1.3604389303330349,1.3216343642109945
70d5d461.qasm,512,success,8.8462365,0.5125,290.94040723728955,313.9524571084341,4.254061892748313,4.61361542312114
711cdd0b.qasm,16,success,1.5356056,0.5583333333333333,1.5235279614754247,1.5253402740973867,5.192660302097871,5.726759470848061
711cdd0b.qasm,64,success,6.9356012,0.5583333333333333,6.860496119328775,6.849389538508942,7.178698575572121,7.5420096803957675
711cdd0b.qasm,512,success,204.2237956,0.5583333333333333,204.63671793555977,204.95650456184745,97.08679764993839,100.42696783558173
72b5f996.qasm,16,success,0.1764023,0.6071583028108246,0.25424374799668287,0.23835195639283804,7.538882633220968,7.832923719063568
72b5f996.qasm,64,success,0.6280924,0.6071583028108246,0.9291484115853774,0.9245219962140978,5.205549442662725,6.020772933531378
72b5f996.qasm,512,success,0.1757353,0.6071583028108246,0.30894148098179197,0.2861797727656163,12.777297799037855,15.875406443756988
72cc2f13.qasm,16,success,15.445616199999996,0.5041666666666667,10.349308787012646,11.2003614617858,19.0418644755311,14.703885164214515
72cc2f13.qasm,64,success,25.191536599999996,0.5041666666666667,0.7012600393379999,0.6709770349029277,2.016087034446164,2.256523471009449
72d8892d.qasm,16,success,0.955442,0.9792483660130719,2.225518293104051,2.4931442439964044,3.1739207149353876,2.511795823656828
72d8892d.qasm,64,success,5.2796491,0.9792483660130719,4.045829620126301,4.823725974226926,3.667640150503061,4.033093072536966
72d8892d.qasm,512,success,142.81771470000007,0.9792483660130719,11.916584197595196,12.76256948443305,11.758578702768785,7.235700017968539
73191d24.qasm,16,success,0.1741543,0.6952247191011236,0.32322089516239555,0.31354122042463956,0.44225169517986035,0.5185654799739828
73191d24.qasm,64,success,0.1658449,0.6952247191011236,0.35274399271841955,0.339573506487553,0.5555629026913942,0.6104534187328596
73191d24.qasm,512,success,0.1710847,0.6952247191011236,0.3660835225980029,0.3476369955103577,0.7569764673279524,0.8745561703339425
7337baba.qasm,16,success,0.17470819999999998,0.4088290085463024,0.18108443969335808,0.18307836864768073,0.29758319343085027,0.27334076255988077
7337baba.qasm,64,success,0.1769813,0.4088290085463024,0.18351140433606364,0.184632699395838,0.3955512140626352,0.38061888305878244
733f4518.qasm,16,success,280.2611961999999,0.5611111111111112,234.59008809349638,222.12002917631375,30.448974537324915,24.29420120680738
733f4518.qasm,64,success,27.346887899999995,0.5611111111111112,48.93078823466583,50.37835296463232,5.392079224685289,5.665933950265623
733f4518.qasm,512,success,11435.180826499996,0.5611111111111112,11117.238549144415,11142.350321025224,400.5716314370161,472.12234784613383
73f498a0.qasm,16,success,0.586508,0.4354166666666667,0.378268507910035,0.47008357242125826,0.46046034383352125,0.4544796004076231
73f498a0.qasm,64,success,0.9841235,0.4354166666666667,0.5948011494238472,0.6830968494825258,0.7478771286536834,0.7764653902833826
73f498a0.qasm,512,success,1.3402632,0.4354166666666667,0.5797628214813045,0.7120126313793903,0.7858445936331828,0.7910287865947839
742bfb51.qasm,16,timeout,14399.999999999989,0.45625,11812.937327968772,9652.26433497034,6214.007405046402,6766.083123135526
742bfb51.qasm,64,timeout,14399.999999999989,0.45625,10687.812295164096,8880.362945366473,5518.3657155882875,6038.829482192823
749ea355.qasm,16,success,0.22915330000000003,0.6363249694774912,0.47407367598463573,0.556983421700629,92.46813317367696,67.57509024716468
749ea355.qasm,64,success,2.3689134,0.6363249694774912,2.599039087642546,2.984100446964799,46.32323445228167,33.114349693208986
749ea355.qasm,512,success,0.2225618,0.6363249694774912,0.46546745848083576,0.757445432695888,102.07763954703776,84.62557901045709
7513561e.qasm,16,success,1.7643061,0.5541666666666667,1.7335707191610208,1.7481864178369972,10.677464885259027,9.25366130203284
7513561e.qasm,64,success,13.212665399999999,0.5541666666666667,11.273727808443368,11.13792739943171,11.897358753882239,9.869732158238376
7513561e.qasm,512,success,574.2641708,0.5541666666666667,572.2838986571278,574.8915252889783,267.8918710585323,210.07070339407758
75137edd.qasm,16,success,4.2534029,0.9125,0.8293571728219526,0.7644837541344005,1.0433470202056712,0.9845841034247985
75137edd.qasm,64,success,0.1687236,0.9125,0.6499093867245956,0.7317221810685163,1.0437270649624286,0.9909591313715448
75137edd.qasm,512,success,6.0661241,0.9125,2.8172007910297046,2.6993133114394454,2.2162263204115784,2.560804977672598
751d7ced.qasm,16,success,2.1812843,0.5666666666666667,2.1960428027930226,2.1976480749051386,9.309100392782911,9.236742818427068
751d7ced.qasm,64,success,12.570806900000001,0.5666666666666667,12.721436842725275,12.668886404827187,10.84322711279745,10.643635918408618
751d7ced.qasm,512,success,525.1337435000002,0.5666666666666667,524.5962030864623,524.7101075285444,173.8105101562878,186.69016249077148
752a65aa.qasm,16,success,1.7403424,0.5645833333333333,1.714212373931823,1.7237974830151004,6.994093739913583,6.993169221001818
752a65aa.qasm,64,success,10.069334200000002,0.5645833333333333,10.136234788182811,10.168628065792394,8.31124488065806,8.908313088254477
752a65aa.qasm,512,success,411.4862542999999,0.5645833333333333,401.4112739595226,402.1456331076198,123.20836085716083,127.28763415494068
7548d858.qasm,16,success,0.5394256,0.45208333333333334,0.5427719852741227,0.5352868702745137,1.49580413734076,1.7660123735185815
7548d858.qasm,64,success,1.3349159,0.45208333333333334,1.3584956307783227,1.288436297920518,1.6688592328893512,1.9539762295798866
7548d858.qasm,512,success,3.4632725999999994,0.45208333333333334,3.4043721940757115,3.3607607526641,8.443351372373469,9.419175187103214
758554e0.qasm,16,success,755.0281160999999,0.3854166666666667,551.8808879491302,879.9986264780255,8.384781210230205,11.426447555644522
758554e0.qasm,64,success,590.6946547999999,0.3854166666666667,413.5322231467871,646.8158777006472,3.9532859466755403,5.28959375399396
758554e0.qasm,512,success,592.4959399000002,0.3854166666666667,313.4824365975007,435.76412492488083,7.508593818352789,9.66173619342806
75bd5cbf.qasm,16,success,42.215876699999995,0.39166666666666666,6.143002109499067,6.226068318888367,0.5642443372218803,0.47353827090858475
75bd5cbf.qasm,64,success,15.9747854,0.39166666666666666,7.493613385641364,7.968856159785178,1.2044874242419508,1.1667862987152107
75bd5cbf.qasm,512,success,41.622736499999995,0.39166666666666666,14.8297287774525,15.495539992762286,2.8692470480235825,3.043153631926553
76034335.qasm,16,success,0.16997750000000003,0.9906862745098038,0.23618824876019492,0.26311346751790765,0.6229851536249824,0.6249980113520179
76034335.qasm,64,success,0.7581466,0.9906862745098038,0.28958134145760367,0.33485012882846205,1.655355499275652,1.6707948767787304
76034335.qasm,512,success,0.246009,0.9906862745098038,0.2525974124133759,0.26623868685477015,11.247977311454832,13.65142864977718
76d0b692.qasm,16,success,22.912727,0.5041666666666667,23.66041629820869,23.197682320369776,25.376050557413528,22.976724768304752
76d0b692.qasm,64,success,4.2618177,0.5041666666666667,1.5479886038423893,1.6066157400066585,3.197501400678052,3.768398202553998
77a3a480.qasm,16,success,1.6496207,0.5604166666666667,1.6535939931325352,1.648590934807047,6.409577176991888,6.531834779603932
77a3a480.qasm,64,success,8.934466900000002,0.5604166666666667,8.93690238393433,8.866347364571547,8.458647950915053,8.564977457650265
77a3a480.qasm,512,success,343.5808607,0.5604166666666667,335.4473186182402,339.3454941708342,103.19478504996181,152.76595250593888
78adf5c7.qasm,16,success,4.0229352,0.4138520840218109,2.7471280342729165,2.829975066796119,3.8879400875927974,4.638104118064716
78adf5c7.qasm,64,success,10.8530249,0.4138520840218109,8.282384414346437,8.803604243270625,4.295749942841491,4.736000350371063
78adf5c7.qasm,512,success,527.2902871999997,0.4138520840218109,254.75931626002753,261.7309972100578,28.015706837001563,31.512087175761486
78f96e37.qasm,16,success,1.3827565,0.5583333333333333,1.402863988643071,1.3990351581253981,4.189746302142057,4.1072430624234135
78f96e37.qasm,64,success,5.7355776999999994,0.5583333333333333,5.748573874325489,5.697037066389068,5.586347453077879,5.3082306595024145
78f96e37.qasm,512,success,134.27502299999998,0.5583333333333333,136.29419447996446,136.2010484922446,60.93352042185099,44.961380698215315
79b12d71.qasm,16,success,1.6729174,0.5604166666666667,1.6336357653312534,1.6343695327160537,5.770781237386349,6.791184872306304
79b12d71.qasm,64,success,9.5001241,0.5604166666666667,9.438352582676302,9.552136573998823,6.462376037488161,7.840812178528428
79b12d71.qasm,512,success,344.1290951000001,0.5604166666666667,339.19147533238316,339.48968826381974,94.90014370155907,92.4720352673531
7a0c7e70.qasm,16,success,408.48818259999985,0.9986111111111111,461.3302142047389,530.5636294368178,65.84807039218366,45.72150254633863
7a0c7e70.qasm,64,success,280.2108366999999,0.9986111111111111,550.1317197946676,566.7354092029224,11.864490244613236,10.76230475883424
7a1c98cc.qasm,16,success,3.4877635,0.777124183006536,0.34748513600022224,0.30641706789092493,0.29667896770221586,0.287531898734127
7a1c98cc.qasm,64,success,0.6781891,0.777124183006536,0.3378439722724631,0.32941541501487415,0.28906937985738423,0.2833947656074221
7a79f013.qasm,16,success,438.9453946999999,0.4,143.76573264824904,152.26113897614042,79.01936632215858,75.53702099652595
7a79f013.qasm,64,success,923.3542458999998,0.4,100.19176412328842,88.46574341727985,137.9586546854243,136.5703257572816
7a79f013.qasm,512,timeout,14399.999999999989,0.4,6203.439973629398,6089.524484858279,3691.083441540644,5068.880420117145
7aad2132.qasm,16,success,2.6700853,0.55625,2.6649316965224465,2.6812286548971183,13.520397007175,15.282493938102924
7aad2132.qasm,64,success,20.941539600000002,0.55625,21.208373459801855,21.114831584586767,14.202580194015985,15.348801461820356
7aad2132.qasm,512,success,959.7448176000003,0.55625,970.4705471959315,930.1618809981362,239.01197143083533,274.86310105887446
7afdbe61.qasm,16,success,2.2713569,0.5034313725490197,1.7291319365626514,1.6784223377260952,1.449562932416199,1.819340784817203
7afdbe61.qasm,64,success,0.1793947,0.5034313725490197,0.2416916624318128,0.2522893335089265,1.5989272482054164,1.8735359096256496
7b19558f.qasm,16,success,3.3083295000000006,0.7375,14.545822814386622,13.684235251268401,3.7168624226786795,2.807882739849665
7b19558f.qasm,64,success,2.444386,0.7375,3.7693257646707865,3.7354497224125156,4.101905045196737,4.143534908760711
7b19558f.qasm,512,success,3.3641784,0.7375,14.469970238584693,13.368674358900932,6.711292596977356,4.53896480333582
7bab61ca.qasm,16,success,75.00299399999999,0.6020833333333333,17.368661871360747,19.353471131158674,0.48736320019028817,0.44786510159698056
7bab61ca.qasm,64,success,43.55957699999999,0.6020833333333333,21.42929723647006,24.00894423768899,4.522565066610443,4.465221347126002
7bab61ca.qasm,512,success,74.85026579999999,0.6020833333333333,14.444166544336055,22.765128646352483,0.5690306235508196,0.4978595588713398
7be7d477.qasm,16,success,2.4134915,0.55625,2.4012656680128384,2.415458703217237,12.786045488165723,12.735875615821541
7be7d477.qasm,64,success,18.077428899999997,0.55625,18.44729467199044,18.170254428534157,14.171933706896331,13.87930728029622
7be7d477.qasm,512,success,843.0826304,0.55625,834.8378565633392,810.5034197741894,231.65795876924503,249.92870658043128
7bf0f1bc.qasm,16,success,2.098813,0.5645833333333333,2.124143421582438,2.1256669740093685,9.091554528152814,8.965182871300852
7bf0f1bc.qasm,64,success,12.182565699999998,0.5645833333333333,12.1328098975516,12.142233020102845,10.543857469361546,10.341443259570372
7bf0f1bc.qasm,512,success,495.0731022999998,0.5645833333333333,496.8339192798031,496.3699160882211,172.11921286920628,174.69979443031673
7c9f6bae.qasm,16,success,2.2005587,0.5666666666666667,2.200884937916267,2.201405148159917,9.309100392782911,9.236742818427068
7c9f6bae.qasm,64,success,12.6793433,0.5666666666666667,12.604391976553886,12.653704249744555,10.84322711279745,10.643635918408618
7c9f6bae.qasm,512,success,524.4238940999999,0.5666666666666667,519.8397174127794,521.0480956013355,173.8105101562878,186.69016249077148
7d6d9a38.qasm,16,success,2.989781,0.55625,3.1512268386541695,3.2046278032851148,14.796256905813836,16.204375688330558
7d6d9a38.qasm,64,success,23.563448199999996,0.55625,24.86086417032035,25.023444408910713,15.535312704780349,15.624934212650258
7d6d9a38.qasm,512,success,1083.7143292999995,0.55625,831.7742303854277,816.7558068736605,222.68034758185289,270.0334060007228
7db40afb.qasm,16,success,0.17392759999999996,0.4005185670944407,0.18003820275264482,0.18018564743708854,0.2600525067079275,0.26974582839357836
7db40afb.qasm,64,success,0.1741671,0.4005185670944407,0.17593379904757625,0.17694448537977497,0.32174128425368154,0.3408129420179165
7fdad0c4.qasm,16,success,2.0015231,0.55625,1.990856384174583,1.9948537143498908,11.61449371433627,11.45318488855698
7fdad0c4.qasm,64,success,15.542053600000003,0.55625,13.389166703443214,13.254745432833435,13.228027891171005,11.628326101982902
7fdad0c4.qasm,512,success,695.6832452000001,0.55625,701.2721593605581,699.5168496478132,248.37671595281336,239.02586526101535
81af3d74.qasm,16,success,0.24346440000000003,0.6966318526474259,0.21303151263334966,0.2194253557810216,0.3148492035948179,0.33664840633749543
81af3d74.qasm,64,success,0.1806651,0.6966318526474259,0.226223200319071,0.24561342834245403,0.4116992495698285,0.4165954686679304
81af3d74.qasm,512,success,0.23417009999999996,0.6966318526474259,0.20549721899113174,0.2225675544811166,0.4181800814788907,0.44059684141448274
81f388c7.qasm,16,success,0.17924560000000003,0.7729166666666667,0.30263777159199534,0.27971015966217844,0.4912750677345742,0.4901152125739908
81f388c7.qasm,64,success,0.16809340000000003,0.7729166666666667,0.3431636378604942,0.33300319131963485,0.48282051189439584,0.4941113982367834
81f388c7.qasm,512,success,0.18503920000000001,0.7729166666666667,0.33768253016061206,0.3214221832072269,0.7193888907716607,0.6820912148675661
81fdeb0a.qasm,16,success,0.1736968,0.6006944444444445,0.1877082420531685,0.18681573983086297,0.2834736531431314,0.28567331293082643
81fdeb0a.qasm,64,success,0.1638945,0.6006944444444445,0.17916055240919196,0.17916339150345245,0.31460054799019743,0.3152743736865309
827a3442.qasm,16,success,0.18011539999999998,0.6854166666666667,0.18428517358472982,0.18352983553673693,0.1862319423902406,0.18824301310352662
827a3442.qasm,64,success,0.1755154,0.6854166666666667,0.17049670411424675,0.17111651904258715,0.1900880174093774,0.19069044734833696
827a3442.qasm,512,success,0.18864619999999999,0.6854166666666667,0.17474300749349284,0.17691202755750518,0.18940938754190104,0.1884953105876506
82b89c68.qasm,16,success,3.2725359,0.6044934640522875,3.2830121991998875,3.3644542015884187,3.304247983395691,3.472127769324582
82b89c68.qasm,64,success,0.1596555,0.6044934640522875,0.1804659417058749,0.1771234731087707,3.3353316767757977,3.1354140150933074
831c33e1.qasm,16,success,2.3401965,0.55625,2.361299339680124,2.387140554325312,12.786045488165723,12.735875615821541
831c33e1.qasm,64,success,18.073409800000004,0.55625,18.593604612872813,18.169633757173376,14.171933706896331,13.87930728029622
831c33e1.qasm,512,success,839.1603764000004,0.55625,869.4961353232721,833.9704755156489,231.65795876924503,249.92870658043128
8335b01d.qasm,16,success,0.1701279,0.9576388888888889,0.19661220760199427,0.19339617103624082,0.2002423377613318,0.206193073195477
8335b01d.qasm,64,success,0.9557037,0.9576388888888889,0.7434330226985607,0.7319048916102774,0.4579176367457046,0.48268874871030826
834596bc.qasm,16,success,204.27585150000007,0.4479166666666667,61.93578811869958,81.5481797662191,15.651322986006095,13.518935502991878
834596bc.qasm,64,success,835.9329551000003,0.4479166666666667,56.957313306499046,62.47493160517414,12.959329770438437,10.68081920332785
834596bc.qasm,512,timeout,14399.999999999989,0.4479166666666667,165.04660756003562,196.6231896528458,33.05509755629287,42.115382479322925
83b22dc5.qasm,16,success,1.2476565,0.5541666666666667,1.1426414057514946,1.1341525274610165,2.9712361648570527,2.6770574898777095
83b22dc5.qasm,64,success,3.4044359999999996,0.5541666666666667,3.3368646007473455,3.3207305261700433,4.1979315390761585,3.4326067342020314
83b22dc5.qasm,512,success,72.29796490000001,0.5541666666666667,68.02455398469834,69.06049072500348,30.80835070944979,28.01631201866568
8400dcc1.qasm,16,success,0.1777404,0.7479166666666666,0.20957994933027432,0.21670526441096807,11.71188574315546,12.472000867387933
8400dcc1.qasm,64,success,9.1855849,0.7479166666666666,9.109876482386733,9.146682460638253,13.571214743964697,14.582299153701772
8400dcc1.qasm,512,success,0.1613232,0.7479166666666666,0.23261205723392273,0.22329405946471478,17.449660363275346,15.868390804183411
8422040e.qasm,16,success,0.1669148,0.7683823529411764,0.17738918750458882,0.17852630661440397,1.8301271900061198,1.88760409594229
8422040e.qasm,64,success,2.531916,0.7683823529411764,2.5040364569293576,2.4616143917315205,3.8006218916673085,3.905106381566817
84fe3fba.qasm,16,success,6.975659199999999,0.5041666666666667,5.311959040149361,5.3197128634074575,8.341808259329465,9.120507961801216
84fe3fba.qasm,64,success,0.3869507,0.5041666666666667,0.4347896845583164,0.4324733395794378,4.3634637025628855,4.549548760674889
85317608.qasm,16,success,0.1957883,1.0,0.20507812487247787,0.19641082230913912,0.2488837521151745,0.2205843172784316
85317608.qasm,64,success,1.2040827,1.0,1.2365879335862056,1.2225543191308341,1.005900401223929,0.9305311714812352
85317608.qasm,512,success,0.1699598,1.0,0.21028295062928118,0.19669122374416398,0.2574709323815072,0.24703965347148357
85863407.qasm,16,success,1.6870991,0.5645833333333333,1.6929685503477365,1.694044301152939,6.601033594460279,7.312062444521006
85863407.qasm,64,success,10.459693000000001,0.5645833333333333,10.51993986540895,10.518412600017244,7.52844168693914,8.74905043958594
85863407.qasm,512,success,408.0020963999999,0.5645833333333333,406.1793393845954,405.75491937797455,104.4356123263085,104.00644865329951
860cc392.qasm,16,success,1.7032305,0.5645833333333333,1.698953407521251,1.7016460426374806,6.601033594460279,7.312062444521006
860cc392.qasm,64,success,10.515155199999999,0.5645833333333333,10.322207147972936,10.353590746318549,7.52844168693914,8.758654579164888
860cc392.qasm,512,success,406.09597690000015,0.5645833333333333,405.9051141999459,406.3439524105762,104.4249040993777,104.00644865329951
86464ad3.qasm,16,success,0.18273949999999997,0.875,0.20600596138289692,0.21890661402512387,0.3021075546962812,0.3180147668064667
86464ad3.qasm,64,success,0.17549750000000003,0.875,0.22628969500719778,0.2535044022190446,0.30848936586215797,0.33910383482115947
86464ad3.qasm,512,success,0.16250770000000003,0.875,0.2194582057512025,0.2472651544931927,0.4080346316354552,0.40715605473083405
871618c1.qasm,16,success,1.3089816,0.5583333333333333,1.2930345048017928,1.292169980193516,4.8533332632939565,4.3523137862438235
871618c1.qasm,64,success,6.5168705,0.5583333333333333,6.538398020579748,6.58074397896951,6.516543219142397,5.859242398241706
871618c1.qasm,512,success,209.71884079999995,0.5583333333333333,209.41914005584482,207.479929772431,74.93172751085466,51.067001156936435
8732dc00.qasm,16,success,0.1784655,0.99375,0.18210889252222542,0.18851076622395055,1.5691516146215911,1.905461348600087
8732dc00.qasm,64,success,2.5046016,0.99375,2.366040197056654,2.2759519052576898,3.67037075861289,4.790964098797392
8732dc00.qasm,512,success,0.168138,0.99375,0.19994797550424734,0.2174187533778196,23.40542754350448,25.67846887212355
884b47f6.qasm,16,success,7.955765699999999,0.5125,5.826442440246119,6.142393869884736,0.9579487435468306,0.8968216789281224
884b47f6.qasm,64,success,0.160642,0.5125,2.0829056178025223,2.242128724281349,1.409837962145626,1.3821560715890326
884b47f6.qasm,512,success,9.740085399999998,0.5125,163.9436736406002,173.2378546913962,4.647999273348854,5.729175044830513
885efe5b.qasm,16,success,1.0773573,0.5541666666666667,1.2292956907341066,1.2416169006548061,2.9652056029516913,2.6556705989160254
885efe5b.qasm,64,success,3.4264061,0.5541666666666667,3.431502288594599,3.409976689202267,4.189411218032584,3.4374554849364305
885efe5b.qasm,512,success,71.9190057,0.5541666666666667,71.64846502195414,68.14189306461807,30.14846818602835,28.01631201866568
8930abda.qasm,16,success,0.1753091,0.7777777777777778,0.18532522871252358,0.18434297699523994,2.759384610680552,3.860573872703255
8930abda.qasm,64,success,4.584768,0.7777777777777778,4.8991723734337915,4.976848904872749,6.248417030795186,8.42419284095028
8930abda.qasm,512,success,0.17470540000000004,0.7777777777777778,0.17588483935901514,0.17359618521130707,10.219900726209762,10.144672390207129
896404d8.qasm,16,success,5.552108800000001,0.5041666666666667,7.2289713215795945,6.784869091292313,8.000600300093593,9.109691233419962
896404d8.qasm,64,success,0.4324345,0.5041666666666667,0.6899406973150372,0.5765511971561201,4.34155063023326,4.6754133032843335
8a146ce3.qasm,16,success,117.96490089999998,1.0,137.70137464417618,149.3781939711611,58.28519785507214,32.79531587481644
8a146ce3.qasm,64,success,201.1105238000001,1.0,182.12175437576443,188.3306162321097,8.237240983069816,7.002894999207379
8a1c1c3f.qasm,16,success,0.1880215,1.0,0.18803125226481465,0.1867099713625777,0.20975586822024067,0.20550741973096737
8a1c1c3f.qasm,64,success,0.2685849,1.0,0.3018126956334869,0.30700057099569067,0.2932345368115093,0.31171727458726084
8a1c1c3f.qasm,512,success,0.1869095,1.0,0.1778876327938387,0.17694168274388605,0.21514613020120055,0.21251326254410852
8a2ab626.qasm,16,success,1.7081607,0.5541666666666667,1.749371059260294,1.7413906821627436,9.083677828085884,8.825415603218717
8a2ab626.qasm,64,success,12.2454582,0.5541666666666667,12.582925403114325,12.470426305463244,10.220701234639332,9.273317466488946
8a2ab626.qasm,512,success,465.39449480000013,0.5541666666666667,480.69671069701434,479.55897849675324,199.30253194516337,175.66826913003166
8b77bf87.qasm,16,success,0.30872999999999995,0.9770833333333333,0.29399870855981197,0.29689580861504794,24.029093854356226,19.025988507244016
8b77bf87.qasm,64,success,10.140678399999999,0.9770833333333333,8.241773259351335,8.633313184877617,22.84144383410221,16.354578135421832
8b77bf87.qasm,512,success,0.2988881,0.9770833333333333,0.36364909063325307,0.3437643003590404,75.13231101052301,56.72502285684634
8bd576fc.qasm,16,success,5.323393299999999,0.5125,7.056426134295519,6.986424434131932,0.928126363912854,0.8702773456212093
8bd576fc.qasm,64,success,13.2989912,0.5125,0.16639824761595023,0.16842668681773293,1.344075199134418,1.3216343642109945
8bd576fc.qasm,512,success,1464.9315561000008,0.5125,10.561504424271739,9.767023270498415,4.254061892748313,4.61361542312114
8c01a935.qasm,16,success,2.698982,0.4727257575548947,3.043454530711873,3.0385797641760166,3.5877021500323707,4.59847688773967
8c01a935.qasm,64,success,14.733067500000002,0.4727257575548947,10.12734525580363,10.071683576184782,4.827292576994534,5.357504036385465
8c01a935.qasm,512,success,483.89700409999983,0.4727257575548947,362.4565754328734,337.5467454500664,28.003385602344952,37.4727152195583
8d5010bc.qasm,16,success,0.21662629999999997,0.6227628779742233,0.2536599821306138,0.25035036706294406,0.22151693788838478,0.21936246802864834
8d5010bc.qasm,64,success,0.1708347,0.6227628779742233,0.2818427965469005,0.2748779193100444,0.29091067439546675,0.28820926418601367
8d5010bc.qasm,512,success,0.2035061,0.6227628779742233,0.28090815914507417,0.25696689685257973,0.23882432864933173,0.22617475368235337
8d9d4033.qasm,16,success,1.0986492,0.50625,1.1175915614479326,1.1106900171751297,2.43756085447091,2.148969669088797
8d9d4033.qasm,64,success,2.5595098,0.50625,2.6050360537206876,2.5982487695806986,3.366560345582469,2.618427201587347
8d9d4033.qasm,512,success,34.40687870000001,0.50625,35.18930629580918,34.820140750821494,24.929332239864518,19.13517231416254
8e84b85a.qasm,16,success,0.18267619999999998,0.3770833333333333,0.18678836181154676,0.18923197273702005,0.20772694637764863,0.20403614016768618
8e84b85a.qasm,64,success,0.1524136,0.3770833333333333,0.18732435865337102,0.1922514739817367,0.2622690650234458,0.2638803102300721
8e84b85a.qasm,512,success,0.1863533,0.3770833333333333,0.18509583209274924,0.18843024571018283,0.20218336389008015,0.20861989673271267
8e9564e3.qasm,16,success,1.4540433,0.5604166666666667,1.442784862641352,1.4429435371421133,5.719629421766722,6.385344049940904
8e9564e3.qasm,64,success,8.4504558,0.5604166666666667,8.494931783050362,8.449730023799235,6.817758865210956,7.836804351554913
8e9564e3.qasm,512,success,307.52745439999995,0.5604166666666667,311.1842949481236,312.66871220095146,87.26004813949156,99.73920459475977
8f4e1b64.qasm,16,success,11.0098067,0.5041666666666667,17.702891796619493,16.624898868186058,19.0418644755311,14.703885164214515
8f4e1b64.qasm,64,success,0.5562086,0.5041666666666667,17.68573997754269,16.088608676090665,2.044408245866773,2.2750143663823703
8f564e3e.qasm,16,success,1.9908197,0.55625,1.9980450474508655,2.0104954496585874,11.61449371433627,11.45318488855698
8f564e3e.qasm,64,success,15.576776499999996,0.55625,11.036308224997782,10.833122717252067,13.228027891171005,11.628326101982902
8f564e3e.qasm,512,success,689.9786613999997,0.55625,687.633162023199,684.8416484810781,248.37671595281336,239.02586526101535
8f8fbcbd.qasm,16,success,712.1879557000002,0.9986111111111111,690.1776974853158,752.2480023692831,67.9303755360175,45.67572889748311
8f8fbcbd.qasm,64,success,1437.2253333000003,0.9986111111111111,559.6184227866174,594.9666552681624,12.921940525276984,11.641989134909577
8fb9e9ac.qasm,16,success,0.1811224,0.5527777777777778,1.0625621177277542,1.0683849087957253,7.9901601098826625,7.385751263801647
8fb9e9ac.qasm,64,success,0.5304693,0.5527777777777778,1.0877194774393595,1.2202128537954593,2.7538752879597745,2.847230447887788
8fb9e9ac.qasm,512,success,0.1635519,0.5527777777777778,1.7425245908368292,1.7810014843141186,33.484695853446325,79.35350732631395
9143d50f.qasm,16,success,0.1758806,0.6156045751633987,0.21186166157444558,0.21259108514392086,22.801242277617032,17.210368710910988
9143d50f.qasm,64,success,2.8306142,0.6156045751633987,2.050957333655468,2.113332349892885,21.30629185322587,17.120022928554572
9143d50f.qasm,512,success,0.17785990000000002,0.6156045751633987,0.20693132031543038,0.211783778892132,84.03023940570495,85.20604431676078
917fa943.qasm,16,success,1.7270749,0.5131944444444445,1.5264964848148848,1.6107531575366238,0.6924665999982589,0.7130052770519483
917fa943.qasm,64,success,0.6866674,0.5131944444444445,1.05944782865205,1.184731702681981,1.020175264636499,1.1481917109343722
917fa943.qasm,512,success,166.3146686,0.5131944444444445,127.68006497912603,117.90889843679041,2.674875906768741,3.100383621015649
92f98bb3.qasm,16,success,0.4699449,0.43333333333333335,0.47542737759506226,0.47627606230664543,0.6501570180117734,0.7856584271232322
92f98bb3.qasm,64,success,0.345261,0.43333333333333335,0.34597651013541897,0.349038374374339,0.6635154523786461,0.8640996452181151
92f98bb3.qasm,512,success,0.3467309,0.43333333333333335,0.34738773870177003,0.3479239075576428,1.6804119256052072,2.2646708871624037
933b305c.qasm,16,success,1.8488212,0.5645833333333333,1.8592005095373187,1.8588282418564774,8.036689279333178,7.5256357000849405
933b305c.qasm,64,success,10.668987299999998,0.5645833333333333,10.588758136459843,10.619762643812404,9.823608938737436,9.615411135732552
933b305c.qasm,512,success,433.02179139999976,0.5645833333333333,440.84946813905145,440.6159833725651,150.823744465498,154.51130516091587
93865be7.qasm,16,success,0.1846872,0.8594179151061174,0.2543534486044892,0.22711022979442042,0.29596362682028676,0.27707822716523034
93865be7.qasm,64,success,0.2199938,0.8594179151061174,0.4276893339079096,0.3977710386301997,0.8781561241467031,1.0135865269664754
9395edc6.qasm,16,success,8.2267604,0.4043565717485496,1.0207240851950206,1.1180438450422743,0.41141751522542463,0.3691306593935985
9395edc6.qasm,64,success,3.4462506000000004,0.4043565717485496,1.0243725036524092,1.0559353733341317,0.46571880570339813,0.411912974446006
9395edc6.qasm,512,success,8.1534394,0.4043565717485496,1.0324310284095513,1.2174647277742854,0.6058914057676662,0.4907704203801481
93c78575.qasm,16,success,2.2330659,0.5645833333333333,2.2379057953689547,2.235658293841047,9.777141309197651,9.546742246096596
93c78575.qasm,64,success,13.131851600000001,0.5645833333333333,13.025237260539026,12.971213570327055,11.149786325314711,10.769364132402107
93c78575.qasm,512,success,575.9143289000002,0.5645833333333333,554.7124359969638,555.1030756818091,181.94499102448944,187.35982481978917
9429600a.qasm,16,success,2.1292974,0.5645833333333333,2.110803088742542,2.112081349350736,9.091554528152814,8.965182871300852
9429600a.qasm,64,success,12.183755600000001,0.5645833333333333,12.167908676458543,12.171473733992109,10.543857469361546,10.341443259570372
9429600a.qasm,512,success,496.7916787999999,0.5645833333333333,495.420741785264,498.7858476423487,172.11921286920628,174.69979443031673
94f4e26a.qasm,16,success,2.5668699,0.55625,2.6011696226876064,2.6073217487813674,10.788959667413799,12.860953156035736
94f4e26a.qasm,64,success,18.503752099999996,0.55625,18.37325973068355,18.343444621210065,10.638113806995161,12.415212896748962
94f4e26a.qasm,512,success,704.7077987999999,0.55625,693.5707480117402,682.4299800151236,169.06436842335646,193.87211125056325
950704f2.qasm,16,success,11.708849200000001,0.4875,47.73292487167379,50.285006427753515,3.3306072388005687,2.9233919855698143
950704f2.qasm,64,success,2.5663469,0.4875,6.542009972671515,6.628087599030877,3.951407323516774,3.7922613947162738
950704f2.qasm,512,success,11.827260099999998,0.4875,65.0913162160257,64.0085882458971,8.279251226335592,7.4609589507682275
954ad251.qasm,16,success,0.19984290000000002,0.4166666666666667,0.17677664106617652,0.17765594101654117,0.3043066179645019,0.3270404936240608
954ad251.qasm,64,success,0.17667839999999999,0.4166666666666667,0.17070696382803127,0.17072067568627292,0.37418400625201564,0.366330265087586
954ad251.qasm,512,success,0.18874259999999998,0.4166666666666667,0.17064302686377206,0.17173661679519,0.40301662984064834,0.4306402277533175
957c248b.qasm,16,success,0.1746251,0.5041666666666667,2.9772033241287152,2.920771445758013,0.8243054660100334,0.8487307375119036
957c248b.qasm,64,success,0.2911975,0.5041666666666667,0.7480954020392843,0.760052456997227,0.9143840426560343,0.9953592192685027
957c248b.qasm,512,success,0.1866839,0.5041666666666667,3.7009791435611907,3.4493507520365925,1.8121983003796172,1.9821731955896522
964382be.qasm,16,success,2.6285394,0.55625,2.607373382181858,2.598612676952667,10.788959667413799,12.860953156035736
964382be.qasm,64,success,18.324990700000004,0.55625,18.370026419383215,18.50148115970038,10.662932395429232,12.415212896748962
964382be.qasm,512,success,696.1004410999997,0.55625,679.0946113721294,691.5781393620912,169.06436842335646,193.87211125056325
965eb08c.qasm,16,success,1.6469743,0.5604166666666667,1.6637372841714728,1.6623757452843209,5.770781237386349,6.791184872306304
965eb08c.qasm,64,success,9.5513858,0.5604166666666667,9.409355825691508,9.432862587156366,6.462376037488161,7.840812178528428
965eb08c.qasm,512,success,354.3248175000001,0.5604166666666667,343.3240765604722,343.7408452224746,94.90014370155907,93.43200530813387
96876fa5.qasm,16,success,8.5948081,0.7125,40.09427909312317,34.62343622731986,17.555847645781814,19.923944610955765
96876fa5.qasm,64,success,0.9619184,0.7125,24.54174321736327,18.652169572895673,11.581397477555825,12.66437672143936
96876fa5.qasm,512,success,7.9138945,0.7125,53.173838889343855,64.71013373540183,76.34533883491999,59.35847406061504
96f82da7.qasm,16,success,0.17470950000000002,0.6458506026474259,1.2009691612982216,0.826791652791824,29.965746624812134,21.89977408044868
96f82da7.qasm,64,success,2.1292088,0.6458506026474259,3.7994978854326855,3.2194519934862513,22.27978151400568,19.27903082625324
96f82da7.qasm,512,success,0.1789396,0.6458506026474259,3.642826235135285,2.670816469056716,62.600496876614216,55.701855330135984
981d8651.qasm,16,success,0.17745339999999998,0.7527777777777778,0.18140922304210239,0.17908957647049867,3.9407830925227403,4.91862467284191
981d8651.qasm,64,success,4.6828124,0.7527777777777778,4.601862443324666,4.70961010902686,8.026292713102348,8.652901416282825
981d8651.qasm,512,success,0.17061470000000004,0.7527777777777778,0.17873018792856335,0.18055210879788733,10.941741592784295,9.854343510966226
9a442b56.qasm,16,success,9.1980982,0.4857434640522876,9.922313002844355,10.068084145822727,5.518303335666986,6.647732574979791
9a442b56.qasm,64,success,1.1185776,0.4857434640522876,0.28849038369515284,0.2842814211426057,4.214028364474193,4.810179637027729
9c6b6510.qasm,16,success,0.2886272,0.7715277777777777,0.7830819848688112,0.7426782494769675,32.809205582598196,19.740190895320332
9c6b6510.qasm,64,success,2.4669897,0.7715277777777777,2.8858921824579764,2.471336752389964,16.77559988036748,15.236496349871455
9c6b6510.qasm,512,success,0.2779434,0.7715277777777777,2.326184221556652,2.4134796478918,300.04105183147766,440.31489335192896
9ccf974e.qasm,16,success,0.3430253,0.5528959664390101,0.30678624096725193,0.2801094211004901,0.2417180381951208,0.23274259030769537
9ccf974e.qasm,64,success,0.17092409999999997,0.5528959664390101,0.2619479975063367,0.24569735868592257,0.2598355506594827,0.25709310205901187
9d76010e.qasm,16,success,0.1707674,0.5819444444444444,0.17432528429925442,0.18442188817244576,2.1654785444254627,2.1155996841065647
9d76010e.qasm,64,success,3.0336689,0.5819444444444444,2.782403797072953,2.6368902859332595,4.326919090620313,4.414012334963905
9d76010e.qasm,512,success,0.1692022,0.5819444444444444,0.18526465805931858,0.21903691367650543,5.473871787404251,5.478107550454978
9d7cbc78.qasm,16,success,0.4762271,0.43333333333333335,0.46942909450952763,0.4765812686758862,0.6501570180117734,0.7856584271232322
9d7cbc78.qasm,64,success,0.3512017,0.43333333333333335,0.3493963425618904,0.3485321995567342,0.6576770240843086,0.8640996452181151
9d7cbc78.qasm,512,success,0.3497272,0.43333333333333335,0.3431446023709171,0.34294815820663893,1.6804119256052072,2.2646708871624037
9d7e60b6.qasm,16,success,0.18949259999999998,0.5888888888888888,0.21767086438120786,0.2071345527552151,15.770382417514327,15.34738078431344
9d7e60b6.qasm,64,success,2.0476432,0.5888888888888888,2.0055584402390765,2.1326827739136704,15.441190449531177,14.98395968778753
9d7e60b6.qasm,512,success,0.17087999999999998,0.5888888888888888,0.2286113233194669,0.2167729953731444,90.73813887120966,79.17050397000861
9e3be92a.qasm,16,success,90.3924556,0.4875,9.842346644399083,10.18903771789206,3.3306072388005687,2.9233919855698143
9e3be92a.qasm,64,success,5.0076162,0.4875,2.800739121129053,2.634763075571479,3.951407323516774,3.7922613947162738
9e3be92a.qasm,512,success,90.08668939999998,0.4875,12.829163139405559,12.791221272563655,8.279251226335592,7.4609589507682275
9ea3bed5.qasm,16,success,3.9805098,0.7666666666666667,4.509827902298615,3.9925004454446555,3.4953309464991027,3.564640709474189
9ea3bed5.qasm,64,success,3.8935624,0.7666666666666667,4.185911494680957,3.870939730615392,3.416475594916605,3.535878945194637
9ea3bed5.qasm,512,success,3.9776184000000003,0.7666666666666667,4.457131863484681,4.687175493527418,3.5651958784406523,3.4880279213211876
9f744e04.qasm,16,success,52.217373299999984,1.0,32.46569180203177,35.44372124192693,11.670985532074585,9.943319798334132
9f744e04.qasm,64,success,104.66313360000004,1.0,31.83197859358792,39.078749224671014,2.6745660984946555,2.9746955345864974
9f744e04.qasm,512,success,4128.416998699998,1.0,1616.8428180485962,1403.0550459750293,343.21205355477747,352.7312290746825
a0a79499.qasm,16,success,1.8720441,0.6715277777777778,0.2601957791886262,0.23523271780841054,0.29135653834942044,0.3103241560330753
a0a79499.qasm,64,success,0.7155789,0.6715277777777778,0.2875890527684718,0.24976081724959479,0.34991609731379625,0.37754968921005694
a0a79499.qasm,512,success,1.9413185,0.6715277777777778,0.27842633012966556,0.28035932443312206,0.29674361086992374,0.3150598188829975
a0b53b67.qasm,16,success,0.17763,0.501062091503268,0.8981205751448141,0.7164333667576325,3.7850133688706715,3.9340147957916587
a0b53b67.qasm,64,success,0.5182719,0.501062091503268,2.4334887232714966,1.9737551768675932,4.278339019218394,4.359064523323324
a169a3ba.qasm,16,success,1.6347612,0.5604166666666667,1.667378199171761,1.6597808559620475,6.409577176991888,6.531834779603932
a169a3ba.qasm,64,success,8.898883499999998,0.5604166666666667,8.877866788102137,8.692074327408141,8.458647950915053,8.564977457650265
a169a3ba.qasm,512,success,330.86148350000013,0.5604166666666667,340.9015921490949,346.34292530420356,105.61480701950804,152.76595250593888
a1b3d3aa.qasm,16,success,2.1666266,0.4041666666666667,1.345947757454882,1.4727889300144295,1.4858942840295972,1.6238104928275567
a1b3d3aa.qasm,64,success,6.827168100000001,0.4041666666666667,2.0802019558773646,1.8957253146966835,1.943003626614292,2.1561382664176993
a1b3d3aa.qasm,512,success,212.50459400000003,0.4041666666666667,8.370374754708996,7.517276356237988,9.378067123946408,12.99019976250332
a1bc8d56.qasm,16,success,1.0850003,0.50625,1.1024623692438382,1.1221259556927379,2.161236088609384,1.8088455537919526
a1bc8d56.qasm,64,success,2.2916824,0.50625,2.249848756891768,2.2171190284232427,2.970902522975715,2.2254604570916228
a1bc8d56.qasm,512,success,23.992057699999997,0.50625,22.175572715017694,23.14229976632135,18.5360498651079,15.348784915507087
a3cb01ca.qasm,16,success,1.2192321,0.5541666666666667,1.1449246684524181,1.1295611989983538,2.9712361648570527,2.6770574898777095
a3cb01ca.qasm,64,success,3.4253563,0.5541666666666667,3.340238766273587,3.3515888290564155,4.1979315390761585,3.4567381102010417
a3cb01ca.qasm,512,success,72.2422423,0.5541666666666667,69.13868063340733,71.13969970252029,30.80835070944979,28.01631201866568
a409aaa1.qasm,16,success,2.5722586,0.4354166666666667,1.3480987350635594,1.6815518787710242,1.3781830318567834,1.1144208558807545
a409aaa1.qasm,64,success,6.2227107,0.4354166666666667,2.8656726462739694,2.8985487126325826,2.644450403559614,2.35829263631135
a409aaa1.qasm,512,success,194.3047202,0.4354166666666667,8.468236548964112,10.063484179020197,7.812147452354103,4.437727662698957
a440a477.qasm,16,success,16.169895400000005,0.3875,5.180622714285392,4.685221327885444,0.4184882473770567,0.36962587092005
a440a477.qasm,64,success,6.606882699999999,0.3875,5.23748465476605,4.854258372748849,0.6347271537572234,0.5422755951106987
a440a477.qasm,512,success,16.634451100000003,0.3875,5.6428960743126595,5.18518455694079,1.2424397235184648,0.899113166254398
a44fdc9f.qasm,16,success,0.1848667,0.5888888888888888,0.19182448968151528,0.1973461218419488,3.230382574554365,4.493015615394975
a44fdc9f.qasm,64,success,1.0295765,0.5888888888888888,1.124474908642019,1.1299353864018264,4.123529813748341,5.915090319811158
a44fdc9f.qasm,512,success,0.17738700000000002,0.5888888888888888,0.2005795487276083,0.20133837298594853,41.56299076894328,43.87457287744434
a4f95806.qasm,16,success,0.16642549999999998,1.0,0.22199012345512717,0.23649580503672063,0.2479916566153903,0.2491869272649949
a4f95806.qasm,64,success,0.6707554,1.0,0.5751512596969636,0.5733497474802584,0.5321155661805347,0.5287399864418821
a4f95806.qasm,512,success,0.17320600000000003,1.0,0.2186276607448634,0.23003329129189448,0.266128309146172,0.28093003240691783
a75c691c.qasm,16,success,2.0765425,0.5034313725490197,1.7308215053220377,1.6969590419142118,1.449287978530113,1.795016321412929
a75c691c.qasm,64,success,0.166108,0.5034313725490197,0.23818512282937315,0.2384381267011239,1.604823293615506,1.8608270396463462
a8818670.qasm,16,success,0.1796637,0.9840277777777777,0.1870720993009708,0.18153207856632564,0.20466940012636398,0.2102213497078737
a8818670.qasm,64,success,1.156165,0.9840277777777777,0.9836063915782917,1.0167279278798016,0.6302120235739969,0.6631991002682713
a8818670.qasm,512,success,0.18732309999999996,0.9840277777777777,0.29412397364984894,0.28771525480908083,0.20582427126934638,0.21449209993833265
a8b40b61.qasm,16,success,1.6559996,0.5604166666666667,1.6227014723660729,1.6216539966897947,5.820529586085418,6.791184872306304
a8b40b61.qasm,64,success,9.471062,0.5604166666666667,9.460803798171654,9.526441728356929,6.5180864384395365,7.840812178528428
a8b40b61.qasm,512,success,344.19865939999994,0.5604166666666667,344.8448331568563,342.4991522148596,94.90014370155907,93.2348077346123
a8dfab96.qasm,16,success,1.0960489,0.50625,1.0899048382711571,1.0920708219514805,2.43756085447091,2.1431482768367793
a8dfab96.qasm,64,success,2.5684272,0.50625,2.6039914972728155,2.582671359014672,3.366560345582469,2.6415294801798255
a8dfab96.qasm,512,success,34.62364469999999,0.50625,33.51153254777982,33.73225045925436,24.928910238021885,19.13517231416254
a9091180.qasm,16,success,2.1176052,0.5645833333333333,2.124143421582438,2.1256669740093685,9.091554528152814,8.965182871300852
a9091180.qasm,64,success,12.155388299999998,0.5645833333333333,12.147558026953165,12.160011596954266,10.543857469361546,10.341443259570372
a9091180.qasm,512,success,497.33829909999974,0.5645833333333333,497.01139075084296,496.95656890142374,172.11921286920628,174.69979443031673
aa41f5f1.qasm,16,success,2.0768734,0.5645833333333333,2.066896707247947,2.068071592591967,7.972867349593385,8.971414975517266
aa41f5f1.qasm,64,success,12.550837200000002,0.5645833333333333,12.44830551526602,12.43881285309399,9.05255545239681,9.793215100949016
aa41f5f1.qasm,512,success,497.82790249999994,0.5645833333333333,506.7337810492784,509.6167524169729,139.18676213161896,151.78457286708465
aac529b2.qasm,16,success,1231.2409277000006,0.6548611111111112,40.037431446494544,42.54878352049328,42.92545987932693,58.002636020023466
aac529b2.qasm,64,success,49.33276260000001,0.6548611111111112,30.42619123361145,34.46514019047252,30.162960150676017,45.264406148869156
aac529b2.qasm,512,success,4142.797545899999,0.6548611111111112,476.5407825453669,511.30838609744626,2117.5609455456492,2077.0023907551786
aaf05f5c.qasm,16,success,1.1518439,0.5583333333333333,1.119200406634403,1.1183734334506907,3.991304006587819,3.4648714681242225
aaf05f5c.qasm,64,success,5.0934963,0.5583333333333333,5.102953758147389,5.062257882220929,5.416780586304916,4.62595305896337
aaf05f5c.qasm,512,success,144.77378309999997,0.5583333333333333,145.7199428409776,145.77952693865646,57.58899162688994,40.45810120601029
ab65fd24.qasm,16,success,2.6866797,0.55625,2.6827281636540166,2.681076785191483,13.520397007175,14.835297068759294
ab65fd24.qasm,64,success,21.016287900000002,0.55625,21.190066256891026,21.038712996535782,14.149019948085469,15.003442436337584
ab65fd24.qasm,512,success,969.4532298999997,0.55625,948.560822967137,917.6807810449868,239.01197143083533,267.22313730006044
ab8a1b3c.qasm,16,success,5.4734568,0.5125,4.1263616803363705,4.12942539343082,0.8374615914586783,0.8049961062646099
ab8a1b3c.qasm,64,success,0.17588040000000002,0.5125,1.2202017946538528,1.1132160677620717,1.2361236813662853,1.316508769959585
ab8a1b3c.qasm,512,success,7.0257582,0.5125,122.66637816252235,115.41953038137127,3.9861078823920555,4.316967347623847
ab964bf6.qasm,16,success,1.1127641,0.5583333333333333,1.1367184985932866,1.1382937286728652,3.991304006587819,3.4620824180893095
ab964bf6.qasm,64,success,5.0798998,0.5583333333333333,5.069969337319729,5.122351824428411,5.440233099539355,4.62595305896337
ab964bf6.qasm,512,success,144.58527109999997,0.5583333333333333,146.55270676166091,144.84599221464296,57.58899162688994,40.45810120601029
aceda861.qasm,16,success,307.34320260000015,0.6145833333333334,54.71817081944882,31.696562768298737,0.8340439162353839,0.8644319888961115
aceda861.qasm,64,success,142.41094300000003,0.6145833333333334,46.55772207829702,36.43363606959321,8.269744442305957,7.907336215477452
aceda861.qasm,512,success,304.2419227000001,0.6145833333333334,51.98766461510652,40.5863872059695,1.2656705945037958,1.5997588785562633
ad2439c7.qasm,16,success,2.2632372,0.55625,2.3589719229544306,2.358217146502654,10.714196972599684,11.28878660220327
ad2439c7.qasm,64,success,16.262889900000005,0.55625,16.336016023732498,16.30424398777521,11.010813836711126,11.658634955586344
ad2439c7.qasm,512,success,666.6881105000001,0.55625,471.2907220302625,451.8738199965122,175.4144780483864,212.82368164431665
ad74d7c1.qasm,16,success,4.0893965,0.45,1.1870557392620242,1.1677485741345233,1.1822712242548217,1.358571589396701
ad74d7c1.qasm,64,success,17.206083600000003,0.45,1.755595249069382,1.6871289027650669,1.4469906944191202,1.562206669004812
ad74d7c1.qasm,512,success,690.9794292999997,0.45,5.1786465648670745,7.778420775579341,5.411798791656908,7.339616935227658
aed3c1af.qasm,16,success,1.7608045,0.5645833333333333,1.7111709326125475,1.7260153344576805,6.909702830644094,6.962178259344344
aed3c1af.qasm,64,success,10.090619899999998,0.5645833333333333,10.125681907114226,10.166453949004993,8.168436712631015,8.908313088254477
aed3c1af.qasm,512,success,402.51049830000005,0.5645833333333333,403.17072975279683,402.2243363446912,118.66722477129126,127.28763415494068
af2659f0.qasm,16,success,0.16919179999999998,0.53125,0.19431057852202233,0.18835361178244764,0.2010319051103573,0.19781516701834045
af2659f0.qasm,64,success,0.1564611,0.53125,0.2206063308258411,0.21479246842856403,0.25426806618757325,0.2569558522134835
af88ad19.qasm,16,success,0.17483530000000003,0.3625,0.20360375877627804,0.20313971846062281,0.40466786688939255,0.42800293179257665
af88ad19.qasm,64,success,0.1752695,0.3625,0.23903515652139048,0.2602279320465995,0.5576608360624753,0.5298848340572574
af88ad19.qasm,512,success,0.17989700000000003,0.3625,0.20200322900696907,0.23782547892877606,0.4778601520781777,0.5461534870922202
af8b17d0.qasm,16,success,0.1818541,0.7203909864507605,0.1811332811492908,0.1836790133513666,0.24834188177918273,0.2250242250569575
af8b17d0.qasm,64,success,0.1684462,0.7203909864507605,0.17636337836384813,0.18370644559282198,0.3605498368210146,0.43014076761667736
b06c81ca.qasm,16,success,1.5398947,0.5583333333333333,1.5103733124580387,1.5131813713736306,5.213305896644757,5.726759470848061
b06c81ca.qasm,64,success,6.921094199999999,0.5583333333333333,6.907218474925135,6.8454308970889945,7.207240496580446,7.550288808991091
b06c81ca.qasm,512,success,202.7487235,0.5583333333333333,204.01271706691907,204.87967286944854,97.70602149246561,101.93629515976033
b11883af.qasm,16,success,0.1776531,0.8416666666666667,1.5504882485397127,1.437965419466612,1.4221279390203216,1.2324132757855695
b11883af.qasm,64,success,0.3563139,0.8416666666666667,1.5451284028597778,1.3936975790163713,1.7492719225877744,1.614713256673071
b11883af.qasm,512,success,0.1822348,0.8416666666666667,2.2041695062974305,3.3270340529236444,2.3374396278988714,1.7433277103473457
b1ea1d60.qasm,16,success,0.2114184,0.9854166666666667,0.1848646326791168,0.18237967100042185,2.541527790677783,3.921872505675275
b1ea1d60.qasm,64,success,4.7274893,0.9854166666666667,4.708507788852603,4.833298262194911,5.299367062630982,7.160536412438644
b1ea1d60.qasm,512,success,0.2223113,0.9854166666666667,0.19582269327873908,0.19372421562332937,24.70250134935471,29.030290824596364
b2346111.qasm,16,success,5166.543143199999,0.3958333333333333,3384.1850873722997,3519.055124326879,10.444693983572403,16.03865923054115
b2346111.qasm,64,success,3106.2406232999992,0.3958333333333333,1819.51284049994,1741.3219682609558,5.309207193670132,7.2906221954490364
b2346111.qasm,512,success,3112.5309232000013,0.3958333333333333,1718.0386690071027,1933.0936625546055,11.17272989489462,14.893625819682965
b38d732e.qasm,16,success,0.1849359,0.9708333333333333,0.6996293448172483,0.6426322555072125,0.8073622550259768,0.9272839525274906
b38d732e.qasm,64,success,0.284838,0.9708333333333333,0.7497393994751774,0.6751165389137433,0.8587000616810849,0.8353464749931498
b38d732e.qasm,512,success,0.1656216,0.9708333333333333,1.1866644437146632,1.2258399666665782,1.5345542430345236,1.4063516744624847
b469b640.qasm,16,success,0.1815829,0.4638888888888889,0.36834837397677717,0.3438494068996517,0.4974552282493351,0.3695120093922141
b469b640.qasm,64,success,0.1756312,0.4638888888888889,0.3900000386035854,0.36891817724449705,0.5104624518898938,0.4070429195909204
b4976343.qasm,16,success,0.17541639999999997,0.6385212418300654,0.18651145548526746,0.18885549955352945,0.23870857034939227,0.22561528557767233
b4976343.qasm,64,success,0.2803895,0.6385212418300654,0.267184042492601,0.2682858307074115,0.46440017084275476,0.4812029197199905
b4976343.qasm,512,success,0.1761288,0.6385212418300654,0.18456974755203426,0.18577850628260423,0.2949511400453261,0.24527629400964193
b4c090da.qasm,16,success,0.1804214,0.5419934640522875,0.1890355728220775,0.19780644339367495,0.21534952307479163,0.21351110707638765
b4c090da.qasm,64,success,0.16996559999999997,0.5419934640522875,0.19332920195669143,0.20223805297354364,0.34721163194447396,0.32412756772960416
b5baa095.qasm,16,success,0.6978439,0.7470652493207021,0.8685373498126775,0.8242747770607959,0.49693901662917783,0.49607088072947036
b5baa095.qasm,64,success,2.8962337,0.7470652493207021,3.1790799665476714,3.257297518877795,0.8734225761140464,0.807129470392528
b5be0645.qasm,16,timeout,14399.999999999989,0.46458333333333335,1804.6313782783848,1605.3051931393586,571.7608137928918,677.822801875361
b5be0645.qasm,64,timeout,14399.999999999989,0.46458333333333335,1404.4350456640354,1264.669893556643,528.7480769308636,543.7739696232607
b601af0f.qasm,16,success,0.1732445,0.8958333333333334,0.22978790259446,0.24474732508162667,0.3317897776665867,0.3390296670199643
b601af0f.qasm,64,success,0.2902428,0.8958333333333334,0.2459726747970481,0.2595410914553601,0.40124592314014673,0.4105721782714798
b601af0f.qasm,512,success,0.1780364,0.8958333333333334,0.23034098271606473,0.2406230523715696,0.5283157868367039,0.5010660217369473
b630efea.qasm,16,success,1.1978284,0.5541666666666667,1.1717422142858767,1.1966463357119692,3.3011905145200195,3.019048836168315
b630efea.qasm,64,success,4.1749277,0.5541666666666667,4.125302400421039,4.153978010394681,4.637008254271242,3.9651767050332505
b630efea.qasm,512,success,91.48293179999997,0.5541666666666667,92.95784030687561,93.7124718411338,41.667766639311225,34.34937184253016
b680d160.qasm,16,success,2.0660882,0.5645833333333333,2.059831570146134,2.0592103730656337,7.972867349593385,8.971414975517266
b680d160.qasm,64,success,12.521304800000003,0.5645833333333333,12.544151333335778,12.547120398207023,9.05255545239681,9.793215100949016
b680d160.qasm,512,success,503.3593403000002,0.5645833333333333,507.4945678625437,507.8525253154343,139.18676213161896,151.78457286708465
b7694c8e.qasm,16,success,4.6260506,0.7409313725490195,4.051655870890738,3.9301560485222393,3.6797559915759153,4.192891200986446
b7694c8e.qasm,64,success,0.3332834,0.7409313725490195,0.2087087975662157,0.23680334312142098,3.9424622215129577,3.604862352722255
b792cc98.qasm,16,success,0.1753902,0.5395833333333333,0.1826380298451402,0.1858675871966508,0.20660586789744048,0.19768366771263826
b792cc98.qasm,64,success,0.1814324,0.5395833333333333,0.17397176021959881,0.1769279604180685,0.23340824340250627,0.22452440826069728
b792cc98.qasm,512,success,0.16917660000000004,0.5395833333333333,0.17914564328937388,0.18293153837946813,0.22861932397170617,0.21384385458373323
b97c72bf.qasm,16,success,0.22274159999999998,0.8166666666666667,0.25264904016015005,0.22702519760244588,0.2766474322740702,0.26607912779243337
b97c72bf.qasm,64,success,0.2894879,0.8166666666666667,0.5042248262801903,0.47800786137601403,0.5711556009944995,0.5752434477376752
b97c72bf.qasm,512,success,0.2054503,0.8166666666666667,0.2864103161585575,0.2721767171964511,0.3037363439576738,0.2836364592601361
b9ba0e84.qasm,16,success,6.7821621,0.5791666666666667,4.614249753338342,4.548370700456896,0.7794761607440613,0.7217448267296699
b9ba0e84.qasm,64,success,28.735752399999996,0.5791666666666667,2.771808301604038,3.0815358124643697,1.168330031795056,1.2668944464171326
b9ba0e84.qasm,512,success,2299.937497400001,0.5791666666666667,355.2439632061719,339.7861847883905,3.9064340596065024,4.38373385311884
ba0c09b8.qasm,16,success,1.6862829,0.5645833333333333,1.69331622315189,1.697150715921501,6.510175878656712,7.312062444521006
ba0c09b8.qasm,64,success,10.520238199999998,0.5645833333333333,10.555570771371801,10.548775134683362,7.482485313747582,8.74905043958594
ba0c09b8.qasm,512,success,404.0949175,0.5645833333333333,408.6771438316236,405.2053234780967,103.06725506637937,104.00644865329951
bb291a8b.qasm,16,success,2.2330537,0.5645833333333333,2.2516495051911902,2.2519102339924473,9.777141309197651,9.546742246096596
bb291a8b.qasm,64,success,13.046995199999998,0.5645833333333333,12.980826870983522,12.879084951795686,11.123243050990736,10.769364132402107
bb291a8b.qasm,512,success,564.3548563,0.5645833333333333,527.1217012374319,527.1287361854564,178.20131400074166,187.35982481978917
bb50273f.qasm,16,success,461.99817259999986,0.86875,66.84525604914477,55.538452967088524,10.997096327485982,11.104612639361712
bb50273f.qasm,64,success,61.829867500000006,0.86875,12.434163417107909,11.994354305634683,7.557677578946144,7.654777325199116
bb50273f.qasm,512,success,565.4078366999998,0.86875,125.96098784969668,106.64442058853658,40.69829304822984,30.445735041965307
bc99b330.qasm,16,success,125.21808419999999,1.0,159.6735149525585,153.65116270275604,61.47350114242926,39.62472778344834
bc99b330.qasm,64,success,175.69860989999995,1.0,213.84540358112264,220.47470320999426,10.460550560713868,9.062509699993399
bc9dd950.qasm,16,success,1.1235861,0.50625,1.0960420734377978,1.0818453907211094,2.43756085447091,2.1437281668011536
bc9dd950.qasm,64,success,2.5736842,0.50625,2.6025890419683204,2.547061464741654,3.366560345582469,2.629879641733827
bc9dd950.qasm,512,success,34.4556024,0.50625,34.23919507954449,33.61935612671378,25.123478020989293,19.13517231416254
bd32080b.qasm,16,success,1675.8850690999998,0.45208333333333334,254.18192494137276,340.59730881107726,24.619943399472845,20.153444077275626
bd32080b.qasm,64,success,6223.237383199999,0.45208333333333334,193.82313199081005,238.75459697386236,15.164377269356375,13.060287258862957
bd32080b.qasm,512,timeout,14399.999999999989,0.45208333333333334,3045.621851243183,2834.381157964448,73.48212821567698,67.39165133937941
bd462bd7.qasm,16,success,8.4452683,0.4878267973856209,7.633322058006411,7.666988992844637,5.192819971727078,5.813014448441011
bd462bd7.qasm,64,success,0.18212130000000004,0.4878267973856209,0.28248412631582664,0.2795697424699297,3.894859957374668,4.10163979453802
bdd2c3ff.qasm,16,success,8.5620839,0.55625,7.568120567053481,7.545000994521517,1.2895927728288645,0.9797600117368568
bdd2c3ff.qasm,64,success,71.33639449999998,0.55625,20.254824814655635,17.022805951520056,2.679303066135011,2.1466644902630723
bdd2c3ff.qasm,512,success,2554.6987554,0.55625,1645.3431796398445,1349.5070405872577,8.29045028903939,8.799342976952122
be527b4d.qasm,16,success,327.64276280000007,0.9145833333333333,344.4574975634753,401.77880686536787,23.788409181643853,22.816434077035353
be527b4d.qasm,64,success,16.115476700000002,0.9145833333333333,181.99881808749103,203.09800597670244,4.3233755006467725,4.662884924582258
bf029799.qasm,16,success,1.7939698,0.5604166666666667,1.790065324541463,1.7896384393452889,6.603814089824709,6.997171209464345
bf029799.qasm,64,success,9.9905934,0.5604166666666667,9.983301118057888,9.983326766431485,7.55319905752333,8.14009426941352
bf029799.qasm,512,success,373.7508546999999,0.5604166666666667,379.1083307235483,379.5845399752367,105.84791051945797,101.54012542569971
bf0f8df9.qasm,16,success,0.54735,0.45208333333333334,0.5345227187921251,0.538003211073432,1.49580413734076,1.7660123735185815
bf0f8df9.qasm,64,success,1.3424396,0.45208333333333334,1.3485443951595706,1.2918361247754337,1.6688592328893512,1.9539762295798866
bf0f8df9.qasm,512,success,3.4726905999999995,0.45208333333333334,3.4077086737374636,3.3946865103773116,8.443351372373469,9.419175187103214
bf9674e9.qasm,16,success,0.1775753,0.7787990196078431,0.17277623524613514,0.17017750176980392,1.7328566421014329,1.8115480591506898
bf9674e9.qasm,64,success,2.4674081,0.7787990196078431,2.543932215117852,2.5052943856330403,3.6399795053120307,3.8292096374598246
bf9674e9.qasm,512,success,0.17353109999999997,0.7787990196078431,0.1961627597245598,0.1803870500608036,4.528516804141798,3.8429851958458237
c05aa9cf.qasm,16,success,3.0019963,0.55625,3.146242505326813,3.1358897418006753,14.796256905813836,16.204375688330558
c05aa9cf.qasm,64,success,23.5731577,0.55625,24.363573952801712,24.920531370127865,15.535312704780349,15.624934212650258
c05aa9cf.qasm,512,success,448.6712298999999,0.55625,1138.6561978764746,1116.198049130214,223.54264889516935,270.0334060007228
c0a1d157.qasm,16,success,0.18243549999999997,0.5093545751633987,0.45055476713092435,0.4599649952789228,12.456541212689418,14.827152841320022
c0a1d157.qasm,64,success,4.6466562,0.5093545751633987,3.736909610329309,3.538107930000603,11.210342032300769,15.798605035853008
c0a1d157.qasm,512,success,0.1828232,0.5093545751633987,0.7578734960083618,0.7513702056670316,66.37929731310487,73.39326248418605
c0ffe57a.qasm,16,success,0.3998301,0.7903227583168099,0.19735300466284145,0.1998464928944559,0.1927351330578,0.18990256829653512
c0ffe57a.qasm,64,success,0.1699738,0.7903227583168099,0.18154723776178971,0.18431915297765109,0.19189253348644275,0.19259402713031576
c20bb346.qasm,16,success,0.3509667,0.5145833333333333,1.507965039777482,1.8027265114574964,11.180234879721924,13.976753580223823
c20bb346.qasm,64,success,1.1472027,0.5145833333333333,1.1894379238129749,1.5336859173600543,3.601616804601489,4.2558208032274845
c20bb346.qasm,512,success,0.3426731,0.5145833333333333,2.8396372916463766,3.752971645555999,47.98403009916363,96.41304026679991
c246552a.qasm,16,success,4.088997,0.5541666666666667,4.429121503240567,4.643028576981837,1.130290978523125,0.9341806708889236
c246552a.qasm,64,success,0.4388426,0.5541666666666667,1.350613115699687,1.423494742745309,1.6821488288430486,1.7727455804659737
c246552a.qasm,512,success,816.6656867,0.5541666666666667,802.5850523959367,641.1775730946358,4.597821799935289,5.128391665813681
c39fa73b.qasm,16,success,0.17802479999999998,0.43611111111111106,0.1832656707312802,0.18501361050327028,0.19773381240761365,0.204612439336436
c39fa73b.qasm,64,success,0.1641723,0.43611111111111106,0.1792015326768797,0.17604896115961535,0.24564693643234833,0.22938969961691066
c39fa73b.qasm,512,success,0.1729059,0.43611111111111106,0.1788579819949564,0.17881034378330193,0.20181101713126973,0.19788494009501695
c3c0513f.qasm,16,success,0.1795263,0.5083333333333333,0.5390435017117235,0.5936153230446141,0.6747133190058892,0.7841725275057821
c3c0513f.qasm,64,success,0.1589828,0.5083333333333333,0.4378970642092569,0.4327252986931973,0.5122302768766619,0.5512604853689234
c3c0513f.qasm,512,success,0.17359960000000002,0.5083333333333333,0.5587893784367567,0.5874765383270556,1.0956815775098396,1.1032629513534327
c40ecada.qasm,16,success,1.5196586,0.5583333333333333,1.5379049512605516,1.5217115670115007,5.213305896644757,5.6779871106877335
c40ecada.qasm,64,success,6.9018752999999995,0.5583333333333333,6.97407773835586,6.916239864641133,7.207240496580446,7.485986229673567
c40ecada.qasm,512,success,208.56807320000001,0.5583333333333333,200.17573324554044,200.72969215375863,96.67840077137818,100.02971952900415
c4c36286.qasm,16,success,1.7383957,0.5645833333333333,1.7235315612020696,1.7354007592591372,6.9697260532801595,6.993169221001818
c4c36286.qasm,64,success,10.072573800000002,0.5645833333333333,10.098040855840974,10.127294643227225,8.23939430768365,8.908313088254477
c4c36286.qasm,512,success,401.72131759999985,0.5645833333333333,407.0031566350631,407.91473654144926,122.14322663840773,127.28763415494068
c4ff2c11.qasm,16,success,1.1621505,0.7512319159873687,0.6582978523878772,0.6158276606022105,0.5597527882185014,0.552306423988763
c4ff2c11.qasm,64,success,5.589186999999999,0.7512319159873687,2.8666736397195716,2.800840241612982,1.060050679543585,1.0088210551230052
c4ff2c11.qasm,512,success,1.1551765,0.7512319159873687,3.546223324057809,2.9093583199324007,3.375541337141356,3.3016234385385532
c6678d16.qasm,16,success,516.0462371999998,1.0,672.5794835635165,632.734182017416,68.82564897388326,45.785079240407924
c6678d16.qasm,64,success,821.4442047999996,1.0,562.6463468778463,527.7538276185197,12.115719968340006,10.839627742232368
c6678d16.qasm,512,timeout,14399.999999999989,1.0,13950.623368359316,13517.768463109493,1239.9253040605038,1248.070045302466
c676cfb4.qasm,16,success,0.23532530000000002,0.70625,0.1817750378727895,0.17952187762063032,0.2840204927155202,0.29542303308175344
c676cfb4.qasm,64,success,0.2578355,0.70625,0.18462381471234687,0.18082786983089544,0.33537478439550183,0.34963138339253386
c676cfb4.qasm,512,success,0.24538750000000004,0.70625,0.1779812708374589,0.17850253076327025,0.3496050375323783,0.35618687680510525
c7670b0a.qasm,16,success,0.5437697,0.5229166666666667,1.0288128299743045,1.0998497893041062,0.8956301976051579,1.017221779617913
c7670b0a.qasm,64,success,0.550425,0.5229166666666667,1.0185336112903631,1.10069395184801,0.9120926205604504,1.052779753090477
c7670b0a.qasm,512,success,0.5097197,0.5229166666666667,1.016891732707466,1.103125911168813,0.9059477138553585,1.0614358463459113
c7a93f95.qasm,16,success,1.3009129,0.5583333333333333,1.299508298031962,1.2972510307689327,4.8533332632939565,4.3523137862438235
c7a93f95.qasm,64,success,6.5205913,0.5583333333333333,6.50812408867162,6.580579276438837,6.516543219142397,5.859242398241706
c7a93f95.qasm,512,success,209.0101838,0.5583333333333333,205.0011715612002,207.1879515622227,74.93172751085466,51.83449241821011
c7bddf55.qasm,16,success,0.5527257,0.45416666666666666,0.5882753531613096,0.5919638705703975,1.2706869151541011,1.4283183680096119
c7bddf55.qasm,64,success,1.1093257,0.45416666666666666,1.1175221799001647,1.1277528088478426,1.394225742795595,1.5573967926740717
c7bddf55.qasm,512,success,2.7514677,0.45416666666666666,2.696735968167786,2.649494762224752,5.720350513920997,7.277674614544524
c82bb473.qasm,16,success,1.3014825,0.5583333333333333,1.3034511592160583,1.3039624726895749,4.8533332632939565,4.3523137862438235
c82bb473.qasm,64,success,6.4765742,0.5583333333333333,6.498587242985184,6.5581981320062654,6.516543219142397,5.859242398241706
c82bb473.qasm,512,success,210.21006139999997,0.5583333333333333,206.52591215503196,207.28748330245836,74.93172751085466,51.067001156936435
c84ad65b.qasm,16,success,1.132833,0.5583333333333333,1.1377680657085967,1.1264815221671616,3.6235404455325844,3.190252850240275
c84ad65b.qasm,64,success,4.321362400000001,0.5583333333333333,4.222102365830045,4.251363254534383,4.842471787163445,4.112669353433888
c84ad65b.qasm,512,success,96.38189569999999,0.5583333333333333,92.04188819113088,94.177499213407,42.58034036460058,33.33460275014665
c8afe1ad.qasm,16,success,0.172325,0.9632802746566791,0.18981140622536055,0.196582768640191,0.2004182227918663,0.2051905746961425
c8afe1ad.qasm,64,success,0.7844303,0.9632802746566791,0.7940358286529454,0.7376312145491046,0.4258074554315406,0.44480616962318986
c945995d.qasm,16,success,1.6418214,0.5604166666666667,1.6440957904683873,1.6351194947848786,6.409577176991888,6.531834779603932
c945995d.qasm,64,success,8.8522282,0.5604166666666667,8.978271793787062,8.9502556323886,8.458647950915053,8.564977457650265
c945995d.qasm,512,success,341.62067240000016,0.5604166666666667,331.01640473086707,335.0793233899692,103.441690166001,152.76595250593888
c95f41f8.qasm,16,success,0.1763965,0.7194444444444446,0.18635854042047179,0.19686601280643554,0.20641093548101944,0.1965114891862346
c95f41f8.qasm,64,success,0.4365802,0.7194444444444446,0.21402899057113803,0.2212486858880965,0.23840428979993758,0.2182546904309656
c95f41f8.qasm,512,success,0.17736769999999996,0.7194444444444446,0.18267369188604943,0.19170520958526566,0.21452291168937396,0.20559123001178337
c96fe790.qasm,16,success,291.6478196,0.7333333333333333,44.2754740592365,35.93815254770909,8.706711738180942,9.367585073708966
c96fe790.qasm,64,success,29.968277999999994,0.7333333333333333,13.933965167393385,12.870616456130378,7.63273439608397,8.028785959894687
c96fe790.qasm,512,success,292.8521848999999,0.7333333333333333,35.00075421964681,29.445310956998863,22.82919421655086,13.369382190954388
c999af32.qasm,16,success,1.1311006,0.5583333333333333,1.143531618247755,1.1443382268574924,3.991304006587819,3.4648714681242225
c999af32.qasm,64,success,5.0753012,0.5583333333333333,5.128007361344462,5.109889817475982,5.416780586304916,4.62595305896337
c999af32.qasm,512,success,144.16692230000007,0.5583333333333333,146.51399156195376,146.47791549972695,57.58899162688994,40.45810120601029
ca0a2ce5.qasm,16,success,3.3426185000000004,0.6044934640522875,3.1669849261615086,3.135147614579145,3.325752328279498,3.5393359343914774
ca0a2ce5.qasm,64,success,0.1686469,0.6044934640522875,0.1848923637266182,0.1992681365778471,3.294990405323536,3.1456513343940062
ca634f4d.qasm,16,success,1.1346432,0.50625,1.0553710269962027,1.0796773656127787,2.161236088609384,1.8088455537919526
ca634f4d.qasm,64,success,2.3053915,0.50625,2.2522007564016295,2.212537227709769,2.970902522975715,2.2254604570916228
ca634f4d.qasm,512,success,24.028526199999998,0.50625,23.898435035728607,22.26881831409343,18.5360498651079,15.348784915507087
ca8c6d9a.qasm,16,success,2.1916357,0.5666666666666667,2.2484536324879385,2.2449027579168996,9.309100392782911,9.236742818427068
ca8c6d9a.qasm,64,success,12.676150400000001,0.5666666666666667,12.668003116734564,12.65349367184716,10.84322711279745,10.643635918408618
ca8c6d9a.qasm,512,success,522.5552257,0.5666666666666667,455.6031852344465,456.0027676517178,173.8105101562878,186.69016249077148
ca980007.qasm,16,success,1.3004284,0.5583333333333333,1.3026652952196882,1.3012167558503631,4.8533332632939565,4.3523137862438235
ca980007.qasm,64,success,6.5013756,0.5583333333333333,6.5385941033238995,6.51876270703197,6.516543219142397,5.859242398241706
ca980007.qasm,512,success,203.21602670000007,0.5583333333333333,210.93536403708157,210.37390479719502,74.93172751085466,51.067001156936435
cab2b6e9.qasm,16,success,1.5307986,0.5583333333333333,1.517134604670208,1.5169632965412467,5.213305896644757,5.73297697944414
cab2b6e9.qasm,64,success,6.8686035,0.5583333333333333,6.785405675365707,6.802568765466772,7.207240496580446,7.570500069978244
cab2b6e9.qasm,512,success,204.01155880000002,0.5583333333333333,196.9759428399993,193.54072603409054,97.47280685206665,102.36411376236367
cb2b300f.qasm,16,success,1.648719,0.5604166666666667,1.6525918558053656,1.6469808379667694,6.409577176991888,6.531834779603932
cb2b300f.qasm,64,success,8.9312101,0.5604166666666667,8.974537423175443,8.918464960791896,8.458647950915053,8.536159684422188
cb2b300f.qasm,512,success,336.9242883,0.5604166666666667,347.9530721807861,342.9724281051437,105.36271488778861,152.2519552890105
cc5bc6eb.qasm,16,success,0.23998150000000001,1.0,0.20757516949893873,0.21273310536764206,0.21844520398737557,0.21949842247010604
cc5bc6eb.qasm,64,success,1.4279914,1.0,1.4568216790283457,1.4956046311946947,1.3857292258843605,1.3718613587979516
cc5bc6eb.qasm,512,success,0.2081356,1.0,0.2389919682878684,0.25689519292545876,0.3342457816844517,0.2996828548504919
ccfd978a.qasm,16,success,42.34227140000001,0.5041666666666667,55.60901330763435,54.6983398692757,31.313060907472707,23.660458526322405
ccfd978a.qasm,64,success,2.7107435,0.5041666666666667,3.5982197970432575,3.443680006600688,4.506994291702453,4.052156658564195
cd51d9b8.qasm,16,success,1.7485021,0.5541666666666667,1.7436684551391175,1.7480359829614263,10.757455490772744,9.25366130203284
cd51d9b8.qasm,64,success,13.210056200000002,0.5541666666666667,10.463158639152612,10.300244944373583,11.860560654897577,9.869732158238376
cd51d9b8.qasm,512,success,574.3465174000002,0.5541666666666667,564.734219756255,566.7788044278947,259.2391802372776,203.3688529290878
cd592018.qasm,16,success,2.3526015,0.55625,2.3321413439343663,2.329905550147139,10.73797546385582,11.348171447113025
cd592018.qasm,64,success,16.3234668,0.55625,16.164912186097485,16.04337599734239,10.904295395573376,11.658634955586344
cd592018.qasm,512,success,666.1303829000001,0.55625,564.9548938267988,568.7625859019093,175.4144780483864,212.82368164431665
cd5b55b6.qasm,16,success,0.256669,0.5704656862745099,0.18337643449520674,0.1858724465767591,0.2191171616767881,0.21429161431448995
cd5b55b6.qasm,64,success,0.1625885,0.5704656862745099,0.1871581608003935,0.18529657941646682,0.3755773399075283,0.363342192818683
cd5b55b6.qasm,512,success,0.2338264,0.5704656862745099,0.18583582313500094,0.1896665102937785,0.23888447044216854,0.21903517336363984
ce4f4dde.qasm,16,success,0.1818813,0.9881944444444445,0.20669451434301978,0.19882799798272455,1.8761341427933889,2.8091007316997216
ce4f4dde.qasm,64,success,4.050673899999999,0.9881944444444445,4.627285558357407,4.482556207900977,4.918568186464597,6.438768086810152
ce4f4dde.qasm,512,success,0.1800354,0.9881944444444445,0.21811271025859036,0.19837910328145753,7.15667251170195,10.386790596464543
ce7207a3.qasm,16,success,3.4724855,0.6044934640522875,3.1052025776983827,3.1642572770905364,3.3036162148310098,3.6215459754501067
ce7207a3.qasm,64,success,0.1853343,0.6044934640522875,0.18675325352393846,0.1984385227627121,3.2739598090207296,3.165590917043786
cee426fe.qasm,16,success,60.8826121,0.4,52.453615428746055,49.11435246038788,38.42596287587883,35.25443115704596
cee426fe.qasm,64,success,142.56026650000004,0.4,45.97480628557465,44.55872304698145,32.49747972738071,28.13995867704468
cee426fe.qasm,512,success,11992.309916099994,0.4,2168.3102592255163,1725.528347827794,2372.3460667580607,2394.848586502947
cf2c4cc9.qasm,16,success,0.1780009,1.0,0.19781214488747853,0.20556913646768818,0.22269310511976015,0.21593757679455886
cf2c4cc9.qasm,64,success,0.3343455,1.0,0.26204977479681796,0.26775549879031546,0.29391444731206706,0.31824198383171903
cf2c4cc9.qasm,512,success,0.1702461,1.0,0.19507657267369372,0.20079056305870582,0.22383450394612764,0.22262219291950583
cf5bfeb1.qasm,16,success,2.2799182,0.5645833333333333,2.2223231239857384,2.2222761514809233,9.856430568697236,9.546742246096596
cf5bfeb1.qasm,64,success,13.079453599999999,0.5645833333333333,12.850291131530934,12.969288632554813,11.151075643525184,10.769364132402107
cf5bfeb1.qasm,512,success,361.00468059999986,0.5645833333333333,564.1896323927812,566.8542750155324,183.43979129072127,187.35982481978917
d168a391.qasm,16,success,0.17140079999999996,0.5093545751633987,0.22904065771835133,0.22484055387690882,5.654417499240639,7.437627520703516
d168a391.qasm,64,success,2.6421047,0.5093545751633987,1.9175725596046453,1.951425864045882,6.8367939478624375,8.401468986997639
d168a391.qasm,512,success,0.16305370000000002,0.5093545751633987,0.2413353887288379,0.2454869887381035,41.85903731398981,52.51788850927569
d20d9d2e.qasm,16,success,7.2601546,0.4878267973856209,8.173483393164382,8.280383984262526,5.190260631653215,5.706274910073934
d20d9d2e.qasm,64,success,0.21048460000000002,0.4878267973856209,0.2598821588224828,0.2407160158429923,3.872138899812623,4.0394817311881726
d21812d8.qasm,16,success,5.7262911999999995,0.504125816993464,5.659175245057253,5.824346107858208,4.184984400466634,3.8303439996949322
d21812d8.qasm,64,success,0.17260249999999996,0.504125816993464,0.25748766008555773,0.2533496007038701,3.7498182401455846,3.3854587393282847
d2ffaf7e.qasm,16,success,0.2321556,0.7215277777777778,0.1921152148954006,0.18361310739227113,1.3363364756398206,1.8910102921441145
d2ffaf7e.qasm,64,success,2.5454339,0.7215277777777778,2.6734051638132543,2.716542279387005,3.5041754181794063,4.336393453467257
d2ffaf7e.qasm,512,success,0.2593566,0.7215277777777778,0.19415957673202003,0.17537624085541817,3.0765968067060787,4.439773218732209
d3f98c63.qasm,16,success,2.2281586,0.5645833333333333,2.2509930657644364,2.2575881503275688,9.777141309197651,9.546742246096596
d3f98c63.qasm,64,success,13.029918900000004,0.5645833333333333,12.957965090771339,12.893721315877496,11.123243050990736,10.769364132402107
d3f98c63.qasm,512,success,562.6930221000001,0.5645833333333333,549.2534646457863,549.1086400992301,181.94499102448944,187.35982481978917
d3f998bc.qasm,16,success,1.6935747,0.5541666666666667,1.7540917285885504,1.7524042712331378,8.96048998960963,8.733698729917496
d3f998bc.qasm,64,success,12.235003299999997,0.5541666666666667,12.156936049329198,12.231949149560666,10.04754797552071,8.861820272102243
d3f998bc.qasm,512,success,467.8785964000001,0.5541666666666667,471.61609060737925,468.9589803997839,198.56035760357037,176.03105328657566
d49ba491.qasm,16,success,1.0047482,0.5583333333333333,1.1438757675272861,1.1167069880317253,3.6235404455325844,3.190252850240275
d49ba491.qasm,64,success,4.3270887,0.5583333333333333,4.233129161312937,4.260728610658098,4.80763403196622,4.067920316711751
d49ba491.qasm,512,success,96.86097500000001,0.5583333333333333,92.28769904324368,92.7400099655795,42.37025090384576,33.33460275014665
d4a7f2c7.qasm,16,success,0.560587,0.45416666666666666,0.5868593561903478,0.5852171597632531,1.2706869151541011,1.4283183680096119
d4a7f2c7.qasm,64,success,1.1167891,0.45416666666666666,1.096758307717259,1.114026331542691,1.394225742795595,1.5573967926740717
d4a7f2c7.qasm,512,success,2.7529107,0.45416666666666666,2.705384680520819,2.6294213769345127,5.720350513920997,7.277674614544524
d706049b.qasm,16,success,0.2326287,0.7470652493207021,0.3855676436910438,0.37885746278291704,0.32921186487746307,0.3553363591349263
d706049b.qasm,64,success,1.7873514,0.7470652493207021,1.3273740907043234,1.332937450363111,0.6134991375840382,0.5864164299841953
d70a0bd6.qasm,16,success,580.3384012000004,0.5611111111111112,331.6994498478051,345.81028399148107,29.548271574698543,24.33263925115424
d70a0bd6.qasm,64,success,50.607107000000006,0.5611111111111112,59.40359392476493,62.04597293062661,5.451090508237487,5.84780419502172
d70a0bd6.qasm,512,timeout,14399.999999999989,0.5611111111111112,8436.070283666975,9244.765718155311,402.8460296941963,490.70395826190287
d7fe8918.qasm,16,success,178.36455989999996,0.4,18.595244193940147,16.548834600237456,0.8631061578547299,0.7597868041057563
d7fe8918.qasm,64,success,70.26249630000001,0.4,21.327642988844296,20.202841141534453,3.965089274459641,4.723750192272625
d7fe8918.qasm,512,success,177.67851409999994,0.4,26.54260073224325,26.987534587532622,2.930350207014333,2.5571545410525807
d87e1b4b.qasm,16,success,0.17300719999999997,0.9798611111111112,0.23616400426491194,0.23118850700400112,13.625630914848468,14.96513264382387
d87e1b4b.qasm,64,success,10.563292899999999,0.9798611111111112,8.934220221295787,8.534428934880605,17.025500119630518,15.305604205015719
d87e1b4b.qasm,512,success,0.1801242,0.9798611111111112,0.23794923896569023,0.2291532746926957,17.673601654317032,17.565645907391342
d9b603b5.qasm,16,success,1.2477177,0.5541666666666667,1.131384958880678,1.131073306785237,2.9712361648570527,2.650149283447123
d9b603b5.qasm,64,success,3.4265954,0.5541666666666667,3.3534436646884136,3.3603304710897315,4.1979315390761585,3.4374554849364305
d9b603b5.qasm,512,success,71.4677438,0.5541666666666667,68.92046575666335,69.9587161345345,30.811509944438882,28.01631201866568
d9c77e07.qasm,16,success,0.1766356,0.6346542637420136,0.19417560937792036,0.2000778633670004,0.2261128735211789,0.22046797097237256
d9c77e07.qasm,64,success,0.176099,0.6346542637420136,0.22315387269409045,0.21811651508652774,0.2885872489056745,0.28381149801458877
d9c77e07.qasm,512,success,0.1867367,0.6346542637420136,0.18831195790299265,0.19316004085635186,0.24054796752617036,0.23579877789805817
da0e58a0.qasm,16,success,5.1639064999999995,0.5041666666666667,7.075398196470139,6.968734535186826,8.429629335854633,9.13653212434337
da0e58a0.qasm,64,success,0.3444672,0.5041666666666667,0.6570659423646856,0.5731299370473908,4.43805157864115,4.648083983721198
da213329.qasm,16,success,2.1257089,0.5645833333333333,2.1134146202508046,2.1139839970712666,9.091554528152814,8.965182871300852
da213329.qasm,64,success,12.139482200000002,0.5645833333333333,12.22117168826549,12.199865911028656,10.543857469361546,10.341443259570372
da213329.qasm,512,success,495.7341519999999,0.5645833333333333,495.614077198,492.1753785599671,172.11921286920628,172.1130889506953
da3a2f77.qasm,16,success,2.3491533,0.55625,2.3788877611198394,2.37389838764052,12.786045488165723,12.735875615821541
da3a2f77.qasm,64,success,18.0994781,0.55625,18.13965880943064,18.152758239760075,14.171933706896331,13.87930728029622
da3a2f77.qasm,512,success,815.0945250000003,0.55625,687.9210377355242,673.0947955736605,231.65795876924503,249.92870658043128
da4d0871.qasm,16,success,56.542467900000005,0.5041666666666667,50.16386038427824,50.60891961119287,31.296943779079427,23.779552126685555
da4d0871.qasm,64,success,3.6433298,0.5041666666666667,2.979036976412038,3.088389807459132,4.775113146991867,4.0892714455795
da505823.qasm,16,success,1.3033438,0.5583333333333333,1.2919369350543806,1.2945640731376866,4.8533332632939565,4.3523137862438235
da505823.qasm,64,success,6.5001772,0.5583333333333333,6.526086148487276,6.53066552226594,6.516543219142397,5.859242398241706
da505823.qasm,512,success,202.88012400000008,0.5583333333333333,206.6879337552988,208.36041430742063,74.93172751085466,51.067001156936435
da601912.qasm,16,success,136.53217920000003,0.5611111111111112,163.05549843537003,183.27255573134562,30.704613432495737,25.25480411760768
da601912.qasm,64,success,15.833468599999998,0.5611111111111112,34.92064538728428,40.38928366214375,5.293179398136672,5.516410724467626
da601912.qasm,512,success,6845.365393099999,0.5611111111111112,6510.247627269038,4074.288966459761,407.6053640561079,448.233725997408
dae23358.qasm,16,success,1.3884339,0.5583333333333333,1.3860053907180685,1.3909300151857744,4.189746302142057,4.1072430624234135
dae23358.qasm,64,success,5.7483908,0.5583333333333333,5.745784973987754,5.747596318226107,5.586347453077879,5.3082306595024145
dae23358.qasm,512,success,133.9679896,0.5583333333333333,136.41796665427256,134.64691751439094,60.93352042185099,44.961380698215315
db12c1f0.qasm,16,success,4.704939,0.5041666666666667,0.19828685076351327,0.19320363574701466,0.8243054660100334,0.8487307375119036
db12c1f0.qasm,64,success,0.5786665,0.5041666666666667,0.3023150248125844,0.3021945030299888,0.9143840426560343,0.9924980421905899
db12c1f0.qasm,512,success,4.6964082,0.5041666666666667,0.2217200414885986,0.22013058128469606,1.8163110232732687,1.9821731955896522
db6ca211.qasm,16,success,0.2941825,0.9770833333333333,0.29181117168989357,0.29563270161703153,20.58818960168343,20.049692297558458
db6ca211.qasm,64,success,9.5803355,0.9770833333333333,7.752573463655842,7.724576036775914,19.28648182133907,18.04421348543542
db6ca211.qasm,512,success,0.2892399,0.9770833333333333,0.35102116546169226,0.3225376333159233,48.21244140229753,42.77641188562524
dbcc99b4.qasm,16,success,0.16612960000000002,0.6197712418300654,0.1835874069580549,0.1814252119358387,3.699301312993531,5.195515460814962
dbcc99b4.qasm,64,success,1.0593415,0.6197712418300654,1.024055623365417,1.0549052633737372,5.22757949848068,7.3388515433406205
dbcc99b4.qasm,512,success,0.1705503,0.6197712418300654,0.18071487000906789,0.17747896800399762,36.76973157628496,49.342922218387834
dc86453a.qasm,16,success,81.20216329999998,0.6958333333333333,259.7434846885168,217.55081569203855,25.282517270256918,23.254778814844215
dc86453a.qasm,64,success,13.8824137,0.6958333333333333,199.500433815425,157.0274942862671,5.097893405528395,4.864198503774819
dc86453a.qasm,512,success,232.4684939,0.6958333333333333,2181.2019492848844,2459.7310762707953,10.534160313086991,9.312531429863903
de690b52.qasm,16,success,1.2104143,0.5541666666666667,1.2048190109117214,1.2091346881297627,3.292308926031009,3.028868622307783
de690b52.qasm,64,success,4.174748,0.5541666666666667,4.182729592545848,4.157762515731681,4.585695218765902,3.9479093943305155
de690b52.qasm,512,success,92.09334020000001,0.5541666666666667,91.88320796416156,90.55750974504024,42.151370141957,34.34937184253016
deb00fe1.qasm,16,success,0.16799240000000001,0.5114379084967321,0.28556728283371846,0.24997108015102634,0.23340018576455399,0.2289681243887545
deb00fe1.qasm,64,success,0.5832587,0.5114379084967321,0.656608225732049,0.6064114282896507,0.5033000291308347,0.4719291929603565
deb00fe1.qasm,512,success,0.19616600000000003,0.5114379084967321,0.29915170439516453,0.2666693004221479,0.2309447728191974,0.23660962930790905
df1a7a89.qasm,16,timeout,14399.999999999989,0.39166666666666666,7569.225210155967,8090.762301887957,11.288688281894977,17.81169213200825
df1a7a89.qasm,512,timeout,14399.999999999989,0.39166666666666666,7262.6568334246285,7037.592752135326,13.461987563573576,19.0365692593364
df43c2c2.qasm,16,success,1.8799254,0.5645833333333333,1.8776130985894681,1.8818645949705683,7.882050848950589,8.280642871342362
df43c2c2.qasm,64,success,11.393904200000001,0.5645833333333333,11.347732718618886,11.313701662184295,9.395136174291496,10.26654829982276
df43c2c2.qasm,512,success,464.5924747999998,0.5645833333333333,464.0790777740492,463.88409926007927,141.81973957347665,149.74260067762611
df458745.qasm,16,success,1.3833654,0.6895833333333333,24.950613627198347,25.08653515233158,6.669167193690973,8.525994169371963
df458745.qasm,64,success,2.1396599,0.6895833333333333,18.180198973598817,19.012967468688654,5.368983171519086,6.068596418464722
df458745.qasm,512,success,1.372099,0.6895833333333333,44.52852741661329,36.584957839454596,4.261744837291059,8.44066047882046
df75e229.qasm,16,success,2.3211752,0.55625,2.319146976917594,2.3130345307729936,10.714196972599684,11.303415277368131
df75e229.qasm,64,success,16.271500999999997,0.55625,16.237030623297557,16.280967946688097,11.010813836711126,11.804504698963633
df75e229.qasm,512,success,651.6184142999999,0.55625,535.0613311947586,538.3336601039424,175.4144780483864,212.82368164431665
e10d312f.qasm,16,success,7.8625378,0.6854166666666667,179.59902380998105,201.9075543007801,5.743300657548204,5.121296197373956
e10d312f.qasm,64,success,7.698335700000001,0.6854166666666667,110.84016293561795,119.87937488945434,4.054089058831375,3.2323932686222183
e10d312f.qasm,512,success,7.852639099999999,0.6854166666666667,589.4952681377462,428.40942068079823,6.234795590667377,5.53921756674959
e260fc6a.qasm,16,success,0.1742876,0.3625,1.297952144350581,1.1394907901546005,1.0632604960110557,1.2490128486148022
e260fc6a.qasm,64,success,0.369846,0.3625,1.5437151728974616,1.473223375707578,1.3876007407314497,1.42442686102806
e260fc6a.qasm,512,success,0.1705179,0.3625,2.8495669958305516,3.1748456002960252,1.9297982992889606,2.7256958278895014
e3863462.qasm,16,success,9.1420229,0.5770833333333333,7.063545177914993,7.16474664242804,0.8584492027745547,0.7904182207066852
e3863462.qasm,64,success,36.23688700000001,0.5770833333333333,17.769466562768002,18.167805463986696,1.2897698484186857,1.3316867917858166
e3863462.qasm,512,success,3105.4514809999987,0.5770833333333333,1336.521158366654,1425.859643688481,4.513153186146427,5.746524779205011
e3b97044.qasm,16,success,2.6052131,0.55625,2.5715457053299424,2.5672061737130063,10.80981543300375,12.860953156035736
e3b97044.qasm,64,success,18.3742898,0.55625,18.478940170448396,18.47710285912264,10.638113806995161,12.359487822539789
e3b97044.qasm,512,success,703.2050625,0.55625,705.6027420729505,710.5085489550127,169.06436842335646,193.87211125056325
e4a4359e.qasm,16,success,137.77012070000004,0.5041666666666667,194.14092859196495,193.1304676851689,29.117396244997508,28.690077346396958
e4a4359e.qasm,64,success,6.0091114,0.5041666666666667,8.455656596586165,8.82056824236378,4.204103255504298,4.9417799856936275
e4b50619.qasm,16,success,0.17564289999999996,0.8343545751633986,0.18685295482557057,0.19543700610394735,0.21947889985052066,0.19949584327306524
e4b50619.qasm,64,success,0.2854015,0.8343545751633986,0.1993079646539545,0.22461406148443278,0.47947376865210456,0.5276485976522459
e4b50619.qasm,512,success,0.1787359,0.8343545751633986,0.18652497379157046,0.19639683021952448,0.27106448866145844,0.2529795158752579
e61acd2b.qasm,16,success,0.5875065,0.43333333333333335,0.46755387863845543,0.46868938886779987,0.6431046979640165,0.7856584271232322
e61acd2b.qasm,64,success,0.340524,0.43333333333333335,0.3426341621528614,0.3430166540655659,0.6549141626883553,0.8640996452181151
e61acd2b.qasm,512,success,0.3418323,0.43333333333333335,0.34553528208298623,0.3442248676234294,1.6804119256052072,2.2646708871624037
e66c3381.qasm,16,success,2.1967006,0.5666666666666667,2.1927640518704683,2.1960770432114036,9.309100392782911,9.236742818427068
e66c3381.qasm,64,success,12.685679599999999,0.5666666666666667,12.59609189894954,12.613518824436914,10.84322711279745,10.643635918408618
e66c3381.qasm,512,success,524.5309873999998,0.5666666666666667,524.6489277521185,524.5642168776556,173.8105101562878,186.69016249077148
e698c12d.qasm,16,success,0.22370250000000003,0.35555555555555557,0.1947127806536758,0.19749107779024755,0.19256144558846439,0.1877605530643229
e698c12d.qasm,64,success,0.1696466,0.35555555555555557,0.1859948509324217,0.18654493624355034,0.1901000895086576,0.1874162192507069
e7296260.qasm,16,success,2.4096041,0.55625,2.3726930562103634,2.3709711424697133,12.786045488165723,12.735875615821541
e7296260.qasm,64,success,18.1512398,0.55625,18.11847226704874,18.09374728731141,14.171933706896331,13.87930728029622
e7296260.qasm,512,success,839.2742018,0.55625,691.2372398616947,703.3424596618876,231.65795876924503,249.92870658043128
e751ad87.qasm,16,success,6.030250200000001,0.3333333333333333,74.77153165860051,76.06928801541751,6.102784895715441,7.173518196219209
e751ad87.qasm,64,success,3.9561276000000003,0.3333333333333333,15.601072492180533,14.36939641743559,6.064370891314796,5.691882793624429
e751ad87.qasm,512,success,5.8737042,0.3333333333333333,30.595682333347742,25.88838583698959,12.293076718453138,10.414816841916716
e7540ce6.qasm,16,success,2.967996,0.55625,3.158473886578572,3.1798458974762944,14.796256905813836,16.204375688330558
e7540ce6.qasm,64,success,23.462013599999995,0.55625,24.792017484139024,24.914127737713528,15.535312704780349,15.624934212650258
e7540ce6.qasm,512,success,1121.9413080999996,0.55625,850.864110283519,840.5122744524307,223.54264889516935,270.0334060007228
e815593a.qasm,16,success,0.18724260000000004,0.5988249694774912,0.46941059198688484,0.45059289879912784,0.3033161391006988,0.31278321504275264
e815593a.qasm,64,success,0.2779193,0.5988249694774912,0.776989147666336,0.7592079524157909,0.41631435777583414,0.39188202158657665
e815593a.qasm,512,success,0.17562649999999996,0.5988249694774912,0.6105508542276309,0.5879763164615802,0.30824403086949453,0.28587017867995634
e893b1a5.qasm,16,success,29.4305108,0.5041666666666667,18.606375805683346,21.5067596927627,24.944788493822372,23.076858163642385
e893b1a5.qasm,64,success,2.0071979,0.5041666666666667,4.895793569426958,4.8921922377199225,3.3439869564351965,3.7989950937910546
ea801020.qasm,16,success,309.4653601,0.4875,113.77270951529898,122.02690368747454,8.651813494165923,9.427754885094275
ea801020.qasm,64,success,36.0080199,0.4875,17.080979149331007,16.011188174544106,7.894618197499138,7.5276882656352715
ea801020.qasm,512,success,230.80005270000004,0.4875,105.50929380613553,115.18535902847873,31.347678038985308,21.677173085283805
eb153d64.qasm,16,success,0.181782,0.7527777777777778,0.17786934911379298,0.17852551599122332,4.026235189025423,4.98492920643137
eb153d64.qasm,64,success,4.883056699999999,0.7527777777777778,4.423301980771071,4.394567575371903,8.01507595545453,8.693160740779375
eb153d64.qasm,512,success,0.17385960000000003,0.7527777777777778,0.17831475149342849,0.1816739974767295,10.932511884493103,10.557330684513968
ebb0ac17.qasm,16,success,1.1353584,0.4347222222222223,0.2565930577054416,0.27197245006399084,0.3841294798585422,0.4574706409497974
ebb0ac17.qasm,64,success,1.2178021,0.4347222222222223,0.2835152887425311,0.30572938013926204,0.4341290542740034,0.5080572809474467
ebb0ac17.qasm,512,success,3.070161,0.4347222222222223,0.2680894890423759,0.2710420285574779,0.42006884450152315,0.5324280274393
ebc18fd7.qasm,16,success,7.6774203000000005,0.5104166666666666,15.1981588175358,14.462109389882821,41.680542253385816,34.641983770543206
ebc18fd7.qasm,64,success,2.5845105,0.5104166666666666,7.1587093334937775,6.402490148594521,9.624847925283309,12.287524518410093
ebc18fd7.qasm,512,success,7.634144,0.5104166666666666,35.52991244760361,41.795314326190166,107.74495739119247,151.79859648715427
ebc3e166.qasm,16,success,5179.478907899998,0.4618055555555556,1480.6097055935327,1713.512446718675,9.14636334399239,12.739550353023924
ebc3e166.qasm,64,success,595.4877102000002,0.4618055555555556,601.7184734784386,682.2633703874471,4.924159994899468,5.950258566471927
ebc3e166.qasm,512,timeout,14399.999999999989,0.4618055555555556,4105.413191770604,4730.70843851948,32.29496834035093,89.67907009492747
ec70915a.qasm,16,success,1.0359822,0.5493055555555556,1.4609412193597229,1.697273933760815,0.5906410535822433,0.595121592510192
ec70915a.qasm,64,success,6.390665599999999,0.5493055555555556,1.793719781040829,2.2631909954355627,1.1026822556913758,1.163801405681171
ec70915a.qasm,512,success,196.3373207,0.5493055555555556,265.9531293827782,263.382810953307,2.910746458365456,3.479222758039684
eca6fb66.qasm,16,success,2.0567893,0.5645833333333333,2.074512891727527,2.0728597009354592,7.972867349593385,8.971414975517266
eca6fb66.qasm,64,success,12.525143000000002,0.5645833333333333,12.476130041438465,12.52358014143878,9.05255545239681,9.793215100949016
eca6fb66.qasm,512,success,519.2628030999998,0.5645833333333333,498.99029182354883,500.0851676688482,139.18676213161896,151.78457286708465
ed52defd.qasm,16,success,0.5929218,0.42916666666666664,0.5793171475025503,0.5770706110532894,0.8006258066842313,0.9297293574212313
ed52defd.qasm,64,success,0.4510283,0.42916666666666664,0.44570881989850686,0.45032754498203115,0.8752130098444648,0.992237801632337
ed52defd.qasm,512,success,0.4499749,0.42916666666666664,0.47021277983377047,0.48218325634629455,2.284500873165027,2.6477802705398727
eefd994e.qasm,16,success,2.240148,0.5645833333333333,2.2224233889110345,2.225095540427596,9.777141309197651,9.546742246096596
eefd994e.qasm,64,success,13.1561919,0.5645833333333333,12.712752718125646,12.729828037000836,11.267410354894192,10.769364132402107
eefd994e.qasm,512,success,565.6982321,0.5645833333333333,559.420510045491,560.8174417335729,178.01141021179512,187.35982481978917
ef8d10d7.qasm,16,success,3.2810824999999997,0.5208333333333334,3.4486234723419207,3.62326880939891,0.9597496232216489,0.800281865909502
ef8d10d7.qasm,64,success,0.3767518,0.5208333333333334,0.486486726567007,0.45949061020747756,1.4614207285649385,1.5679575829262087
ef8d10d7.qasm,512,success,630.5900887999998,0.5208333333333334,459.1343055115541,421.6156681471846,3.830041599667147,3.7124482931676943
efafd44f.qasm,16,success,4.6616661,0.5916666666666667,3.0719866089834076,3.2868246846333156,0.5185960050688674,0.520818328878428
efafd44f.qasm,64,success,3.6616828,0.5916666666666667,2.943555722782767,3.0202331085237244,0.8526873200284433,0.9002840081652245
efafd44f.qasm,512,success,4.7884434,0.5916666666666667,3.033834156456289,3.3470989884504814,0.46507085836666395,0.5115710529626863
f030e083.qasm,16,success,18.2983299,0.46041666666666664,6.815009583457945,6.845058305702454,1.261466487529775,0.9428289429235934
f030e083.qasm,64,success,89.51382609999997,0.46041666666666664,8.303420636262837,6.018784052101397,2.112447044040831,1.9632392760821562
f030e083.qasm,512,success,6472.491164400003,0.46041666666666664,1032.6496669358219,815.4853851124511,8.175286466965241,8.77389756734032
f05a6196.qasm,16,success,104.72650230000006,0.4875,306.9426014727546,292.15481876070834,8.651813494165923,9.427754885094275
f05a6196.qasm,64,success,12.820418699999998,0.4875,38.24485208408144,37.06044447866081,7.894618197499138,7.5276882656352715
f05a6196.qasm,512,success,104.12417669999996,0.4875,158.90121097910085,172.49402887611225,31.347678038985308,21.677173085283805
f0c5e28f.qasm,16,success,0.1777949,0.6759022212583533,0.23732198868419468,0.25106376884109677,0.31593196586136657,0.3210366546895663
f0c5e28f.qasm,64,success,0.16618189999999997,0.6759022212583533,0.22790115621018475,0.24880275220814144,0.429770520399192,0.4139726771687983
f0c5e28f.qasm,512,success,0.1739449,0.6759022212583533,0.21890145277560927,0.23514530195233915,0.4409078049564069,0.3894253522433203
f0e878db.qasm,16,success,2.1514548,0.7267156862745098,2.741968887783077,3.0677208600326904,4.694158888877258,3.6096565096535667
f0e878db.qasm,64,success,13.338250099999998,0.7267156862745098,2.7306246816633943,2.879171022551076,4.451595866971628,3.625879690030838
f0e878db.qasm,512,success,505.65583810000004,0.7267156862745098,44.419118564949244,66.17116572862824,19.890353168058482,10.864998975990641
f0e91b40.qasm,16,success,1.7400719,0.4875,3.200925845641944,3.275609292044284,0.672734499824368,0.6606465433227809
f0e91b40.qasm,64,success,8.277378,0.4875,1.1400400639637467,1.0422681323207783,1.0161033796599004,1.2716567554297484
f0e91b40.qasm,512,success,402.45571770000015,0.4875,118.33670677001646,92.88430390847029,2.9954002922575587,3.247260697888702
f1167cc3.qasm,16,success,1.4061182,0.5583333333333333,1.3871722036648069,1.389686878924584,4.189746302142057,4.1072430624234135
f1167cc3.qasm,64,success,5.718801399999999,0.5583333333333333,5.728761678097003,5.7340485610307415,5.586347453077879,5.3082306595024145
f1167cc3.qasm,512,success,134.19674820000006,0.5583333333333333,133.4581235763346,131.73896583732804,60.93352042185099,44.961380698215315
f163436d.qasm,16,success,0.18145439999999996,0.7031054644470146,0.22350646272006802,0.24949087954020885,0.2336483528824355,0.2759387972187738
f163436d.qasm,64,success,0.2191586,0.7031054644470146,0.22774324731622922,0.2587362045476519,0.22243349961464245,0.2510528741101656
f1bcea54.qasm,16,success,1.8772476000000002,0.5645833333333333,1.857184697209882,1.851342510753153,7.992498505201758,7.515361974451729
f1bcea54.qasm,64,success,10.650654699999999,0.5645833333333333,10.688740510326053,10.709531175029376,9.812757367505105,9.615411135732552
f1bcea54.qasm,512,success,446.20097660000005,0.5645833333333333,440.2832725188642,441.26634784968087,150.43778349628886,153.3281455303065
f27a09cf.qasm,16,success,0.177527,0.7479166666666666,0.17301491681192446,0.17882893460804433,19.60249654816599,16.98717548550023
f27a09cf.qasm,64,success,9.6810114,0.7479166666666666,9.803384244685883,9.483043985305715,22.18341185766543,19.363618382359206
f2a5a67a.qasm,16,success,0.4595018,0.43333333333333335,0.5062656796490264,0.5021582496217221,0.6501570180117734,0.7856584271232322
f2a5a67a.qasm,64,success,0.341567,0.43333333333333335,0.3557243817943766,0.3623280306816651,0.6576770240843086,0.8640996452181151
f2a5a67a.qasm,512,success,0.3407394,0.43333333333333335,0.35189064932023156,0.34715765273244426,1.6745973414283264,2.2646708871624037
f5398281.qasm,16,success,2.3567967,0.55625,2.4067787105885583,2.4214871612750954,12.786045488165723,12.735875615821541
f5398281.qasm,64,success,18.203299199999996,0.55625,18.50569485392059,18.17118553270959,14.171933706896331,13.87930728029622
f5398281.qasm,512,success,322.2864782000001,0.55625,854.014385831135,834.6886489955953,231.65795876924503,249.92870658043128
f5aeb6f0.qasm,16,success,2.2514043,0.5666666666666667,2.1877681582508814,2.1883974062992677,9.311614544713496,9.236742818427068
f5aeb6f0.qasm,64,success,12.647261799999999,0.5666666666666667,12.668310244098196,12.654578023071858,10.84322711279745,10.643635918408618
f5aeb6f0.qasm,512,success,525.0129456,0.5666666666666667,520.7415190751427,520.4190875074182,170.23420717760126,186.69016249077148
f5d72dae.qasm,16,success,0.28022519999999995,0.9750816993464052,0.3567826763403843,0.4087017156349598,0.2895077509625749,0.288560937366646
f5d72dae.qasm,64,success,2.0205184,0.9750816993464052,0.6947432339011235,0.8083587772916353,0.4873806192628722,0.46333188005946857
f5d72dae.qasm,512,success,34.9589754,0.9750816993464052,1.2781341635370411,1.4643923058421182,0.2850032556933979,0.31015541972598837
f67ec297.qasm,16,success,1.3940487,0.5625,1.3777890687001961,1.384329858131247,6.154676280055098,5.895605445710805
f67ec297.qasm,64,success,7.96335,0.5625,7.931683884826096,7.96484324076382,8.437392805943567,7.96275775412341
f67ec297.qasm,512,success,284.6133111999999,0.5625,286.16722856040474,287.0014989531886,118.79108791018372,123.3571123710208
f7ff0727.qasm,16,success,0.1900845,0.39039063073731367,0.1907401997303678,0.19178108913995676,0.21687014299698415,0.2319968488399195
f7ff0727.qasm,64,success,0.172657,0.39039063073731367,0.24671550091003355,0.21919565067305605,0.4141240135965452,0.5027794228111089
f8a38627.qasm,16,success,168.1454513,1.0,159.60802128946432,166.30806291445222,65.05240171781669,44.067835296801775
f8a38627.qasm,64,success,293.6294401000001,1.0,202.78455828060254,197.77824042211634,10.115915174380545,9.996210370463366
f8a38627.qasm,512,success,13907.117731399987,1.0,7468.127388844764,6828.179971522138,831.0016781338977,910.5810503667642
f8d235ae.qasm,16,success,0.1790703,0.6034722222222223,0.21812932234029184,0.20791270575301685,0.20022615791155818,0.2073995181602398
f8d235ae.qasm,64,success,0.2438151,0.6034722222222223,0.21948321734584111,0.20756430660434047,0.2227529872031384,0.22514100954302607
f98536e0.qasm,16,success,0.1788549,0.6833333333333333,0.18219192911884913,0.1851758973596459,0.19135535296407286,0.18862929975069612
f98536e0.qasm,64,success,0.1664448,0.6833333333333333,0.1785222463857873,0.1795142683953155,0.1923160972518151,0.18915656184677673
f9fee41b.qasm,16,success,2.5416661,0.55625,2.5923468786944093,2.6038525718541283,10.788959667413799,12.860953156035736
f9fee41b.qasm,64,success,18.3950709,0.55625,18.428133088082024,18.510274364010492,10.638113806995161,12.359487822539789
f9fee41b.qasm,512,success,708.6173386,0.55625,703.1982521893539,707.0567754020885,169.06436842335646,193.87211125056325
fabdaac7.qasm,16,success,0.17383599999999996,0.5093545751633987,0.2758652953876315,0.2626027039214773,0.29875320655243703,0.27796088055740187
fabdaac7.qasm,64,success,1.2635249,0.5093545751633987,0.9184979103940996,0.8224792555507121,0.8967377433673963,0.8990735125153316
fabdaac7.qasm,512,success,0.1686687,0.5093545751633987,0.33607069757741687,0.3024526961483708,0.38256176703686506,0.3184272727264677
fadf1f0d.qasm,16,success,189.90480990000003,0.5041666666666667,163.62483677683286,165.55185761967292,28.860040278209866,28.690077346396958
fadf1f0d.qasm,64,success,6.8785139,0.5041666666666667,7.561078350519057,7.775178364478403,4.272523896793852,4.9417799856936275
fb107df5.qasm,16,success,17.846512699999998,0.5958333333333333,6.982031973727457,7.885243030971875,0.39400906914595557,0.39086192370584555
fb107df5.qasm,64,success,11.952432699999996,0.5958333333333333,9.548959725209526,9.951384113903073,2.2953141953167573,2.3754321433494026
fb107df5.qasm,512,success,18.1957599,0.5958333333333333,7.576489475396417,8.476137890014996,0.45500454113169503,0.4131369837769143
fb7e6eb0.qasm,16,success,3.5610047999999996,0.5324521106429464,3.099703215281837,2.855198037376835,3.9562598109290956,4.301033028204981
fb7e6eb0.qasm,64,success,13.2631154,0.5324521106429464,10.581133880057937,10.925404240541164,5.366088314507864,5.733755438198967
fb7e6eb0.qasm,512,success,543.1701861,0.5324521106429464,420.9184828796984,416.83998917170356,26.22378354625927,30.621889765898473
fb8a2851.qasm,16,success,0.1633197,1.0,0.22360787873841717,0.22260108035049367,0.24426830180387635,0.2179703460316179
fb8a2851.qasm,64,success,1.2676421,1.0,1.14059189021038,1.1532192352709951,0.9350181418964436,0.9606472422897343
fb8a2851.qasm,512,success,0.1731245,1.0,0.24728634882089345,0.23144497737437286,0.2947248293021257,0.27504285955166297
fb9223a1.qasm,16,success,0.1798739,0.6024101307189543,0.21165442178162952,0.21035446630015672,0.22039964428331799,0.21720553218772515
fb9223a1.qasm,64,success,0.16640830000000004,0.6024101307189543,0.18533721666787414,0.18806991997748296,0.37115388310028535,0.35250026361426673
fb9223a1.qasm,512,success,0.1863105,0.6024101307189543,0.20316923479329863,0.20349046694394182,0.25844642052970906,0.2221853702752683
fb9be929.qasm,16,success,0.23531889999999997,0.6996502246732026,0.22683836873023153,0.21210937242841155,0.24786379132041936,0.24730592899440804
fb9be929.qasm,64,success,0.1624003,0.6996502246732026,0.23834667553697841,0.22321154567986307,0.38045827716212066,0.38057068751741974
fb9be929.qasm,512,success,0.22522469999999997,0.6996502246732026,0.2213508524433297,0.21221279627548523,0.31306211814499196,0.3189310196205486
fbcf0ea3.qasm,16,success,2.0731039,0.5645833333333333,2.0576540307917384,2.0584858005959297,7.972867349593385,9.04366440055203
fbcf0ea3.qasm,64,success,12.510124499999996,0.5645833333333333,12.565381580911597,12.56689619592477,9.05255545239681,9.779401144922252
fbcf0ea3.qasm,512,success,498.21153809999976,0.5645833333333333,502.1828997991298,504.62372008885245,139.18676213161896,151.78457286708465
fbdc2a1f.qasm,16,success,0.5656909,0.42916666666666664,0.5864453066713237,0.5812834337576518,0.8006258066842313,0.9308884828760003
fbdc2a1f.qasm,64,success,0.4538723,0.42916666666666664,0.45828539068657503,0.45442696303198576,0.8752130098444648,0.979076027317113
fbdc2a1f.qasm,512,success,0.4505086,0.42916666666666664,0.4731764734741451,0.46408356278835566,2.284539545676933,2.6477802705398727
fbe1d41c.qasm,16,success,0.22265400000000002,0.6924469413233457,0.4220545510971874,0.41003952495599627,0.2842850092937828,0.27564386295635135
fbe1d41c.qasm,64,success,0.1667608,0.6924469413233457,0.3515594106044219,0.3122678908564295,0.33419274262615994,0.3740400658997631
fbe1d41c.qasm,512,success,0.21397250000000004,0.6924469413233457,0.4263692065239571,0.37922293930570095,0.338591295008283,0.3581709497677664
fc1ce5ab.qasm,16,success,62.19422269999998,0.5041666666666667,77.85088585938435,77.35492542982837,25.19574535723096,27.40317234277786
fc1ce5ab.qasm,64,success,3.1473689,0.5041666666666667,4.190264152333275,4.235078471543815,3.384402819882533,4.304956732182821
fc330f35.qasm,16,success,1.8849809,0.5645833333333333,1.8842725882044085,1.8739455372565328,7.9165154516901906,8.32420332739455
fc330f35.qasm,64,success,11.3087631,0.5645833333333333,11.444237164194599,11.410248087893804,9.34713819569071,10.26654829982276
fc330f35.qasm,512,success,463.7660308,0.5645833333333333,465.0619494004391,461.24784586477375,141.81973957347665,149.74260067762611
fc56714f.qasm,16,success,0.1707354,0.3958333333333333,0.205384688982581,0.20891306698481515,0.2171122662458752,0.24885558666136734
fc56714f.qasm,64,success,0.18016170000000004,0.3958333333333333,0.22286865084834837,0.22465357914092368,0.3143970090596812,0.3468841941830978
fc56714f.qasm,512,success,0.1801311,0.3958333333333333,0.20575384169896013,0.21280253798722706,0.2835509541340286,0.3428065379716357
fc5872f2.qasm,16,success,440.7522683000002,0.9166666666666666,106.66236316650205,99.21262133862221,54.262712477504714,39.76310231997296
fc5872f2.qasm,64,success,97.44292890000001,0.9166666666666666,19.885504986278125,13.869653030115932,8.309373234551893,6.3882806127350475
fc5872f2.qasm,512,success,3531.155154499999,0.9166666666666666,285.7472302983705,291.28910967795827,47.39160489917594,48.89740677936345
fc66bdd4.qasm,16,success,0.7283128,0.325,3.7129987602703496,4.423741119530519,2.388309244549694,2.2332196112677574
fc66bdd4.qasm,64,success,1.3749575,0.325,2.166654788236369,2.1290013294196974,3.325818335114031,3.213032968132793
fc66bdd4.qasm,512,success,0.727108,0.325,3.58654737674095,4.568463783797955,3.212703374478202,3.5277884930040635
fdf0b97e.qasm,16,success,1.9983464,0.5645833333333333,1.9991523661616277,1.9974658457118069,8.237663581995823,8.718894942023674
fdf0b97e.qasm,64,success,11.459351800000002,0.5645833333333333,11.475804818382825,11.470537884744708,9.556545638761103,9.502909647913095
fdf0b97e.qasm,512,success,436.84951509999985,0.5645833333333333,443.17498018546337,443.85680114790773,137.65663859615685,155.03420263931667
ffe82f32.qasm,16,success,0.2051507,0.7372571968862451,0.2014799700874607,0.2038961142368478,0.2880180890139359,0.32116811034410087
ffe82f32.qasm,64,success,1.3167689,0.7372571968862451,1.1772201297749276,1.2302152258209325,0.4275958879535394,0.45147119718464107
