filename,threshold,status,actual_s,matched_pred_s,structural_pred_s
0071a13b.qasm,16,success,1.8681457999999997,1.8685516,13.117805360270244
0071a13b.qasm,64,success,11.326891999999999,11.3251936,11.720278587496043
0071a13b.qasm,512,success,464.3260994999999,463.7660308,539.1329557205844
00c20ece.qasm,16,success,161.77874129999995,55.97523725346022,5.904574246394324
00c20ece.qasm,64,success,167.99894330000006,47.50494433030147,6.431305829463508
00c20ece.qasm,512,success,161.38951989999995,51.69748073984788,3.854856512164672
03042ac9.qasm,16,success,1.8659897,1.8742298722543722,13.117805360270244
03042ac9.qasm,64,success,11.3251936,11.333648284999459,11.733167576282236
03042ac9.qasm,512,success,463.7429635000002,464.4592680536541,539.1329557205844
03934028.qasm,16,success,1794.6356796999994,14400.0,14400.0
03934028.qasm,64,success,1229.5821331999996,692.4379474393206,14400.0
03934028.qasm,512,timeout,14399.999999999989,14400.0,14400.0
03ee478e.qasm,16,success,0.17734449999999996,0.2022144731384836,0.2180185673406706
03ee478e.qasm,64,success,1.1159592,1.1772382748108063,1.029985242607398
03ee478e.qasm,512,success,0.18746530000000003,0.2026886071153858,0.2294793568277088
04276362.qasm,16,success,0.17990670000000003,0.18847771910660097,0.20099011452089155
04276362.qasm,64,success,0.21635210000000002,0.18213626424281054,0.18096126825131445
0491d461.qasm,16,success,0.5425538,0.5416298499985577,2.3757505947784154
0491d461.qasm,64,success,1.3414259,1.3394544309552454,1.6809799493607327
0491d461.qasm,512,success,3.4521178,3.4680011037745415,3.0794356098702464
0525d9ee.qasm,16,success,0.5416311,0.5420910026173466,2.3757505947784154
0525d9ee.qasm,64,success,1.3424445,1.3389486125261902,1.6809799493607327
0525d9ee.qasm,512,success,3.4716296,3.463824456032181,3.0676303874758437
0534bf07.qasm,16,timeout,14399.999999999989,1672.100974189318,14400.0
0534bf07.qasm,64,success,1767.644607299999,654.840037656141,14400.0
0534bf07.qasm,512,timeout,14399.999999999989,14400.0,14400.0
055dc894.qasm,16,success,4.6650311,4.6909618738531185,1.4833764143715378
055dc894.qasm,64,success,3.8863319000000005,5.964843193082764,5.4397609422159094
055dc894.qasm,512,success,1383.5908082999997,1138.667878393846,151.94392146232647
056c2b99.qasm,16,success,0.5823536,0.5791627676158145,1.3526250969413127
056c2b99.qasm,64,success,0.4523345,0.45458733676055035,0.9662998570859761
056c2b99.qasm,512,success,0.4509034,0.45177786199195286,1.1271204857517987
058c7d32.qasm,16,success,0.21540330000000002,0.5394940587366504,0.9391237737643933
058c7d32.qasm,64,success,0.6617786,0.710596934924606,0.867524998642493
067475b0.qasm,16,success,1.4051409,1.3855922921427322,7.401604121960131
067475b0.qasm,64,success,5.705375600000001,5.730032069012604,6.045364343907997
067475b0.qasm,512,success,134.09611699999996,134.0823201142173,194.4537254911958
06857ab2.qasm,16,success,86.8517603,88.51540905051762,45.18212229331044
06857ab2.qasm,64,success,144.50145770000006,152.93068779684236,14400.0
06857ab2.qasm,512,success,5763.222492099998,5480.688792270885,140.71441097894237
06a7dabf.qasm,16,success,1.4427283,1.4642317901889272,8.978827856285697
06a7dabf.qasm,64,success,8.5008263,8.46066513726818,8.37386200665308
06a7dabf.qasm,512,success,307.49403430000007,311.6794982899118,320.6367298683851
06e45cf2.qasm,16,success,0.5780354,0.5686929068499178,2.0446784739589323
06e45cf2.qasm,64,success,1.1292338,1.126385852777439,1.4186688066818025
06e45cf2.qasm,512,success,2.769683,2.7294743430358532,2.6558590152517496
0732491c.qasm,16,success,5.4931465,11.398248912237703,1.8108288335481375
0732491c.qasm,64,success,1.8221959,4.849440083462083,3.2671825739379274
0732491c.qasm,512,success,5.6868296,13.04084418157807,14400.0
07fc5b22.qasm,16,success,0.5416286,0.5425538,2.3716628310744245
07fc5b22.qasm,64,success,1.3364759,1.3424396,1.6806214704625149
07fc5b22.qasm,512,success,3.4643763999999995,3.4716296,3.0794356098702464
08239e90.qasm,16,success,63.96641979999998,49.16450370380043,51.29886611062811
08239e90.qasm,64,success,3.2675198000000005,3.21996818148034,14400.0
0885b672.qasm,16,success,1.6545858,1.6418214,10.268327480467278
0885b672.qasm,64,success,8.9290951,8.898883499999998,9.28407232920396
0885b672.qasm,512,success,332.10055049999994,336.9242883,365.7872660389351
0a0f4c36.qasm,16,success,0.1840534,0.26161168665010054,0.2732370041378737
0a0f4c36.qasm,64,success,0.2601157,0.31042828419981644,0.3243762608609469
0a0f4c36.qasm,512,success,0.1663742,0.3769520402658879,0.6808257138644613
0b0e43d6.qasm,16,success,1.78757,1.7900890723800733,10.119054906528323
0b0e43d6.qasm,64,success,9.9584508,9.989812407186072,9.261480556871078
0b0e43d6.qasm,512,success,373.94553460000003,379.58517718756576,379.562427793372
0b325fdd.qasm,16,success,204.4226061999999,168.44348627483149,18.793475578557782
0b325fdd.qasm,64,success,7.9006322,6.688252712133944,14400.0
0bde3200.qasm,16,success,0.23376710000000003,0.3859002813732141,0.41165907592767237
0bde3200.qasm,64,success,0.232663,0.38132958731972894,0.640201747160722
0c0ce4a1.qasm,16,success,0.5861573,0.5823536,1.3528413218360575
0c0ce4a1.qasm,64,success,0.4553035,0.4523345,0.9657989486989023
0c0ce4a1.qasm,512,success,0.4561859,0.4509034,1.1271204857517987
0c676248.qasm,16,success,0.1680261,0.1748728510901712,8.602881789462764
0c676248.qasm,64,success,10.329901000000001,9.847891904910972,6.582201279317633
0c676248.qasm,512,success,0.18101140000000002,0.17528972412169,14.374814348676866
0cc92082.qasm,16,success,0.2225849,0.4674398618866493,0.7713514496281717
0cc92082.qasm,64,success,0.5742476,0.32938103639413374,0.5068164649563999
0cc92082.qasm,512,success,0.18362350000000002,0.43945258863509956,0.5939175369689765
0cd81bd7.qasm,16,success,1.4029748,1.3970083,9.548666667344923
0cd81bd7.qasm,64,success,7.957766299999999,7.96335,8.12465317242784
0cd81bd7.qasm,512,success,285.46857679999994,284.6133111999999,342.6721307971013
0d08bd43.qasm,16,success,2469.4623289000006,14400.0,100.0
0d08bd43.qasm,64,success,188.07979880000005,753.7107698926746,14400.0
0d08bd43.qasm,512,timeout,14399.999999999989,14400.0,14400.0
0d094263.qasm,16,success,0.17983059999999998,0.20333136056127424,0.23353920117154028
0d094263.qasm,64,success,0.354708,0.2095800036680033,0.3875099500856384
0d094263.qasm,512,success,0.17570120000000003,0.21517251207496485,0.23307856345545389
0d6f51b4.qasm,16,success,0.1818558,0.21925577897296544,0.210153421812898
0d6f51b4.qasm,64,success,0.2284205,0.2172861952794413,0.2668804908041235
0d6f51b4.qasm,512,success,0.1679753,0.2237867920611178,0.21654446720349535
0e8ddfa3.qasm,16,success,1.1595966,1.2333624181779053,5.089796807067663
0e8ddfa3.qasm,64,success,3.4204512,3.425881159788447,4.232752201844079
0e8ddfa3.qasm,512,success,72.21635219999999,72.08044281047725,127.403758867983
0ee54ab9.qasm,16,success,0.17814269999999996,0.2000865074013552,0.22695552272001304
0ee54ab9.qasm,64,success,0.2257454,0.28127772419222025,0.3339539116244989
0ee54ab9.qasm,512,success,0.1782451,0.20902570602995163,0.23371296058142682
0f6ae53c.qasm,16,success,0.17492429999999998,0.32303361195510677,3.1856527830598207
0f6ae53c.qasm,64,success,0.6351061,0.9314657736188707,1.9551904434860612
0f6ae53c.qasm,512,success,0.1797566,0.32639717836787296,29.677929407730446
10761caa.qasm,16,success,1.2039713,1.1978284,5.36919709211265
10761caa.qasm,64,success,4.1564553,4.174748,4.492773440599889
10761caa.qasm,512,success,91.75166269999998,92.09334020000001,146.03556960808555
10ea3498.qasm,16,success,0.1689698,0.5687119071891421,10.013673276073813
10ea3498.qasm,64,success,1.1595227,2.8338964011782353,5.875313192402041
10ea3498.qasm,512,success,0.1702938,0.5678643388078866,16.521573892655578
1154e9d9.qasm,16,timeout,14399.999999999989,14400.0,100.0
1154e9d9.qasm,512,timeout,14399.999999999989,14400.0,100.0
12157215.qasm,16,success,2000.5838667,1676.5853815855942,36.58849034123146
12157215.qasm,64,success,851.9857254999997,1106.8756686735392,14400.0
12157215.qasm,512,timeout,14399.999999999989,14400.0,14400.0
125f60d7.qasm,16,success,1463.3105540000001,1430.4659448488808,100.0
125f60d7.qasm,64,success,804.1303602000003,365.21445527272266,14400.0
138d2c7b.qasm,16,success,1.5629332,1.5884683408005085,8.873605854738377
138d2c7b.qasm,64,success,7.723485,7.735448859198405,7.995717488066438
138d2c7b.qasm,512,success,266.476829,261.5519423486538,314.0985974113645
13b8e3f8.qasm,16,success,1.15246,1.1168596,6.535809338542948
13b8e3f8.qasm,64,success,5.056893600000001,5.0798998,5.350580761655547
13b8e3f8.qasm,512,success,143.3873458,144.58527109999997,187.01672596146176
13eb49aa.qasm,16,success,0.1763388,0.2075597789625068,0.2830181711125745
13eb49aa.qasm,64,success,1.03723,1.084392551514384,0.3622280996507159
14019fed.qasm,16,success,85.55772610000001,25.324547333649868,8.97978781581238
14019fed.qasm,64,success,7.701556400000001,5.919747177351463,8.521383071814855
14019fed.qasm,512,success,125.55042679999998,33.706494954328214,99.43447968797895
149b1e7c.qasm,16,success,5.221844600000001,4.303649132873489,2.6093252618025526
149b1e7c.qasm,64,success,0.1728306,0.22805935303411107,2.687255127494153
15434610.qasm,16,success,1.5159936,1.6106543016390877,8.873605854738377
15434610.qasm,64,success,7.743600700000001,7.71513757013666,7.995717488066438
15434610.qasm,512,success,260.9629377999999,266.7950059639933,314.0985974113645
159b3481.qasm,16,success,0.5732643,0.5705490173034206,2.041886993629081
159b3481.qasm,64,success,1.1235271,1.1298665491356135,1.4186723921321345
159b3481.qasm,512,success,2.7779996,2.7281370913905145,2.6504170469954556
15c28669.qasm,16,success,0.2514302,0.9320774625809218,0.6423154283279903
15c28669.qasm,64,success,0.3990744,0.7717181344539745,1.0911078075881566
15c28669.qasm,512,success,0.2419986,2.211955786429662,1.1821947724767314
1619b169.qasm,16,success,0.17318939999999997,0.2669134517996815,0.23092837231889315
1619b169.qasm,64,success,0.1710901,0.3071465583751806,0.41444276462099094
1619b169.qasm,512,success,0.18216660000000004,0.28017905323677295,0.2825890515541116
166e9d3a.qasm,16,success,0.18061239999999998,0.5428644875620435,0.6065799575787926
166e9d3a.qasm,64,success,0.16925800000000002,0.36049327407387494,0.377239703018044
166e9d3a.qasm,512,success,0.169438,0.43442172396919876,0.39199846472809613
1688d759.qasm,16,success,1.9672979,1.9424587,13.657876282233978
1688d759.qasm,64,success,14.099032299999998,14.129976999999997,12.210833177558655
1688d759.qasm,512,success,559.5118791999997,556.7358081999998,456.73409321747766
16ff70bb.qasm,16,success,2.1233068,2.121653180971452,13.981391756682468
16ff70bb.qasm,64,success,12.121247399999998,12.168969412968432,12.472350750787616
16ff70bb.qasm,512,success,493.81017920000016,496.26263370374187,551.9146918395165
17253376.qasm,16,success,1.7846797,1.725612202955635,11.06902196666448
17253376.qasm,64,success,12.199884,12.238581376803017,10.55603651726548
17253376.qasm,512,success,464.4622878000001,466.63489260803374,435.00926941035834
173d4b8b.qasm,16,success,0.4365735,0.7230961134874857,1.2718225353821992
173d4b8b.qasm,64,success,0.4759959,0.6419046578321689,1.053958241440148
173d4b8b.qasm,512,success,0.4571515,0.7365002023463403,1.2265335502364252
175f2997.qasm,16,success,1.5397053,1.53320021609448,8.35881336987275
175f2997.qasm,64,success,6.911357399999999,6.911478069700667,7.381262255314114
175f2997.qasm,512,success,203.2557665999999,204.11764961513882,283.40735611734925
17e5a14b.qasm,16,success,85.25765730000002,67.57263075645659,53.98598698444724
17e5a14b.qasm,64,success,4.9438845,3.725021737573763,14400.0
195099c8.qasm,16,success,0.3044958,0.7423063330769664,11.892378681720775
195099c8.qasm,64,success,10.437987799999998,6.951063768400566,12.317683257562187
195099c8.qasm,512,success,0.2926443,0.767105345340258,9.322635598510676
19550378.qasm,16,success,0.7261901,0.5330235372657903,0.6597077727635353
19550378.qasm,64,success,0.7177524,0.7313133661830546,0.4418184798756436
19550378.qasm,512,success,0.7171464,0.7893799539590791,0.30614867814898117
1959a985.qasm,16,success,4.8913162,4.598712661522465,1.4920980152621404
1959a985.qasm,64,success,31.2692711,6.576676094902019,5.444702833526339
1959a985.qasm,512,success,1435.4921207999998,1135.5358875744553,152.51069236996082
19d587f3.qasm,16,success,0.17350479999999996,0.18850718600203312,0.1893244119239478
19d587f3.qasm,64,success,1.2004384,1.1693445957597952,1.1489424820497172
19d587f3.qasm,512,success,0.172592,0.18970321626257383,0.18644756240778132
1a554de5.qasm,16,success,0.17159249999999998,0.3455803947969487,2.8299062814135136
1a554de5.qasm,64,success,0.1756577,0.9968931203051483,1.2755658650978887
1a554de5.qasm,512,success,0.1775085,0.39485323241129106,3.4071182496364667
1aa22822.qasm,16,success,20.512900800000004,26.015568882467456,45.78626803987544
1aa22822.qasm,64,success,1.1141745,2.7352542332778906,14400.0
1af5b336.qasm,16,success,1.0828512,1.1123936426428191,3.5795165896514693
1af5b336.qasm,64,success,2.2817078,2.295085373422122,2.6276221997214324
1af5b336.qasm,512,success,23.957207000000007,24.010285026137478,58.99858827013748
1b91945f.qasm,16,success,0.5788403,0.5732643,2.0446753742138206
1b91945f.qasm,64,success,1.1345342,1.1235271,1.4183987399763915
1b91945f.qasm,512,success,2.7687015,2.769683,2.647433250647502
1cb3c32c.qasm,16,success,8.074354699999999,7.201112968247178,6.100970941650507
1cb3c32c.qasm,64,success,0.3971776,0.26039379692726333,3.954653976787236
1d1dc1d8.qasm,16,success,2.091032,2.040952359029904,13.154120918563388
1d1dc1d8.qasm,64,success,12.1915016,11.925404600686067,11.34453145400442
1d1dc1d8.qasm,512,success,477.1889418,490.2418167405266,502.1084483524364
1d4b1889.qasm,16,success,0.4623995,0.4722849873098184,1.0836737988310454
1d4b1889.qasm,64,success,0.339699,0.3492128205195668,0.7945519099906134
1d4b1889.qasm,512,success,0.3409897,0.3477223283219793,1.0518758593036308
1db5f683.qasm,16,success,2.0087796,1.9941412377097305,12.652472216959442
1db5f683.qasm,64,success,11.511427700000002,11.444351448175718,11.12015882489506
1db5f683.qasm,512,success,436.8524219,445.5651770417466,488.3234550793457
1f1383d7.qasm,16,success,0.2250921,0.17960943497306103,8.69615188567381
1f1383d7.qasm,64,success,2.1631353,2.3886031507013055,3.9405542396055155
1f1383d7.qasm,512,success,0.2264848,0.17897969133717742,10.972105531164072
1fd34b96.qasm,16,success,2.6722234,2.674391427688522,18.198597094258233
1fd34b96.qasm,64,success,21.079753,20.967028138590337,15.51808134162448
1fd34b96.qasm,512,success,961.0837074000003,972.9109080258111,682.2920902633011
20448412.qasm,16,success,147.65277569999995,22.799174969980008,6.699653439336768
20448412.qasm,64,success,184.3939734999999,12.922312139366849,2.1669572083826414
20448412.qasm,512,success,148.94883800000002,16.44371483026781,5.058887449406597
2059c310.qasm,16,success,0.4773265,0.5070810348111932,0.3458481822756629
2059c310.qasm,64,success,3.3123999,2.5820914328840465,1.0322993565431877
2078a631.qasm,16,success,2.4060191,2.3211752,15.253459909865784
2078a631.qasm,64,success,16.260589,16.271500999999997,12.632390502441792
2078a631.qasm,512,success,646.7251833,651.6184142999999,472.1044583811291
208334f1.qasm,16,success,0.1715742,0.3642369679790353,8.103152756980752
208334f1.qasm,64,success,1.1387004,1.4624556837891487,3.649791971558529
208334f1.qasm,512,success,0.18524460000000004,0.29720141094465685,77.2758785409146
2190b5a7.qasm,16,success,0.21629669999999998,0.1812895803776471,0.2579476395878838
2190b5a7.qasm,64,success,0.1627301,0.17730383785475112,0.2836856076157125
2190b5a7.qasm,512,success,0.2115168,0.18282216002832402,0.2781324859334747
231bbda3.qasm,16,success,4.4113397,5.11575225201802,2.7136409897357354
231bbda3.qasm,64,success,1.1731902,1.5743113392231858,3.444273174767637
231bbda3.qasm,512,success,4.424197,18.650234530309092,37.75996460459043
235dda60.qasm,16,success,2.3659587,2.3526015,15.302417513174415
235dda60.qasm,64,success,16.3526073,16.271500999999997,12.632390502441792
235dda60.qasm,512,success,307.20749069999994,651.6184142999999,472.21249109308644
24ca3082.qasm,16,success,2771.0450235,14400.0,100.0
24ca3082.qasm,64,success,1988.8930581999996,604.9256111330548,100.0
24ca3082.qasm,512,success,2669.2542047999996,14400.0,100.0
25e26219.qasm,16,success,2.1708568,1.6857662092123118,1.3054655825230752
25e26219.qasm,64,success,19.4090902,2.4909037531812674,3.3951248363066875
25e26219.qasm,512,success,705.1982490999998,228.03115483995327,77.87745014552256
25e5b703.qasm,16,success,0.17933479999999996,0.18988238481504438,0.20225751182200305
25e5b703.qasm,64,success,0.21299800000000002,0.21458477303440182,0.27264676383252395
25e5b703.qasm,512,success,0.17741980000000002,0.22705625024057166,0.2128130755408468
264ca70e.qasm,16,success,1.6579639,1.6559996,9.357018882604232
264ca70e.qasm,64,success,9.2260978,9.5001241,8.932587821034602
264ca70e.qasm,512,success,351.8730803,344.19865939999994,339.3172942122446
27a012bc.qasm,16,success,0.5722517,0.5842523545705913,1.3611130448551971
27a012bc.qasm,64,success,0.4555887,0.45310274760185465,0.9708370047303048
27a012bc.qasm,512,success,0.4530507,0.4507059567714187,1.1479819624547958
27dbf314.qasm,16,success,4101.517750300001,2603.457344111982,100.0
27dbf314.qasm,64,success,781.3788183,2511.140157277461,14400.0
27dbf314.qasm,512,timeout,14399.999999999989,14400.0,14400.0
27e0ec8e.qasm,16,success,0.18189549999999996,0.17834162280987706,1.3020272032440032
27e0ec8e.qasm,64,success,0.5226683,0.5233313849201838,1.335191413226124
27e0ec8e.qasm,512,success,0.17007229999999998,0.18074683970722014,2.788692519068514
2818a462.qasm,16,success,0.1707319,0.21395474472876316,1.6845217816387152
2818a462.qasm,64,success,0.532209,0.717479462004512,1.7375164561773617
2818a462.qasm,512,success,0.1782918,0.2390647861394782,3.722309554497485
28f914b0.qasm,16,success,0.17556589999999997,0.4577751906691065,0.5187924543263801
28f914b0.qasm,64,success,0.3044709,0.26427520651484876,0.39978533614784295
28f914b0.qasm,512,success,0.18904039999999997,0.3350025761053648,0.3916103639948005
29886bb3.qasm,16,success,1.1166224,1.1081809,3.5795165896514693
29886bb3.qasm,64,success,2.2984934,2.2914262,2.6276221997214324
29886bb3.qasm,512,success,24.0384279,23.9661902,58.99858827013748
29a887f9.qasm,16,success,1.282956,2.507112737426763,1.4205900695229352
29a887f9.qasm,64,success,0.1893478,0.7252066945160902,4.354939623226995
29a887f9.qasm,512,success,115.45068950000004,441.7630897679853,111.58019042081997
2a04dd73.qasm,16,success,2475.065750599999,2682.016846608105,100.0
2a04dd73.qasm,64,success,4965.618169699998,792.5339304162734,14400.0
2a04dd73.qasm,512,timeout,14399.999999999989,14400.0,14400.0
2a0e53ef.qasm,16,success,2.3114425,2.8965377540250357,4.927396709349083
2a0e53ef.qasm,64,success,7.718355099999999,10.060656380003937,4.179946002703415
2a48defb.qasm,16,success,1.2252849,1.2729312350628212,2.011980548936504
2a48defb.qasm,64,success,1.1154698,1.312874933280812,1.2624013774966687
2a48defb.qasm,512,success,1.0666831,1.4351912918752838,1.8397565745532611
2af6859b.qasm,16,success,1.6940842,1.6951456113392,10.922574759547155
2af6859b.qasm,64,success,10.535087,10.517696392935509,9.773980528656445
2af6859b.qasm,512,success,406.7180611000001,406.10318173608704,414.76191799267815
2afe3d2e.qasm,16,timeout,14399.999999999989,14400.0,14400.0
2afe3d2e.qasm,64,success,42993.98471110003,14400.0,14400.0
2b148d98.qasm,16,success,1.743242,1.744451883003905,11.06902196666448
2b148d98.qasm,64,success,12.223726400000002,12.238581376803017,10.53792744852287
2b148d98.qasm,512,success,463.92748639999985,466.63489260803374,435.16738592042617
2b2951ed.qasm,16,success,2.0077434,1.9969795825660512,12.594169327972867
2b2951ed.qasm,64,success,11.446549900000003,11.48434524399749,11.136322414424033
2b2951ed.qasm,512,success,452.89710410000015,436.850968497582,493.67900256049757
2bc3295c.qasm,16,success,1.2265953,1.738495039037715,1.3693677294159923
2bc3295c.qasm,64,success,2.2849539,2.4937421151062202,4.228026864129179
2bc3295c.qasm,512,success,247.46428770000006,253.1474137788568,118.76303915695578
2cbfff1b.qasm,16,success,1.6880952,1.610377786691372,8.873605854738377
2cbfff1b.qasm,64,success,7.727305599999999,7.715551933733114,7.995717488066438
2cbfff1b.qasm,512,success,262.0564581000001,266.24259352986354,314.0985974113645
2cedce95.qasm,16,success,2.0571062,2.0391582102429973,13.143610918737306
2cedce95.qasm,64,success,12.120102900000001,12.10522908208988,11.33283250793737
2cedce95.qasm,512,success,487.45001670000016,491.64434087335337,501.63560580405664
2d399444.qasm,16,success,0.24198299999999998,0.20359504409619505,0.21733106570323443
2d399444.qasm,64,success,0.174648,0.20322152513341277,0.28142070987172535
2ea1bf91.qasm,16,success,4.1367724,4.87974292890445,2.5916112305384407
2ea1bf91.qasm,64,success,0.1732643,0.2287744517168918,3.026555791969195
3026aed7.qasm,16,success,2.6565661,2.6713948762236197,18.198597094258233
3026aed7.qasm,64,success,20.9371593,21.07675339826978,15.51808134162448
3026aed7.qasm,512,success,976.3809184000002,971.7245252931945,682.7825611649998
306ac152.qasm,16,success,0.1732208,0.19854396573720196,2.5536213451367393
306ac152.qasm,64,success,4.8258445,4.952916165246364,3.484971082895962
306ac152.qasm,512,success,0.19620739999999998,0.19545395048818612,5.874992409846628
3099a023.qasm,16,success,0.1891862,0.23904770182027513,0.19680977853366327
3099a023.qasm,64,success,0.1662113,0.230632129243535,0.2384731574529448
31b8fb3c.qasm,16,success,0.4341455,1.427371131753559,0.6445907128674556
31b8fb3c.qasm,64,success,0.7438204,1.1265939708155814,1.4265068370661944
31b8fb3c.qasm,512,success,0.4242436,1.5075965496238641,1.232652402569164
31fd025e.qasm,16,success,1.6643892,1.5392931164310195,8.861547300395554
31fd025e.qasm,64,success,7.7553806,7.72612711013437,7.995717488066438
31fd025e.qasm,512,success,267.4834676,261.5519423486538,314.1271577908065
320de9fb.qasm,16,success,31.2115921,75.31111848409259,92.04244128367863
320de9fb.qasm,64,success,323.8165090000001,33.71781073362851,32.78760183296296
320de9fb.qasm,512,timeout,14399.999999999989,1641.8257865550258,665.5696927326218
32de9cc1.qasm,16,success,1.1081809,1.1006977963940512,3.5875858532048266
32de9cc1.qasm,64,success,2.2914262,2.295085373422122,2.6276221997214324
32de9cc1.qasm,512,success,23.9661902,24.010285026137478,58.99858827013748
32f44532.qasm,16,success,9.8694186,6.852857133703042,7.465993409510682
32f44532.qasm,64,success,0.2578694,0.33367567632440626,3.9445227313386257
336f664c.qasm,16,success,0.1830161,0.49154601323383346,6.529169358784025
336f664c.qasm,64,success,0.9599532,2.396591998839389,3.6540004614867505
33a2f9be.qasm,16,success,1.0288815,1.0773042073866113,6.022781720293547
33a2f9be.qasm,64,success,4.3299639,4.314236032625634,5.113502748262428
33a2f9be.qasm,512,success,94.16065650000002,95.44871914372375,150.02770215225306
33c62fb8.qasm,16,success,30.588287800000003,48.73608443314024,7.385515801395799
33c62fb8.qasm,64,success,12.3254206,13.254166969870159,9.644587976281715
33c62fb8.qasm,512,success,30.066362499999993,9.75628983306951,7.010049064243922
3436484d.qasm,16,success,1.3751076,1.4051409,7.400728107276316
3436484d.qasm,64,success,5.724491800000001,5.718801399999999,6.045364343907997
3436484d.qasm,512,success,133.89079619999998,134.09611699999996,194.73638321534483
36d0ea8f.qasm,16,success,0.21199920000000003,0.1777309689352307,1.3158276290070041
36d0ea8f.qasm,64,success,0.4986337,0.5165171138473073,1.3364869970072628
36d0ea8f.qasm,512,success,0.24181749999999996,0.18068336690913503,2.7875011274785426
36e23777.qasm,16,success,1.4011911,1.393484677903829,9.550056084243407
36e23777.qasm,64,success,7.946151799999999,7.937259178591665,8.12465317242784
36e23777.qasm,512,success,294.89537780000006,284.64712537395064,342.7966847439458
371eea68.qasm,16,success,0.1772997,0.2290014986642529,0.213315967744084
371eea68.qasm,64,success,0.2752777,0.5376421598273861,0.6678883725712983
376d7d92.qasm,16,success,0.1843133,0.206413685847088,0.909461521459267
376d7d92.qasm,64,success,2.6315011,2.6259025706735923,1.994294340941519
376d7d92.qasm,512,success,0.17325090000000004,0.21867357543589672,1.5490662308208776
37bd268c.qasm,16,success,0.2436995,0.3131238577354611,16.28239136328031
37bd268c.qasm,64,success,1.1299787,1.9286292816802715,11.451427441147189
37bd268c.qasm,512,success,0.2388701,0.22457099954783816,40.51645439116224
3814b0b9.qasm,16,success,133.23585000000006,127.57053103381148,91.11057784368406
3814b0b9.qasm,64,success,255.78723799999995,170.41017271279796,14400.0
383bbcad.qasm,16,success,0.18195030000000004,0.18513374879602426,0.19427747538064297
383bbcad.qasm,64,success,0.6394028,0.6328929652272389,0.6155444918678137
383bbcad.qasm,512,success,0.1866326,0.1932773880742686,0.19683887286838217
3841ff5b.qasm,16,success,2.0053667,1.9908197,15.438138303820677
3841ff5b.qasm,64,success,15.528729499999997,15.381964099999996,13.94591806346885
3841ff5b.qasm,512,success,698.9163240000001,691.5553226999999,636.4093438534601
385fa1b6.qasm,16,success,3.8934353,3.3792024078056486,2.9019464168815854
385fa1b6.qasm,64,success,3.5853261,2.4967290898216437,1.902066388761804
385fa1b6.qasm,512,success,3.8160909999999997,3.058431415680708,2.2816625908483212
386534f5.qasm,16,success,1.7916922,1.794504870204865,10.128259392710605
386534f5.qasm,64,success,10.0276048,9.984411629474891,9.283918255218804
386534f5.qasm,512,success,387.70292720000015,372.9936847868343,380.80340706462533
3a8d3e53.qasm,16,success,0.2819158,2.9837925373067007,2.491699008283515
3a8d3e53.qasm,64,success,1.254632,2.7047201491371546,1.6753794139289158
3a8d3e53.qasm,512,success,0.2745265,2.2595836003578285,1.6276518880104058
3be98d6c.qasm,16,success,2.6949336,3.932843664941416,6.596616892146424
3be98d6c.qasm,64,success,18.448310400000004,7.132541008725748,4.389382068041328
3be98d6c.qasm,512,success,485.3121658,326.5336295541325,69.24635900267161
3c1f4948.qasm,16,success,0.1785881,0.22858866798602345,0.2846862408954999
3c1f4948.qasm,64,success,0.21056039999999998,0.19011987832017976,0.28143721526408194
3c1f4948.qasm,512,success,0.17540579999999997,0.20054091089560588,0.22023314025739701
3c2f55c1.qasm,16,timeout,14399.999999999989,14400.0,1893.0017334220277
3c2f55c1.qasm,64,success,10512.19065499999,3763.145143386647,1893.0017334220277
3c890561.qasm,16,success,16.929373900000005,6.469966114829315,2.4007786227715977
3c890561.qasm,64,success,1.2557023,1.6038604378931671,2.793110743755915
3c890561.qasm,512,success,17.211887000000004,9.938386793017592,28.98794038342006
3ccd19ee.qasm,16,success,2.046703,2.0554772050102867,13.008995456584026
3ccd19ee.qasm,64,success,12.164556399999997,12.165875517464217,11.343625881842534
3ccd19ee.qasm,512,success,483.04813420000016,484.17837115680226,501.496169343595
3db115f1.qasm,16,success,0.2136195,0.24558357735523423,0.24781940961764046
3db115f1.qasm,64,success,0.2706139,0.4623298615825825,0.5146597273965829
3db115f1.qasm,512,success,0.17478360000000004,0.3781970877457937,0.31370742820005865
3e2fde05.qasm,16,success,1.4735673,1.4435718533900452,8.978827856285697
3e2fde05.qasm,64,success,8.440909600000001,8.495150305071359,8.364663244869517
3e2fde05.qasm,512,success,314.5541481999999,308.3294568268771,320.6367298683851
3e730381.qasm,16,success,0.1677842,0.1791788699574914,0.6502512468115071
3e730381.qasm,64,success,1.4118832,1.5716996132200935,1.3294846268109928
3eb6cff0.qasm,16,success,13.542158100000002,111.63635329584197,5.691011311341798
3eb6cff0.qasm,64,success,12.568248899999999,47.18817084742184,9.790744140505442
3eb6cff0.qasm,512,success,13.965547100000002,15.993540287815822,5.556224569153764
3eca4614.qasm,16,success,1.7950401,1.7928306383190689,10.128259392710605
3eca4614.qasm,64,success,9.9800103,9.989704110420972,9.283918255218804
3eca4614.qasm,512,success,372.2380488000001,373.8481819776557,379.6334423466934
3ee85ccf.qasm,16,success,1.0895266,1.1003622145333236,4.072248198350662
3ee85ccf.qasm,64,success,2.564209,2.5671231189360277,2.812500751656482
3ee85ccf.qasm,512,success,34.452299200000006,34.43123193137634,107.0344960069198
3f072f57.qasm,16,success,1.2063047,1.0796068341250438,6.040867804157006
3f072f57.qasm,64,success,4.3106777,4.324224602127517,5.079361772584248
3f072f57.qasm,512,success,94.2666482,95.37285179536482,149.61597779938185
3f858470.qasm,16,success,0.4377763,1.9249324326867718,2.1880802246228135
3f858470.qasm,64,success,0.7186984,1.9478791998980032,1.1167619419212382
3f858470.qasm,512,success,0.4335088,2.774853952193593,1.6901017647041645
40b719e2.qasm,16,success,240.8145595,230.18723273765252,96.71445013913734
40b719e2.qasm,64,success,419.87369199999995,271.0128631846054,14400.0
40b719e2.qasm,512,timeout,14399.999999999989,12217.80055381476,14400.0
40e78b26.qasm,16,success,0.1820556,0.20205635652411585,0.21076511701607725
40e78b26.qasm,64,success,0.1782775,0.2473827685690754,0.3730027756560955
41bd27aa.qasm,16,success,1.101841,1.7128706781653562,3.2825551452437645
41bd27aa.qasm,64,success,4.6966688,4.1768110497628586,3.0290859424872925
41bd27aa.qasm,512,success,153.17248469999996,202.40851217259788,46.977776461963785
42a256ea.qasm,16,success,1.735077,1.7393687776569062,10.474395836741488
42a256ea.qasm,64,success,10.099978700000001,10.07095386973667,9.632365142733269
42a256ea.qasm,512,success,403.5172516000002,403.16150653953525,403.2320772112011
42a71e24.qasm,16,success,16.5057448,4.04465138685594,5.523537975138129
42a71e24.qasm,64,success,30.1654734,23.49962164064035,10.823673685519717
42a71e24.qasm,512,success,1844.9185097000002,1174.1873260501377,590.0107651663027
42fa6cae.qasm,16,success,1.9149404,1.9548388479224392,13.607430017390616
42fa6cae.qasm,64,success,14.109905799999998,14.114496169585967,12.146442559796702
42fa6cae.qasm,512,success,563.9146286000002,556.7010265635217,455.5658545751236
43168c33.qasm,16,success,0.17956979999999997,0.18721719477799556,0.18875262255880904
43168c33.qasm,64,success,0.1776479,0.18856440246401496,0.23352711386747116
43168c33.qasm,512,success,0.1781855,0.18989651175568167,0.1942982935995234
4318a3ef.qasm,16,success,1.5160106,1.619883387151283,8.873605854738377
4318a3ef.qasm,64,success,7.7249488,7.717433086187142,7.995717488066438
4318a3ef.qasm,512,success,261.0483979000001,266.8402495419704,314.0985974113645
4327c91d.qasm,16,success,1.7815141,1.725612202955635,11.06902196666448
4327c91d.qasm,64,success,12.242160500000002,12.229363550172883,10.53792744852287
4327c91d.qasm,512,success,470.9695791000001,464.92815765915225,435.16738592042617
432efc30.qasm,16,success,0.1794426,0.24084257988317578,0.2943115613703773
432efc30.qasm,64,success,0.1695758,0.23846263336928122,0.34951988056391314
432efc30.qasm,512,success,0.17470619999999998,0.23587761192606793,0.3274920436332849
445caba2.qasm,16,success,0.18654210000000002,0.18227012268808412,0.25112026628461914
445caba2.qasm,64,success,0.1677918,0.19747872331651656,0.3402764962493087
445caba2.qasm,512,success,0.1767249,0.18562768506323402,0.3021978542833017
448ebca1.qasm,16,success,0.1762951,0.24376947269304508,0.23861670787211364
448ebca1.qasm,64,success,0.2993708,0.24755213795966355,0.2904114780564945
448ebca1.qasm,512,success,0.18492459999999997,0.3033285106142173,0.26279421095296013
46073cb3.qasm,16,success,81.2164082,101.17013267434037,3.287967362545758
46073cb3.qasm,64,success,28.287276099999993,29.49588356030414,8.193455294252391
46073cb3.qasm,512,success,82.40704189999998,16.240201193269254,4.324804085334502
46188cf9.qasm,16,success,2.0354675,2.0554772050102867,13.008995456584026
46188cf9.qasm,64,success,12.1403033,12.178021547603295,11.317727089404377
46188cf9.qasm,512,success,496.7963674000002,481.98724416499505,508.9430996899166
46de7f9b.qasm,16,success,7.0660452,5.919322818812808,5.425451890480463
46de7f9b.qasm,64,success,0.17458329999999997,0.18920649573402043,2.892260264512473
4737100f.qasm,16,success,118.890095,115.35243338056841,30.95362540834257
4737100f.qasm,64,success,214.64638220000006,270.9548828412919,76.1639763352979
4737100f.qasm,512,timeout,14399.999999999989,14400.0,14400.0
474aa01a.qasm,16,success,1.7337241,1.7544678,12.941221054217221
474aa01a.qasm,64,success,13.154595900000004,13.180583699999998,12.559636731624957
474aa01a.qasm,512,success,584.1059148999998,577.6552693999998,576.543212678931
4846208f.qasm,16,success,4.935263999999999,0.37466299416955057,0.3375948616862182
4846208f.qasm,64,success,0.23925899999999997,0.25695471202212905,0.37548622865146386
4a262567.qasm,16,success,1.8019782,1.792174684632015,10.169913651547132
4a262567.qasm,64,success,9.9888149,9.990361361254651,9.298889878844353
4a262567.qasm,512,success,371.86355819999983,380.72111298248825,380.66504351143885
4a5eba47.qasm,16,success,0.1833999,0.17862571022205675,2.0946035846784827
4a5eba47.qasm,64,success,5.2547247,4.228969948643186,3.28988126859647
4a5eba47.qasm,512,success,0.1847617,0.17862868490525485,3.8265987658670877
4ae57e38.qasm,16,success,16.3446989,1.8317209084768957,1.447048691310955
4ae57e38.qasm,64,success,2.3998315,1.9780121633114411,2.279425501528779
4ae57e38.qasm,512,success,37.56116829999999,55.74505825798508,97.43812351255866
4cbdcf4f.qasm,16,success,1.1965732,1.2071885015645196,5.364890266652551
4cbdcf4f.qasm,64,success,4.1559375,4.165793897510053,4.461378813092547
4cbdcf4f.qasm,512,success,94.93661020000002,91.8529027451716,145.92866206795318
4d59437e.qasm,16,timeout,14399.999999999989,14400.0,14400.0
4d59437e.qasm,64,timeout,14399.999999999989,14400.0,14400.0
4d78cdd5.qasm,16,success,0.1960339,0.19699085052475773,0.18967865174654117
4d78cdd5.qasm,64,success,0.17771010000000004,0.16935583902672338,0.18846472498857475
4dc2ff13.qasm,16,success,0.179415,0.1930798379796747,0.20430358074014712
4dc2ff13.qasm,64,success,0.6179387,0.6341365269861673,0.5519375722236081
4dc2ff13.qasm,512,success,0.18002370000000004,0.19478991785669617,0.2189080971722167
4e8df7a8.qasm,16,timeout,14399.999999999989,14400.0,14400.0
4e8df7a8.qasm,64,timeout,14399.999999999989,14400.0,14400.0
4f476879.qasm,16,success,1.1168596,1.1414251295623117,6.538242784079858
4f476879.qasm,64,success,5.087435700000001,5.077599979401663,5.333352493195264
4f476879.qasm,512,success,148.26441930000004,144.37594517231096,184.74669898020719
4f48ab57.qasm,16,success,0.5463127,0.6107490123222703,0.821293816743101
4f48ab57.qasm,64,success,0.4028144,0.8037182955945709,0.763038981302628
4f48ab57.qasm,512,success,0.9204006,0.8959767189467458,1.260404792967629
4f9a3ab1.qasm,16,success,0.1827227,0.1778628411391022,0.20773563712099224
4f9a3ab1.qasm,64,success,0.2759283,0.2711845730984789,0.39601689792874706
4f9a3ab1.qasm,512,success,0.17816029999999997,0.18660723961090536,0.21870199721503264
4fd60583.qasm,16,success,69.0350985,79.97590625779918,53.91289006761023
4fd60583.qasm,64,success,3.5823552,4.403672439673539,14400.0
4ffb1090.qasm,16,success,1.9565706999999999,10.795015086357914,4.68343210747904
4ffb1090.qasm,64,success,2.7308021,11.365406443820708,5.371586914360852
4ffb1090.qasm,512,success,1.9538451,5.6364442908478205,3.0493980154124523
5050d142.qasm,16,success,0.21214299999999997,0.2613312704418489,0.30570209220429484
5050d142.qasm,64,success,1.9698752999999998,1.8189625021200766,0.6893137618261951
51b16166.qasm,16,success,1.2138746,1.1978284,5.36919709211265
51b16166.qasm,64,success,4.156859,4.174748,4.492773440599889
51b16166.qasm,512,success,91.95425450000003,92.09334020000001,146.03556960808555
51b543de.qasm,16,success,2.9811427,2.989781,19.8830568519142
51b543de.qasm,64,success,23.505974599999995,23.563448199999996,17.556840368793125
51b543de.qasm,512,success,1080.9138732999998,1083.7143292999995,743.5049024064805
52b00428.qasm,16,success,2.009074,2.0015231,15.407948934467338
52b00428.qasm,64,success,7.728845400000001,15.542053600000003,13.94591806346885
52b00428.qasm,512,success,691.5553226999999,695.6832452000001,630.3812964363467
53442dc5.qasm,16,success,0.1755131,0.21059154692323398,0.27412498348381037
53442dc5.qasm,64,success,0.2352298,0.2050040468132045,0.34864005543852034
53442dc5.qasm,512,success,0.18592699999999998,0.19321569477194833,0.30075711612817574
5357322a.qasm,16,success,1.9833841000000003,2.132192652919593,1.9229923400604363
5357322a.qasm,64,success,0.1795194,0.17180755916895707,1.4421722561384052
5385a9e9.qasm,16,success,1.7063132,1.690588042411344,10.922574759547155
5385a9e9.qasm,64,success,10.5206042,10.517696392935509,9.773980528656445
5385a9e9.qasm,512,success,406.11038670000005,406.4068999725259,414.76191799267815
53e971c2.qasm,16,success,0.1748129,0.22626480030787105,0.2985051506690206
53e971c2.qasm,64,success,0.1728286,0.22434174488575784,0.3532449421982003
53e971c2.qasm,512,success,0.1791764,0.2023958845073431,0.28165876377121657
54c8f710.qasm,16,success,0.5430322,0.9304477622334977,1.0296293640135594
54c8f710.qasm,64,success,0.5765128,0.7002464308865938,0.826801447758808
54c8f710.qasm,512,success,0.5371048,1.0713098467075668,1.02258497464243
54f0b8c5.qasm,16,success,0.18011680000000002,0.5145570191251261,0.409989829554966
54f0b8c5.qasm,64,success,0.2660724,0.6398408522656128,0.6933899952054632
54f0b8c5.qasm,512,success,0.1865154,1.5005201887513884,1.2361466489065844
551cc6ea.qasm,16,success,4.0511647,4.016886364240546,1.5303559479811337
551cc6ea.qasm,64,success,0.6177918,4.386091816121379,4.542751777535458
551cc6ea.qasm,512,success,903.4430423000003,710.6650752671993,112.16797820575094
568c1ef9.qasm,16,success,0.1891656,0.18584611606846754,0.20352763883659572
568c1ef9.qasm,64,success,0.24343100000000004,0.2830365039485319,0.3919294893278224
568c1ef9.qasm,512,success,0.1862508,0.1832260810547484,0.20537945546313463
574915eb.qasm,16,success,1.6900419,1.2936091932921543,3.4843439020168514
574915eb.qasm,64,success,6.495244199999999,5.51230848249042,4.311703301259853
574915eb.qasm,512,success,257.82087350000006,157.46343242014785,48.230478222633096
577f5adb.qasm,16,success,1.1850882,0.9621077059758008,0.39296846570693433
577f5adb.qasm,64,success,5.6904274,3.9731440183314004,1.434353652228648
587be285.qasm,16,success,1.3891152,1.3970083,9.550056084243407
587be285.qasm,64,success,7.918703600000001,7.96335,8.12465317242784
587be285.qasm,512,success,284.79549880000013,284.6133111999999,342.49219619080054
588e0101.qasm,16,success,0.22066920000000004,0.6631152091898028,0.36548650764502666
588e0101.qasm,64,success,0.48802539999999994,0.8860880301443775,0.49707278901475044
588e0101.qasm,512,success,9.7979156,6.820785388772635,1.0053787322280732
591d39f6.qasm,16,success,2.6787045,2.6738872724671285,18.198597094258233
591d39f6.qasm,64,success,20.992547700000003,21.08398595143611,15.51808134162448
591d39f6.qasm,512,success,981.4918502999997,969.8537437425476,682.2920902633011
59267ce4.qasm,16,success,0.2185542,0.20840112508343092,0.22788837828830288
59267ce4.qasm,64,success,0.2873506,0.32145893227934785,0.3273543154497558
59267ce4.qasm,512,success,0.2381152,0.2220327726557481,0.24224556627565172
5a4964e2.qasm,16,success,3.0040687,2.989781,19.8830568519142
5a4964e2.qasm,64,success,23.571399400000004,23.563448199999996,17.556840368793125
5a4964e2.qasm,512,success,1113.7247560999997,1083.7143292999995,743.5049024064805
5a741dbe.qasm,16,success,1607.2905075999995,255.30028809928345,255.30028809928345
5a741dbe.qasm,64,success,63.61018129999999,186.37259047056216,186.37259047056216
5a9f20b0.qasm,16,success,1.9873639,1.9149404,13.644566328523835
5a9f20b0.qasm,64,success,14.174923699999999,14.099032299999998,12.197419468867261
5a9f20b0.qasm,512,success,556.7358081999998,559.5118791999997,456.2899775009956
5b419375.qasm,16,success,5.069990999999999,3.476974748806593,6.843432012544481
5b419375.qasm,64,success,18.199755699999997,12.344144168629198,5.212401937381363
5b419375.qasm,512,success,735.2598270999999,456.257891943149,93.51069935886687
5b482142.qasm,16,success,0.18248999999999999,0.18715840033207484,0.1972861275720978
5b482142.qasm,64,success,0.176904,0.2058832223061569,0.18558995205525666
5b58ce32.qasm,16,success,0.23533430000000002,0.20135846737201205,0.19266379877027381
5b58ce32.qasm,64,success,0.1714296,0.20570238308150857,0.23876340098514223
5c176f37.qasm,16,success,2.1709223,1.965291814598085,1.2512477306643996
5c176f37.qasm,64,success,0.177055,8.29785072286114,4.208338168304847
5c176f37.qasm,512,success,218.88470399999989,454.70437578925777,116.09803532583541
5c2359c8.qasm,16,success,18.8537477,7.037654131245542,2.604911379187277
5c2359c8.qasm,64,success,0.8920383,1.9606854678812555,3.0210961170969592
5c2359c8.qasm,512,success,26.214138599999995,13.851021584278586,28.15761127835213
5cfcb9cd.qasm,16,success,45.6465889,28.31708469909479,5.341504701280228
5cfcb9cd.qasm,64,success,42.3598636,28.74059052259166,4.199692812971245
5cfcb9cd.qasm,512,success,45.74182770000001,28.114163904163355,3.5008335199746177
5d14d092.qasm,16,success,1.8427508,1.8413087324363655,12.27962853259084
5d14d092.qasm,64,success,10.707354900000002,10.629958125929988,11.022118627772066
5d14d092.qasm,512,success,449.6638395999999,436.9386328291718,510.8178368600532
5d2b11a2.qasm,16,success,1.7544678,1.7579763,12.94487249076573
5d2b11a2.qasm,64,success,6.910084599999999,13.180583699999998,12.524100486726807
5d2b11a2.qasm,512,success,578.8071934000002,577.6552693999998,578.6857753616645
5d565485.qasm,16,success,1.7579763,1.7514824100408146,12.94487249076573
5d565485.qasm,64,success,13.180583699999998,13.182296883596946,12.524100486726807
5d565485.qasm,512,success,577.6552693999998,576.5725416418635,578.8961151903999
5da1db4b.qasm,16,success,1.6695542,1.6559996,9.357018882604232
5da1db4b.qasm,64,success,9.5052925,9.5001241,8.92507928465196
5da1db4b.qasm,512,success,340.80459760000014,344.19865939999994,339.3172942122446
5e3dc35d.qasm,16,success,0.1754587,0.2046025400718856,0.2689306824727963
5e3dc35d.qasm,64,success,0.1674483,0.172687748818359,0.26939153381091535
5e3dc35d.qasm,512,success,0.1802698,0.19733473258222417,0.2920589743502054
5e4c8439.qasm,16,success,1.1020779,1.0973482797844447,4.072087455983909
5e4c8439.qasm,64,success,2.5658197,2.5663172333296598,2.812500751656482
5e4c8439.qasm,512,success,34.3699009,34.45395076041408,106.3985918693811
5e6b0a76.qasm,16,success,0.9429384,1.1559400022513957,1.047050010571835
5e6b0a76.qasm,64,success,0.8332049,0.5164364672830764,0.5880201893512217
5eaee29f.qasm,16,success,0.9021112,0.5099972552296081,0.6736541999158555
5eaee29f.qasm,64,success,0.1723742,0.2639636904732035,0.30872829219064435
5eaee29f.qasm,512,success,0.8121324,0.3482251543406325,0.4495886444737667
5ed4dd47.qasm,16,success,0.1778839,0.20108606898190798,0.1944809219320751
5ed4dd47.qasm,64,success,0.1692181,0.17000560023128292,0.20124732180920057
5ed4dd47.qasm,512,success,0.1719626,0.19114243447903784,0.19338329749981162
5ee9c404.qasm,16,success,0.6110617,0.18657006024709005,0.5582107915184708
5ee9c404.qasm,64,success,0.3699508,0.16767328329243905,0.41176287918039217
5ee9c404.qasm,512,success,0.602949,0.18158763104984124,0.4354450804274467
5ef5ff7c.qasm,16,success,1.9424587,1.9149404,13.657876282233978
5ef5ff7c.qasm,64,success,14.129976999999997,14.099032299999998,12.197419468867261
5ef5ff7c.qasm,512,success,549.4164624999999,559.5118791999997,456.9001062335824
5f0ad979.qasm,16,success,1.4398049,1.458320112603657,9.000739332741325
5f0ad979.qasm,64,success,8.5335451,8.452122024422549,8.37386200665308
5f0ad979.qasm,512,success,314.93001089999996,311.45842738948863,320.6367298683851
5f39af5c.qasm,16,success,1.206501,1.7505533977672105,3.172035326369779
5f39af5c.qasm,64,success,1.2441665,1.5075030080091938,1.4676674658269104
5f39af5c.qasm,512,success,1.2038937,1.7136999761342384,3.339645694378577
5f6a8a9b.qasm,16,success,0.21687830000000002,0.18918635987658386,0.23105087473804176
5f6a8a9b.qasm,64,success,0.1669181,0.2095979454060307,0.28084970277814697
5f6a8a9b.qasm,512,success,0.2251206,0.1843162638907464,0.1943728826905186
5f79d6db.qasm,16,success,1.4444159,1.4483747506551576,9.000739332741325
5f79d6db.qasm,64,success,8.4894781,8.475603631106608,8.400245532254266
5f79d6db.qasm,512,success,309.13355079999997,311.02095824382377,320.6367298683851
613afa2d.qasm,16,success,1.1619439,1.1224685193530917,6.040867804157006
613afa2d.qasm,64,success,4.2897754,4.309045189110607,5.079361772584248
613afa2d.qasm,512,success,94.37437180000002,95.29585513498098,150.02770215225306
622c4417.qasm,16,success,1.8900389,1.9424587,13.644566328523835
622c4417.qasm,64,success,14.084895399999999,14.129976999999997,12.197419468867261
622c4417.qasm,512,success,556.6662470999999,556.7358081999998,456.2899775009956
635bd24f.qasm,16,success,9.4363397,6.646630951487856,7.426845466014711
635bd24f.qasm,64,success,0.2822097,0.35769958925454,4.0877400968653355
637811d8.qasm,16,success,1.9822721,2.0030393894064487,12.642363029000549
637811d8.qasm,64,success,11.433697700000002,11.48434524399749,11.12015882489506
637811d8.qasm,512,success,435.3994821999999,437.3794727136141,487.7273724166961
63aaa50d.qasm,16,success,0.1790994,0.3018923699191746,0.3507316194256547
63aaa50d.qasm,64,success,0.3013606,0.40946661205987794,0.5669971310341232
63aaa50d.qasm,512,success,0.1729242,0.43368990011145214,0.8281624190874053
64273f69.qasm,16,success,1.3970083,1.3935135950638573,9.550056084243407
64273f69.qasm,64,success,7.9696109,7.934237372988943,8.12465317242784
64273f69.qasm,512,success,282.52643209999997,284.4833546591111,343.12577580722575
6457f235.qasm,16,success,0.22334520000000002,0.9404530429948147,1.1678353538904853
6457f235.qasm,64,success,1.0101255,2.1681220524805522,1.7535393446496657
6457f235.qasm,512,success,20.677099000000002,11.915532017801157,3.7510508994916574
64731b8d.qasm,16,success,2.0507906,2.0660882,12.858640976930717
64731b8d.qasm,64,success,12.590871699999997,12.521304800000003,11.38860280252525
64731b8d.qasm,512,success,496.20632519999975,503.3593403000002,440.09859368585467
64f32748.qasm,16,success,1.9956137,1.9926563950966205,12.653864238784333
64f32748.qasm,64,success,11.509393199999998,11.469631471437573,11.12015882489506
64f32748.qasm,512,success,437.9071593999999,445.2024826316051,488.3234550793457
6533abd6.qasm,16,success,9723.491495600001,667.4799798003166,595.1062076381264
6533abd6.qasm,64,success,232.80990819999994,132.9053587028558,75.06249439136033
6533abd6.qasm,512,timeout,14399.999999999989,14400.0,4193.355387146482
65dcd512.qasm,16,success,0.5612492,2.735863006059921,1.5345466228894609
65dcd512.qasm,64,success,0.5177774,0.49488876983193136,1.2060592107406043
65dcd512.qasm,512,success,0.5506512,5.007604628891177,16.25447595421747
661be484.qasm,16,success,879.1681902999999,648.8672786301522,33.38766270394351
661be484.qasm,64,success,505.07029809999983,847.1624304822782,14400.0
661be484.qasm,512,timeout,14399.999999999989,14400.0,14400.0
66343f14.qasm,16,success,0.1837175,0.19337223086971558,0.22325688129645438
66343f14.qasm,64,success,0.17714659999999996,0.1873362423312611,0.3046619777071173
6694b099.qasm,16,success,13.838370900000003,10.075732443329134,6.24038673504531
6694b099.qasm,64,success,13.804308500000001,5.693490026004879,2.129725885583171
6694b099.qasm,512,success,13.781358199999998,8.359715924411795,5.853200138056319
67346cae.qasm,16,success,0.179131,0.214861492653912,0.21010868776812067
67346cae.qasm,64,success,0.1538984,0.24073664900392647,0.5258128774078129
6740a375.qasm,16,success,0.1709286,0.1762188114999088,7.2943882485381
6740a375.qasm,64,success,10.014619999999999,10.038192690445996,7.065547629867699
6785591a.qasm,16,success,0.21514669999999997,0.17934547426691863,0.19363971814385475
6785591a.qasm,64,success,1.0548189,1.0267387079333248,0.8578038884528375
6785591a.qasm,512,success,0.22718,0.18657496290958395,0.19417812641512505
67b5fe45.qasm,16,success,397.968539,304.6035978336534,14400.0
67b5fe45.qasm,64,success,113.48249140000004,83.24906499471948,14400.0
67b5fe45.qasm,512,success,1642.6080189999993,877.291722967721,10.905402484677925
67f3547d.qasm,16,success,1.4342771,2.1673186370258986,0.6089757939293972
67f3547d.qasm,64,success,1.2461029,1.421509122643474,0.6846369933378719
67f3547d.qasm,512,success,1.4320807,2.622118023762433,0.5269430671984067
68528bdf.qasm,16,success,0.18044680000000002,0.2062136978815602,0.2638914561191408
68528bdf.qasm,64,success,0.16605900000000004,0.21843386498452708,0.3045015980395035
68528bdf.qasm,512,success,0.1813397,0.22319565472570677,0.34547340239292257
699bd83c.qasm,16,success,724.0946028,479.0347354402166,105.13453109826507
699bd83c.qasm,64,success,1079.0000190999995,276.1318121556447,90.11797014156714
699bd83c.qasm,512,timeout,14399.999999999989,14400.0,14400.0
69c7223c.qasm,16,success,0.9718195,1.327402668229627,1.0005759988514644
69c7223c.qasm,64,success,5.8605898,5.218602329648883,3.1521634012525355
69c7223c.qasm,512,success,278.43948709999995,158.898770359282,52.08890721558749
69c8191e.qasm,16,success,0.1765269,0.16903827028973226,3.009344323783497
69c8191e.qasm,64,success,1.0784193,1.0529131215243346,2.305077558366336
69c8191e.qasm,512,success,0.1721093,0.16997041988688488,6.658185521705292
69cf1b12.qasm,16,success,1.8664405,1.8580611107067064,12.27962853259084
69cf1b12.qasm,64,success,10.711429399999998,10.659817058983013,10.999538310980782
69cf1b12.qasm,512,success,436.15847559999986,441.17787317955134,510.8178368600532
69e799fa.qasm,16,success,1.7161594,1.7383957,10.474395836741488
69e799fa.qasm,64,success,10.0683018,10.090619899999998,9.632365142733269
69e799fa.qasm,512,success,403.8135676999998,402.51049830000005,403.37864339560093
6a5034af.qasm,16,success,6.6179706,24.428887385484177,10.453473844273956
6a5034af.qasm,64,success,4.0574428,17.33299533486268,12.559616630345902
6a5034af.qasm,512,success,6.5558647,9.513019149225864,6.502945717153236
6bc3891b.qasm,16,success,0.17711910000000003,0.27303434078582745,0.2613176755574244
6bc3891b.qasm,64,success,0.31236659999999994,0.2887806139473627,0.3228789044234135
6bc3891b.qasm,512,success,0.17175660000000004,0.22138593136060714,0.21221827238757843
6c69bcc7.qasm,16,success,1.8685516,1.8740263446182714,13.153193885063732
6c69bcc7.qasm,64,success,11.340408599999998,11.326042768164493,11.726364672680154
6c69bcc7.qasm,512,success,472.5519850000001,464.0459806548927,538.3664242393008
6c848dc7.qasm,16,success,0.1774831,0.3284878122614224,0.386701309642759
6c848dc7.qasm,64,success,0.3084388,0.31133609543790974,0.4234427133532143
6c848dc7.qasm,512,success,0.1831113,0.25897594915110816,0.3393601553469517
6d2833ea.qasm,16,success,1.8673472,1.8392895505763465,12.27962853259084
6d2833ea.qasm,64,success,10.6146131,10.59831040852281,11.010010732570727
6d2833ea.qasm,512,success,436.21131729999996,437.9733323137683,510.63223302976184
6da6ce61.qasm,16,success,2.6050772,2.5668699,16.277729369383657
6da6ce61.qasm,64,success,18.417722099999995,18.3950709,13.27816759675387
6da6ce61.qasm,512,success,709.6141829000002,704.7077987999999,470.1112565113275
6de17b5a.qasm,16,success,10.0667903,2.501717661584158,22.32901397893514
6de17b5a.qasm,64,success,53.133645300000005,12.08550838703895,7.527277452868892
6de17b5a.qasm,512,success,1966.0381447999994,364.5055809490527,136.53014972315077
6ee18f92.qasm,16,success,0.172242,0.1900425766313999,0.2750059421140514
6ee18f92.qasm,64,success,1.1563193,1.0089960371950644,0.35440819325299555
6f16ddc6.qasm,16,success,0.18066420000000002,0.18632079555635978,0.19640635099992046
6f16ddc6.qasm,64,success,0.1723963,0.17056943113922968,0.20514572645963644
6f6328cc.qasm,16,success,6.304043,5.977992330949855,5.460457633453479
6f6328cc.qasm,64,success,0.2283101,0.23181823280445138,3.0958719384911495
6fef948c.qasm,16,success,10.714402200000004,6.84385182529782,11.26739901158184
6fef948c.qasm,64,success,0.5896737,2.8079344714120444,3.7234885213234095
6fef948c.qasm,512,success,7.8826795,48.32944416934972,32.005559806889046
700c376b.qasm,16,success,2.0538495,2.0395369852398435,13.01939781411207
700c376b.qasm,64,success,12.202639099999999,12.050401957004723,11.336109035835909
700c376b.qasm,512,success,480.9286841000001,490.8122583794365,502.2909539703895
7063be19.qasm,16,success,1.984057,2.0015231,15.442494259275533
7063be19.qasm,64,success,15.381964099999996,15.542053600000003,13.928908694475178
7063be19.qasm,512,success,699.658068,695.6832452000001,630.8762205499979
70d5d461.qasm,16,success,7.1855928,2.4741552674861054,0.5499398152039682
70d5d461.qasm,64,success,0.1600138,2.0108502707661016,1.5828825413556684
70d5d461.qasm,512,success,8.8462365,10.782657277305068,0.7833363144731064
711cdd0b.qasm,16,success,1.5356056,1.5252325771011062,8.357824064969295
711cdd0b.qasm,64,success,6.9356012,6.906940723209707,7.381262255314114
711cdd0b.qasm,512,success,204.2237956,203.56573467001547,283.40735611734925
72b5f996.qasm,16,success,0.1764023,0.259212020803467,5.074044921302069
72b5f996.qasm,64,success,0.6280924,1.0133319251225608,5.10465021861072
72b5f996.qasm,512,success,0.1757353,0.233183892131115,15.438137120627069
72cc2f13.qasm,16,success,15.445616199999996,10.661201149644995,19.332255677801612
72cc2f13.qasm,64,success,25.191536599999996,0.6661960742383998,0.9736954065509872
72d8892d.qasm,16,success,0.955442,1.1765614967666493,2.3697428171432744
72d8892d.qasm,64,success,5.2796491,1.9519974538151976,2.6066014482308377
72d8892d.qasm,512,success,142.81771470000007,39.69518701498191,15.848435686344764
73191d24.qasm,16,success,0.1741543,0.2942066642315624,0.27982059237809487
73191d24.qasm,64,success,0.1658449,0.30100688828994526,0.5223506064428683
73191d24.qasm,512,success,0.1710847,0.3242533989663835,0.38864913243574034
7337baba.qasm,16,success,0.17470819999999998,0.18478328911336694,0.20159155773337803
7337baba.qasm,64,success,0.1769813,0.18109557584415564,0.40012052911970414
733f4518.qasm,16,success,280.2611961999999,327.8357853137619,16.762626282298044
733f4518.qasm,64,success,27.346887899999995,38.02577079324948,14400.0
733f4518.qasm,512,success,11435.180826499996,14400.0,14400.0
73f498a0.qasm,16,success,0.586508,0.3750290883673627,0.6319454215204267
73f498a0.qasm,64,success,0.9841235,0.5600742801501525,0.7817311528473594
73f498a0.qasm,512,success,1.3402632,0.22882449572772787,0.5406779258812614
742bfb51.qasm,16,timeout,14399.999999999989,14400.0,14400.0
742bfb51.qasm,64,timeout,14399.999999999989,14400.0,14400.0
749ea355.qasm,16,success,0.22915330000000003,0.5235210570893124,47.7761348200761
749ea355.qasm,64,success,2.3689134,2.7478959613434752,19.625177147188626
749ea355.qasm,512,success,0.2225618,0.4486696328878916,78.45335781152977
7513561e.qasm,16,success,1.7643061,1.7544678,12.94487249076573
7513561e.qasm,64,success,13.212665399999999,13.180583699999998,12.524100486726807
7513561e.qasm,512,success,574.2641708,577.6552693999998,578.8961151903999
75137edd.qasm,16,success,4.2534029,1.8894902140065488,1.7440422233975255
75137edd.qasm,64,success,0.1687236,0.6448994131456377,0.8000429912259684
75137edd.qasm,512,success,6.0661241,3.7338753742850788,9.651338632108663
751d7ced.qasm,16,success,2.1812843,2.1967006,14.659855694978281
751d7ced.qasm,64,success,12.570806900000001,12.6793433,13.019188664745322
751d7ced.qasm,512,success,525.1337435000002,524.4238940999999,597.6750213210385
752a65aa.qasm,16,success,1.7403424,1.7383957,10.480967508624937
752a65aa.qasm,64,success,10.069334200000002,10.090619899999998,9.582216638829676
752a65aa.qasm,512,success,411.4862542999999,402.51049830000005,403.37864339560093
7548d858.qasm,16,success,0.5394256,0.5425538,2.3716628310744245
7548d858.qasm,64,success,1.3349159,1.3424396,1.6806214704625149
7548d858.qasm,512,success,3.4632725999999994,3.4716296,3.0794356098702464
758554e0.qasm,16,success,755.0281160999999,703.9437710729783,100.0
758554e0.qasm,64,success,590.6946547999999,520.406888615816,100.0
758554e0.qasm,512,success,592.4959399000002,100.0,100.0
75bd5cbf.qasm,16,success,42.215876699999995,7.834517718041559,1.315775244486777
75bd5cbf.qasm,64,success,15.9747854,4.859167466785836,2.520978545748331
75bd5cbf.qasm,512,success,41.622736499999995,29.261892635471078,42.968683932923284
76034335.qasm,16,success,0.16997750000000003,0.3965455968990152,0.45644103706442024
76034335.qasm,64,success,0.7581466,0.41882364028842384,0.5969678732525288
76034335.qasm,512,success,0.246009,0.354217258476568,0.3335918440441017
76d0b692.qasm,16,success,22.912727,26.10994141162663,46.05841227030109
76d0b692.qasm,64,success,4.2618177,1.7019549352875345,14400.0
77a3a480.qasm,16,success,1.6496207,1.6418214,10.261103387332039
77a3a480.qasm,64,success,8.934466900000002,8.898883499999998,9.25680823760323
77a3a480.qasm,512,success,343.5808607,336.9242883,365.8286687239176
78adf5c7.qasm,16,success,4.0229352,3.4964718167877638,6.22755163909497
78adf5c7.qasm,64,success,10.8530249,11.775398079832406,4.5582305034246815
78adf5c7.qasm,512,success,527.2902871999997,400.111629635526,97.15781863550836
78f96e37.qasm,16,success,1.3827565,1.4051409,7.408743568459378
78f96e37.qasm,64,success,5.7355776999999994,5.718801399999999,6.045364343907997
78f96e37.qasm,512,success,134.27502299999998,134.09611699999996,194.4537254911958
79b12d71.qasm,16,success,1.6729174,1.6569814589229537,9.364501017265463
79b12d71.qasm,64,success,9.5001241,9.488161813314262,8.92507928465196
79b12d71.qasm,512,success,344.1290951000001,348.01471595064555,340.5036393959821
7a0c7e70.qasm,16,success,408.48818259999985,374.19025255186875,106.71215214910288
7a0c7e70.qasm,64,success,280.2108366999999,470.0923319160888,14400.0
7a1c98cc.qasm,16,success,3.4877635,0.3012283754293339,0.33023193497150094
7a1c98cc.qasm,64,success,0.6781891,0.3643718447138641,0.31879990053451335
7a79f013.qasm,16,success,438.9453946999999,226.46385092138706,182.06565926550746
7a79f013.qasm,64,success,923.3542458999998,119.23786967093291,138.59903945589483
7a79f013.qasm,512,timeout,14399.999999999989,14400.0,6618.33121643866
7aad2132.qasm,16,success,2.6700853,2.6754619875052046,18.198597094258233
7aad2132.qasm,64,success,20.941539600000002,21.00441444596071,15.573698050922124
7aad2132.qasm,512,success,959.7448176000003,972.9109080258111,682.5400887583804
7afdbe61.qasm,16,success,2.2713569,2.0193423861904303,1.9880784819417205
7afdbe61.qasm,64,success,0.1793947,0.18331480920162097,1.571023549493456
7b19558f.qasm,16,success,3.3083295000000006,4.469747349333363,2.2973986149266348
7b19558f.qasm,64,success,2.444386,3.3391980253573394,4.110092807307513
7b19558f.qasm,512,success,3.3641784,6.128655156480009,3.10762900974135
7bab61ca.qasm,16,success,75.00299399999999,23.64382679889772,0.8945665079890718
7bab61ca.qasm,64,success,43.55957699999999,18.91590571166973,4.577015284304826
7bab61ca.qasm,512,success,74.85026579999999,16.548950214960367,0.6229557373825078
7be7d477.qasm,16,success,2.4134915,2.3529718963970034,17.071187739618093
7be7d477.qasm,64,success,18.077428899999997,18.12534047260763,14.828443248461046
7be7d477.qasm,512,success,843.0826304,827.0399194721975,659.2077480869468
7bf0f1bc.qasm,16,success,2.098813,2.124507510504616,13.997597739794406
7bf0f1bc.qasm,64,success,12.182565699999998,12.147432646528163,12.463299278027774
7bf0f1bc.qasm,512,success,495.0731022999998,496.26263370374187,552.7541244429809
7c9f6bae.qasm,16,success,2.2005587,2.1967006,14.640825817628553
7c9f6bae.qasm,64,success,12.6793433,12.647261799999999,13.019188664745322
7c9f6bae.qasm,512,success,524.4238940999999,525.0129456,597.6750213210385
7d6d9a38.qasm,16,success,2.989781,3.0019963,19.8830568519142
7d6d9a38.qasm,64,success,23.563448199999996,23.571399400000004,17.556840368793125
7d6d9a38.qasm,512,success,1083.7143292999995,1080.9138732999998,743.5049024064805
7db40afb.qasm,16,success,0.17392759999999996,0.18744903424579532,0.20589469327832743
7db40afb.qasm,64,success,0.1741671,0.1795325147523651,0.330538971280336
7fdad0c4.qasm,16,success,2.0015231,1.9908197,15.407948934467338
7fdad0c4.qasm,64,success,15.542053600000003,15.381964099999996,13.94591806346885
7fdad0c4.qasm,512,success,695.6832452000001,691.5553226999999,636.178106799213
81af3d74.qasm,16,success,0.24346440000000003,0.19589014655319079,0.2547960553621263
81af3d74.qasm,64,success,0.1806651,0.20259745152764033,0.3661303766246222
81af3d74.qasm,512,success,0.23417009999999996,0.19821745953534267,0.22934984761391772
81f388c7.qasm,16,success,0.17924560000000003,0.22026377252747958,0.2807984124544478
81f388c7.qasm,64,success,0.16809340000000003,0.2834101695116472,0.36775367321535696
81f388c7.qasm,512,success,0.18503920000000001,0.2562900684548383,0.3546496105189342
81fdeb0a.qasm,16,success,0.1736968,0.1930815246457125,0.2052620788727556
81fdeb0a.qasm,64,success,0.1638945,0.19029361316161467,0.2690170786900863
827a3442.qasm,16,success,0.18011539999999998,0.18968531388478754,0.19647140746295735
827a3442.qasm,64,success,0.1755154,0.1943864261253976,0.208921831036446
827a3442.qasm,512,success,0.18864619999999999,0.214327100216862,0.2125524655444123
82b89c68.qasm,16,success,3.2725359,3.360031368180644,2.420247530413683
82b89c68.qasm,64,success,0.1596555,0.1769470562431521,2.4165825493407755
831c33e1.qasm,16,success,2.3401965,2.3567967,17.071187739618093
831c33e1.qasm,64,success,18.073409800000004,18.0994781,14.828443248461046
831c33e1.qasm,512,success,839.1603764000004,815.0945250000003,659.447355920312
8335b01d.qasm,16,success,0.1701279,0.17736398262837477,0.19045430493346666
8335b01d.qasm,64,success,0.9557037,0.7624501518695799,0.3973599093297548
834596bc.qasm,16,success,204.27585150000007,44.57328579626988,14.93423537801279
834596bc.qasm,64,success,835.9329551000003,51.72959336940153,19.595462982083696
834596bc.qasm,512,timeout,14399.999999999989,415.2097543610222,60.3526401681325
83b22dc5.qasm,16,success,1.2476565,1.1890405366390415,5.089796807067663
83b22dc5.qasm,64,success,3.4044359999999996,3.425881159788447,4.241241919947419
83b22dc5.qasm,512,success,72.29796490000001,72.0675255958258,127.05412190480372
8400dcc1.qasm,16,success,0.1777404,0.18833167833215014,4.791265322998427
8400dcc1.qasm,64,success,9.1855849,9.42754286685986,5.356738791254994
8400dcc1.qasm,512,success,0.1613232,0.1916014852228518,6.937073826065255
8422040e.qasm,16,success,0.1669148,0.17844805798352265,1.205850251822658
8422040e.qasm,64,success,2.531916,2.384619919947912,2.104707368705109
84fe3fba.qasm,16,success,6.975659199999999,5.24388211649525,11.065808708583752
84fe3fba.qasm,64,success,0.3869507,0.3882625640870749,2.6985712007619327
85317608.qasm,16,success,0.1957883,0.19369850730260926,0.2036700236628283
85317608.qasm,64,success,1.2040827,1.2120685793005432,1.1792988426832538
85317608.qasm,512,success,0.1699598,0.1977327380256663,0.20117186202646167
85863407.qasm,16,success,1.6870991,1.7032305,10.922574759547155
85863407.qasm,64,success,10.459693000000001,10.5206042,9.773980528656445
85863407.qasm,512,success,408.0020963999999,406.11038670000005,414.76191799267815
860cc392.qasm,16,success,1.7032305,1.690588042411344,10.931905787026356
860cc392.qasm,64,success,10.515155199999999,10.520421198408382,9.754161207129954
860cc392.qasm,512,success,406.09597690000015,406.4141103249186,414.3175845053044
86464ad3.qasm,16,success,0.18273949999999997,0.3186022698589773,0.33803386602856833
86464ad3.qasm,64,success,0.17549750000000003,0.21416846912394955,0.2971074735136609
86464ad3.qasm,512,success,0.16250770000000003,0.2670351073077397,0.33507124303571806
871618c1.qasm,16,success,1.3089816,1.3014825,8.144156918136447
871618c1.qasm,64,success,6.5168705,6.5001772,6.543394241583287
871618c1.qasm,512,success,209.71884079999995,209.0101838,229.35257071638043
8732dc00.qasm,16,success,0.1784655,0.1861827446072871,1.1553260154735543
8732dc00.qasm,64,success,2.5046016,2.549775007914178,2.3255840155435714
8732dc00.qasm,512,success,0.168138,0.19009554208185897,3.0383507496413333
884b47f6.qasm,16,success,7.955765699999999,2.467048974902887,0.581203709606097
884b47f6.qasm,64,success,0.160642,2.144322211241223,1.5956928692174173
884b47f6.qasm,512,success,9.740085399999998,10.589741719131295,0.809373753632772
885efe5b.qasm,16,success,1.0773573,1.2333624181779053,5.0861387307662325
885efe5b.qasm,64,success,3.4264061,3.422902871359712,4.241241919947419
885efe5b.qasm,512,success,71.9190057,72.22929608998372,127.31947275509246
8930abda.qasm,16,success,0.1753091,0.1910330675587629,1.9852968255518246
8930abda.qasm,64,success,4.584768,4.846348422093648,3.507782610273922
8930abda.qasm,512,success,0.17470540000000004,0.19242206919430738,4.2847055418153905
896404d8.qasm,16,success,5.552108800000001,7.092020847423006,10.70163078590825
896404d8.qasm,64,success,0.4324345,0.525796274765645,2.713372044475721
8a146ce3.qasm,16,success,117.96490089999998,127.06188719837162,68.01347561126728
8a146ce3.qasm,64,success,201.1105238000001,190.40920016898625,14400.0
8a1c1c3f.qasm,16,success,0.1880215,0.1806603783997966,0.1900219578141283
8a1c1c3f.qasm,64,success,0.2685849,0.3094987366022545,0.36934517149732393
8a1c1c3f.qasm,512,success,0.1869095,0.18218120215831224,0.20526140788286265
8a2ab626.qasm,16,success,1.7081607,1.7815141,11.06902196666448
8a2ab626.qasm,64,success,12.2454582,12.223726400000002,10.53792744852287
8a2ab626.qasm,512,success,465.39449480000013,464.4622878000001,435.16738592042617
8b77bf87.qasm,16,success,0.30872999999999995,0.32382563178066565,7.302538585980133
8b77bf87.qasm,64,success,10.140678399999999,7.913402123886576,6.626816187081005
8b77bf87.qasm,512,success,0.2988881,0.29746721628862066,7.904948248673269
8bd576fc.qasm,16,success,5.323393299999999,5.5684393768215505,1.815626389885039
8bd576fc.qasm,64,success,13.2989912,3.621638313635241,5.490403330695626
8bd576fc.qasm,512,success,1464.9315561000008,1433.7630814774118,192.0924683263971
8c01a935.qasm,16,success,2.698982,2.978679912451666,5.072027564322791
8c01a935.qasm,64,success,14.733067500000002,12.526230623311209,4.786485121929723
8c01a935.qasm,512,success,483.89700409999983,379.95531780318214,75.64306080684214
8d5010bc.qasm,16,success,0.21662629999999997,0.20647194883667502,0.23208942511666453
8d5010bc.qasm,64,success,0.1708347,0.2739844631242207,0.393729113017933
8d5010bc.qasm,512,success,0.2035061,0.3289244036578525,0.31052590497723936
8d9d4033.qasm,16,success,1.0986492,1.0960489,4.072248198350662
8d9d4033.qasm,64,success,2.5595098,2.5658197,2.812500751656482
8d9d4033.qasm,512,success,34.40687870000001,34.452299200000006,106.1917972190268
8e84b85a.qasm,16,success,0.18267619999999998,0.1942690152182503,0.1979390545217424
8e84b85a.qasm,64,success,0.1524136,0.20419544366249057,0.2518124756502701
8e84b85a.qasm,512,success,0.1863533,0.1970865201442918,0.21589024730780132
8e9564e3.qasm,16,success,1.4540433,1.4589747430784603,8.999395609761889
8e9564e3.qasm,64,success,8.4504558,8.472777119628494,8.400245532254266
8e9564e3.qasm,512,success,307.52745439999995,311.7849474303635,320.5202276617251
8f4e1b64.qasm,16,success,11.0098067,15.59403366228945,18.958365631385224
8f4e1b64.qasm,64,success,0.5562086,16.874870386319916,0.9145782675191331
8f564e3e.qasm,16,success,1.9908197,2.0034439782586313,15.438138303820677
8f564e3e.qasm,64,success,15.576776499999996,15.455172586794719,13.94591806346885
8f564e3e.qasm,512,success,689.9786613999997,697.2979107982289,636.4093438534601
8f8fbcbd.qasm,16,success,712.1879557000002,828.7226975927694,35.059362420846355
8f8fbcbd.qasm,64,success,1437.2253333000003,812.651919355795,14400.0
8fb9e9ac.qasm,16,success,0.1811224,0.6034998335837978,3.518126895841815
8fb9e9ac.qasm,64,success,0.5304693,0.7893782705770349,1.2066199895175564
8fb9e9ac.qasm,512,success,0.1635519,0.5823270861019597,9.704534940286862
9143d50f.qasm,16,success,0.1758806,0.22574419192851558,8.70169683179774
9143d50f.qasm,64,success,2.8306142,2.117717347041718,3.9394383693756208
9143d50f.qasm,512,success,0.17785990000000002,0.22644817836095502,10.90875201293851
917fa943.qasm,16,success,1.7270749,1.5692433943221966,0.3717004593452141
917fa943.qasm,64,success,0.6866674,0.33542918222807644,1.3951014347635649
917fa943.qasm,512,success,166.3146686,3.346339197286892,0.5659736873795643
92f98bb3.qasm,16,success,0.4699449,0.46926237109579755,1.082646405588058
92f98bb3.qasm,64,success,0.345261,0.3410451012813408,0.7958602030453321
92f98bb3.qasm,512,success,0.3467309,0.3414107400585254,1.0518758593036308
933b305c.qasm,16,success,1.8488212,1.839679320601481,12.118281685033208
933b305c.qasm,64,success,10.668987299999998,10.577292517949287,10.968341103662164
933b305c.qasm,512,success,433.02179139999976,438.2736748800554,502.37419319960003
93865be7.qasm,16,success,0.1846872,0.2429108957028956,0.23846789451169179
93865be7.qasm,64,success,0.2199938,0.2782146977298451,0.6000188503311531
9395edc6.qasm,16,success,8.2267604,1.951543517754041,0.6607199147018932
9395edc6.qasm,64,success,3.4462506000000004,0.8425905627284244,0.48123969470451
9395edc6.qasm,512,success,8.1534394,0.8016505480449351,0.5173368989021581
93c78575.qasm,16,success,2.2330659,2.240148,14.833952527985407
93c78575.qasm,64,success,13.131851600000001,13.079453599999999,13.237949636295534
93c78575.qasm,512,success,575.9143289000002,562.6930221000001,636.6561295166878
9429600a.qasm,16,success,2.1292974,2.1233068,13.997597739794406
9429600a.qasm,64,success,12.183755600000001,12.139482200000002,12.463299278027774
9429600a.qasm,512,success,496.7916787999999,495.0731022999998,552.7541244429809
94f4e26a.qasm,16,success,2.5668699,2.6050772,16.277729369383657
94f4e26a.qasm,64,success,18.503752099999996,18.3950709,13.2551149327568
94f4e26a.qasm,512,success,704.7077987999999,708.6173386,470.28213183847566
950704f2.qasm,16,success,11.708849200000001,71.42301847131114,4.696109884588168
950704f2.qasm,64,success,2.5663469,5.47508924981958,6.6722174144728825
950704f2.qasm,512,success,11.827260099999998,82.77789894056545,83.4654801231695
954ad251.qasm,16,success,0.19984290000000002,0.18301680170591525,0.20885716945127636
954ad251.qasm,64,success,0.17667839999999999,0.17598309390152636,0.3591327767866146
954ad251.qasm,512,success,0.18874259999999998,0.1915811908295793,0.23349756475983457
957c248b.qasm,16,success,0.1746251,4.298278604106597,1.490104614103536
957c248b.qasm,64,success,0.2911975,0.598351836635303,1.0091462675395828
957c248b.qasm,512,success,0.1866839,4.615865260630588,13.130765852665053
964382be.qasm,16,success,2.6285394,2.5668699,16.277729369383657
964382be.qasm,64,success,18.324990700000004,18.3950709,13.2551149327568
964382be.qasm,512,success,696.1004410999997,704.7077987999999,470.1112565113275
965eb08c.qasm,16,success,1.6469743,1.6637489572328452,9.364501017265463
965eb08c.qasm,64,success,9.5513858,9.485581919882101,8.92507928465196
965eb08c.qasm,512,success,354.3248175000001,344.16387549241,340.65837773560213
96876fa5.qasm,16,success,8.5948081,15.341359332387677,18.225147475359424
96876fa5.qasm,64,success,0.9619184,6.32224282658837,13.317516117038583
96876fa5.qasm,512,success,7.9138945,9.709815801024307,23.410538997527873
96f82da7.qasm,16,success,0.17470950000000002,0.3662013620673948,14.53504902486892
96f82da7.qasm,64,success,2.1292088,2.4523369697300628,5.8949438740785975
96f82da7.qasm,512,success,0.1789396,0.5256901334299631,21.214836271701273
981d8651.qasm,16,success,0.17745339999999998,0.17994384217410508,2.835746386038821
981d8651.qasm,64,success,4.6828124,4.768700888721013,3.5154925496916754
981d8651.qasm,512,success,0.17061470000000004,0.17683156824064192,6.242560120656065
9a442b56.qasm,16,success,9.1980982,6.683505728543722,7.4154999705813545
9a442b56.qasm,64,success,1.1185776,0.40644931939067885,4.37677887312415
9c6b6510.qasm,16,success,0.2886272,0.7831926353357814,19.759386650014935
9c6b6510.qasm,64,success,2.4669897,2.875979251422963,6.438585286830429
9c6b6510.qasm,512,success,0.2779434,0.8962602608524108,174.02841878815673
9ccf974e.qasm,16,success,0.3430253,0.3587448114230205,0.2141080319905362
9ccf974e.qasm,64,success,0.17092409999999997,0.2060207933919569,0.29793514861402337
9d76010e.qasm,16,success,0.1707674,0.17989714627831635,1.4676966131809093
9d76010e.qasm,64,success,3.0336689,2.6537132671864754,2.3379826437240068
9d76010e.qasm,512,success,0.1692022,0.1799484102865311,3.031686458664167
9d7cbc78.qasm,16,success,0.4762271,0.4661569336474038,1.0836737988310454
9d7cbc78.qasm,64,success,0.3512017,0.3410451012813408,0.7958602030453321
9d7cbc78.qasm,512,success,0.3497272,0.3414107400585254,1.0518758593036308
9d7e60b6.qasm,16,success,0.18949259999999998,0.19181588195894075,8.465329687345726
9d7e60b6.qasm,64,success,2.0476432,2.1653015469444035,3.151599343694288
9d7e60b6.qasm,512,success,0.17087999999999998,0.18846940927641503,11.05234515437644
9e3be92a.qasm,16,success,90.3924556,11.824714685921704,4.696109884588168
9e3be92a.qasm,64,success,5.0076162,2.837472321558975,6.6722174144728825
9e3be92a.qasm,512,success,90.08668939999998,13.61754087776746,83.4654801231695
9ea3bed5.qasm,16,success,3.9805098,4.190224981588761,5.053914729402673
9ea3bed5.qasm,64,success,3.8935624,3.421508537860367,1.8966132210818016
9ea3bed5.qasm,512,success,3.9776184000000003,4.34910673850548,5.179292772225933
9f744e04.qasm,16,success,52.217373299999984,33.91097683655652,22.628602100482325
9f744e04.qasm,64,success,104.66313360000004,50.303089024977425,5.089849366062091
9f744e04.qasm,512,success,4128.416998699998,1959.927642583256,128.78509374090243
a0a79499.qasm,16,success,1.8720441,0.6233989674730845,0.4691741286491747
a0a79499.qasm,64,success,0.7155789,0.44602904195334486,0.5364258349145886
a0a79499.qasm,512,success,1.9413185,0.33012719894662257,0.41431268274907085
a0b53b67.qasm,16,success,0.17763,0.32759789910047826,2.48191016910366
a0b53b67.qasm,64,success,0.5182719,1.0985838947790174,1.7785904675147568
a169a3ba.qasm,16,success,1.6347612,1.6496207,10.236478675164115
a169a3ba.qasm,64,success,8.898883499999998,8.9290951,9.266988106339255
a169a3ba.qasm,512,success,330.86148350000013,341.62067240000016,365.8286687239176
a1b3d3aa.qasm,16,success,2.1666266,1.8127432635400076,1.3985242172198304
a1b3d3aa.qasm,64,success,6.827168100000001,1.799086982064696,1.9180016184901827
a1b3d3aa.qasm,512,success,212.50459400000003,52.90565949455327,40.442715862563176
a1bc8d56.qasm,16,success,1.0850003,1.1081809,3.5795165896514693
a1bc8d56.qasm,64,success,2.2916824,2.2914262,2.6276221997214324
a1bc8d56.qasm,512,success,23.992057699999997,23.9661902,58.83667713487804
a3cb01ca.qasm,16,success,1.2192321,1.1595966,5.093206998565017
a3cb01ca.qasm,64,success,3.4253563,3.4204512,4.241241919947419
a3cb01ca.qasm,512,success,72.2422423,72.21635219999999,126.40068979047625
a409aaa1.qasm,16,success,2.5722586,2.7002539314087897,1.908518380089913
a409aaa1.qasm,64,success,6.2227107,4.113539397430821,3.874764595395254
a409aaa1.qasm,512,success,194.3047202,119.1287116647384,107.67177650188172
a440a477.qasm,16,success,16.169895400000005,6.543066188615856,0.7613907286758987
a440a477.qasm,64,success,6.606882699999999,2.93107552637245,0.7474239780376983
a440a477.qasm,512,success,16.634451100000003,9.92234964798408,7.783367507686431
a44fdc9f.qasm,16,success,0.1848667,0.18281294002739232,2.8776019289431205
a44fdc9f.qasm,64,success,1.0295765,1.0449127556773612,1.7387606903876882
a44fdc9f.qasm,512,success,0.17738700000000002,0.1787576267561267,6.628715217809513
a4f95806.qasm,16,success,0.16642549999999998,0.18826135829598026,0.20621609284731685
a4f95806.qasm,64,success,0.6707554,0.648101631294747,0.6561633408299832
a4f95806.qasm,512,success,0.17320600000000003,0.1900060995699585,0.22238914599924606
a75c691c.qasm,16,success,2.0765425,2.100409822809713,1.9200771539302883
a75c691c.qasm,64,success,0.166108,0.17983254420481506,1.375284282612919
a8818670.qasm,16,success,0.1796637,0.17776429200293978,0.19140027659826753
a8818670.qasm,64,success,1.156165,0.9184628180181461,0.5213419997864002
a8818670.qasm,512,success,0.18732309999999996,0.18607642218005777,0.1956547595612792
a8b40b61.qasm,16,success,1.6559996,1.6637489572328452,9.386289088560247
a8b40b61.qasm,64,success,9.471062,9.502707948621765,8.92507928465196
a8b40b61.qasm,512,success,344.19865939999994,347.97954640134907,340.62740514285764
a8dfab96.qasm,16,success,1.0960489,1.1003622145333236,4.064139185424266
a8dfab96.qasm,64,success,2.5684272,2.565014223570173,2.800746413335656
a8dfab96.qasm,512,success,34.62364469999999,34.42958145999611,106.67014270837223
a9091180.qasm,16,success,2.1176052,2.1233068,13.997597739794406
a9091180.qasm,64,success,12.155388299999998,12.139482200000002,12.463299278027774
a9091180.qasm,512,success,497.33829909999974,495.0731022999998,552.9550386745345
aa41f5f1.qasm,16,success,2.0768734,2.0660882,12.97752957404599
aa41f5f1.qasm,64,success,12.550837200000002,12.521304800000003,11.435697210564127
aa41f5f1.qasm,512,success,497.82790249999994,503.3593403000002,444.00627650278
aac529b2.qasm,16,success,1231.2409277000006,108.7911225498209,117.88451095491698
aac529b2.qasm,64,success,49.33276260000001,90.04617231295366,96.35336563099027
aac529b2.qasm,512,success,4142.797545899999,14400.0,14400.0
aaf05f5c.qasm,16,success,1.1518439,1.1168596,6.538242784079858
aaf05f5c.qasm,64,success,5.0934963,5.0798998,5.349325574537824
aaf05f5c.qasm,512,success,144.77378309999997,144.58527109999997,184.5815950223194
ab65fd24.qasm,16,success,2.6866797,2.6743262681628766,18.198597094258233
ab65fd24.qasm,64,success,21.016287900000002,21.100346907052273,15.51808134162448
ab65fd24.qasm,512,success,969.4532298999997,965.9121561130606,682.5344745684413
ab8a1b3c.qasm,16,success,5.4734568,2.4453206631743822,0.48368947106757426
ab8a1b3c.qasm,64,success,0.17588040000000002,1.649181106842127,1.5090458205930473
ab8a1b3c.qasm,512,success,7.0257582,13.712978516906379,0.6701162410847318
ab964bf6.qasm,16,success,1.1127641,1.1518439,6.538242784079858
ab964bf6.qasm,64,success,5.0798998,5.087435700000001,5.333352493195264
ab964bf6.qasm,512,success,144.58527109999997,144.77378309999997,187.36414419773706
aceda861.qasm,16,success,307.34320260000015,55.58562420860938,1.367536623533297
aceda861.qasm,64,success,142.41094300000003,39.299970670486175,9.99867223934349
aceda861.qasm,512,success,304.2419227000001,50.84352627364195,0.962789865112856
ad2439c7.qasm,16,success,2.2632372,2.3526015,15.287727209596357
ad2439c7.qasm,64,success,16.262889900000005,16.271500999999997,12.632390502441792
ad2439c7.qasm,512,success,666.6881105000001,651.6184142999999,472.08123318877955
ad74d7c1.qasm,16,success,4.0893965,1.2402535748059023,2.389615221292606
ad74d7c1.qasm,64,success,17.206083600000003,2.305143285666563,2.281381425750515
ad74d7c1.qasm,512,success,690.9794292999997,12.201759651955289,6.629470767897213
aed3c1af.qasm,16,success,1.7608045,1.7367355572938847,10.479303250726364
aed3c1af.qasm,64,success,10.090619899999998,10.07095386973667,9.632020978096014
aed3c1af.qasm,512,success,402.51049830000005,403.6653824606397,403.4514708067391
af2659f0.qasm,16,success,0.16919179999999998,0.19315959476689512,0.20656026147655582
af2659f0.qasm,64,success,0.1564611,0.19205259883959183,0.23137621202439412
af88ad19.qasm,16,success,0.17483530000000003,0.2815956284676835,1.141688952371442
af88ad19.qasm,64,success,0.1752695,0.27851413001590974,0.5174268127906938
af88ad19.qasm,512,success,0.17989700000000003,0.22557893524101766,0.4282740549268917
af8b17d0.qasm,16,success,0.1818541,0.18536884751129507,0.1949662317211066
af8b17d0.qasm,64,success,0.1684462,0.19245100360717815,0.36097833658750983
b06c81ca.qasm,16,success,1.5398947,1.525511990363694,8.360582805067567
b06c81ca.qasm,64,success,6.921094199999999,6.8933143689770215,7.343158711800106
b06c81ca.qasm,512,success,202.7487235,203.01227301906627,283.43312580143595
b11883af.qasm,16,success,0.1776531,0.5899223192082307,2.3259396689733842
b11883af.qasm,64,success,0.3563139,0.6258007689964763,2.257761387704343
b11883af.qasm,512,success,0.1822348,0.6459156240962558,0.6277502174796019
b1ea1d60.qasm,16,success,0.2114184,0.18686146644278584,2.5706226644066885
b1ea1d60.qasm,64,success,4.7274893,4.796554393697922,3.5524716055955428
b1ea1d60.qasm,512,success,0.2223113,0.1953890807704166,6.418247126887852
b2346111.qasm,16,success,5166.543143199999,14400.0,100.0
b2346111.qasm,64,success,3106.2406232999992,1021.6285281210368,100.0
b2346111.qasm,512,success,3112.5309232000013,14400.0,100.0
b38d732e.qasm,16,success,0.1849359,0.34796350381377894,0.4383157171307181
b38d732e.qasm,64,success,0.284838,0.4916611588739395,0.5525132413413933
b38d732e.qasm,512,success,0.1656216,0.3410822725980166,0.4386190182298618
b469b640.qasm,16,success,0.1815829,0.35563247681496907,0.3350468461432524
b469b640.qasm,64,success,0.1756312,0.6291228424010882,0.4317235052158647
b4976343.qasm,16,success,0.17541639999999997,0.18287030955989242,0.20082018694799628
b4976343.qasm,64,success,0.2803895,0.27626717183062216,0.39949325516228124
b4976343.qasm,512,success,0.1761288,0.18211626461092123,0.2037137842301067
b4c090da.qasm,16,success,0.1804214,0.1867798980997742,0.1913362498422107
b4c090da.qasm,64,success,0.16996559999999997,0.21830470190516632,0.24556061927733483
b5baa095.qasm,16,success,0.6978439,0.6870557964821691,0.37690236663393073
b5baa095.qasm,64,success,2.8962337,3.6478648419568893,1.1476924960012742
b5be0645.qasm,16,timeout,14399.999999999989,14400.0,14400.0
b5be0645.qasm,64,timeout,14399.999999999989,7243.734674752733,7243.734674752733
b601af0f.qasm,16,success,0.1732445,0.2079916282454965,0.25170500907984655
b601af0f.qasm,64,success,0.2902428,0.24713114178229287,0.31682597641832744
b601af0f.qasm,512,success,0.1780364,0.24158180390825026,0.2648588573870426
b630efea.qasm,16,success,1.1978284,1.2071885015645196,5.364890266652551
b630efea.qasm,64,success,4.1749277,4.156657145099015,4.461378813092547
b630efea.qasm,512,success,91.48293179999997,92.02377107305419,146.9824063277723
b680d160.qasm,16,success,2.0660882,2.0649304877666634,12.97752957404599
b680d160.qasm,64,success,12.521304800000003,12.537983518082951,11.450128210534986
b680d160.qasm,512,success,503.3593403000002,498.0196833596253,444.167663231352
b7694c8e.qasm,16,success,4.6260506,4.675970315990461,2.8042367658519733
b7694c8e.qasm,64,success,0.3332834,0.18024152141501398,3.458910409426496
b792cc98.qasm,16,success,0.1753902,0.18692513154383425,0.19653808596357558
b792cc98.qasm,64,success,0.1814324,0.18837921901075722,0.2577211395840403
b792cc98.qasm,512,success,0.16917660000000004,0.19567474886545677,0.21275805546962348
b97c72bf.qasm,16,success,0.22274159999999998,0.33221257553572026,0.2613557744139974
b97c72bf.qasm,64,success,0.2894879,0.474110281416356,0.5359826866983075
b97c72bf.qasm,512,success,0.2054503,0.44938824424455925,0.3151772378253356
b9ba0e84.qasm,16,success,6.7821621,5.134566003009324,1.4415752159515518
b9ba0e84.qasm,64,success,28.735752399999996,10.592600803387253,3.924578711945038
b9ba0e84.qasm,512,success,2299.937497400001,1085.67242544976,100.12302299498526
ba0c09b8.qasm,16,success,1.6862829,1.7032305,10.922574759547155
ba0c09b8.qasm,64,success,10.520238199999998,10.5206042,9.773980528656445
ba0c09b8.qasm,512,success,404.0949175,406.11038670000005,414.76191799267815
bb291a8b.qasm,16,success,2.2330537,2.240148,14.857398757767164
bb291a8b.qasm,64,success,13.046995199999998,13.079453599999999,13.250276057967765
bb291a8b.qasm,512,success,564.3548563,562.6930221000001,635.6297598839071
bb50273f.qasm,16,success,461.99817259999986,115.57449053031696,20.1375230752729
bb50273f.qasm,64,success,61.829867500000006,20.508806750189287,16.231859255452836
bb50273f.qasm,512,success,565.4078366999998,186.25945446215937,173.13660051793426
bc99b330.qasm,16,success,125.21808419999999,137.55697858324507,87.9840386734255
bc99b330.qasm,64,success,175.69860989999995,241.37240093228127,14400.0
bc9dd950.qasm,16,success,1.1235861,1.0960489,4.069969324531091
bc9dd950.qasm,64,success,2.5736842,2.5658197,2.812500751656482
bc9dd950.qasm,512,success,34.4556024,34.452299200000006,106.1917972190268
bd32080b.qasm,16,success,1675.8850690999998,275.69220008833645,46.767533454248614
bd32080b.qasm,64,success,6223.237383199999,223.00569116977329,14400.0
bd32080b.qasm,512,timeout,14399.999999999989,14400.0,14400.0
bd462bd7.qasm,16,success,8.4452683,7.27155500436084,6.173322081294264
bd462bd7.qasm,64,success,0.18212130000000004,0.22378050452151738,3.4478192207993326
bdd2c3ff.qasm,16,success,8.5620839,6.537535496340463,2.138003129804173
bdd2c3ff.qasm,64,success,71.33639449999998,5.994901703323206,5.895946375837974
bdd2c3ff.qasm,512,success,2554.6987554,1287.3479129016948,157.90155441934067
be527b4d.qasm,16,success,327.64276280000007,566.894090467415,14.40842792478201
be527b4d.qasm,64,success,16.115476700000002,130.08585783924636,14400.0
bf029799.qasm,16,success,1.7939698,1.7907416595629493,10.104749011168087
bf029799.qasm,64,success,9.9905934,9.992268457587894,9.30564319885678
bf029799.qasm,512,success,373.7508546999999,380.167183222436,380.83803278370874
bf0f8df9.qasm,16,success,0.54735,0.5416298499985577,2.3716628310744245
bf0f8df9.qasm,64,success,1.3424396,1.3389486125261902,1.6806214704625149
bf0f8df9.qasm,512,success,3.4726905999999995,3.463824456032181,3.0794356098702464
bf9674e9.qasm,16,success,0.1775753,0.16998921667234784,1.2344682205735438
bf9674e9.qasm,64,success,2.4674081,2.3254312920371483,1.9379493717181417
bf9674e9.qasm,512,success,0.17353109999999997,0.17736116934684923,2.1182960469377488
c05aa9cf.qasm,16,success,3.0019963,2.98545872568165,19.8830568519142
c05aa9cf.qasm,64,success,23.5731577,23.534693855616975,17.556840368793125
c05aa9cf.qasm,512,success,448.6712298999999,1098.6170748180268,743.5049024064805
c0a1d157.qasm,16,success,0.18243549999999997,0.2466304997813229,5.557526895828864
c0a1d157.qasm,64,success,4.6466562,4.490910152141553,6.664090428899281
c0a1d157.qasm,512,success,0.1828232,0.23558892074689305,7.261463597809829
c0ffe57a.qasm,16,success,0.3998301,0.19268992157747303,0.19041571505078095
c0ffe57a.qasm,64,success,0.1699738,0.18550798916942576,0.20113968863840562
c20bb346.qasm,16,success,0.3509667,2.1356884840963573,8.736696377768606
c20bb346.qasm,64,success,1.1472027,1.1860240409183158,2.0222214420133144
c20bb346.qasm,512,success,0.3426731,1.4775985807450167,26.468435975579748
c246552a.qasm,16,success,4.088997,4.735944987326922,2.361207442203546
c246552a.qasm,64,success,0.4388426,3.7589188515086693,5.811102345094625
c246552a.qasm,512,success,816.6656867,947.67864630633,139.51392631011433
c39fa73b.qasm,16,success,0.17802479999999998,0.18056035424514733,0.19069552703528558
c39fa73b.qasm,64,success,0.1641723,0.17217119109050724,0.2074601069828719
c39fa73b.qasm,512,success,0.1729059,0.18020283973164153,0.19102400928082466
c3c0513f.qasm,16,success,0.1795263,0.6066151853534444,0.5474015992409801
c3c0513f.qasm,64,success,0.1589828,0.3541588431479343,0.4112465414133587
c3c0513f.qasm,512,success,0.17359960000000002,0.5925405825697104,0.43966764882196063
c40ecada.qasm,16,success,1.5196586,1.5263232974294985,8.360582805067567
c40ecada.qasm,64,success,6.9018752999999995,6.894062967309285,7.343158711800106
c40ecada.qasm,512,success,208.56807320000001,203.00541853856848,283.43312580143595
c4c36286.qasm,16,success,1.7383957,1.7377077056757273,10.474395836741488
c4c36286.qasm,64,success,10.072573800000002,10.079971431421347,9.632365142733269
c4c36286.qasm,512,success,401.72131759999985,403.6653824606397,403.2320772112011
c4ff2c11.qasm,16,success,1.1621505,1.033676944675541,0.38378701846488594
c4ff2c11.qasm,64,success,5.589186999999999,4.901166789397272,1.624211611925074
c4ff2c11.qasm,512,success,1.1551765,2.3933581555417347,2.4103523220906484
c6678d16.qasm,16,success,516.0462371999998,722.8030302165025,32.618678200722265
c6678d16.qasm,64,success,821.4442047999996,697.9243497996224,14400.0
c6678d16.qasm,512,timeout,14399.999999999989,14400.0,14400.0
c676cfb4.qasm,16,success,0.23532530000000002,0.18422178268824294,0.29516578724536063
c676cfb4.qasm,64,success,0.2578355,0.1767882922422787,0.3514775177938387
c676cfb4.qasm,512,success,0.24538750000000004,0.1837188346260816,0.32602165983357234
c7670b0a.qasm,16,success,0.5437697,0.8034225712864358,1.3063155397107795
c7670b0a.qasm,64,success,0.550425,0.7770535521626538,0.9883820945637323
c7670b0a.qasm,512,success,0.5097197,0.8236322124418533,1.2576667666799906
c7a93f95.qasm,16,success,1.3009129,1.3024128174981617,8.145120931534073
c7a93f95.qasm,64,success,6.5205913,6.500776372384788,6.539381252258932
c7a93f95.qasm,512,success,209.0101838,206.44183091492337,229.43593544124204
c7bddf55.qasm,16,success,0.5527257,0.5699921161443505,2.045721967797137
c7bddf55.qasm,64,success,1.1093257,1.12335907344134,1.4184651050599129
c7bddf55.qasm,512,success,2.7514677,2.733864301096218,2.647433250647502
c82bb473.qasm,16,success,1.3014825,1.3009129,8.145120931534073
c82bb473.qasm,64,success,6.4765742,6.5168705,6.539381252258932
c82bb473.qasm,512,success,210.21006139999997,209.0101838,229.43593544124204
c84ad65b.qasm,16,success,1.132833,1.112562163881544,6.030520350190986
c84ad65b.qasm,64,success,4.321362400000001,4.315129245701459,5.113502748262428
c84ad65b.qasm,512,success,96.38189569999999,95.20731900351315,149.60237474408876
c8afe1ad.qasm,16,success,0.172325,0.17579394519830155,0.1901899884040017
c8afe1ad.qasm,64,success,0.7844303,0.8107389829107319,0.38228720411315187
c945995d.qasm,16,success,1.6418214,1.6491697883733196,10.265991695253062
c945995d.qasm,64,success,8.8522282,8.930152537385938,9.300923087280806
c945995d.qasm,512,success,341.62067240000016,334.50372437575425,365.8286687239176
c95f41f8.qasm,16,success,0.1763965,0.18047065334530732,0.2034809718207903
c95f41f8.qasm,64,success,0.4365802,0.28993887563256526,0.3018870183630004
c95f41f8.qasm,512,success,0.17736769999999996,0.18270095750980128,0.2195142659275546
c96fe790.qasm,16,success,291.6478196,85.99477039076547,15.27819901646122
c96fe790.qasm,64,success,29.968277999999994,17.35772203055751,16.440899668207884
c96fe790.qasm,512,success,292.8521848999999,136.6385100808094,170.21439841068343
c999af32.qasm,16,success,1.1311006,1.1518439,6.541298541447322
c999af32.qasm,64,success,5.0753012,5.087435700000001,5.335792753500818
c999af32.qasm,512,success,144.16692230000007,144.77378309999997,182.63422354423994
ca0a2ce5.qasm,16,success,3.3426185000000004,3.332657603431142,2.4169008649647346
ca0a2ce5.qasm,64,success,0.1686469,0.17115894901842307,2.009551368488169
ca634f4d.qasm,16,success,1.1346432,1.0965293470556408,3.5795165896514693
ca634f4d.qasm,64,success,2.3053915,2.291554296419546,2.6276221997214324
ca634f4d.qasm,512,success,24.028526199999998,23.97912046192634,58.99858827013748
ca8c6d9a.qasm,16,success,2.1916357,2.1967006,14.659855694978281
ca8c6d9a.qasm,64,success,12.676150400000001,12.647261799999999,13.019188664745322
ca8c6d9a.qasm,512,success,522.5552257,525.0129456,597.7260710204666
ca980007.qasm,16,success,1.3004284,1.3014825,8.145120931534073
ca980007.qasm,64,success,6.5013756,6.5001772,6.539381252258932
ca980007.qasm,512,success,203.21602670000007,209.0101838,229.43593544124204
cab2b6e9.qasm,16,success,1.5307986,1.5376540836708625,8.373963100866614
cab2b6e9.qasm,64,success,6.8686035,6.9162240865422415,7.353731211159316
cab2b6e9.qasm,512,success,204.01155880000002,203.73920617455957,283.43312580143595
cb2b300f.qasm,16,success,1.648719,1.6496207,10.261103387332039
cb2b300f.qasm,64,success,8.9312101,8.9290951,9.25680823760323
cb2b300f.qasm,512,success,336.9242883,341.62067240000016,365.8286687239176
cc5bc6eb.qasm,16,success,0.23998150000000001,0.226156671160797,0.19347719723261764
cc5bc6eb.qasm,64,success,1.4279914,1.7868380227348308,1.4970901368691405
cc5bc6eb.qasm,512,success,0.2081356,0.24551850883104265,0.19347246831222928
ccfd978a.qasm,16,success,42.34227140000001,61.0514444850081,50.591625253728125
ccfd978a.qasm,64,success,2.7107435,3.4597268119647144,14400.0
cd51d9b8.qasm,16,success,1.7485021,1.7579763,12.958019178942662
cd51d9b8.qasm,64,success,13.210056200000002,13.180583699999998,12.524100486726807
cd51d9b8.qasm,512,success,574.3465174000002,577.6552693999998,578.9086360279391
cd592018.qasm,16,success,2.3526015,2.3211752,15.253459909865784
cd592018.qasm,64,success,16.3234668,16.271500999999997,12.632390502441792
cd592018.qasm,512,success,666.1303829000001,651.6184142999999,472.21249109308644
cd5b55b6.qasm,16,success,0.256669,0.18327950458924383,0.19749098739454377
cd5b55b6.qasm,64,success,0.1625885,0.18224490821077205,0.2909467006784752
cd5b55b6.qasm,512,success,0.2338264,0.18433688631893114,0.19926211619109777
ce4f4dde.qasm,16,success,0.1818813,0.1983472901811884,1.3435636284074342
ce4f4dde.qasm,64,success,4.050673899999999,4.716477458394392,2.9621316366824293
ce4f4dde.qasm,512,success,0.1800354,0.19017200859964387,2.8700133245723514
ce7207a3.qasm,16,success,3.4724855,3.3359517646776258,2.560342299761035
ce7207a3.qasm,64,success,0.1853343,0.19192644110179785,2.756824814971996
cee426fe.qasm,16,success,60.8826121,91.14019626741396,59.93922420518096
cee426fe.qasm,64,success,142.56026650000004,91.31839453815951,113.6719802115685
cee426fe.qasm,512,success,11992.309916099994,14400.0,14400.0
cf2c4cc9.qasm,16,success,0.1780009,0.18098529694603613,0.20024558494390654
cf2c4cc9.qasm,64,success,0.3343455,0.3240916385099929,0.3791874806331591
cf2c4cc9.qasm,512,success,0.1702461,0.18357313163593553,0.2191263100412928
cf5bfeb1.qasm,16,success,2.2799182,2.2330597999916684,14.790980180741846
cf5bfeb1.qasm,64,success,13.079453599999999,13.089354636203888,13.19489892516595
cf5bfeb1.qasm,512,success,361.00468059999986,565.0261449578765,632.6305519676114
d168a391.qasm,16,success,0.17140079999999996,0.19632478157161942,2.3068992767500958
d168a391.qasm,64,success,2.6421047,2.317979523903688,4.162894895400821
d168a391.qasm,512,success,0.16305370000000002,0.20602591309403678,4.155930137796083
d20d9d2e.qasm,16,success,7.2601546,8.259355109191217,6.166870473484576
d20d9d2e.qasm,64,success,0.21048460000000002,0.23276074446770662,3.650316385105486
d21812d8.qasm,16,success,5.7262911999999995,6.708012070295844,5.389391927707202
d21812d8.qasm,64,success,0.17260249999999996,0.2056974093814278,3.0717943670931502
d2ffaf7e.qasm,16,success,0.2321556,0.1773706049301769,0.9275599130428622
d2ffaf7e.qasm,64,success,2.5454339,2.4997924333174937,2.112304663614207
d2ffaf7e.qasm,512,success,0.2593566,0.17469512537980345,1.6907835622602227
d3f98c63.qasm,16,success,2.2281586,2.236604146860414,14.862620342703869
d3f98c63.qasm,64,success,13.029918900000004,13.105626413273258,13.22340763105227
d3f98c63.qasm,512,success,562.6930221000001,565.0261449578765,636.4248027937545
d3f998bc.qasm,16,success,1.6935747,1.7815141,11.06902196666448
d3f998bc.qasm,64,success,12.235003299999997,12.223726400000002,10.53792744852287
d3f998bc.qasm,512,success,467.8785964000001,464.4622878000001,435.16738592042617
d49ba491.qasm,16,success,1.0047482,1.1472961230949488,6.030520350190986
d49ba491.qasm,64,success,4.3270887,4.31601674363046,5.113502748262428
d49ba491.qasm,512,success,96.86097500000001,94.32049462108755,150.02770215225306
d4a7f2c7.qasm,16,success,0.560587,0.5732643,2.041595296427708
d4a7f2c7.qasm,64,success,1.1167891,1.1235271,1.420652489396469
d4a7f2c7.qasm,512,success,2.7529107,2.769683,2.6465986635494145
d706049b.qasm,16,success,0.2326287,0.2679752057471404,0.3134628253549686
d706049b.qasm,64,success,1.7873514,1.8081670567321713,0.6616897905161202
d70a0bd6.qasm,16,success,580.3384012000004,403.39039919378087,16.331183854573986
d70a0bd6.qasm,64,success,50.607107000000006,62.74905902559205,14400.0
d70a0bd6.qasm,512,timeout,14399.999999999989,14400.0,14400.0
d7fe8918.qasm,16,success,178.36455989999996,9.652069741832959,2.8352298669616984
d7fe8918.qasm,64,success,70.26249630000001,10.441544153257542,7.0126969828168075
d7fe8918.qasm,512,success,177.67851409999994,68.3902885594751,129.25492590601291
d87e1b4b.qasm,16,success,0.17300719999999997,0.20832729781460146,5.396758631597996
d87e1b4b.qasm,64,success,10.563292899999999,8.968215320127866,5.238141525612987
d87e1b4b.qasm,512,success,0.1801242,0.21307071149013213,6.6706151660019035
d9b603b5.qasm,16,success,1.2477177,1.1595966,5.070808971103187
d9b603b5.qasm,64,success,3.4265954,3.4204512,4.241241919947419
d9b603b5.qasm,512,success,71.4677438,72.21635219999999,126.35218858955498
d9c77e07.qasm,16,success,0.1766356,0.2114842540146164,0.22042202095583366
d9c77e07.qasm,64,success,0.176099,0.18922077726511732,0.32416984540154853
d9c77e07.qasm,512,success,0.1867367,0.2131362950633162,0.22839417563378894
da0e58a0.qasm,16,success,5.1639064999999995,6.8249358546017485,10.953402142671848
da0e58a0.qasm,64,success,0.3444672,0.5091532126358936,2.6490706379828244
da213329.qasm,16,success,2.1257089,2.1204540836517447,13.997597739794406
da213329.qasm,64,success,12.139482200000002,12.168969412968432,12.463299278027774
da213329.qasm,512,success,495.7341519999999,495.93164611702383,552.9550386745345
da3a2f77.qasm,16,success,2.3491533,2.4096041,17.071187739618093
da3a2f77.qasm,64,success,18.0994781,18.077428899999997,14.828443248461046
da3a2f77.qasm,512,success,815.0945250000003,839.2742018,659.447355920312
da4d0871.qasm,16,success,56.542467900000005,61.52202181038968,51.281311080800926
da4d0871.qasm,64,success,3.6433298,3.4616411372462834,14400.0
da505823.qasm,16,success,1.3033438,1.3009129,8.145120931534073
da505823.qasm,64,success,6.5001772,6.5168705,6.539381252258932
da505823.qasm,512,success,202.88012400000008,209.0101838,229.43593544124204
da601912.qasm,16,success,136.53217920000003,158.5696133009796,54.94787298877589
da601912.qasm,64,success,15.833468599999998,24.24176566955994,14400.0
da601912.qasm,512,success,6845.365393099999,14400.0,14400.0
dae23358.qasm,16,success,1.3884339,1.3827565,7.407866708788469
dae23358.qasm,64,success,5.7483908,5.724491800000001,6.045364343907997
dae23358.qasm,512,success,133.9679896,134.09611699999996,194.38307142694592
db12c1f0.qasm,16,success,4.704939,0.20669727379154046,1.5004352066765239
db12c1f0.qasm,64,success,0.5786665,0.3000965088721263,1.0091462675395828
db12c1f0.qasm,512,success,4.6964082,0.2348072011895078,13.114577310085735
db6ca211.qasm,16,success,0.2941825,0.27429060683402345,6.920726051314578
db6ca211.qasm,64,success,9.5803355,9.067488828909031,6.481627884009733
db6ca211.qasm,512,success,0.2892399,0.2773569368003126,8.93658890454777
dbcc99b4.qasm,16,success,0.16612960000000002,0.18072640023255424,3.0179411184118803
dbcc99b4.qasm,64,success,1.0593415,1.0658716820732985,2.290453786867799
dbcc99b4.qasm,512,success,0.1705503,0.17781478295328276,6.601783552907516
dc86453a.qasm,16,success,81.20216329999998,85.50584936565566,62.46598526832166
dc86453a.qasm,64,success,13.8824137,34.22937765182343,14400.0
dc86453a.qasm,512,success,232.4684939,730.4709466303267,6.483489177056387
de690b52.qasm,16,success,1.2104143,1.2008959221868147,5.36919709211265
de690b52.qasm,64,success,4.174748,4.156657145099015,4.492773440599889
de690b52.qasm,512,success,92.09334020000001,91.8529027451716,146.03556960808555
deb00fe1.qasm,16,success,0.16799240000000001,0.19630112571255168,0.20572820558015775
deb00fe1.qasm,64,success,0.5832587,0.5385242798972191,0.5938483833902891
deb00fe1.qasm,512,success,0.19616600000000003,0.18160054356712477,0.18796025156950064
df1a7a89.qasm,16,timeout,14399.999999999989,14400.0,100.0
df1a7a89.qasm,512,timeout,14399.999999999989,14400.0,100.0
df43c2c2.qasm,16,success,1.8799254,1.8685516,13.153713083965812
df43c2c2.qasm,64,success,11.393904200000001,11.3251936,11.710061205524033
df43c2c2.qasm,512,success,464.5924747999998,463.7660308,538.3664242393008
df458745.qasm,16,success,1.3833654,7.731078060450411,6.9697808515396265
df458745.qasm,64,success,2.1396599,5.980410583432718,5.244293249306947
df458745.qasm,512,success,1.372099,2.657965118766788,3.294882358263831
df75e229.qasm,16,success,2.3211752,2.3592706471615443,15.277348178074186
df75e229.qasm,64,success,16.271500999999997,16.293150197389863,12.632390502441792
df75e229.qasm,512,success,651.6184142999999,656.3560725571919,471.88234093268915
e10d312f.qasm,16,success,7.8625378,33.20938244076454,10.678489083131486
e10d312f.qasm,64,success,7.698335700000001,19.446538301972552,4.861190368807366
e10d312f.qasm,512,success,7.852639099999999,11.358689807505112,2.981951964011204
e260fc6a.qasm,16,success,0.1742876,0.8815541272340723,1.9804610850166293
e260fc6a.qasm,64,success,0.369846,0.9054277961163788,0.932919178261632
e260fc6a.qasm,512,success,0.1705179,2.7218590676467405,1.374091750192032
e3863462.qasm,16,success,9.1420229,6.358809724638373,1.628518940889064
e3863462.qasm,64,success,36.23688700000001,20.06054490617489,4.473890518940401
e3863462.qasm,512,success,3105.4514809999987,1907.5229521798765,116.55916648266574
e3b97044.qasm,16,success,2.6052131,2.6050772,16.277729369383657
e3b97044.qasm,64,success,18.3742898,18.3950709,13.27816759675387
e3b97044.qasm,512,success,703.2050625,708.6173386,470.28213183847566
e4a4359e.qasm,16,success,137.77012070000004,198.15519094996233,18.793475578557782
e4a4359e.qasm,64,success,6.0091114,7.702875064285935,14400.0
e4b50619.qasm,16,success,0.17564289999999996,0.18125369158259982,0.18564247174709966
e4b50619.qasm,64,success,0.2854015,0.2537456969815006,0.4519310351596894
e4b50619.qasm,512,success,0.1787359,0.1835549481613071,0.18884144121662313
e61acd2b.qasm,16,success,0.5875065,0.47259125366089777,1.0836737988310454
e61acd2b.qasm,64,success,0.340524,0.3487867166237666,0.7958602030453321
e61acd2b.qasm,512,success,0.3418323,0.34753392873516603,1.0518758593036308
e66c3381.qasm,16,success,2.1967006,2.1960926680961323,14.640825817628553
e66c3381.qasm,64,success,12.685679599999999,12.661697861068026,13.019188664745322
e66c3381.qasm,512,success,524.5309873999998,524.7183371909765,597.8922633321198
e698c12d.qasm,16,success,0.22370250000000003,0.19401831950238052,0.20411337318505487
e698c12d.qasm,64,success,0.1696466,0.176387930346151,0.18956051613053712
e7296260.qasm,16,success,2.4096041,2.3567967,17.071187739618093
e7296260.qasm,64,success,18.1512398,18.0994781,14.828443248461046
e7296260.qasm,512,success,839.2742018,815.0945250000003,659.2077480869468
e751ad87.qasm,16,success,6.030250200000001,20.28781737341569,5.4098030670749395
e751ad87.qasm,64,success,3.9561276000000003,7.6911522168700905,7.193960426005087
e751ad87.qasm,512,success,5.8737042,11.624573463132446,11.63644878253411
e7540ce6.qasm,16,success,2.967996,3.0019963,19.903887056546065
e7540ce6.qasm,64,success,23.462013599999995,23.571399400000004,17.55559865005557
e7540ce6.qasm,512,success,1121.9413080999996,1080.9138732999998,743.7751504417599
e815593a.qasm,16,success,0.18724260000000004,0.26898282192761347,0.3769871565199744
e815593a.qasm,64,success,0.2779193,0.5834157727498069,0.5793748996368794
e815593a.qasm,512,success,0.17562649999999996,0.39747792653271646,1.100792901546184
e893b1a5.qasm,16,success,29.4305108,22.309606026684897,46.029430104843854
e893b1a5.qasm,64,success,2.0071979,2.8241138503911136,14400.0
ea801020.qasm,16,success,309.4653601,115.96365141344529,14.810211650472047
ea801020.qasm,64,success,36.0080199,15.717073284238822,15.210581417439958
ea801020.qasm,512,success,230.80005270000004,116.61078859759786,158.96027551189812
eb153d64.qasm,16,success,0.181782,0.17290586067205158,2.6447178382987837
eb153d64.qasm,64,success,4.883056699999999,4.451764703292552,3.872209204449016
eb153d64.qasm,512,success,0.17385960000000003,0.1719622486468214,7.0519710992054465
ebb0ac17.qasm,16,success,1.1353584,0.3519710101592167,0.6122710379893164
ebb0ac17.qasm,64,success,1.2178021,0.3696670720000486,0.615717465987987
ebb0ac17.qasm,512,success,3.070161,0.30810613740034354,0.7181991460362377
ebc18fd7.qasm,16,success,7.6774203000000005,9.693259457814396,25.961454131705878
ebc18fd7.qasm,64,success,2.5845105,2.207349711263041,4.365895299547412
ebc18fd7.qasm,512,success,7.634144,9.595103484568812,65.48011595435722
ebc3e166.qasm,16,success,5179.478907899998,2356.9043510971615,100.0
ebc3e166.qasm,64,success,595.4877102000002,721.0281379240008,100.0
ebc3e166.qasm,512,timeout,14399.999999999989,14400.0,14400.0
ec70915a.qasm,16,success,1.0359822,1.49730607917558,1.1429822681824597
ec70915a.qasm,64,success,6.390665599999999,2.0478590535897743,3.758514450927485
ec70915a.qasm,512,success,196.3373207,213.74026439534376,83.05049509581863
eca6fb66.qasm,16,success,2.0567893,2.0660882,12.97752957404599
eca6fb66.qasm,64,success,12.525143000000002,12.550837200000002,11.450128210534986
eca6fb66.qasm,512,success,519.2628030999998,497.82790249999994,444.167663231352
ed52defd.qasm,16,success,0.5929218,0.577280553631525,1.3513392368967927
ed52defd.qasm,64,success,0.4510283,0.45458733676055035,0.9653204790150642
ed52defd.qasm,512,success,0.4499749,0.45197577479592865,1.1241979015405317
eefd994e.qasm,16,success,2.240148,2.2330597999916684,14.87531730490222
eefd994e.qasm,64,success,13.1561919,13.063214318758714,13.237949636295534
eefd994e.qasm,512,success,565.6982321,563.5233266052599,637.1442902519174
ef8d10d7.qasm,16,success,3.2810824999999997,3.966956206809192,2.087796874033429
ef8d10d7.qasm,64,success,0.3767518,2.0379679736046388,5.461641287267837
ef8d10d7.qasm,512,success,630.5900887999998,742.4113399024452,134.93435196328056
efafd44f.qasm,16,success,4.6616661,3.153385526142356,0.7181450130828528
efafd44f.qasm,64,success,3.6616828,2.5276497707662546,1.10581454993086
efafd44f.qasm,512,success,4.7884434,3.007785172760155,0.5631847883351355
f030e083.qasm,16,success,18.2983299,6.738437253756188,2.047941919185279
f030e083.qasm,64,success,89.51382609999997,14.693409512026202,4.191361271861442
f030e083.qasm,512,success,6472.491164400003,1205.5082175062412,102.55090319305218
f05a6196.qasm,16,success,104.72650230000006,306.1454985967691,14.810211650472047
f05a6196.qasm,64,success,12.820418699999998,36.54517710035167,15.210581417439958
f05a6196.qasm,512,success,104.12417669999996,232.4922520686835,158.96027551189812
f0c5e28f.qasm,16,success,0.1777949,0.2552940121984692,0.25926701289524456
f0c5e28f.qasm,64,success,0.16618189999999997,0.2885287611526766,0.4155940137578875
f0c5e28f.qasm,512,success,0.1739449,0.3838210071393873,0.33534007810040484
f0e878db.qasm,16,success,2.1514548,5.190864302148637,7.311350815267489
f0e878db.qasm,64,success,13.338250099999998,4.482190649277567,5.125672083132719
f0e878db.qasm,512,success,505.65583810000004,110.28720462907835,66.93610611904012
f0e91b40.qasm,16,success,1.7400719,2.994618734788082,1.4104556711856249
f0e91b40.qasm,64,success,8.277378,1.59361254265995,4.925708277612035
f0e91b40.qasm,512,success,402.45571770000015,638.165879940908,131.81223290310274
f1167cc3.qasm,16,success,1.4061182,1.3827565,7.400728107276316
f1167cc3.qasm,64,success,5.718801399999999,5.724491800000001,6.045364343907997
f1167cc3.qasm,512,success,134.19674820000006,134.09611699999996,194.4537254911958
f163436d.qasm,16,success,0.18145439999999996,0.20602942766061094,0.2270906849275411
f163436d.qasm,64,success,0.2191586,0.22866413835560295,0.24563020552161152
f1bcea54.qasm,16,success,1.8772476000000002,1.8549741765581285,12.276164745330048
f1bcea54.qasm,64,success,10.650654699999999,10.594348272364792,10.999538310980782
f1bcea54.qasm,512,success,446.20097660000005,438.80610126880066,510.42033819124754
f27a09cf.qasm,16,success,0.177527,0.17076608916849695,7.597244875263363
f27a09cf.qasm,64,success,9.6810114,10.238734769239013,7.152582681372097
f2a5a67a.qasm,16,success,0.4595018,0.47177686017432235,1.0823300331616696
f2a5a67a.qasm,64,success,0.341567,0.34799401603011754,0.7950939957767371
f2a5a67a.qasm,512,success,0.3407394,0.34685071840470544,1.051960238709362
f5398281.qasm,16,success,2.3567967,2.4096041,17.071187739618093
f5398281.qasm,64,success,18.203299199999996,18.077428899999997,14.828443248461046
f5398281.qasm,512,success,322.2864782000001,839.2742018,659.2077480869468
f5aeb6f0.qasm,16,success,2.2514043,2.1967006,14.659855694978281
f5aeb6f0.qasm,64,success,12.647261799999999,12.6793433,13.019188664745322
f5aeb6f0.qasm,512,success,525.0129456,524.4238940999999,597.8922633321198
f5d72dae.qasm,16,success,0.28022519999999995,0.40217572939597424,0.22130538658019316
f5d72dae.qasm,64,success,2.0205184,0.5965140816906944,0.4955820583756389
f5d72dae.qasm,512,success,34.9589754,3.207622809858971,0.6196109250601243
f67ec297.qasm,16,success,1.3940487,1.3965740669595343,9.550056084243407
f67ec297.qasm,64,success,7.96335,7.951804293790374,8.12465317242784
f67ec297.qasm,512,success,284.6133111999999,284.66067667764975,342.7966847439458
f7ff0727.qasm,16,success,0.1900845,0.193116083289087,0.19308185243061934
f7ff0727.qasm,64,success,0.172657,0.18017014258947492,0.3691190541557753
f8a38627.qasm,16,success,168.1454513,156.5275725916818,85.58365028285705
f8a38627.qasm,64,success,293.6294401000001,236.8387183024349,14400.0
f8a38627.qasm,512,success,13907.117731399987,14400.0,14400.0
f8d235ae.qasm,16,success,0.1790703,0.2120153530377344,0.19554042153787304
f8d235ae.qasm,64,success,0.2438151,0.18646481023630362,0.2078970914506791
f98536e0.qasm,16,success,0.1788549,0.1955233249884115,0.20019699075553476
f98536e0.qasm,64,success,0.1664448,0.17545866910470334,0.19191228701742832
f9fee41b.qasm,16,success,2.5416661,2.6051451491138304,16.277729369383657
f9fee41b.qasm,64,success,18.3950709,18.395993132235738,13.27816759675387
f9fee41b.qasm,512,success,708.6173386,703.9560296633532,470.28213183847566
fabdaac7.qasm,16,success,0.17383599999999996,0.19739856303164427,0.20973171272032615
fabdaac7.qasm,64,success,1.2635249,1.1358196078451555,1.23184617056905
fabdaac7.qasm,512,success,0.1686687,0.198904761702902,0.23449829363994953
fadf1f0d.qasm,16,success,189.90480990000003,171.98163798596104,18.793475578557782
fadf1f0d.qasm,64,success,6.8785139,7.165450520020636,14400.0
fb107df5.qasm,16,success,17.846512699999998,8.04412413664103,0.7384131929103355
fb107df5.qasm,64,success,11.952432699999996,6.072811012461423,2.383406677212499
fb107df5.qasm,512,success,18.1957599,8.155720048099058,0.5600351530740431
fb7e6eb0.qasm,16,success,3.5610047999999996,2.972299366790679,5.44136609083284
fb7e6eb0.qasm,64,success,13.2631154,11.44267360068637,5.097435026779822
fb7e6eb0.qasm,512,success,543.1701861,398.8451834420667,72.69893373760203
fb8a2851.qasm,16,success,0.1633197,0.20496415614627658,0.19469045100850357
fb8a2851.qasm,64,success,1.2676421,1.1516450018206645,1.0625351870914
fb8a2851.qasm,512,success,0.1731245,0.20734934418306167,0.1914872437722362
fb9223a1.qasm,16,success,0.1798739,0.1955335166425568,0.20302967097850824
fb9223a1.qasm,64,success,0.16640830000000004,0.17402313432968997,0.2812700353045844
fb9223a1.qasm,512,success,0.1863105,0.19213367461107814,0.2123569963208684
fb9be929.qasm,16,success,0.23531889999999997,0.18654832601637003,0.21402876156464157
fb9be929.qasm,64,success,0.1624003,0.1927191316940247,0.28404407920138924
fb9be929.qasm,512,success,0.22522469999999997,0.1806030828875204,0.2232622511789813
fbcf0ea3.qasm,16,success,2.0731039,2.0660882,12.97752957404599
fbcf0ea3.qasm,64,success,12.510124499999996,12.550837200000002,11.450128210534986
fbcf0ea3.qasm,512,success,498.21153809999976,497.82790249999994,444.167663231352
fbdc2a1f.qasm,16,success,0.5656909,0.5823536,1.352288576671957
fbdc2a1f.qasm,64,success,0.4538723,0.4523345,0.9628490120734307
fbdc2a1f.qasm,512,success,0.4505086,0.4509034,1.1242308161012133
fbe1d41c.qasm,16,success,0.22265400000000002,0.190189523520929,0.20731497527249027
fbe1d41c.qasm,64,success,0.1667608,0.20283653029885676,0.316023800962105
fbe1d41c.qasm,512,success,0.21397250000000004,0.19782596909590452,0.20720897438964353
fc1ce5ab.qasm,16,success,62.19422269999998,65.21875278852222,53.91289006761023
fc1ce5ab.qasm,64,success,3.1473689,3.5903677750052805,14400.0
fc330f35.qasm,16,success,1.8849809,1.8683486889826748,13.117805360270244
fc330f35.qasm,64,success,11.3087631,11.333648284999459,11.709130578515753
fc330f35.qasm,512,success,463.7660308,464.4592680536541,539.1790051192696
fc56714f.qasm,16,success,0.1707354,0.27149961525392746,0.27822580827824783
fc56714f.qasm,64,success,0.18016170000000004,0.24000167260771132,0.30293692756123736
fc56714f.qasm,512,success,0.1801311,0.30456930600908627,0.27675640787973765
fc5872f2.qasm,16,success,440.7522683000002,211.76206340190416,18.40643205480318
fc5872f2.qasm,64,success,97.44292890000001,19.654601745385893,7.415390315831673
fc5872f2.qasm,512,success,3531.155154499999,14400.0,14400.0
fc66bdd4.qasm,16,success,0.7283128,1.8515318776983152,1.2693564214322348
fc66bdd4.qasm,64,success,1.3749575,2.0828885541997595,2.7466352794449205
fc66bdd4.qasm,512,success,0.727108,2.348948866031902,3.794157900732329
fdf0b97e.qasm,16,success,1.9983464,1.9932801498905965,12.653864238784333
fdf0b97e.qasm,64,success,11.459351800000002,11.472516533677084,11.12015882489506
fdf0b97e.qasm,512,success,436.84951509999985,445.7186850570935,488.3234550793457
ffe82f32.qasm,16,success,0.2051507,0.20079220549622206,0.29096444319485404
ffe82f32.qasm,64,success,1.3167689,1.1166315007358454,0.3997519995363996
