filename,threshold,status,actual_s,matched_pred_s,structural_pred_s
0071a13b.qasm,16,success,1.8681457999999997,1.8685516,11.992734975986437
0071a13b.qasm,64,success,11.326891999999999,11.3251936,10.861714264250688
0071a13b.qasm,512,success,464.3260994999999,463.7660308,535.40057346362
00c20ece.qasm,16,success,161.77874129999995,57.023837417674265,11.23126400108342
00c20ece.qasm,64,success,167.99894330000006,53.77459775261462,7.740429144256022
00c20ece.qasm,512,success,161.38951989999995,56.98736816571235,6.177590214066858
03042ac9.qasm,16,success,1.8659897,1.8742298722543722,11.992734975986437
03042ac9.qasm,64,success,11.3251936,11.333648284999459,10.861714264250688
03042ac9.qasm,512,success,463.7429635000002,464.4592680536541,537.090540813583
03934028.qasm,16,success,1794.6356796999994,14400.0,14400.0
03934028.qasm,64,success,1229.5821331999996,853.7500520757753,14400.0
03934028.qasm,512,timeout,14399.999999999989,14400.0,14400.0
03ee478e.qasm,16,success,0.17734449999999996,0.19567646075342912,0.21369728902300297
03ee478e.qasm,64,success,1.1159592,1.2158426539614289,0.9368267690540522
03ee478e.qasm,512,success,0.18746530000000003,0.19843086580946268,0.2283742629077197
04276362.qasm,16,success,0.17990670000000003,0.19146946174426074,0.19958702014269988
04276362.qasm,64,success,0.21635210000000002,0.18444458883086512,0.18370535177140696
0491d461.qasm,16,success,0.5425538,0.5416298499985577,2.3122938296638424
0491d461.qasm,64,success,1.3414259,1.3394544309552454,1.1834815591997572
0491d461.qasm,512,success,3.4521178,3.4680011037745415,2.5577201061439347
0525d9ee.qasm,16,success,0.5416311,0.5420910026173466,2.3122938296638424
0525d9ee.qasm,64,success,1.3424445,1.3389486125261902,1.1834815591997572
0525d9ee.qasm,512,success,3.4716296,3.463824456032181,2.570479315721405
0534bf07.qasm,16,timeout,14399.999999999989,1570.6296404694908,14400.0
0534bf07.qasm,64,success,1767.644607299999,14400.0,14400.0
0534bf07.qasm,512,timeout,14399.999999999989,14400.0,14400.0
055dc894.qasm,16,success,4.6650311,5.170362008906105,1.3820185457121328
055dc894.qasm,64,success,3.8863319000000005,8.454563061189303,4.6282210321795025
055dc894.qasm,512,success,1383.5908082999997,1486.3035476455839,151.13249865195075
056c2b99.qasm,16,success,0.5823536,0.5791627676158145,1.1539457895650533
056c2b99.qasm,64,success,0.4523345,0.45458733676055035,0.6740733183533685
056c2b99.qasm,512,success,0.4509034,0.45177786199195286,1.0068978169839624
058c7d32.qasm,16,success,0.21540330000000002,0.5278944729708299,0.7915787940768108
058c7d32.qasm,64,success,0.6617786,0.7509459951465743,0.6719479331849825
067475b0.qasm,16,success,1.4051409,1.3855922921427322,7.440101320501604
067475b0.qasm,64,success,5.705375600000001,5.730032069012604,5.871962060457206
067475b0.qasm,512,success,134.09611699999996,134.0823201142173,213.54973455606728
06857ab2.qasm,16,success,86.8517603,89.61822490673958,42.55446112005643
06857ab2.qasm,64,success,144.50145770000006,146.10064849738606,14400.0
06857ab2.qasm,512,success,5763.222492099998,5361.78448789526,141.47702445038902
06a7dabf.qasm,16,success,1.4427283,1.4598163321304143,9.323166032802176
06a7dabf.qasm,64,success,8.5008263,8.448695853846383,8.382700104848313
06a7dabf.qasm,512,success,307.49403430000007,313.387922830725,354.21695373541013
06e45cf2.qasm,16,success,0.5780354,0.5680658612407742,2.0540560592687855
06e45cf2.qasm,64,success,1.1292338,1.1235969958737055,1.0155442725599038
06e45cf2.qasm,512,success,2.769683,2.764005436291318,2.261169963920959
0732491c.qasm,16,success,5.4931465,14.025767126105924,2.2685496147895283
0732491c.qasm,64,success,1.8221959,5.771225282353875,3.2750625350647367
0732491c.qasm,512,success,5.6868296,16.05147608357147,14400.0
07fc5b22.qasm,16,success,0.5416286,0.5425538,2.3122938296638424
07fc5b22.qasm,64,success,1.3364759,1.3424396,1.1830652427334372
07fc5b22.qasm,512,success,3.4643763999999995,3.4716296,2.5637390343316144
08239e90.qasm,16,success,63.96641979999998,48.9039407690614,44.04538791278678
08239e90.qasm,64,success,3.2675198000000005,3.229663145616355,14400.0
0885b672.qasm,16,success,1.6545858,1.6418214,9.927332807158496
0885b672.qasm,64,success,8.9290951,8.898883499999998,9.317156427418112
0885b672.qasm,512,success,332.10055049999994,336.9242883,417.1477044340267
0a0f4c36.qasm,16,success,0.1840534,0.2812269609363824,0.2949682743898447
0a0f4c36.qasm,64,success,0.2601157,0.32964507118209985,0.3589886992395237
0a0f4c36.qasm,512,success,0.1663742,0.32827769196662443,0.8560606248194658
0b0e43d6.qasm,16,success,1.78757,1.7891810962482804,10.211965184582326
0b0e43d6.qasm,64,success,9.9584508,9.983678951658367,9.264841277254241
0b0e43d6.qasm,512,success,373.94553460000003,379.3965354033102,413.90281412009784
0b325fdd.qasm,16,success,204.4226061999999,168.18912175295648,21.047203988191328
0b325fdd.qasm,64,success,7.9006322,6.746873637525902,14400.0
0bde3200.qasm,16,success,0.23376710000000003,0.35604658780117354,0.40406620509333424
0bde3200.qasm,64,success,0.232663,0.3383132396332143,0.6780586701256512
0c0ce4a1.qasm,16,success,0.5861573,0.5823536,1.1517363493399912
0c0ce4a1.qasm,64,success,0.4553035,0.4523345,0.6740733183533685
0c0ce4a1.qasm,512,success,0.4561859,0.4509034,1.006514269472541
0c676248.qasm,16,success,0.1680261,0.17490593059886833,11.66865533758389
0c676248.qasm,64,success,10.329901000000001,9.781007089506883,11.74646488814419
0c676248.qasm,512,success,0.18101140000000002,0.1729592231061037,36.91477362208175
0cc92082.qasm,16,success,0.2225849,0.4391503703896105,0.6952264475957962
0cc92082.qasm,64,success,0.5742476,0.3406151239840352,0.4483310635482728
0cc92082.qasm,512,success,0.18362350000000002,0.43100999218069846,0.6413315643385064
0cd81bd7.qasm,16,success,1.4029748,1.3970083,9.212139806976817
0cd81bd7.qasm,64,success,7.957766299999999,7.96335,8.6448366888702
0cd81bd7.qasm,512,success,285.46857679999994,284.6133111999999,374.21192969496155
0d08bd43.qasm,16,success,2469.4623289000006,14400.0,100.0
0d08bd43.qasm,64,success,188.07979880000005,870.9526747063112,14400.0
0d08bd43.qasm,512,timeout,14399.999999999989,14400.0,14400.0
0d094263.qasm,16,success,0.17983059999999998,0.20288795070141855,0.2301226799806084
0d094263.qasm,64,success,0.354708,0.22798329949201662,0.36882768836423774
0d094263.qasm,512,success,0.17570120000000003,0.2163780378032608,0.3215120489721855
0d6f51b4.qasm,16,success,0.1818558,0.21891715219505403,0.21076272176405408
0d6f51b4.qasm,64,success,0.2284205,0.21419531734251177,0.3224095428543144
0d6f51b4.qasm,512,success,0.1679753,0.2196811217607827,0.21577456743972198
0e8ddfa3.qasm,16,success,1.1595966,1.2333624181779053,4.101204937252742
0e8ddfa3.qasm,64,success,3.4204512,3.425881159788447,3.9357952047872655
0e8ddfa3.qasm,512,success,72.21635219999999,72.08044281047725,118.25666559766347
0ee54ab9.qasm,16,success,0.17814269999999996,0.2102357441868105,0.22472071539434232
0ee54ab9.qasm,64,success,0.2257454,0.2935312438726052,0.33767016029614694
0ee54ab9.qasm,512,success,0.1782451,0.2098519343560926,0.23389803038935805
0f6ae53c.qasm,16,success,0.17492429999999998,0.33232550344284806,3.3719601072049565
0f6ae53c.qasm,64,success,0.6351061,1.0327452149153595,2.267921617922676
0f6ae53c.qasm,512,success,0.1797566,0.37531390962581523,32.231963161106655
10761caa.qasm,16,success,1.2039713,1.1978284,4.5598847007740755
10761caa.qasm,64,success,4.1564553,4.174748,4.436038423544222
10761caa.qasm,512,success,91.75166269999998,92.09334020000001,141.76325599402912
10ea3498.qasm,16,success,0.1689698,0.5053498643482196,10.932969929761414
10ea3498.qasm,64,success,1.1595227,2.552650123690898,7.404608635441388
10ea3498.qasm,512,success,0.1702938,0.5402749091009864,15.756393810934817
1154e9d9.qasm,16,timeout,14399.999999999989,14400.0,100.0
1154e9d9.qasm,512,timeout,14399.999999999989,14400.0,100.0
12157215.qasm,16,success,2000.5838667,1507.7063441686407,43.83382413927439
12157215.qasm,64,success,851.9857254999997,1040.2602917416139,14400.0
12157215.qasm,512,timeout,14399.999999999989,14400.0,14400.0
125f60d7.qasm,16,success,1463.3105540000001,1400.345441487027,100.0
125f60d7.qasm,64,success,804.1303602000003,395.8541823303821,14400.0
138d2c7b.qasm,16,success,1.5629332,1.5884683408005085,9.317997210018985
138d2c7b.qasm,64,success,7.723485,7.735448859198405,8.607604663211143
138d2c7b.qasm,512,success,266.476829,261.5519423486538,344.68456619857983
13b8e3f8.qasm,16,success,1.15246,1.1168596,5.99891293294065
13b8e3f8.qasm,64,success,5.056893600000001,5.0798998,5.39094023524507
13b8e3f8.qasm,512,success,143.3873458,144.58527109999997,208.97695721466135
13eb49aa.qasm,16,success,0.1763388,0.210119174535541,0.2950598474513026
13eb49aa.qasm,64,success,1.03723,1.102228569187432,0.34121615423274826
14019fed.qasm,16,success,85.55772610000001,25.81494215232152,8.487202361411429
14019fed.qasm,64,success,7.701556400000001,5.573261542456946,7.669403533664789
14019fed.qasm,512,success,125.55042679999998,34.434238947791904,118.89574526833233
149b1e7c.qasm,16,success,5.221844600000001,4.352068783050504,2.4908402847231472
149b1e7c.qasm,64,success,0.1728306,0.22998778215465912,2.661342796359302
15434610.qasm,16,success,1.5159936,1.606494077111915,9.354745589761423
15434610.qasm,64,success,7.743600700000001,7.739535156357705,8.641551392074328
15434610.qasm,512,success,260.9629377999999,266.55889672883336,344.2548504609988
159b3481.qasm,16,success,0.5732643,0.5708157414856262,2.029233362511279
159b3481.qasm,64,success,1.1235271,1.1243972252437324,0.9982580886437604
159b3481.qasm,512,success,2.7779996,2.767041002240505,2.2261131612606007
15c28669.qasm,16,success,0.2514302,0.9444635931609335,0.9417704163074562
15c28669.qasm,64,success,0.3990744,0.8229063227381059,1.0605997657718444
15c28669.qasm,512,success,0.2419986,2.1387219984851593,1.6858453250076222
1619b169.qasm,16,success,0.17318939999999997,0.23994457059980084,0.3556224283513533
1619b169.qasm,64,success,0.1710901,0.28247398105238253,0.39029651044629776
1619b169.qasm,512,success,0.18216660000000004,0.28855354049220666,0.42417908732656906
166e9d3a.qasm,16,success,0.18061239999999998,0.5171384296238121,0.6568757672134037
166e9d3a.qasm,64,success,0.16925800000000002,0.32964707792760717,0.37734891273288945
166e9d3a.qasm,512,success,0.169438,0.3993946491230377,0.3932246317567172
1688d759.qasm,16,success,1.9672979,1.9424587,12.18018110143321
1688d759.qasm,64,success,14.099032299999998,14.129976999999997,11.016954162525034
1688d759.qasm,512,success,559.5118791999997,556.7358081999998,436.9086960263563
16ff70bb.qasm,16,success,2.1233068,2.121653180971452,12.66617877518836
16ff70bb.qasm,64,success,12.121247399999998,12.168969412968432,11.24432916997302
16ff70bb.qasm,512,success,493.81017920000016,496.26263370374187,558.9239096325099
17253376.qasm,16,success,1.7846797,1.725612202955635,10.656346078629937
17253376.qasm,64,success,12.199884,12.238581376803017,9.907150312741068
17253376.qasm,512,success,464.4622878000001,466.63489260803374,467.0505489829262
173d4b8b.qasm,16,success,0.4365735,0.6849718088476154,1.2309556598544693
173d4b8b.qasm,64,success,0.4759959,0.7013556217480199,1.016053220165369
173d4b8b.qasm,512,success,0.4571515,0.7775590584973137,1.2187470321398708
175f2997.qasm,16,success,1.5397053,1.53320021609448,8.535857127642096
175f2997.qasm,64,success,6.911357399999999,6.911478069700667,7.922735127491318
175f2997.qasm,512,success,203.2557665999999,204.11764961513882,314.52779214172193
17e5a14b.qasm,16,success,85.25765730000002,66.77770926389326,45.00093385000373
17e5a14b.qasm,64,success,4.9438845,3.7359139044135574,14400.0
195099c8.qasm,16,success,0.3044958,0.7050116144869473,18.333111750968115
195099c8.qasm,64,success,10.437987799999998,7.463300839215655,17.870168441495387
195099c8.qasm,512,success,0.2926443,0.627842592066239,20.573866769653936
19550378.qasm,16,success,0.7261901,0.5087366970393868,0.5861752533015108
19550378.qasm,64,success,0.7177524,0.5477103340492696,0.4306038820016773
19550378.qasm,512,success,0.7171464,0.682633094817305,0.3307969549647935
1959a985.qasm,16,success,4.8913162,5.082064088648203,1.386100141660716
1959a985.qasm,64,success,31.2692711,8.977775774091295,4.625599936335919
1959a985.qasm,512,success,1435.4921207999998,1487.4675223011636,151.3936157751523
19d587f3.qasm,16,success,0.17350479999999996,0.18517806681496482,0.19109576625641397
19d587f3.qasm,64,success,1.2004384,1.1653203601432764,1.1041011542547858
19d587f3.qasm,512,success,0.172592,0.1895620089637032,0.18881024742408614
1a554de5.qasm,16,success,0.17159249999999998,0.3688286836209161,2.216935610011936
1a554de5.qasm,64,success,0.1756577,0.8608025661755841,1.3455149494676366
1a554de5.qasm,512,success,0.1775085,0.5433629609221455,3.0124921203334236
1aa22822.qasm,16,success,20.512900800000004,26.06255418622756,41.80671221242672
1aa22822.qasm,64,success,1.1141745,2.7582901358181284,14400.0
1af5b336.qasm,16,success,1.0828512,1.1123936426428191,3.238785135754927
1af5b336.qasm,64,success,2.2817078,2.295085373422122,2.0637598247091846
1af5b336.qasm,512,success,23.957207000000007,24.010285026137478,61.0591327578555
1b91945f.qasm,16,success,0.5788403,0.5732643,2.0361243032683345
1b91945f.qasm,64,success,1.1345342,1.1235271,1.011138326787285
1b91945f.qasm,512,success,2.7687015,2.769683,2.2795325558675015
1cb3c32c.qasm,16,success,8.074354699999999,7.039479412885987,6.337266966542523
1cb3c32c.qasm,64,success,0.3971776,0.26165598485118025,4.312041173247624
1d1dc1d8.qasm,16,success,2.091032,2.0425339763193575,12.345326076571281
1d1dc1d8.qasm,64,success,12.1915016,11.925537734392144,10.849357067556452
1d1dc1d8.qasm,512,success,477.1889418,488.87536907901017,505.7764532138915
1d4b1889.qasm,16,success,0.4623995,0.4723681340655765,0.901532917376913
1d4b1889.qasm,64,success,0.339699,0.3502425202727319,0.5913579522670923
1d4b1889.qasm,512,success,0.3409897,0.3486878629076574,0.9234383903322656
1db5f683.qasm,16,success,2.0087796,1.9972315512745622,12.178842588747148
1db5f683.qasm,64,success,11.511427700000002,11.445895571447256,10.550009846559515
1db5f683.qasm,512,success,436.8524219,443.52698336073115,488.2267548813327
1f1383d7.qasm,16,success,0.2250921,0.1780343467786964,11.948086468465386
1f1383d7.qasm,64,success,2.1631353,2.4536497100448043,7.306846398333651
1f1383d7.qasm,512,success,0.2264848,0.17841444638487794,17.71877981073016
1fd34b96.qasm,16,success,2.6722234,2.674391427688522,15.475841604041106
1fd34b96.qasm,64,success,21.079753,20.967028138590337,13.42947811387238
1fd34b96.qasm,512,success,961.0837074000003,972.9109080258111,677.1852480932723
20448412.qasm,16,success,147.65277569999995,21.209870279535455,10.809543590445617
20448412.qasm,64,success,184.3939734999999,11.497757598326025,2.424198668757297
20448412.qasm,512,success,148.94883800000002,16.521365557047588,7.656226798214938
2059c310.qasm,16,success,0.4773265,0.5256494256299772,0.3656899190822208
2059c310.qasm,64,success,3.3123999,2.3651342068434316,0.8079473880337007
2078a631.qasm,16,success,2.4060191,2.3211752,13.58139194602825
2078a631.qasm,64,success,16.260589,16.271500999999997,11.568160668560589
2078a631.qasm,512,success,646.7251833,651.6184142999999,467.4951069098762
208334f1.qasm,16,success,0.1715742,0.38700329371175096,8.928678587901944
208334f1.qasm,64,success,1.1387004,1.5426427976018,4.793594214307442
208334f1.qasm,512,success,0.18524460000000004,0.31103425844800076,79.70039196208582
2190b5a7.qasm,16,success,0.21629669999999998,0.18141401722775502,0.2718954907255316
2190b5a7.qasm,64,success,0.1627301,0.17705526677063835,0.27441311355475434
2190b5a7.qasm,512,success,0.2115168,0.18322509374504933,0.28721717120798523
231bbda3.qasm,16,success,4.4113397,4.642804535459126,2.851521855689085
231bbda3.qasm,64,success,1.1731902,1.7173169204481427,3.352486235109475
231bbda3.qasm,512,success,4.424197,16.812794836049623,40.793125387571195
235dda60.qasm,16,success,2.3659587,2.3526015,13.632432959378493
235dda60.qasm,64,success,16.3526073,16.271500999999997,11.673599172856122
235dda60.qasm,512,success,307.20749069999994,651.6184142999999,468.5079377591871
24ca3082.qasm,16,success,2771.0450235,14400.0,100.0
24ca3082.qasm,64,success,1988.8930581999996,757.3786823154206,100.0
24ca3082.qasm,512,success,2669.2542047999996,14400.0,14400.0
25e26219.qasm,16,success,2.1708568,1.6115926801040912,1.18510173119742
25e26219.qasm,64,success,19.4090902,2.210367251373683,3.2759756400451354
25e26219.qasm,512,success,705.1982490999998,230.2542873222398,69.72717496557271
25e5b703.qasm,16,success,0.17933479999999996,0.1847771677964025,0.20662681532412724
25e5b703.qasm,64,success,0.21299800000000002,0.2206145071637429,0.27506530783788424
25e5b703.qasm,512,success,0.17741980000000002,0.23043766490534326,0.2310233399940967
264ca70e.qasm,16,success,1.6579639,1.6559996,9.946259547111678
264ca70e.qasm,64,success,9.2260978,9.5001241,8.795336855903347
264ca70e.qasm,512,success,351.8730803,344.19865939999994,395.74459203713036
27a012bc.qasm,16,success,0.5722517,0.5842523545705913,1.1622778764387423
27a012bc.qasm,64,success,0.4555887,0.45310274760185465,0.6802881049042396
27a012bc.qasm,512,success,0.4530507,0.4507059567714187,1.0122802677679144
27dbf314.qasm,16,success,4101.517750300001,2527.925952159611,100.0
27dbf314.qasm,64,success,781.3788183,2482.4515011050094,14400.0
27dbf314.qasm,512,timeout,14399.999999999989,14400.0,14400.0
27e0ec8e.qasm,16,success,0.18189549999999996,0.176199413582862,1.5302380059033558
27e0ec8e.qasm,64,success,0.5226683,0.5686068245278547,1.4180938432857653
27e0ec8e.qasm,512,success,0.17007229999999998,0.17573748031813277,3.207176473122084
2818a462.qasm,16,success,0.1707319,0.2260771229316484,1.7866807718143285
2818a462.qasm,64,success,0.532209,0.838120804695643,1.7034832260896209
2818a462.qasm,512,success,0.1782918,0.29273941473766585,3.5222874954784067
28f914b0.qasm,16,success,0.17556589999999997,0.4357069906469732,0.5669261427156854
28f914b0.qasm,64,success,0.3044709,0.2519684048373607,0.40771328251740235
28f914b0.qasm,512,success,0.18904039999999997,0.33753347556187946,0.443735621587025
29886bb3.qasm,16,success,1.1166224,1.1081809,3.238785135754927
29886bb3.qasm,64,success,2.2984934,2.2914262,2.0637598247091846
29886bb3.qasm,512,success,24.0384279,23.9661902,60.79462396981382
29a887f9.qasm,16,success,1.282956,2.50260982484063,1.3192815609961919
29a887f9.qasm,64,success,0.1893478,0.8207490912778833,4.224740820023688
29a887f9.qasm,512,success,115.45068950000004,460.9663800825481,107.00330887976642
2a04dd73.qasm,16,success,2475.065750599999,2723.10842511054,100.0
2a04dd73.qasm,64,success,4965.618169699998,810.1188321473353,14400.0
2a04dd73.qasm,512,timeout,14399.999999999989,14400.0,14400.0
2a0e53ef.qasm,16,success,2.3114425,2.5352056959679192,4.9119880127398
2a0e53ef.qasm,64,success,7.718355099999999,9.028627171519439,3.8720849832194357
2a48defb.qasm,16,success,1.2252849,1.1954712343605043,4.3491288577865275
2a48defb.qasm,64,success,1.1154698,1.2888156409060472,1.5648550229471552
2a48defb.qasm,512,success,1.0666831,1.452140119845028,3.4010845894110293
2af6859b.qasm,16,success,1.6940842,1.6951456113392,10.636791491960228
2af6859b.qasm,64,success,10.535087,10.517696392935509,9.528524460866869
2af6859b.qasm,512,success,406.7180611000001,406.10318173608704,427.49148745403966
2afe3d2e.qasm,16,timeout,14399.999999999989,14400.0,14400.0
2afe3d2e.qasm,64,success,42993.98471110003,14400.0,14400.0
2b148d98.qasm,16,success,1.743242,1.744451883003905,10.686387324823977
2b148d98.qasm,64,success,12.223726400000002,12.238581376803017,9.930616582115002
2b148d98.qasm,512,success,463.92748639999985,466.63489260803374,467.0505489829262
2b2951ed.qasm,16,success,2.0077434,1.9969795825660512,12.179525240858863
2b2951ed.qasm,64,success,11.446549900000003,11.48434524399749,10.550009846559515
2b2951ed.qasm,512,success,452.89710410000015,436.850968497582,488.2267548813327
2bc3295c.qasm,16,success,1.2265953,1.6135494595785722,1.1832565009838396
2bc3295c.qasm,64,success,2.2849539,2.2752954643385084,3.853341355868922
2bc3295c.qasm,512,success,247.46428770000006,223.32437573917753,98.31574592007706
2cbfff1b.qasm,16,success,1.6880952,1.6107185858488227,9.354745589761423
2cbfff1b.qasm,64,success,7.727305599999999,7.738838435401335,8.641551392074328
2cbfff1b.qasm,512,success,262.0564581000001,266.56005325093787,344.2548504609988
2cedce95.qasm,16,success,2.0571062,2.0410094821254505,12.337589670894378
2cedce95.qasm,64,success,12.120102900000001,12.166936100930632,10.765594595452605
2cedce95.qasm,512,success,487.45001670000016,490.4721916054343,506.97129454404717
2d399444.qasm,16,success,0.24198299999999998,0.1881214127590784,0.21438561482834215
2d399444.qasm,64,success,0.174648,0.19146534700763415,0.28773031156214285
2ea1bf91.qasm,16,success,4.1367724,4.8719618506917355,2.47032540712492
2ea1bf91.qasm,64,success,0.1732643,0.22568522948264125,2.9937470293809056
3026aed7.qasm,16,success,2.6565661,2.671228431051913,15.470572562669174
3026aed7.qasm,64,success,20.9371593,21.017775655845686,13.457715894773353
3026aed7.qasm,512,success,976.3809184000002,964.5835128824027,677.7125771922563
306ac152.qasm,16,success,0.1732208,0.2023872940307289,2.927736293929375
306ac152.qasm,64,success,4.8258445,5.058370152617449,4.953253086050675
306ac152.qasm,512,success,0.19620739999999998,0.20078028149207358,13.051491613302217
3099a023.qasm,16,success,0.1891862,0.23250210112315803,0.19353444427301797
3099a023.qasm,64,success,0.1662113,0.22899865324356294,0.22339271262463536
31b8fb3c.qasm,16,success,0.4341455,1.4004485220525225,0.7630575254695546
31b8fb3c.qasm,64,success,0.7438204,1.1479976017971365,1.5808220733833371
31b8fb3c.qasm,512,success,0.4242436,1.5301812557612549,1.5885322187572166
31fd025e.qasm,16,success,1.6643892,1.5392931164310195,9.325319035890628
31fd025e.qasm,64,success,7.7553806,7.72612711013437,8.607604663211143
31fd025e.qasm,512,success,267.4834676,261.5519423486538,344.88788799335566
320de9fb.qasm,16,success,31.2115921,81.91180173360569,83.52732142977614
320de9fb.qasm,64,success,323.8165090000001,31.50718262832248,31.55077941164412
320de9fb.qasm,512,timeout,14399.999999999989,1755.101294342534,557.5265636029098
32de9cc1.qasm,16,success,1.1081809,1.1006977963940512,3.238785135754927
32de9cc1.qasm,64,success,2.2914262,2.295085373422122,2.0637598247091846
32de9cc1.qasm,512,success,23.9661902,24.010285026137478,61.0591327578555
32f44532.qasm,16,success,9.8694186,6.810217351136397,7.170217831731087
32f44532.qasm,64,success,0.2578694,0.3442908559855612,3.926384011102731
336f664c.qasm,16,success,0.1830161,0.48724817043335483,8.068561562977239
336f664c.qasm,64,success,0.9599532,2.494354157213032,6.5712858070485405
33a2f9be.qasm,16,success,1.0288815,1.0850806049931894,5.185461769647162
33a2f9be.qasm,64,success,4.3299639,4.287055315115417,4.6953784435308155
33a2f9be.qasm,512,success,94.16065650000002,95.68885630059417,162.23183890785953
33c62fb8.qasm,16,success,30.588287800000003,52.77434152106799,7.927116365647215
33c62fb8.qasm,64,success,12.3254206,12.941755368579772,10.90784300980963
33c62fb8.qasm,512,success,30.066362499999993,9.509741213278348,7.5491640501633235
3436484d.qasm,16,success,1.3751076,1.4051409,7.440101320501604
3436484d.qasm,64,success,5.724491800000001,5.718801399999999,5.88311454870835
3436484d.qasm,512,success,133.89079619999998,134.09611699999996,213.60911012250102
36d0ea8f.qasm,16,success,0.21199920000000003,0.1751928939414552,1.566015435810813
36d0ea8f.qasm,64,success,0.4986337,0.5662157959577785,1.4131577132420114
36d0ea8f.qasm,512,success,0.24181749999999996,0.1757236038692158,3.199688049143617
36e23777.qasm,16,success,1.4011911,1.3947564318947248,9.212139806976817
36e23777.qasm,64,success,7.946151799999999,7.9066170723074976,8.6448366888702
36e23777.qasm,512,success,294.89537780000006,284.82876172335637,374.21192969496155
371eea68.qasm,16,success,0.1772997,0.22081878140661118,0.2165226309265737
371eea68.qasm,64,success,0.2752777,0.5531792450284151,0.6434787303327587
376d7d92.qasm,16,success,0.1843133,0.1983470417336788,0.9708640483442662
376d7d92.qasm,64,success,2.6315011,2.668334059731878,2.136929640538258
376d7d92.qasm,512,success,0.17325090000000004,0.20215936250121969,2.3722631813595263
37bd268c.qasm,16,success,0.2436995,0.2991537988201554,18.45035947169437
37bd268c.qasm,64,success,1.1299787,1.94484755166365,11.702364202108978
37bd268c.qasm,512,success,0.2388701,0.23122751186036852,37.01852986329285
3814b0b9.qasm,16,success,133.23585000000006,123.82037201440265,94.75189385408449
3814b0b9.qasm,64,success,255.78723799999995,170.27457500718458,14400.0
383bbcad.qasm,16,success,0.18195030000000004,0.1876195004359995,0.20010367671889412
383bbcad.qasm,64,success,0.6394028,0.5481870944432364,0.5459480591415726
383bbcad.qasm,512,success,0.1866326,0.19480681125866506,0.19931875541472463
3841ff5b.qasm,16,success,2.0053667,1.9908197,13.511783513336372
3841ff5b.qasm,64,success,15.528729499999997,15.381964099999996,12.315967095262668
3841ff5b.qasm,512,success,698.9163240000001,691.5553226999999,633.6930339243544
385fa1b6.qasm,16,success,3.8934353,3.294808780164188,7.171105480486781
385fa1b6.qasm,64,success,3.5853261,2.410372627208439,2.665064468865467
385fa1b6.qasm,512,success,3.8160909999999997,3.182261092660773,4.786341678466763
386534f5.qasm,16,success,1.7916922,1.794504870204865,10.205006160384743
386534f5.qasm,64,success,10.0276048,9.984411629474891,9.301380020273383
386534f5.qasm,512,success,387.70292720000015,372.9936847868343,413.14310052849925
3a8d3e53.qasm,16,success,0.2819158,3.8589322147205505,3.007638738586047
3a8d3e53.qasm,64,success,1.254632,2.8799311908789735,1.9093102636384354
3a8d3e53.qasm,512,success,0.2745265,2.6983640079760174,1.7034946228088583
3be98d6c.qasm,16,success,2.6949336,3.0311368105873635,9.326960946003174
3be98d6c.qasm,64,success,18.448310400000004,6.789673015867766,5.9789265519077714
3be98d6c.qasm,512,success,485.3121658,396.51597384137614,75.76897386562823
3c1f4948.qasm,16,success,0.1785881,0.22949629588502388,0.30208399665663577
3c1f4948.qasm,64,success,0.21056039999999998,0.18096166791041665,0.2536209744496902
3c1f4948.qasm,512,success,0.17540579999999997,0.19755694677748303,0.2776343414313051
3c2f55c1.qasm,16,timeout,14399.999999999989,14400.0,1893.0017334220277
3c2f55c1.qasm,64,success,10512.19065499999,3763.145143386647,1893.0017334220277
3c890561.qasm,16,success,16.929373900000005,5.2616973841057915,2.499759585022834
3c890561.qasm,64,success,1.2557023,1.5123560839879946,2.8938681639119386
3c890561.qasm,512,success,17.211887000000004,10.066574366853937,30.961644378520507
3ccd19ee.qasm,16,success,2.046703,2.0554772050102867,12.337589670894378
3ccd19ee.qasm,64,success,12.164556399999997,12.165875517464217,10.765594595452605
3ccd19ee.qasm,512,success,483.04813420000016,484.17837115680226,505.7711539179828
3db115f1.qasm,16,success,0.2136195,0.2433845646731574,0.24064453958687157
3db115f1.qasm,64,success,0.2706139,0.5139251556632708,0.5058999572061604
3db115f1.qasm,512,success,0.17478360000000004,0.3767641457125771,0.2998976820800972
3e2fde05.qasm,16,success,1.4735673,1.4435718533900452,9.323166032802176
3e2fde05.qasm,64,success,8.440909600000001,8.495150305071359,8.382700104848313
3e2fde05.qasm,512,success,314.5541481999999,308.3294568268771,354.21695373541013
3e730381.qasm,16,success,0.1677842,0.18112001124547636,0.5426055836922322
3e730381.qasm,64,success,1.4118832,1.5008681505177361,1.0303354015432784
3eb6cff0.qasm,16,success,13.542158100000002,115.51873675501187,7.718178143015758
3eb6cff0.qasm,64,success,12.568248899999999,56.79052126326001,11.718558933768438
3eb6cff0.qasm,512,success,13.965547100000002,17.355017853172054,14400.0
3eca4614.qasm,16,success,1.7950401,1.7928306383190689,10.190033650654112
3eca4614.qasm,64,success,9.9800103,9.989704110420972,9.264841277254241
3eca4614.qasm,512,success,372.2380488000001,373.8481819776557,413.6588059482846
3ee85ccf.qasm,16,success,1.0895266,1.1003622145333236,3.464083649978005
3ee85ccf.qasm,64,success,2.564209,2.5671231189360277,2.2635451661517454
3ee85ccf.qasm,512,success,34.452299200000006,34.43123193137634,101.42860509999983
3f072f57.qasm,16,success,1.2063047,1.0796068341250438,5.192285129137864
3f072f57.qasm,64,success,4.3106777,4.324224602127517,4.6953784435308155
3f072f57.qasm,512,success,94.2666482,95.37285179536482,162.17932408036185
3f858470.qasm,16,success,0.4377763,2.020200998424686,2.195592791629887
3f858470.qasm,64,success,0.7186984,2.0960357416813786,1.2595321362895762
3f858470.qasm,512,success,0.4335088,2.4862411612598536,1.7290944255586633
40b719e2.qasm,16,success,240.8145595,237.20498909835183,100.0189501744023
40b719e2.qasm,64,success,419.87369199999995,263.42001358274564,14400.0
40b719e2.qasm,512,timeout,14399.999999999989,12149.265868671313,14400.0
40e78b26.qasm,16,success,0.1820556,0.20881999709057092,0.2259150735364541
40e78b26.qasm,64,success,0.1782775,0.26593579425785396,0.35895146347221685
41bd27aa.qasm,16,success,1.101841,1.7354930016474113,3.066862098099961
41bd27aa.qasm,64,success,4.6966688,4.383844028837612,2.734298371948643
41bd27aa.qasm,512,success,153.17248469999996,213.07136115542778,47.17588785278421
42a256ea.qasm,16,success,1.735077,1.7393687776569062,10.403949164435915
42a256ea.qasm,64,success,10.099978700000001,10.07095386973667,9.589636999339081
42a256ea.qasm,512,success,403.5172516000002,403.16150653953525,485.0244531259128
42a71e24.qasm,16,success,16.5057448,3.0949054305603623,5.081088994408796
42a71e24.qasm,64,success,30.1654734,15.562383629263444,11.038533536957573
42a71e24.qasm,512,success,1844.9185097000002,1205.102986974936,542.8861804210532
42fa6cae.qasm,16,success,1.9149404,1.9548388479224392,12.206918314344255
42fa6cae.qasm,64,success,14.109905799999998,14.114496169585967,11.016954162525034
42fa6cae.qasm,512,success,563.9146286000002,556.7010265635217,438.37248690880693
43168c33.qasm,16,success,0.17956979999999997,0.18639660967047839,0.19393864370129998
43168c33.qasm,64,success,0.1776479,0.18809941422788112,0.25570060836167896
43168c33.qasm,512,success,0.1781855,0.19081921570750207,0.19693562200103268
4318a3ef.qasm,16,success,1.5160106,1.6198968312819946,9.317997210018985
4318a3ef.qasm,64,success,7.7249488,7.741612609874316,8.607604663211143
4318a3ef.qasm,512,success,261.0483979000001,266.5590261651825,344.68456619857983
4327c91d.qasm,16,success,1.7815141,1.725612202955635,10.686387324823977
4327c91d.qasm,64,success,12.242160500000002,12.229363550172883,10.04044054296936
4327c91d.qasm,512,success,470.9695791000001,464.92815765915225,468.65476210584137
432efc30.qasm,16,success,0.1794426,0.24163234904010672,0.32897499350415865
432efc30.qasm,64,success,0.1695758,0.2412532354694515,0.3617422955174937
432efc30.qasm,512,success,0.17470619999999998,0.2380175655100839,0.31587243348287836
445caba2.qasm,16,success,0.18654210000000002,0.18111401708839142,0.29112072667908057
445caba2.qasm,64,success,0.1677918,0.19910723839504416,0.3560398985084658
445caba2.qasm,512,success,0.1767249,0.18417482508976782,0.322892597990554
448ebca1.qasm,16,success,0.1762951,0.24764125804222353,0.2648338759084409
448ebca1.qasm,64,success,0.2993708,0.2435170397862905,0.2999655693597046
448ebca1.qasm,512,success,0.18492459999999997,0.3620093609484627,0.24188799914959674
46073cb3.qasm,16,success,81.2164082,121.9888904811255,4.089771102690838
46073cb3.qasm,64,success,28.287276099999993,31.0050478601202,8.31879078802067
46073cb3.qasm,512,success,82.40704189999998,16.0158907483242,14400.0
46188cf9.qasm,16,success,2.0354675,2.0554772050102867,12.270307530959569
46188cf9.qasm,64,success,12.1403033,12.178021547603295,10.770563314856272
46188cf9.qasm,512,success,496.7963674000002,481.98724416499505,500.1721096628045
46de7f9b.qasm,16,success,7.0660452,5.884434511607034,5.520514671460851
46de7f9b.qasm,64,success,0.17458329999999997,0.18851196271331358,2.556942255273646
4737100f.qasm,16,success,118.890095,110.67809256422616,28.41909069918298
4737100f.qasm,64,success,214.64638220000006,243.26047883638955,75.53208965448378
4737100f.qasm,512,timeout,14399.999999999989,14400.0,14400.0
474aa01a.qasm,16,success,1.7337241,1.7544678,11.864314405214863
474aa01a.qasm,64,success,13.154595900000004,13.180583699999998,10.99273464093734
474aa01a.qasm,512,success,584.1059148999998,577.6552693999998,615.3696892633299
4846208f.qasm,16,success,4.935263999999999,0.34843442751584175,0.39576093514263433
4846208f.qasm,64,success,0.23925899999999997,0.2450277924498832,0.3796919214495875
4a262567.qasm,16,success,1.8019782,1.7910647401342685,10.168321694273525
4a262567.qasm,64,success,9.9888149,9.985042482658143,9.264841277254241
4a262567.qasm,512,success,371.86355819999983,380.42833210238604,413.6588059482846
4a5eba47.qasm,16,success,0.1833999,0.17885287834963234,2.551886268692236
4a5eba47.qasm,64,success,5.2547247,4.271921309913073,4.520651876024192
4a5eba47.qasm,512,success,0.1847617,0.17847512913558541,9.290388068151394
4ae57e38.qasm,16,success,16.3446989,1.5931771180877314,1.5206533406830582
4ae57e38.qasm,64,success,2.3998315,2.1516834594749996,2.4510016433545974
4ae57e38.qasm,512,success,37.56116829999999,56.31250288333708,104.0947644129327
4cbdcf4f.qasm,16,success,1.1965732,1.2071885015645196,4.553028499713035
4cbdcf4f.qasm,64,success,4.1559375,4.165793897510053,4.454687904476096
4cbdcf4f.qasm,512,success,94.93661020000002,91.8529027451716,141.76325599402912
4d59437e.qasm,16,timeout,14399.999999999989,14400.0,14400.0
4d59437e.qasm,64,timeout,14399.999999999989,14400.0,14400.0
4d78cdd5.qasm,16,success,0.1960339,0.19587633407423777,0.18986228100307054
4d78cdd5.qasm,64,success,0.17771010000000004,0.1698599575487963,0.18228873779343854
4dc2ff13.qasm,16,success,0.179415,0.18683518993072407,0.20384437766229477
4dc2ff13.qasm,64,success,0.6179387,0.6077255708426413,0.4901252173520449
4dc2ff13.qasm,512,success,0.18002370000000004,0.18971951895952696,0.22170300803905726
4e8df7a8.qasm,16,timeout,14399.999999999989,14400.0,14400.0
4e8df7a8.qasm,64,timeout,14399.999999999989,14400.0,14400.0
4f476879.qasm,16,success,1.1168596,1.1414251295623117,5.975173291974825
4f476879.qasm,64,success,5.087435700000001,5.077599979401663,5.348968949668146
4f476879.qasm,512,success,148.26441930000004,144.37594517231096,208.39308769911517
4f48ab57.qasm,16,success,0.5463127,0.5475853302337245,0.7730157850041288
4f48ab57.qasm,64,success,0.4028144,0.6788689978963169,0.8433089960286695
4f48ab57.qasm,512,success,0.9204006,0.8454061431480685,1.3074431416302734
4f9a3ab1.qasm,16,success,0.1827227,0.17774975108655044,0.20523146897658268
4f9a3ab1.qasm,64,success,0.2759283,0.27263628811777035,0.43979518792228856
4f9a3ab1.qasm,512,success,0.17816029999999997,0.1841187678400817,0.2077398948597039
4fd60583.qasm,16,success,69.0350985,79.76625734651917,45.362106850734556
4fd60583.qasm,64,success,3.5823552,4.240074942408369,14400.0
4ffb1090.qasm,16,success,1.9565706999999999,12.435103817514081,6.030410418476419
4ffb1090.qasm,64,success,2.7308021,9.310999117902874,6.6727372492341726
4ffb1090.qasm,512,success,1.9538451,5.8869145680364605,14400.0
5050d142.qasm,16,success,0.21214299999999997,0.24592963904819712,0.322396513814023
5050d142.qasm,64,success,1.9698752999999998,1.7870450629741,0.5551703467997893
51b16166.qasm,16,success,1.2138746,1.1978284,4.550334491206802
51b16166.qasm,64,success,4.156859,4.174748,4.436038423544222
51b16166.qasm,512,success,91.95425450000003,92.09334020000001,141.76325599402912
51b543de.qasm,16,success,2.9811427,2.989781,17.26167270804086
51b543de.qasm,64,success,23.505974599999995,23.563448199999996,14.727493800720529
51b543de.qasm,512,success,1080.9138732999998,1083.7143292999995,706.9034449264211
52b00428.qasm,16,success,2.009074,2.0015231,13.511783513336372
52b00428.qasm,64,success,7.728845400000001,15.542053600000003,12.315967095262668
52b00428.qasm,512,success,691.5553226999999,695.6832452000001,633.6930339243544
53442dc5.qasm,16,success,0.1755131,0.2120608748418563,0.31517515259398843
53442dc5.qasm,64,success,0.2352298,0.21527860622531844,0.3823259209551929
53442dc5.qasm,512,success,0.18592699999999998,0.19443002320311373,0.3186752907095846
5357322a.qasm,16,success,1.9833841000000003,2.1482525627940445,1.718437101775417
5357322a.qasm,64,success,0.1795194,0.1723434187019601,1.4413042528530093
5385a9e9.qasm,16,success,1.7063132,1.690588042411344,10.636791491960228
5385a9e9.qasm,64,success,10.5206042,10.517696392935509,9.528524460866869
5385a9e9.qasm,512,success,406.11038670000005,406.4068999725259,427.49148745403966
53e971c2.qasm,16,success,0.1748129,0.2352269779336809,0.29635560966237123
53e971c2.qasm,64,success,0.1728286,0.2242271199582629,0.38796103462004866
53e971c2.qasm,512,success,0.1791764,0.1968792188329034,0.2893668049078277
54c8f710.qasm,16,success,0.5430322,0.8111979960564472,1.019769070107888
54c8f710.qasm,64,success,0.5765128,0.6648678831303924,0.8089067227107598
54c8f710.qasm,512,success,0.5371048,0.9787811179928045,0.9610531153086962
54f0b8c5.qasm,16,success,0.18011680000000002,0.4972767821714965,0.3791912131285375
54f0b8c5.qasm,64,success,0.2660724,0.6144414689886282,0.7286336687855532
54f0b8c5.qasm,512,success,0.1865154,1.5195920938789198,1.3195387799294265
551cc6ea.qasm,16,success,4.0511647,3.9634264404840027,1.6176143843378128
551cc6ea.qasm,64,success,0.6177918,3.9265594827531984,4.781371217531857
551cc6ea.qasm,512,success,903.4430423000003,737.334356121881,130.2044378728728
568c1ef9.qasm,16,success,0.1891656,0.18343383733307483,0.20127065834587585
568c1ef9.qasm,64,success,0.24343100000000004,0.27846083310906805,0.44772401680245494
568c1ef9.qasm,512,success,0.1862508,0.1836295413908591,0.20092353075439628
574915eb.qasm,16,success,1.6900419,1.1318758340761816,3.183949312403202
574915eb.qasm,64,success,6.495244199999999,5.142124548823538,3.659035188456203
574915eb.qasm,512,success,257.82087350000006,131.41108118295452,40.08573459415412
577f5adb.qasm,16,success,1.1850882,1.0094036484602358,0.41901902214068454
577f5adb.qasm,64,success,5.6904274,3.9376951062959056,1.2496942665855741
587be285.qasm,16,success,1.3891152,1.3970083,9.212139806976817
587be285.qasm,64,success,7.918703600000001,7.96335,8.6448366888702
587be285.qasm,512,success,284.79549880000013,284.6133111999999,374.21192969496155
588e0101.qasm,16,success,0.22066920000000004,0.6155660992380941,0.34511633218692833
588e0101.qasm,64,success,0.48802539999999994,0.9491776506213604,0.47878615329862173
588e0101.qasm,512,success,9.7979156,6.320590637858434,0.8640300902808536
591d39f6.qasm,16,success,2.6787045,2.67300526038788,15.470572562669174
591d39f6.qasm,64,success,20.992547700000003,21.021625051390966,13.47760928188443
591d39f6.qasm,512,success,981.4918502999997,958.9771175693214,677.9010090263373
59267ce4.qasm,16,success,0.2185542,0.21286850721834216,0.22397752739435506
59267ce4.qasm,64,success,0.2873506,0.35785642979856985,0.2891577255699854
59267ce4.qasm,512,success,0.2381152,0.25407854933832763,0.24273206683524004
5a4964e2.qasm,16,success,3.0040687,2.989781,17.26167270804086
5a4964e2.qasm,64,success,23.571399400000004,23.563448199999996,14.727493800720529
5a4964e2.qasm,512,success,1113.7247560999997,1083.7143292999995,706.9034449264211
5a741dbe.qasm,16,success,1607.2905075999995,255.30028809928345,255.30028809928345
5a741dbe.qasm,64,success,63.61018129999999,186.37259047056216,186.37259047056216
5a9f20b0.qasm,16,success,1.9873639,1.9149404,12.210033351389797
5a9f20b0.qasm,64,success,14.174923699999999,14.099032299999998,11.016954162525034
5a9f20b0.qasm,512,success,556.7358081999998,559.5118791999997,438.37248690880693
5b419375.qasm,16,success,5.069990999999999,3.6571627692727544,7.026954450811097
5b419375.qasm,64,success,18.199755699999997,11.894900341032574,4.890267520643876
5b419375.qasm,512,success,735.2598270999999,476.0140429672953,82.23896666785959
5b482142.qasm,16,success,0.18248999999999999,0.18524607881354455,0.19605322578152826
5b482142.qasm,64,success,0.176904,0.20178596122611858,0.1795188038328155
5b58ce32.qasm,16,success,0.23533430000000002,0.21127409891658872,0.1915654223083232
5b58ce32.qasm,64,success,0.1714296,0.20316199750633376,0.23316055012217954
5c176f37.qasm,16,success,2.1709223,1.9218765363835437,1.1639480681270227
5c176f37.qasm,64,success,0.177055,7.817576528794424,3.8765209851517124
5c176f37.qasm,512,success,218.88470399999989,449.59178495459054,105.07007982382457
5c2359c8.qasm,16,success,18.8537477,6.923236975814617,2.7938996105651586
5c2359c8.qasm,64,success,0.8920383,1.7829105244346344,2.9758810217420053
5c2359c8.qasm,512,success,26.214138599999995,15.051872447709185,33.12458437204976
5cfcb9cd.qasm,16,success,45.6465889,22.509612299868948,10.365125963996356
5cfcb9cd.qasm,64,success,42.3598636,23.281849614368753,5.583642148360832
5cfcb9cd.qasm,512,success,45.74182770000001,22.00036863841814,6.071151841742992
5d14d092.qasm,16,success,1.8427508,1.8436062174558299,11.118069281183997
5d14d092.qasm,64,success,10.707354900000002,10.67540469693702,10.363810169293908
5d14d092.qasm,512,success,449.6638395999999,437.1049635610427,516.0731790815614
5d2b11a2.qasm,16,success,1.7544678,1.7579763,11.845751113882905
5d2b11a2.qasm,64,success,6.910084599999999,13.180583699999998,11.068736885625613
5d2b11a2.qasm,512,success,578.8071934000002,577.6552693999998,615.3696892633299
5d565485.qasm,16,success,1.7579763,1.7514824100408146,11.879145405222514
5d565485.qasm,64,success,13.180583699999998,13.182296883596946,11.06511530406151
5d565485.qasm,512,success,577.6552693999998,576.5725416418635,615.3696892633299
5da1db4b.qasm,16,success,1.6695542,1.6559996,9.948797695246691
5da1db4b.qasm,64,success,9.5052925,9.5001241,8.795336855903347
5da1db4b.qasm,512,success,340.80459760000014,344.19865939999994,395.74459203713036
5e3dc35d.qasm,16,success,0.1754587,0.20748346533325152,0.2688338744446318
5e3dc35d.qasm,64,success,0.1674483,0.17122887533554607,0.26041498324135787
5e3dc35d.qasm,512,success,0.1802698,0.1994984698848542,0.26310308843007163
5e4c8439.qasm,16,success,1.1020779,1.0973482797844447,3.4646008812460836
5e4c8439.qasm,64,success,2.5658197,2.5663172333296598,2.2540179102543476
5e4c8439.qasm,512,success,34.3699009,34.45395076041408,101.42860509999983
5e6b0a76.qasm,16,success,0.9429384,1.2111391322455287,1.1649793222352198
5e6b0a76.qasm,64,success,0.8332049,0.5036966183681887,0.5359004422983624
5eaee29f.qasm,16,success,0.9021112,0.49438807608695046,0.5413465085108938
5eaee29f.qasm,64,success,0.1723742,0.2839940679464072,0.30279982810901945
5eaee29f.qasm,512,success,0.8121324,0.3367934718552036,0.40592500032165435
5ed4dd47.qasm,16,success,0.1778839,0.20162949645024084,0.19577517323322935
5ed4dd47.qasm,64,success,0.1692181,0.16988169028802017,0.21061331149473894
5ed4dd47.qasm,512,success,0.1719626,0.189996725326149,0.19009973221459042
5ee9c404.qasm,16,success,0.6110617,0.18372098672828419,0.5878233195829159
5ee9c404.qasm,64,success,0.3699508,0.16776666349505695,0.40371575950575594
5ee9c404.qasm,512,success,0.602949,0.17714218002538643,0.45021905762349856
5ef5ff7c.qasm,16,success,1.9424587,1.9149404,12.219356422196503
5ef5ff7c.qasm,64,success,14.129976999999997,14.099032299999998,11.016954162525034
5ef5ff7c.qasm,512,success,549.4164624999999,559.5118791999997,436.9086960263563
5f0ad979.qasm,16,success,1.4398049,1.454516236390158,9.323166032802176
5f0ad979.qasm,64,success,8.5335451,8.458707687190714,8.382700104848313
5f0ad979.qasm,512,success,314.93001089999996,312.767446173477,354.21695373541013
5f39af5c.qasm,16,success,1.206501,1.6737280693429284,5.1300221033122595
5f39af5c.qasm,64,success,1.2441665,1.4107901594013155,1.5755191501489116
5f39af5c.qasm,512,success,1.2038937,1.6142773860216302,4.812591304624502
5f6a8a9b.qasm,16,success,0.21687830000000002,0.18940895268747238,0.23439028154764432
5f6a8a9b.qasm,64,success,0.1669181,0.210047713939945,0.3039009098710504
5f6a8a9b.qasm,512,success,0.2251206,0.18417697456678078,0.20486090008192562
5f79d6db.qasm,16,success,1.4444159,1.4483747506551576,9.317736546739878
5f79d6db.qasm,64,success,8.4894781,8.475603631106608,8.382700104848313
5f79d6db.qasm,512,success,309.13355079999997,311.02095824382377,354.21695373541013
613afa2d.qasm,16,success,1.1619439,1.1132238238760386,5.192285129137864
613afa2d.qasm,64,success,4.2897754,4.280238434015188,4.6953784435308155
613afa2d.qasm,512,success,94.37437180000002,95.4199386897164,162.42108902897886
622c4417.qasm,16,success,1.8900389,1.9424587,12.210033351389797
622c4417.qasm,64,success,14.084895399999999,14.129976999999997,11.016954162525034
622c4417.qasm,512,success,556.6662470999999,556.7358081999998,436.87193052255765
635bd24f.qasm,16,success,9.4363397,6.519385928022531,7.124681840369649
635bd24f.qasm,64,success,0.2822097,0.3732987912674332,4.131201730389246
637811d8.qasm,16,success,1.9822721,2.0030393894064487,12.150778385848398
637811d8.qasm,64,success,11.433697700000002,11.48434524399749,10.57499880555801
637811d8.qasm,512,success,435.3994821999999,437.3794727136141,488.22989893730164
63aaa50d.qasm,16,success,0.1790994,0.3388144767101245,0.39587997678137854
63aaa50d.qasm,64,success,0.3013606,0.43120589204644366,0.6234977347958137
63aaa50d.qasm,512,success,0.1729242,0.4449249421959587,0.8877465163972165
64273f69.qasm,16,success,1.3970083,1.3949647402921792,9.212139806976817
64273f69.qasm,64,success,7.9696109,7.907261087110083,8.627915805300926
64273f69.qasm,512,success,282.52643209999997,284.7612207064936,374.21192969496155
6457f235.qasm,16,success,0.22334520000000002,0.913129154880898,1.0066571690205024
6457f235.qasm,64,success,1.0101255,1.9769352400584999,1.4549325279488454
6457f235.qasm,512,success,20.677099000000002,11.670409998503617,1.890797116064047
64731b8d.qasm,16,success,2.0507906,2.0660882,12.116131150534803
64731b8d.qasm,64,success,12.590871699999997,12.521304800000003,10.677806507181579
64731b8d.qasm,512,success,496.20632519999975,503.3593403000002,429.6888560229419
64f32748.qasm,16,success,1.9956137,1.9959795970387841,12.178842588747148
64f32748.qasm,64,success,11.509393199999998,11.464373559221247,10.550009846559515
64f32748.qasm,512,success,437.9071593999999,443.9172386535867,488.2267548813327
6533abd6.qasm,16,success,9723.491495600001,618.8248516854824,487.7354614536011
6533abd6.qasm,64,success,232.80990819999994,143.40523380543516,72.94323335323082
6533abd6.qasm,512,timeout,14399.999999999989,14400.0,4329.002807507578
65dcd512.qasm,16,success,0.5612492,2.6469363563153965,1.5311928106255461
65dcd512.qasm,64,success,0.5177774,0.5298255876442749,1.2821284087946554
65dcd512.qasm,512,success,0.5506512,4.635906502456269,15.743162999654812
661be484.qasm,16,success,879.1681902999999,642.6325608042085,40.240522695778246
661be484.qasm,64,success,505.07029809999983,863.8074052015086,14400.0
661be484.qasm,512,timeout,14399.999999999989,14400.0,14400.0
66343f14.qasm,16,success,0.1837175,0.19241289765314581,0.22348747790853182
66343f14.qasm,64,success,0.17714659999999996,0.186252445151237,0.3330952310512611
6694b099.qasm,16,success,13.838370900000003,10.789203644036109,10.43743923402183
6694b099.qasm,64,success,13.804308500000001,6.0220169938585135,2.2244829750413144
6694b099.qasm,512,success,13.781358199999998,9.10598190811217,8.543318116343816
67346cae.qasm,16,success,0.179131,0.22248770210341173,0.19695733456975711
67346cae.qasm,64,success,0.1538984,0.2521509425605644,0.4327384142787152
6740a375.qasm,16,success,0.1709286,0.1771016660972863,10.23424287368793
6740a375.qasm,64,success,10.014619999999999,9.972505655661378,11.991962352326825
6785591a.qasm,16,success,0.21514669999999997,0.18504177619549847,0.193901053687728
6785591a.qasm,64,success,1.0548189,1.0544524029682636,0.8034349139501206
6785591a.qasm,512,success,0.22718,0.18414400575288126,0.19361487406889463
67b5fe45.qasm,16,success,397.968539,335.96578804972154,14400.0
67b5fe45.qasm,64,success,113.48249140000004,100.03493274192724,14400.0
67b5fe45.qasm,512,success,1642.6080189999993,764.0752532066356,14400.0
67f3547d.qasm,16,success,1.4342771,1.8763259498502274,0.5877929650504232
67f3547d.qasm,64,success,1.2461029,1.3227986540055068,0.6172531595725687
67f3547d.qasm,512,success,1.4320807,2.225378212344709,0.5035476681332453
68528bdf.qasm,16,success,0.18044680000000002,0.20219994976464575,0.28024162275129777
68528bdf.qasm,64,success,0.16605900000000004,0.2201456716886923,0.27705914350460176
68528bdf.qasm,512,success,0.1813397,0.208731149551275,0.33884950789635393
699bd83c.qasm,16,success,724.0946028,461.55175001459446,82.6322260354712
699bd83c.qasm,64,success,1079.0000190999995,301.68058166567585,93.32243013136694
699bd83c.qasm,512,timeout,14399.999999999989,14400.0,14400.0
69c7223c.qasm,16,success,0.9718195,1.2993934429614675,0.9733739056828576
69c7223c.qasm,64,success,5.8605898,5.435617860048856,2.9159022577158313
69c7223c.qasm,512,success,278.43948709999995,174.5910366288305,43.239199178735156
69c8191e.qasm,16,success,0.1765269,0.16863447009156035,4.118781690191833
69c8191e.qasm,64,success,1.0784193,1.0495298976317635,3.2212405314056225
69c8191e.qasm,512,success,0.1721093,0.16993270199910754,9.812391185364909
69cf1b12.qasm,16,success,1.8664405,1.8580611107067064,11.118069281183997
69cf1b12.qasm,64,success,10.711429399999998,10.659817058983013,10.363810169293908
69cf1b12.qasm,512,success,436.15847559999986,441.17787317955134,515.9297295006345
69e799fa.qasm,16,success,1.7161594,1.7383957,10.373945500185224
69e799fa.qasm,64,success,10.0683018,10.090619899999998,9.574197260001341
69e799fa.qasm,512,success,403.8135676999998,402.51049830000005,485.0244531259128
6a5034af.qasm,16,success,6.6179706,24.32110068339741,14.62777299230144
6a5034af.qasm,64,success,4.0574428,15.52559773579497,15.295540519550695
6a5034af.qasm,512,success,6.5558647,9.644211922128466,7.601388629697036
6bc3891b.qasm,16,success,0.17711910000000003,0.2619071477396222,0.24432633351812785
6bc3891b.qasm,64,success,0.31236659999999994,0.28500746772704316,0.30636400078087056
6bc3891b.qasm,512,success,0.17175660000000004,0.22749569741867848,0.2003247478454648
6c69bcc7.qasm,16,success,1.8685516,1.8740263446182714,11.99660486647114
6c69bcc7.qasm,64,success,11.340408599999998,11.326042768164493,10.861714264250688
6c69bcc7.qasm,512,success,472.5519850000001,464.0459806548927,534.3812368870038
6c848dc7.qasm,16,success,0.1774831,0.31687093089676927,0.4044651815534898
6c848dc7.qasm,64,success,0.3084388,0.3275804282448604,0.4081425908029565
6c848dc7.qasm,512,success,0.1831113,0.22867127659633138,0.3425241682469474
6d2833ea.qasm,16,success,1.8673472,1.8438386609967146,11.120906458987104
6d2833ea.qasm,64,success,10.6146131,10.651214361620315,10.364947089692626
6d2833ea.qasm,512,success,436.21131729999996,438.522069142912,516.0731790815614
6da6ce61.qasm,16,success,2.6050772,2.5668699,14.316542116065882
6da6ce61.qasm,64,success,18.417722099999995,18.3950709,11.985555477826878
6da6ce61.qasm,512,success,709.6141829000002,704.7077987999999,479.75217764151574
6de17b5a.qasm,16,success,10.0667903,2.343145486482162,32.09225114888013
6de17b5a.qasm,64,success,53.133645300000005,12.688010680754825,13.204622439371011
6de17b5a.qasm,512,success,1966.0381447999994,340.6352681134692,147.00358485152813
6ee18f92.qasm,16,success,0.172242,0.18571733099917523,0.2898203081377463
6ee18f92.qasm,64,success,1.1563193,1.000403110187224,0.33223856675414154
6f16ddc6.qasm,16,success,0.18066420000000002,0.18722264470244537,0.2012474364039846
6f16ddc6.qasm,64,success,0.1723963,0.16962869033926517,0.22986240613010653
6f6328cc.qasm,16,success,6.304043,6.090423375888787,5.485423773116768
6f6328cc.qasm,64,success,0.2283101,0.23402663576295554,2.852394865911403
6fef948c.qasm,16,success,10.714402200000004,7.5306639686127985,9.494728054662824
6fef948c.qasm,64,success,0.5896737,2.3900125736868048,2.394860884498253
6fef948c.qasm,512,success,7.8826795,34.128939487495884,25.610468730440466
700c376b.qasm,16,success,2.0538495,2.041682471010657,12.345326076571281
700c376b.qasm,64,success,12.202639099999999,12.070631429742143,10.849357067556452
700c376b.qasm,512,success,480.9286841000001,489.5804933937173,507.01395934751326
7063be19.qasm,16,success,1.984057,2.0015231,13.55301514859104
7063be19.qasm,64,success,15.381964099999996,15.542053600000003,12.315967095262668
7063be19.qasm,512,success,699.658068,695.6832452000001,633.5061729794809
70d5d461.qasm,16,success,7.1855928,2.4106447938672666,0.5695929141650738
70d5d461.qasm,64,success,0.1600138,2.193517382579181,1.5784305201974405
70d5d461.qasm,512,success,8.8462365,14.334842173253252,0.6904576579626402
711cdd0b.qasm,16,success,1.5356056,1.5300053878219129,8.535857127642096
711cdd0b.qasm,64,success,6.9356012,6.878515330720313,7.935727463513682
711cdd0b.qasm,512,success,204.2237956,205.0847775005385,314.52779214172193
72b5f996.qasm,16,success,0.1764023,0.24122179662762508,5.69356255178453
72b5f996.qasm,64,success,0.6280924,1.0465545955281272,5.689021379192364
72b5f996.qasm,512,success,0.1757353,0.22964229238579967,17.62267706026973
72cc2f13.qasm,16,success,15.445616199999996,10.753174537054369,17.351856361886213
72cc2f13.qasm,64,success,25.191536599999996,0.664630369954552,1.2742329355427873
72d8892d.qasm,16,success,0.955442,1.0327290249564334,2.6779262316449506
72d8892d.qasm,64,success,5.2796491,2.1356666458675133,3.0290479166018196
72d8892d.qasm,512,success,142.81771470000007,31.61731613775567,15.587432482671284
73191d24.qasm,16,success,0.1741543,0.27735529481533533,0.28626669888186335
73191d24.qasm,64,success,0.1658449,0.3178487802558366,0.5129846674881587
73191d24.qasm,512,success,0.1710847,0.306084492667653,0.38655035057711024
7337baba.qasm,16,success,0.17470819999999998,0.1870005454026904,0.1963490920057246
7337baba.qasm,64,success,0.1769813,0.18485382876169362,0.35258904933120105
733f4518.qasm,16,success,280.2611961999999,329.5885652119951,20.2328116648144
733f4518.qasm,64,success,27.346887899999995,40.379336851239515,14400.0
733f4518.qasm,512,success,11435.180826499996,14400.0,14400.0
73f498a0.qasm,16,success,0.586508,0.3308615091695219,0.567922477036409
73f498a0.qasm,64,success,0.9841235,0.5222522488792998,0.7321573527652742
73f498a0.qasm,512,success,1.3402632,0.24059487507622737,0.6074110735318092
742bfb51.qasm,16,timeout,14399.999999999989,14400.0,14400.0
742bfb51.qasm,64,timeout,14399.999999999989,14400.0,14400.0
749ea355.qasm,16,success,0.22915330000000003,0.47962300027156624,55.0227022087038
749ea355.qasm,64,success,2.3689134,2.9706678257841164,28.367041902955766
749ea355.qasm,512,success,0.2225618,0.437366267771911,69.43001051246321
7513561e.qasm,16,success,1.7643061,1.7544678,11.845751113882905
7513561e.qasm,64,success,13.212665399999999,13.180583699999998,11.068736885625613
7513561e.qasm,512,success,574.2641708,577.6552693999998,615.3592789422325
75137edd.qasm,16,success,4.2534029,1.564600371096704,1.8600824586487912
75137edd.qasm,64,success,0.1687236,0.6448251258768254,0.8279341964118654
75137edd.qasm,512,success,6.0661241,3.0232066751949205,11.27593640495373
751d7ced.qasm,16,success,2.1812843,2.1967006,12.843967535971977
751d7ced.qasm,64,success,12.570806900000001,12.6793433,11.557481005295006
751d7ced.qasm,512,success,525.1337435000002,524.4238940999999,582.5968801738563
752a65aa.qasm,16,success,1.7403424,1.7383957,10.418348057881182
752a65aa.qasm,64,success,10.069334200000002,10.090619899999998,9.661068856263158
752a65aa.qasm,512,success,411.4862542999999,402.51049830000005,485.0244531259128
7548d858.qasm,16,success,0.5394256,0.5425538,2.3122938296638424
7548d858.qasm,64,success,1.3349159,1.3424396,1.1830652427334372
7548d858.qasm,512,success,3.4632725999999994,3.4716296,2.5637390343316144
758554e0.qasm,16,success,755.0281160999999,14400.0,100.0
758554e0.qasm,64,success,590.6946547999999,482.9813331826803,100.0
758554e0.qasm,512,success,592.4959399000002,100.0,100.0
75bd5cbf.qasm,16,success,42.215876699999995,8.334748716878654,1.2991858090046953
75bd5cbf.qasm,64,success,15.9747854,5.333765509747373,2.539505417683003
75bd5cbf.qasm,512,success,41.622736499999995,25.564647862115503,43.81075733563877
76034335.qasm,16,success,0.16997750000000003,0.36856663178389915,0.44332843995422677
76034335.qasm,64,success,0.7581466,0.402927192288728,0.5731653966977861
76034335.qasm,512,success,0.246009,0.39146419007261235,0.4202092297473781
76d0b692.qasm,16,success,22.912727,26.113905398119687,41.3446514329344
76d0b692.qasm,64,success,4.2618177,1.689741379446485,14400.0
77a3a480.qasm,16,success,1.6496207,1.6418214,9.855088964028099
77a3a480.qasm,64,success,8.934466900000002,8.898883499999998,9.231975964283535
77a3a480.qasm,512,success,343.5808607,336.9242883,411.6372779772648
78adf5c7.qasm,16,success,4.0229352,3.7593277945914836,6.065382971856551
78adf5c7.qasm,64,success,10.8530249,11.243294418692042,4.215790992963509
78adf5c7.qasm,512,success,527.2902871999997,418.3600901342596,81.1896253352241
78f96e37.qasm,16,success,1.3827565,1.4051409,7.440101320501604
78f96e37.qasm,64,success,5.7355776999999994,5.718801399999999,5.88311454870835
78f96e37.qasm,512,success,134.27502299999998,134.09611699999996,213.60911012250102
79b12d71.qasm,16,success,1.6729174,1.6569814589229537,9.957051945470724
79b12d71.qasm,64,success,9.5001241,9.488161813314262,8.795336855903347
79b12d71.qasm,512,success,344.1290951000001,348.01471595064555,395.7778964183123
7a0c7e70.qasm,16,success,408.48818259999985,372.05671511717793,114.02837001773199
7a0c7e70.qasm,64,success,280.2108366999999,462.59213987932134,14400.0
7a1c98cc.qasm,16,success,3.4877635,0.2854795184006631,0.31915822838260843
7a1c98cc.qasm,64,success,0.6781891,0.3529039120192674,0.3612489779453605
7a79f013.qasm,16,success,438.9453946999999,208.3771968997625,193.1877166797497
7a79f013.qasm,64,success,923.3542458999998,119.08231699794261,136.73999193802322
7a79f013.qasm,512,timeout,14399.999999999989,14400.0,6412.8675973664685
7aad2132.qasm,16,success,2.6700853,2.6754619875052046,15.498269250674563
7aad2132.qasm,64,success,20.941539600000002,21.00441444596071,13.551417161046261
7aad2132.qasm,512,success,959.7448176000003,972.9109080258111,677.9010090263373
7afdbe61.qasm,16,success,2.2713569,2.004747065659423,1.7526767572701398
7afdbe61.qasm,64,success,0.1793947,0.18074764658246584,1.4972733083154628
7b19558f.qasm,16,success,3.3083295000000006,4.7672424394006905,2.8053151411807558
7b19558f.qasm,64,success,2.444386,3.229472023149884,5.117806262170686
7b19558f.qasm,512,success,3.3641784,5.375883299425629,3.903678446447106
7bab61ca.qasm,16,success,75.00299399999999,16.768895680468155,0.8765348519063968
7bab61ca.qasm,64,success,43.55957699999999,15.371210189939076,4.3472054103958895
7bab61ca.qasm,512,success,74.85026579999999,13.711730074957618,0.6723117810867371
7be7d477.qasm,16,success,2.4134915,2.3529718963970034,14.505577557162077
7be7d477.qasm,64,success,18.077428899999997,18.12534047260763,13.089205417732824
7be7d477.qasm,512,success,843.0826304,827.0399194721975,652.7461367771386
7bf0f1bc.qasm,16,success,2.098813,2.124507510504616,12.672218260258463
7bf0f1bc.qasm,64,success,12.182565699999998,12.147432646528163,11.24432916997302
7bf0f1bc.qasm,512,success,495.0731022999998,496.26263370374187,559.1263633741623
7c9f6bae.qasm,16,success,2.2005587,2.1967006,12.809122691135338
7c9f6bae.qasm,64,success,12.6793433,12.647261799999999,11.593249935156601
7c9f6bae.qasm,512,success,524.4238940999999,525.0129456,585.5200107992384
7d6d9a38.qasm,16,success,2.989781,3.0019963,17.266077648630194
7d6d9a38.qasm,64,success,23.563448199999996,23.571399400000004,14.727493800720529
7d6d9a38.qasm,512,success,1083.7143292999995,1080.9138732999998,706.9034449264211
7db40afb.qasm,16,success,0.17392759999999996,0.19161412465750363,0.20268472631014692
7db40afb.qasm,64,success,0.1741671,0.1780596784655788,0.2997049797988032
7fdad0c4.qasm,16,success,2.0015231,1.9908197,13.529144708996474
7fdad0c4.qasm,64,success,15.542053600000003,15.381964099999996,12.315967095262668
7fdad0c4.qasm,512,success,695.6832452000001,691.5553226999999,631.5238920247746
81af3d74.qasm,16,success,0.24346440000000003,0.19704543988971523,0.2710521773133812
81af3d74.qasm,64,success,0.1806651,0.20340189585613816,0.34760036630989766
81af3d74.qasm,512,success,0.23417009999999996,0.20608178261259408,0.24840821074789993
81f388c7.qasm,16,success,0.17924560000000003,0.2117369301174474,0.2931306485603698
81f388c7.qasm,64,success,0.16809340000000003,0.2696752246101904,0.3506697477568967
81f388c7.qasm,512,success,0.18503920000000001,0.22805327914581391,0.40000480073080624
81fdeb0a.qasm,16,success,0.1736968,0.19242759062088124,0.1989982683466001
81fdeb0a.qasm,64,success,0.1638945,0.18811086724910914,0.26251639812117694
827a3442.qasm,16,success,0.18011539999999998,0.18880345546975358,0.19263194394841116
827a3442.qasm,64,success,0.1755154,0.18914824550781398,0.20450987617758917
827a3442.qasm,512,success,0.18864619999999999,0.20052332789082067,0.20482370206897654
82b89c68.qasm,16,success,3.2725359,3.3939787304767446,2.200675180572294
82b89c68.qasm,64,success,0.1596555,0.17670967168355822,2.2962685420497673
831c33e1.qasm,16,success,2.3401965,2.3567967,14.501876878371352
831c33e1.qasm,64,success,18.073409800000004,18.0994781,13.089205417732824
831c33e1.qasm,512,success,839.1603764000004,815.0945250000003,652.5646970829886
8335b01d.qasm,16,success,0.1701279,0.17639598790259778,0.1944323351810511
8335b01d.qasm,64,success,0.9557037,0.7609068733589651,0.39536286606079324
834596bc.qasm,16,success,204.27585150000007,46.43633496718544,19.736341130748556
834596bc.qasm,64,success,835.9329551000003,56.92641061058937,22.608268488655845
834596bc.qasm,512,timeout,14399.999999999989,14400.0,59.86786329227954
83b22dc5.qasm,16,success,1.2476565,1.1890405366390415,4.101204937252742
83b22dc5.qasm,64,success,3.4044359999999996,3.425881159788447,3.9357952047872655
83b22dc5.qasm,512,success,72.29796490000001,72.0675255958258,118.25666559766347
8400dcc1.qasm,16,success,0.1777404,0.1908232362521471,9.319239679344616
8400dcc1.qasm,64,success,9.1855849,9.83543032421629,10.323533052712072
8400dcc1.qasm,512,success,0.1613232,0.18998394855169798,20.323511732003485
8422040e.qasm,16,success,0.1669148,0.17845630485209116,1.2539845273585584
8422040e.qasm,64,success,2.531916,2.399439431514314,2.087756031457348
84fe3fba.qasm,16,success,6.975659199999999,5.338977221606805,9.846154298914426
84fe3fba.qasm,64,success,0.3869507,0.39329934345407586,2.495216080606954
85317608.qasm,16,success,0.1957883,0.18975012674584754,0.2082671484070322
85317608.qasm,64,success,1.2040827,1.2034239171061119,1.123249372143694
85317608.qasm,512,success,0.1699598,0.19475866968659417,0.203775898544084
85863407.qasm,16,success,1.6870991,1.7032305,10.636791491960228
85863407.qasm,64,success,10.459693000000001,10.5206042,9.528524460866869
85863407.qasm,512,success,408.0020963999999,406.11038670000005,427.49148745403966
860cc392.qasm,16,success,1.7032305,1.690588042411344,10.615820272019782
860cc392.qasm,64,success,10.515155199999999,10.520421198408382,9.528524460866869
860cc392.qasm,512,success,406.09597690000015,406.4141103249186,427.49148745403966
86464ad3.qasm,16,success,0.18273949999999997,0.3164466124121917,0.3473614683345979
86464ad3.qasm,64,success,0.17549750000000003,0.20618894484937839,0.29606726902820923
86464ad3.qasm,512,success,0.16250770000000003,0.25501647383613896,0.31090604373715863
871618c1.qasm,16,success,1.3089816,1.3014825,8.156510361288944
871618c1.qasm,64,success,6.5168705,6.5001772,6.3667677080086085
871618c1.qasm,512,success,209.71884079999995,209.0101838,262.7997913295107
8732dc00.qasm,16,success,0.1784655,0.19098378172658287,1.133009903805251
8732dc00.qasm,64,success,2.5046016,2.7424220790885148,2.528697088597403
8732dc00.qasm,512,success,0.168138,0.193424149401939,4.518357398190142
884b47f6.qasm,16,success,7.955765699999999,2.4031927381257128,0.6193317396252312
884b47f6.qasm,64,success,0.160642,2.27535373158326,1.6236952519515895
884b47f6.qasm,512,success,9.740085399999998,13.9266088080931,0.7508428538331687
885efe5b.qasm,16,success,1.0773573,1.2333624181779053,4.106637455654093
885efe5b.qasm,64,success,3.4264061,3.422902871359712,3.9198903875093816
885efe5b.qasm,512,success,71.9190057,72.22929608998372,118.31670002559018
8930abda.qasm,16,success,0.1753091,0.19361205322762307,2.918120409794364
8930abda.qasm,64,success,4.584768,4.785922085215705,5.302046517139476
8930abda.qasm,512,success,0.17470540000000004,0.18835727067619099,9.538678686639088
896404d8.qasm,16,success,5.552108800000001,6.6220376171218005,9.816441047476214
896404d8.qasm,64,success,0.4324345,0.553282520972086,2.5087605737326655
8a146ce3.qasm,16,success,117.96490089999998,133.6097562024021,66.86688604961071
8a146ce3.qasm,64,success,201.1105238000001,194.26722817205126,14400.0
8a1c1c3f.qasm,16,success,0.1880215,0.18062699291639667,0.19871058169401332
8a1c1c3f.qasm,64,success,0.2685849,0.3341566135653316,0.3515608403407058
8a1c1c3f.qasm,512,success,0.1869095,0.1815464350834118,0.21080425776040673
8a2ab626.qasm,16,success,1.7081607,1.7815141,10.627276238368442
8a2ab626.qasm,64,success,12.2454582,12.223726400000002,9.99923628496012
8a2ab626.qasm,512,success,465.39449480000013,464.4622878000001,462.46393911258167
8b77bf87.qasm,16,success,0.30872999999999995,0.3508517305257788,11.42992152425227
8b77bf87.qasm,64,success,10.140678399999999,8.54537883560093,14.34503372933156
8b77bf87.qasm,512,success,0.2988881,0.3263996900261089,25.93753306880587
8bd576fc.qasm,16,success,5.323393299999999,5.375114379825299,1.7082448090610838
8bd576fc.qasm,64,success,13.2989912,2.5591807619867737,5.308943608362785
8bd576fc.qasm,512,success,1464.9315561000008,1433.5585093336283,184.98816558629275
8c01a935.qasm,16,success,2.698982,2.806201472052579,5.263044779638335
8c01a935.qasm,64,success,14.733067500000002,12.389822839880292,4.441801509913993
8c01a935.qasm,512,success,483.89700409999983,380.1538618019933,65.12042858467885
8d5010bc.qasm,16,success,0.21662629999999997,0.20388129820813292,0.23842606717851117
8d5010bc.qasm,64,success,0.1708347,0.26686009344858536,0.4062705292068323
8d5010bc.qasm,512,success,0.2035061,0.32534392136881385,0.32502442056098624
8d9d4033.qasm,16,success,1.0986492,1.0960489,3.464083649978005
8d9d4033.qasm,64,success,2.5595098,2.5658197,2.2635451661517454
8d9d4033.qasm,512,success,34.40687870000001,34.452299200000006,101.42860509999983
8e84b85a.qasm,16,success,0.18267619999999998,0.1941847960249707,0.21823038697511804
8e84b85a.qasm,64,success,0.1524136,0.19386974041870206,0.23269366976582143
8e84b85a.qasm,512,success,0.1863533,0.19641257558891229,0.24243099257240228
8e9564e3.qasm,16,success,1.4540433,1.4523180623238163,9.291269204899617
8e9564e3.qasm,64,success,8.4504558,8.470547496287915,8.382700104848313
8e9564e3.qasm,512,success,307.52745439999995,313.1540919098541,354.21695373541013
8f4e1b64.qasm,16,success,11.0098067,15.810659290730385,17.167849926527804
8f4e1b64.qasm,64,success,0.5562086,18.173938395490502,1.2252811134464452
8f564e3e.qasm,16,success,1.9908197,2.0034439782586313,13.511783513336372
8f564e3e.qasm,64,success,15.576776499999996,15.455172586794719,12.315967095262668
8f564e3e.qasm,512,success,689.9786613999997,697.2979107982289,633.6930339243544
8f8fbcbd.qasm,16,success,712.1879557000002,792.383341414591,43.03243511547846
8f8fbcbd.qasm,64,success,1437.2253333000003,755.8582935846484,14400.0
8fb9e9ac.qasm,16,success,0.1811224,0.6451314384150225,4.273656148441688
8fb9e9ac.qasm,64,success,0.5304693,0.8067871141266234,1.3010761567588156
8fb9e9ac.qasm,512,success,0.1635519,0.9750063788131463,11.898219413426103
9143d50f.qasm,16,success,0.1758806,0.22630953419882396,12.0180011278341
9143d50f.qasm,64,success,2.8306142,2.123586547346727,7.303372341816082
9143d50f.qasm,512,success,0.17785990000000002,0.22557403930777484,17.621118296315355
917fa943.qasm,16,success,1.7270749,1.3675784787958312,0.3513335068195172
917fa943.qasm,64,success,0.6866674,0.38073884840316025,1.2580399917106695
917fa943.qasm,512,success,166.3146686,3.415385784208555,0.5240317582642288
92f98bb3.qasm,16,success,0.4699449,0.46926237109579755,0.898197464222704
92f98bb3.qasm,64,success,0.345261,0.3410451012813408,0.5871368120969918
92f98bb3.qasm,512,success,0.3467309,0.3414107400585254,0.9265670315460676
933b305c.qasm,16,success,1.8488212,1.8434671273276304,11.09349612269335
933b305c.qasm,64,success,10.668987299999998,10.63120229668764,10.364947089692626
933b305c.qasm,512,success,433.02179139999976,438.94152170846513,516.0731790815614
93865be7.qasm,16,success,0.1846872,0.27224569754698275,0.25269302707759583
93865be7.qasm,64,success,0.2199938,0.2809157438460361,0.6825026327952285
9395edc6.qasm,16,success,8.2267604,1.6758016909071025,0.7057290493484956
9395edc6.qasm,64,success,3.4462506000000004,0.7923273136129536,0.5222912631485204
9395edc6.qasm,512,success,8.1534394,0.7541399005430978,0.5902476977498862
93c78575.qasm,16,success,2.2330659,2.240148,12.99741417319036
93c78575.qasm,64,success,13.131851600000001,13.079453599999999,11.812587667072176
93c78575.qasm,512,success,575.9143289000002,562.6930221000001,584.0857218326345
9429600a.qasm,16,success,2.1292974,2.1233068,12.63783935998656
9429600a.qasm,64,success,12.183755600000001,12.139482200000002,11.24432916997302
9429600a.qasm,512,success,496.7916787999999,495.0731022999998,559.1263633741623
94f4e26a.qasm,16,success,2.5668699,2.6050772,14.316542116065882
94f4e26a.qasm,64,success,18.503752099999996,18.3950709,11.985555477826878
94f4e26a.qasm,512,success,704.7077987999999,708.6173386,479.75217764151574
950704f2.qasm,16,success,11.708849200000001,71.17850044820318,4.7584031144585595
950704f2.qasm,64,success,2.5663469,5.506646783358234,7.33198612631725
950704f2.qasm,512,success,11.827260099999998,80.74594449585598,100.31123162740747
954ad251.qasm,16,success,0.19984290000000002,0.1828708071031765,0.20024640203051405
954ad251.qasm,64,success,0.17667839999999999,0.1748821515331022,0.3424664008977085
954ad251.qasm,512,success,0.18874259999999998,0.18646186101192533,0.2253577503438189
957c248b.qasm,16,success,0.1746251,4.151555776544296,1.5463746359730997
957c248b.qasm,64,success,0.2911975,0.5935721094847466,1.0996764783882336
957c248b.qasm,512,success,0.1866839,4.614882130198601,13.028335305490113
964382be.qasm,16,success,2.6285394,2.5668699,14.310873498176504
964382be.qasm,64,success,18.324990700000004,18.3950709,11.985555477826878
964382be.qasm,512,success,696.1004410999997,704.7077987999999,479.75217764151574
965eb08c.qasm,16,success,1.6469743,1.6637489572328452,9.957051945470724
965eb08c.qasm,64,success,9.5513858,9.485581919882101,8.795336855903347
965eb08c.qasm,512,success,354.3248175000001,344.16387549241,395.7778964183123
96876fa5.qasm,16,success,8.5948081,15.471131923240426,17.802850134114962
96876fa5.qasm,64,success,0.9619184,5.95090996833209,10.914784297378453
96876fa5.qasm,512,success,7.9138945,8.810828190052586,19.625308387356412
96f82da7.qasm,16,success,0.17470950000000002,0.3346370044519133,18.099280031553683
96f82da7.qasm,64,success,2.1292088,2.213058538234137,11.6778633835455
96f82da7.qasm,512,success,0.1789396,0.5304765433164942,24.874577648324767
981d8651.qasm,16,success,0.17745339999999998,0.17860655967360323,3.325977749263211
981d8651.qasm,64,success,4.6828124,4.7819610408888735,4.37885051967165
981d8651.qasm,512,success,0.17061470000000004,0.17611017257352737,11.11462100722292
9a442b56.qasm,16,success,9.1980982,6.713620555300706,7.242412159660693
9a442b56.qasm,64,success,1.1185776,0.4065474366032596,4.430180927355816
9c6b6510.qasm,16,success,0.2886272,0.6791091669658643,22.392395609231205
9c6b6510.qasm,64,success,2.4669897,2.6718236379775906,9.57621615369997
9c6b6510.qasm,512,success,0.2779434,0.7913918526692554,151.57005184059514
9ccf974e.qasm,16,success,0.3430253,0.4173836645631831,0.2174223282686286
9ccf974e.qasm,64,success,0.17092409999999997,0.20456873579502358,0.29454138041780914
9d76010e.qasm,16,success,0.1707674,0.17943802098439562,1.648352528390803
9d76010e.qasm,64,success,3.0336689,2.840859913948274,2.5560446775855405
9d76010e.qasm,512,success,0.1692022,0.17730335653702628,4.625861679995817
9d7cbc78.qasm,16,success,0.4762271,0.4661569336474038,0.901532917376913
9d7cbc78.qasm,64,success,0.3512017,0.3410451012813408,0.5906395481790945
9d7cbc78.qasm,512,success,0.3497272,0.3414107400585254,0.9234383903322656
9d7e60b6.qasm,16,success,0.18949259999999998,0.18878320695386536,11.515944714738724
9d7e60b6.qasm,64,success,2.0476432,2.1968254456795764,5.861351419624032
9d7e60b6.qasm,512,success,0.17087999999999998,0.1843674495877075,17.177466586973473
9e3be92a.qasm,16,success,90.3924556,12.031539592052292,4.7584031144585595
9e3be92a.qasm,64,success,5.0076162,2.746957366273783,7.33198612631725
9e3be92a.qasm,512,success,90.08668939999998,13.673991781435294,100.31123162740747
9ea3bed5.qasm,16,success,3.9805098,4.353740569901693,8.331527844172342
9ea3bed5.qasm,64,success,3.8935624,3.2169992199878013,2.0551227770405296
9ea3bed5.qasm,512,success,3.9776184000000003,4.416600588856756,7.393825463278169
9f744e04.qasm,16,success,52.217373299999984,30.217005737317788,19.987853414096595
9f744e04.qasm,64,success,104.66313360000004,41.92296799695927,4.19558602464452
9f744e04.qasm,512,success,4128.416998699998,1914.477259916674,134.83692452039546
a0a79499.qasm,16,success,1.8720441,0.5789965992067188,0.3884197308684967
a0a79499.qasm,64,success,0.7155789,0.4738229474056796,0.5475338609969801
a0a79499.qasm,512,success,1.9413185,0.35797713511632606,0.3987822158201599
a0b53b67.qasm,16,success,0.17763,0.3120964060261158,2.590446798805601
a0b53b67.qasm,64,success,0.5182719,1.210087839174937,2.7288290088949005
a169a3ba.qasm,16,success,1.6347612,1.6496207,9.880313857777377
a169a3ba.qasm,64,success,8.898883499999998,8.9290951,9.231975964283535
a169a3ba.qasm,512,success,330.86148350000013,341.62067240000016,411.91869321220645
a1b3d3aa.qasm,16,success,2.1666266,1.840383733896038,1.266461145162111
a1b3d3aa.qasm,64,success,6.827168100000001,1.7227113727236443,1.6461910473526198
a1b3d3aa.qasm,512,success,212.50459400000003,36.83646772699508,42.6620676215241
a1bc8d56.qasm,16,success,1.0850003,1.1081809,3.238785135754927
a1bc8d56.qasm,64,success,2.2916824,2.2914262,2.0637598247091846
a1bc8d56.qasm,512,success,23.992057699999997,23.9661902,61.0591327578555
a3cb01ca.qasm,16,success,1.2192321,1.1595966,4.109780235540098
a3cb01ca.qasm,64,success,3.4253563,3.4204512,3.9357952047872655
a3cb01ca.qasm,512,success,72.2422423,72.21635219999999,118.25666559766347
a409aaa1.qasm,16,success,2.5722586,2.6123272026401003,1.7230543457855974
a409aaa1.qasm,64,success,6.2227107,3.6456402397052736,3.491751410228233
a409aaa1.qasm,512,success,194.3047202,135.83122003855186,98.95967189400082
a440a477.qasm,16,success,16.169895400000005,5.459671162149851,0.788300017921752
a440a477.qasm,64,success,6.606882699999999,2.693104851936449,0.7242779883740899
a440a477.qasm,512,success,16.634451100000003,9.68332783467022,8.399009532855613
a44fdc9f.qasm,16,success,0.1848667,0.1822366809954425,3.8367909460354235
a44fdc9f.qasm,64,success,1.0295765,1.0646463741053087,2.654332865907822
a44fdc9f.qasm,512,success,0.17738700000000002,0.1765488044431105,9.270871974249001
a4f95806.qasm,16,success,0.16642549999999998,0.1882033905488866,0.2119305002572458
a4f95806.qasm,64,success,0.6707554,0.5913247083784355,0.6111460608069099
a4f95806.qasm,512,success,0.17320600000000003,0.19042878054670212,0.2305534109788403
a75c691c.qasm,16,success,2.0765425,2.1159264415362355,1.7162750811526188
a75c691c.qasm,64,success,0.166108,0.17979564396886882,1.3811607601067217
a8818670.qasm,16,success,0.1796637,0.17544102265774894,0.19116864780891352
a8818670.qasm,64,success,1.156165,0.9101724499458275,0.4976893010320148
a8818670.qasm,512,success,0.18732309999999996,0.18708061392745892,0.1948888845261707
a8b40b61.qasm,16,success,1.6559996,1.6637489572328452,9.951715782994002
a8b40b61.qasm,64,success,9.471062,9.502707948621765,8.795336855903347
a8b40b61.qasm,512,success,344.19865939999994,347.97954640134907,395.544573431238
a8dfab96.qasm,16,success,1.0960489,1.1003622145333236,3.4634482616330957
a8dfab96.qasm,64,success,2.5684272,2.565014223570173,2.2635451661517454
a8dfab96.qasm,512,success,34.62364469999999,34.42958145999611,101.42860509999983
a9091180.qasm,16,success,2.1176052,2.1233068,12.672218260258463
a9091180.qasm,64,success,12.155388299999998,12.139482200000002,11.24432916997302
a9091180.qasm,512,success,497.33829909999974,495.0731022999998,559.1263633741623
aa41f5f1.qasm,16,success,2.0768734,2.0660882,12.18663261989183
aa41f5f1.qasm,64,success,12.550837200000002,12.521304800000003,10.755921682842516
aa41f5f1.qasm,512,success,497.82790249999994,503.3593403000002,435.56200226120285
aac529b2.qasm,16,success,1231.2409277000006,91.58447085338824,132.81874794788064
aac529b2.qasm,64,success,49.33276260000001,81.76078279567753,86.19176623157489
aac529b2.qasm,512,success,4142.797545899999,14400.0,14400.0
aaf05f5c.qasm,16,success,1.1518439,1.1168596,5.99891293294065
aaf05f5c.qasm,64,success,5.0934963,5.0798998,5.3930708050091605
aaf05f5c.qasm,512,success,144.77378309999997,144.58527109999997,208.39308769911517
ab65fd24.qasm,16,success,2.6866797,2.673278823625766,15.47452043922634
ab65fd24.qasm,64,success,21.016287900000002,21.03638074713265,13.47760928188443
ab65fd24.qasm,512,success,969.4532298999997,957.2837203141376,677.9010090263373
ab8a1b3c.qasm,16,success,5.4734568,2.3884866019998894,0.48421129342097924
ab8a1b3c.qasm,64,success,0.17588040000000002,1.7714798619701386,1.507993587797212
ab8a1b3c.qasm,512,success,7.0257582,17.811400487954025,0.6025324271437078
ab964bf6.qasm,16,success,1.1127641,1.1518439,5.985129267448801
ab964bf6.qasm,64,success,5.0798998,5.087435700000001,5.3578815286130075
ab964bf6.qasm,512,success,144.58527109999997,144.77378309999997,208.39308769911517
aceda861.qasm,16,success,307.34320260000015,52.528064831343855,1.3557596685360986
aceda861.qasm,64,success,142.41094300000003,40.858574457561595,10.369433281512968
aceda861.qasm,512,success,304.2419227000001,48.958015997502486,1.0924560166318031
ad2439c7.qasm,16,success,2.2632372,2.3526015,13.56121139779611
ad2439c7.qasm,64,success,16.262889900000005,16.271500999999997,11.678986969898492
ad2439c7.qasm,512,success,666.6881105000001,651.6184142999999,461.2106673544499
ad74d7c1.qasm,16,success,4.0893965,1.2031749576697741,2.5857602391849865
ad74d7c1.qasm,64,success,17.206083600000003,2.0838437146140385,2.2426445473559276
ad74d7c1.qasm,512,success,690.9794292999997,15.302023454703944,6.508468224204277
aed3c1af.qasm,16,success,1.7608045,1.7367355572938847,10.382269445623617
aed3c1af.qasm,64,success,10.090619899999998,10.07095386973667,9.585932344985684
aed3c1af.qasm,512,success,402.51049830000005,403.6653824606397,485.15930977510664
af2659f0.qasm,16,success,0.16919179999999998,0.19335212664322537,0.1979533060860565
af2659f0.qasm,64,success,0.1564611,0.1883802652816243,0.251752712950971
af88ad19.qasm,16,success,0.17483530000000003,0.26298266233241996,1.2758483657810886
af88ad19.qasm,64,success,0.1752695,0.25666810059501055,0.5893950746907338
af88ad19.qasm,512,success,0.17989700000000003,0.21795787730737307,0.5551859682517125
af8b17d0.qasm,16,success,0.1818541,0.1823057673895198,0.20139348681390867
af8b17d0.qasm,64,success,0.1684462,0.19501025698174637,0.3663314591003718
b06c81ca.qasm,16,success,1.5398947,1.5280597009791208,8.542106262644117
b06c81ca.qasm,64,success,6.921094199999999,6.878964625418821,7.935727463513682
b06c81ca.qasm,512,success,202.7487235,204.97718242297705,314.7133251231099
b11883af.qasm,16,success,0.1776531,0.5776801894776379,1.735335590993831
b11883af.qasm,64,success,0.3563139,0.5568578008890133,2.1468000451317235
b11883af.qasm,512,success,0.1822348,0.6321124097843278,0.613419095963887
b1ea1d60.qasm,16,success,0.2114184,0.18454703301488878,2.950242825161021
b1ea1d60.qasm,64,success,4.7274893,4.845616995285555,5.01180300273151
b1ea1d60.qasm,512,success,0.2223113,0.19113915060760142,12.153769104002055
b2346111.qasm,16,success,5166.543143199999,14400.0,100.0
b2346111.qasm,64,success,3106.2406232999992,1044.6870247984837,100.0
b2346111.qasm,512,success,3112.5309232000013,14400.0,100.0
b38d732e.qasm,16,success,0.1849359,0.3714062263757483,0.4379550712158725
b38d732e.qasm,64,success,0.284838,0.4971857888771346,0.5309337097543988
b38d732e.qasm,512,success,0.1656216,0.34284022550781407,0.4457611876327806
b469b640.qasm,16,success,0.1815829,0.34847197953958087,0.3699834729678526
b469b640.qasm,64,success,0.1756312,0.560848478318794,0.4667799229994427
b4976343.qasm,16,success,0.17541639999999997,0.18210208932645214,0.19676197687501512
b4976343.qasm,64,success,0.2803895,0.2753128410085745,0.44493138624525896
b4976343.qasm,512,success,0.1761288,0.18147826108210335,0.20783635323678692
b4c090da.qasm,16,success,0.1804214,0.18901160713587906,0.19386615934981527
b4c090da.qasm,64,success,0.16996559999999997,0.21156308911658991,0.2844305613065013
b5baa095.qasm,16,success,0.6978439,0.7239622904046731,0.3842715883534325
b5baa095.qasm,64,success,2.8962337,3.8296635410664037,0.9144161232062494
b5be0645.qasm,16,timeout,14399.999999999989,14400.0,14400.0
b5be0645.qasm,64,timeout,14399.999999999989,7243.734674752733,7243.734674752733
b601af0f.qasm,16,success,0.1732445,0.198952006381494,0.23271323747328912
b601af0f.qasm,64,success,0.2902428,0.24345742604347076,0.30349349083046745
b601af0f.qasm,512,success,0.1780364,0.2653905868772916,0.25232594318911333
b630efea.qasm,16,success,1.1978284,1.2071885015645196,4.553028499713035
b630efea.qasm,64,success,4.1749277,4.156657145099015,4.458921536310761
b630efea.qasm,512,success,91.48293179999997,92.02377107305419,141.76325599402912
b680d160.qasm,16,success,2.0660882,2.0649304877666634,12.18663261989183
b680d160.qasm,64,success,12.521304800000003,12.537983518082951,10.755921682842516
b680d160.qasm,512,success,503.3593403000002,498.0196833596253,435.56200226120285
b7694c8e.qasm,16,success,4.6260506,4.6349438142447195,2.622932916299109
b7694c8e.qasm,64,success,0.3332834,0.1808332953701747,3.333089362098512
b792cc98.qasm,16,success,0.1753902,0.18676481366575842,0.192145886899302
b792cc98.qasm,64,success,0.1814324,0.1875759238456234,0.24422922755305213
b792cc98.qasm,512,success,0.16917660000000004,0.19292219298340105,0.21064581712257466
b97c72bf.qasm,16,success,0.22274159999999998,0.3339717785117268,0.2730067485484275
b97c72bf.qasm,64,success,0.2894879,0.5085687993148341,0.5759724354411506
b97c72bf.qasm,512,success,0.2054503,0.5480133424692296,0.3421710553594615
b9ba0e84.qasm,16,success,6.7821621,4.850919853558233,1.4267021255081025
b9ba0e84.qasm,64,success,28.735752399999996,10.106677562877719,3.612478196471475
b9ba0e84.qasm,512,success,2299.937497400001,1126.782942575769,103.51938990904085
ba0c09b8.qasm,16,success,1.6862829,1.7032305,10.626789028199973
ba0c09b8.qasm,64,success,10.520238199999998,10.5206042,9.528524460866869
ba0c09b8.qasm,512,success,404.0949175,406.11038670000005,427.6468714121134
bb291a8b.qasm,16,success,2.2330537,2.240148,12.995119722029974
bb291a8b.qasm,64,success,13.046995199999998,13.079453599999999,11.812587667072176
bb291a8b.qasm,512,success,564.3548563,562.6930221000001,583.5047386342135
bb50273f.qasm,16,success,461.99817259999986,106.23810225840252,16.803345130637997
bb50273f.qasm,64,success,61.829867500000006,17.995590126538612,13.974748239868546
bb50273f.qasm,512,success,565.4078366999998,178.5742368722681,216.99461288309536
bc99b330.qasm,16,success,125.21808419999999,138.24866436083062,93.98035151565367
bc99b330.qasm,64,success,175.69860989999995,241.96506437659508,14400.0
bc9dd950.qasm,16,success,1.1235861,1.0960489,3.464083649978005
bc9dd950.qasm,64,success,2.5736842,2.5658197,2.2635451661517454
bc9dd950.qasm,512,success,34.4556024,34.452299200000006,101.42860509999983
bd32080b.qasm,16,success,1675.8850690999998,298.8999074738585,54.18610134931662
bd32080b.qasm,64,success,6223.237383199999,239.74596148709526,14400.0
bd32080b.qasm,512,timeout,14399.999999999989,14400.0,14400.0
bd462bd7.qasm,16,success,8.4452683,7.183994570622946,6.221195221407722
bd462bd7.qasm,64,success,0.18212130000000004,0.22342497018573892,3.5379396452893737
bdd2c3ff.qasm,16,success,8.5620839,7.4321271839472836,2.2593003393457627
bdd2c3ff.qasm,64,success,71.33639449999998,6.330753862865667,6.515411792464742
bdd2c3ff.qasm,512,success,2554.6987554,1424.6856642105556,168.58263374956468
be527b4d.qasm,16,success,327.64276280000007,555.0385640011012,17.45152490634835
be527b4d.qasm,64,success,16.115476700000002,154.9511776013681,14400.0
bf029799.qasm,16,success,1.7939698,1.7907214911343714,10.2040231272862
bf029799.qasm,64,success,9.9905934,9.98603826062374,9.259505414947713
bf029799.qasm,512,success,373.7508546999999,379.73443054286673,413.90281412009784
bf0f8df9.qasm,16,success,0.54735,0.5416298499985577,2.3201730652654597
bf0f8df9.qasm,64,success,1.3424396,1.3389486125261902,1.1825900278875718
bf0f8df9.qasm,512,success,3.4726905999999995,3.463824456032181,2.552632890595255
bf9674e9.qasm,16,success,0.1775753,0.17033448910336357,1.2251325549544783
bf9674e9.qasm,64,success,2.4674081,2.429700070930204,1.8453387241070536
bf9674e9.qasm,512,success,0.17353109999999997,0.1794182767272384,3.0103153207142963
c05aa9cf.qasm,16,success,3.0019963,2.98545872568165,17.26167270804086
c05aa9cf.qasm,64,success,23.5731577,23.534693855616975,14.727493800720529
c05aa9cf.qasm,512,success,448.6712298999999,1098.6170748180268,706.9034449264211
c0a1d157.qasm,16,success,0.18243549999999997,0.2598141830172272,6.220186459052256
c0a1d157.qasm,64,success,4.6466562,4.41521156121821,7.707542969576123
c0a1d157.qasm,512,success,0.1828232,0.2364595689590225,11.651845082655102
c0ffe57a.qasm,16,success,0.3998301,0.19340099490854,0.1900934067742712
c0ffe57a.qasm,64,success,0.1699738,0.18162919992820614,0.1905965201534399
c20bb346.qasm,16,success,0.3509667,1.6439708006178255,7.671518547443986
c20bb346.qasm,64,success,1.1472027,1.0003186607502454,1.6776490913225646
c20bb346.qasm,512,success,0.3426731,1.465096341117883,31.440081333676606
c246552a.qasm,16,success,4.088997,4.854834332269153,2.3741484830418544
c246552a.qasm,64,success,0.4388426,4.172820355389198,6.0517668839261844
c246552a.qasm,512,success,816.6656867,902.4315178597017,148.93297578187307
c39fa73b.qasm,16,success,0.17802479999999998,0.18024264183292085,0.19188338784824488
c39fa73b.qasm,64,success,0.1641723,0.1719226198199901,0.22902283954517344
c39fa73b.qasm,512,success,0.1729059,0.1806037582494412,0.1950627353813263
c3c0513f.qasm,16,success,0.1795263,0.5915404268987705,0.5869905541402178
c3c0513f.qasm,64,success,0.1589828,0.3481363744860044,0.4047551755777137
c3c0513f.qasm,512,success,0.17359960000000002,0.5860536728184667,0.44232666421677796
c40ecada.qasm,16,success,1.5196586,1.5286368707149178,8.542106262644117
c40ecada.qasm,64,success,6.9018752999999995,6.879943657428848,7.935727463513682
c40ecada.qasm,512,success,208.56807320000001,205.00101230255765,314.7133251231099
c4c36286.qasm,16,success,1.7383957,1.7377077056757273,10.403949164435915
c4c36286.qasm,64,success,10.072573800000002,10.079971431421347,9.589636999339081
c4c36286.qasm,512,success,401.72131759999985,403.6653824606397,485.0244531259128
c4ff2c11.qasm,16,success,1.1621505,0.9809072470450168,0.409058314532586
c4ff2c11.qasm,64,success,5.589186999999999,4.714199978785781,1.4010704881275828
c4ff2c11.qasm,512,success,1.1551765,2.2216344099992025,2.046030779540782
c6678d16.qasm,16,success,516.0462371999998,737.2944089054462,39.60132806293448
c6678d16.qasm,64,success,821.4442047999996,638.9940255658572,14400.0
c6678d16.qasm,512,timeout,14399.999999999989,14400.0,14400.0
c676cfb4.qasm,16,success,0.23532530000000002,0.1823368206754716,0.3290755343248125
c676cfb4.qasm,64,success,0.2578355,0.17529486979001843,0.3641615360851241
c676cfb4.qasm,512,success,0.24538750000000004,0.18495358497053727,0.31340760155173525
c7670b0a.qasm,16,success,0.5437697,0.7258345680333484,1.2619924073281583
c7670b0a.qasm,64,success,0.550425,0.7221941939612413,0.9004232901513903
c7670b0a.qasm,512,success,0.5097197,0.7204166172367489,1.2353788590062078
c7a93f95.qasm,16,success,1.3009129,1.3024128174981617,8.156510361288944
c7a93f95.qasm,64,success,6.5205913,6.500776372384788,6.3667677080086085
c7a93f95.qasm,512,success,209.0101838,206.44183091492337,262.7997913295107
c7bddf55.qasm,16,success,0.5527257,0.570531731795238,2.053437853388509
c7bddf55.qasm,64,success,1.1093257,1.1192132219776976,1.0155442725599038
c7bddf55.qasm,512,success,2.7514677,2.7572479858876626,2.272116205302692
c82bb473.qasm,16,success,1.3014825,1.3009129,8.156510361288944
c82bb473.qasm,64,success,6.4765742,6.5168705,6.3667677080086085
c82bb473.qasm,512,success,210.21006139999997,209.0101838,262.7997913295107
c84ad65b.qasm,16,success,1.132833,1.1301329756677008,5.202596795336615
c84ad65b.qasm,64,success,4.321362400000001,4.2838002040891,4.6953784435308155
c84ad65b.qasm,512,success,96.38189569999999,95.42914249363314,162.08371448548917
c8afe1ad.qasm,16,success,0.172325,0.17629286600633837,0.19350651225273474
c8afe1ad.qasm,64,success,0.7844303,0.804252628036377,0.380790820114805
c945995d.qasm,16,success,1.6418214,1.6491697883733196,9.911384660236266
c945995d.qasm,64,success,8.8522282,8.930152537385938,9.299513938835005
c945995d.qasm,512,success,341.62067240000016,334.50372437575425,417.43288686411586
c95f41f8.qasm,16,success,0.1763965,0.18201857682643854,0.19767945716463772
c95f41f8.qasm,64,success,0.4365802,0.27908965558774185,0.27500111303647684
c95f41f8.qasm,512,success,0.17736769999999996,0.18365508845394168,0.21545063546327975
c96fe790.qasm,16,success,291.6478196,76.83216733463614,14.07904298684538
c96fe790.qasm,64,success,29.968277999999994,17.10074542871125,16.472981873350758
c96fe790.qasm,512,success,292.8521848999999,133.27849121476495,191.37661676206534
c999af32.qasm,16,success,1.1311006,1.1518439,5.99891293294065
c999af32.qasm,64,success,5.0753012,5.087435700000001,5.3930708050091605
c999af32.qasm,512,success,144.16692230000007,144.77378309999997,208.39308769911517
ca0a2ce5.qasm,16,success,3.3426185000000004,3.351713053831709,2.181650087052357
ca0a2ce5.qasm,64,success,0.1686469,0.17083302265000094,1.9588560263221355
ca634f4d.qasm,16,success,1.1346432,1.0965293470556408,3.238785135754927
ca634f4d.qasm,64,success,2.3053915,2.291554296419546,2.0637598247091846
ca634f4d.qasm,512,success,24.028526199999998,23.97912046192634,60.62765384957957
ca8c6d9a.qasm,16,success,2.1916357,2.1967006,12.843967535971977
ca8c6d9a.qasm,64,success,12.676150400000001,12.647261799999999,11.557481005295006
ca8c6d9a.qasm,512,success,522.5552257,525.0129456,584.2733685911547
ca980007.qasm,16,success,1.3004284,1.3014825,8.156510361288944
ca980007.qasm,64,success,6.5013756,6.5001772,6.3667677080086085
ca980007.qasm,512,success,203.21602670000007,209.0101838,262.7997913295107
cab2b6e9.qasm,16,success,1.5307986,1.5376540836708625,8.571786896215567
cab2b6e9.qasm,64,success,6.8686035,6.9162240865422415,7.935727463513682
cab2b6e9.qasm,512,success,204.01155880000002,203.73920617455957,314.7133251231099
cb2b300f.qasm,16,success,1.648719,1.6496207,9.854193341272952
cb2b300f.qasm,64,success,8.9312101,8.9290951,9.208016324784182
cb2b300f.qasm,512,success,336.9242883,341.62067240000016,411.6372779772648
cc5bc6eb.qasm,16,success,0.23998150000000001,0.21845945390741,0.19075532241832982
cc5bc6eb.qasm,64,success,1.4279914,1.7521670787468588,1.3722760881900242
cc5bc6eb.qasm,512,success,0.2081356,0.22803660594097025,0.18853366644740982
ccfd978a.qasm,16,success,42.34227140000001,63.84836492069514,43.59507926793911
ccfd978a.qasm,64,success,2.7107435,3.34873691111101,14400.0
cd51d9b8.qasm,16,success,1.7485021,1.7579763,11.879441416600969
cd51d9b8.qasm,64,success,13.210056200000002,13.180583699999998,11.06511530406151
cd51d9b8.qasm,512,success,574.3465174000002,577.6552693999998,615.4939091150718
cd592018.qasm,16,success,2.3526015,2.3211752,13.558089486585853
cd592018.qasm,64,success,16.3234668,16.271500999999997,11.692344362684562
cd592018.qasm,512,success,666.1303829000001,651.6184142999999,462.7754607968508
cd5b55b6.qasm,16,success,0.256669,0.1822009827070247,0.19723874082639373
cd5b55b6.qasm,64,success,0.1625885,0.17825571336861715,0.3291492144013305
cd5b55b6.qasm,512,success,0.2338264,0.18415490866477952,0.1960192979376379
ce4f4dde.qasm,16,success,0.1818813,0.1954409920420655,1.7698555387391264
ce4f4dde.qasm,64,success,4.050673899999999,4.555040357909591,4.035057954818118
ce4f4dde.qasm,512,success,0.1800354,0.18804471626489697,7.497797031374878
ce7207a3.qasm,16,success,3.4724855,3.295983416800929,2.2979046301341493
ce7207a3.qasm,64,success,0.1853343,0.18919121267572864,2.6932895987941
cee426fe.qasm,16,success,60.8826121,87.09754120887632,55.472227755539016
cee426fe.qasm,64,success,142.56026650000004,98.5689608721242,102.08613945391714
cee426fe.qasm,512,success,11992.309916099994,14400.0,14400.0
cf2c4cc9.qasm,16,success,0.1780009,0.18065799518141049,0.20972877493668063
cf2c4cc9.qasm,64,success,0.3343455,0.3499863066528221,0.3692623631306259
cf2c4cc9.qasm,512,success,0.1702461,0.18206800527089345,0.22870976198904666
cf5bfeb1.qasm,16,success,2.2799182,2.2330597999916684,12.995119722029974
cf5bfeb1.qasm,64,success,13.079453599999999,13.089354636203888,11.812587667072176
cf5bfeb1.qasm,512,success,361.00468059999986,565.0261449578765,583.5047386342135
d168a391.qasm,16,success,0.17140079999999996,0.20330417532146433,2.45213823652903
d168a391.qasm,64,success,2.6421047,2.4489522191685014,4.2947694298379115
d168a391.qasm,512,success,0.16305370000000002,0.21351803717292614,5.342954647638012
d20d9d2e.qasm,16,success,7.2601546,8.246713397470579,6.219430519951596
d20d9d2e.qasm,64,success,0.21048460000000002,0.22954622831167398,3.8413097623887404
d21812d8.qasm,16,success,5.7262911999999995,6.730723899997163,5.500741908345407
d21812d8.qasm,64,success,0.17260249999999996,0.20663669617151345,2.760795860948167
d2ffaf7e.qasm,16,success,0.2321556,0.1779884509067003,1.181889858625226
d2ffaf7e.qasm,64,success,2.5454339,2.45598187976162,2.5828058659155784
d2ffaf7e.qasm,512,success,0.2593566,0.17486259132142462,2.5087137606852763
d3f98c63.qasm,16,success,2.2281586,2.236604146860414,12.99741417319036
d3f98c63.qasm,64,success,13.029918900000004,13.105626413273258,11.812587667072176
d3f98c63.qasm,512,success,562.6930221000001,565.0261449578765,583.7160960579573
d3f998bc.qasm,16,success,1.6935747,1.7815141,10.627276238368442
d3f998bc.qasm,64,success,12.235003299999997,12.223726400000002,9.85849520734051
d3f998bc.qasm,512,success,467.8785964000001,464.4622878000001,462.46393911258167
d49ba491.qasm,16,success,1.0047482,1.1472961230949488,5.202596795336615
d49ba491.qasm,64,success,4.3270887,4.31601674363046,4.6953784435308155
d49ba491.qasm,512,success,96.86097500000001,94.32049462108755,162.23183890785953
d4a7f2c7.qasm,16,success,0.560587,0.5732643,2.055079839872696
d4a7f2c7.qasm,64,success,1.1167891,1.1235271,1.0155442725599038
d4a7f2c7.qasm,512,success,2.7529107,2.769683,2.2747317671568337
d706049b.qasm,16,success,0.2326287,0.2648614738206928,0.33447573406781284
d706049b.qasm,64,success,1.7873514,1.7611890827788,0.5403587337556981
d70a0bd6.qasm,16,success,580.3384012000004,407.35816207964746,20.65809690971284
d70a0bd6.qasm,64,success,50.607107000000006,64.57531629013988,14400.0
d70a0bd6.qasm,512,timeout,14399.999999999989,14400.0,14400.0
d7fe8918.qasm,16,success,178.36455989999996,9.441397934594805,2.429804756693238
d7fe8918.qasm,64,success,70.26249630000001,13.718277499122397,7.387162970413453
d7fe8918.qasm,512,success,177.67851409999994,60.75159341900709,147.5099974380148
d87e1b4b.qasm,16,success,0.17300719999999997,0.20023216279337275,8.792031499153666
d87e1b4b.qasm,64,success,10.563292899999999,9.253940929994497,9.780744574459588
d87e1b4b.qasm,512,success,0.1801242,0.20093654641583023,19.98463571607286
d9b603b5.qasm,16,success,1.2477177,1.1595966,4.107659402275962
d9b603b5.qasm,64,success,3.4265954,3.4204512,3.9357952047872655
d9b603b5.qasm,512,success,71.4677438,72.21635219999999,118.25666559766347
d9c77e07.qasm,16,success,0.1766356,0.21199395417244266,0.21521476998501862
d9c77e07.qasm,64,success,0.176099,0.19785427804706887,0.3144768556271047
d9c77e07.qasm,512,success,0.1867367,0.21303587146553096,0.2270334637725468
da0e58a0.qasm,16,success,5.1639064999999995,6.4425785479545326,9.905830577933228
da0e58a0.qasm,64,success,0.3444672,0.5196774381577566,2.5101652441568225
da213329.qasm,16,success,2.1257089,2.1204540836517447,12.672218260258463
da213329.qasm,64,success,12.139482200000002,12.168969412968432,11.24432916997302
da213329.qasm,512,success,495.7341519999999,495.93164611702383,558.970946573286
da3a2f77.qasm,16,success,2.3491533,2.4096041,14.501876878371352
da3a2f77.qasm,64,success,18.0994781,18.077428899999997,13.089205417732824
da3a2f77.qasm,512,success,815.0945250000003,839.2742018,652.7461367771386
da4d0871.qasm,16,success,56.542467900000005,63.22108229459801,44.03983835281075
da4d0871.qasm,64,success,3.6433298,3.378605894432564,14400.0
da505823.qasm,16,success,1.3033438,1.3009129,8.169462824580352
da505823.qasm,64,success,6.5001772,6.5168705,6.3667677080086085
da505823.qasm,512,success,202.88012400000008,209.0101838,262.7997913295107
da601912.qasm,16,success,136.53217920000003,162.94182817462942,51.210114420959414
da601912.qasm,64,success,15.833468599999998,25.215635529693717,14400.0
da601912.qasm,512,success,6845.365393099999,14400.0,14400.0
dae23358.qasm,16,success,1.3884339,1.3827565,7.423784958155804
dae23358.qasm,64,success,5.7483908,5.724491800000001,5.891972768218289
dae23358.qasm,512,success,133.9679896,134.09611699999996,213.60911012250102
db12c1f0.qasm,16,success,4.704939,0.20550855664367912,1.5446510620585874
db12c1f0.qasm,64,success,0.5786665,0.3042739570729765,1.0996764783882336
db12c1f0.qasm,512,success,4.6964082,0.23255911247277833,13.028335305490113
db6ca211.qasm,16,success,0.2941825,0.26609578737058515,10.508702192794743
db6ca211.qasm,64,success,9.5803355,9.411210501481179,13.109092993899731
db6ca211.qasm,512,success,0.2892399,0.2638600545627353,22.865785406943093
dbcc99b4.qasm,16,success,0.16612960000000002,0.18050372737395518,4.197180391336806
dbcc99b4.qasm,64,success,1.0593415,1.0693310137512142,3.203299073873487
dbcc99b4.qasm,512,success,0.1705503,0.17285567785798567,9.812391185364909
dc86453a.qasm,16,success,81.20216329999998,79.31761226301833,14400.0
dc86453a.qasm,64,success,13.8824137,27.86827821868079,14400.0
dc86453a.qasm,512,success,232.4684939,670.0062814182568,6.550683824407621
de690b52.qasm,16,success,1.2104143,1.2008959221868147,4.559203954267651
de690b52.qasm,64,success,4.174748,4.156657145099015,4.436038423544222
de690b52.qasm,512,success,92.09334020000001,91.8529027451716,141.76325599402912
deb00fe1.qasm,16,success,0.16799240000000001,0.1931406837993437,0.19468312221316175
deb00fe1.qasm,64,success,0.5832587,0.5251587736981143,0.5344339750547523
deb00fe1.qasm,512,success,0.19616600000000003,0.1808629721425746,0.18260978237470546
df1a7a89.qasm,16,timeout,14399.999999999989,14400.0,100.0
df1a7a89.qasm,512,timeout,14399.999999999989,14400.0,100.0
df43c2c2.qasm,16,success,1.8799254,1.8685516,12.029239407119894
df43c2c2.qasm,64,success,11.393904200000001,11.3251936,10.861714264250688
df43c2c2.qasm,512,success,464.5924747999998,463.7660308,537.2169768898704
df458745.qasm,16,success,1.3833654,9.015160017332024,6.5812897412130855
df458745.qasm,64,success,2.1396599,6.39464728223311,4.694730711202372
df458745.qasm,512,success,1.372099,2.927594517151789,3.1520814273569036
df75e229.qasm,16,success,2.3211752,2.3592706471615443,13.56121139779611
df75e229.qasm,64,success,16.271500999999997,16.293150197389863,11.678986969898492
df75e229.qasm,512,success,651.6184142999999,656.3560725571919,462.7948218032771
e10d312f.qasm,16,success,7.8625378,36.015969541079706,9.080903958640105
e10d312f.qasm,64,success,7.698335700000001,18.57534350476115,4.794303434241016
e10d312f.qasm,512,success,7.852639099999999,15.00980263865886,3.3719415859138953
e260fc6a.qasm,16,success,0.1742876,0.9110152503861239,2.0382468182445015
e260fc6a.qasm,64,success,0.369846,1.1019870047518454,1.5682286691790865
e260fc6a.qasm,512,success,0.1705179,2.6120824502715725,1.5698313649825562
e3863462.qasm,16,success,9.1420229,6.4743352708506094,1.4935291174485765
e3863462.qasm,64,success,36.23688700000001,18.540649211539336,3.8705754614001386
e3863462.qasm,512,success,3105.4514809999987,1877.9497313504012,120.5971504999469
e3b97044.qasm,16,success,2.6052131,2.6050772,14.342989078228749
e3b97044.qasm,64,success,18.3742898,18.3950709,11.985555477826878
e3b97044.qasm,512,success,703.2050625,708.6173386,479.75217764151574
e4a4359e.qasm,16,success,137.77012070000004,196.85883943417463,20.95886881280567
e4a4359e.qasm,64,success,6.0091114,7.6370672407830575,14400.0
e4b50619.qasm,16,success,0.17564289999999996,0.18175219921643346,0.19147058792617278
e4b50619.qasm,64,success,0.2854015,0.2424298016098424,0.45460005175828555
e4b50619.qasm,512,success,0.1787359,0.18620802874917838,0.19173917939468085
e61acd2b.qasm,16,success,0.5875065,0.472726203270213,0.901532917376913
e61acd2b.qasm,64,success,0.340524,0.3496665927590118,0.5908737507796898
e61acd2b.qasm,512,success,0.3418323,0.34862035642623895,0.9234383903322656
e66c3381.qasm,16,success,2.1967006,2.1960926680961323,12.843967535971977
e66c3381.qasm,64,success,12.685679599999999,12.661697861068026,11.557481005295006
e66c3381.qasm,512,success,524.5309873999998,524.7183371909765,582.091576488333
e698c12d.qasm,16,success,0.22370250000000003,0.19574155333831,0.19381161144165585
e698c12d.qasm,64,success,0.1696466,0.1763635904649765,0.1837396361806355
e7296260.qasm,16,success,2.4096041,2.3567967,14.505577557162077
e7296260.qasm,64,success,18.1512398,18.0994781,13.089205417732824
e7296260.qasm,512,success,839.2742018,815.0945250000003,652.7461367771386
e751ad87.qasm,16,success,6.030250200000001,20.333370813007132,6.234383907204532
e751ad87.qasm,64,success,3.9561276000000003,7.65278906847887,7.571994673034167
e751ad87.qasm,512,success,5.8737042,9.824040329443454,12.66233008140112
e7540ce6.qasm,16,success,2.967996,3.0019963,17.293108894477605
e7540ce6.qasm,64,success,23.462013599999995,23.571399400000004,14.727493800720529
e7540ce6.qasm,512,success,1121.9413080999996,1080.9138732999998,706.9625081236937
e815593a.qasm,16,success,0.18724260000000004,0.2487088031723414,0.36067360321483255
e815593a.qasm,64,success,0.2779193,0.5682828905805426,0.5880075020041665
e815593a.qasm,512,success,0.17562649999999996,0.3398706514672205,1.1370354208014286
e893b1a5.qasm,16,success,29.4305108,22.4233431388314,41.43204968793628
e893b1a5.qasm,64,success,2.0071979,2.590893571150387,14400.0
ea801020.qasm,16,success,309.4653601,125.30762173537636,13.666238471398698
ea801020.qasm,64,success,36.0080199,15.783305911163204,14.519159818274352
ea801020.qasm,512,success,230.80005270000004,120.55882366833688,178.53399337290486
eb153d64.qasm,16,success,0.181782,0.17261638193686166,3.0310807178702506
eb153d64.qasm,64,success,4.883056699999999,4.476448758934462,4.638245151451777
eb153d64.qasm,512,success,0.17385960000000003,0.17323893186607647,12.037618863718961
ebb0ac17.qasm,16,success,1.1353584,0.3203998666366731,0.6676236027890747
ebb0ac17.qasm,64,success,1.2178021,0.3708072166849734,0.5934903082846762
ebb0ac17.qasm,512,success,3.070161,0.2790231013845996,0.7620922578600446
ebc18fd7.qasm,16,success,7.6774203000000005,8.998797723523024,24.29381648506628
ebc18fd7.qasm,64,success,2.5845105,2.1852099649052406,4.7535416008797045
ebc18fd7.qasm,512,success,7.634144,8.472821742664363,59.56734222164992
ebc3e166.qasm,16,success,5179.478907899998,2296.5522483064224,100.0
ebc3e166.qasm,64,success,595.4877102000002,693.0288563550778,100.0
ebc3e166.qasm,512,timeout,14399.999999999989,14400.0,14400.0
ec70915a.qasm,16,success,1.0359822,1.4782988480776313,1.0271640513970839
ec70915a.qasm,64,success,6.390665599999999,1.9088219493210086,3.505210034547617
ec70915a.qasm,512,success,196.3373207,219.89870906378354,73.40973834564629
eca6fb66.qasm,16,success,2.0567893,2.0660882,12.18663261989183
eca6fb66.qasm,64,success,12.525143000000002,12.550837200000002,10.755921682842516
eca6fb66.qasm,512,success,519.2628030999998,497.82790249999994,435.56200226120285
ed52defd.qasm,16,success,0.5929218,0.577280553631525,1.1480764039102804
ed52defd.qasm,64,success,0.4510283,0.45458733676055035,0.6719288786454655
ed52defd.qasm,512,success,0.4499749,0.45197577479592865,0.9994248212217319
eefd994e.qasm,16,success,2.240148,2.2330597999916684,13.00556432824308
eefd994e.qasm,64,success,13.1561919,13.063214318758714,11.876365751555877
eefd994e.qasm,512,success,565.6982321,563.5233266052599,583.7160960579573
ef8d10d7.qasm,16,success,3.2810824999999997,4.035903008993701,2.04164292099726
ef8d10d7.qasm,64,success,0.3767518,2.0930919822500047,5.499344232206185
ef8d10d7.qasm,512,success,630.5900887999998,722.875163096148,146.9311788928312
efafd44f.qasm,16,success,4.6616661,3.1865180693133524,0.6483252472306106
efafd44f.qasm,64,success,3.6616828,2.5157511011051574,1.003313851236815
efafd44f.qasm,512,success,4.7884434,3.0346580154421336,0.5185357028536225
f030e083.qasm,16,success,18.2983299,6.787728178683621,2.2321007048831767
f030e083.qasm,64,success,89.51382609999997,12.851287007054378,4.438570859238776
f030e083.qasm,512,success,6472.491164400003,1139.2138130383626,100.37723504151626
f05a6196.qasm,16,success,104.72650230000006,306.9468992199734,13.666238471398698
f05a6196.qasm,64,success,12.820418699999998,36.22253541406917,14.519159818274352
f05a6196.qasm,512,success,104.12417669999996,238.58232319074864,178.53399337290486
f0c5e28f.qasm,16,success,0.1777949,0.2513789372257836,0.2723193987595561
f0c5e28f.qasm,64,success,0.16618189999999997,0.29728420604509553,0.3866168243813366
f0c5e28f.qasm,512,success,0.1739449,0.4229526088342582,0.3313286570800059
f0e878db.qasm,16,success,2.1514548,4.8131973294020725,7.215893939189823
f0e878db.qasm,64,success,13.338250099999998,5.011453930178711,5.262884814997193
f0e878db.qasm,512,success,505.65583810000004,150.41117425505126,67.6405749845897
f0e91b40.qasm,16,success,1.7400719,2.878581991751137,1.2946885996448845
f0e91b40.qasm,64,success,8.277378,1.3984864294263775,4.416882526244202
f0e91b40.qasm,512,success,402.45571770000015,652.7794159087989,134.17206922837306
f1167cc3.qasm,16,success,1.4061182,1.3827565,7.440101320501604
f1167cc3.qasm,64,success,5.718801399999999,5.724491800000001,5.88311454870835
f1167cc3.qasm,512,success,134.19674820000006,134.09611699999996,213.60911012250102
f163436d.qasm,16,success,0.18145439999999996,0.24783096625843928,0.26070949725172426
f163436d.qasm,64,success,0.2191586,0.2363894538143462,0.20502842278923314
f1bcea54.qasm,16,success,1.8772476000000002,1.856205926354339,11.119083627295014
f1bcea54.qasm,64,success,10.650654699999999,10.635753892282414,10.344185790974873
f1bcea54.qasm,512,success,446.20097660000005,437.95659970549434,515.9297295006345
f27a09cf.qasm,16,success,0.177527,0.1716237499850359,10.38743843516117
f27a09cf.qasm,64,success,9.6810114,10.236089177783734,12.11104871980357
f2a5a67a.qasm,16,success,0.4595018,0.47163554317151374,0.900607729399126
f2a5a67a.qasm,64,success,0.341567,0.3491914512236626,0.5910383056717394
f2a5a67a.qasm,512,success,0.3407394,0.347991933852939,0.9234383903322656
f5398281.qasm,16,success,2.3567967,2.4096041,14.459072599451988
f5398281.qasm,64,success,18.203299199999996,18.077428899999997,13.089205417732824
f5398281.qasm,512,success,322.2864782000001,839.2742018,652.7461367771386
f5aeb6f0.qasm,16,success,2.2514043,2.1967006,12.843967535971977
f5aeb6f0.qasm,64,success,12.647261799999999,12.6793433,11.557481005295006
f5aeb6f0.qasm,512,success,525.0129456,524.4238940999999,585.0121717951638
f5d72dae.qasm,16,success,0.28022519999999995,0.36874334447221346,0.23067544826334213
f5d72dae.qasm,64,success,2.0205184,0.6164287370668803,0.4576479692406422
f5d72dae.qasm,512,success,34.9589754,2.681248320201005,0.6446132820623013
f67ec297.qasm,16,success,1.3940487,1.3954906008467869,9.212139806976817
f67ec297.qasm,64,success,7.96335,7.927410989532296,8.6448366888702
f67ec297.qasm,512,success,284.6133111999999,284.8109844345483,374.21192969496155
f7ff0727.qasm,16,success,0.1900845,0.1878994569229932,0.1928552355724383
f7ff0727.qasm,64,success,0.172657,0.18116236962919968,0.438189814043068
f8a38627.qasm,16,success,168.1454513,146.27614840219658,91.11050575342539
f8a38627.qasm,64,success,293.6294401000001,231.70521796449307,14400.0
f8a38627.qasm,512,success,13907.117731399987,14400.0,14400.0
f8d235ae.qasm,16,success,0.1790703,0.2110433566401415,0.20939244148359862
f8d235ae.qasm,64,success,0.2438151,0.18787495397645157,0.19806069358874248
f98536e0.qasm,16,success,0.1788549,0.19538400459310223,0.18783321455450847
f98536e0.qasm,64,success,0.1664448,0.17569191723565167,0.1849032570653432
f9fee41b.qasm,16,success,2.5416661,2.6051451491138304,14.310873498176504
f9fee41b.qasm,64,success,18.3950709,18.395993132235738,11.985555477826878
f9fee41b.qasm,512,success,708.6173386,703.9560296633532,479.75217764151574
fabdaac7.qasm,16,success,0.17383599999999996,0.19845058814826175,0.20959179823806273
fabdaac7.qasm,64,success,1.2635249,1.0869819126443236,1.3768916737346133
fabdaac7.qasm,512,success,0.1686687,0.20356622642350353,0.23610967313927717
fadf1f0d.qasm,16,success,189.90480990000003,172.24409902983928,20.95886881280567
fadf1f0d.qasm,64,success,6.8785139,7.283851399302017,14400.0
fb107df5.qasm,16,success,17.846512699999998,6.555175010696483,0.71924362765668
fb107df5.qasm,64,success,11.952432699999996,5.065040779917523,2.319475065635148
fb107df5.qasm,512,success,18.1957599,7.21901873847499,0.5491732604885602
fb7e6eb0.qasm,16,success,3.5610047999999996,2.772701401012963,5.2857038570470944
fb7e6eb0.qasm,64,success,13.2631154,11.076999735780294,4.339268366296893
fb7e6eb0.qasm,512,success,543.1701861,413.3723352689999,64.06598271138454
fb8a2851.qasm,16,success,0.1633197,0.206677266984316,0.19303892238166673
fb8a2851.qasm,64,success,1.2676421,1.1213951642666515,0.9707910557455902
fb8a2851.qasm,512,success,0.1731245,0.2092686496288203,0.19051124524885182
fb9223a1.qasm,16,success,0.1798739,0.19897328959998667,0.2005354311131204
fb9223a1.qasm,64,success,0.16640830000000004,0.17294931014237713,0.3246812535411307
fb9223a1.qasm,512,success,0.1863105,0.1951831964437159,0.20196620789062353
fb9be929.qasm,16,success,0.23531889999999997,0.1860601867570927,0.21245094459601996
fb9be929.qasm,64,success,0.1624003,0.1954319322294644,0.3530978401362321
fb9be929.qasm,512,success,0.22522469999999997,0.18223024475538618,0.21745027753460403
fbcf0ea3.qasm,16,success,2.0731039,2.0660882,12.18663261989183
fbcf0ea3.qasm,64,success,12.510124499999996,12.550837200000002,10.755921682842516
fbcf0ea3.qasm,512,success,498.21153809999976,497.82790249999994,435.56200226120285
fbdc2a1f.qasm,16,success,0.5656909,0.5823536,1.1480764039102804
fbdc2a1f.qasm,64,success,0.4538723,0.4523345,0.6719288786454655
fbdc2a1f.qasm,512,success,0.4505086,0.4509034,0.9994248212217319
fbe1d41c.qasm,16,success,0.22265400000000002,0.18900483575949828,0.21219144142578514
fbe1d41c.qasm,64,success,0.1667608,0.2006247332137586,0.31032035087578563
fbe1d41c.qasm,512,success,0.21397250000000004,0.1972665930591151,0.21809709235875344
fc1ce5ab.qasm,16,success,62.19422269999998,63.27894731248666,45.12522649730388
fc1ce5ab.qasm,64,success,3.1473689,3.5725130905851064,14400.0
fc330f35.qasm,16,success,1.8849809,1.8683486889826748,12.022291066594622
fc330f35.qasm,64,success,11.3087631,11.333648284999459,10.861714264250688
fc330f35.qasm,512,success,463.7660308,464.4592680536541,536.9412491702233
fc56714f.qasm,16,success,0.1707354,0.2678251171457063,0.2966713421835333
fc56714f.qasm,64,success,0.18016170000000004,0.22872835026058266,0.3598290493599666
fc56714f.qasm,512,success,0.1801311,0.3003458635148571,0.34316583885244173
fc5872f2.qasm,16,success,440.7522683000002,195.12060604727935,26.022262885761315
fc5872f2.qasm,64,success,97.44292890000001,19.877460785751683,8.460605943648982
fc5872f2.qasm,512,success,3531.155154499999,14400.0,14400.0
fc66bdd4.qasm,16,success,0.7283128,1.8832652305026278,1.6586798192074805
fc66bdd4.qasm,64,success,1.3749575,1.9171771644573297,3.358333391818971
fc66bdd4.qasm,512,success,0.727108,2.3643507798361574,4.5101676828762995
fdf0b97e.qasm,16,success,1.9983464,1.9966110436895517,12.178842588747148
fdf0b97e.qasm,64,success,11.459351800000002,11.4671804926824,10.550009846559515
fdf0b97e.qasm,512,success,436.84951509999985,444.2263285473569,488.2267548813327
ffe82f32.qasm,16,success,0.2051507,0.2021778129058533,0.3095850830114382
ffe82f32.qasm,64,success,1.3167689,1.1932854689138241,0.38111452769644605
