filename,threshold,status,actual_s,baseline_matched_pred_s,baseline_structural_pred_s,cost_p2_matched_pred_s,cost_p2_structural_pred_s,cost_p2_5_matched_pred_s,cost_p2_5_structural_pred_s,cost_p3_matched_pred_s,cost_p3_structural_pred_s,cost_overhead_matched_pred_s,cost_overhead_structural_pred_s,cost_high_overhead_matched_pred_s,cost_high_overhead_structural_pred_s,shape_matched_pred_s,shape_structural_pred_s,shape_cost_matched_pred_s,shape_cost_structural_pred_s,cost_uncapped_matched_pred_s,cost_uncapped_structural_pred_s
0071a13b.qasm,16,success,1.8681457999999997,1.8745440108236262,7.882050848950588,1.8722030854044291,10.333761066858157,1.8732456461252902,10.816844680379829,1.872695298392116,10.136068817309129,1.8734773113709255,9.268553524639977,1.8746374215209103,7.518552012635015,1.8764848938171876,9.115522194485736,1.8737353276122475,13.440781681561429,1.8694644119570643,9.703034655048928
0071a13b.qasm,64,success,11.326891999999999,11.117061307351605,9.352966566337786,11.016124897148885,11.26711163711225,11.10940712680832,13.24137675223473,11.147985879707338,10.398643265647323,11.087303542099063,11.91068121975718,10.938556151500215,8.892824821419437,11.139568130296842,9.827836036111318,11.06398196712917,11.477934918804413,11.01966349294461,13.70730346518917
0071a13b.qasm,512,success,464.3260994999999,465.8807857294143,141.81973957347665,464.4470264439688,207.68823354770217,466.01608877093764,173.8203324546492,465.16061555838377,163.37271368624866,465.2421705641985,219.86841287268084,465.05354274508136,150.2068667845689,465.24666582334527,216.89391345261325,466.50398168352285,314.87108342521594,465.5865697684267,234.8017519668203
00c20ece.qasm,16,success,161.77874129999995,52.822037700198344,8.750751968900415,64.86986212743919,9.806519081234667,50.731323280664405,7.568348755632373,52.89721082998716,8.603385025669867,56.04044392693395,13.888948836204623,66.70867699117777,14.754027422691257,49.658773722695805,7.185277315988023,60.318600593090224,8.708168929011011,55.60477438024471,10.905623200339154
00c20ece.qasm,64,success,167.99894330000006,46.157790525647215,6.618426667799892,56.30121239720964,9.125098410646112,47.59154769575292,7.819507355611172,50.92469101602359,10.06346817086969,51.07884045692328,14.315531424621481,61.894184366922886,14.015496041723075,50.07585868790622,7.445973776968791,57.605412785615954,10.549118292618008,55.17347101866528,9.949459791362298
00c20ece.qasm,512,success,161.38951989999995,40.15319741195667,5.56423567249652,61.85172068225074,6.49528471829811,51.28580593530543,5.078845515582895,59.19945315236908,6.02034375417883,56.10059135036113,8.26722400556347,63.27554770029635,9.590437469553628,53.49798492155507,5.348485244125754,57.27630029171821,6.907703460867706,45.812917335179975,6.3607951011112505
03042ac9.qasm,16,success,1.8659897,1.8637213328666526,7.882050848950588,1.8664133131959966,10.333761066858157,1.86725868331805,10.816844680379829,1.8659281601465934,10.136068817309129,1.8665430263786864,9.268553524639977,1.8691007644157147,7.518552012635015,1.865957548912869,9.115522194485736,1.8586386825601835,13.440781681561429,1.8689435539935382,9.703034655048928
03042ac9.qasm,64,success,11.3251936,10.999066018871758,9.352966566337786,11.056961081934219,11.26711163711225,11.09133265429909,13.24137675223473,11.201860995520219,10.398643265647323,11.143084435595899,11.91068121975718,11.083553710490166,8.892824821419437,11.156501647355787,9.827836036111318,11.119474652232423,11.477934918804413,11.119732641304507,13.70730346518917
03042ac9.qasm,512,success,463.7429635000002,464.73069047119003,141.81973957347665,464.816819487466,207.68823354770217,465.61018751793625,173.8203324546492,465.4968112615979,163.37271368624866,465.3339404632063,219.86841287268084,465.5606528685406,146.48703560097582,466.172048883435,216.89391345261325,465.61830456637495,314.87108342521594,465.7148786117715,234.8017519668203
03934028.qasm,16,success,1794.6356796999994,1460.5277971346227,21.250142052767554,1033.1699430003403,17.39269758199568,826.9125661079221,12.437831924120774,883.565170449539,12.598270390807121,938.8543506119008,11.98917814996751,624.4701546570486,17.015274080080786,1688.8013435668674,24.882276106982037,1223.849116232556,16.394989151042623,759.255141615726,17.373102799225695
03934028.qasm,64,success,1229.5821331999996,703.2931505805293,5.8666161014541105,845.9445804504293,6.093246018485383,501.6303283588011,5.702023156868226,513.7263866932502,5.5089497048588285,590.4277442282416,5.466588660130941,410.73724893098677,6.7822787822504464,823.8871911152603,5.948336708791783,701.7587476567301,6.863982877297537,462.3252423252287,8.729384476991296
03934028.qasm,512,timeout,14399.999999999989,1210.492172606866,10.116362791051849,1138.8153066419907,12.682408372747403,1289.4919595867557,11.694457282368488,951.8263347764765,10.43747000574885,1032.7582250250816,9.914956543783433,858.5654555534016,10.831118832036731,1846.2313951579401,17.10828864400293,1760.1479170196008,20.683745449694904,933.7895262888146,11.781484070809524
03ee478e.qasm,16,success,0.17734449999999996,0.21018736171080324,0.2358529910155441,0.20689046085300147,0.2227591913063222,0.2087456139998639,0.21826271559382918,0.21701375430730513,0.21947303356574194,0.19716590996859035,0.22847590215772906,0.2145627238550603,0.22681868387155027,0.1988893399580378,0.21157141792493286,0.19535755429271254,0.20754991244600762,0.20806288255087405,0.23017874964074408
03ee478e.qasm,64,success,1.1159592,1.1572824524784582,0.8869602942545404,1.167431763406737,0.8883241266032836,1.1713133682263934,0.8326074395833102,1.1907921242915316,0.8051239888502535,1.200954822700675,0.9619954202718222,1.1658467205066094,0.8433891544940728,1.1671767169487728,0.7020305956160572,1.2029467205539557,0.6840044772785561,1.2133791911895804,0.8912550287738753
03ee478e.qasm,512,success,0.18746530000000003,0.22265542780677458,0.25701226237466995,0.2061501203192356,0.2356218366764279,0.21628459514749515,0.2314698530028814,0.22494288669510268,0.24163566445867513,0.2032022422599582,0.23775628631032814,0.22261117646796885,0.23643542671082965,0.20343186294051113,0.24208707159766732,0.19971440997729267,0.23207152312246151,0.20765051962396158,0.2461575652543839
04276362.qasm,16,success,0.17990670000000003,0.20528372828567082,0.20990038485863644,0.21129250835103386,0.20831229562325598,0.20693307502813937,0.20818772240120917,0.2054788656579086,0.2102010266019162,0.20538089539317742,0.20899481754202312,0.20587312350363327,0.21132435789443127,0.20308614711967604,0.20198796402502636,0.20964411519358436,0.2057361758522282,0.20193379929677246,0.2110371276154463
04276362.qasm,64,success,0.21635210000000002,0.23133057548845476,0.2071201952498183,0.2397334991693106,0.20529839235716765,0.23907236605747903,0.19683388992750275,0.24322642083773893,0.2007350545174147,0.234888584531896,0.19501487193140818,0.2384880191187078,0.19746351987268726,0.2182668661994247,0.19582761922205033,0.2136474540931959,0.2003925756209432,0.22375511110381754,0.20169939004326937
0491d461.qasm,16,success,0.5425538,0.5314582022483606,1.4964118774121937,0.5369159635409511,1.603385772884651,0.5351785466609592,1.4941753188701408,0.5391763301106168,1.3443841349530863,0.5364240009308701,1.5386413367609446,0.5375291232878938,1.1629170280614936,0.5389143552357694,1.8371055415966948,0.5357319597688041,2.049783847745662,0.5361622953972988,1.160866149435354
0491d461.qasm,64,success,1.3414259,1.358094832624342,1.676765719444729,1.3662291049926716,1.98592320587418,1.371832582676723,1.7043240420881607,1.3652198020917878,1.8689182069557444,1.3766985506923932,1.799044987821227,1.3605031911348398,1.4972919605558557,1.3476546665928415,1.6673604491485368,1.3573700222351937,1.7193447422356247,1.372263298109314,1.6415731614477542
0491d461.qasm,512,success,3.4521178,3.704154060610105,8.512564106901973,3.545589559548888,9.00235018199507,3.570513892941639,5.980115874581782,3.5827954632818573,7.165399719202799,3.508529052501356,7.674449702812927,3.592615120848273,5.473505593537587,3.6156416733858365,2.816807688681043,3.588849406183743,4.875578233234559,3.4906455974717243,5.020267837318163
0525d9ee.qasm,16,success,0.5416311,0.535814456354963,1.4964118774121937,0.5404487743063219,1.603385772884651,0.5337621714956146,1.4941753188701408,0.5318555290740336,1.3443841349530863,0.5431724147305877,1.5444489422737255,0.5369826144426862,1.1629170280614936,0.5395070669386278,1.8371055415966948,0.5375196238470168,2.0408846242767162,0.5401593564190029,1.160866149435354
0525d9ee.qasm,64,success,1.3424445,1.3600532056889227,1.676765719444729,1.3453648942829226,1.98592320587418,1.3320872483944532,1.7043240420881607,1.3306043582541827,1.8689182069557444,1.3589234183984025,1.7895375853900861,1.3636157345290933,1.4972919605558557,1.3264281554562214,1.6673604491485368,1.3510625116435726,1.7193447422356247,1.3577344645774259,1.6415731614477542
0525d9ee.qasm,512,success,3.4716296,3.7383412958166047,8.512564106901973,3.5685969239623243,9.00235018199507,3.6239201462327952,5.980115874581782,3.6639350005236975,7.165399719202799,3.5588624945869793,7.674449702812927,3.5709553547725568,5.473505593537587,3.5349797502219236,2.816807688681043,3.564643073612445,4.875578233234559,3.511258795594192,5.020267837318163
0534bf07.qasm,16,timeout,14399.999999999989,1536.652192320212,9.53878679984965,1196.601926045696,3.444767180624914,1247.1085838138767,4.4888184808260405,1406.4025036898822,4.468953532694896,1256.3160741873899,3.2777115015911695,1217.657371209876,4.737629733997205,1751.9748837016903,4.989547391736246,1236.7740620761556,2.232760241578754,1472.9080093681957,2.808820194312712
0534bf07.qasm,64,success,1767.644607299999,620.0292405906896,5.568837457640107,493.40465057937047,4.3753125429422886,518.9599594955009,7.264000644215752,604.1561357007707,6.902858051953493,466.7469614407329,4.3618173230153605,499.43891973467,6.028285089605043,803.2534514414859,5.296936110378817,607.049732554548,3.850152869402594,572.0634134858716,4.357414180427429
0534bf07.qasm,512,timeout,14399.999999999989,2272.1427229442716,15.77206672449804,2087.5993009930125,5.864108947699524,2123.1848897155446,8.487782929456682,2291.7528227118023,8.012872090644713,1966.506747310269,7.329952949368452,1994.2945783761736,7.993817194427173,2299.781953446204,9.964560987863855,1727.2708867211866,3.4222134870270384,2565.2957311216646,5.019743713804331
055dc894.qasm,16,success,4.6650311,5.108041480226785,0.7648839769033999,4.709995770689407,0.9107509061088658,4.812810233049353,0.9226811763973184,4.488617462958219,1.0313259604524783,5.031829292785172,0.8946579811740747,4.7374004476527185,0.8565906516328117,4.94273912434687,1.3320686429959305,4.525695207225585,1.411976978759155,4.730135304128158,1.1419783710915703
055dc894.qasm,64,success,3.8863319000000005,4.186587506832969,1.425204093470927,4.6013870639567305,2.5013317717715013,4.470782211194281,2.542686707595068,4.040577092850394,2.570564839524861,4.811965788150293,2.264895995139441,4.0402374388924125,2.1448133506904563,3.6875566358070846,2.862592120757661,3.5969950239415334,3.350113587033796,3.201952818105301,2.935424023167459
055dc894.qasm,512,success,1383.5908082999997,736.8515525941283,5.037985040072632,760.2495904082026,25.554426703087397,756.4798900553561,30.471964481460624,749.0409885928159,29.761397853810752,712.1143233451844,28.743335678103705,866.7883264783285,32.31751825970218,834.8368837261183,57.098982157048525,755.6654361018971,57.42879082337573,758.6005532117339,41.61645329426037
056c2b99.qasm,16,success,0.5823536,0.5765420529544041,0.8006258066842314,0.5768841375893675,0.9401316589360762,0.5787109968283344,0.8088754274665745,0.5758517521399339,0.7805098311055577,0.5776162572917221,0.906215354411299,0.5765524851506004,0.7046705116419087,0.5794142962094068,1.250623818448245,0.5777862666750699,1.2547238504298242,0.5796014500401565,0.6898807056384813
056c2b99.qasm,64,success,0.4523345,0.4571420580746233,0.8752130098444648,0.4563308310714487,1.0821704186419943,0.45586372475376846,0.992168604673613,0.45860386694718863,1.0075235610123248,0.456228900552801,1.0904969976224284,0.4570691592778986,0.9070320498070569,0.4562177350884939,1.1030018623192768,0.4579396766134916,1.0403445892892353,0.4567136065424261,0.8592943575418348
056c2b99.qasm,512,success,0.4509034,0.4656683994000342,2.2845008731650274,0.4627067176746605,3.1089219059990967,0.4626600661832694,1.8994580911537915,0.45982153105251694,2.278015729898552,0.4605511668205448,2.5543838923505593,0.45967602199367286,1.7219885706990437,0.46105735522761027,1.1619877704325599,0.4607011119707274,1.2161593643481121,0.46898154768520284,1.6748372873271848
058c7d32.qasm,16,success,0.21540330000000002,0.4864153221691868,0.4064024517831177,0.529139608759219,0.606723482537569,0.44102065841833243,0.48310485487398236,0.4924882098414624,0.4218496210626768,0.48009644554835373,0.45174239168327207,0.49922224807283544,0.3798593758359736,0.6130166905864257,0.770408638468728,0.5355071725687782,0.6369900704601504,0.4788638747086592,0.498610969705498
058c7d32.qasm,64,success,0.6617786,0.5650923053330308,0.464723867830609,0.6133628434843559,0.7978469246013773,0.5693339288014657,0.6249476894357721,0.6344862769345704,0.6953815280079391,0.6031021069625684,0.6351075850860579,0.5885976891667721,0.5807736824409213,0.6478815474017074,0.7887990485900894,0.5758355384895745,0.6718783697634472,0.5547860453883074,0.8126330592790473
067475b0.qasm,16,success,1.4051409,1.3897816311087297,4.186412274536411,1.4048588279001886,4.889461426898441,1.3860240138755442,4.68556562086171,1.3811437600607834,3.574992780428976,1.3834652480994891,3.889061534258482,1.3870703038041916,2.9933935745190965,1.3853203502960714,4.911244395953353,1.3823741546132988,7.3937823497931365,1.3832124523693925,4.549341723636238
067475b0.qasm,64,success,5.705375600000001,5.7185790142162025,5.575881953507287,5.685095255411356,6.130075206271744,5.648696062211556,6.570734134941852,5.752233158392289,5.1117117866803925,5.720363882531981,4.828577603745633,5.726701506779067,4.257785770912859,5.780454935955124,6.2476067801956185,5.807126788081315,7.385066820076671,5.718829221908892,6.564143334344616
067475b0.qasm,512,success,134.09611699999996,132.26291446330612,60.933520421851114,133.3963077148165,97.4429679537102,131.73191918597811,61.357058976872146,132.85212978132034,45.10553476050055,134.5297065916356,53.58764843882503,132.27362979564282,45.94705613177114,135.47465381350995,78.70161007052448,129.12713122697954,149.12446710099127,135.46641062464573,68.6643290040823
06857ab2.qasm,16,success,86.8517603,95.70252375907553,39.28504109845371,92.58339855509901,19.375592046745805,98.79818805037984,17.060044217154612,99.30747772733439,22.906592934249996,92.91232242299553,17.821922245632674,97.5032673286629,25.543399123649376,93.68417334826056,17.01839744655472,96.75508321116448,13.402800608687558,89.88239616609525,18.596638515190303
06857ab2.qasm,64,success,144.50145770000006,131.31362238062843,7.3712290459150696,145.9709773781344,11.71529109162084,144.80159680864392,9.38121352079374,155.23761484711153,14.435972713312635,150.2752575477979,7.11598643884687,156.00444763574808,17.540613976738626,129.4919222529977,3.9731861363628695,143.69936926723116,9.038457412326146,140.3276848458996,7.758382624309932
06857ab2.qasm,512,success,5763.222492099998,4821.236377500241,432.41377512003714,4755.102304742441,494.8631251760811,4890.861836507824,507.9413430879928,4604.436055593988,402.3261068978259,4115.872514147985,371.9782523430555,4096.645841873027,373.9898352048967,4214.77020914122,375.50957089144237,4322.329571549561,399.88169076071676,4302.380280899549,373.2442604935063
06a7dabf.qasm,16,success,1.4427283,1.450707980151281,5.719629421766722,1.4599265627422229,7.678204981254928,1.4535413943172286,7.889198306971467,1.4595486715648671,6.49283364114696,1.4652905093828832,5.401726235083197,1.463228533488692,5.060084110479027,1.4741779431304094,6.649683050024357,1.4619332530359346,9.040477319660326,1.449353405430622,7.263690041396211
06a7dabf.qasm,64,success,8.5008263,8.449117419581926,6.817758865210951,8.379990795021019,8.467305722475603,8.434919335276968,10.274525198258745,8.325351673421881,7.058167883892788,8.433597955508402,6.199065147410456,8.43008536531,5.993943773510377,8.419450777923489,7.46887087346002,8.492622530090761,8.666394092559495,8.398410547285302,9.469065801055816
06a7dabf.qasm,512,success,307.49403430000007,310.9946791414441,87.59553890349095,311.30920878818466,148.52252970226246,314.62222538476794,112.85804690309934,310.6707973801632,74.96775710414869,313.0927094627107,93.05708995562352,311.7199118404807,80.24873507738312,313.1847968551248,114.27680031497955,313.4119214392915,192.8500156781901,312.5438553956473,121.16107275064626
06e45cf2.qasm,16,success,0.5780354,0.5632905292103564,1.2706869151541011,0.5644413061611993,1.4671642146329988,0.5660289902903181,1.2643380566166582,0.565904438753615,1.0433542924976993,0.5677618819250624,1.256337755207279,0.5748661201343961,0.9299806674397854,0.5692410451012977,1.6375137513563172,0.5719802819347516,1.774541307908422,0.5695081249410826,0.9998945981713625
06e45cf2.qasm,64,success,1.1292338,1.1623109196793393,1.3942257427955953,1.13436964796408,1.7399671995026018,1.1085909476313585,1.5931130211116822,1.149557734992653,1.4034513699691942,1.1241794363398514,1.4735631293923028,1.110001271920558,1.2644069878658464,1.1191599367133152,1.3360835196836323,1.0857769808863638,1.4017322305283646,1.1185898659958027,1.3512674424552935
06e45cf2.qasm,512,success,2.769683,2.765835393796564,5.719763982085133,2.637618609788658,7.695804987875901,2.5894943700843496,5.021873415538946,2.682710530023919,5.5424944989347065,2.6167962955812576,6.228367249408934,2.7528243664474457,4.459556912277964,2.7822586010337953,2.161020152544853,2.6918072825976873,3.8056922008307,2.6891399445257447,3.8577521847064884
0732491c.qasm,16,success,5.4931465,19.621996019892464,9.23691187486858,13.269798072090325,5.029319121719502,10.264272292841259,5.949576897810887,13.926410173907636,5.71246582395513,15.410098992104722,8.048173850547027,17.507917279600374,12.185487658243163,21.037689927309483,2.3899046663118466,15.39641486904783,2.715549292814247,18.227266820832366,10.496894027591123
0732491c.qasm,64,success,1.8221959,7.807874032398156,9.182044959279429,7.031996565885297,5.569328915093919,9.265778587347418,9.899748557110426,11.900708089840641,8.970281007610575,7.841395607539422,7.190573976499179,8.789102416511088,7.948976167821527,10.972184709421416,3.3118756130261704,10.715605793807503,3.495653502300002,10.745492884763516,8.833562643483116
0732491c.qasm,512,success,5.6868296,12.535737310376684,5.587613938201039,19.84056000234612,12.551973594388762,24.60352722187889,10.271894490999516,19.795856769754348,12.074842040251971,14.756394064145216,9.56027114643214,15.06333827920092,9.154065468395501,15.611442710930822,4.1185432605606636,16.51476661892789,7.328895213904375,15.866417975478011,11.459053073081044
07fc5b22.qasm,16,success,0.5416286,0.5390920564081669,1.4958041373407602,0.5450554647601746,1.6038188067188865,0.5381123922713288,1.4941753188701408,0.5383062965974028,1.3443841349530863,0.5358720373746608,1.5394233545139597,0.539794482698021,1.1657495945345957,0.5397903022493303,1.8297685636310237,0.5359752302227353,2.049783847745662,0.5367482547104503,1.160866149435354
07fc5b22.qasm,64,success,1.3364759,1.3752717513506625,1.6688592328893512,1.3583518958545644,1.98592320587418,1.3599084833155881,1.689636912458719,1.3316566234984584,1.8689182069557444,1.3679740389300659,1.799044987821227,1.358843308095552,1.5009389782755855,1.353527397063426,1.6673604491485368,1.342765375130808,1.7193447422356247,1.3726430904426534,1.6345921978943725
07fc5b22.qasm,512,success,3.4643763999999995,3.673928651712871,8.443351372373462,3.5419312248687245,9.00235018199507,3.5692159212083396,5.928581814813749,3.5640014205436947,7.122152925494328,3.5742415885287797,7.674449702812927,3.6117055877039763,5.473505593537587,3.6162041256684727,2.816807688681043,3.555275823123719,4.861117289338329,3.551382643064197,5.020267837318163
08239e90.qasm,16,success,63.96641979999998,47.25912887358906,31.454319220699336,48.02733757433617,14.999062146921391,47.50675072652221,12.647320593844025,48.074892638625414,15.724197380106057,48.32107922064119,9.112024307077906,48.380975287261926,13.569207895640668,46.84640086688771,26.534269114301324,47.862851802315355,13.6380959058899,47.89856760034193,10.422342913075166
08239e90.qasm,64,success,3.2675198000000005,3.208009582217632,4.775113146991868,3.345118105443034,5.096228432212062,3.1627992353835235,6.558200471001224,3.311254007748719,10.092411607215064,3.277473686238794,4.384251549752876,3.2768631972861604,7.216645562121477,3.1725686762002745,3.906215006452932,3.342438989853573,6.8579805203320605,3.151667341377944,4.936039239740245
0885b672.qasm,16,success,1.6545858,1.6400552940392412,6.473491825190937,1.6385489045415171,8.580011268054706,1.6418545121726857,8.21596992255306,1.6475585091499576,7.2993741808437935,1.6473160148987784,6.259943172350529,1.6391005895465678,6.2173975321325035,1.645663284304251,6.597712602649628,1.6326249385227625,10.829966832865834,1.6486364848926656,7.221745593634526
0885b672.qasm,64,success,8.9290951,8.907017273231332,8.488082002020978,8.88466059181818,11.226282869877732,8.920188064748736,11.563694601849889,8.945182241833862,9.18231408573083,8.84889783155773,8.400959439764215,8.804038555579877,8.214034740269463,8.920624451624622,8.441311112247117,8.846685106435627,10.079773314690424,8.927175857467557,9.678171091486277
0885b672.qasm,512,success,332.10055049999994,337.26485329038394,103.70487083528295,339.21468460182126,194.0824228502832,338.2698969759679,117.74651235317216,338.17044289010505,108.08173660750653,340.80730227078317,146.00005021034534,339.577035938038,112.14899860851092,339.93768389967585,149.5975611485978,340.5619118076914,246.20299899944143,338.8239561679638,162.9998940138673
0a0f4c36.qasm,16,success,0.1840534,0.4435682954444257,0.42682234484495263,0.3775884122468026,0.37159670020959557,0.3634348789588851,0.42834056674327475,0.33114612657455,0.4006650340917782,0.33536385614971614,0.41313121175403567,0.39841921898456917,0.4615338986599969,0.2588522654018822,0.32177967154696313,0.2771653039230442,0.29596322746003445,0.3451548687583666,0.46558347889217216
0a0f4c36.qasm,64,success,0.2601157,0.4437898615147046,0.6097744024093483,0.4763561785019717,0.49482608091436775,0.4120331588848683,0.4803516980875578,0.400896306326307,0.4834437072835681,0.39668099843671173,0.5582262846718317,0.43799318001824306,0.6106723159725869,0.3284876684594501,0.4034842665569402,0.34352012594002856,0.3581940797544406,0.3739617165582988,0.4831131946264129
0a0f4c36.qasm,512,success,0.1663742,0.5292913677063346,0.7708028855193451,0.525971489620374,0.730568840084972,0.5462602039593718,0.683392717063083,0.44726539401010124,0.8253671757038612,0.44974108174356303,0.9483331448952202,0.4395650636367038,0.6830873472977814,0.36849008591173915,0.6056856074139466,0.38337538263007526,0.8028483969183123,0.5221330965973825,0.9399324464474192
0b0e43d6.qasm,16,success,1.78757,1.7518166267984874,6.603814089824709,1.7915475401369945,8.298133631515782,1.7825298810450454,9.423994994810945,1.7937545023418868,8.170275956648164,1.7897245734597051,6.429595873569391,1.78850003588354,5.78009384713193,1.793029467748523,8.674706569260836,1.793566282418,11.36026998749959,1.783942434084267,8.705587361519493
0b0e43d6.qasm,64,success,9.9584508,10.07252777203062,7.503416738984374,10.053380361576089,8.815219914665205,10.00066633997153,11.852181509730922,9.987532721939601,7.689850588794533,9.975456236809132,7.70591653641967,9.980161548095582,6.731498754424621,10.046845372900524,9.089759715140339,10.055041832793368,10.231533561690119,9.98016224300128,11.62922059910455
0b0e43d6.qasm,512,success,373.94553460000003,380.0085674076507,105.84791051945807,379.45082318516927,138.56122002508974,382.21470594563436,130.44719035523104,381.9826195794491,93.9160389481784,379.63291752055443,118.72813124713589,383.19264598034425,89.96807187282299,381.8815087840144,148.3183254507303,380.57524069515836,215.19506161946055,375.92056898113947,152.08627405543896
0b325fdd.qasm,16,success,204.4226061999999,164.53045744209572,28.86004027820985,160.90753546796932,21.368674435988414,162.71122359809894,16.10699795231886,163.70163811175559,15.14803893269491,160.1437203835057,9.956993408702058,157.10699969139267,21.588972615385057,166.0115009096301,32.774039890436356,164.49333937573368,18.459651200569812,159.14887009917015,17.665107511489975
0b325fdd.qasm,64,success,7.9006322,7.178950408567765,4.27252389679385,7.432022262835413,5.3444160866340615,7.2061853768380315,6.900009103854776,7.205016926865543,8.248243944266585,7.065788599620189,4.463222656090713,6.976301666602749,7.787935151082073,7.119103452887059,5.131940244347387,7.013539299807255,6.722257139847528,7.077887621447293,6.008146424219825
0bde3200.qasm,16,success,0.23376710000000003,0.3709730320200944,0.4746471159219168,0.3986513146540199,0.3675812797781045,0.3879321423311328,0.3703502009753744,0.3821920247867789,0.38323434940636525,0.3784238711310509,0.36250401365780655,0.38984704525299446,0.3834993355665266,0.3529442378068659,0.3719199520120003,0.31285654045845585,0.3375947646321365,0.37019526066640784,0.39113677788986273
0bde3200.qasm,64,success,0.232663,0.3999450483101161,0.9426186827198098,0.43887845352928667,0.7424380186932837,0.41724717760810065,0.7648914781816039,0.40936387238577504,0.7510284388898916,0.3981353761477245,0.7013162091568405,0.416443304575256,0.7568047859343128,0.3817273716146021,0.7714320897163709,0.3428484058873451,0.6137915962165487,0.3762777393640347,0.8155009901604499
0c0ce4a1.qasm,16,success,0.5861573,0.5726977166810507,0.8006258066842314,0.5718858817162493,0.9401316589360762,0.5708123246152551,0.8051595299845402,0.5732725017447056,0.7815134971578861,0.5760190466706923,0.9107089767735195,0.5805297146000448,0.7044802493926754,0.5773758220487433,1.2366058533764752,0.5809405636517123,1.2577400722504934,0.5772977232477506,0.6910884791829917
0c0ce4a1.qasm,64,success,0.4553035,0.45613889305582433,0.8719124388631014,0.4521616813772717,1.0821704186419943,0.45173184111211334,0.9876106756097924,0.45748683498747844,1.0081697912887633,0.45184188519067003,1.1057217441333285,0.4505154748102026,0.9067871495947281,0.45051381120533757,1.0995558628832556,0.4539904944377474,1.022468535248493,0.45144340223295076,0.8682721353562184
0c0ce4a1.qasm,512,success,0.4561859,0.4563620517305308,2.2986892726156474,0.4486540726490797,3.1089219059990967,0.4577707552710094,1.8994580911537915,0.4630875825606389,2.278015729898552,0.4543641941101054,2.687572216454213,0.45735879337255547,1.7173837011745843,0.45829957912440283,1.1619877704325599,0.46303118054625364,1.2156222508067591,0.460811171516121,1.6845913821684102
0c676248.qasm,16,success,0.1680261,0.1759800309006344,19.280505197419235,0.17705362244261252,18.680451828183422,0.17871672268531272,9.940443910942689,0.1781091962168504,15.070579354501268,0.17776071944707392,15.694575591493091,0.1760982592636819,19.06610099066598,0.17469020908708688,26.292458251268698,0.1782395002279044,18.388531812926505,0.17645059560866144,18.741276174845307
0c676248.qasm,64,success,10.329901000000001,9.685505722354339,21.99062328378299,9.446280791651922,20.215736469685144,9.681811213872157,13.422558095733937,9.812917109029353,16.151464387210147,9.567092882366719,17.664209182965696,9.590965271258188,20.712975209839605,9.775037335852165,30.431281295919415,9.716225965773424,18.800329846172286,9.672311319826846,18.49128935574691
0c676248.qasm,512,success,0.18101140000000002,0.2577969049894329,50.879255048973484,0.20630904764912517,30.758086989205715,0.2067956722802907,20.999617595811944,0.2202413895651532,28.510252110336225,0.20793924163887748,24.046664836127118,0.21763772999602776,29.57772868545493,0.18475762681105046,26.92052309625998,0.17250511526045914,19.939817627488907,0.1852417380485297,24.786829639911794
0cc92082.qasm,16,success,0.2225849,0.5344839227535825,0.8072551659927607,0.550705446487083,0.844592280783244,0.5846731470953145,0.7353458818961942,0.4891764039371359,0.6973678894666198,0.5848128754720836,0.7210180209448603,0.5021699791586709,0.614112649651861,0.5918940331052266,1.0451497657739581,0.5654569546310013,1.190287210634937,0.5903750963949587,0.6976102525760155
0cc92082.qasm,64,success,0.5742476,0.4312729284059737,0.7725701278494603,0.4835183284038479,0.9712353066605567,0.5174587763785454,0.7730968535184843,0.4241800316607317,0.7733013653379843,0.5246353978218217,0.8403293718836587,0.48696202327681365,0.7268908094846283,0.37659394884738334,0.6803287036125114,0.48948804016881636,0.7526076502897038,0.5082462978434551,0.6841145776030851
0cc92082.qasm,512,success,0.18362350000000002,1.0240718672111748,1.5178498103880205,0.6889097558809169,1.9671114793452278,0.6564214177331753,1.1062253017202477,0.552348991187659,1.220666724927882,0.7983976705604283,1.5900350681076538,0.5655924605370554,1.0400381717566616,0.4071546245941904,0.776323572526976,0.5351639188421027,0.8819302894781126,0.7060240567949702,1.3605087679745194
0cd81bd7.qasm,16,success,1.4029748,1.3766760944700571,6.154676280055098,1.3873999715557033,7.626134707255221,1.3875565192204227,7.058752292527852,1.395568229547551,6.466621464198548,1.385537046538021,5.751661312199247,1.3893967650026418,5.567078723112288,1.3923627127604445,6.260505877227348,1.3931952751015233,9.525887096260591,1.38333543257313,6.464473902108413
0cd81bd7.qasm,64,success,7.957766299999999,8.001304045276193,8.43739280594356,7.994382698411307,10.713664595491746,7.905758458188694,10.305436531380964,7.986491391795956,8.82757089166652,7.981539182172053,7.580695594184198,8.002210720856851,7.330957155203412,7.904352462654534,8.136949516299723,7.884823233420283,9.517711997018601,7.981615397564965,8.959267347523662
0cd81bd7.qasm,512,success,285.46857679999994,287.9752797678226,118.79108791018372,284.5073083169001,172.53272041271077,287.44830447874097,106.3946470005219,286.9470598887721,98.87412997267282,286.6068473708478,118.14411460769074,285.77266364894615,96.44417584532711,287.03980728402513,139.68943248549408,287.4843670921104,212.04087861780846,285.8015942692235,153.8610866329973
0d08bd43.qasm,16,success,2469.4623289000006,4287.310914397932,10.170068359891385,4822.752042166464,3.183517232534796,4127.841828632342,4.220922285646545,4728.560026154836,4.248253079985235,4241.024823087781,4.1165957790436485,5110.92245517614,5.049159572926685,4772.60043650517,4.323860190755643,4945.925422431509,2.555614447865422,4972.434986190911,2.9186151835364282
0d08bd43.qasm,64,success,188.07979880000005,1019.8791183537794,5.879780742076773,1108.035966399048,3.0758225432894846,1130.7450317725718,4.648368376803483,1161.126765233205,4.454928357360619,962.161610854027,4.3985865682308125,1233.1725737861887,4.62507173420178,1127.7877673908522,4.280149692334172,1187.1210940880771,3.465749967158963,1147.0635338786083,3.9352970716514517
0d08bd43.qasm,512,timeout,14399.999999999989,11209.93183079551,76.98878913397006,9590.94846914966,10.614006858585904,9551.59622824945,17.62362521918729,9976.725620001702,14.036120229471956,7003.82897892543,17.705783743061037,10209.865658117205,17.05380247594621,10233.206011849128,12.414345829107665,9527.681154508266,4.480177417905528,9221.65753741193,10.498895984453869
0d094263.qasm,16,success,0.17983059999999998,0.22076714900534855,0.5487816094919767,0.212731634227531,0.4006571981809197,0.2136460185521533,0.37472746334893536,0.21084918664972713,0.3903239356433837,0.21122784566254327,0.3836858691530549,0.2121886266911141,0.4418315314819142,0.21709084818035185,0.2936253847416065,0.22273553669064555,0.276779170034056,0.2127220547466976,0.367647018302217
0d094263.qasm,64,success,0.354708,0.25200351199725574,1.3360001216378794,0.24790025167269972,0.531022009153472,0.24744881629160087,0.5054334034788174,0.2422892327957296,0.5234339442282375,0.2458735754799098,0.5022142526733431,0.2439331607862678,0.65772297134004,0.23347429413039966,0.4149641647789969,0.2381146109737036,0.32940666847707656,0.24502766336556925,0.43208439071581956
0d094263.qasm,512,success,0.17570120000000003,0.21822661630771412,6.842851972872132,0.2120506613824826,0.8833807787241565,0.21092759854388843,0.8112699513661857,0.21006232321219775,0.8221150899093048,0.20943236823236758,0.8697317209131367,0.21264822414567516,1.0548159546744675,0.2067737412688896,0.4657355266915701,0.21423858083032804,0.34345192896737065,0.2114465557035822,0.4605765943592637
0d6f51b4.qasm,16,success,0.1818558,0.21822147071033865,0.23540715542608934,0.20982054643892906,0.23062662670975728,0.21721615607827535,0.2327151923453081,0.21230477226691172,0.23861953728692648,0.20843155265363275,0.23293022590608392,0.2101959941071135,0.2508986674240919,0.20725948473868933,0.20328463970130903,0.21008403788123334,0.19878629074398393,0.21331570558087584,0.22475693899145385
0d6f51b4.qasm,64,success,0.2284205,0.2735759584220004,0.3895877648108287,0.28437578612022035,0.3485793265542124,0.28401938036253715,0.3704307382061235,0.27971970744092806,0.36161244491929406,0.28306452716118147,0.3459305126239252,0.27883877798699186,0.38549742742711474,0.2319428100153707,0.2929385022769267,0.2450528140873981,0.3006666905139479,0.27226860291947896,0.35976155205365434
0d6f51b4.qasm,512,success,0.1679753,0.2230058324316095,0.2585746896713852,0.21950356233294235,0.22657669685338247,0.2184435231063641,0.22669386667403182,0.21555203966965134,0.24202091383939314,0.21468686048712748,0.22397913841159842,0.21708746476333332,0.243206479875018,0.21094139224181613,0.21532636288423526,0.21503351178423452,0.2091521397523128,0.21885979719003298,0.2185852370965378
0e8ddfa3.qasm,16,success,1.1595966,1.1915508676252289,2.971236164857052,1.19492143403881,3.1557132406952086,1.2011602626747906,3.0455004965476307,1.1966217473578882,2.3610121535816604,1.1889030340826539,2.851486617297875,1.1976285358936791,1.8499367501069697,1.1952197721573334,3.666311278944104,1.2076629316440946,3.5472303209435085,1.192235877839622,2.453264745349628
0e8ddfa3.qasm,64,success,3.4204512,3.3534625094267896,4.19793153907616,3.372228771256114,4.327609303702868,3.3657488666110775,4.524733055591889,3.3562629617759177,3.5534189952126223,3.3964823508554,3.62187516017641,3.3894859389862386,2.824587557766677,3.384442730039802,5.020275014529135,3.405925127606815,4.573435763642412,3.4087457537382875,3.8908989676892674
0e8ddfa3.qasm,512,success,72.21635219999999,71.99735603393967,30.808350709449822,71.22383709077484,55.15518339669943,71.54083088126424,30.250807085466615,70.42123277290156,31.691334694577915,70.96927251427859,39.012006792405415,71.35685344336888,27.445578848776098,70.85739514947124,51.473931225063836,71.84692928453339,71.81444065225774,71.09453399168672,29.871458030741376
0ee54ab9.qasm,16,success,0.17814269999999996,0.3740232754527838,0.3897364629813892,0.2959813601175893,0.32923718757177306,0.30285653144575825,0.37057002493022834,0.30598614971793314,0.32379052770983086,0.33932032659778405,0.3478623714726134,0.35211946503166075,0.383296847964247,0.21761470391726054,0.21026706939677664,0.2096467850515801,0.2068529622023533,0.27972572947800745,0.32037690677188124
0ee54ab9.qasm,64,success,0.2257454,0.3950561610829188,0.43843372295165245,0.3198450691534596,0.3576155851585664,0.34167733357983227,0.3911046545820498,0.3351747612299704,0.3857822661072305,0.3474360181495135,0.39511744922429937,0.3527931041754256,0.3889161005430442,0.2667239541026973,0.2997102811988093,0.2591797431517161,0.30324016452386066,0.30855051244871223,0.3738409951376314
0ee54ab9.qasm,512,success,0.1782451,0.45264422405080806,0.5468539955735215,0.28203541085363665,0.29838774934092027,0.3147454614166777,0.3266971115735138,0.2795358374844123,0.2946822686402306,0.3255332519486522,0.3097799066229631,0.32606867215530094,0.34617163523039446,0.23372314117958518,0.2713742071195907,0.21054006011019055,0.240616453922891,0.254133026098115,0.297138747068612
0f6ae53c.qasm,16,success,0.17492429999999998,0.254829838529039,3.221797344902566,0.37228082224139575,3.3091642085523163,0.35711154870461614,3.0483871565830345,0.4028790196737314,3.2887862750957506,0.3460618585933286,2.7967202357719048,0.3330898761468918,3.5070075715245097,0.3408475649159882,3.0187246551682976,0.42305336624836176,3.068173750875509,0.5462399623193506,3.3084046459512244
0f6ae53c.qasm,64,success,0.6351061,1.0028298192044882,4.13288194285118,1.0666761526249773,3.6044723555663896,0.94105969924995,3.103423964166142,1.1466659558723096,3.0168258299116895,1.069513058066507,3.258201048952186,0.9846808345098025,2.9764229719531867,1.27405643918644,3.1090936182926803,1.1038162419927278,2.754134393211004,1.2355512302851726,3.30464529645915
0f6ae53c.qasm,512,success,0.1797566,0.31157017312140106,51.34252771260745,0.5735687217971318,51.23983253610506,0.5024912005482844,47.07716060730232,0.5979924263323579,39.358995156268655,0.46263337311854374,67.5957317188288,0.5351843773029553,52.707453986432526,0.4531514110189332,56.07293294595872,0.5648401980154251,38.07268788488358,0.7482019159878828,60.27316482419226
10761caa.qasm,16,success,1.2039713,1.2198166184447545,3.292308926031009,1.2206503600403338,3.5396957764199617,1.2213196413890843,3.111040496239687,1.2228561906171256,2.679578099242212,1.220842310739877,3.0999211259116124,1.2086089578578034,2.1080242520381334,1.2129979598119183,3.804119486044121,1.2171261887651763,4.052342823554106,1.2153898299074017,2.6389528677149556
10761caa.qasm,64,success,4.1564553,4.157117316610877,4.5856952187659035,4.179398875152556,4.80807753973608,4.164403910037255,4.653422873712638,4.136475059090085,4.072807489605329,4.185536527770128,3.7713119153672947,4.18428406274412,3.210063196867759,4.168274866160473,5.298898916596843,4.132048485457977,4.917747966978234,4.170424762515873,4.041602490738738
10761caa.qasm,512,success,91.75166269999998,91.20740388739992,42.151370141957,90.87925002112068,67.09888483085685,90.46159532291783,32.07148919184453,90.96374963533833,43.01535931631984,93.98750258617625,46.868657873166015,92.59297125501143,32.88047302965249,92.02611382608838,55.34912800290963,92.50557675700608,84.97395306690812,91.82208549082954,33.16555267984723
10ea3498.qasm,16,success,0.1689698,0.5669446133940188,15.876070621603358,0.6180428943399514,11.256634468997598,0.6520284126706083,9.702110725369549,0.6582471475246244,12.767168447545549,0.46775655170376734,11.414388195402482,0.5003444403137799,9.453593753722219,0.7330995139994617,11.6778768944221,0.7554448447135103,10.216531524417267,1.036748926685086,12.226099516908123
10ea3498.qasm,64,success,1.1595227,2.58299277478068,10.307203704537104,2.729178761469753,12.088070360939497,2.090660985066364,9.164919409296441,2.591726752294261,9.275827728574088,2.5686535611277246,12.151259776400975,2.4640267848758004,8.795852261667628,3.509825048735604,12.013193484024015,2.798404334041207,9.171912443998114,3.0665118235898614,10.075126959472502
10ea3498.qasm,512,success,0.1702938,1.839908372226005,43.37421477530994,1.5414185561921452,33.69056512943126,1.1121358312521785,29.03003442338051,1.592450288686305,30.687142181811023,1.262632006802147,31.283826701177166,1.509360041568663,35.940671081384714,0.769747436503684,22.13549629330505,0.432112687485836,19.685883141722496,1.2386465488109886,36.75984313279422
1154e9d9.qasm,16,timeout,14399.999999999989,9035.26611718711,14.901152208266097,8604.072648784311,14.795657655894669,8575.395231773895,14.103442799031777,8056.922947872869,14.81733328209872,8931.35593633141,14.929239873453886,8801.811563503003,14.97612339217214,8344.46695104595,15.078031677539528,8623.966110895532,16.078669459115293,8533.480469720384,15.623563761892665
1154e9d9.qasm,512,timeout,14399.999999999989,9328.90067707418,18.050417420285815,9626.791563612958,19.928312378534542,9574.53601226199,21.041391235309018,9456.953090778687,18.44105759448735,9940.046814159763,20.22973792070273,10041.391459154931,20.955804468989474,8883.645726433399,15.501283766731884,8939.685115212182,14.465009418823568,9575.829251139676,20.199747815719668
12157215.qasm,16,success,2000.5838667,1469.7229191476401,69.38441763619254,1469.8552117920717,79.9748409569055,1507.8406886809885,67.37834352398993,1465.1737103592122,55.716176682346436,1526.790287623323,45.95002722659514,1505.152158416651,105.06087163085127,1463.9872899742215,52.41845102036839,1419.7281979156714,60.50566918076249,1406.1822766567145,50.37523826939739
12157215.qasm,64,success,851.9857254999997,1152.525884470642,13.484955552639779,1261.793410487482,24.183493301445996,1203.9697603165114,29.22641295369442,1212.6415959709173,44.678664328743025,1289.5119828190795,20.351113766380863,1328.7494771110569,46.43278635657555,1048.7688066997662,11.01478825163228,1155.5963086667152,28.331708810744548,1249.5970161460293,26.08878109135449
12157215.qasm,512,timeout,14399.999999999989,14357.436695902536,1789.767910434727,14149.719087121819,1499.6757319417527,14066.175369970257,1573.7606937051394,14026.337588257014,1527.3481432429076,13949.647180499778,1300.5520511833317,14232.380249065624,1218.8431094638258,14293.152511876411,2169.7092746819544,14328.293012604776,1825.5907528107414,14141.00157889016,1334.0778319700748
125f60d7.qasm,16,success,1463.3105540000001,1042.2584127314688,39.287042517132406,1132.281058920034,27.252629788368555,1015.9187235398127,18.856450696741597,1110.4787055176134,26.317150247868224,1036.373280725285,18.993061056792612,997.1178205433642,36.23003890003177,1152.2491689947922,24.455137786654433,1015.5121982207083,16.517564054107037,1034.925006116883,17.718477634697976
125f60d7.qasm,64,success,804.1303602000003,424.3508624402007,4.5404878281316225,588.0914920528423,10.392102231201342,560.0859282936669,9.454935036162157,620.2238703527073,17.01904275862276,518.8647119748591,10.291987252870848,593.9183324894954,17.260878284450733,488.5408214495884,3.589188114278474,469.3152852359367,8.09056915840298,589.8872905479274,11.190486378570208
138d2c7b.qasm,16,success,1.5629332,1.57039175757675,5.580995423342603,1.5635916056757815,7.368835370002484,1.5671439462632313,7.099465140795021,1.5686489304955276,6.379619832038716,1.5684083111770168,5.057420398800204,1.5646503747790133,4.882198677131108,1.564899445796638,6.141516939792696,1.573798659048886,9.579502074554785,1.5581731809795165,7.211063238710748
138d2c7b.qasm,64,success,7.723485,7.711689262262608,7.130329405917485,7.702954193104145,9.791670521933716,7.719386455416609,9.823283144960088,7.692723276321024,8.144189265567979,7.727761076410852,6.424799050647442,7.722761199670636,6.053301989546647,7.6650331007404136,7.686578729641768,7.698027237001792,9.065249239823514,7.735529815742813,9.52832354488642
138d2c7b.qasm,512,success,266.476829,261.5515936435316,86.17943675485944,261.8798925994191,162.19117188929923,261.3895211838085,103.36250123489422,261.71091501751044,86.1051028732813,262.4556493819264,91.15547572467386,260.26807011006696,83.03427568242314,264.6135557647313,129.6014807596097,261.5075764872869,191.22653458858764,263.4840929270615,144.1887203525046
13b8e3f8.qasm,16,success,1.15246,1.083659957172349,4.056925443570522,1.0782549909081927,4.16868679997222,1.0930960114737445,3.9635635660654853,1.1043825448763247,3.682136625475793,1.0957061592761408,4.183904711619194,1.0930501965643133,2.5835685122460865,1.090437900839501,4.910291894860457,1.1011887645886114,5.634054546289856,1.083892716226282,3.3994103854878297
13b8e3f8.qasm,64,success,5.056893600000001,5.089599278121662,5.451990554358532,5.1176064513900945,5.453514866748035,5.053104815693017,5.790554860411126,5.079432585258761,5.2516714567057035,5.05715230894572,4.904258637014144,5.094013734613446,3.7589503982139707,5.047166821691176,6.3823022856420675,5.047366361520348,5.956913528867572,5.103187507172562,5.2296970157398235
13b8e3f8.qasm,512,success,143.3873458,143.0037980473673,57.58899162688997,144.69667521712265,79.59565327891174,146.87129203367115,46.12820181782447,147.05450978454485,55.55210008467844,145.70663124376298,59.28963369130442,147.64375127099063,38.40895634420696,145.2017505276845,76.00639270867012,146.106997053992,121.8531269034766,146.87490269165434,46.95709277694687
13eb49aa.qasm,16,success,0.1763388,0.2376484542289273,0.2409301165384638,0.21182336491666406,0.27850276669681207,0.21779604929406338,0.2612934770433002,0.21023536982751698,0.2234308555340038,0.23057526275534063,0.24732600271064567,0.21840774661205162,0.27063799014219964,0.2141571217867859,0.2644684272581126,0.2027685250052621,0.296557396530262,0.2118265515804352,0.27390055042591555
13eb49aa.qasm,64,success,1.03723,0.977653575373737,0.349475191043735,1.0029288883320822,0.3473817838395807,0.944573448434045,0.38241663822869837,0.993064290097835,0.3434595225431863,0.9607511473358534,0.3770076951481614,0.9952616455569554,0.32404834449503434,1.0327891433687393,0.34795899310379474,1.0333796864014642,0.38081470411331914,0.9891313402621804,0.3939311267978162
14019fed.qasm,16,success,85.55772610000001,17.186305301505474,5.224775703619929,15.788736715509742,8.120924591427219,11.961160379691831,8.838388413617896,15.018952774027861,11.879399520912358,13.166262660565,8.407940740636144,12.990177539590771,9.247012244774135,21.606138181379723,10.951017144317353,18.01382397552803,11.192898395186676,13.865114228466538,9.200325239082263
14019fed.qasm,64,success,7.701556400000001,6.258419343831641,5.023241016559724,6.950068362103212,7.826470440432623,5.95430532076314,8.727695144378606,8.122588400140456,10.202474182642232,6.385254363169725,9.648031842513367,6.845826094459118,10.29845490907853,6.2698858943984215,6.939057105604925,8.453380554098802,8.275270229294671,5.691875320920165,11.760898134283856
14019fed.qasm,512,success,125.55042679999998,23.57099001993593,14.776647967566598,19.903156912598952,27.284643244406414,33.28817753127552,38.15644202380201,24.534047670457653,25.607142886803434,27.24546464477873,30.14322148322281,30.86951001636194,43.71016412677145,53.8946282378861,109.02959539240162,49.494830110737695,55.18925427036958,24.578610203597894,32.17625199700918
149b1e7c.qasm,16,success,5.221844600000001,4.321174984500305,3.685528788673729,4.205704089214086,4.658528542653669,4.235296952223818,3.7998414920281816,4.326842652495992,3.8603684531097757,4.321095954133464,3.6263869552498362,4.313290944127286,3.6061380810177806,4.302893827320038,3.1361491647571453,4.395338049513103,4.09652433563934,4.205490162425915,3.0275062723307347
149b1e7c.qasm,64,success,0.1728306,0.2612485945422848,3.9424622215129563,0.25392993842503203,4.287527147140206,0.25555757965138615,4.483332268818637,0.2547261240290508,4.259681390926006,0.25472997494367955,4.631076949709811,0.26231691957959846,3.707798293114702,0.25650871045924173,3.329779030506485,0.25780781616444265,5.417183799141182,0.2657169191605164,4.526705311561963
15434610.qasm,16,success,1.5159936,1.616220083078781,5.598787003861804,1.5946023094263249,7.404131847066331,1.6120421267838088,7.099465140795021,1.5953985206207046,6.398143846218098,1.6074650592188466,5.0850573090679125,1.5900280114778094,4.882198677131108,1.6205845274378283,6.141516939792696,1.5978160342939653,9.453367954553583,1.6120528052511134,7.16055375525527
15434610.qasm,64,success,7.743600700000001,7.751868124784742,7.093823531855971,7.675274060867889,9.791670521933716,7.7242567848355295,9.793280220309365,7.596517168794241,8.106847428410752,7.794493581865577,6.516781028509684,7.76596252117043,6.053301989546647,7.775953143558466,7.686578729641768,7.739765040692805,9.056506130817093,7.73576320515953,9.461582943047667
15434610.qasm,512,success,260.9629377999999,263.2440383014187,85.22931551555583,264.3251681539632,162.19117188929923,267.5066755608649,103.36250123489422,268.76415345074673,78.81095030751413,265.184557476763,91.15547572467386,267.0793309510663,81.9881857873056,267.2695799806704,129.33538958436722,263.0765741153561,184.16025081325012,261.62989648444494,144.1887203525046
159b3481.qasm,16,success,0.5732643,0.5610203615694564,1.2706869151541011,0.573126678519017,1.4671642146329988,0.5767313570026105,1.2643380566166582,0.5587438862189976,1.040394319535985,0.5622718403158682,1.256337755207279,0.5743924932201235,0.9299806674397854,0.5575523708528918,1.6150702433285407,0.5712664465481546,1.7663325998235997,0.5664778751394237,0.9998945981713625
159b3481.qasm,64,success,1.1235271,1.1545273475511775,1.3942257427955953,1.1210826736419155,1.7399671995026018,1.0875371179822695,1.6002010725560063,1.1299482794640796,1.4241676637874519,1.1365830567825181,1.4699542165961532,1.1166069419234947,1.2644069878658464,1.1131890773935535,1.3121681378404149,1.081459997092875,1.4178129987122408,1.130280997020573,1.3512674424552935
159b3481.qasm,512,success,2.7779996,2.7172113677003655,5.719763982085133,2.6324531955211325,7.777225404852303,2.565983989369754,5.04421664959988,2.5817085005469744,5.5424944989347065,2.5830393663763616,6.228367249408934,2.6709458808710207,4.459556912277964,2.777439397116786,2.100256592681883,2.689157008745228,3.8032826466672036,2.7419308161927303,3.865878475528041
15c28669.qasm,16,success,0.2514302,1.9190002950764915,2.251149273377079,1.6070872618811487,1.414724761367427,1.7796083002662522,1.696646945949714,1.6994542523224936,1.7072728769064007,1.6470489149764864,1.7647448979761422,1.6004432704794596,2.995619946654416,1.0610358944944778,1.027967071003929,1.2073214375747467,0.784349362598988,1.4948723410240201,2.1839291697307677
15c28669.qasm,64,success,0.3990744,1.0219455070115426,1.560799868638696,1.2220653583886671,1.475374686040998,1.196206762218414,1.9642551519686076,1.220588328657901,1.909828221406395,1.1567984512568543,1.761099228786386,0.9247322907278039,1.9040504780255318,0.831958932696019,1.1672489003558268,1.1247045486112697,1.0523876129971932,1.1333874762960947,1.847005368061838
15c28669.qasm,512,success,0.2419986,2.590941730500915,2.3306185469211407,2.9532514427618373,2.5066650417425156,2.6874545710786704,2.8042766156647176,2.366611917759568,3.807322479237538,2.4010774932195016,2.7893011473541622,1.9266654443982678,2.8086814944607044,2.2883180462165513,1.8549107107069231,2.9141972476825546,2.0670529846635057,2.6424734645348624,3.4872284829429625
1619b169.qasm,16,success,0.17318939999999997,0.3098791422453808,0.42237251351524935,0.32263513308419256,0.3295151367483848,0.34484051801255317,0.3560793506924997,0.3072109285145489,0.37280961790920325,0.3357042574871176,0.327024754023704,0.3807611941863938,0.3985584611882196,0.28289377336536,0.23787962981884067,0.2741924511927727,0.23357845294019997,0.34617458529628264,0.3170326087787115
1619b169.qasm,64,success,0.1710901,0.39459694592192535,0.5126721109721312,0.3928723744130181,0.4889303444653246,0.4321566773678949,0.5167012751478722,0.41550173647271904,0.6329126174254462,0.4171902502833425,0.5786351221323596,0.42695894859291283,0.5928716538126119,0.3735294279716779,0.42362605131653247,0.3850693417375625,0.375853758609134,0.4453396543746748,0.5086882918166905
1619b169.qasm,512,success,0.18216660000000004,0.34506092434103436,0.5468962180700706,0.34327895872666037,0.37561811829307445,0.35800805448639744,0.394437819245595,0.35316935562827406,0.38584179182048545,0.3572770095777641,0.3241262060680411,0.37949532399122055,0.37793321632992594,0.34468196744387386,0.3603301373265581,0.32746094810982534,0.35549421754985516,0.33237873561360776,0.30669977061714954
166e9d3a.qasm,16,success,0.18061239999999998,0.4575658814685986,0.47291424852612723,0.4000988368326902,0.5426952983465798,0.3961896808711775,0.553151034977268,0.44317285864666606,0.6441553229556624,0.40713004824014565,0.5072355220429128,0.42314147200188457,0.5476917587682455,0.6243153244896638,1.0183813777152255,0.6739891659479735,1.008199526057804,0.407840426676993,0.59903062559162
166e9d3a.qasm,64,success,0.16925800000000002,0.4507289965648884,0.5083814757254924,0.45085000330322694,0.6385791165670827,0.4679069883718522,0.5836750100090622,0.454488850680626,0.5697676701057075,0.4610836976138478,0.5974345697380772,0.45274316212839305,0.6130774198189828,0.5028089385752057,0.6981056130503178,0.5120054568812616,0.6559728665866644,0.40757080800659445,0.5634602328279732
166e9d3a.qasm,512,success,0.169438,0.5291247757480482,0.5217928877281679,0.6103199866333718,0.706659252604039,0.5479911519540508,0.6108617688793203,0.565558199701339,0.7451046570125845,0.5970993708609611,0.6371105268858723,0.5911149328109626,0.6199301340984559,0.6122360059415045,0.6062016145571234,0.646167365918823,0.600785032102087,0.5419289057140076,0.7266554307046958
1688d759.qasm,16,success,1.9672979,1.9503489799645228,9.042601736409004,1.9521668084313477,11.180749686534085,1.951773132810297,13.38376391429969,1.9511798404018685,12.040751435687456,1.949257262882311,11.683050582964997,1.950904913641051,8.150574967593357,1.9487716326359026,9.58652110421936,1.9523848587841859,14.11752547880198,1.942116411083845,10.83758343512746
1688d759.qasm,64,success,14.099032299999998,14.335789897244993,10.522000574512804,14.189344374147492,12.546806269225971,14.197073605772442,16.213584099382377,14.195557222180623,13.270450905141553,14.121810042233935,13.924723455638375,14.180154974112094,9.498284704439103,14.19888478729191,11.718213205208766,14.040770622955495,14.268314004246507,14.220275155415493,13.840351141140724
1688d759.qasm,512,success,559.5118791999997,547.9504447910804,178.06068059926886,543.8581347230432,253.9021212799185,547.6184959458169,190.77201448353682,542.7894573516533,178.84932652706186,544.254986579709,265.71495357199507,539.9623485315415,145.36836897331858,544.6775789166621,194.84664492967207,546.021083631586,363.4784593144083,543.405093131105,230.2639215493681
16ff70bb.qasm,16,success,2.1233068,2.1112415779895413,9.091554528152814,2.1145461558630183,11.658604128604827,2.1016790277970117,12.00268408783201,2.109256010867724,11.163691244921171,2.112070808187059,11.12494023258814,2.1164690528158405,7.839291183084844,2.109538175339424,9.485523657292289,2.1079219815917716,13.644860063403163,2.112631000385371,10.390228436302388
16ff70bb.qasm,64,success,12.121247399999998,12.098968550446685,10.543857469361551,12.111390538760482,12.78267348832123,12.118622966333392,15.87381783544869,12.143903561659489,11.491461296074727,12.135259570210602,13.286197211765463,12.077856367634975,9.665406935034113,12.124773411309617,10.390870853433498,11.959981601786637,11.998645523489467,12.150613857785585,14.45309982824235
16ff70bb.qasm,512,success,493.81017920000016,470.02099296820876,172.11921286920594,471.5133867492842,213.32341613546188,460.8422953879077,193.03972765055727,465.25862514636356,186.48606222556572,471.53549754331686,270.23401712224285,468.1765820447896,160.2887645244499,470.3516760468911,222.4180084677588,471.98420028067244,347.68396422517475,470.87031581788546,236.91227319671646
17253376.qasm,16,success,1.7846797,1.7546749386178264,8.96048998960963,1.7478172214032028,10.034571809860578,1.7586834555900261,12.318535492933984,1.754094310244644,10.340138575374247,1.7544233518690833,8.90295321624285,1.7590602491304737,7.13316526120396,1.757183564382228,8.952802387140919,1.7580577580487642,11.185280075828057,1.7453550570736103,10.12591348111412
17253376.qasm,64,success,12.199884,11.934111416656155,10.023628699005782,11.697160149588585,10.811038892663642,11.73349641408528,13.99183661498451,11.939696604459181,11.895646912574538,11.593702401101869,11.304207676034563,11.571230585033398,7.978282550300674,11.773174476078209,9.913870926234377,11.67868536133477,10.51873525663984,11.749722881019327,13.123255480687655
17253376.qasm,512,success,464.4622878000001,464.6995743521722,198.56035760357057,465.6733225897853,258.42231353031457,466.49415170605926,224.0087879294945,464.74319482572423,171.9244818422364,463.77080711312374,193.3038262361701,465.1402771467914,145.17628297218462,464.52152816459693,200.08245901842477,465.33749304641316,318.359166766858,465.62557410415315,243.32855152331314
173d4b8b.qasm,16,success,0.4365735,0.7856929507325366,0.9161207995083279,0.709849793896959,0.9544128791525923,0.7551321932680187,1.0159814665325704,0.7604318368730528,0.9410290410422568,0.7637102985403432,0.9753267415939411,0.7730145469357346,1.0084300614594388,0.831557580720341,1.0142967357987862,0.7986322582190163,1.0385724703437629,0.7961438705107869,1.0612608989485193
173d4b8b.qasm,64,success,0.4759959,0.7991395228013838,1.1596682360838286,0.7206834630575929,1.2395954242541292,0.775405388060548,1.2466853773129185,0.7793574849923706,1.1526857164764568,0.7671260999057046,1.205471002593454,0.7800409414297365,1.2034023633026698,0.8564721632993334,1.1534978166227723,0.8171981802203435,1.1221582259626788,0.7992142916112362,1.2299843414652123
173d4b8b.qasm,512,success,0.4571515,0.7674470719444286,0.98858467851673,0.7057213959736167,1.0081663645025611,0.7491578749989608,1.069328033745273,0.7504197492373554,0.9981198078976219,0.7543326715797112,1.0198438904227516,0.7653268417531139,1.0558274021365928,0.8273440361476205,1.046915235346902,0.7794874034624399,1.0079204413492493,0.7571816046923406,1.0389509587873849
175f2997.qasm,16,success,1.5397053,1.4988538634636774,5.192660302097872,1.506559187298422,7.012465079765559,1.51112615847649,6.733988526492635,1.512527744353072,5.883121759117509,1.5251983491935077,5.058924456695922,1.5065786460344217,4.504245675334731,1.5138223259954866,6.000739094608101,1.5129556535358113,8.811665530042484,1.499437017290775,6.313504771312975
175f2997.qasm,64,success,6.911357399999999,6.877466502906073,7.178698575572116,6.909874547442483,9.714292394982714,6.936282847359398,9.113552792577549,6.925565116390566,7.858819923484952,6.920763689301204,6.483277323307321,6.867578585123266,5.87381528404628,6.931228117538604,7.621824364190509,6.880978830599879,9.227503670007298,6.958984016896316,8.71585969709234
175f2997.qasm,512,success,203.2557665999999,206.37359278878486,97.08679764993833,203.32627355535314,156.20057711362014,206.3467252321028,96.77383661135086,201.2259242951108,85.43138983519209,201.44284095089102,86.98544784479216,204.22361828515977,76.47048466655085,202.9778922694032,125.8334082436212,208.2572804044644,189.64924274869733,203.24907578957104,136.946354621858
17e5a14b.qasm,16,success,85.25765730000002,59.965432794497744,25.224236858090656,59.72556720991817,17.51993930867274,60.993931607381036,13.269894973966968,60.341654579912806,13.200396912853817,59.36485612216051,7.405873244198224,57.483541487060144,16.44588378462808,56.20104133216968,31.163439407768994,58.35281055822271,16.576453281760486,59.365771859455265,15.898503382089428
17e5a14b.qasm,64,success,4.9438845,3.7485751528186775,3.415630034575938,3.7557719334047563,4.468385836333606,3.707855677548726,6.6471890137250815,3.8459231789619035,7.065941813051533,3.6986060346062004,3.861572451916353,3.73770284059525,6.681062163950051,3.7502560541812766,4.51398175397863,3.7003113074358227,6.160631773427094,3.642790853097751,5.355150475767183
195099c8.qasm,16,success,0.3044958,1.9065705363066863,34.49926064259432,1.0443183189738443,22.669304403832644,1.2283246288112009,28.73364345984097,0.9359522676411675,27.34260338935554,0.97726281858821,23.026152026145844,0.9193078645831967,26.119303860057396,1.1271399551318892,32.50009316048387,0.8978621871014212,26.06320451681029,0.8328677425835381,24.760245636433165
195099c8.qasm,64,success,10.437987799999998,8.018150059164194,25.35983645866367,5.284758955419789,24.092376581125635,5.082873574816762,29.043962218577917,5.376493174193293,22.949527985764227,5.043787234891812,21.017142637753068,4.855071991994496,22.51062034927502,5.660178642910675,31.03650329902283,5.9504242862937105,23.13836926092865,4.702301399911772,22.045152856052937
195099c8.qasm,512,success,0.2926443,4.3962163235435,116.15096225340343,1.964801399052496,63.98361768232644,1.9886562359775748,61.367553708608355,2.3134381480055515,70.73978264385444,2.1602869360580885,49.44275540918068,1.7124437139295006,41.271960998116704,1.182993264325385,22.116380229418734,0.860604932496397,19.39031090306754,1.9984073994962825,44.12915572960408
19550378.qasm,16,success,0.7261901,0.6053686074878248,0.8381381855633907,0.548435680347674,0.7165562244831474,0.5372713549624125,0.5581785080028778,0.5399914434753154,0.6077781218389339,0.5476242602818373,0.5442922072820583,0.6840146382192459,0.6985805521661334,0.5212271017520393,0.49735698577985377,0.4904665597751198,0.49936410843861906,0.6038681732355268,0.5232926389813203
19550378.qasm,64,success,0.7177524,0.864422440460665,0.8578446084144355,0.7146268702423832,0.7239821107247186,0.745245065963285,0.6920708225811298,0.6239003139086409,0.6568807575093005,0.6716492111403239,0.7191312638808857,0.8688264972947182,0.7390770477996107,0.577013341237954,0.4397302906072687,0.46518656479566556,0.4296753589956891,0.7858590869986865,0.6918426762954324
19550378.qasm,512,success,0.7171464,1.3699532923648774,0.9028221377922334,0.8443371131862609,0.5964047437752791,0.777560887249035,0.5278968390121925,0.8961317370780706,0.617967449856298,0.9659741194712242,0.5629400771024764,0.8831802160836568,0.5479078775651975,0.6827779373840627,0.3896498032800571,0.520031866933647,0.3551973924368297,0.8630652633769283,0.6212524368382004
1959a985.qasm,16,success,4.8913162,5.106317888591929,0.7648606826456383,4.710871788649561,0.9117119682869999,4.827862289256566,0.9226811763973184,4.455400378523861,1.0313259604524783,4.979068020971465,0.8946579811740747,4.699460776296263,0.8565906516328117,4.94273912434687,1.3445652153669039,4.5353121073840095,1.411976978759155,4.683177142839086,1.1419783710915703
1959a985.qasm,64,success,31.2692711,4.131991923161226,1.425204093470927,4.629683342963712,2.505905388925547,4.600834543764972,2.5492953573632193,3.9911288013450976,2.576296535681987,4.882900431666029,2.264895995139441,4.132868565558475,2.1484566459026806,3.6845893988782707,2.862592120757661,3.605743938750328,3.3490814491581324,3.1986342728697035,2.935424023167459
1959a985.qasm,512,success,1435.4921207999998,723.9792918501317,5.038108898421717,760.2495904082026,25.556776393984325,752.7952335929847,30.47310759127993,749.0409885928159,29.761397853810752,705.5795710662399,28.743335678103705,856.4531419327424,32.596266812191516,824.354565230646,57.095741621742214,755.4635901126587,57.378692568594694,758.5560042847943,41.614724784733475
19d587f3.qasm,16,success,0.17350479999999996,0.20432558218602676,0.21682550186883412,0.1953501044883959,0.2098049628354774,0.19096433191598944,0.21098777820349807,0.19617741529141955,0.20793899462371135,0.19293388513430024,0.22216049488955467,0.20914861209441032,0.21609197280742998,0.18911299987180952,0.1966507354708777,0.1904456566142731,0.19771094689127194,0.1953574728590414,0.20408620461733792
19d587f3.qasm,64,success,1.2004384,1.0078064627356265,0.9949039910802896,0.9104904036386874,0.8533240314272441,0.98648332041465,0.8411790107651506,0.9930412792831618,0.7978048460769721,1.0553528133864776,0.9735166402980557,1.0145036610905587,0.8961465024667171,0.9975126057383191,0.6142475463076652,0.9275105566944031,0.640401376364622,1.0458756442394375,0.8931626245792501
19d587f3.qasm,512,success,0.172592,0.22600267326147866,0.23139953133898383,0.21010923955896307,0.21202018157515792,0.20752632604078666,0.20882965281142246,0.20120509511540077,0.22485555166131613,0.19843180625541385,0.21371486165119502,0.2126634690354411,0.21124378910421032,0.20165152047513302,0.21223470937579522,0.19585651198857068,0.21539603655622447,0.1950047669324871,0.21593428188011382
1a554de5.qasm,16,success,0.17159249999999998,1.0085181254752797,1.9923134795866453,0.4923145958209959,1.600532009602661,0.45714102227389836,1.509690146875961,0.6406523414970413,1.9613774833712974,0.618222211191142,1.6295558602656661,0.858426152317015,1.7247386922143366,0.3246389856729427,1.4745801211553355,0.27978783988131695,0.9187033359607035,0.41660929274636604,1.5541952186128938
1a554de5.qasm,64,success,0.1756577,1.5943677106060672,2.577880240446145,0.8843556666116156,1.8513127739864172,0.8512723403191546,1.6841850300498777,0.9604675261501816,2.088039584151632,0.917597883013938,1.8324068805178304,1.373354310823116,1.8478137870729485,0.7953908085167105,2.0306591219707295,0.6166590239244438,1.1938616921710936,0.724198928766328,1.9337563416938115
1a554de5.qasm,512,success,0.1775085,8.619227971026408,25.46844094378224,0.9843626731525212,10.128237249859863,0.7052437006843891,8.026312044486609,0.8881604650315709,8.703178585522917,0.7279302764782284,9.26697625803062,1.2106653902229125,8.99044580159188,0.45671052988018884,3.0819286004255693,0.2990790087627745,1.7031170748622635,0.5856397246755445,5.588240366032874
1aa22822.qasm,16,success,20.512900800000004,25.269164961325064,25.059141994735683,25.101215931446127,12.714209226596875,24.702006333517236,15.855851665362719,24.974967896553135,14.633934997155785,25.081620622748023,9.02165208193096,25.85165056914421,14.026495264854026,25.798105197568315,24.845310798418378,25.624064131907428,13.247679688809221,25.555236689659036,11.012557638348
1aa22822.qasm,64,success,1.1141745,3.080624496377519,3.254727684600479,2.8975775267421136,4.613919423940778,2.897168487855013,6.969910072015157,2.813202956165136,8.58654817640211,2.818405754764132,3.823731027146622,2.880280669298691,6.689867239534364,2.82045688241736,3.711228409652332,2.822628209474721,6.789569712617265,2.7483543823864407,4.201268574050374
1af5b336.qasm,16,success,1.0828512,1.1136254947734705,2.1612360886093844,1.1085758042250338,2.1608486711960255,1.1086094240470352,2.0284997346295377,1.1020077498856025,1.6847885736293846,1.114202661495731,1.8916675171675132,1.104416019249557,1.4496102485966973,1.0911567201662473,2.59243302951598,1.095753208629024,2.864437324289435,1.1035254837832336,1.6344139220632508
1af5b336.qasm,64,success,2.2817078,2.25928941261578,2.9709025229757144,2.2822917205608215,2.9702867202739105,2.2520761845481427,3.0650630496413447,2.266661578293113,2.43970522175726,2.2632368019190694,2.404069407575559,2.273988980302759,2.1927893296047376,2.2606728839655768,3.3498241212729556,2.2597648412896185,2.66224629121522,2.2604844001061855,2.2946850296256285
1af5b336.qasm,512,success,23.957207000000007,23.804221753853163,18.536049865107888,22.954355710180717,33.80080956834179,22.80899742361026,20.1156386220579,23.009662572711335,15.052339008064026,23.434039136579383,20.364495881646764,22.93604620516227,18.904030133563584,23.40572026952893,17.254280083577125,23.27649159732815,30.336471476620396,23.61785586770248,16.76359357079801
1b91945f.qasm,16,success,0.5788403,0.5590925954888465,1.2733716432669404,0.5606721934867136,1.4671642146329988,0.5587839542226825,1.2690980707994624,0.5592063134005785,1.0439944702940118,0.56502635020291,1.256337755207279,0.5667153931088545,0.9299806674397854,0.5634099293392928,1.5868471967913154,0.5647307248525202,1.7931356817939825,0.5601330547160993,0.9998945981713625
1b91945f.qasm,64,success,1.1345342,1.1065751652185847,1.3945007315661728,1.123763482505898,1.7399671995026018,1.11227457493732,1.600318791934961,1.1179095800190544,1.4236632879396567,1.1076692371405958,1.4699542165961532,1.1127336834050716,1.2644069878658464,1.1038866365554731,1.2953662196912046,1.094736733607843,1.4251247829643612,1.1174406574246176,1.3512674424552935
1b91945f.qasm,512,success,2.7687015,2.5610783809684134,5.642650774482901,2.619110793888948,7.777225404852303,2.7028050822100007,5.04421664959988,2.757441242492681,5.33923508044631,2.6241154245433904,6.225646970333586,2.6653762967613757,4.459556912277964,2.683123294747864,2.10859985551628,2.6430147637827646,3.7037580720360843,2.6680894563977784,3.8423578478520817
1cb3c32c.qasm,16,success,8.074354699999999,7.270940832953868,5.222020716505645,7.127228006088813,6.2553529980231515,7.215287434690614,5.161469818057969,7.1495302805344005,4.311673607863993,6.990945422952049,4.158477341230464,7.0671952280253745,4.466423649808469,7.234451194915006,5.048146822243563,7.046683244350462,5.062478576101126,6.923314429620423,4.279503255863893
1cb3c32c.qasm,64,success,0.3971776,0.25151689668287236,3.9142085753082716,0.25168834668135753,4.438191094640074,0.2473524146634878,4.328482737960487,0.26402408590411924,3.297782318016646,0.24911737026280892,3.6823252659978625,0.24480233643263835,4.144085818085521,0.24463636272680775,3.497535861689299,0.25945319207282663,3.3382102501431374,0.24445292311816888,3.88645574694565
1d1dc1d8.qasm,16,success,2.091032,2.0437291277914396,8.445217332608687,2.0424856158487086,10.584978068355326,2.0399932011829605,11.835902922585673,2.0509007903912533,10.360713807813553,2.0425804166368846,9.285334108099981,2.0439004340576457,6.814820710370846,2.0439026706333157,9.74744714542248,2.039059451072611,13.739894307685358,2.042633061118258,10.646290891236033
1d1dc1d8.qasm,64,success,12.1915016,11.757333215772634,9.882415124504222,11.7170463833735,12.577582016088535,11.805686271193196,15.465527320373793,11.601822628355999,10.900090263009568,11.790339738372376,11.814803404511226,11.694535602390559,8.710717540945978,11.699087428257164,10.523758020483683,11.689454795365949,12.706920840697418,11.573165539342359,14.262846075606333
1d1dc1d8.qasm,512,success,477.1889418,494.52174501509984,140.93761354913664,495.1777715584347,196.17500227569676,496.22316544584436,192.43118564746842,491.82316727019884,163.05816013871743,490.5338819057067,219.5934442124506,492.59436817589363,131.1786434638744,495.9234077051415,202.77410105891744,491.68884854949187,317.91150181406175,495.85226505283407,245.4863249762939
1d4b1889.qasm,16,success,0.4623995,0.46109865653880605,0.6431046979640165,0.4594218388680209,0.8664515227563547,0.4600355787886839,0.7200710971657724,0.45977440428644384,0.710831041498511,0.45811237812172695,0.7421832087799284,0.46226342240065166,0.6193940012016126,0.46866750703257015,0.9994515435493152,0.4703121872576252,0.9494324207054077,0.4675039390295077,0.6259127277425645
1d4b1889.qasm,64,success,0.339699,0.34857367646047327,0.6549141626883553,0.35360980180956125,0.9739214405605254,0.35021386518262954,0.9362005588816936,0.35193074966373544,0.8970943438502992,0.35492215165849367,0.9163264862047313,0.35563793851677294,0.8075132966771932,0.3477074274170469,0.8058278910875273,0.3469089053781726,0.7519519795356605,0.3542589229579586,0.7751148227632866
1d4b1889.qasm,512,success,0.3409897,0.35191057495439876,1.6804119256052072,0.349707120662201,2.7344242132104597,0.3506120310313182,1.7539597904531838,0.3473551252489667,2.0392867305615074,0.3483293741359391,2.149152721519069,0.34331322430138766,1.4666241709639145,0.34097398144050706,0.9091756491799208,0.34472531893946706,1.0402682004685344,0.344603070011923,1.532834605894418
1db5f683.qasm,16,success,2.0087796,2.0029154053121765,8.23988836601622,1.9913235292621094,10.353064580366121,1.9967512858692016,11.455533641290058,2.0097305774036256,10.478495207602677,1.9913148873941635,8.770990567913337,1.9935287666017307,6.568153732030337,2.003178917351307,9.35402454618576,2.00086769885243,13.167010501377096,1.9931074752833535,10.076721807862832
1db5f683.qasm,64,success,11.511427700000002,11.423244890533184,9.556545638761097,11.46176203298236,12.702333772163106,11.36423573062515,14.493112163350032,11.379733907025884,11.298987560441539,11.550728694446777,11.184066454938083,11.395946311462536,8.648861891227417,11.490060733916863,10.23308888427566,11.381092659008925,12.309829332631468,11.437735906461286,14.365228750790004
1db5f683.qasm,512,success,436.8524219,442.47202078978887,134.82423308624428,444.1003808738667,210.11793972728046,446.01666525789767,190.25187759838474,443.72868461898264,157.30522871372517,443.799924080623,210.72655456154064,443.71957894101774,129.839059659663,444.2717119911339,204.80371424048425,443.8547842453596,298.8746443358204,446.4667911326812,223.29030124778942
1f1383d7.qasm,16,success,0.2250921,0.18173305659275205,22.801242277617032,0.1828476869486495,14.707775523314941,0.185064524762041,10.18215380886989,0.18621910132712882,15.385628797924248,0.19903293142502818,15.109472245669302,0.20063496599736796,14.396772370418107,0.17859920061382653,19.5337649674239,0.1883552540020141,14.83960084348436,0.19914673440602298,14.495700220473896
1f1383d7.qasm,64,success,2.1631353,2.192714396429364,21.306291853225858,2.0398709601180793,14.211193934820841,2.060632994572489,11.055261713170482,2.0903198325891186,14.315148495804811,1.9098159237679404,15.431704946321132,1.9049348419789702,12.561023772988595,2.014495878412378,20.57485922290009,1.8357439352932512,14.107275116447976,2.041940575036013,13.219438636321591
1f1383d7.qasm,512,success,0.2264848,0.18701906886517658,84.03023940570503,0.18702632512651873,39.78122105960268,0.18532130030099137,35.56045120574692,0.18374695721512388,35.89272598069185,0.1973270999973657,36.4407954514202,0.20813624470552025,37.5639949296671,0.18440026560273662,20.49420021871369,0.19199553848420015,16.50062527846187,0.19792143443589327,27.571024850264575
1fd34b96.qasm,16,success,2.6722234,2.711410840731959,13.520397007175,2.6891626532815773,16.57648896469702,2.707492564872288,18.387285178539734,2.6848113053323326,17.578628875596163,2.688384592910283,18.06143901229825,2.712466927444792,12.393506893338717,2.699159459355164,13.986904971532269,2.682564928549266,17.152173531352503,2.7037490559675352,15.53289613744051
1fd34b96.qasm,64,success,21.079753,21.171709263105736,14.202580194015985,21.13410652482782,20.103647636039344,21.390407775606672,24.151022378860528,21.37039589845785,21.552749340269084,20.76733171308694,23.010926909333854,21.177541572027213,15.450338250167855,21.184715077244697,15.921529550569558,21.094993151536322,16.370922218026763,21.305497012212943,22.007274488547434
1fd34b96.qasm,512,success,961.0837074000003,944.0299428111013,236.6657290747366,950.0806130074304,328.5522996169235,934.0187340178566,260.46473285961,961.4981212096744,320.67333623310225,927.9349951391279,399.7760822084476,956.0812516320359,221.9944722305613,952.0283106318783,221.01474565908822,934.9360254775943,393.0874105479779,955.7989221866552,335.33181013313396
20448412.qasm,16,success,147.65277569999995,23.551788237603485,6.646205529864768,22.106639206869133,5.875229331159387,21.163142662263258,5.7520669524814405,19.859073216501947,7.17871153594779,21.892962227840858,7.51937412241564,15.983560787392925,8.924213035946112,13.404751223919957,5.916319122467786,14.243606889577128,6.939752761302899,20.86347575616623,7.942632768785461
20448412.qasm,64,success,184.3939734999999,11.932225107945593,3.133132789360376,15.506535574257901,4.187364847270479,14.649182271395386,4.597854065248229,15.216053139470347,5.281338757441937,15.51385665196169,5.343404928698255,13.692023423446363,6.8589740355658195,10.986534799319562,4.358604691747233,12.939308011484437,6.917168685772017,15.6139482502224,5.479575346193981
20448412.qasm,512,success,148.94883800000002,44.61045863336696,7.856952713057405,32.10463707055751,6.040467245253057,29.372102812805622,6.708687709796058,28.92680431199523,9.154301357311187,36.570380714982974,7.618051148512473,29.02702920818947,8.52352367330863,18.035833797971492,6.112539741628267,11.59149099989422,7.6271873749718795,26.556089516491618,9.08718150642754
2059c310.qasm,16,success,0.4773265,0.5787307971658431,0.47581303007998177,0.6452566305661431,0.4908482433688847,0.6258906770059991,0.5034121890641458,0.6058342366956285,0.4113867803405175,0.5972266179628544,0.5039011737297457,0.5640675344251422,0.4299629834013977,0.6246859265318976,0.3564735225962578,0.6018062494382387,0.42331784928409877,0.6419163205807781,0.4915417399328748
2059c310.qasm,64,success,3.3123999,2.3913557141491117,0.7530547757032842,2.3823806123384337,0.9021622463481036,2.42550580413501,0.8768835913256116,2.3754825424767647,0.805123670420469,2.5276573092822945,0.8646465458116963,2.5587195403850593,0.7021352569521306,2.303208831427372,0.735194014773051,2.192164053003749,0.9125243930347934,2.399465944886877,0.88070913748162
2078a631.qasm,16,success,2.4060191,2.361803584310126,10.608410784455414,2.350659598137518,13.87243776481239,2.3588896685274676,14.783143500322112,2.3665198911037417,13.058775706101043,2.360633187847313,11.644259929602061,2.356052518006821,8.846708348276106,2.3557866774001597,11.190565554091386,2.3573077809083527,14.723115883079595,2.345153039853628,11.74289997399724
2078a631.qasm,64,success,16.260589,16.273489458950788,10.71693207378128,16.234745260542933,16.90998427204505,16.349766192166264,18.352202337130034,16.442511116136654,14.719337401048938,16.29907785119174,14.554677954107943,16.412530420408462,10.812945823349468,16.523063739683696,12.263330811536488,16.232465372643585,13.903133544406018,16.338085499205942,16.332879826028456
2078a631.qasm,512,success,646.7251833,471.6582904219836,172.40041449771317,489.7111422901924,283.25559033340596,481.73107609853724,204.43975799084905,466.2534272370762,184.39573477008076,473.4742108099683,253.1842147431991,469.8604496128005,142.2216579100457,473.27346315115216,195.08992257029354,478.37845534174824,340.7695423917724,484.94235425977126,246.7017846428443
208334f1.qasm,16,success,0.1715742,0.3375382523508169,7.542629188042945,0.40687032455573535,6.782874711197647,0.4466344112051719,6.78028724131568,0.43911397217739695,8.032679635476867,0.45416434675194506,7.382585126922817,0.39966435054498833,6.704963152630862,0.39561734782323615,9.437468926998783,0.40099577122967645,7.545295537240836,0.4450662305921127,7.628938571439523
208334f1.qasm,64,success,1.1387004,1.407069684447574,6.9854734338683855,1.413274265171389,5.843619631760738,1.3596855809878883,6.22298455364116,1.4914781847295282,5.49522298578845,1.2795149312705243,7.634368874611264,1.487872923457041,6.562562863235918,1.388025404545629,7.560230373179798,1.2031909512972394,5.60269770635874,1.4345383142518144,6.468598192115243
208334f1.qasm,512,success,0.18524460000000004,0.5278029188199652,159.5152205859152,0.5369179930083832,163.65957037941078,0.49326197433720986,127.11640484074066,0.49283681452392797,150.66814533260785,0.4603312931426451,194.646543593724,0.6061316860177162,163.59234856115307,0.47687692911006435,108.35151058403586,0.3567197368596309,110.06010780776919,0.4623081819254788,164.54141001630654
2190b5a7.qasm,16,success,0.21629669999999998,0.18062265059602528,0.24908127377542202,0.18144947033202743,0.24582836764772314,0.1810237754860537,0.24583570521398412,0.18153275300681648,0.26126471838804516,0.18184805409442342,0.235848971398832,0.1820681031356362,0.25348082510153763,0.1795914319634437,0.22922994730359308,0.17991115428798027,0.2172719774898215,0.18133288445040782,0.23570264208108066
2190b5a7.qasm,64,success,0.1627301,0.18057259816004542,0.27246696413592214,0.1823704001265608,0.2695496066278829,0.1819471641983391,0.27039062743190695,0.18045711561104089,0.2966705170021275,0.17892534747479388,0.27888122778062807,0.1798398054535731,0.27846472405986133,0.1763636895036114,0.2598376323099565,0.17755839972999252,0.2634008947852263,0.17819451430007036,0.2757549610726114
2190b5a7.qasm,512,success,0.2115168,0.17793792110225007,0.2524240838932712,0.17878269332939561,0.24767615401220153,0.17879486499364625,0.24508574359786733,0.17830789620606374,0.2626751502489905,0.18005824967792372,0.23646249711167344,0.17921247942398846,0.25640142392595305,0.17835405091387846,0.2331266847390498,0.178021590925514,0.2277132138712568,0.178352151699314,0.24383257749655832
231bbda3.qasm,16,success,4.4113397,2.4510276913568974,1.3225187613082412,2.278924005950526,1.170321633539188,2.1067839437868723,1.47539992966887,2.923690504867005,1.3041991958442425,2.037208900474601,1.4573681049363199,1.8320197391798005,1.3675533929500014,3.9429711119126525,2.6826986656152503,5.670769344784109,2.4715833236943303,2.7188074734169487,1.469360103122431
231bbda3.qasm,64,success,1.1731902,1.3970121549424737,1.8027581303943088,1.6249212105781823,2.1282357077116805,1.4974423306832607,2.1100450907201718,1.3979541041170989,1.796228633050594,1.317811134775179,2.263568367640305,1.493896359842029,1.97501246270958,1.5551411529221222,2.5987945865704916,1.9083934237635622,2.999069278614073,1.5847287533914356,2.5241651555791975
231bbda3.qasm,512,success,4.424197,5.956690986486711,2.794523105324597,6.890657191543778,4.426347534309148,5.864593085478158,7.639765846303254,5.71753171940132,7.702721233898689,5.328560227885547,6.060434955345554,4.45228747198754,4.531453120422518,16.920890852139074,13.741942173677074,10.894909042119123,13.212348133233759,6.0911833092271745,8.051024588169662
235dda60.qasm,16,success,2.3659587,2.369209196682008,10.737975463855815,2.3712868792982107,13.87243776481239,2.3624826019742162,14.88258272785504,2.3624394240378086,13.33297299831984,2.3691366799253806,11.68432215041848,2.3559599379123974,8.977862962608642,2.369337958879746,11.187274635754987,2.3676290222664957,14.723115883079595,2.3792272624120048,11.691777180757658
235dda60.qasm,64,success,16.3526073,16.36418133299483,10.90429539557337,16.340463279313735,17.181748784443684,16.36996352760383,18.545587372801897,16.41890897338861,15.226080719224198,16.28171915469453,14.851130386047183,16.329834169481323,11.034888697184469,16.257729860054877,12.487449792602835,16.296193875002352,13.772230959270601,16.360284569159653,16.3198812327716
235dda60.qasm,512,success,307.20749069999994,614.9039839997167,175.4144780483864,608.4207836251759,279.274799898415,621.8959356404175,208.537080458392,615.4723856070044,189.88377544167938,629.9314701935758,253.1842147431991,619.5867735735094,144.21114004367996,633.8990517868124,195.08992257029354,625.6186260074187,340.18297606406026,622.8995016627173,247.897885722081
24ca3082.qasm,16,success,2771.0450235,3521.12743320342,8.397860591098548,4462.336813896151,2.9799708202852364,3650.2022610513804,3.877012850787371,4769.472220459638,4.058804970061967,4852.187846647383,2.9459442789288706,4128.632188327828,4.20455602528007,3628.3882513905824,4.714546534110262,5053.253493054099,2.471723577523268,4895.665870785278,2.495793064472359
24ca3082.qasm,64,success,1988.8930581999996,752.2142102349761,4.7785005618487615,902.5745059058996,3.6571261183471377,904.5331468188216,6.074663420679027,1112.3657206144717,5.138557435428133,962.9308345811345,3.6021809324152896,828.8992897992305,5.10974717821139,808.6950917826695,4.5953106787201525,1016.5533058976702,4.125744833032761,999.6631539448746,3.854407079498783
24ca3082.qasm,512,success,2669.2542047999996,8661.835905005186,28.215720499968157,9565.021370194685,6.1125904072609005,7206.027539513751,9.948995768157019,7394.346847328982,9.242166328935923,7027.637757278288,8.162272778051944,8027.249627113327,9.185045855638995,8030.887138894684,9.955299745039088,10703.162511784578,3.500525074123662,9328.220945871826,5.476154532936939
25e26219.qasm,16,success,2.1708568,1.6533580546590971,0.6399552691540127,1.5998536342751313,0.6782687869933938,1.5270374886149953,0.803802545651389,1.6469237727935375,0.8265307210406972,1.5167422607407866,0.6667055761650483,1.546501078169879,0.6258512876152209,1.6624474427426121,1.0438998706910534,1.823638999647957,1.1423642875594113,1.7742509934419481,0.933704341413134
25e26219.qasm,64,success,19.4090902,1.5545042381006662,1.0193008805019237,1.3702965117504702,1.6874381149459634,1.3990868696897665,1.54998271425568,1.4284976372454221,1.550547397667552,1.3423280669717468,1.6576708045981925,1.455901958865804,1.4072150770629333,1.3096351111691351,1.9395435079239483,1.3428099851530062,2.447548254713501,1.454239758005128,2.279007176914965
25e26219.qasm,512,success,705.1982490999998,196.58578140062366,2.5481456410253034,159.01351595896082,10.865586432413062,180.94280343510832,14.233522984196421,208.9620408320604,14.812080145228823,176.8731000745996,11.169564155031601,195.87315679556207,11.8681085935515,166.7554167306778,30.433768773847948,189.58540590548012,34.83153818163851,219.9421017877963,26.249990950360097
25e5b703.qasm,16,success,0.17933479999999996,0.1941187772435891,0.25167285020719155,0.18987154386447608,0.23313041821410582,0.19477747986245572,0.25518211414941877,0.19596608106126187,0.2377570621127398,0.1928605119057226,0.2618856550944351,0.18971470734263954,0.26555146226051535,0.1944224684652958,0.20440282958504186,0.19381399455253864,0.20827360986778312,0.19175984459907575,0.24688959260382637
25e5b703.qasm,64,success,0.21299800000000002,0.23031903561453443,0.30130901379518316,0.22939182362737637,0.26977589596482804,0.2286826922069222,0.2850430052981619,0.22822040791673387,0.2855797048397615,0.2311405819853727,0.3022227206298441,0.22928340135628728,0.29130285423969515,0.21939143830173954,0.2790798218159779,0.22675770649425459,0.26589540318933974,0.23326084628741017,0.2959221046733753
25e5b703.qasm,512,success,0.17741980000000002,0.197750725580231,0.31609620565787505,0.18894620813459773,0.26379880989023197,0.194892227649966,0.26653575466411017,0.1963810351470579,0.2693781125725569,0.19394437149003316,0.29442958800989505,0.19199233013892947,0.27816316101309047,0.19244838556988927,0.2437149137507301,0.18577559888637207,0.22927517352738208,0.18844448362094732,0.24145954532581188
264ca70e.qasm,16,success,1.6579639,1.643596269330807,5.770781237386349,1.6478862810655472,7.7907052264426495,1.6485926277307075,8.237740919169395,1.64531054468548,7.400451314439868,1.650180582103873,5.954748298389033,1.6471185506862456,5.554829405116315,1.654047212738174,8.148310549261593,1.652116861007841,9.945749276077702,1.6605290125989336,7.726342994602744
264ca70e.qasm,64,success,9.2260978,9.48750311732536,6.462376037488159,9.507660150982659,8.127576997077833,9.520997026419058,10.114652917083399,9.510549427691863,7.430688750231804,9.482647817588731,6.534658821207304,9.492519909419622,6.190572086868497,9.503647343952029,8.438094428677552,9.461045435111812,8.801619554283572,9.499728877176455,10.027060986098512
264ca70e.qasm,512,success,351.8730803,345.22163272502274,94.90014370155912,345.3145779405592,122.99596902623259,344.06698971773596,110.66661600392962,344.4560946501749,82.98790867516009,345.1773546743451,100.30588047152905,346.1817267245883,78.34320680169421,344.8113918588696,134.8024885493047,344.200748257129,186.68913157144368,345.9004763242353,128.06082327005439
27a012bc.qasm,16,success,0.5722517,0.5747768628066949,0.8006258066842314,0.5819083855427183,0.940256517129277,0.5820714712281516,0.8089828536163463,0.5814600599988637,0.7806134900413686,0.5792941240905454,0.9063357082050758,0.5804592230708882,0.7047640984135585,0.5855952831032486,1.250623818448245,0.5796194917008435,1.2358070829827625,0.5785992183110307,0.6898807056384813
27a012bc.qasm,64,success,0.4555887,0.4580165972014787,0.8752130098444648,0.45505910270685135,1.0848369793520307,0.4583957786767986,0.9946133931961771,0.45321814534106813,1.010006185464029,0.4574332897299866,1.0931840757370952,0.455262580561913,0.9092670545577822,0.4518534160638942,1.1030018623192768,0.4509557564331429,1.0246598976707157,0.4539569503436205,0.8592943575418348
27a012bc.qasm,512,success,0.4530507,0.46515923932602915,2.2845008731650274,0.4571144298061781,3.1109723536790104,0.46714831836979626,1.9007108532217558,0.45728244867058315,2.279518164571859,0.4566328606874547,2.5560686019328656,0.4541580972527189,1.7231242851287998,0.45939789521838,1.1619877704325599,0.4579548044262287,1.2161593643481121,0.4653719216130759,1.6750597844815254
27dbf314.qasm,16,success,4101.517750300001,3085.2018012242547,71.2881344451967,2896.221289589024,81.28045192133153,3014.0708733000342,75.88040447392973,3090.129476877832,65.6816175608868,2892.702933190294,52.989110606222546,3076.810802703038,113.17908526849452,3100.8795063528205,53.630258580298126,3044.4450896522253,66.52170424879652,2950.055567226945,57.340623644467705
27dbf314.qasm,64,success,781.3788183,2586.205751383662,13.544396710232869,2926.3842390727195,25.066486228606134,2905.222393222092,30.14714023679702,2867.0392060876434,47.54539964785203,2737.9082811205526,20.662111090325723,2654.8520755361233,51.154557804397314,2805.045713643396,11.248912850593799,2850.3081565133116,28.664036250109994,2856.4333050034634,26.84003235351908
27dbf314.qasm,512,timeout,14399.999999999989,14261.758673855049,1831.258874298975,14084.983575052931,1570.3169912016767,14297.503041278524,1638.6765806180276,14146.45575439105,1497.0230475087333,14176.973346817598,1341.906330694433,14280.107435037795,1296.7860973376385,14293.102365404773,2256.5548032179545,14308.29973485945,1941.0107176957836,14251.798860335157,1411.9171352539008
27e0ec8e.qasm,16,success,0.18189549999999996,0.18589731414114177,1.7815247245443817,0.18617359125633226,1.8692928738437384,0.1898113124222755,1.4974167169657995,0.1850756296402035,1.84597263170654,0.18952127911281064,1.7631649750256075,0.1922712598863228,2.0096234940614393,0.18182839656519237,1.6880094146105769,0.19033995584408692,1.79951318581855,0.18556542785723273,1.8001534167883035
27e0ec8e.qasm,64,success,0.5226683,0.5945383573601638,2.970280544545029,0.5414477864644746,2.8447610171081363,0.5747431962338617,2.254848048092521,0.5812170639828219,2.817164416254848,0.5355706167041733,2.8133417089284243,0.5801329496676371,2.976360069508767,0.5360985732567143,2.2741474191325772,0.4919052769795839,2.267268966479156,0.5132672706483135,2.3773533430432945
27e0ec8e.qasm,512,success,0.17007229999999998,0.19310313542366708,11.934393946852834,0.19220962752659926,6.5264545495037565,0.19727498410438152,5.788396936627795,0.19080299692257244,7.025109296421584,0.1913623237466135,5.508534171029373,0.19264941486424106,7.1570537386871464,0.19156122954435184,3.230969018452317,0.1915928878762874,2.9326889478994356,0.18298889316036027,4.905437604735625
2818a462.qasm,16,success,0.1707319,0.394501956571735,3.4997353379117624,0.3511972828232026,2.274012040567092,0.3384740547290008,2.002932577200866,0.37995433233704945,2.579228482609398,0.3645127416144665,2.209531644740964,0.43684244792740773,2.551157587255419,0.2824883109559557,2.1218473117620533,0.2646357752652459,2.181460471987399,0.3598757870386474,2.6028566904768815
2818a462.qasm,64,success,0.532209,1.0334796895252332,3.47964708729817,0.7816121922744215,2.8008157925691677,0.8279711498544088,2.6168430030228533,0.9051111724355966,2.8731441071681267,0.8423393542215557,2.834854393872833,1.0058732507453907,2.8017873561061335,0.8425428597365193,2.6585878783743837,0.7904885436444297,2.2344220174338583,0.7354884346506433,2.6295433136296453
2818a462.qasm,512,success,0.1782918,0.6668335656282698,6.856203346011042,0.39066930942963535,4.327312983407383,0.33638442934948243,3.4136217364504846,0.3876762864625034,4.007301013626238,0.38431868126472096,3.7309593354802115,0.4414805099870838,3.5307357198921414,0.33301214563784653,2.8034579445611265,0.2731788476910181,2.392758317393023,0.41548743696926727,3.465100451937609
28f914b0.qasm,16,success,0.17556589999999997,0.22621467665906497,0.5295981603730928,0.25906720758994417,0.4952486084528104,0.2563274716275682,0.5352726512872581,0.27428465080630104,0.49099981023253464,0.26862208925929826,0.5188801705549256,0.24884321586765346,0.590578139130396,0.43898421703889406,0.5394160948905452,0.4216583081162654,0.6771400228009165,0.26572143283475913,0.5041830935483869
28f914b0.qasm,64,success,0.3044709,0.2077454388338914,0.5041683473799848,0.23102996687718202,0.4467908794923596,0.22513047720479754,0.5265681351034305,0.2363913086193507,0.47228995920207856,0.23071213335682364,0.4850970930753067,0.22924428399754038,0.5096611169772188,0.32459297181256364,0.4623728378181508,0.2829265533922594,0.5662777327492831,0.24376781016131813,0.4825113513541278
28f914b0.qasm,512,success,0.18904039999999997,0.2326774388631905,0.7337333185379115,0.3144028640933439,0.6291962914989229,0.3255927047805615,0.7352608313888134,0.3178890698418551,0.6540791416719267,0.33874279900658455,0.7039672110422748,0.3270749249871855,0.6597101331200622,0.3751251878626881,0.4784729856143027,0.4405588276585166,0.6169922371500888,0.34111773093620273,0.637582618265131
29886bb3.qasm,16,success,1.1166224,1.0744183774127585,2.1612360886093844,1.075562835072643,2.1608486711960255,1.0682020366702392,2.025770487519238,1.0762580355229125,1.684801091780413,1.0665934396673635,1.8916675171675132,1.0814549030317513,1.4408297933577647,1.084745465781135,2.5850406609490055,1.0755353242439953,2.864437324289435,1.0787764982969605,1.6344139220632508
29886bb3.qasm,64,success,2.2984934,2.2094207346577655,2.9709025229757144,2.2550045538133565,2.9702867202739105,2.2592230801847646,3.0650630496413447,2.2660517501268447,2.387576099751654,2.263285656237921,2.404069407575559,2.2561375156012726,2.1789188828556445,2.189814944244008,3.320986591989721,2.240400430094208,2.66224629121522,2.266182744435502,2.2946850296256285
29886bb3.qasm,512,success,24.0384279,22.36937254130596,18.444593838985504,22.428598896917386,33.80080956834179,22.641241191888067,20.1156386220579,22.36104171761107,15.052339008064026,22.104643726229774,20.620567272196013,22.738149273660195,18.904030133563584,21.94392950346474,17.17380638734839,23.110384965703687,30.314370283534842,23.042262738961902,16.76359357079801
29a887f9.qasm,16,success,1.282956,1.736363206723686,0.6153433649744388,2.0932281307257,0.7688052066035284,2.169799453338726,0.8318757500984311,2.1684444151812112,0.8006684586677874,1.9960841755909067,0.7925186544407448,2.1122004384513366,0.684459649565776,2.4546184536199367,1.3742722096355904,2.4857424044872274,1.3425568379079154,2.176650348198502,0.9830472590478229
29a887f9.qasm,64,success,0.1893478,0.9553815539669698,0.9506841471897234,1.0396945918074105,1.9431258025345919,0.9676751356633886,2.178465492766673,1.0323973916384783,1.7088003571607318,0.985318528716883,1.7960909507318865,1.0849958111344482,1.8317538623003842,0.9710483954709999,2.8810828782359925,0.9645732501663746,3.5552085387801395,1.063684269089435,2.55495638099816
29a887f9.qasm,512,success,115.45068950000004,212.0805521531358,2.2031168709487576,265.36534967637107,14.601799309890158,298.41747359400256,16.092697393185386,248.13798867150453,18.848542836882004,313.73957362164276,11.555786836512784,261.2821373572727,15.389190676863791,286.56928829647035,35.7348041977488,298.28107395831313,36.68121704433479,328.8093744184293,32.84817672322669
2a04dd73.qasm,16,success,2475.065750599999,1933.1204523013112,66.65911742419563,2167.707013421876,84.68935104976946,2071.580566836091,74.59056197146296,2174.032082561252,63.23396307833702,2050.9499040035744,53.78140959089634,2219.1460961351727,116.81512978246546,2099.6723706966613,54.905719441504445,2008.6329326717848,65.97312669323027,2182.8179123140703,56.55690867735968
2a04dd73.qasm,64,success,4965.618169699998,658.9534426734764,13.195257216746786,805.3709086586073,25.6783819959419,724.3475072012869,30.456405929839452,755.4678620736953,46.76769999736951,742.1357648216375,20.853167076139076,835.5301480738408,52.89892432024014,729.2244128984429,11.179899569906397,749.5701776431226,29.313898935376276,749.9781274747762,26.71658087583085
2a04dd73.qasm,512,timeout,14399.999999999989,12980.447941115071,1919.0643952180872,12897.705453645889,1616.295434043309,12511.16273199105,1691.0678032785581,13173.65344840292,1522.6180494521132,13205.009428240697,1429.2120506479441,11879.030578289452,1310.2069006118877,13409.213248522632,2321.305636473122,12986.097251112473,1995.8508579210609,12765.530326616336,1469.6631434286594
2a0e53ef.qasm,16,success,2.3114425,3.3615979351547502,3.4816462807571176,3.0329978216330997,2.9510975158267163,3.1587272001005116,3.338762868965,3.5416688511228482,3.3048445356529976,3.0893685424050585,2.630255520345584,3.368073533720744,2.8710438532772633,2.9760226181843232,3.923904744316956,2.887653847252046,2.6170562273823994,3.34168317447388,2.7701914735046005
2a0e53ef.qasm,64,success,7.718355099999999,9.232461377685564,4.040975415302655,8.70780099363,3.95123804297331,8.600794931028286,3.9223364563599876,9.367407070680082,3.865233455628387,8.861517097265494,4.041467112630914,9.733222289103436,3.4454222278307047,8.462531481760864,4.197743396855356,9.165475703923537,3.197608667525739,7.884540207412779,3.580055262296878
2a48defb.qasm,16,success,1.2252849,1.393934044063209,2.0405860842289547,1.183548828588819,2.6991966462248786,1.2698809592040001,2.9388528735096027,1.3783343675819686,2.587369301216793,1.3062087224982948,2.944114258018052,1.4570979243234283,2.6378307748670022,1.3016970218631647,3.1995392011580988,1.3451742831565021,4.2582702981174965,1.400847069160383,2.3974334469001124
2a48defb.qasm,64,success,1.1154698,1.4367352999190262,2.0910251201072945,1.215166223364055,2.7912670877549477,1.2867048942246553,2.9851786718875184,1.4117963003928677,2.626304596349894,1.31511527119921,2.974675666877843,1.469081275088033,2.696310608753957,1.3208601462312788,3.3729902370406446,1.3869983368559329,4.283881955272685,1.414416419751342,2.4540175623097022
2a48defb.qasm,512,success,1.0666831,1.464780053432007,2.1893415085603447,1.143413343248638,2.7638486231637245,1.1992486468763488,2.838972973342697,1.3723048403848663,2.5569930930219944,1.2904608267750266,2.931173517274713,1.4480156188636926,2.645893771106338,1.3382796110561663,3.2841633416805296,1.3687747584891305,4.256551422708103,1.3992710121142296,2.403236748430864
2af6859b.qasm,16,success,1.6940842,1.6875721284708438,6.601033594460281,1.6886882416710287,8.75945052867056,1.6906527839925962,9.7801135086765,1.6883618505993243,9.279610259869369,1.6910440728776908,7.451343459505545,1.690148693791231,6.186267669769793,1.6897760157177923,8.464937210237833,1.689751720769874,11.550895817761509,1.6912580409531528,8.404840825528256
2af6859b.qasm,64,success,10.535087,10.468900812537202,7.528441686939138,10.488767116760148,9.296679556544408,10.546489075599565,11.796171269584539,10.490272509258787,8.804056567944295,10.486880492626046,8.607509253703832,10.511115438591938,7.255689869405927,10.497020462960934,8.661028098348265,10.499259057600383,10.407817488924952,10.485061397127629,11.153332139222242
2af6859b.qasm,512,success,406.7180611000001,406.1477708703585,104.83713838680426,404.8669114983976,154.1508797080369,405.92804358012415,155.9648620008406,405.7898234511648,117.60835207388303,405.8515606550262,130.56076486630076,405.4984668317486,98.93671241531995,405.9558442331696,159.98334373087135,405.6599605004422,218.99325846278444,405.0319934693371,174.45102164607644
2afe3d2e.qasm,16,timeout,14399.999999999989,3470.3571109811087,11201.508270973765,4979.293739345359,9335.106765195722,3795.4029324097096,8656.734655911336,4086.059879256172,7875.847883612079,3413.1074097222086,9203.438253586564,3645.676505060027,8770.278220856304,2902.1140450877347,11909.32230771616,4479.265575330112,9729.99833184888,3715.5668394060676,9869.45702682701
2afe3d2e.qasm,64,success,42993.98471110003,2224.2589171806203,10629.205700426748,2816.159029101877,6935.426170992966,2726.1621165450174,6788.94588174273,1765.4153157916762,5712.168416910992,2261.3430512590103,5978.74429763684,2281.5830114931105,5920.044256537386,1943.9885769229463,10404.088893978878,3180.4882690686104,7447.011223187575,1675.4829425065802,5217.672756363109
2b148d98.qasm,16,success,1.743242,1.7239671784427586,8.96048998960963,1.7369965815303487,10.034571809860578,1.7266660516543113,12.318535492933984,1.7253897824041347,10.291842982960937,1.7184037955020923,8.937087701180504,1.733375668642628,7.13316526120396,1.7255357454082099,8.893134404151407,1.7298523244806816,11.273157049783181,1.7347902744119514,10.12591348111412
2b148d98.qasm,64,success,12.223726400000002,11.930722861392848,10.047547975520704,11.95749749284494,10.811038892663642,11.956228652752289,13.99183661498451,12.082569633026942,11.922317547745736,12.070709717337325,11.304207676034563,11.877427325837266,7.978282550300674,11.945799051337698,9.834001483246205,11.92749521094069,10.51873525663984,11.990299909839292,13.123255480687655
2b148d98.qasm,512,success,463.92748639999985,462.3180631921393,198.56035760357057,469.07550826273354,258.42231353031457,464.1873850885689,224.0087879294945,464.3043917109428,171.9244818422364,466.00065031227786,193.3038262361701,464.75480812112477,145.17628297218462,465.5439520239572,203.5116817135393,464.1737774279544,318.359166766858,463.32685545811984,243.32855152331314
2b2951ed.qasm,16,success,2.0077434,2.002163742035142,8.23766358199582,1.9972270583024474,10.353064580366121,1.9993236049446719,11.38244061382443,1.999889347247455,10.483278457169122,1.9983421049193313,8.770990567913337,1.9982593098497068,6.568153732030337,1.997339229663754,9.35402454618576,1.9995162496426324,13.167010501377096,2.0017426588142775,10.076721807862832
2b2951ed.qasm,64,success,11.446549900000003,11.295111411175002,9.556545638761097,11.271752402675489,12.662726860926133,11.387600181192353,14.32256913888509,11.335501217067302,11.296084199289659,11.470781952255393,11.184066454938083,11.337272502277717,8.648861891227417,11.295488436002897,10.23308888427566,11.360380365859944,12.309829332631468,11.350485767432328,14.365228750790004
2b2951ed.qasm,512,success,452.89710410000015,440.59104833894986,136.20883822463574,438.9225107702266,210.11793972728046,438.7488830709338,190.25187759838474,437.4951858706502,157.87496992140203,439.70108865148626,210.72655456154064,440.7886683045136,126.62363154169887,437.1452583324354,205.89873877101624,439.564105908511,298.8746443358204,441.88507609695375,223.29030124778942
2bc3295c.qasm,16,success,1.2265953,1.4873642376272977,0.6691024145107414,1.4643699010799474,0.7365805935106723,1.4872939720079053,0.7883891834713258,1.445474376208633,0.8379531013718986,1.451608508893223,0.8066226307116683,1.40384107090881,0.6960382299167606,1.4345831052323172,1.1296949391169901,1.4346493244919594,1.1030163663280006,1.459831407032126,0.9676766739925138
2bc3295c.qasm,64,success,2.2849539,1.0823622292369883,1.0215586742266909,1.078779548187496,1.689789068141001,1.0003924234551966,1.5891111708458,1.0369191159279543,1.529912460058236,1.1587850232649668,1.5876511601247139,1.0100685183152798,1.473271089789285,1.078335309771391,2.0598319893848704,0.9870221095932994,2.3246444422635753,1.0840545400272639,2.1110578459029234
2bc3295c.qasm,512,success,247.46428770000006,102.58708250381098,2.715820584580428,95.0645270674601,12.508855429449435,101.25995826645908,15.45347549534147,105.77719211496529,16.351109278863003,90.80938092833702,12.037638970425375,110.62022873099555,14.098816748237816,107.07614861344138,35.147633438224375,110.4233467339017,37.41184265681181,108.97099285579458,28.13205891863546
2cbfff1b.qasm,16,success,1.6880952,1.6172205529475334,5.598787003861804,1.59470633438773,7.404131847066331,1.6105034557019149,7.099465140795021,1.5948981776324735,6.398143846218098,1.6063752517692533,5.0850573090679125,1.5901782945680623,4.882198677131108,1.6201536772198204,6.141516939792696,1.5965922587312285,9.453367954553583,1.6099196506999571,7.16055375525527
2cbfff1b.qasm,64,success,7.727305599999999,7.750945522382502,7.093823531855971,7.673470688682475,9.791670521933716,7.7242567848355295,9.793280220309365,7.598834268052681,8.106847428410752,7.785603825147585,6.516781028509684,7.7658820821709655,6.053301989546647,7.775953143558466,7.686578729641768,7.743047342258642,9.056506130817093,7.733723865940782,9.461582943047667
2cbfff1b.qasm,512,success,262.0564581000001,263.2440383014187,85.22931551555583,264.5274694947628,162.19117188929923,267.66425830851074,103.36250123489422,269.00852459954973,78.81095030751413,265.3197334490118,91.15547572467386,267.2691786907846,81.9881857873056,267.55230254937516,129.33538958436722,263.24947979939463,184.16025081325012,261.6700501848064,144.1887203525046
2cedce95.qasm,16,success,2.0571062,2.042961216837192,8.445217332608687,2.0427830638537703,10.584978068355326,2.0372557827548534,11.835902922585673,2.04840361147584,10.381736041891626,2.0391224990307895,9.285334108099981,2.0424315155429027,6.825065587563804,2.040528131811089,9.648249507843309,2.034386352502106,13.739894307685358,2.041835788471757,10.668837873337894
2cedce95.qasm,64,success,12.120102900000001,12.152474488287496,9.882415124504222,12.024060571866007,12.577582016088535,12.082553592931031,15.465527320373793,12.045777906680518,10.900090263009568,12.133190888582828,11.595237446766916,12.100980874949697,8.723812563582994,12.032451736149651,10.526167143935924,12.06151387990281,12.706920840697418,12.057233542041887,14.370512104364105
2cedce95.qasm,512,success,487.45001670000016,495.19543378793,140.93761354913664,494.1298309263127,193.799924381927,494.89070146528326,192.43118564746842,491.5762337796024,163.05816013871743,490.8710606745592,219.5934442124506,495.8071423262226,131.1786434638744,496.9358478036493,204.3751044889222,493.18332099322527,317.91150181406175,494.59487701067667,245.4863249762939
2d399444.qasm,16,success,0.24198299999999998,0.19085290976085037,0.3208621533506789,0.1929038921752824,0.27569998605804114,0.18970076439926048,0.2876148283536754,0.19322509284525322,0.2966549588954447,0.19024761346916727,0.26756544811181343,0.19302429406038094,0.3049223764826163,0.2414266207559855,0.27666244658045436,0.23676103915654909,0.2587262144351336,0.19167095518327154,0.25757830086499833
2d399444.qasm,64,success,0.174648,0.18426412303172404,0.38211087255233417,0.1885810742932963,0.2951868655172766,0.18344152909503558,0.30408968678791437,0.18816451380043514,0.32817036409308287,0.1838148672249744,0.29496691125857305,0.1868791614801954,0.3332036259448567,0.23291893121366156,0.30779282023121046,0.22617043470945292,0.2784971007158445,0.18228411596567987,0.28853896134982077
2ea1bf91.qasm,16,success,4.1367724,4.718539293148447,3.590697933761275,4.853413746045027,4.658528542653669,4.847449792952914,3.7998414920281816,4.762483837796994,3.8318021129325377,4.817506544927436,3.6263869552498362,4.808173225170455,3.5969810656578693,4.955013983053851,3.112103505164465,4.903013285726485,4.09652433563934,4.905054708965233,3.0119107437101884
2ea1bf91.qasm,64,success,0.1732643,0.2551821321925924,3.852501463998552,0.24748529199585378,4.284243344502767,0.23749410355079534,4.483332268818637,0.24244601569678903,4.257549289374665,0.24165769732522602,4.631076949709811,0.23951020732027764,3.6938155811196216,0.24236808971952725,3.3406784550563096,0.23904823116297746,5.417183799141182,0.24417777505344068,4.502099508975933
3026aed7.qasm,16,success,2.6565661,2.701685471723012,13.520397007175,2.6839593028717323,16.532032031187324,2.6648650399794054,18.387285178539734,2.677775838474778,17.578628875596163,2.6754010525422776,18.06143901229825,2.6775924670656113,12.443883514882875,2.668680217218451,13.883795736205014,2.6617503443407733,17.346502676854445,2.681022577821884,15.53289613744051
3026aed7.qasm,64,success,20.9371593,21.411090024876845,14.149019948085469,21.28147796872687,20.086235680426473,21.090777371962854,24.151022378860528,20.99178382935084,21.552749340269084,21.3456287800625,23.010926909333854,21.078304381042688,15.769465967094712,21.210791745959455,15.786958728766349,21.173856779429574,16.540823535484467,21.33717225819803,22.007274488547434
3026aed7.qasm,512,success,976.3809184000002,1032.0971217890353,239.0119714308356,1038.0410241269394,328.5522996169235,1030.4792846249184,260.46473285961,1027.123896110489,320.67333623310225,1017.0223418243186,399.7760822084476,1038.0578745473229,221.9944722305613,1026.6611210598837,221.01474565908822,1007.929689365875,410.8475798592596,1023.7769519465237,336.6990683110172
306ac152.qasm,16,success,0.1732208,0.20972737767240987,3.174708808791272,0.21053217673403402,2.6753402734822616,0.20676576959784038,2.8137861469196137,0.20680820846685802,3.035730587298414,0.20711814781965013,3.661132861041736,0.20340045101105614,3.6676894711984023,0.201783412334894,4.306907118644295,0.20205146783104297,2.7991027798997448,0.20901593672911467,3.5836160324555757
306ac152.qasm,64,success,4.8258445,4.6569140323720495,6.126088086899713,4.559888840885803,5.344011557739522,4.675210763089102,5.442599917370428,4.607596205110362,4.06036715944329,4.700169330404565,5.36892176835262,4.75140911962143,5.800565054994544,4.592262767794199,6.7052748193346385,4.710693766676946,4.71586568557714,4.607540809040816,5.794318756712183
306ac152.qasm,512,success,0.19620739999999998,0.2006256388623741,39.463433599592115,0.2072906767225022,17.895029184455936,0.20800063015318612,16.19024976846527,0.21000701894853277,13.136525691963936,0.20690003581263552,15.99924808425275,0.20022186954637003,15.51164571495848,0.1977344709925945,12.001184571083586,0.20527819237169317,6.675987923237877,0.20413081120603807,16.04580088553882
3099a023.qasm,16,success,0.1891862,0.23638882882572926,0.20661808433840187,0.21511419875546445,0.20057247529748506,0.21739033827554996,0.2086371403319987,0.2215753771051384,0.20894339521698682,0.21715817610311744,0.20160475452369506,0.22604665921652414,0.20800611213696021,0.22618751395806938,0.19761925842130224,0.22284431155739537,0.19770894748858253,0.2189332959643204,0.2002154152736121
3099a023.qasm,64,success,0.1662113,0.24495708184805753,0.23207003616701596,0.22747736055305248,0.2086346203527957,0.22311772592441645,0.2241076731820754,0.22597840956105045,0.22855362302943302,0.2242857476772652,0.2222811665264419,0.23547427446626046,0.22137556206763087,0.23150655044584878,0.21744454475273028,0.2290350007078713,0.21433820936317194,0.22895072676361733,0.2175597720304478
31b8fb3c.qasm,16,success,0.4341455,2.3517864556001666,1.3610039948731105,1.6525322627575416,1.0910928952260528,1.7088105048424478,1.3175062894635765,1.9293452783968672,1.2130518775561863,1.5969119502710525,1.1905263064856413,1.9402844874711618,1.4211476906055203,0.9060095550888461,0.8589277848447929,0.857026490428417,0.7263784384788363,2.4925963210194992,1.3561982830366286
31b8fb3c.qasm,64,success,0.7438204,1.3180167228076318,1.8293238867676613,1.5823640455113606,1.6244519915804578,1.836204742004071,1.6403966150511171,1.869725547030483,1.5602882270783123,1.38344122216562,1.7097559408192142,1.4011161276202113,1.7713759816492467,1.2788652875665278,1.4574788399644376,1.3444680371466566,1.3125320931008795,1.925817132226837,1.7709074766761126
31b8fb3c.qasm,512,success,0.4242436,6.282444586404766,2.992758077452831,4.6084287028012145,2.7251694146696743,4.989275256788712,5.208391697890937,4.268393541532758,4.617684445399165,3.203241393399002,4.011539864650571,3.5832874236993435,2.8057960520531897,1.8622722710770925,2.153572308822854,2.00164209803021,3.266805833468129,4.204577361210066,5.079651768936567
31fd025e.qasm,16,success,1.6643892,1.5400568429087929,5.6031850067112305,1.5438513705050347,7.368835370002484,1.5439908900832675,7.099465140795021,1.54205249955511,6.379619832038716,1.547566994704162,5.057420398800204,1.5452789803473186,4.872235569781666,1.5469219235330298,6.141516939792696,1.5437992202903865,9.499151856054887,1.5405246489297095,7.211063238710748
31fd025e.qasm,64,success,7.7553806,7.7106857074809945,7.158679015045744,7.725750534076729,9.791670521933716,7.723453893964865,9.823283144960088,7.721539410114008,8.144189265567979,7.712502336563142,6.424799050647442,7.726939764524574,6.053301989546647,7.718497377472271,7.686578729641768,7.708129164831959,8.953770474005882,7.725128638571021,9.52832354488642
31fd025e.qasm,512,success,267.4834676,263.0440252857601,86.5220791782047,260.7907840883693,162.4685108312538,260.05880929548596,103.36250123489422,260.7884770545187,86.1051028732813,263.33086370641615,91.15547572467386,263.4660953440741,81.9881857873056,262.4050746533054,129.6014807596097,263.4807778212447,191.22653458858764,264.0998137657412,143.82980709935958
320de9fb.qasm,16,success,31.2115921,37.270998373998275,35.76729807868192,40.09879735476387,36.58031564971029,41.82643572347765,55.36186634192284,43.1916922952156,43.30378739007271,39.664551838923394,39.2173380339447,37.746740136910795,48.216215342619094,35.95638941537746,57.61522755221,67.88850139611941,54.870306022257296,40.41709522888209,55.21585948068677
320de9fb.qasm,64,success,323.8165090000001,28.82337196001027,18.321070898423425,32.29470392918767,22.38085820663576,36.49268047115628,25.129136704844832,30.378425188802797,22.019914893532732,35.44347577612728,26.02807978600357,28.850963073868744,26.93781134418196,30.66852719947578,28.59049012922465,52.59140483514143,29.065134743063343,41.72760409608012,34.672747292356206
320de9fb.qasm,512,timeout,14399.999999999989,214.5066433078633,85.41652937914964,329.73229889096604,174.57909134830513,359.2269043922546,238.9756974138114,355.4096182840595,167.322156095648,322.0767849481327,180.49051148545283,235.95302227212835,162.07508625224742,1141.5068676122,287.41310119386907,1389.035472600044,266.6688850651905,456.7103777819296,252.8752507598554
32de9cc1.qasm,16,success,1.1081809,1.0842366146424065,2.1612360886093844,1.0785693848217552,2.1608486711960255,1.0873731435449399,2.025770487519238,1.0809616503624275,1.684801091780413,1.0802274006611197,1.8916675171675132,1.0844315905906248,1.4408297933577647,1.0913913158898485,2.631017187877438,1.084305011063927,2.864437324289435,1.0763656451650068,1.6280001713624055
32de9cc1.qasm,64,success,2.2914262,2.232599421280552,2.9709025229757144,2.2893948035874163,2.9702867202739105,2.2881867335229407,3.0650630496413447,2.2748999609611817,2.387576099751654,2.2171338510900562,2.404069407575559,2.267169487047764,2.1789188828556445,2.2280768769899972,3.3800523667692652,2.257924877306431,2.66224629121522,2.258045405192072,2.283880840220578
32de9cc1.qasm,512,success,23.9661902,23.043553924845902,18.444593838985504,22.84334181423624,33.80080956834179,22.28649074987962,20.1156386220579,22.86154189398965,15.112470945180501,22.439610305107962,20.188258749621056,21.853703937356308,18.904030133563584,22.45019808422762,17.17380638734839,22.893648199218067,30.314370283534842,22.463910695575777,16.76359357079801
32f44532.qasm,16,success,9.8694186,6.83593348596337,5.472421918265147,5.754327934682122,7.255269232238103,6.1891500997904565,5.507942104598651,6.3982430397431065,4.978587468363252,5.567225363836728,4.783130606196659,5.588596694696839,4.921814658431213,7.652940858159553,6.072682636962408,6.052791092332124,5.683237098039351,5.748609980810834,4.7966381732625205
32f44532.qasm,64,success,0.2578694,0.35128012004693837,4.2546039796307245,0.378928337856649,5.020524235721317,0.4333402947411271,4.8211262365820735,0.417286401909988,3.6976075753069013,0.3738637805333827,5.048040239162442,0.3688142964927526,4.944412239985612,0.44456653505391064,4.2705940402800096,0.4232555464580481,3.927061329560828,0.3309806085498874,4.62813336069167
336f664c.qasm,16,success,0.1830161,1.1862454579933053,7.284240714747819,0.9008992970672247,7.308971601416029,0.8065294971651703,6.13267231080964,0.7724613146826069,8.14421942694506,1.2085469708570544,8.2804740108937,1.097223647795996,7.528357618246698,0.34037098563953,6.973753029432179,0.3400827948661814,7.853771404430953,0.6999503003653871,8.500988482149603
336f664c.qasm,64,success,0.9599532,4.113952224491383,7.881335404752365,3.1931482908446047,7.315698338771054,2.820576206005303,6.814730205264746,2.835893081704863,7.494415235776881,3.7325329353679537,8.758500835251459,2.9756420840126876,6.8219886900627165,1.949381505348944,7.540263123945379,2.3135662514825754,6.760487083035523,3.529340296688676,7.947594962760827
33a2f9be.qasm,16,success,1.0288815,1.0459769795512774,3.6235404455325853,1.0561625353942146,4.072480810549051,1.0462047375328436,3.7656328909381007,1.0567880474357405,3.0827354953182016,1.057120990544058,3.4725749476579963,1.0408139430926944,2.1200210913049973,1.056384325676427,4.464150652779411,1.056546312969339,5.363943825943496,1.0584700878618885,3.0757797557388584
33a2f9be.qasm,64,success,4.3299639,4.289881088787089,4.807634031966221,4.250126533004974,5.163473201530232,4.223538086010584,5.490717822365436,4.213044058512715,4.076844645150805,4.242966198863356,4.059884948187563,4.315922019319145,3.125418250321147,4.262288800941161,5.865649338159558,4.304645205621225,5.724766558068877,4.289154314581453,5.105672566682167
33a2f9be.qasm,512,success,94.16065650000002,95.63254001123319,42.37025090384576,94.7655477333304,72.17443216839735,95.24897353270501,40.74034983896434,93.82200684618421,37.766361892887,95.73563944681045,38.797128996882144,95.54513788821541,27.85860655448179,93.2677867053385,57.37048515719641,96.63776833918706,99.28945507566712,97.6402281527779,37.30200193548102
33c62fb8.qasm,16,success,30.588287800000003,164.06103002688337,8.171707161983102,34.18276353614154,9.511461392251421,42.24785482873472,8.620089385636902,48.03639965002933,11.386835680325762,94.71295062523966,15.386599331907291,142.36860143535796,16.90695672186964,40.82490631989858,8.82761447669565,38.67508562071822,12.219113289298996,110.5737364932949,12.840150155492186
33c62fb8.qasm,64,success,12.3254206,23.846286730733816,7.1158763697188725,26.236783882844588,9.784001597618905,34.39346224971587,8.678465814018086,33.62286277599396,14.665933921030472,33.91408591782564,10.04503489978444,31.304697511819356,14.019141532868803,10.63284235751931,7.708756953771143,16.2166496563639,11.329421148543018,40.9507214148665,9.111884609472112
33c62fb8.qasm,512,success,30.066362499999993,133.60832503756666,19.726050293227573,129.3824174142041,25.6956818879106,137.56591470032103,31.14027099330264,135.6375866959799,30.970500687877916,117.82801419210902,28.147829715014534,101.12035104015125,30.834663746477187,12.023373543335422,17.308592350159135,16.914851915852655,15.28839775187358,128.64582502503768,39.604573079371804
3436484d.qasm,16,success,1.3751076,1.3960229665914272,4.189746302142057,1.4127480674792618,4.913671435990449,1.4207489191846514,4.717092959508236,1.410760628767597,3.5643583590194203,1.4098672289673808,3.889061534258482,1.4122935636984988,2.9977593649286725,1.414935988398721,4.931490461546523,1.4028984455383144,7.306603159958491,1.4079155456415493,4.559931396458559
3436484d.qasm,64,success,5.724491800000001,5.709707323008335,5.58634745307788,5.718044614627972,6.173840711400285,5.761102652719106,6.663014697624042,5.721473356363228,5.172578435662157,5.728501795593839,4.759287345682638,5.751877776934128,4.230853228872837,5.763926596731809,6.2294538923527725,5.72474605134858,7.43048934533002,5.743764795045225,6.579422936206217
3436484d.qasm,512,success,133.89079619999998,133.94661624680566,60.933520421851114,134.61233929579177,96.73608563204264,134.99611281970377,61.35817902490273,133.95342149446608,45.62130359097221,133.49838418577136,53.818831376972646,133.4282099306033,45.94705613177114,133.39485906973627,79.16566537027003,132.82717539625483,148.85584648371548,135.66440708608835,68.6643290040823
36d0ea8f.qasm,16,success,0.21199920000000003,0.18736530897451042,1.7717178428773022,0.18615327501699902,1.86763521315756,0.18978398539539162,1.4987325234458095,0.1850153915244418,1.81787599409044,0.1894985149887664,1.7827206290807778,0.19227696376950026,2.027659631789741,0.18167115353834765,1.6930250662594342,0.19030183318383376,1.79951318581855,0.18556542785723273,1.793449912547512
36d0ea8f.qasm,64,success,0.4986337,0.5921676996653342,2.970280544545029,0.5414477864644746,2.8651055658176254,0.5747431962338617,2.2407662542737543,0.5764867320192247,2.744612151678269,0.5355706167041733,2.8269998458672485,0.5788626728121197,3.003072555853254,0.5360985732567143,2.3000805917125144,0.4919052769795839,2.256896796935483,0.5103999083711217,2.3773533430432945
36d0ea8f.qasm,512,success,0.24181749999999996,0.19512697685432223,11.809593646311413,0.19224444166407606,6.608474967727867,0.1971403184574263,5.788245364483061,0.19027672311330254,7.058976682470867,0.1914001301264966,5.5141617101758165,0.19264941486424106,6.7324121983362835,0.19137113106723636,3.240569329294507,0.1915928878762874,2.9209693105227,0.18310978404439027,4.905437604735625
36e23777.qasm,16,success,1.4011911,1.3912915477853984,6.154676280055098,1.3932544209303703,7.626134707255221,1.3927471378325438,7.000965404390486,1.3912775156514143,6.466621464198548,1.3880424968610983,5.751661312199247,1.3993329338434788,5.567078723112288,1.4021437536283086,6.260505877227348,1.402550725283529,9.525887096260591,1.3991917724750504,6.464473902108413
36e23777.qasm,64,success,7.946151799999999,7.896883547686193,8.43739280594356,7.875692374318835,10.713664595491746,7.9301128568749055,10.074159522841471,7.936216094342565,8.82757089166652,7.950255803254181,7.580695594184198,7.899740753421001,7.330957155203412,7.91721460550813,8.136949516299723,7.964993516702464,9.517711997018601,7.970945531142404,8.959267347523662
36e23777.qasm,512,success,294.89537780000006,281.96079979658333,118.79108791018372,282.0695680242432,172.53272041271077,285.66058115877235,105.87730392937101,286.9183144173056,98.87412997267282,281.8285642796928,118.14411460769074,279.8923456295812,96.44417584532711,281.69158602111963,139.68943248549408,284.8544916794299,212.04087861780846,279.5969207739813,153.8610866329973
371eea68.qasm,16,success,0.1772997,0.3833427949712941,0.3549893234478877,0.33966019665315805,0.31518405018062445,0.30153013685999874,0.30297893017337857,0.3027856656219305,0.3219382474925741,0.3238090707305855,0.3296271466959121,0.36963785218990614,0.34599376304188034,0.24175261274229615,0.2189459113404181,0.2620567923314262,0.22433829482607637,0.27674562875736086,0.2595614977024305
371eea68.qasm,64,success,0.2752777,0.6210643733185172,0.6793577735260089,0.5415050430461799,0.6224157221362909,0.48669026803172394,0.6023379531720625,0.485545279964422,0.6164540414201982,0.5516344738453124,0.6414255523130551,0.5873947577625536,0.6645683429425396,0.34794601255377844,0.4727688683328447,0.37943996283643044,0.5208206482028607,0.4471344724447949,0.5223847104742169
376d7d92.qasm,16,success,0.1843133,0.21302478037493527,1.1186029627717824,0.20672712191925058,1.1223175420453484,0.20676466975827448,1.0947966939015714,0.21086988343534555,1.431708225357079,0.21086648712429304,1.3156955045747183,0.20073931305631,1.371727675410927,0.21029824249725446,1.365451574449785,0.2053918599986752,1.0845158533523056,0.19608949682579954,1.464877775022685
376d7d92.qasm,64,success,2.6315011,2.399317607395931,3.223797443557758,2.275328551964732,2.5302211239941492,2.1406422287376654,2.3357162698025857,2.3437790457228376,2.3010325263206575,2.4908318646888192,2.530399239611813,2.380781160483642,2.514238033417503,2.378450961572846,2.4685517846580805,2.420080491736452,2.276088528712368,2.2732357861969614,2.761549875861703
376d7d92.qasm,512,success,0.17325090000000004,0.24551862128445331,2.9776752592059985,0.22123959170097054,2.422216523636093,0.22272047736223433,2.6449353637665847,0.22961842634904275,2.9219785504278457,0.23086462708528083,2.782728339666685,0.20862069009378384,3.0572489615413705,0.23591402183653518,2.2818286893842274,0.20043645532456353,1.977707368030546,0.1905651366988827,3.296995130326076
37bd268c.qasm,16,success,0.2436995,0.2527595570827454,26.749538268329783,0.3363774568100459,16.38641447429763,0.31038234564583606,18.146917804639116,0.330170766922662,19.11987999852907,0.2985035235419762,18.939070238074663,0.2737846762330375,15.503800450165478,0.2856240811812972,19.963849532528645,0.3167981414421557,17.876198758143595,0.37976142278563,17.49900007341901
37bd268c.qasm,64,success,1.1299787,1.4763260098131537,13.814948882335344,1.4488200354170369,11.450157842560756,1.3380365116409383,12.508654545680423,1.4416695160374824,13.658591048053916,1.469613368077652,13.403031856937968,1.483852989050715,10.235291610919383,1.650910258057947,14.088559527662241,1.4530736161919848,12.05037749744364,1.42485597146436,11.80328372283816
37bd268c.qasm,512,success,0.2388701,0.3076136934463297,49.24820163188308,0.37384229682703624,50.34586859087926,0.34601782196301034,34.33450476998567,0.33042095499204766,43.58062953630615,0.30629246801753585,44.17586997247328,0.3631448029986775,49.90169560757565,0.2743734593695132,30.670118033245732,0.23625905013233545,28.035154869681513,0.3005379663990622,42.02712412110541
3814b0b9.qasm,16,success,133.23585000000006,135.63018392875966,63.76385620145873,136.8324868197882,33.77300564503844,133.3169578717247,35.306154397826404,132.34583007134358,34.15330409237144,130.56073195428314,29.158729307126027,139.31447605102062,50.41624184334925,128.8096576776174,45.095562782334746,138.5510517885729,29.712096997976655,133.88202283780618,26.20315382117111
3814b0b9.qasm,64,success,255.78723799999995,161.31355752081026,9.963511716897752,177.79360558474633,19.021031698886244,171.71943589862641,15.709772113864366,171.713940456574,20.2483067294427,174.56412231555046,12.064996768176183,170.55774830198217,31.121567452889277,165.993724220995,8.900419932932659,174.40631573110412,17.500920712115295,162.5560498416406,13.480670784081875
383bbcad.qasm,16,success,0.18195030000000004,0.2111388491770894,0.250465363885244,0.20661751687282426,0.23365025471196615,0.1990004051295901,0.22993871170256902,0.20355325051649545,0.227362907616337,0.19840800457815558,0.24281627733859631,0.20250120589438503,0.23073551572986523,0.2020552403230933,0.2230941290856417,0.21140254259027857,0.20657147628791148,0.20805466933998737,0.2230365565374516
383bbcad.qasm,64,success,0.6394028,0.5365202332599117,0.4587845020942843,0.5391145687635125,0.39883944789824294,0.5336687657601207,0.39590008185435854,0.5549048309457058,0.4051259533783211,0.5343491146146535,0.4201821105305089,0.5175787554807123,0.41924631478456775,0.47584459469702395,0.39431412579707686,0.4790934956502317,0.38193891610501995,0.4992379678441318,0.44378198218531384
383bbcad.qasm,512,success,0.1866326,0.22258090397980354,0.27442590946656414,0.21289239825975415,0.2401435518253066,0.20842466416396838,0.23238046118005515,0.21406181098716873,0.24374026266182197,0.20519812312001132,0.23813739346380763,0.20969349631994405,0.24367630212541666,0.20788075553325958,0.2509120712674103,0.2158223906183761,0.2506260707060502,0.21890276270405923,0.2698588688282491
3841ff5b.qasm,16,success,2.0053667,1.9980016892436483,11.61449371433627,1.9929447168753367,13.654689830135677,1.9986273049268755,14.665536157381123,1.9983243762803344,14.03461416329648,1.9977472856454346,14.708544991377389,1.9938488132027452,10.377347908778372,2.0001816286692473,11.229077134081784,1.9982329981069153,16.089611274033633,1.9959900341510808,12.537972499940686
3841ff5b.qasm,64,success,15.528729499999997,13.35392146097333,13.228027891171012,13.30707788646828,16.138086475388885,13.313416124103027,18.774969320748703,13.171533946709054,17.204922966882663,13.263059979107682,18.51356474930048,13.394181743126651,11.996800137320054,13.48336152479808,13.36053653537625,13.011421752180482,15.74058442742671,13.344197704044984,16.211941072060817
3841ff5b.qasm,512,success,698.9163240000001,685.366564620435,248.37671595281284,684.1510213896032,330.195705855593,692.7219171329486,234.69935824245027,692.7173379167531,270.21612450263467,688.9612566704908,430.61670758903193,692.8013271717359,227.6478200145475,689.0668038072743,258.79962041673764,673.1891978376639,444.5365683080096,698.2238800846599,299.71279561006594
385fa1b6.qasm,16,success,3.8934353,3.699177552349673,4.860721809834653,3.826349344205421,5.6173271581055335,3.3290425314851677,5.059623421175977,3.7050647198354243,5.252774014737696,3.430988816575732,7.284170162825626,3.3833989866677605,6.876118658905308,3.4721181614507595,5.548554321859935,3.0424444992295987,7.491805742063149,2.6761880305609016,4.969085470330519
385fa1b6.qasm,64,success,3.5853261,3.8792393766118827,5.1302017970499305,4.098751293947962,6.20828930891207,3.5016129127707205,5.9263301506253185,4.050485438339979,5.938000923091636,3.7486225633061574,7.4814714426503794,3.7273895052553043,6.951866232373672,3.7563687552105627,6.210689054839553,3.2120111079792064,7.643290307289549,3.032779179355066,5.015433751123248
385fa1b6.qasm,512,success,3.8160909999999997,4.320829558571333,4.7702584354733295,3.9965079993586317,5.303764384443537,3.0548931994771067,4.975951730497116,3.842091894505672,5.398596997609151,3.7156569776273747,6.6243859677884345,3.8870787909095896,6.563036521949913,3.4760600135854682,5.538947538236939,3.0585740608627736,7.33512897953007,2.402121332021112,4.045141175712177
386534f5.qasm,16,success,1.7916922,1.7937497198998662,6.624866300264001,1.7963822238985878,8.318477605252808,1.798460508268505,9.402063593974777,1.794151407633682,8.174930391360439,1.7949988027223125,6.444342339184362,1.797022211560433,5.791913410177278,1.7869097940254042,8.417023577021464,1.7971446021368251,11.305515890500455,1.7839775404733296,8.705587361519493
386534f5.qasm,64,success,10.0276048,9.971436594056623,7.514528174614804,9.944322693048287,8.94681246825896,9.912748725818352,12.017042032300301,9.975916337534745,7.73196833931297,9.939967914759345,7.70591653641967,9.960785093827791,6.731498754424621,9.920694227676229,8.831368657771673,9.975301110936634,10.377028504274504,9.890431664327126,11.746194315181219
386534f5.qasm,512,success,387.70292720000015,373.6770416491278,105.84791051945807,369.22562490470534,138.32469159283474,370.1887650376629,131.01859916711936,372.43485475033367,86.94129096166951,371.0775024805374,119.24820607763921,371.5366393480492,89.58090803658517,372.28248707898825,144.147911104206,371.4511145334613,207.2430826970489,370.38321085224845,152.08627405543896
3a8d3e53.qasm,16,success,0.2819158,4.588607800709012,2.630196044494238,3.8786182542158327,3.2205991257276563,4.716819958470254,3.8089400801824276,4.901254536756069,3.3493477126421944,4.23937095505519,3.352095081995664,4.783139322715764,3.4139467135476056,5.508721169412282,2.6632020442560695,5.153182836196701,3.571903860701472,5.036848848183566,2.1097781679875474
3a8d3e53.qasm,64,success,1.254632,4.6482871681062825,3.017038898228916,4.007354588495892,2.4940835719288126,4.310689513827085,2.7540938081521222,4.199478137998769,2.610413951279672,4.179130756131115,2.4571320327336745,4.045423603920581,2.5490383780939077,5.250447480447222,3.4870213508599663,3.445458579092097,2.8172154855563227,5.1880714301380095,2.188200430091152
3a8d3e53.qasm,512,success,0.2745265,5.581143340280958,2.8697649543312584,4.209247565147642,2.5241124023686816,5.093978100182115,2.6824558630040762,6.36550317161404,3.0059719215237615,4.87007005418378,2.467555236776589,6.64348342512812,2.883561688849248,9.789514066147618,2.938258334269156,4.30583005966357,3.1066754339212395,4.426780123971886,2.3723234809458478
3be98d6c.qasm,16,success,2.6949336,2.617440508230755,6.2958065515632615,1.771339583280758,5.484505150587174,2.1630930293679014,5.225099748767694,1.9214199576810755,6.240562580080421,1.3263725940278894,5.502767285763249,1.557144744555637,6.543651042209326,5.849601017461125,6.544791910555091,5.167797475270821,6.8221614529245125,3.617652188005467,6.87495784183179
3be98d6c.qasm,64,success,18.448310400000004,7.772235760380544,5.991996178651524,6.822564833011807,6.468435870798684,7.380832449847538,4.911278561999824,6.852307363296912,5.069001672070579,7.258588950730083,7.7539407364912885,6.583317627508255,5.524761035775333,11.968340349698845,6.544255377585885,10.686345257966995,5.227442548075985,11.030654742530793,5.893016077008448
3be98d6c.qasm,512,success,485.3121658,10.104270718670449,37.92044140488933,67.43104335880916,54.640948148586915,101.09836086284821,42.995883293697425,94.08937068401289,55.283549948041234,87.60467566986344,52.00557079139209,104.59532661749431,54.52078235071793,173.39084792685424,59.87332535830477,321.1736235418257,56.991947449171306,234.2064870230759,58.71270534467968
3c1f4948.qasm,16,success,0.1785881,0.1961149199028804,0.2127383404464923,0.19413074547218007,0.2611376754775606,0.2033854692396431,0.2787274606190492,0.20026482304021678,0.26147000369949575,0.2053263484219226,0.27331355730240114,0.1916310709101494,0.24198640032627305,0.21583040337814532,0.2681419878923686,0.21308384836602884,0.27411418870607746,0.19143309431594907,0.21793946581997253
3c1f4948.qasm,64,success,0.21056039999999998,0.20519777793677635,0.26411324479940446,0.20199433082249138,0.3236809133161872,0.20401547828083622,0.3341501182272882,0.2066014826314364,0.3253177755494449,0.2071375325762876,0.33745710395747186,0.19438833618092674,0.2994519188769445,0.20199367955391612,0.2616932266746349,0.20375576938301615,0.27166959267468327,0.19637573841258169,0.29012629146698554
3c1f4948.qasm,512,success,0.17540579999999997,0.2225639189200384,0.2222543598914507,0.19891981282552607,0.2549160496541406,0.20199521293214234,0.26900256944367334,0.19867927127876533,0.25629915786470003,0.20536477037031306,0.26571221344890045,0.1951948256730179,0.2430388392424927,0.19062821068301797,0.22004274764610793,0.19906921578208184,0.22178356806130317,0.19429965970638552,0.21261573224457397
3c2f55c1.qasm,16,timeout,14399.999999999989,28.860617231931602,75.96592198002548,27.082521104794004,103.40555906386562,27.06314596122722,114.33927459403387,18.638491402269906,92.06838140275966,22.207402068009547,78.18423878978408,35.636416589775585,113.41329810006891,41.38674959863982,109.3168488951533,43.424411866259895,135.1784149050618,27.79057509589719,102.0942938833294
3c2f55c1.qasm,64,success,10512.19065499999,22.81939861969852,53.91836458027767,39.704011834461724,79.62780624399029,49.04317634496357,89.7763760235961,30.4015660931045,89.59329375827465,41.17678332459054,72.83235349579118,61.71570350583209,99.12740645338785,24.18499418583323,68.2795452360977,52.39519680010722,127.1947849047231,71.74672540728541,97.43383689281146
3c890561.qasm,16,success,16.929373900000005,3.3776843063819073,1.2394646832271503,3.713111532784816,1.167422352016941,3.0260870858997677,1.4945264517327632,3.9237594491252716,1.4276173506747454,2.9076288095598013,1.3283031010590949,2.448847553554071,1.3813492517507668,4.810094359359981,2.09630009885053,6.722613887873652,2.42771891623585,3.8810654197498002,1.3653776962917947
3c890561.qasm,64,success,1.2557023,1.7250489270412441,1.789979389737827,1.8777923092490647,2.1837294133183343,1.715882158275309,2.09551904485261,1.5760826210591163,1.8206812428156751,1.5572199385315275,2.157256362080935,1.5133292128498324,2.1069402982002305,1.7513854549572434,2.127092406992075,2.297314407600996,3.06573304995829,1.9681793555440692,2.3171118069589003
3c890561.qasm,512,success,17.211887000000004,7.352987489343284,3.1967702717004722,7.5534196418647515,4.700340104322619,6.15232345671137,8.121360217818061,6.239314908765955,8.13679547444609,5.925163668993537,4.825424121033587,4.394723882715538,5.893710097788308,13.531637207188323,14.584074731805712,10.37611453511126,12.304016226408475,6.634470337572617,8.492693827408699
3ccd19ee.qasm,16,success,2.046703,2.0651543341039984,8.445217332608687,2.062083484600296,10.584978068355326,2.0623525551566524,11.835902922585673,2.0624631050775903,10.482152604704657,2.061884677344745,9.285334108099981,2.0627163645437476,6.825065587563804,2.063757961894256,9.608638949145439,2.0633536573523745,13.580178596933882,2.0617720978896106,10.59057897884674
3ccd19ee.qasm,64,success,12.164556399999997,12.067024014750483,9.882415124504222,12.104198898532635,12.618425909964595,12.10821719862072,15.465527320373793,12.095581608794994,10.97602744283332,12.072905675523343,11.814803404511226,12.037160577971846,8.723812563582994,12.036036980108912,10.55684083297526,12.080183801089749,12.706920840697418,12.084222584437972,14.262846075606333
3ccd19ee.qasm,512,success,483.04813420000016,489.1757213515035,144.47874866511918,488.5610315916106,198.40862759962306,488.63370969716595,195.97371651744027,486.855286272788,168.64690768701163,488.4561908057415,216.8660320385272,487.49645856882483,131.1786434638744,488.7337862100453,203.85827385158154,490.10289210000747,317.91150181406175,489.00057305266336,245.4863249762939
3db115f1.qasm,16,success,0.2136195,0.2074487801038269,0.21218180484432786,0.2237326300675229,0.2270055708203574,0.2190475076770637,0.22506309340774946,0.22563685323471566,0.21206988895658702,0.21025751473393547,0.20993542915288765,0.21451349856764687,0.21057760275051177,0.26641399858458775,0.271638659849944,0.252466338870601,0.2689475359475287,0.23542548520994425,0.23392553926255238
3db115f1.qasm,64,success,0.2706139,0.43391269846264274,0.44696407229943863,0.48613056903660196,0.4974699256134683,0.4384853817775025,0.5001814757440374,0.41908070893345384,0.4602029544616865,0.43670520189463824,0.46247543869388613,0.4409615237801981,0.4636397788483698,0.5143960055214519,0.5601676965917785,0.48629688431450957,0.556255222226106,0.4476239192700365,0.480851740780483
3db115f1.qasm,512,success,0.17478360000000004,0.22599930401306953,0.24402923713853067,0.39027250634611527,0.30066609476703104,0.3520878680368471,0.3570493956859862,0.36323734344524783,0.2782141609774936,0.3477335113138907,0.28144956308894253,0.34319965571116273,0.28814056111977054,0.31710961206630495,0.2853364088841737,0.3030167968503936,0.3696580062967773,0.3827366360492867,0.37619178505306794
3e2fde05.qasm,16,success,1.4735673,1.4387017019621395,5.719629421766722,1.43701840262715,7.678204981254928,1.4451799182424467,7.889198306971467,1.4380111732816048,6.49283364114696,1.442486421775136,5.401726235083197,1.437894778124297,5.060084110479027,1.4319879908616766,6.649683050024357,1.4446365496530067,9.040477319660326,1.4396668661171619,7.2256792386346245
3e2fde05.qasm,64,success,8.440909600000001,8.434928207941535,6.817758865210951,8.503231997293506,8.467305722475603,8.510279078187976,10.274525198258745,8.528525834785542,7.058167883892788,8.526811420507896,6.199065147410456,8.525076123134818,5.993943773510377,8.513625579049185,7.46887087346002,8.51081495797523,8.666394092559495,8.523622017441587,9.469065801055816
3e2fde05.qasm,512,success,314.5541481999999,308.660617037683,86.05618995390056,310.4670811403731,148.52252970226246,310.67916797867804,112.85804690309934,309.03188879653777,74.44146076645158,308.8888653350109,90.67177284452784,311.19598695334776,80.24873507738312,311.0327707623833,114.27680031497955,310.2940500447049,192.8500156781901,310.95258207606764,121.16107275064626
3e730381.qasm,16,success,0.1677842,0.18946638930688006,0.7423101615600919,0.18813169191896761,0.6117188630454238,0.1871680381292048,0.5562080833258841,0.18515466202622496,0.6195712908629709,0.18883328492068957,0.6287554953648784,0.18483931071668386,0.6321993190877769,0.1903706758162831,0.671599419420832,0.18164608650378092,0.6837296599468226,0.18901868048453727,0.6348034518472127
3e730381.qasm,64,success,1.4118832,1.3955504830942163,1.793288180750185,1.4410745261135647,1.5536075521915287,1.4226700167155286,1.3915138504551625,1.423124949502435,1.275685938447634,1.460172795997828,1.510604471759282,1.4287085117314373,1.317814997648474,1.5419062172739504,1.6618920029624182,1.5188733583298977,1.372542938680981,1.3771800075981593,1.3439863241385757
3eb6cff0.qasm,16,success,13.542158100000002,54.94433023185793,7.324444344579577,35.30841227276948,5.6628016354377175,28.043245714548025,6.068939870243946,38.28665952301486,7.837909959136549,40.34541552660673,6.590941942855296,36.881153378701434,6.944005034763356,61.6180621017936,9.937845482727111,45.49125614915096,8.41654225853426,30.31413075725279,6.472549911543383
3eb6cff0.qasm,64,success,12.568248899999999,45.75118211873344,15.1390390381168,27.370227710514378,7.635656527547982,18.424327979217352,8.317816320089515,25.498173845609706,9.29325625888147,27.830182769106994,7.594299265814824,28.11327068863933,7.212447934870729,49.24942678252167,18.385869596756418,36.547658104668315,8.271847054805482,23.07530500256931,7.895699948208617
3eb6cff0.qasm,512,success,13.965547100000002,11.123482942487257,14.503917229418766,10.593735005712169,10.923719745885013,8.874979856260335,11.894099095181375,11.50359144272291,10.605693607303547,9.359374752403573,13.652611126070468,7.397235161951251,13.231958435573247,6.471912490691655,8.252154352784281,5.328209057653095,8.792899296221067,8.160470741407924,10.969982314096143
3eca4614.qasm,16,success,1.7950401,1.791915979778605,6.603814089824709,1.7948412661416089,8.278822320870448,1.792326839904738,9.402063593974777,1.794199410042292,8.15126219475143,1.791110747790566,6.429595873569391,1.791569603059869,5.791913410177278,1.7917868021998855,8.417023577021464,1.791287813945645,11.456362795525566,1.79138810587473,8.705587361519493
3eca4614.qasm,64,success,9.9800103,10.003128190392905,7.553199057523338,10.018216273037309,8.94681246825896,10.00019835101686,11.960937126526042,9.971665840282768,7.790137542722362,10.002177260576174,7.70591653641967,9.981643244301802,6.731498754424621,10.001782347939365,8.831368657771673,10.007965766324961,10.358921094929913,10.00257068464162,11.746194315181219
3eca4614.qasm,512,success,372.2380488000001,380.3365240468084,105.84791051945807,379.94094127470294,138.32469159283474,380.40730457175374,130.44719035523104,380.5473115202609,93.9160389481784,379.2838470274909,118.72813124713589,380.39637063990693,90.72387371868517,380.0066248462554,144.147911104206,379.7809766412255,215.19506161946055,378.5654264769445,154.02674770963364
3ee85ccf.qasm,16,success,1.0895266,1.0991146398756793,2.4375608544709095,1.1022511685995247,2.4335926409257573,1.0956301049307913,2.229367642092903,1.1040828094959865,2.0507790103411416,1.0894349456353056,2.268766702886911,1.1225273816396661,1.7910792023577122,1.1050242501950682,3.2018005612610954,1.108378261587104,3.1837076939379085,1.107763372224668,1.768740366712395
3ee85ccf.qasm,64,success,2.564209,2.574224888984336,3.36656034558247,2.553312498791282,3.36562203298281,2.5710986484938365,3.296822156239259,2.601500263172707,2.865036235029272,2.588756803953388,2.7835800223918676,2.5795182934675585,2.445470018704496,2.58740769301985,4.0913521783216344,2.526015605361568,2.939621444650426,2.6113816615218144,2.5448267809858947
3ee85ccf.qasm,512,success,34.452299200000006,34.275991758936854,24.92933223986449,34.517674153270264,42.17498449453446,33.04587918422848,22.206023700220957,34.37916085525534,23.671295085718683,34.929980667551284,26.016147454188065,34.19194842060448,21.94696280776361,34.05854232958418,30.714226716980225,34.47143456443504,53.066574935540764,34.155624298717974,18.6184455749233
3f072f57.qasm,16,success,1.2063047,1.1421844989581176,3.6235404455325853,1.1367145190227974,4.072480810549051,1.1378785167661016,3.7656328909381007,1.140218594795872,3.0827354953182016,1.1390762418878997,3.424025192580925,1.1384870030800411,2.1200210913049973,1.1363882930100786,4.464150652779411,1.1366854205364094,5.363943825943496,1.1360369652320088,3.0877494709714735
3f072f57.qasm,64,success,4.3106777,4.256232011337089,4.807634031966221,4.301386028066099,5.155854432760553,4.30893076963521,5.490717822365436,4.318697859273537,4.105316731666774,4.2622793011522795,4.0406280686324605,4.294177182136482,3.125418250321147,4.2908693707413175,5.865649338159558,4.271068763122257,5.724766558068877,4.302562930680064,5.105672566682167
3f072f57.qasm,512,success,94.2666482,95.33079114037511,43.302080855876355,95.01495339849424,71.3134526868179,95.27507544182917,41.42245982413395,93.96416340818509,38.45549699642021,95.1201586355087,39.446703906996845,95.36704290380133,27.85860655448179,95.53317802466866,57.37048515719641,95.72836169666174,99.28945507566712,94.9746723190331,37.30200193548102
3f858470.qasm,16,success,0.4377763,4.046882737004047,2.582353660601945,3.085803131755459,2.0300921254164477,2.9040929869385472,2.4370294893938897,3.1518722995780633,3.0298820709585517,2.687614891354099,3.044754984211592,4.789625402984054,2.8649153654041695,2.017872114682398,1.5844793017528478,1.4455915871691878,1.0480458318577122,2.6032373928495276,2.578090426767128
3f858470.qasm,64,success,0.7186984,1.670110158273741,1.8037576156106014,1.9127415910947103,1.840566382789131,2.087511593882851,2.1912836374358795,2.102915390353667,2.3961367475292765,2.476355822597558,2.605955268225771,2.5132702228156396,2.3553328326200846,1.5973634479491878,1.8426750830641982,1.4636070176333162,1.4277225124943551,2.1106861269327015,2.223651816115014
3f858470.qasm,512,success,0.4335088,24.01533322080291,3.1627170982251704,7.49406139858011,1.9771248343611714,6.6477687851133025,2.153098908480261,7.289366543160065,3.0129381239138864,6.9369623228472195,2.531626655310374,9.079248745443039,2.5547665071073267,2.260650741457167,1.5155395397905713,1.763542584985205,1.0388846716702504,7.514074154388907,3.350112879419789
40b719e2.qasm,16,success,240.8145595,242.77721660294284,66.93930831778938,259.4949997909186,38.80307757642467,229.38150631446774,42.294748653099276,234.91241304099105,37.56254689003253,256.68318291629646,30.75684911150377,238.15490662819505,67.4055925295194,244.41383612356452,46.4025097315156,247.5867318494706,34.681310021362165,227.39940161144844,31.60156506047558
40b719e2.qasm,64,success,419.87369199999995,229.4204739113832,11.226957449259002,269.4705937008433,20.268756937380562,256.8027572569553,18.164676114286507,274.7691820297131,28.101253787093704,269.19129334290193,14.723344321693123,268.68496063827126,33.645438796622095,264.3021616695732,9.036648254431926,243.7160574007229,21.71957473418682,261.41847125580136,18.62540338981594
40b719e2.qasm,512,timeout,14399.999999999989,12926.938808490477,1101.0156988145416,12212.950581176812,1107.9277142619037,11917.513504901402,1020.994014923367,12799.934602646854,969.1840964512108,12366.322841589319,877.7386689216471,12514.014835566031,927.2099092717322,12945.678395192992,1683.5086086891552,12684.286859774451,1127.0393321015617,12383.713442800181,983.7005575810076
40e78b26.qasm,16,success,0.1820556,0.25658304644527014,0.29632039246602243,0.2367021121841219,0.2604016620228495,0.24369420123757438,0.2531987320250583,0.24175098925528885,0.25011628614566495,0.29868660204239816,0.26376189442309883,0.24318790735200585,0.264734399545968,0.2137138526059982,0.20577279140091795,0.21256676173235303,0.20414356497433925,0.24831525070996463,0.2429282291127199
40e78b26.qasm,64,success,0.1782775,0.2755165693538756,0.3393931501736578,0.24382146235712382,0.29708562650295195,0.2432293915216791,0.28840517932396587,0.24537836754554798,0.29432603080965636,0.27879832258311704,0.30740248163785394,0.24094967480541266,0.29376704217004124,0.2213162797851562,0.27611834814490027,0.2279758929224194,0.28052719773734647,0.24165659229284722,0.3151031028456849
41bd27aa.qasm,16,success,1.101841,1.992717749624669,2.4987010427316054,1.758253163627737,2.033488921251564,1.6776827481314247,2.295114660865036,1.76604473767757,2.0768139272743813,1.774257155174511,2.081357982997374,1.7610378355105267,2.280531408775751,1.6912846070375518,2.6173465847116644,1.721731433395572,2.071837756043677,1.9648319689340987,2.2075179848777013
41bd27aa.qasm,64,success,4.6966688,4.175408141519971,2.8386341279343528,5.123655431147666,3.009566448509018,4.673060778139579,2.652795821305623,4.706272253770933,2.692517839807843,4.141615149205948,3.42330755294898,4.391327185975096,2.7547601381115125,3.831396025283727,2.4679252728084684,4.147686705766834,2.458515219425976,5.199437819484732,2.667529090382085
41bd27aa.qasm,512,success,153.17248469999996,192.80227993869792,16.81764428565577,145.70905994341837,18.654801947599847,172.4034458680789,21.123377440963534,166.502867846372,24.90587444184275,173.1678788426303,20.56637493812364,159.1068575271201,24.620937026657433,154.65955127347092,33.590218522839876,196.62839260818444,27.487282413237672,186.5869034684638,19.938203024322494
42a256ea.qasm,16,success,1.735077,1.7344315138135216,6.969726053280165,1.728546156447946,8.69223435774881,1.7225816220240011,9.816036625338985,1.7365288361083455,8.633705294878196,1.7331929046625167,7.484912340322412,1.7324057129052015,6.7749759561190706,1.737211983429032,8.497234349660463,1.733080187039838,11.733042846315657,1.733945727633895,8.033484094473312
42a256ea.qasm,64,success,10.099978700000001,10.08622049161357,8.239394307683648,10.073005161300447,9.31010612784351,10.078809855772251,12.445083487054584,9.996660059779543,9.121633269820773,10.068215808184878,9.399294375029635,10.100779577489828,7.825564068804178,10.013511632537034,9.14983875748331,10.087345503095356,10.442723079608793,10.077347729079175,10.631516008032923
42a256ea.qasm,512,success,403.5172516000002,400.6229374156235,119.69806349570966,407.64239937438725,152.71087020713907,405.09808662316306,138.79350123692652,406.08419497520856,118.99534837453656,407.07769756192897,157.07194817801383,406.2302958630825,117.5307232826367,405.94903841805785,161.14759757544692,406.61646980304,244.86749617264832,406.09647703790466,165.28801415160012
42a71e24.qasm,16,success,16.5057448,5.289156773217677,2.6033429988392016,4.230973122505095,3.45911155650445,3.8298684170003305,2.6059220246177826,3.6395986513480727,2.2030497028304414,4.9448662734184365,3.1946170861797634,4.7779248531640715,2.310360872607781,3.981553182212615,3.107922642983783,4.006466955372794,3.6164744156875583,4.382633948180724,2.796180455977551
42a71e24.qasm,64,success,30.1654734,11.190101491966484,5.836727845585327,12.33680128934951,8.436557488092904,11.215226216764933,6.0969015424047575,13.947485514302993,5.586845091581866,16.81756474536,7.614495437666787,16.374266893823197,5.863136744718157,8.544981112435599,6.222746198396121,10.992270497295404,7.675067957260378,14.517388004316578,6.003395767909537
42a71e24.qasm,512,success,1844.9185097000002,74.31832593349975,15.21938919785664,193.72428854604073,24.3018569233775,263.99427507537763,14.00967317597099,185.13569524770432,13.314251216850236,208.18101479904553,18.157923963092816,280.353425178564,16.23213559775884,459.50462470073927,36.41961135264534,676.518854521215,37.70975047008146,217.4955016840687,20.553247219141934
42fa6cae.qasm,16,success,1.9149404,1.943391002362817,9.042601736409004,1.9407898461537367,11.180749686534085,1.9434105887639708,13.368121153414224,1.942660498828074,12.12525410595445,1.946721295690773,11.683050582964997,1.9438943034370681,8.11862160971015,1.9426148598301094,9.58652110421936,1.941681756256997,14.11752547880198,1.9371650077589289,10.83758343512746
42fa6cae.qasm,64,success,14.109905799999998,14.10039959550365,10.522000574512804,14.085015227592997,12.546806269225971,14.137952019790394,16.30515265573358,14.086736007359843,13.626582340735254,14.100415967124178,13.924723455638375,14.102156031690997,9.365865120779675,14.13006252599501,11.718213205208766,14.108333166757859,14.268314004246507,14.082947150515373,13.840351141140724
42fa6cae.qasm,512,success,563.9146286000002,545.1658653163286,179.13983499017033,541.7434669862437,253.9021212799185,537.6976521463662,190.77201448353682,543.861056384184,178.84932652706186,539.3066973211137,265.71495357199507,541.8707941349492,142.43502203395508,540.3167585119465,194.84664492967207,546.7008034188503,363.4784593144083,544.3141792451996,230.2639215493681
43168c33.qasm,16,success,0.17956979999999997,0.20654733293125752,0.2045939859173011,0.2110015435825544,0.20607303395488827,0.2102229606547732,0.2089016545123442,0.2089144352437997,0.20711050373864415,0.21294191531046447,0.20542287896673816,0.21117694533786532,0.21114978983817784,0.21250839512676703,0.20359944469596028,0.20952325916947342,0.2076280637527288,0.21115421244274601,0.2055900404488424
43168c33.qasm,64,success,0.1776479,0.20326426696623362,0.22710582492666612,0.2037499701208641,0.22102008619283844,0.2037441274514273,0.22342206398469844,0.20443440757476175,0.2231979333745828,0.20583903596536893,0.217831796795581,0.2014637961878316,0.22477449900341406,0.2043970647698119,0.22076634831143052,0.20267977889849195,0.23022565418736515,0.20289002353917826,0.21426206590100402
43168c33.qasm,512,success,0.1781855,0.185995561937459,0.19936973227664054,0.18603226383330002,0.19437376823711985,0.1845233355134053,0.1949718861317868,0.1868608048453064,0.1945693349340749,0.1854551440736093,0.19581204174372974,0.1863208362686193,0.20374778151280934,0.1876041922155097,0.19837417705241903,0.18685866207117005,0.2005264343675335,0.18769729665923995,0.20079336021368585
4318a3ef.qasm,16,success,1.5160106,1.613811140987603,5.580995423342603,1.6171186168463012,7.368835370002484,1.6212815054353003,7.099465140795021,1.6248473300768502,6.379619832038716,1.619593095018855,5.057420398800204,1.6144554314056918,4.882198677131108,1.6275793839345638,6.141516939792696,1.6120239834697356,9.579502074554785,1.6210344670592398,7.16055375525527
4318a3ef.qasm,64,success,7.7249488,7.726863525957062,7.130329405917485,7.664750219315353,9.791670521933716,7.699601349591775,9.823283144960088,7.699939838952428,8.144189265567979,7.735413709423961,6.424799050647442,7.703370691451349,6.053301989546647,7.760314596144992,7.686578729641768,7.715514938070949,9.065249239823514,7.7164003875617055,9.461582943047667
4318a3ef.qasm,512,success,261.0483979000001,261.6763386974198,86.17943675485944,263.7608912135778,162.19117188929923,266.32842238606645,103.36250123489422,266.4800860562934,86.1051028732813,263.02271191147435,91.15547572467386,265.30421495371354,83.03427568242314,268.08506740412736,129.6014807596097,264.1868399698434,191.22653458858764,266.3163270960748,144.1887203525046
4327c91d.qasm,16,success,1.7815141,1.7393374519762779,9.083677828085884,1.7464578736942682,10.034571809860578,1.7478455049431136,12.460881723043004,1.74374790073007,10.340138575374247,1.734991305146924,8.929277902882832,1.7429431227355263,7.161268682800342,1.7381998782729706,8.908659878658701,1.741845249577387,11.481807190419092,1.741994594381667,10.213666324125704
4327c91d.qasm,64,success,12.242160500000002,12.305718929164627,10.273110666932752,12.19852252583799,10.753646054553712,12.308067077235982,14.174800868434454,12.231225321530726,11.895646912574538,12.373227747517388,11.456432234423273,12.315613962226042,8.009715585974979,12.335146576642247,9.93309314473618,12.352787068746432,10.87185128742876,12.212002496660181,13.377376487214168
4327c91d.qasm,512,success,470.9695791000001,462.0044246568611,198.56035760357057,460.1309652828725,258.42231353031457,460.6415007883715,224.0087879294945,459.5969494890108,171.9244818422364,460.0223993908116,194.17537287439575,460.1446889140659,145.17628297218462,460.36302880023396,200.08245901842477,460.22297603766566,319.9147495306019,457.6173082834858,243.32855152331314
432efc30.qasm,16,success,0.1794426,0.2431448318241362,0.28340081362115166,0.23851100286365842,0.26496791619495896,0.2442431878342594,0.2866694245430087,0.2446616395278796,0.28911243580594154,0.2424030942647337,0.2887880055088161,0.241538920604339,0.3032862455015709,0.24811591028657645,0.2917159223677191,0.24332574144499497,0.2740444063695857,0.2458270089782871,0.25828923232923984
432efc30.qasm,64,success,0.1695758,0.23745117532978025,0.3371572157654944,0.23734848248390214,0.3094458325964606,0.23575954320606285,0.32399347134905176,0.23709432346275358,0.35670311870575133,0.23468749758550836,0.3430431286302766,0.23429468742043658,0.3442312325976899,0.2473343693493696,0.31419461544932414,0.24389934085795323,0.29055598823721973,0.23425881741874327,0.3287877275432874
432efc30.qasm,512,success,0.17470619999999998,0.2235835052074136,0.34274631624282514,0.2240153805596477,0.2919230866041169,0.22489134729516114,0.29292071175344064,0.22513056220588382,0.30914950101548827,0.22371878877240603,0.2896330172956101,0.2231260467693764,0.31082898898865363,0.225930442791273,0.2669444983024996,0.22411323179557532,0.2365276000965252,0.22450910001997643,0.2835064414121723
445caba2.qasm,16,success,0.18654210000000002,0.18336004267578362,0.2835181383808612,0.18465105117256578,0.27697429955361386,0.1857823522731438,0.27426047115503294,0.18482028787136665,0.28457769010087797,0.1838563490439749,0.2942825562665996,0.18444820153505903,0.29331407086091676,0.18476848619410915,0.23856173857926036,0.18480655561483422,0.22971761945372063,0.18530210583999537,0.2689299850773604
445caba2.qasm,64,success,0.1677918,0.19575355298400557,0.3373516954947003,0.19687535343622448,0.3274810557190799,0.19518824546546232,0.3319305161113503,0.19380115143013552,0.35169235189716,0.1924308733000635,0.3528250313737717,0.19282801412692627,0.343559549041625,0.19305590488763633,0.3028357594760243,0.19340615686638685,0.3144825000944882,0.19981400454287018,0.3425351748697656
445caba2.qasm,512,success,0.1767249,0.18514240827392264,0.3447375848282373,0.18560931430177474,0.3037318776184016,0.18373804644370906,0.2874735773136209,0.18422058193584845,0.29988177173097974,0.1837438828780628,0.30231301619541046,0.1841526196173134,0.3023359509733903,0.18531927137864568,0.25758932028350523,0.18502505467280034,0.24648495761321806,0.18597883859436773,0.2829554822784258
448ebca1.qasm,16,success,0.1762951,0.2287532850462443,0.2398979796519604,0.20310205413745538,0.24033039961069258,0.2112276194986403,0.24208759279008324,0.20480733576002633,0.2363287870631929,0.2088454638933786,0.22376848330977653,0.20318712818445378,0.23588844402654316,0.21783902435271243,0.25306278089047085,0.22095618102002332,0.24068082498486942,0.19475712653491703,0.22253113464542615
448ebca1.qasm,64,success,0.2993708,0.21667248391975874,0.24807554477382707,0.20469271919520812,0.2480425506299282,0.2046529558141042,0.24282853511770452,0.1963534524875699,0.24820412139571602,0.2033762431294643,0.2315665112708072,0.19321286482645347,0.2426703693018719,0.20103209989865858,0.24192814092971854,0.19491198593684564,0.26136379015982236,0.1903336118619381,0.23477863877259106
448ebca1.qasm,512,success,0.18492459999999997,0.23578620419263507,0.2426313516034642,0.20850429333647172,0.22590923311168917,0.21106244189590728,0.2113241876447398,0.20672077076919493,0.2163398299904533,0.2020539249351376,0.21266403507316714,0.197565576867631,0.21674521896715598,0.20241175228160296,0.21196588213972245,0.19626748855882123,0.21625266604199384,0.19215559852884373,0.20863837694855553
46073cb3.qasm,16,success,81.2164082,78.18296244666926,12.756360743775375,52.31802434574322,13.879013564658948,62.229507099093695,13.71217763193577,75.19119686515803,12.72258875135846,91.57616223765373,16.725597488690596,46.97695508043466,18.638539553119795,35.687448809944485,4.2532078335755275,41.375218236001956,5.842450103983484,87.44925391804762,23.019948315348316
46073cb3.qasm,64,success,28.287276099999993,26.34416207875497,11.967891980837905,27.390886649095457,11.218236569069166,28.827072889598938,14.647437232941048,36.703638964361254,12.62153540059537,34.926011003926085,13.591825037377461,21.155718533594378,15.566572667064225,14.893061911073428,5.645110608833446,18.61148553844868,6.757037464707773,39.30083744665736,16.702857783714865
46073cb3.qasm,512,success,82.40704189999998,147.66759260471008,19.546099897516605,99.87515052560973,46.691114429852,88.70736581538243,38.37093356884474,81.61442029682887,41.03319802660611,102.03294387882656,35.00759477787595,58.28971029886857,43.421680840752316,22.063318848096593,10.635821279651417,22.9766835170063,15.796521336841952,110.39602331604728,37.784187027426555
46188cf9.qasm,16,success,2.0354675,2.0634755646284417,8.445217332608687,2.0658021743375667,10.584978068355326,2.063801256979453,11.835902922585673,2.063906427923742,10.360713807813553,2.0634586083990625,9.285334108099981,2.063063574344644,6.825065587563804,2.0641985241941656,9.648249507843309,2.067234638409105,13.739894307685358,2.064437760493204,10.646290891236033
46188cf9.qasm,64,success,12.1403033,12.141469502052946,9.882415124504222,12.139302964493401,12.577582016088535,12.12346622842715,15.465527320373793,12.132651885156884,10.900090263009568,12.137859717283101,11.814803404511226,12.141310176718212,8.723812563582994,12.1564819481176,10.526167143935924,12.160612541256892,12.706920840697418,12.149223067051901,14.262846075606333
46188cf9.qasm,512,success,496.7963674000002,484.4931409372608,144.03719136308067,485.39170355807846,196.17500227569676,485.0829057420787,195.97371651744027,485.1176270295469,167.31668371569162,485.1670735605206,222.57116210060238,484.5534793784673,131.1786434638744,485.47649761780747,204.3751044889222,485.9163614460747,317.91150181406175,484.3199937567337,245.4863249762939
46de7f9b.qasm,16,success,7.0660452,6.003837455751327,4.305801724282404,5.990977205712317,5.902455421244092,5.9322367603418344,5.043302068512009,5.969460194103159,3.896701121902194,6.142302119362352,3.4450755321236164,5.916121624965564,3.5831171300883495,5.933840752623216,4.248448344297201,6.001041302481686,5.076785818531482,6.07047044506116,3.775077414432817
46de7f9b.qasm,64,success,0.17458329999999997,0.19495306215078037,3.85807264714396,0.20121261410874017,4.269150237396056,0.2003903766511847,4.163844948967256,0.19777482024070173,3.552599732634149,0.19407516850100992,3.4045210614643513,0.19686881168971368,3.939763634576774,0.19707181710762328,3.6745708923053524,0.1978166517063327,3.991450031044456,0.19793897983049014,3.8998334216283035
4737100f.qasm,16,success,118.890095,151.92917283410006,24.939282905219525,132.29318937219432,29.73902191448713,119.11336127413502,32.529493610968544,130.05363016785017,34.878851516138255,139.25399707201163,31.66694649678992,142.33348349217283,45.12004519418485,131.1286165330495,29.224840909301594,130.39055425107586,32.72462055740968,132.92151913157173,33.95208688598576
4737100f.qasm,64,success,214.64638220000006,168.5942300455186,59.502075054650064,199.91650250950136,80.8079369683363,172.9537859936866,91.72869444586075,197.65317962530946,86.03078910624039,172.054014014261,90.29400216161989,182.67827116624886,93.245081025528,148.7883821165624,59.63276964710821,173.57643503415864,76.16699366897572,210.95677718431062,92.17113270733427
4737100f.qasm,512,timeout,14399.999999999989,2712.2142001637285,2056.9446295235284,4111.238040330222,2942.3419760744296,4711.8418345838945,2963.464048058498,3460.7567245278865,2698.8925747989924,3787.6316184448397,2788.522095750066,3507.189641431342,2755.69595317992,6487.458196539363,4139.460236992368,5709.563679858846,3420.2446473609903,4098.489894714982,3746.907813655295
474aa01a.qasm,16,success,1.7337241,1.7613934918685752,10.677464885259022,1.7453703654378405,11.235736099396917,1.7520873274055786,12.913335172734982,1.7567366993943516,11.926442040867501,1.7478814750502691,11.415208305476451,1.734956137648003,8.71936551022327,1.7654459960085307,9.16857904121438,1.739983282248861,12.282262616565385,1.750371281846219,10.203143673137337
474aa01a.qasm,64,success,13.154595900000004,10.97750724105334,11.897358753882244,11.09170800527622,11.915561619092257,10.995536199250601,15.786868166452573,10.869878480710566,14.527494390689515,11.23195381657814,15.347490631814148,11.177082520256501,10.072392684279098,11.312473933960458,10.79790127943835,11.215625925247554,11.653558641290854,11.237632451115331,13.667536479781313
474aa01a.qasm,512,success,584.1059148999998,577.9022006304931,259.2391802372778,578.3409129589058,298.70266293773125,577.6160834401052,241.34673369965168,576.6446538708914,239.18362132385857,580.878279751502,316.4586641904606,575.9697459681518,195.94400892580597,582.1157042426238,237.9295832159101,579.5100055626027,396.90044836158813,574.1145517709316,275.8311223883811
4846208f.qasm,16,success,4.935263999999999,0.25929609102688517,0.3734829493806859,0.2552648372834405,0.31337234436002825,0.2631549301639375,0.3347697747173748,0.2591772861659289,0.3313049988948892,0.2646138676592018,0.35434376347370916,0.2557797849331535,0.39079741386331524,0.3487991067736327,0.38180084434761224,0.35176016286228046,0.4348748442698557,0.27748174678397935,0.3940947097651621
4846208f.qasm,64,success,0.23925899999999997,0.26489215922533815,0.40112833463680747,0.2850048481575619,0.3705196699552631,0.2896534245394591,0.37404776840417947,0.24897358994554986,0.4288940704043316,0.27443127025086295,0.3866459015148003,0.25488292337480317,0.38177698955384975,0.30920814623281734,0.40415130518035985,0.3047209848452845,0.3982979323706564,0.3039547156773472,0.40150074551801346
4a262567.qasm,16,success,1.8019782,1.788147196611483,6.603814089824709,1.7922116925848695,8.278822320870448,1.7880000669191953,9.402063593974777,1.7996179371316807,8.15126219475143,1.7913960652313254,6.429595873569391,1.7901507689290677,5.791913410177278,1.7917670250948343,8.417023577021464,1.7940245613757573,11.315479610583031,1.7885744393890373,8.66003112739653
4a262567.qasm,64,success,9.9888149,10.033434469670878,7.553199057523338,10.009143807592517,8.94681246825896,9.967882044779639,11.973641357116563,9.905916002076141,7.790137542722362,9.936057462909531,7.70591653641967,9.933281048435658,6.731498754424621,9.967693140746986,8.831368657771673,10.016344098906876,10.231533561690119,9.91844266653276,11.62922059910455
4a262567.qasm,512,success,371.86355819999983,375.7483988356753,103.98780586214228,377.28034985178283,138.32469159283474,377.7484054314131,130.44719035523104,378.22854892755606,93.25671993879709,377.2923277941611,115.68479254863091,377.955267978028,89.58090803658517,378.49933470652894,143.01870654339137,377.0261310495754,215.19506161946055,375.98561849877314,152.08627405543896
4a5eba47.qasm,16,success,0.1833999,0.19188322135330574,2.362660012552706,0.19346323123118966,2.4907352418852877,0.1833708322274571,2.60623741857621,0.18916458138481124,2.659613628657713,0.18553048764758412,3.273939929745051,0.18748178869151344,3.2736680880495506,0.17976873679116648,3.9407092218591804,0.17936623459125545,2.511253132206,0.1794518730609637,3.2094614966611132
4a5eba47.qasm,64,success,5.2547247,4.468635330013171,5.359326634240305,4.13694744750723,4.671743691432323,4.111885842743918,4.615941743187071,4.086764786719288,3.80624502798526,4.247051085847499,5.292831785544046,4.2123018033298765,5.390653563391653,4.096921167899236,5.373795413531682,3.9549186238000718,4.144076186864936,3.954223426480833,5.134591276560456
4a5eba47.qasm,512,success,0.1847617,0.19531752131921554,9.487392028917743,0.20219192949782647,6.38200374547169,0.18442373210726906,6.8998054285462285,0.1905848928659014,6.367795148048543,0.19284956219477334,7.635571466938346,0.19180681409547395,7.913016337759246,0.17912221813019388,7.607935270628625,0.17911553778431785,4.979169921173286,0.17935749570256693,8.079494953293299
4ae57e38.qasm,16,success,16.3446989,1.063178144449082,0.9475507614822395,1.1743548351118007,0.9728507966387282,1.3151593966613688,0.9736450527941709,1.2129987147656724,0.933920052372118,1.290769660956032,0.8776525845656175,1.2286473657675478,0.8980407478596041,1.4592676299302165,1.3135198323612782,1.6324994784773008,1.2276565396383254,1.2264339248611702,0.985609738040988
4ae57e38.qasm,64,success,2.3998315,1.0694252478989144,1.01309484747928,1.447132100245745,1.2454357558388727,1.551658904774024,1.2283441326515716,1.348048865890878,1.0585770425552448,1.5544276202449214,1.005581049001427,1.618993445575448,1.2791150770998414,1.5060867832304008,1.2963670004364238,1.760294561001662,1.224104647472456,1.4602035488492031,1.1039749836780937
4ae57e38.qasm,512,success,37.56116829999999,3.2765528127592516,2.7693845098579253,15.25184517866368,13.821451806857963,12.3957379300576,12.5502694188284,11.22558765779295,11.859173454863296,10.610177991263532,8.960951859140309,12.214161030821934,12.957453459162986,22.17731413654433,17.77869089969279,27.53151761085286,32.604352580722136,10.291759649962334,14.805324472018528
4cbdcf4f.qasm,16,success,1.1965732,1.2156838960142327,3.303819558098419,1.2138499573764878,3.5315185423834494,1.2145737024783156,3.111040496239687,1.2207447304179144,2.6731748405737794,1.2106220872693403,3.0999211259116124,1.207899042129509,2.130535261465794,1.2168853794296883,3.819373186103595,1.2132898258862572,4.052342823554106,1.212324656554185,2.6622912157679073
4cbdcf4f.qasm,64,success,4.1559375,4.196421706489631,4.645711560456444,4.181497657627233,4.80807753973608,4.1916449189296685,4.656806931066244,4.169772427842799,4.095264924698154,4.203655256134425,3.7713119153672947,4.190980632520575,3.2304269895418596,4.154802969078381,5.298898916596843,4.151386934657353,4.917747966978234,4.198237829290988,4.0773455791335715
4cbdcf4f.qasm,512,success,94.93661020000002,91.78544674285729,42.51894571647852,91.75372425422101,67.09888483085685,91.53655340565908,32.83265727284593,92.3694241691615,43.27655510783248,93.76211188077122,47.20635102430034,92.71192400599342,33.525276293648176,92.76737361460123,55.34912800290963,92.34625152785479,85.30481762406983,91.37932220084497,33.62108278250183
4d59437e.qasm,16,timeout,14399.999999999989,8666.653056471832,8493.802124466521,9045.87682802901,3631.9177780564546,7597.771351588805,3941.550265228535,6354.887593979499,4042.7147313760297,7111.880982551755,4050.407782345554,7937.639798897107,3214.0587651646847,8391.720214050914,10033.558073254613,6453.549183090476,4696.774731549557,7426.844109645449,5149.106614023211
4d59437e.qasm,64,timeout,14399.999999999989,7669.509594992761,7154.295871333637,8061.165239911185,2937.0625719703407,7000.506529311502,2885.584615311372,5732.744233185005,2177.176247083783,6652.745689996916,2652.8812679498546,7633.663741827072,2607.6277325949263,7676.648856426803,8286.992645755468,6202.353025001153,3189.3010060705255,6373.271137956347,3035.534369166627
4d78cdd5.qasm,16,success,0.1960339,0.18452660784647973,0.18923883207605022,0.1852873163487285,0.18557633003918214,0.1854148515259555,0.18590867635418765,0.18461552752793178,0.18645525351316633,0.1852157973798131,0.18776146898562412,0.18510916081242018,0.18645770145453017,0.18533238973037483,0.18575324871959753,0.18514834263249605,0.18749179781878877,0.1848217382108398,0.18929866284678704
4d78cdd5.qasm,64,success,0.17771010000000004,0.17258570140733934,0.1925783312331029,0.1738849863851253,0.18917580029864137,0.17297378877804317,0.18681008293077106,0.17361141839851119,0.18689058317930143,0.1736398519429045,0.18837553971046497,0.17303304308205808,0.18617671187011908,0.1731599148058477,0.1837514555359536,0.17222946465096886,0.18368416461762901,0.17297761922608731,0.18783178039803863
4dc2ff13.qasm,16,success,0.179415,0.20482392259425566,0.2154535433081991,0.207684363707936,0.2171230040614613,0.20796279752469035,0.21277361047988502,0.21744553448503376,0.21627543717571338,0.20170811600629815,0.22209355159928057,0.21709520859939893,0.20901569621431093,0.1958019229347786,0.2149397957973279,0.19678013247219373,0.20074424591277407,0.20135615711244523,0.21036577297984682
4dc2ff13.qasm,64,success,0.6179387,0.5710308690837935,0.439144533720299,0.597732475447175,0.4194300721647181,0.5960701543391369,0.4157848000181639,0.5924569379784043,0.4053765828966546,0.6014769319657562,0.4431430142282754,0.5961263198926815,0.3930713531478923,0.5949200595159647,0.42814312306598196,0.6006593843161784,0.4543107961262984,0.6301449344024684,0.46548460008176634
4dc2ff13.qasm,512,success,0.18002370000000004,0.21307204584340667,0.23721126114695315,0.2063842324079897,0.23085666731791382,0.21310997134234952,0.22208233547021072,0.2275187928723071,0.23971077487198758,0.21093656132059452,0.23083781110538726,0.22516009276851795,0.22961789934330856,0.20996488344215675,0.24877748665222765,0.20571253953321253,0.2431903548817704,0.20602726656135908,0.2403325365792079
4e8df7a8.qasm,16,timeout,14399.999999999989,11424.157648307179,5981.224392234353,10542.657879271943,1853.4020078621875,8983.434810065051,1348.141218877732,11283.34029924908,1469.3869092909583,11141.873363506333,1347.1629121195613,11153.935818098656,1568.612321014328,11192.209372069718,9300.514981586675,11183.095065597847,2388.7982109444456,9888.621678647592,1894.6587159277415
4e8df7a8.qasm,64,timeout,14399.999999999989,10981.865408929965,5138.124579747719,9738.168868402603,1681.6596665376371,8602.832520546623,1542.2737744170947,10226.71404210716,1317.1896994274884,10548.96363911229,1496.6257779984824,10950.496896412575,1471.3167096301897,10352.22951217413,7911.758626314646,10017.244547317996,2039.4445420393515,9459.966314995985,2051.990625090508
4f476879.qasm,16,success,1.1168596,1.1298717194708492,3.99130400658782,1.137067422420344,4.075904089234249,1.1350474737636116,3.8898015150260203,1.1302218794598624,3.656332006027209,1.1314280028132042,4.183904711619194,1.1312919110312138,2.5723383291753366,1.1330586557834872,4.910291894860457,1.1348054555692788,5.57446588428653,1.1355321975002866,3.463883732400456
4f476879.qasm,64,success,5.087435700000001,5.132636583040602,5.440233099539355,5.095188577188147,5.409145696053084,5.158868940463677,5.688217957593977,5.05508025816368,5.199913601513962,5.1017519859830465,4.8921339052725905,5.104621648771781,3.726558345506353,5.052930784126787,6.299603830261055,5.104600797144997,5.87940190725994,5.128845428371611,5.34033392548099
4f476879.qasm,512,success,148.26441930000004,146.16709706779275,57.58899162688997,145.01461160670252,79.0203611934544,146.67060784949618,46.07004083195501,145.39205398948184,54.9065137123505,145.33310453415746,58.78375581725056,144.82048579499755,38.40895634420696,146.48303749728098,76.26663224686233,144.04764130725738,121.94291505800751,146.14715124395065,46.607924775976535
4f48ab57.qasm,16,success,0.5463127,0.4253235439612266,0.47626502088871575,0.4465445966942734,0.4093554295557525,0.47476375575468444,0.4807053867024616,0.49388295193460974,0.4588054431481463,0.4535930111120064,0.4801004178749369,0.44039191452609644,0.5135915458390105,0.5736538518865545,0.5990468683250634,0.5917018127620521,0.7166785871066544,0.46376102641374534,0.48784953358653615
4f48ab57.qasm,64,success,0.4028144,0.752404248232659,0.7792048420757002,0.7576171890698238,0.8268876226828178,0.8781956037233224,0.941035128706968,0.8400993404178867,0.8851431466928542,0.8294699473657501,1.0048509788704674,0.7522145776046849,0.9298363497915731,0.6934004303613939,0.7592302486214152,0.7974277145116131,0.8353814559911382,0.8864252134604328,0.9285005214196141
4f48ab57.qasm,512,success,0.9204006,0.6679966000103066,1.1472055799229375,1.1972051747336485,1.5943941997585642,1.834549605386083,2.2009455624268237,1.6713889626898997,2.173722841424455,1.5662297020476212,1.9794954535668976,1.303843565783368,2.26607643334542,0.8173992857464535,0.9670007588725857,1.5183061159551214,1.7288980043851554,1.7489933656546277,1.659621798562137
4f9a3ab1.qasm,16,success,0.1827227,0.18005863381584888,0.2369936681187561,0.1800002666723787,0.22333284009665,0.18122577089359082,0.22243583027407415,0.18125219639742166,0.21281039776453037,0.18096756300088312,0.21575900845993004,0.18236006484224396,0.22303182526971826,0.1829606712431256,0.19792550790106897,0.1835694334999356,0.197436013208112,0.1815705762640101,0.21311433296345508
4f9a3ab1.qasm,64,success,0.2759283,0.27319434856540237,0.46440017084275476,0.26724633550512183,0.45844575662277814,0.267391632539052,0.46375067252426533,0.2705327801351027,0.45588588813724656,0.2716002318790779,0.4595978143064758,0.26681513743840196,0.48967859210649084,0.26301964403145467,0.4568281773252854,0.2608541123479758,0.4640488070780502,0.266825525531006,0.4709906590953096
4f9a3ab1.qasm,512,success,0.17816029999999997,0.18263526019140636,0.29089417414860547,0.18176877848915413,0.23984157937877798,0.1821376388874772,0.23552938696796055,0.18125847965170883,0.22246210754366982,0.18194267982222515,0.22978068133455892,0.18351868966311846,0.2424751907951884,0.18118317400763667,0.21144831786342894,0.1814436510086484,0.20651799754402023,0.1818187408625056,0.2347806268510494
4fd60583.qasm,16,success,69.0350985,75.91924995953072,25.224236858090656,77.28662612759895,17.484617265653124,77.00712612791473,13.269894973966968,77.12171938607679,13.571370759442386,76.97354302514644,7.427492793412238,74.88961731131008,16.147484602653655,76.46860020262052,31.163439407768994,75.2115508052955,16.576453281760486,77.52298215916142,15.937354335407067
4fd60583.qasm,64,success,3.5823552,4.209378008100698,3.415630034575938,4.1152776867639815,4.459377099832955,4.52434703890981,6.6471890137250815,4.186691504045073,7.269457839011592,4.3372277428447354,3.872845323178779,4.15070940831545,6.552880920219636,3.9958047692739265,4.574365029817083,4.1032157925664965,6.160631773427094,4.222334608815718,5.368236783084473
4ffb1090.qasm,16,success,1.9565706999999999,27.480598618379823,5.463721885855319,19.293163893905994,4.61442750191476,25.881104734033233,5.452683558132891,21.375390128285066,7.024254448525575,33.25700189061001,5.468342198538995,28.75480712313793,8.13173458650768,23.743782100810527,6.545426450110016,27.4181696392551,6.663879428438601,32.12378527054784,4.9826500378566925
4ffb1090.qasm,64,success,2.7308021,21.866014996355357,8.873410751446196,11.385764517231541,6.749127312206329,11.247353038406763,6.834170536586605,11.138434968272245,6.3194825410083215,14.667304376611504,6.039636905092417,13.625827398805976,6.194706926392482,21.49648521395347,9.940652507305604,18.155278011994373,5.616224835763691,13.828251343918925,5.8792245906691525
4ffb1090.qasm,512,success,1.9538451,12.469722089133167,9.89119524812754,7.249241279914955,10.92721516006529,6.994927059643317,8.854642743655123,7.849694144548895,8.545954108138103,8.07921210562418,8.950034360451513,7.7872392899001115,10.561781645913822,8.23697756656336,6.803295830313549,5.301481894144799,6.64118897271273,9.361490520785214,7.742103351350716
5050d142.qasm,16,success,0.21214299999999997,0.30130918166431475,0.30790033522787624,0.2919450537549559,0.3409598346839205,0.28215443055969214,0.31731596220099373,0.28221145342881104,0.30769903681129473,0.2888294799570896,0.32662185193352944,0.28996567264028883,0.32150882011132864,0.30779124699345745,0.28198789512627875,0.2811965900587733,0.37029438238638224,0.29553058000212795,0.33837378590773437
5050d142.qasm,64,success,1.9698752999999998,1.465089884058506,0.6313728206933176,1.7218328312818247,0.608786560966231,1.6082459130785356,0.5697146390520719,1.6933193339666113,0.6215730376670132,1.6367481403531094,0.6293052949085243,1.636840265934509,0.5699941064378423,1.6475195648389969,0.49352570301778587,1.7989415372026736,0.6880042723172201,1.630428722899092,0.6882862266116985
51b16166.qasm,16,success,1.2138746,1.1895112661759735,3.292308926031009,1.1973368299551155,3.5396957764199617,1.1968939710600301,3.111040496239687,1.2004406590585508,2.679578099242212,1.1962568345296347,3.0999211259116124,1.1890758024959447,2.1080242520381334,1.191886663871834,3.804119486044121,1.1917305202934279,4.052342823554106,1.190711352745529,2.6389528677149556
51b16166.qasm,64,success,4.156859,4.151967528781986,4.5856952187659035,4.206243805970023,4.80807753973608,4.167938001423084,4.653422873712638,4.165377675302355,4.072807489605329,4.208023461959567,3.7713119153672947,4.195351998944291,3.210063196867759,4.171713734291549,5.298898916596843,4.1254874031059,4.917747966978234,4.178267172053982,4.041602490738738
51b16166.qasm,512,success,91.95425450000003,91.37926683142973,42.151370141957,90.52900357118843,67.09888483085685,89.78751892342402,32.07148919184453,91.05985069568047,43.01535931631984,94.04201520238729,46.868657873166015,92.16306740230272,32.88047302965249,91.8609368720773,55.34912800290963,92.55273265902804,84.97395306690812,92.07054585181517,33.16555267984723
51b543de.qasm,16,success,2.9811427,3.0610409612505616,14.796256905813827,3.0570074505694587,17.33950167128785,3.082658416551066,20.005871587083295,3.0516151696900553,17.046934378023952,3.034472131901072,18.921948932409816,3.051457999116946,13.054410067292835,3.0452408644615256,14.72323404317621,3.0349599876648647,19.96832681510111,3.073331886623649,17.73022239776334
51b543de.qasm,64,success,23.505974599999995,24.326152169666976,15.535312704780356,24.374639055179376,22.145986757749775,24.24606883775974,23.168962371271025,24.049411616474192,19.532828851831255,23.92816360097226,25.314617089184654,24.335053763926602,16.866350024128057,24.72139814017786,16.65115284896829,23.887290893326977,18.403601225729922,24.09367070138676,24.76646664820703
51b543de.qasm,512,success,1080.9138732999998,727.5948287464387,223.54264889516912,732.1906840193434,289.5389849172216,717.9788868646491,247.05736173551625,706.8061031908383,274.1018343947715,719.2696477447626,343.33306977567145,705.4526859590746,237.71453021513491,727.8173436562964,227.94551747365657,721.2491894043504,451.6461129059621,718.3027311437656,380.88768895709325
52b00428.qasm,16,success,2.009074,1.9950003295661187,11.61449371433627,1.9943394748597996,13.667860004480175,1.9984289728040865,14.665536157381123,1.991902478671677,14.063090863802739,1.9973046477435294,14.708544991377389,1.9948927042068414,10.377347908778372,1.9957762663102405,11.229077134081784,1.992384765787265,16.089611274033633,1.99319597514051,12.56452573284009
52b00428.qasm,64,success,7.728845400000001,15.653465882137173,13.228027891171012,15.597739897124193,16.153651926901265,15.599029459366013,18.774969320748703,15.646592388864782,17.10184444598943,15.737422689303957,18.169509208444918,15.606048255484778,11.996800137320054,15.625241289035335,13.288914791498618,15.707840971963831,15.726185692809866,15.60550763729839,16.33432024550427
52b00428.qasm,512,success,691.5553226999999,690.5429021626744,248.37671595281284,686.3666787153608,330.195705855593,690.7004768157115,234.69935824245027,693.1836507672052,268.59719958859426,689.2340391080704,430.61670758903193,691.2913866440731,227.6478200145475,690.5591306021676,258.79962041673764,694.1590899655699,444.5365683080096,691.1383390495658,299.71279561006594
53442dc5.qasm,16,success,0.1755131,0.20847156964962535,0.3228999662822089,0.2092045515368837,0.2916925152217284,0.20415174276860884,0.2946126361782672,0.21211698301383008,0.320263178501442,0.20416840419836182,0.3240612346603064,0.20394919941343004,0.3219293360099568,0.2295112851628572,0.2883622472074302,0.2205961815842004,0.2707771903786051,0.21402909585455027,0.28353735150688536
53442dc5.qasm,64,success,0.2352298,0.21519272377822352,0.3616388380768095,0.21596952307420955,0.33941458485017706,0.21404551508135236,0.3584471173645967,0.2111692102225204,0.38058429896307494,0.21144686084262204,0.3818871976619468,0.21002561541145487,0.3622215180755572,0.22521732296852004,0.3293161009374268,0.22069726714776922,0.3284458488826362,0.20879823186148141,0.3499031184653617
53442dc5.qasm,512,success,0.18592699999999998,0.19692662104429556,0.4096151445233042,0.19851775673378264,0.3259673127956644,0.19712577825871835,0.3203357546659523,0.1960620000984149,0.33844710642307185,0.19619498773450963,0.3221770225026346,0.19796938140869658,0.3330783970757563,0.19947348402880197,0.27935736897234625,0.1998014433192639,0.25352837702968384,0.19618932133501368,0.29352351787378994
5357322a.qasm,16,success,1.9833841000000003,2.090250912776908,1.4404143135306884,2.04312654748951,1.753143768150557,2.180130856534179,1.7050803326499717,2.0989456049883684,1.593614566588819,2.157466588080405,1.4491769668460088,2.102645552184568,1.1561561171326713,2.1030175062498198,2.2011792971462625,2.1221869233823507,2.307078877579695,2.054707692753528,1.546681825742471
5357322a.qasm,64,success,0.1795194,0.1729170979869578,1.6080972784066672,0.18063406150965325,1.9443584202000226,0.17496441298421034,1.8842249141011205,0.17586378764599347,1.8616544058890192,0.17321492227373544,1.8991069988432163,0.17611526301064717,1.511325835630053,0.1722066271586174,2.0102027156506392,0.17620313146455927,2.1524806053024435,0.18023494521845237,2.031243456746944
5385a9e9.qasm,16,success,1.7063132,1.6905148656864988,6.510175878656714,1.6908311631628432,8.75945052867056,1.689959181140532,9.791557747944923,1.6913247863288303,9.279679208320546,1.6902004807558053,7.451343459505545,1.6907744746680748,6.147136552552689,1.6895020594033994,8.464937210237833,1.690852695657428,11.550895817761509,1.6907786368051445,8.3939211565999
5385a9e9.qasm,64,success,10.5206042,10.494245652456753,7.482485313747584,10.47822149029655,9.296679556544408,10.509913957544825,11.729924826117628,10.48984574169343,8.615940505855425,10.510822942368792,8.607509253703832,10.506199358720112,7.209794142624153,10.486927523008474,8.661028098348265,10.506009210049749,10.407817488924952,10.505035046437602,11.107050313791735
5385a9e9.qasm,512,success,406.11038670000005,406.776450786253,103.06725506637959,405.8550588096019,154.1508797080369,406.4920629442231,155.9648620008406,406.99389046012755,118.43983555555828,406.39023434002615,133.995448193904,406.2075821114747,99.19133134331777,405.7561366630691,159.98334373087135,405.70328595718235,218.99325846278444,406.4934870994254,174.45102164607644
53e971c2.qasm,16,success,0.1748129,0.19000634319206386,0.2991705657553304,0.18868457564272545,0.26256764503320756,0.1878740104484368,0.2984782644839338,0.1866703986867513,0.2937949490978135,0.187607362050107,0.28142482335638336,0.18861847372798154,0.29340220740899065,0.22082181751589203,0.4019670181000331,0.2328033480335241,0.38240136640452643,0.19311590448064964,0.28249745615455657
53e971c2.qasm,64,success,0.1728286,0.1948984283594848,0.38220589720284737,0.21841087009759236,0.3634008979847918,0.21366005091533438,0.36556991904645114,0.21358189207953177,0.3842664728574816,0.2049211010930786,0.35582480512302067,0.20047600716546188,0.37016317637911134,0.23396939723906562,0.48688247868399215,0.2599135174745044,0.4637071501124668,0.21282344207175904,0.360842151216702
53e971c2.qasm,512,success,0.1791764,0.18497185941845493,0.36665911684522184,0.207591657490886,0.3753016266803241,0.20701558754838947,0.35798142103504715,0.2184060491239815,0.35942622467844976,0.2015047485766157,0.3415098620357334,0.1954068619991478,0.33708164730234585,0.19705452742087348,0.3942112604556113,0.21625566881610908,0.47209813545101587,0.19653487703789962,0.39136798329994027
54c8f710.qasm,16,success,0.5430322,1.2234410721423323,1.0669898785645628,0.8454329646498153,1.019975267441796,0.8537403634998334,1.047781174955808,0.7645143097821352,0.9847989483962726,0.9199270858141615,1.0467152504689097,0.9912635277810289,1.0542037472654804,0.8770002290671314,0.9837058435788536,0.8460471878721495,0.9048359837440817,0.9231649056475583,0.9990665945925944
54c8f710.qasm,64,success,0.5765128,1.238533270215528,1.0886953961685026,0.9003699530471715,0.9912327287043512,0.8950635277827752,1.0518143826299593,0.8279626965698219,1.0335559354525503,0.9648452246448618,1.0356477149256276,1.0510639642559654,1.1031751262946992,0.9262959303766866,1.0307659014552415,0.871494718504226,0.987826752570497,0.966410058249908,1.0494103428821173
54c8f710.qasm,512,success,0.5371048,1.2224725199603377,1.2952113905935472,0.8763157296412871,1.0581555212602478,0.8453756740504444,1.1016296566179307,0.7760067685801246,1.0496935729559465,0.9288516950565368,1.0336836633950743,0.9829717423411903,1.0870820172695461,0.9594222796042043,1.018366878188293,0.8955232280961768,0.8952613714178465,0.9111307408142938,0.9998064935066198
54f0b8c5.qasm,16,success,0.18011680000000002,0.3943985212135143,0.4871993292383081,0.6223014618098321,0.7121888480349396,0.6205441353882031,0.8130863299187293,0.5710861491528659,0.6792970114822233,0.6309266774093952,0.628258333733021,0.603781455150506,0.637129595259753,0.611398319412048,0.5283592718711915,0.7243283141399666,0.6173090503292917,0.683195187898041,0.7324464469727409
54f0b8c5.qasm,64,success,0.2660724,0.53956232998622,0.7694001294293831,0.9144650817090861,1.1677789434187051,0.7951992196159069,1.113217975628291,0.841664146921635,1.1421280747084492,0.9093349412469186,0.9488493324980299,0.9738585596931887,0.9685270216105453,0.8006604856755096,0.8573536871423753,1.0836255128466417,1.0169152152121157,0.8940187224616606,0.9576234446826428
54f0b8c5.qasm,512,success,0.1865154,0.791811796198021,1.445805646003608,1.6041040934303634,3.8417058051313013,2.2855074183030797,3.3444239172689993,2.9242797049577365,2.569493993905001,2.733497208614391,2.544380466948077,3.51381834185464,3.074184051985762,1.6444138763724732,1.3856446455372684,2.672884045214065,1.789863974090947,3.356299394703941,3.376193635768654
551cc6ea.qasm,16,success,4.0511647,3.246476383813929,0.7260698421226724,2.972903315714398,0.9118405984460921,3.2441226172563984,1.085893427629897,3.428666949582117,1.0771735966643141,3.2194503246128146,0.9596959094319955,3.2316481288245127,0.8387466956670999,3.714314834497171,1.700190546540021,3.6819924607848153,1.4912269247491259,3.3616063933748306,1.154290790196524
551cc6ea.qasm,64,success,0.6177918,3.225770209265406,1.402406990438216,4.720369256409871,2.6450700236963494,5.037130658796939,3.1271251099777713,4.898848263845166,2.6693844572379213,4.60178437860919,2.7865440719945744,4.888421707851433,2.7380838420634697,5.157113815186514,3.131881587657952,4.654467149901823,4.03830845527354,4.584474541126319,3.6323322091776045
551cc6ea.qasm,512,success,903.4430423000003,582.9861633388488,3.5865950918257896,592.3023890150953,19.726336288829405,674.7106265280659,26.46282167952494,657.42689242679,26.211846937614396,719.6491997415292,19.041918958899373,614.1112615155718,25.832288739316255,741.3886664925085,43.9281842642466,798.7071478706346,53.7492025586016,692.5617555833493,33.983873518678415
568c1ef9.qasm,16,success,0.1891656,0.1923694461055024,0.23224846850091,0.19186816089340147,0.2178460425304557,0.1919598223127466,0.22098121932642037,0.1870944440433515,0.21413536908750347,0.19323751719706542,0.2123761998578345,0.1982787373846086,0.22378669431953496,0.19108300270447062,0.19587827557164345,0.19132050143515333,0.19526312025796833,0.19356016444568944,0.21147741808931825
568c1ef9.qasm,64,success,0.24343100000000004,0.2969313024373233,0.469304159315985,0.30259691743292183,0.4699487116430605,0.29178663790993253,0.47832178596570896,0.2947583959651716,0.49565643784690405,0.2897596165819736,0.47917561042073975,0.30545045816537025,0.513155266334242,0.28059819459351687,0.4903948404905715,0.2670641580956252,0.492134328105627,0.28141997252816003,0.5012592485067004
568c1ef9.qasm,512,success,0.1862508,0.19378499351593473,0.2644384462783019,0.19526767423944458,0.22635917107608955,0.19670723124563347,0.22209865705350665,0.1903275892962197,0.21845864041601415,0.19648304609830944,0.21895012504595995,0.20020443918912711,0.239950443396339,0.19060934380288183,0.2050965857847155,0.19282571914148441,0.2021155988674099,0.19657862389606476,0.2205227149030802
574915eb.qasm,16,success,1.6900419,1.5516201648878725,2.8601038690608047,1.2684022799490025,2.5390540842832934,1.2951194660793104,2.5425018082055355,1.3032984001655048,2.5058031485431043,1.1704723623151485,2.3607200306101523,1.2862785907961722,2.431311119101074,1.4151162207858303,3.4553259863448766,1.4995653808364586,2.3881646627600643,1.6166426972533854,2.3777558272038726
574915eb.qasm,64,success,6.495244199999999,5.458160293124842,3.9971130630712417,5.393830544177946,4.482197787294657,5.9953351399918,4.1955033403332935,5.48332556097263,4.360067627707312,5.474577246089177,4.346054365335548,5.457908351586705,3.9811456951159236,5.6639107001275715,4.2192007695999925,5.5783402114632405,3.919777742172966,6.455325309773617,3.781223721160428
574915eb.qasm,512,success,257.82087350000006,105.94201574424174,17.12650039389482,132.9502511892856,16.838219270100954,157.8566601645422,20.36923461489155,129.9310532005326,21.831145374524958,156.61293880832966,20.684597842119835,135.83265793769033,25.200865282851076,147.05764730917565,31.35866136487109,144.4024995296676,23.963239104085577,143.6208194126285,19.42847751509108
577f5adb.qasm,16,success,1.1850882,1.0578446581772436,0.5437985112095863,1.003863443308955,0.5910297275611597,1.0164454591882386,0.6201412095834486,0.9555371733700319,0.4970826806844185,0.9973429586197788,0.6362367965143393,0.961971630757048,0.45622032331430595,1.0098605053695908,0.38238167022054936,0.9841997041420766,0.45004818173335837,1.0370982042555896,0.5977339505318972
577f5adb.qasm,64,success,5.6904274,2.977140321504767,1.003308608285932,3.164708768533619,1.1125064395240791,3.342211827318175,1.1046584544005915,3.3576117225941724,0.9851847217285316,3.2845243876491117,1.0456690319323525,3.3038782203171486,0.7920788597497394,3.1575266654455394,0.938795623296145,3.4268229454532757,1.294484478133884,3.1748960338498766,1.1776189182114074
587be285.qasm,16,success,1.3891152,1.4040884441588337,6.154676280055098,1.3946247125878948,7.626134707255221,1.3944824515664673,7.058752292527852,1.410936423483275,6.466621464198548,1.4009258760905554,5.751661312199247,1.401880736913483,5.651092029123415,1.4034228353333325,6.260505877227348,1.4094858359694105,9.525887096260591,1.3936556879052817,6.464473902108413
587be285.qasm,64,success,7.918703600000001,7.996496151983549,8.43739280594356,7.984269944326666,10.713664595491746,7.944982010108522,10.305436531380964,7.887815010096602,8.82757089166652,7.964655483886458,7.580695594184198,7.969538825844125,7.463278816510679,7.875910906847999,8.136949516299723,7.9699315606108305,9.517711997018601,7.943660645777071,8.959267347523662
587be285.qasm,512,success,284.79549880000013,287.52792060611927,118.79108791018372,282.30206367670166,172.53272041271077,285.1645442991931,106.3946470005219,285.4921095803825,98.87412997267282,284.74289301641113,118.14411460769074,284.9973638121205,98.47028798266497,284.76754381935615,139.68943248549408,287.17952056255865,212.04087861780846,281.97088482541926,153.8610866329973
588e0101.qasm,16,success,0.22066920000000004,0.43852214147102714,0.35697630698528143,0.4678856688347354,0.3415428157768689,0.44628678944086525,0.32343777642745425,0.4681076982389734,0.331092585017652,0.47353101312488205,0.3216789124942232,0.483978978441378,0.3430293401937109,0.4853199511343471,0.3631012933946649,0.5954105002456368,0.3521004667702155,0.5427912001011216,0.3739565442437591
588e0101.qasm,64,success,0.48802539999999994,0.5568304525215649,0.4079595067142625,0.7043301887192535,0.4300525464178535,0.6010058790242838,0.4294311999845981,0.70762505474206,0.4125413484137558,0.7073154748021643,0.3876647990819105,0.735708730677595,0.40171321586711906,0.7444980006389346,0.44883940288071494,0.719030304070912,0.467240015450288,0.9477338673751297,0.4668393345781541
588e0101.qasm,512,success,9.7979156,1.1384321306512537,0.4086913377217214,1.722713573102867,0.4452264778693926,1.9614418560432325,0.4331965551070115,2.3891291705566875,0.5406059440135187,2.080468488063576,0.45646773108807914,2.1159365719361283,0.5118876200926097,2.317841771647477,0.6035461905705016,4.354387907559127,0.7340261370694197,3.5147418292172694,0.5483247325630864
591d39f6.qasm,16,success,2.6787045,2.703989787829401,13.520397007175,2.686183010792452,16.532032031187324,2.6665937771246098,18.387285178539734,2.679625029579157,17.578628875596163,2.68009194234727,18.06143901229825,2.6796693771337385,12.443883514882875,2.662689427978056,13.986904971532269,2.660668245657653,17.152173531352503,2.6828740110263802,15.53289613744051
591d39f6.qasm,64,success,20.992547700000003,21.413280008170055,14.202580194015985,21.28147796872687,20.086235680426473,21.090777371962854,24.151022378860528,20.99178382935084,21.552749340269084,21.357278142263013,23.010926909333854,21.074363078099836,15.623086085697846,21.210791745959455,15.921529550569558,21.173856779429574,16.370922218026763,21.360350166099728,22.007274488547434
591d39f6.qasm,512,success,981.4918502999997,1027.0972257600495,239.0119714308356,1033.1272259763778,328.5522996169235,1025.8461998056541,260.46473285961,1020.9932494515166,320.67333623310225,1014.6068254217229,399.7760822084476,1033.420428548325,221.9944722305613,1023.8224890454841,221.01474565908822,1001.459289155588,401.67711434787185,1018.3909898128951,335.33181013313396
59267ce4.qasm,16,success,0.2185542,0.3443098572795761,0.24703812017126858,0.340867384267381,0.26351400470960323,0.32284231440944194,0.25325969336642257,0.3422203847714266,0.2598802561139756,0.3218609608655421,0.25714701980766536,0.324574694062676,0.2518965697476164,0.2669748266728156,0.2577846084687049,0.25062228208116205,0.2592925368142623,0.3163334958428629,0.2525299677074409
59267ce4.qasm,64,success,0.2873506,0.48032815780699717,0.38925788636361625,0.4596914623866035,0.35668677725483056,0.43611895799416256,0.347485538893047,0.4762584823775341,0.34834080465046985,0.40634213665889546,0.34987514797085884,0.44309484288945844,0.35462899497487665,0.4075119963334567,0.3523507174119567,0.371017020680372,0.3542157238396497,0.40938544810289884,0.3642760987059003
59267ce4.qasm,512,success,0.2381152,0.4271971818338646,0.25885601192807045,0.3704442867435067,0.25551949296357646,0.3406666904473771,0.2426079869510033,0.36411558644170705,0.2528477582306477,0.34052219877032486,0.24568650087853472,0.3478561248128727,0.25560054307298524,0.28108261702015314,0.2530169061548771,0.2543165461655454,0.2516051739601274,0.3366850461281889,0.2562564009272896
5a4964e2.qasm,16,success,3.0040687,3.06637587303765,14.796256905813827,3.0678351262904955,17.33950167128785,3.082658416551066,20.005871587083295,3.0516151696900553,17.046934378023952,3.034472131901072,18.921948932409816,3.051457999116946,13.054410067292835,3.0452408644615256,14.72323404317621,3.0349599876648647,19.96832681510111,3.067220000556956,17.73022239776334
5a4964e2.qasm,64,success,23.571399400000004,24.326152169666976,15.535312704780356,24.26810705755802,22.145986757749775,24.135167348998582,23.168962371271025,24.049411616474192,19.532828851831255,23.92816360097226,25.314617089184654,24.335053763926602,16.866350024128057,24.628411545733346,16.65115284896829,23.905460266561146,18.403601225729922,24.01473191632977,24.76646664820703
5a4964e2.qasm,512,success,1113.7247560999997,729.8700818945964,223.54264889516912,735.8002695750395,289.5389849172216,716.8541604160465,247.05736173551625,707.186457636554,274.1018343947715,717.5904005595957,343.33306977567145,707.8876868578161,237.71453021513491,736.1506509929427,227.94551747365657,721.9386601366173,451.6461129059621,714.6315033809525,380.88768895709325
5a741dbe.qasm,16,success,1607.2905075999995,0.26699500964061124,0.24106407287903422,0.3951867688822276,0.32086416813013585,0.316178696432564,0.30138969793744674,0.36017494611434864,0.31908558335305526,0.2797809857077783,0.25286681533884514,0.26390091663737003,0.26565995222969846,0.584369455277136,0.7475588669730439,0.7915093279540539,0.5678925434803174,0.3445740068372365,0.3119509040034705
5a741dbe.qasm,64,success,63.61018129999999,0.3057589134751293,0.27969320899434563,0.5763200124792103,0.4718565592234594,0.4475764567398158,0.534532355346098,0.5285738576730674,0.5059695917543549,0.39498309613493665,0.43114568589898766,0.34987066271108785,0.3922059344150251,0.6441579123070067,0.7242637207460458,0.8581002792788863,0.7187885206935928,0.4516887279218834,0.5150266339621932
5a9f20b0.qasm,16,success,1.9873639,1.9353141704654382,9.042601736409004,1.9343937925330421,11.180749686534085,1.9323143411526582,13.38376391429969,1.933425883323319,12.040751435687456,1.933386500450477,11.683050582964997,1.9352582801236995,8.06726742479453,1.9336262760060738,9.58652110421936,1.9253270226146597,14.11752547880198,1.9343482592070194,10.83758343512746
5a9f20b0.qasm,64,success,14.174923699999999,14.013757355322404,10.522000574512804,13.993614136437209,12.546806269225971,14.001354967358283,16.213584099382377,14.055819068068022,13.270450905141553,14.036942075479695,13.924723455638375,13.919671363772325,9.306621521012442,13.968553040455934,11.718213205208766,14.060001496203796,14.268314004246507,14.030826358488422,13.840351141140724
5a9f20b0.qasm,512,success,556.7358081999998,558.0476860435404,178.06068059926886,554.2171270284199,253.9021212799185,552.0389710472064,190.77201448353682,555.1696915992889,178.84932652706186,550.3460742941227,265.71495357199507,554.6344176855329,142.43502203395508,554.6503256233128,194.84664492967207,554.6611352133721,363.4784593144083,552.8824451085519,230.2639215493681
5b419375.qasm,16,success,5.069990999999999,3.3790384394364854,4.860859597082953,3.608423370835447,3.755973722270682,3.4976800850988767,4.587776925560995,3.3283935219581426,4.514225584422665,3.3249705619425556,4.331088852032469,3.7054050379485184,4.3065716058155195,3.7264650409979576,7.18060335003522,3.394641562317384,4.34392879090095,3.481376029863793,3.7532062616509614
5b419375.qasm,64,success,18.199755699999997,11.843592144495718,5.311813475372247,11.831128185181134,4.457252767582409,12.581864761641256,4.794669837413702,11.93162727815915,5.154529155859551,11.892243896373166,5.881672402125441,11.976475548669258,4.40003655121884,11.616736476160515,6.12805095784819,11.170830788858588,4.760939340140129,11.390109875734744,4.795820530511465
5b419375.qasm,512,success,735.2598270999999,459.7642459335481,30.135937561681377,527.627820792211,30.733416930396057,486.3562818882682,43.16653030433177,484.2511889982276,41.64729518747682,488.05416778307256,37.490606800852945,480.7714615469081,47.3134473651767,514.2960757523832,43.96475507873982,471.15647166989515,38.6315017393257,483.80446290408906,43.39173844646834
5b482142.qasm,16,success,0.18248999999999999,0.18673449181784801,0.20672588497412067,0.18706017263707703,0.2034720112202501,0.18617948661161926,0.19646475205460323,0.18788648338821246,0.2026265943860917,0.18669288281838606,0.20049896371219805,0.18718680149460992,0.19896548480154402,0.18938361806415902,0.1941974952977502,0.18962006273637327,0.19532037238235858,0.18751433122830874,0.2039152474112665
5b482142.qasm,64,success,0.176904,0.18448968658922596,0.20959638778105433,0.18218240075373346,0.1957101743162325,0.1811848688466255,0.1902306332262706,0.18529717641935056,0.19489420333846325,0.18149411513909772,0.19603394512126188,0.18174440072642162,0.18946917071802483,0.1819939370357474,0.19120716935119855,0.18063943610965943,0.19363699446142682,0.182553127954396,0.19689533752613225
5b58ce32.qasm,16,success,0.23533430000000002,0.21110283182866338,0.20735807097389772,0.21096951253113885,0.22479508734728182,0.21105507473218618,0.21887273758824521,0.20754476703989672,0.2283965971736036,0.21282460819041288,0.22278207102391834,0.21445638233530698,0.22116227469618746,0.20193042717867318,0.19931832515727915,0.19463752274365287,0.20127040373592855,0.20488239058300906,0.20825912495011
5b58ce32.qasm,64,success,0.1714296,0.2094969562677954,0.23401349212297964,0.21491070170575807,0.24344268916179623,0.21190875670189804,0.23314654529549705,0.2082337005370502,0.24168978328230403,0.21193370079428334,0.24066269542420007,0.21732239999475317,0.24286039915277072,0.20427937542786012,0.23226951669695536,0.19803870395935805,0.23389807006596275,0.2101578178971487,0.2215704604367831
5c176f37.qasm,16,success,2.1709223,2.0554356530660156,0.6580066066251624,1.9883542943568393,0.6905910363925684,1.9340982820285155,0.7835723405390853,1.945877892391039,0.7999305300488497,1.8966249809142444,0.6802480911756548,1.9491980445454444,0.6088100410935005,1.9773725542029685,1.1082292699059197,1.9503440979311164,1.0691034052734185,1.8346902770904983,0.9372833908087584
5c176f37.qasm,64,success,0.177055,7.397831730722144,1.0327641962647656,8.736747259788842,1.737731091477215,7.963064007317838,1.545419211432977,8.465749832546388,1.5814576089839796,7.487127790627715,1.6131087781517843,7.846209565663383,1.5179375933710944,7.406296765441324,2.2859902595643367,7.396884671805784,2.5891740776330754,7.583946731963078,2.4409720419605563
5c176f37.qasm,512,success,218.88470399999989,418.3527222027951,2.730463989785703,412.86881256386573,11.609814752404544,360.7011249796973,14.846607809955067,405.80393004547614,16.48616541403237,385.49978968289605,10.445073983921175,397.6614474873597,12.389847584500625,434.0538460719989,31.04743943975275,421.95294017248995,41.42920516488098,433.75374691132464,25.31487878980744
5c2359c8.qasm,16,success,18.8537477,4.220035298295705,1.8881136774051541,3.8053370368910775,1.6223762125887404,4.081064485577284,2.0785580373447585,3.96468958088909,2.4804520948419397,3.786912918667265,2.1968328934532706,3.221954416779353,1.842155855716727,6.818400077073559,3.298421307752878,5.465717189393082,3.389954716644452,3.7522432097361103,1.8991197536592286
5c2359c8.qasm,64,success,0.8920383,1.9419791230091572,2.0982224975937473,1.5638637685376757,3.0503066266403267,1.6624976762533286,2.4819907721055574,2.0209100406540474,3.0220543752424502,1.5765061784464882,3.3748587873392233,1.7812039633791816,3.0767434435096495,1.8042693943873092,2.717480734153809,1.7230807929117322,3.616676877710819,1.7825874911387354,2.5667325847956888
5c2359c8.qasm,512,success,26.214138599999995,11.867295900790074,4.6053394986913,7.7217571353429975,5.133312134880403,11.146737125115362,9.517632655283453,11.240912235722638,9.338631024854472,9.241564567463987,9.214645984151993,9.445510650017086,8.472958398560495,18.2929549051797,22.190418300934866,13.952975307610155,16.929995364751804,8.861231024865962,8.087640022968946
5cfcb9cd.qasm,16,success,45.6465889,23.970237267247573,8.174137094620797,29.448120468577947,9.955583883612114,23.67597101433325,8.558424960003167,23.91419862380002,10.07773076356769,24.730604698905402,14.183102786602145,30.244244796212616,15.622245029438288,13.252182747480484,7.519298795469927,19.993165756116653,8.715719221679041,19.17800901355584,11.59431494416717
5cfcb9cd.qasm,64,success,42.3598636,25.20299047459292,5.7886445310896955,29.478699450327003,8.410082103011582,27.850828766459184,8.190754750717097,26.107269290679,11.045508210120644,26.038605248403492,14.865820739611737,28.8217469430101,13.12064510489487,14.339539731095847,7.579227872175989,21.145579027785104,10.228924215550638,21.754717388012832,10.351471561798308
5cfcb9cd.qasm,512,success,45.74182770000001,34.94396005461705,5.336310436848467,34.576446120822276,7.052018750776866,29.91840511432405,5.930883291012997,28.28867249667755,7.568282631347911,30.15936222963412,9.787273414349976,35.69428220945057,11.277495274627091,14.917013051829906,5.626457001063166,20.80033794762846,7.332229893012603,25.168252676373122,7.407135854259294
5d14d092.qasm,16,success,1.8427508,1.8352623520391231,8.036689279333174,1.8501213532726344,9.401869131034829,1.835591336926913,10.241978765755707,1.836531767494595,9.914255639484438,1.8328968664269576,8.660626154574953,1.8339792110748503,6.879412182852779,1.8417731855407107,8.924848459815358,1.8345136779095341,13.410347820628846,1.837604714533654,9.063241243131877
5d14d092.qasm,64,success,10.707354900000002,10.636787359861481,9.823608938737431,10.650009079331712,11.923991398733556,10.621596351912997,13.997046178884446,10.50327523906519,10.627530839431774,10.714478868766461,10.91002289804551,10.724806551528232,8.5421211042812,10.581445389117254,9.604467651823343,10.63547166323309,12.115784162789476,10.662844095492106,12.629436063993209
5d14d092.qasm,512,success,449.6638395999999,427.76591629289476,150.82374446549787,432.63410057425864,207.9158620730589,433.2063637318451,167.90302312958778,442.06174252731097,150.8562651477501,435.54839422636377,198.00431331598074,432.1797979418368,130.81747320608716,433.27110648803404,213.69917988971144,437.072257099439,303.5657727271422,437.8311881690906,205.93796039206134
5d2b11a2.qasm,16,success,1.7544678,1.7557492353220774,10.677464885259022,1.7607729194049457,11.26143471854662,1.755172296168483,12.78837646520529,1.7549431689170087,11.897983572123062,1.7522133292774038,11.415208305476451,1.7539278913247314,8.71936551022327,1.7534405683575602,9.16857904121438,1.7449115049438082,12.282262616565385,1.7584187467347472,10.194799944795793
5d2b11a2.qasm,64,success,6.910084599999999,13.07482135631133,11.897358753882244,13.002666213720905,12.117479049443668,13.005039701335479,15.693986750699706,13.069878749130206,14.616365201422955,13.122228555459674,15.347490631814148,12.999615656470896,10.072392684279098,12.845214170729784,10.79790127943835,13.02685977318319,11.653558641290854,13.089619300505806,13.69079548874321
5d2b11a2.qasm,512,success,578.8071934000002,566.5633765997276,259.2391802372778,566.1141065614524,298.70266293773125,563.779318920446,239.01128933100398,565.0018339749901,239.18362132385857,562.3691258596922,316.4586641904606,561.7421467272608,195.94400892580597,568.7699621083489,235.34448593533733,557.5504118540834,403.0169157641834,558.3994264598515,279.92049881221544
5d565485.qasm,16,success,1.7579763,1.7466048091661048,10.677464885259022,1.7462409686408848,11.26143471854662,1.74566757268688,12.78837646520529,1.7441785946591482,11.897983572123062,1.7437270456134992,11.415208305476451,1.7483886083824018,8.71936551022327,1.7465427926450043,9.16857904121438,1.7495903851870833,12.282262616565385,1.7461916331348888,10.194799944795793
5d565485.qasm,64,success,13.180583699999998,12.033398125221725,11.897358753882244,11.976323011303718,12.117479049443668,11.881494379032382,15.693986750699706,11.917631481203667,14.616365201422955,11.968158906442417,15.347490631814148,11.920186160766184,10.072392684279098,11.884562039276911,10.79790127943835,11.892575602853011,11.653558641290854,11.976195770414847,13.69079548874321
5d565485.qasm,512,success,577.6552693999998,578.5287039423467,259.2391802372778,579.5701701359519,298.70266293773125,578.2770257406775,239.01128933100398,579.0316920792874,239.18362132385857,579.3321365347538,316.4586641904606,580.0202832965898,195.94400892580597,581.0267234420005,235.34448593533733,579.0119619038312,403.0169157641834,578.8209019825654,279.92049881221544
5da1db4b.qasm,16,success,1.6695542,1.6449504877123162,5.770781237386349,1.6475423191300844,7.7907052264426495,1.6517281604333522,8.237740919169395,1.6505582572952031,7.400451314439868,1.651608455386671,5.954748298389033,1.64747426452714,5.554829405116315,1.6595705777115286,8.148310549261593,1.6525626379171614,9.823442671471833,1.660418423063674,7.726342994602744
5da1db4b.qasm,64,success,9.5052925,9.496455575802647,6.462376037488159,9.517353710539979,8.127576997077833,9.520997026419058,10.114652917083399,9.510263433428893,7.412984444426208,9.487112222362338,6.534658821207304,9.506792159216717,6.190572086868497,9.514876836535391,8.438094428677552,9.4622508400358,8.693382741466834,9.499728877176455,10.027060986098512
5da1db4b.qasm,512,success,340.80459760000014,345.6474814251858,94.90014370155912,345.58997773928957,122.99596902623259,343.757105772127,110.66661600392962,344.59450120538776,82.98790867516009,345.7705848196559,100.30588047152905,345.912645364783,77.35621635331835,345.57197963633797,134.8024885493047,344.2017837548018,186.68913157144368,344.35082119062383,126.44747586523569
5e3dc35d.qasm,16,success,0.1754587,0.1977532382550602,0.2507240023401786,0.1963964856041029,0.24126209754056874,0.1981053807926592,0.24759172653604897,0.19921233255365609,0.25742059970209197,0.19850839616358595,0.2347659906713836,0.19744886214936824,0.25005653037609127,0.19833354043564633,0.22619794329367096,0.19484235182405085,0.22243534656264974,0.19829124208371468,0.24864138165643876
5e3dc35d.qasm,64,success,0.1674483,0.18485276120349692,0.2585568304656657,0.18344183439826325,0.25867087660828986,0.18493854534895054,0.2666712654930872,0.18299322752815586,0.2862919011996412,0.1892421836744105,0.26067155723653423,0.18470020741960175,0.2691463513210982,0.18517105249487167,0.24609945239309883,0.1871912661371097,0.2576514313892328,0.18252700944460934,0.268268535399274
5e3dc35d.qasm,512,success,0.1802698,0.19165324398450007,0.24701341444936264,0.1981432414086655,0.2378603080212975,0.19201003512642412,0.2428169861502462,0.19187993886818192,0.25153096828732296,0.19325978795293797,0.2303093167473171,0.1931264676313018,0.24955879045867663,0.19042498572378155,0.23170431946959125,0.18977015153840462,0.22242730649602835,0.19084012728017835,0.24466666377320379
5e4c8439.qasm,16,success,1.1020779,1.116748908397993,2.4375608544709095,1.112142504285497,2.4349530245815165,1.1106092554212195,2.2477691354740728,1.1058592637609865,2.0507790103411416,1.1151988343802657,2.2676141831242966,1.1119456551549722,1.7920279959651437,1.1067474124070256,3.2018005612610954,1.113434955984702,3.2026571376901467,1.1049262237702184,1.7532351214375157
5e4c8439.qasm,64,success,2.5658197,2.596084190699774,3.36656034558247,2.574743071653955,3.3496055939729796,2.5663404268359846,3.3846793560495136,2.5550671985625373,2.865036235029272,2.562362874862036,2.7949485562446603,2.5850609344694986,2.439527956688404,2.542077037223278,4.0913521783216344,2.582572894267288,2.916980969969419,2.5846276775461274,2.5332912462529587
5e4c8439.qasm,512,success,34.3699009,34.63759296788031,25.12090200407369,34.85771761658752,42.17498449453446,35.49468566896147,22.314527903414355,34.4487662898468,23.671295085718683,35.26498931859353,26.478985178698665,34.484395090910155,21.94696280776361,34.22493804791784,30.9567309720455,34.63693701308235,53.428112044792385,34.34504347438107,18.455231362872073
5e6b0a76.qasm,16,success,0.9429384,0.8511969773573141,1.040318540603704,0.7874359665481057,1.01570036873186,0.752087708182263,0.9703030739546497,0.791545607812926,1.0047547005752728,0.7969857663420274,1.0151854000683547,0.8115184858361224,1.0191049329034094,0.8370251988619422,0.8805201283358401,0.7594304919014644,0.9507068020543195,0.761733092607513,1.0160848372422144
5e6b0a76.qasm,64,success,0.8332049,0.7896737602506979,1.6035160252741076,0.7048776795450694,0.8883601973408064,0.6500705290407595,0.9047762932500135,0.7666358051937494,0.9469745426310789,0.7209246401782962,0.9788031263881914,0.793807916701284,1.039981317590535,0.5597031446999499,0.7187267251884992,0.560614698089476,0.6292655529097964,0.7092086822335703,0.8133572019271454
5eaee29f.qasm,16,success,0.9021112,0.41907564616337184,0.5223390180742359,0.38161276680691847,0.43379867962056423,0.4168019831917628,0.46664931654064934,0.4130319973741978,0.5101506231451316,0.4338211294414084,0.5101165380042441,0.39895731775968635,0.5002159261978603,0.4016867892793212,0.5448087627196879,0.4278726250989031,0.6985354287667517,0.4029910557694594,0.5227763320973977
5eaee29f.qasm,64,success,0.1723742,0.3779320467954803,0.3693365846849718,0.3689829444295164,0.35430629341215253,0.38037697255702585,0.38740370889631287,0.38879953619985214,0.40239627231619646,0.3902486839959042,0.41871431448501356,0.3862884947730423,0.4427268904480957,0.3636389181390629,0.4071091424288282,0.3367880135090249,0.43465780573267443,0.3590063169992811,0.40344571904019993
5eaee29f.qasm,512,success,0.8121324,0.6098678959421966,0.6367676083898403,0.5343345313504297,0.6290083371664708,0.5312308035128124,0.6737534846645138,0.571170747882143,0.7212911983453135,0.5458545696021192,0.6644420013918394,0.5320620401582913,0.6425197191103462,0.4121262992773,0.5943643599757269,0.4108540149269161,0.536657072919439,0.4722001327496067,0.6252542877781175
5ed4dd47.qasm,16,success,0.1778839,0.18630630061464842,0.19790628971368518,0.18702975179135195,0.20212413888272002,0.1858619986158431,0.20227782913931902,0.18665767766576663,0.20343530958855077,0.18620385188629418,0.20266482812323072,0.18773464166074097,0.20234538912119424,0.18616702073715008,0.19433115596287423,0.18657400264154173,0.1970640249666154,0.1865464995224149,0.1959767839377503
5ed4dd47.qasm,64,success,0.1692181,0.17443457447299765,0.22716804784976002,0.17604418900859564,0.23115459081987738,0.17554677459648535,0.22663291053596177,0.1746641944296318,0.22944192878382177,0.17515102803076418,0.225314701059089,0.17614003225934133,0.22802163598457484,0.17297188576389844,0.21292474012938128,0.1745920980719292,0.22083260829737095,0.17623688892691455,0.21909536392400553
5ed4dd47.qasm,512,success,0.1719626,0.18145875819282767,0.1979202176596868,0.18143613306897943,0.19779311309104597,0.18066321660784893,0.19701133370884247,0.18141115566366622,0.19625001407850873,0.18053032119016174,0.19600610596839205,0.18270491773069886,0.20005361981734118,0.1817806595246975,0.1934214543962052,0.184000584172416,0.19338132699600633,0.18200335277469012,0.19103655450337126
5ee9c404.qasm,16,success,0.6110617,0.1781511988370187,0.6853232979164738,0.18480306651627834,0.602329345242064,0.1794691726617972,0.6138208282658255,0.1791745257123253,0.5845348491134987,0.1814840953366133,0.6301765070992533,0.17822224722507835,0.7734550549523203,0.18670037523805214,0.6722772056221549,0.18262462938459964,0.7566579123515589,0.1844198388401979,0.6464901125779806
5ee9c404.qasm,64,success,0.3699508,0.16529368245912773,0.5171241073356913,0.168099764234934,0.59449281431734,0.1670840225692682,0.5464887964594677,0.16707992731109347,0.5308409429399272,0.16860695559993938,0.5736183514578065,0.1674965670973026,0.6112050100258136,0.1700361764281155,0.5446326732649643,0.17344194975901725,0.6169711657940661,0.1680376746082537,0.5383170660871773
5ee9c404.qasm,512,success,0.602949,0.17425739684162314,1.1503946699752527,0.17757598713526496,1.0286662374978592,0.18122588621373728,1.0654091226915121,0.17882756848354436,0.8501577447745131,0.1823617386065764,1.068607620675984,0.180896753820248,0.8845581534635262,0.17916456795131025,0.75308547169759,0.1828406350351265,0.7508603062120429,0.17559315917749818,0.9930567604328153
5ef5ff7c.qasm,16,success,1.9424587,1.9398234947272515,9.042601736409004,1.9378908116778126,11.180749686534085,1.9398876368735953,13.38376391429969,1.93979046787726,12.040751435687456,1.9402988300554205,11.683050582964997,1.944455249936601,8.150574967593357,1.9435867159134712,9.58652110421936,1.9340849916743024,14.11752547880198,1.941168721850322,10.83758343512746
5ef5ff7c.qasm,64,success,14.129976999999997,14.198548908426897,10.522000574512804,14.168846535938627,12.546806269225971,14.148729163949342,16.213584099382377,14.139109012836384,13.270450905141553,14.187417468657191,13.924723455638375,14.173858869726914,9.498284704439103,14.163211841677594,11.718213205208766,14.167927727099817,14.268314004246507,14.078890589553096,13.840351141140724
5ef5ff7c.qasm,512,success,549.4164624999999,558.3372116891566,178.06068059926886,553.9379877131175,253.9021212799185,556.3343590273201,190.77201448353682,559.3425310318449,178.84932652706186,558.1329722209415,265.71495357199507,557.5983803369869,145.36836897331858,556.481860974853,194.84664492967207,557.6457845896155,363.4784593144083,554.1872632092083,230.2639215493681
5f0ad979.qasm,16,success,1.4398049,1.4391175229388546,5.719629421766722,1.4502387363418574,7.678204981254928,1.445283150386471,7.921717757498821,1.4527713002993052,6.479686141722645,1.4555036786583146,5.401726235083197,1.4542641765566018,5.0356494013118445,1.4632374264943533,6.649683050024357,1.4447543307531467,9.040477319660326,1.4461108872822794,7.210408853762208
5f0ad979.qasm,64,success,8.5335451,8.41998053904083,6.817758865210951,8.315090337843221,8.467305722475603,8.426983580865175,10.29827730141884,8.330389507145691,7.058167883892788,8.41927529417414,6.316449865270636,8.443114397450957,5.993943773510377,8.403552503618426,7.46887087346002,8.48185182282519,8.666394092559495,8.375398334759016,9.398122142023922
5f0ad979.qasm,512,success,314.93001089999996,310.5023123784927,86.05618995390056,311.73914696779235,150.34271914840204,317.0418788255454,112.85598676319333,308.3558979766576,74.44146076645158,313.21247892217184,90.67177284452784,312.2520667922683,80.24873507738312,311.2301094879556,114.27680031497955,314.1033364053676,192.8500156781901,314.50604095292186,121.16107275064626
5f39af5c.qasm,16,success,1.206501,1.2515189271275426,2.3718206536036246,1.6734762230590114,2.280564230164813,1.6010986003324446,2.376298391216741,1.7050381307345819,2.662659944854926,1.6026636001076195,3.140385003519035,1.4752790362227919,2.358861958612864,1.6134264559877007,3.9486769518759295,1.5227805134885533,4.894121279189215,1.5649349485647126,2.522851660836724
5f39af5c.qasm,64,success,1.2441665,1.272082757538309,2.3410415410135634,1.6698662161739275,2.228253030008507,1.6082502301450932,2.344262322917021,1.694926129226551,2.5510644644741447,1.6137083803791121,3.036131383047471,1.4966166763823034,2.3379876057968723,1.6190661387853333,3.9537517035705494,1.518138908805842,4.854360910739005,1.5593228106509507,2.4856214440577453
5f39af5c.qasm,512,success,1.2038937,1.273181777589283,2.391035007165398,1.669425633006766,2.230738188507652,1.6178864761657048,2.343694739305923,1.704284826329158,2.595442724881836,1.586291575144324,3.0725625904977405,1.4828423939473125,2.3276221579206444,1.6478769831302449,3.9675784364306583,1.5314651981382725,4.994690852647037,1.5399480430354986,2.481849314008385
5f6a8a9b.qasm,16,success,0.21687830000000002,0.19319944399594388,0.22981975716716452,0.1892271232842376,0.23111938015975,0.19262880653520129,0.2551474873577806,0.1891837348548062,0.23518304215844718,0.18756824978768952,0.24036671830382167,0.18928142776489176,0.2507433687226711,0.1956660376674708,0.2319176171587132,0.20217013410767914,0.24859940512512269,0.1926482930082034,0.23412044671527488
5f6a8a9b.qasm,64,success,0.1669181,0.2176115100650395,0.27737739853534743,0.22141700556656396,0.2779763296570305,0.22305752736032855,0.29015049370613644,0.22588422986242052,0.2874572459379504,0.22428420826805442,0.29105048626280217,0.22313805490821892,0.28801846111617385,0.22294662357849124,0.27902760308128194,0.22285447104289308,0.2835798326371758,0.22469018081472378,0.2786514913671695
5f6a8a9b.qasm,512,success,0.2251206,0.18825941340504415,0.23639331146347928,0.18725695503023715,0.22488345343689622,0.1873480714523892,0.23843144546259595,0.1862851603640402,0.22454640939845302,0.18494084388083945,0.23463493505659924,0.18675232678842255,0.22823429666185432,0.18961272291466152,0.21119925471458173,0.18718414878854345,0.21696747260181906,0.188912135215704,0.2134748176782919
5f79d6db.qasm,16,success,1.4444159,1.447969586291497,5.719629421766722,1.4477034990038733,7.660336360649879,1.4481271026052225,7.934629482396144,1.447751304006359,6.477723601591027,1.450873614404522,5.401726235083197,1.448039959136298,5.060084110479027,1.4492649487929008,6.535939504442632,1.448852113334455,9.040477319660326,1.4529094617465534,7.2256792386346245
5f79d6db.qasm,64,success,8.4894781,8.473412766050343,6.817758865210951,8.454898842653506,8.593704654421243,8.41357740383864,10.431870665917105,8.494550282570934,7.150216766925482,8.481051375477879,6.199065147410456,8.480347709878984,5.993943773510377,8.49582162362788,7.350787875693268,8.446172408868957,8.666394092559495,8.454104755359078,9.469065801055816
5f79d6db.qasm,512,success,309.13355079999997,312.3704863169231,86.05618995390056,313.0476358038302,148.52252970226246,314.00745249547583,112.85804690309934,312.8551872083891,74.44146076645158,308.4762439735197,90.67177284452784,313.6718876068706,80.24873507738312,314.46344186345954,111.06356549682636,313.00492280788984,192.8500156781901,314.0693417365177,121.16107275064626
613afa2d.qasm,16,success,1.1619439,1.1347842217722979,3.6235404455325853,1.1401704231885446,4.072480810549051,1.1441314529631492,3.7656328909381007,1.1513277830773974,3.0827354953182016,1.1468352272782418,3.4725749476579963,1.1381351747365815,2.1200210913049973,1.138607417263327,4.464150652779411,1.1505280604432642,5.363943825943496,1.1559688404186244,3.0757797557388584
613afa2d.qasm,64,success,4.2897754,4.282981746397989,4.807634031966221,4.228552432980386,5.155854432760553,4.234109682629329,5.490717822365436,4.246415133579831,4.105316731666774,4.243434194771609,4.069852449606986,4.3037671177013905,3.125418250321147,4.265616665007592,5.865649338159558,4.2281563467628995,5.724766558068877,4.282091543046279,5.105672566682167
613afa2d.qasm,512,success,94.37437180000002,94.45512819110019,43.302080855876355,93.74144166445826,71.3134526868179,92.87559845708319,41.42245982413395,93.85323935908163,38.45549699642021,95.49794230648506,39.446703906996845,94.13567856548019,27.85860655448179,93.11995325088586,57.37048515719641,94.87077087866092,99.28945507566712,93.10830395232477,37.30200193548102
622c4417.qasm,16,success,1.8900389,1.9491564328514301,9.042601736409004,1.9478192795877056,11.180749686534085,1.9479497786313953,13.368121153414224,1.9505791001215012,12.12525410595445,1.94732707121668,11.683050582964997,1.9479696975426715,8.11862160971015,1.947500356850306,9.58652110421936,1.9488321268214017,14.11752547880198,1.9499146092486013,10.83758343512746
622c4417.qasm,64,success,14.084895399999999,14.24799632949012,10.522000574512804,14.12738551476993,12.546806269225971,14.15831767779,16.30515265573358,14.18475578521677,13.626582340735254,14.115034229563634,13.924723455638375,14.160501742320758,9.365865120779675,14.177979270963995,11.718213205208766,14.121005213600492,14.268314004246507,14.185341360396334,13.840351141140724
622c4417.qasm,512,success,556.6662470999999,550.1859098221053,179.13983499017033,548.594458345708,253.9021212799185,554.7310828437321,190.77201448353682,551.372611336874,178.84932652706186,548.7396682867925,265.71495357199507,549.7533889369056,142.43502203395508,551.7992713028962,194.84664492967207,549.8792676083303,363.4784593144083,550.6276023278413,230.2639215493681
635bd24f.qasm,16,success,9.4363397,6.759410892445239,5.425982316974566,5.712229048259067,7.255269232238103,5.958754701800037,5.455946112375116,6.345535634508216,4.978587468363252,5.449953835713663,4.692089714431045,5.5707006994903185,4.921814658431213,7.522937227249318,5.997266959679939,5.990114955443905,5.683237098039351,5.674513402014749,4.684152792470573
635bd24f.qasm,64,success,0.2822097,0.3557591421710397,4.210204626324866,0.3799419123708764,5.020524235721317,0.4336406030760027,4.874479051250469,0.41898435843409765,3.6976075753069013,0.3749053675418149,4.951957124800759,0.36750172974962664,4.944412239985612,0.4505670732602615,4.291184576140066,0.4222209471446433,3.927061329560828,0.3304210715649912,4.603526337190622
637811d8.qasm,16,success,1.9822721,1.9991895992024873,8.124279020940637,1.9882504178019564,10.353064580366121,1.9936839757898392,11.455533641290058,1.9903871568446623,10.601314530174912,1.993818890486697,8.770990567913337,1.9929289865419182,6.568153732030337,1.9930122216492947,9.35402454618576,1.9971792027095714,12.98798945489639,1.9991169284606474,10.076721807862832
637811d8.qasm,64,success,11.433697700000002,11.504420072398315,9.498208974141784,11.459434586170739,12.702333772163106,11.502034010360225,14.493112163350032,11.532628068131606,11.37770372053751,11.513795748637298,11.184066454938083,11.53146630609188,8.648861891227417,11.519903274506639,10.23308888427566,11.472977031775802,12.014650149609063,11.525839222878163,14.365228750790004
637811d8.qasm,512,success,435.3994821999999,439.0794216914373,139.4793606868217,439.3469891929256,207.91819761151976,439.0346773973866,190.25187759838474,441.00124326191155,159.67683796246658,438.57417396785917,210.72655456154064,438.2039942619849,129.839059659663,439.0264231147865,205.89873877101624,438.94085039350404,290.4446071911964,438.7024626302046,223.29030124778942
63aaa50d.qasm,16,success,0.1790994,0.5835477975772473,0.7270908905372276,0.4531647055702292,0.579783175346366,0.48646727971298614,0.6001649058021803,0.49783326502651487,0.6702304297004719,0.47125144611925684,0.5740518368172217,0.5289953302985468,0.6487421985091868,0.34110237120887527,0.48860538937317827,0.33697920005146886,0.4156844615077982,0.48499764249720234,0.6522319184063241
63aaa50d.qasm,64,success,0.3013606,0.4532787702725598,0.8486457641652402,0.49469182193583017,0.7913814299851496,0.5150886328792142,0.7952849338991377,0.4833539853862997,0.9319808463802756,0.48302063362550435,0.8069966851496132,0.465195698371582,0.7421829079645292,0.38160320200525777,0.6419080873936551,0.3814739043408009,0.6204594054879675,0.4565228848296238,0.7277450626130837
63aaa50d.qasm,512,success,0.1729242,0.563153495057805,1.7472134114541502,0.5333804244890821,1.5678378749877118,0.5616129870889697,1.9611094919283554,0.5679881500023221,2.437649827224882,0.5439612481195985,1.8716368658434033,0.5022482493595107,1.2986522280694093,0.43777240265686324,1.0613351468811907,0.5058771143435159,1.5070497229288522,0.5246017257258143,1.36344218911285
64273f69.qasm,16,success,1.3970083,1.379940611251587,6.154676280055098,1.3774892191584576,7.626134707255221,1.3770905051559374,7.058752292527852,1.379682540396598,6.466621464198548,1.3785789477045176,5.751661312199247,1.3831670795293338,5.567078723112288,1.3855053523505538,6.260505877227348,1.3883222440639134,9.525887096260591,1.3849017015429486,6.464473902108413
64273f69.qasm,64,success,7.9696109,7.90497752229798,8.43739280594356,7.905570894542602,10.713664595491746,7.9656425916634905,10.305436531380964,7.961868045545882,8.82757089166652,7.9726564336318875,7.580695594184198,7.912591968634448,7.330957155203412,7.953955657694819,8.136949516299723,7.9865109031880674,9.517711997018601,7.974480369503289,8.959267347523662
64273f69.qasm,512,success,282.52643209999997,282.1319464973337,118.79108791018372,283.0097489694535,172.53272041271077,286.4681640449908,106.3946470005219,286.7843883590101,98.87412997267282,282.78677079667614,118.14411460769074,280.9667182225373,96.44417584532711,281.9026068183566,139.68943248549408,285.8143741962437,212.04087861780846,279.97808157220646,153.8610866329973
6457f235.qasm,16,success,0.22334520000000002,1.3732613105922455,1.2349355555685149,1.1595828337808738,0.9555222672612391,1.1730704054123504,0.8487747158280153,1.091372153000425,0.8832658303283417,1.0540361219603116,0.8989672140029739,1.2845983289503784,0.8481165363825093,1.1670406962302733,1.087371071010613,1.0020610079890293,1.1744937125449946,0.8243419108077433,0.9435581180952837
6457f235.qasm,64,success,1.0101255,3.233606301476642,1.7537011920398844,2.7495716815770046,1.7099913020988797,2.322392642629336,1.5623916280557213,2.331371410246876,1.4954221923350115,2.2557038660744517,1.5850105606050422,2.8933721251240243,1.6087274029757428,2.632542825932099,1.5610846787669967,2.355839734723614,1.6720750157557445,1.8033967514901528,1.459707665303781
6457f235.qasm,512,success,20.677099000000002,30.124704294883628,2.7083284998396935,13.785701207304822,2.183100035000952,13.858080365594246,1.9857754442828317,15.016640861942907,2.1622352072117543,16.185879284141507,2.566219870448103,14.958910644517102,2.675455796839079,20.25181036042126,2.773932315371381,14.969599211184144,1.8481224382015369,6.06558155999205,1.6044617313614435
64731b8d.qasm,16,success,2.0507906,2.0693295724596314,7.972867349593385,2.0678035933633594,10.178208953722224,2.0702315557177005,11.621830639544944,2.0686307658860366,9.929380717810007,2.0670404399612625,9.380782589853002,2.0685394519808034,6.375625734510763,2.067520859592759,9.244870920796204,2.0716899704044267,12.80158951141722,2.070785768388717,9.8917779761522
64731b8d.qasm,64,success,12.590871699999997,12.60148476738558,9.05255545239681,12.636757596471616,11.237274003278156,12.553449553975423,14.192023713658362,12.558342467662257,10.612621493900203,12.60434427146153,11.424344162211419,12.580472502596415,8.063715609428336,12.61902375462018,10.370633426801023,12.557136792319685,11.740923225507705,12.547074480338894,13.048743620369311
64731b8d.qasm,512,success,496.20632519999975,507.2032648733729,141.67649583001986,505.6239730074319,192.78873387021875,502.6674993083457,186.39363509494495,505.33688444850225,152.48270915739536,505.7484982004925,209.06389899423823,504.01428834445164,122.75131931591508,504.4557261608745,193.67037482969718,506.3039693654261,308.6506929751864,505.34475188239463,203.3419595564413
64f32748.qasm,16,success,1.9956137,1.9988326031321695,8.23766358199582,1.9876193177762025,10.353064580366121,1.9967391538676964,11.455533641290058,2.0042241323568866,10.601314530174912,1.9894500645801685,8.770990567913337,1.99204107795988,6.568153732030337,1.9992114452706666,9.35402454618576,1.9996944542463426,13.167010501377096,1.9923391739645993,10.076721807862832
64f32748.qasm,64,success,11.509393199999998,11.424764864173934,9.556545638761097,11.482804042990779,12.702333772163106,11.38795927472654,14.493112163350032,11.407423930516055,11.37770372053751,11.564638827371299,11.184066454938083,11.420078844686525,8.648861891227417,11.487643231372108,10.23308888427566,11.394123306950664,12.309829332631468,11.43504694058353,14.365228750790004
64f32748.qasm,512,success,437.9071593999999,442.7660167476623,137.656638596157,444.15761943633333,210.11793972728046,446.4186192180998,190.25187759838474,442.79952585578167,159.67683796246658,443.55939892636485,210.72655456154064,443.6022461130333,126.62363154169887,443.4471650557736,205.89873877101624,443.6131084172315,298.8746443358204,446.5956655603958,223.29030124778942
6533abd6.qasm,16,success,9723.491495600001,490.21402415172446,469.0207033012772,370.82819219926023,372.4160259281336,409.05789811757865,335.8017246606671,365.25625883173564,349.5470096201395,439.5326270018667,353.47880282818437,368.35394362143785,316.01584588447776,446.61073631961455,502.788138867876,407.5104231428978,384.10258178331486,353.3335394170057,339.6936767399487
6533abd6.qasm,64,success,232.80990819999994,180.7502057206765,83.96322916222326,204.3927454384714,103.36122005771387,199.14924988669844,114.4800131373976,173.7452811649783,128.02075746172102,233.91334728527622,108.60657903945072,199.91012881354317,121.07856336845953,191.74146659102658,74.86269684046336,255.79007720157824,82.00587480542951,172.15389267231762,108.44317544915411
6533abd6.qasm,512,timeout,14399.999999999989,2000.3477501267278,3352.3146793956857,2261.2071168982025,2993.34995102264,1737.4220652575837,2758.521707033677,1909.2830278333208,3200.281184278045,2405.380400075067,2649.776518999452,1497.596438867731,2818.4527387291873,3336.3062522857826,4013.1406557756263,2675.6245476637027,3103.098121634395,1748.2677667879236,3006.642641228981
65dcd512.qasm,16,success,0.5612492,0.5247948673051944,0.7349791049403172,0.9492803968429697,0.7937776932432867,0.7382676519239195,0.8974242687416786,0.7754637657502557,0.7777506321887073,0.6931010408971384,0.7077179571245014,0.6085760945575068,0.6441331830514565,2.247437519635912,1.2550911788716614,2.130007152519612,1.1687964968203963,0.8434047131975858,0.8008096465050359
65dcd512.qasm,64,success,0.5177774,0.4110726837635897,0.8724555660992728,0.4492172695730961,0.9709977801084717,0.4151985612899999,1.0191642536954337,0.424824263373514,1.143494584783823,0.413223852343776,1.1904014738095021,0.4497660380740204,0.9681950117904423,0.6322374881704019,1.3098590319497763,0.6136615765970734,1.5822441643191536,0.42018738274540063,0.9787110357085792
65dcd512.qasm,512,success,0.5506512,0.5761372010388164,1.7412920549620785,1.6224536857266176,5.3273356845276805,1.6140508123028356,4.025379116404095,1.225356210784483,5.2942131150734495,1.4627139506611342,5.244839832965687,1.4701763695001522,4.69545469471296,3.4736512684894083,5.784275131399678,2.6921289744832024,8.765983196570147,1.400363798468223,4.906611025528167
661be484.qasm,16,success,879.1681902999999,750.7806378148933,71.26702992460481,684.364879245755,55.81724469601198,695.9428678685641,47.44514989223083,694.9928390771149,45.96623723501056,738.0323822681955,40.64665090381149,709.7967491196838,82.88856415083235,726.9888506358861,47.10306232243103,699.3423836278146,41.566178113110695,718.61775489762,37.36327639129966
661be484.qasm,64,success,505.07029809999983,802.1250174446635,12.128329660616398,842.0378802471147,21.70759338366778,785.9045795211307,23.770274665976746,757.5242523001269,33.62973743678336,773.0996314720944,17.544621799204258,795.1934266357481,39.556351211532345,808.8772661613508,9.532953603617658,800.0143264937884,24.11358991515887,809.2171965566705,20.863308954327074
661be484.qasm,512,timeout,14399.999999999989,14283.540709610568,1203.5218745702766,14151.268013749032,1120.4130521872798,14059.940860336472,1182.0421350624745,14117.312407082516,966.8110630497547,14151.85229367246,956.3114228607556,14191.778585067981,971.7123869583835,14336.526655772836,1672.1278187111393,14340.999352812401,1289.980816461082,14192.469097755711,1030.749151354589
66343f14.qasm,16,success,0.1837175,0.19443742459252622,0.24443643066424633,0.19728981259724016,0.23999638172053891,0.19701064254940392,0.24090897853861132,0.19561052837121046,0.24478870222339438,0.19762857362133818,0.23861664899172227,0.19652428963047636,0.2455567047366618,0.19435260359525433,0.221807849039611,0.19534729569968637,0.2206184495584992,0.19318156132013783,0.21741182751849972
66343f14.qasm,64,success,0.17714659999999996,0.19228832236440768,0.351736733666577,0.19447987927637522,0.3262429477660904,0.19640227350345643,0.32117902307411433,0.19496379355126092,0.3138424620321555,0.1963224488991324,0.30980574740723493,0.194420148789741,0.3422002785760908,0.19121959500999586,0.3136967621178912,0.1927753126845902,0.29988252830539425,0.19259840344418777,0.3219360685186863
6694b099.qasm,16,success,13.838370900000003,6.619908976533752,4.979490926605775,8.729000226844441,4.177364486751341,8.157741850575956,3.50118978369368,7.969480659074123,5.520054234410968,9.138888238650708,5.628374415018357,8.636925639181237,5.367282908496268,7.656033950503628,6.746182925162091,8.662353651499682,8.189325105696174,5.964413652769226,6.059309159224228
6694b099.qasm,64,success,13.804308500000001,6.127806119597791,4.03556868249156,8.510788211256147,3.9710187821106557,7.783449438216875,3.4333515988786405,7.540666237409401,5.351256372085934,9.046588072827204,5.193152699958601,8.205773371110606,4.890140389363837,7.431658711432895,6.430485690651394,8.509707981347594,8.222359121471705,5.945596246093771,5.503271135747548
6694b099.qasm,512,success,13.781358199999998,8.385919916053991,4.556189304337301,7.562146769785589,4.2605114642768545,8.057567156539195,4.07378666117057,7.577027896707784,4.989793190296244,9.31645997946039,5.672554425957691,8.248320595476102,5.400968301502969,8.410287549577024,6.850476254676657,9.103267458850576,8.291042389905817,6.169477393135076,5.5068250358401505
67346cae.qasm,16,success,0.179131,0.2481662128833939,0.21122073403918235,0.27021680627397515,0.19946973422748543,0.25571898512050245,0.19338404845543994,0.25630513576893615,0.19356199722864706,0.25359859335231766,0.1981902924727903,0.2575955218100194,0.20803283345135964,0.24997249378330533,0.21525565243687952,0.2230677532244937,0.1933284152560961,0.24929947591744267,0.19733513043209208
67346cae.qasm,64,success,0.1538984,0.2521187824462246,0.3836138528167462,0.28082429859524694,0.32632189274647505,0.26470102318732536,0.3267321277454359,0.2581244847711658,0.3196542832345417,0.26097112728378724,0.34911333121211563,0.26519750861012154,0.3442412800234113,0.24796741872007952,0.33364136330402167,0.22282363049102388,0.2864980912125145,0.24808841150706124,0.3132053347815386
6740a375.qasm,16,success,0.1709286,0.17530888793482244,19.3058306830998,0.1761261732752237,17.840829474188666,0.17591843371164764,9.4779666938688,0.17835338758923022,14.879437858767172,0.17603317509021932,14.670800698164362,0.17508778611409678,18.55349585494279,0.17606533209302788,26.50348410869088,0.17558186111564839,17.491563662029595,0.17737525771333806,18.25089253763037
6740a375.qasm,64,success,10.014619999999999,9.664304288151484,21.795035221393864,9.833132953123954,19.86216102863326,10.004301848467605,12.960887872492977,9.771633050443153,16.225516884629403,9.946005122411227,16.634701523441322,9.982728204193828,20.031838104278226,9.80025089108148,30.594603772030858,9.812583100083398,18.179999646317093,9.866832819475889,18.383252847608023
6785591a.qasm,16,success,0.21514669999999997,0.19582062432324893,0.25839583443210873,0.18638536555532778,0.23189216779196709,0.1842687398257449,0.2209502989076943,0.18424865192259338,0.22017262333563387,0.18114733239584907,0.2510109050000905,0.18324587851655025,0.23821168683038324,0.18987312739135703,0.21091619637702094,0.18269123567463613,0.1955227597871254,0.18631174717768567,0.22096893043749866
6785591a.qasm,64,success,1.0548189,1.039902385068324,0.8159618661502072,1.013764366172994,0.7036607131675938,0.9805582674793382,0.7047266145914469,0.9925401323096029,0.6702727567936894,1.0103578517903467,0.7862256712725881,0.9715027868434088,0.7457559161130158,1.002680120673776,0.5805180766267034,1.0419665783588725,0.6369988795904942,1.0231611248613284,0.744546348794805
6785591a.qasm,512,success,0.22718,0.20637848259614183,0.33960089375055824,0.19274272585679136,0.25114313897186735,0.18914005002714948,0.2284151036686267,0.19241795000064033,0.2516738981669672,0.18762579304964136,0.25030492492429923,0.18994439569684082,0.2510901305065208,0.20049378959436112,0.23920494232546452,0.18914740653764445,0.23789154350670932,0.19178115918619185,0.25163399649754387
67b5fe45.qasm,16,success,397.968539,514.832585830316,21.59812313015338,404.9382726643109,15.41726878546412,333.62879681714077,15.874523434404521,378.5867750787815,14.01752090699737,398.9701318617815,14.325274474097347,337.9984317060137,15.584591473222128,407.8126209397316,21.09181692890804,390.70212373738,15.104232637009918,298.5442833964558,14.96690996620053
67b5fe45.qasm,64,success,113.48249140000004,199.34025699286963,5.371715529946079,213.0065799874062,4.618811890806807,161.96160779811777,5.975999794914522,173.8306660720528,6.443107644174991,163.66604344972205,4.729837464617463,150.5878069370526,5.859757626131423,176.1129436066573,4.893030721233757,172.64364607488378,6.470088832946276,148.82554286968818,5.921192773349126
67b5fe45.qasm,512,success,1642.6080189999993,1112.964297335164,9.060541445103377,877.9035608004547,10.678749663542549,1063.1743535036012,13.131224021790166,1021.67281233453,9.540990371018324,846.6663006321768,9.83932323319448,672.7553948076546,8.886685867633119,2004.438621414103,12.811081174157453,1554.4894076763876,14.849801623543584,959.7849741092261,10.812871314514647
67f3547d.qasm,16,success,1.4342771,2.700920207572207,0.5307638301864548,1.7055984702073193,0.5059334725083079,2.0933090680528568,0.5158916554996488,1.7144635691964265,0.5088544697856354,1.8473522406935796,0.5189295293002172,2.1011010274217843,0.5226638654755013,1.693049301695391,0.5343842266755537,1.9997472200176964,0.49231804843983956,2.182892250015474,0.5600041059250557
67f3547d.qasm,64,success,1.2461029,2.763564305051567,0.6321200943608853,1.8498548166776756,0.6155903032525263,2.2318243132425724,0.6409572927499391,1.876772837691259,0.5778755370784444,2.0395502530764973,0.6341334429326169,2.2072267562410173,0.6119126059365705,1.9645138976574965,0.606107331172095,2.1708649539993057,0.6587172654372574,2.348008781279863,0.6412831790989266
67f3547d.qasm,512,success,1.4320807,2.7328814805304336,0.5029924729476143,1.7480877527025183,0.4640129678985998,2.07159280933352,0.47598788043548945,1.7180871691155064,0.4652466072533107,1.867993909288898,0.4912968726159528,2.0860467740045303,0.463415928932764,1.9280019793527319,0.4481552194192758,2.274616929718853,0.44414262406364396,2.141555652536924,0.47479160120006064
68528bdf.qasm,16,success,0.18044680000000002,0.24884068936728046,0.307218741301479,0.23057808930875645,0.29743028758497664,0.24013469574983617,0.31715098938154473,0.2451709850819677,0.30714310494318664,0.22494562010803848,0.312557159099023,0.22814034637717417,0.32237998469951046,0.21955117137899016,0.23471327565497102,0.21568467987664103,0.23684161500963138,0.2594773336488394,0.3949803345241556
68528bdf.qasm,64,success,0.16605900000000004,0.27834938086127464,0.3263427686144357,0.2655370048223589,0.31038570478688965,0.2597104008264262,0.33548946394208806,0.28266525907488366,0.3494323783186015,0.2715094838294476,0.3264131614155727,0.2623604687232349,0.3546968982747847,0.2707577533286183,0.3143173046236641,0.2448885280948886,0.31551806228260304,0.2711317172617263,0.4562485903011588
68528bdf.qasm,512,success,0.1813397,0.2571164105294718,0.3217331661192892,0.2211769855243103,0.30691175264956233,0.2436232008459175,0.31101621986381633,0.24965975595312265,0.32000306649297666,0.23188184628611425,0.3092895561924602,0.2252535224165813,0.3236199383833268,0.2462677233028715,0.2893979905170048,0.21478325190485067,0.2980722521380812,0.24345765249505366,0.40770358556059355
699bd83c.qasm,16,success,724.0946028,320.8713972283296,32.73001088187274,402.0999236885364,73.05993590896098,364.6006834211003,62.067768137511884,350.4814906078079,63.455370206625446,382.99037942709407,76.6431946248215,391.9771120308186,94.5233446532226,335.1455175462342,42.804888404648416,352.0253808709219,54.103223658217495,300.4906887393033,79.3594727472971
699bd83c.qasm,64,success,1079.0000190999995,257.79005220921835,65.82304857721026,356.35828071816894,115.21382968847149,290.1269296137558,122.81592345142305,312.11862084217626,119.81769908872802,320.468380314729,121.15736644628623,277.25231799776196,141.79995366024588,260.5917815209687,62.62928678895284,291.80308910264444,109.54226437319902,321.5200860612035,144.72523873974296
699bd83c.qasm,512,timeout,14399.999999999989,8643.94807533326,1740.6655113740992,9345.494382431294,2622.3849880477155,10000.108288320604,2450.735212053191,10009.565569811379,2411.1814335324257,9575.009037060483,2540.406908355256,9801.339632871579,2623.8459200999228,10541.239703301975,4021.8633754861926,12232.792996504078,3092.5559563261854,9793.092938324653,3361.4668718858366
69c7223c.qasm,16,success,0.9718195,1.5999164235168641,0.611920876469074,1.4025788420964558,0.5644939360352473,1.3411366708654877,0.6405905108322872,1.4105482307032382,0.676396598841541,1.3289878167524565,0.5540201431011857,1.5416530766311458,0.5575503486865374,1.5273729605258475,0.9097332939606038,1.4098466306072974,0.8834945645808204,1.494664481990967,0.7696585424091889
69c7223c.qasm,64,success,5.8605898,5.694960160454891,1.0235423667272072,5.162373419940217,1.2761522685667848,5.486472852559816,1.4142667099446486,4.7497736647254305,1.375019714178919,5.306465597165199,1.4857908156343824,4.632301438561414,1.410421563695512,5.552526570862947,1.7530028987721062,5.933969868913698,2.183019900956225,5.299285611176836,2.119471953739123
69c7223c.qasm,512,success,278.43948709999995,182.67512021796492,2.883042758621834,153.9698132764077,7.139273515990652,178.6839017781233,9.958374408114691,155.40160418507202,9.964564731567343,171.34908026989365,7.419245665369846,167.44869220599372,8.607707460505114,181.86882559221186,24.366909728088167,185.631563073602,25.408526799536276,183.65837230642418,19.345567607909434
69c8191e.qasm,16,success,0.1765269,0.17271353819216684,3.6988096433049305,0.1731096341475265,3.9107819044456558,0.17288629439214415,3.5903866802187094,0.17332700978568863,4.4876468826033795,0.17279519830913487,4.4226629127210515,0.1717528828283534,4.77197124902002,0.17496315841354176,4.404870007573449,0.1744719281371234,4.392464274220973,0.1726038727524808,4.705488281894902
69c8191e.qasm,64,success,1.0784193,1.0316676616723734,5.05936766073826,1.035807373602032,5.793980742347261,1.0509153632114998,4.749000452605566,1.0232701538449538,5.9315353683708825,1.06016419008691,6.402777681409192,1.0633059006912255,5.993890866149174,1.0527132245261073,5.672065239129652,1.0557929674504205,5.07912886840921,1.0557546106823132,5.650391362402367
69c8191e.qasm,512,success,0.1721093,0.1768322810076904,39.141953909581055,0.17661753109229705,22.653138246914057,0.17678168826038854,17.72111876606039,0.17695478509335147,19.267789368928852,0.17690410554672695,17.35575799407509,0.17705996649640707,21.43103781347184,0.17904330802750712,9.404208061479096,0.17907638552746513,7.96705344140992,0.1799646739475085,16.007443910646888
69cf1b12.qasm,16,success,1.8664405,1.8642986101204087,8.036689279333174,1.865391447296344,9.401869131034829,1.8673938797369245,10.241978765755707,1.8665225112315769,9.914255639484438,1.8661211285467894,8.660626154574953,1.8646482333573546,6.879412182852779,1.8667398900163665,8.924848459815358,1.866880612701642,13.410347820628846,1.8660781663444592,9.063241243131877
69cf1b12.qasm,64,success,10.711429399999998,10.66479980642206,9.823608938737431,10.651232209104414,11.923991398733556,10.648137132707868,13.997046178884446,10.654889211396416,10.627530839431774,10.648183784466644,10.91002289804551,10.650000138620907,8.5421211042812,10.646237233951476,9.604467651823343,10.661447667910473,12.115784162789476,10.651279115888666,12.629436063993209
69cf1b12.qasm,512,success,436.15847559999986,444.0482996441214,150.82374446549787,444.1857809415418,207.9158620730589,443.0473723944037,167.90302312958778,443.7277594414974,150.8562651477501,444.36303754776975,198.00431331598074,444.16692021890145,130.81747320608716,443.1853924654605,213.69917988971144,443.8886099840791,303.5657727271422,444.3737995517834,205.93796039206134
69e799fa.qasm,16,success,1.7161594,1.7301353599140792,6.969726053280165,1.7500194241436708,8.69223435774881,1.7390250013427813,9.80197506129539,1.739018940640586,8.633705294878196,1.7563467498094694,7.484912340322412,1.7487042308869154,6.838312537482109,1.7411599155283666,8.497234349660463,1.7453265566762761,11.733042846315657,1.743408555584677,8.052183935758439
69e799fa.qasm,64,success,10.0683018,10.132894679313722,8.239394307683648,10.101654745257992,9.31010612784351,10.17420247888099,12.40532552048078,10.113350962463297,9.121633269820773,10.091871609234438,9.224618165793176,10.122133405974248,7.8373284198058855,10.073021405511934,9.14983875748331,10.023141399644858,10.442723079608793,10.051856380769316,10.656263385339269
69e799fa.qasm,512,success,403.8135676999998,402.4975801150075,119.69806349570966,404.20262111584947,150.86200971135787,403.67631597398105,138.7960348555567,404.6352150416777,118.99534837453656,403.42780196094014,157.07194817801383,402.1983786489036,117.5307232826367,404.1457574119403,161.14759757544692,405.15339148100253,244.86749617264832,404.70513152871456,165.28801415160012
6a5034af.qasm,16,success,6.6179706,84.64234333844935,104.61861136524934,33.63071286486099,19.021243821374885,30.654754601670025,14.685843208014628,33.33159935422358,12.900669437619728,49.079859374356296,46.69179723107186,66.06556123375861,92.08341996189446,22.845745283079285,9.348794841592872,21.19406017489463,8.792050521089914,40.662491752627595,20.391192841492362
6a5034af.qasm,64,success,4.0574428,37.9978015957952,49.4257309604015,20.412452038920605,8.798713618976867,22.285535314147896,10.80535790696117,22.643825863400572,9.227281254501808,28.857984304854703,26.625325335322824,35.31291343564078,40.23391822235397,15.280925667753682,10.65661487194951,17.22114284537759,8.71372413019256,25.909031726850085,15.423084779997147
6a5034af.qasm,512,success,6.5558647,656.7739380062364,123.82894372830019,113.05610832808222,14.335195085990335,140.8982665705328,17.203855074086015,107.83631724874057,11.462365996127835,166.93522142165176,34.67050316228765,316.79403480291825,41.382513012477084,17.622435895055197,6.761347516891458,21.652675692455787,5.448682359002192,113.9573833437885,11.535915775288078
6bc3891b.qasm,16,success,0.17711910000000003,0.23809972106225064,0.2683879470592635,0.2423311966603006,0.2583172199575839,0.2484350578934964,0.25497354673074674,0.24812396258708602,0.26120714053204774,0.2554866778972062,0.2616197211831318,0.24051020712419924,0.2662273513710021,0.2692851243884898,0.27256037377499287,0.27701908798789154,0.26150197413699305,0.2382853005981662,0.2946896336314804
6bc3891b.qasm,64,success,0.31236659999999994,0.26504564192022456,0.3189369785027269,0.2623056708137975,0.2772289832076099,0.2675624311962372,0.2859563252679854,0.2704379026179809,0.29986516978921307,0.2815533010743923,0.2818863610067901,0.2600374886410068,0.29873421543757644,0.243892087156262,0.28653073463366385,0.24243720894437723,0.25120430204746574,0.2581495430693548,0.310515123312369
6bc3891b.qasm,512,success,0.17175660000000004,0.22963285910269735,0.304422553356542,0.23504586102795155,0.2748333986645377,0.2418232971793343,0.26524703493143126,0.2447463516804789,0.2781135188541732,0.24433280727294374,0.28902061325020517,0.23563754254162098,0.2752242320272068,0.21851446821663045,0.2443482724872637,0.22049984751331952,0.21566806971667543,0.2326278151879054,0.2843371023654343
6c69bcc7.qasm,16,success,1.8685516,1.8894143403512096,7.882050848950588,1.892947879343902,10.236855871763012,1.8944591955812295,10.826199094210939,1.8879457949690635,10.115544040870097,1.8873993937986964,9.268553524639977,1.8905289096526048,7.518552012635015,1.8951982202931974,9.115522194485736,1.896822469241998,13.381199624953915,1.893032870054771,9.772493720212973
6c69bcc7.qasm,64,success,11.340408599999998,11.399142033285196,9.437495911849778,11.340625404755103,11.285915223545077,11.393164444929706,13.242986150581123,11.30398350489776,10.398643265647323,11.359775285458358,12.19093881208684,11.305543521802921,8.892824821419437,11.291355960076803,9.827836036111318,11.292361560987201,11.478575047446501,11.351530453360557,13.629654706678393
6c69bcc7.qasm,512,success,472.5519850000001,464.16321872893553,141.81973957347665,466.63273105235595,208.24091641522594,464.000284596433,177.30075270367934,459.01810988611487,163.37271368624866,463.28433429345006,217.61548074577306,465.67257599764906,150.2068667845689,465.27920073533596,215.62251922445296,461.22545272017726,314.87108342521594,464.3005668428043,235.94015730645214
6c848dc7.qasm,16,success,0.1774831,0.21212043521105844,0.34815449184295894,0.20234050148274735,0.3191251904119352,0.20765062701684645,0.3314910714486501,0.22513064436480076,0.31612536164103927,0.20679010414328897,0.33167176285162103,0.2013341407644039,0.33910749317925165,0.32525038390120375,0.3525955506942368,0.29965812626436905,0.37083328116483927,0.20920537379202017,0.321450567152409
6c848dc7.qasm,64,success,0.3084388,0.26929162386399863,0.42487097433783055,0.2603948240125099,0.36626491973476505,0.2698177557011548,0.37344830287962283,0.2754381797801023,0.3549098924072719,0.2709775920250989,0.38419782826080373,0.2641852578697785,0.3945379053371089,0.2599439699650142,0.32464053866231585,0.2754428662082377,0.33248781896522883,0.2602516199513757,0.3832398845644025
6c848dc7.qasm,512,success,0.1831113,0.20191101656929708,0.6489924292378128,0.19920493108268428,0.33305608182317437,0.19983812193348496,0.33433114960967214,0.20594777670812658,0.3295888276183849,0.20642567532644146,0.32997279668445634,0.19733733244903776,0.33627921953102274,0.19290788636234188,0.2727457409554251,0.19350306203394899,0.24958739993528412,0.1978792935757682,0.3134605079145379
6d2833ea.qasm,16,success,1.8673472,1.8314928587933477,8.036689279333174,1.8468032525432236,9.401869131034829,1.8327894618624578,10.241978765755707,1.8338191452058608,9.914255639484438,1.8293815311748938,8.660626154574953,1.8327344189004164,6.879412182852779,1.8385870369254032,8.924848459815358,1.8332099251228795,13.410347820628846,1.8349213907597557,9.063241243131877
6d2833ea.qasm,64,success,10.6146131,10.591693019287508,9.823608938737431,10.590239829569834,11.923991398733556,10.596084286709255,13.997046178884446,10.508682349454746,10.627530839431774,10.687829954673504,10.91002289804551,10.680522336950343,8.5421211042812,10.553120309447143,9.604467651823343,10.625066874309036,12.115784162789476,10.637760351463752,12.629436063993209
6d2833ea.qasm,512,success,436.21131729999996,426.6267154241188,150.82374446549787,431.74150546774604,207.9158620730589,432.95655697357176,167.90302312958778,441.5692202363148,150.8562651477501,434.8639900318807,198.00431331598074,431.4848293950782,130.81747320608716,432.34288660915837,213.69917988971144,436.51769460892615,303.5657727271422,436.9322368009785,205.93796039206134
6da6ce61.qasm,16,success,2.6050772,2.5727695167615527,10.788959667413799,2.5742886627489483,15.046039142247894,2.568796203060336,16.221288246274415,2.568608698778503,14.49853102566103,2.568973479545035,13.847224250521654,2.5690910886810348,9.813860495955533,2.583032863476867,11.501706716611842,2.569120128035406,15.563096246659157,2.5678375607223947,13.48845735450426
6da6ce61.qasm,64,success,18.417722099999995,18.424656740356134,10.662932395429237,18.396398927836366,17.182658537947912,18.56672796369457,19.24896302804443,18.492977413410692,15.983526667417435,18.407039175608315,17.52664814140324,18.403910870576635,11.700872080258844,18.4101466489348,13.229264929349958,18.474964027184253,14.459776089629012,18.480968409648515,18.369886141171346
6da6ce61.qasm,512,success,709.6141829000002,691.285202411586,169.06436842335646,684.986043719554,261.19295403063103,696.4682689359394,203.53751351702232,681.4817455928076,209.72754869855922,691.9580863454428,255.46651166864555,684.7969552084764,126.21820362943072,686.6193947583965,154.81324548038134,692.9604002931723,302.5789798905203,690.3940254046321,240.13027754186948
6de17b5a.qasm,16,success,10.0667903,1.6392715034044403,33.05157777431364,2.324981638777285,19.991164410495966,1.960595021760402,13.992092312970717,2.1753058991972987,21.764841319348307,1.9278077393168318,18.106664717990874,1.9130240122632245,19.318670257935285,2.796760860373381,30.119909144189528,2.6201694672126967,22.435593101970447,2.8703124783442893,22.058866763956107
6de17b5a.qasm,64,success,53.133645300000005,7.983245668636437,23.18156765169603,10.5118123375385,16.685114138658502,11.268797612828422,11.147032888765265,12.382722410444828,14.979111288001086,10.969124968481982,14.447793149694466,10.523407341579775,14.833280535898409,10.094323867505619,18.57838561840048,10.150480148895694,14.141548044958022,12.402555302468912,15.604933794192641
6de17b5a.qasm,512,success,1966.0381447999994,52.194919646579336,126.81835061581032,140.6975471865179,139.4787663174589,177.68238364208113,103.66160817598164,170.7861324410973,135.39037828270952,204.8342027455663,151.2931005634847,161.6918107169388,134.7251504767288,285.0419234099407,111.2695998348036,307.93544184676745,125.357659161614,283.13538373694286,137.58458895912506
6ee18f92.qasm,16,success,0.172242,0.2213560634993016,0.2565420308776742,0.20429064839341035,0.26575269298677984,0.2052583944087599,0.25837717386942594,0.20259802366570362,0.2270596469992754,0.2069259201632527,0.24496475714214824,0.20659286337647192,0.26354576530720414,0.20263514126194873,0.2695339169188058,0.20424979261008597,0.29154549513551953,0.21192851282951108,0.27009828437632066
6ee18f92.qasm,64,success,1.1563193,0.9058246165836901,0.3664544453758653,0.9850536192612477,0.3407147521458452,0.986236479913201,0.3683229317970445,0.974612793588549,0.35321577892473527,0.9525378894136487,0.3714643060222355,0.9583252460889661,0.3312111952961632,1.0040612968804823,0.35212946707707005,1.0053489666110178,0.3812054250774473,0.89967079374578,0.3855381043189051
6f16ddc6.qasm,16,success,0.18066420000000002,0.18584443479037085,0.2043555841110565,0.18440837969568155,0.200068170529964,0.18268575417160052,0.20343965272399112,0.18254183668743165,0.2032971698975534,0.18428294767761605,0.19978157231765667,0.18275847676234636,0.19841236527167036,0.18379611702726234,0.19713088268242787,0.18380423191922,0.19835084708500958,0.18789867583169811,0.19629574907102446
6f16ddc6.qasm,64,success,0.1723963,0.17768420578626992,0.2663476771711628,0.1775877346006748,0.24488092427135683,0.17606040544004178,0.2500904283631612,0.17520689341126613,0.2463903580358837,0.17883456886467186,0.23921436889106817,0.17837118135015717,0.24968676498115366,0.17442584621374727,0.26706637000281946,0.17398716549743753,0.2575519387136666,0.1806914277840436,0.23665110732045752
6f6328cc.qasm,16,success,6.304043,6.253520625171999,4.227123589729388,6.357003722655149,5.8864136462829855,6.266596647831098,5.08198791295783,6.285162017114812,3.896701121902194,6.386990450698609,3.41677205328213,6.301458426393279,3.5817289347892936,6.30223890160175,4.248448344297201,6.367255175034845,4.986272496397123,6.277143035493194,3.815047035865153
6f6328cc.qasm,64,success,0.2283101,0.18404110963240108,3.804378557291709,0.18597112049444156,4.2623013880634995,0.19532229140839516,4.213885780174712,0.18964324840785252,3.552599732634149,0.18956722778244087,3.3021325561358044,0.18762287894476895,3.9531452201598434,0.18938881264328716,3.6958675778466272,0.18681030658660117,3.868822127492252,0.18999353493363386,3.9140977511042543
6fef948c.qasm,16,success,10.714402200000004,9.069689318329932,7.507381345915728,5.897222990590806,5.962325640605098,7.36183312479453,8.188832045582974,6.569978287958277,5.8088917961649145,7.668839258752175,7.8513993599461385,6.1629411612321325,8.15293203737454,8.189576327640472,8.835222421563392,6.324779675910568,8.597643261184691,6.936457350260689,6.764012835804194
6fef948c.qasm,64,success,0.5896737,2.9480846896247157,5.421855262566229,3.365858492170092,4.582038733804587,3.642818852344603,5.4490649238947935,3.265029975592047,4.324716868327898,4.010264193553484,5.663639960849412,4.643667380599533,5.8403243332491135,2.799697989254906,5.421507368990872,4.176113160537825,5.45081290052217,4.619407900019209,4.71741949179906
6fef948c.qasm,512,success,7.8826795,25.580467427954105,15.263425741916,24.545109087493973,10.159860200357016,32.854975875744174,14.169151623926387,24.627722772112282,9.470679395213034,22.269984513451604,12.377643448514883,20.6749237202376,17.01292470422879,117.6862671044255,18.294864198104893,94.65867458859556,21.52301834680734,22.28231833928342,10.49800025183689
700c376b.qasm,16,success,2.0538495,2.042793694980816,8.445217332608687,2.043660932770555,10.584978068355326,2.0389305830292965,11.835902922585673,2.0504252434045234,10.482152604704657,2.041541034655004,9.285334108099981,2.0441839724953,6.825065587563804,2.041903046579353,9.648249507843309,2.0397092521403133,13.739894307685358,2.041382195565233,10.59057897884674
700c376b.qasm,64,success,12.202639099999999,12.025392500688916,9.882415124504222,11.906881469159217,12.577582016088535,12.017043324201717,15.465527320373793,11.884050847019621,10.97602744283332,11.908930351378768,11.814803404511226,11.957426827507891,8.723812563582994,11.8833602175674,10.526167143935924,11.979794438366039,12.706920840697418,11.86992727377808,14.262846075606333
700c376b.qasm,512,success,480.9286841000001,495.7591954853588,141.36966885239283,495.23893711711514,196.17500227569676,496.3914082020964,192.43118564746842,492.0358352496748,164.3545274137492,489.53085624911114,213.9646415041972,494.4490711089739,131.1786434638744,495.5605490449394,203.85827385158154,494.39910602777087,317.91150181406175,494.0212938610825,245.4863249762939
7063be19.qasm,16,success,1.984057,1.992932142032587,11.676312482432703,1.9948860759956006,13.667860004480175,2.0019482298113083,14.665536157381123,1.9923731123467137,14.1086602420995,2.000105957922162,14.690649511632518,1.996650757862926,10.36472207669125,1.9962539775290227,11.229077134081784,1.9928676179475386,16.229378546707945,1.9918549166015427,12.706059620042522
7063be19.qasm,64,success,15.381964099999996,15.550908942641449,13.325914646292022,15.562345253730118,16.153651926901265,15.532175185884377,18.774969320748703,15.606774171331525,17.30350769667105,15.59723695665856,18.147402869292783,15.54064633328202,11.876769735784944,15.61950453942811,13.401108980340744,15.661865036847002,15.862795959299094,15.477732502509948,16.55981911637089
7063be19.qasm,512,success,699.658068,716.6108002048431,253.83915382784593,710.9485492058402,331.6769065031535,716.5659369639458,235.82223564224074,722.4709967707097,275.6247381699282,711.2143369338299,430.61670758903193,716.5603992236463,227.6478200145475,712.7341289160695,258.79962041673764,719.6464374152748,444.5365683080096,714.1395048314992,306.34895468550707
70d5d461.qasm,16,success,7.1855928,5.30230791902075,0.9317964342027124,5.403882555647824,0.9974209552157199,5.463383656701982,1.2967817256580563,5.462911486021674,1.0196618929055905,5.303221980710364,1.1747669965336227,5.421782538938446,1.1226287362570766,5.541817745859485,1.574123750220571,5.5918337980922725,2.068038289177186,5.47981976526934,1.433698888619621
70d5d461.qasm,64,success,0.1600138,11.212305110305703,1.360438930333035,11.722868172135891,2.886029631153691,11.54802074155585,2.863683325011546,11.214985964343919,2.3814490374035513,12.163604871143454,2.105652392603116,11.685336144972517,2.2553005052722965,11.876883140602644,3.113773654144814,11.573488972501195,3.8560612006398114,12.112455148611236,2.7967941500142293
70d5d461.qasm,512,success,8.8462365,1447.5117912262194,4.254061892748313,1474.9780057983312,28.430751794212338,1517.7618365555195,27.671462243922615,1483.6809815668662,24.668953536064347,1466.3161689143224,23.460016787212986,1519.841938300956,28.83592018629168,1489.266899606921,56.216957838312894,1488.1182995546524,52.034868675621084,1378.3410734855192,34.794711191315265
711cdd0b.qasm,16,success,1.5356056,1.4968041391711322,5.192660302097872,1.516567392837646,6.977914164925176,1.5009044030686354,6.648547561215531,1.4982362793551252,5.81230977288353,1.5148743596159229,4.9135249562265075,1.4913416069524261,4.504245675334731,1.4981694832847217,5.946542112253701,1.4865190207068466,8.811665530042484,1.4956026362322177,6.298075760855193
711cdd0b.qasm,64,success,6.9356012,6.910420481246971,7.178698575572116,6.894753539044686,9.614208353393849,6.8802196233492285,9.035066951944403,6.8652386550289695,7.6578964934775815,6.825842317615019,6.24599275793264,6.887357701033292,5.87381528404628,6.952957471839415,7.526109886097956,6.9103277762180255,9.227503670007298,6.896868689480066,8.609865525240828
711cdd0b.qasm,512,success,204.2237956,206.6492522530968,97.08679764993833,210.37978886853222,156.20057711362014,205.94275784135706,95.94042113764856,207.74366218493665,84.46555053309939,211.07536177872626,86.98544784479216,207.93625313220176,76.47048466655085,209.93902215764138,125.8334082436212,208.50198418197115,189.64924274869733,203.59069141179484,136.946354621858
72b5f996.qasm,16,success,0.1764023,0.23387405070323236,7.53888263322097,0.27019661600441425,5.086117847223974,0.26760530313450637,5.6937208873724305,0.25408857514519784,6.678147340307014,0.26537507030973473,6.105846619031621,0.27943417695263506,6.45737506157446,0.2545400614345235,7.049250924517075,0.28340478503562133,5.727277670489034,0.25175628540750894,5.003645381829764
72b5f996.qasm,64,success,0.6280924,0.7309613377547806,5.205549442662722,0.8190763945604477,6.088621079661057,0.8161021654405883,5.589340471561755,0.9002438400593551,6.9366975039799685,0.8353083032308967,6.534585440805337,0.849567877875094,5.865356422220744,0.8448383169553055,6.402325093491035,0.8365648405261668,5.133873006335222,0.8827537493632025,5.744368679704744
72b5f996.qasm,512,success,0.1757353,0.23714062419932044,12.777297799037855,0.3220234752703453,14.592796028619418,0.28114545006466707,11.867532597706864,0.27335200759668155,11.699259505139727,0.26780576386085947,13.651231116402096,0.267821125553009,13.644221602706754,0.2130762882632887,13.483641421029018,0.25290692274323684,12.100198843998816,0.34358407837690125,12.445086626476666
72cc2f13.qasm,16,success,15.445616199999996,10.03934515589723,19.04186447553111,9.928073872908739,10.100757689121192,9.443613159480996,8.327199648957373,10.080166652573979,9.423247022074722,9.509843577283082,6.687646185647182,9.493528866756932,11.736843788778494,9.685661189022815,14.06777440202928,9.507016648595197,8.07909398679335,8.839689427997957,8.117402665461606
72cc2f13.qasm,64,success,25.191536599999996,0.706928031028335,2.016087034446164,0.7637711763282202,2.583858421819369,0.7942799362525483,2.7848349168820827,0.7469970823334222,2.77686516686395,0.7687221520529037,1.3558878469899571,0.8239051458929159,2.766906992054281,0.6967262244581564,1.8048636950982844,0.7238625766541805,2.6817007384308287,0.7346772052775102,1.591824259855238
72d8892d.qasm,16,success,0.955442,1.0391688382702098,3.1739207149353876,0.6997219204298932,2.1795909453566873,0.9116073130599243,2.077700268657257,0.8672200327644545,2.4625875267862676,0.5722779650048363,2.263968706800902,0.6922695269090647,2.5723645282583316,1.8410275986558562,2.5681464989067493,1.4784841807129052,2.8271660883994065,1.7766228935520416,2.7462115797870656
72d8892d.qasm,64,success,5.2796491,2.652302912854353,3.667640150503061,2.7570175300030493,3.7487360842691064,3.309867985825616,3.119732179063646,2.711991843266734,3.241202203577367,2.900835780144054,4.015733351619087,2.0108847173091147,3.306517057736076,2.9098348823242803,3.5130530809262908,3.3030667482039737,3.369187778675979,4.56129242039442,3.725665768197394
72d8892d.qasm,512,success,142.81771470000007,3.3740195065827328,11.75857870276879,15.60862840834431,14.78785200212246,19.964704277656587,11.15117717814323,17.761030648827386,14.610263448916536,16.024110383598792,12.26060320186636,17.497323614000194,16.225169512625587,15.637552943346174,17.25706943553267,45.4089794320131,18.18068453717889,49.5851106428172,12.904350326734313
73191d24.qasm,16,success,0.1741543,0.2901543230475836,0.44225169517986035,0.304308579174829,0.39449022633055303,0.30096853713390226,0.4147627162784417,0.2909331577370091,0.42249019371255125,0.2892547537023112,0.438805874573096,0.30460351123333657,0.3993131193989198,0.3503244329556936,0.3162638734198364,0.3518819587096686,0.3010115607646842,0.32797384938053886,0.386847274738019
73191d24.qasm,64,success,0.1658449,0.27728434097062293,0.5555629026913943,0.3241863712918747,0.4929787864738506,0.32024924404110544,0.5252125305247187,0.3243513163759501,0.5248980646823579,0.32200859699186624,0.4926647330438331,0.29241078503381274,0.46449818846547053,0.3062030917728677,0.45362592024598625,0.34250627421440544,0.440742796963862,0.32961155554948646,0.49350216988135603
73191d24.qasm,512,success,0.1710847,0.25719993885957926,0.7569764673279524,0.39678261502219386,0.6154767079615909,0.3388511279528664,0.6981380875317142,0.3904840742923098,0.778883963207432,0.390858837228185,0.7614378894144364,0.32114524818478957,0.6252102718002188,0.332879936459447,0.47029264638159557,0.4144865416676544,0.5408853967696962,0.3429119210988644,0.7195293747692916
7337baba.qasm,16,success,0.17470819999999998,0.17805117887086788,0.2975831934308502,0.18099898908884868,0.25286109723264616,0.18087106164284747,0.24936166157811693,0.18312692183330906,0.26844971662149797,0.1821981819252189,0.24131148394959012,0.18063943015775594,0.26523597314805825,0.18181049052718365,0.22840583004709686,0.18026359511696252,0.21589287022571124,0.18813452521956084,0.24198346143044785
7337baba.qasm,64,success,0.1769813,0.17829652407055643,0.395551214062635,0.18033944496866502,0.31846319666370165,0.17956189364114516,0.3152664516805133,0.1833613530376074,0.340669603039339,0.18178985042627488,0.3025161696512615,0.18028435831405942,0.328807582087935,0.18161956487007383,0.29850984805794395,0.17977910880410503,0.2730839494328378,0.1866185223597121,0.3167255692328128
733f4518.qasm,16,success,280.2611961999999,226.6123291299755,30.448974537324915,246.18686173600025,19.504718931280507,255.841864218357,17.412157049221754,259.0152637317179,17.011108713457826,236.06660135031063,14.543477065713338,257.7625347137531,23.57319380186261,221.60030244445568,26.644447753255335,261.2804568991034,14.810208360561763,261.31483454393833,15.742049624499135
733f4518.qasm,64,success,27.346887899999995,47.53708504495574,5.392079224685288,44.81286239805209,7.907782302160044,45.18415580544649,8.765312299352114,57.582431536073415,13.757989581524743,46.757386308557436,6.210582946558642,43.470763614417635,12.622503837301311,46.407721106934424,4.679301992042945,47.770935833331464,7.928960497041313,48.006767188652326,7.127134569469774
733f4518.qasm,512,success,11435.180826499996,10312.858088604444,400.5716314370161,9480.577398235939,221.93204618090007,9770.079309632392,236.47498484361316,9579.984129931343,321.18029464610936,9589.894055873558,243.7930139557338,9659.43053613049,208.11714576071384,10793.064922879892,399.96286553636327,10341.281882565016,251.82091249248873,9647.000321449124,207.61024054641766
73f498a0.qasm,16,success,0.586508,0.2619522731730909,0.46046034383352125,0.2797974476265795,0.43503430011531397,0.28769166423774467,0.42683158050609366,0.26409007251793326,0.4260268867889494,0.2736979205402749,0.4436225298439507,0.25260041293680874,0.42957933783262287,0.3696969354657863,0.4996019429671761,0.3497400283581028,0.5398476337521917,0.25194147932657374,0.39859198391515493
73f498a0.qasm,64,success,0.9841235,0.42638332413193797,0.7478771286536835,0.4562957351620854,0.735999051481482,0.47134018532130506,0.7625901740688795,0.41691197988180034,0.8686877639248054,0.48342888535762507,0.6957562894068913,0.398129681881954,0.6762207126057997,0.42999917380201297,0.7052470921399079,0.4935727289759662,0.6333985200955626,0.4363975266489084,0.7453957781254242
73f498a0.qasm,512,success,1.3402632,0.3065759555328602,0.7858445936331828,0.37068230316774486,0.7673628408076524,0.4115694598993697,0.7753522880822177,0.33038955923262664,0.7409846629834691,0.3690925224527276,0.6485378627293106,0.3505775688058443,0.5961772489632314,0.29654009629831596,0.8473402767904843,0.30879626840374264,0.6450141617998817,0.31969618644693876,0.636112523666348
742bfb51.qasm,16,timeout,14399.999999999989,9401.93297206711,6214.007405046408,8992.122339991052,2193.21134630534,7945.741478749733,1933.5287313025285,6212.602486025388,2373.8594963051246,8026.191600244414,1718.3517934329304,9269.587935192847,2010.6612618117476,7931.597105996721,9199.826171691715,5925.707619416143,2723.922735380073,7695.863439791983,2175.379333901187
742bfb51.qasm,64,timeout,14399.999999999989,8643.078687140012,5518.365715588293,8057.125573360855,1990.6588136502364,7075.339294822098,1818.95407593602,5972.802560870609,1504.181326843304,7594.396847445784,1813.9084268010604,8908.527683851346,1813.7801350602272,6974.965284714742,7927.335014067802,5425.326057790616,2429.5319169417517,7215.174779873232,2171.165364334046
749ea355.qasm,16,success,0.22915330000000003,0.3631657459121149,92.468133173677,0.4951333696607903,53.57347677079589,0.5579247289667055,42.42058755122369,0.5538558000932461,56.98026276382585,0.49748645446102824,54.350917689710556,0.4914429344797776,46.50666448168462,0.5552342363021595,83.70693344024154,0.8649441603037106,56.71753990174182,0.6459065694064934,42.7008135303827
749ea355.qasm,64,success,2.3689134,2.1769817191276477,46.32323445228164,1.5944276772162356,24.431102702454876,1.911296847879604,24.63047802434727,1.7802394283589316,31.028737096762104,1.695155548014468,30.66825749771314,1.6161351119353546,23.484884510934798,2.528330195185482,49.27715890936453,2.24291334368971,32.52179145204204,1.9680032429349898,24.36536631336367
749ea355.qasm,512,success,0.2225618,0.49275530267991047,102.07763954703786,0.5597686442567618,125.0173271809714,0.4672441603824604,66.99001441103663,0.4388847902089187,87.0341540263256,0.49987004683441194,98.61010783442953,0.5256327917674798,94.1770717918691,0.41877251370084556,49.99895248441999,0.5221857699490637,52.51501192950247,0.43747210784001855,83.20103889091685
7513561e.qasm,16,success,1.7643061,1.7552032562987263,10.677464885259022,1.7490873699347447,11.26143471854662,1.754750725549647,12.78837646520529,1.7651173280643997,11.897983572123062,1.7527027621550937,11.399417633766273,1.7498154351795179,8.71936551022327,1.7569889772953453,9.16857904121438,1.7438669286024473,12.282262616565385,1.7616449402944383,10.194799944795793
7513561e.qasm,64,success,13.212665399999999,10.592539232505528,11.897358753882244,10.638426611468498,12.117479049443668,10.704988767752843,15.693986750699706,10.434264459059905,14.616365201422955,10.7698208850434,15.326260429118175,10.489685788282054,10.072392684279098,10.630882803358984,10.79790127943835,10.736755544992292,11.653558641290854,10.635103834418562,13.69079548874321
7513561e.qasm,512,success,574.2641708,578.7741477900262,267.891871058532,574.2110518626389,298.70266293773125,573.3473205241812,245.5197543701154,575.7190278065332,245.86128033034845,576.4220859611422,323.0806817539596,572.9712893381538,195.94400892580597,575.4027700902496,235.34448593533733,573.3820684236937,403.0169157641834,575.099202065243,279.92049881221544
75137edd.qasm,16,success,4.2534029,1.2551613151796452,1.0433470202056712,1.2741559699370217,1.1179790812322963,1.123408323887967,1.334748765413805,1.1423025060453063,1.1329706627775415,1.1830189517282117,1.0049898353657931,1.135352264314013,1.0622878464902132,1.8396113658471545,1.6774052540262165,1.9461129806534334,1.4761350308830472,1.4129169447969792,1.2131754084549777
75137edd.qasm,64,success,0.1687236,0.7768884964067674,1.0437270649624286,0.8275394356674916,1.138626511807772,0.6465425307780855,1.2940970818155892,0.6918308582388555,1.1484294832342563,0.7298501131120484,1.2269995227429837,1.0443435150525526,1.0262927650019997,1.2530514574819354,1.319111773947284,0.8471710313550527,1.4057222493931838,0.9372086985920299,1.2206959550660468
75137edd.qasm,512,success,6.0661241,3.3996292670345314,2.2162263204115793,3.112363168906533,4.613437570085452,2.914962112228011,3.6689549573609357,3.341294250629463,5.647520305841474,2.7603390778802623,5.0497051392301735,2.9095199576090818,4.564985000479119,4.1905913935362324,5.821724980361557,3.1155164646253226,10.31989352376826,2.6950863235750684,6.36194620831799
751d7ced.qasm,16,success,2.1812843,2.1963050111878637,9.309100392782907,2.1998755743923644,11.948306939445407,2.196270398074228,12.126817347378141,2.1963410763932703,11.47948640733857,2.196364300916734,11.751053412532276,2.196426395861821,7.948553560860869,2.196286419898554,9.64130399602101,2.1998665025629327,14.644000072001756,2.197940395180718,10.795375871684623
751d7ced.qasm,64,success,12.570806900000001,12.698352632350323,10.84322711279745,12.68387447271281,12.576533586119606,12.681620988028401,16.207554215215147,12.695000974485023,12.040819168761681,12.695872951989955,14.239805785817454,12.669710516935615,10.049940288391447,12.723945377480842,10.97477917589141,12.718379095770178,13.50281501529287,12.686587460984587,14.678092869679594
751d7ced.qasm,512,success,525.1337435000002,522.3765325195809,173.8105101562876,524.5089046651487,231.98443697508932,522.4614719855157,210.14726777353863,519.420424575947,207.11470759454775,521.5407949860526,306.76339496354154,519.6285038381053,173.88849229847696,520.3146841040364,225.93363146249305,521.6611805198596,387.664594768373,519.1732050856544,248.61004882316638
752a65aa.qasm,16,success,1.7403424,1.7287128011084554,6.9940937399135885,1.7419624604468957,8.69223435774881,1.740882228245463,9.80197506129539,1.7413512997432345,8.694637802976013,1.7567486333146185,7.526231721921265,1.747171708395481,6.8773122323973865,1.7556449191335899,8.494735485398891,1.7453411622743553,11.733042846315657,1.7478762226723001,8.102663397262704
752a65aa.qasm,64,success,10.069334200000002,10.115131396476212,8.311244880658059,10.082769137886018,9.31010612784351,10.096721521452581,12.40532552048078,10.100289230772612,9.219125801389696,10.125876467086826,9.450249058542383,10.05658554120818,7.905409742569533,10.118242890425645,9.439367259242001,9.996132769712906,10.442723079608793,10.029896965243404,10.666954238851424
752a65aa.qasm,512,success,411.4862542999999,400.1776689818135,123.20836085716095,404.35981730238217,150.86200971135787,403.4925702628174,138.7960348555567,404.7401998488923,119.83663783081141,404.38116090771206,161.39030360148445,404.4847459857718,119.83556220402549,404.8956320013073,161.14759757544692,403.3972621379146,245.26562330989034,406.1863085642645,165.28801415160012
7548d858.qasm,16,success,0.5394256,0.5390920564081669,1.4958041373407602,0.5458865320622797,1.6038188067188865,0.5369359488761685,1.4941753188701408,0.5383062965974028,1.3443841349530863,0.5358720373746608,1.5394233545139597,0.540768294650671,1.1657495945345957,0.5410598470620844,1.8297685636310237,0.5369421520832672,2.049783847745662,0.5365842036819265,1.160866149435354
7548d858.qasm,64,success,1.3349159,1.3796709261907938,1.6688592328893512,1.3583518958545644,1.98592320587418,1.3598226007444194,1.689636912458719,1.3316566234984584,1.8689182069557444,1.3679740389300659,1.799044987821227,1.358843308095552,1.5009389782755855,1.3618183981924457,1.6673604491485368,1.342765375130808,1.7193447422356247,1.3726430904426534,1.6345921978943725
7548d858.qasm,512,success,3.4632725999999994,3.673928651712871,8.443351372373462,3.5419312248687245,9.00235018199507,3.5692159212083396,5.928581814813749,3.5640014205436947,7.122152925494328,3.5742415885287797,7.674449702812927,3.6117055877039763,5.473505593537587,3.6223724026536552,2.816807688681043,3.5355590008936804,4.861117289338329,3.551382643064197,5.020267837318163
758554e0.qasm,16,success,755.0281160999999,646.5037663380388,8.384781210230205,621.849132878116,10.399582118771454,845.9810048258718,9.522442827666783,760.272269750352,10.823411576280943,757.7431185435482,10.06447319729208,625.5395524311448,8.610462526971624,722.7282581221598,8.747736275436603,606.1626085522344,9.45798697948766,536.32814615185,7.537856669718672
758554e0.qasm,64,success,590.6946547999999,384.41699932394476,3.9532859466755403,494.52203220485893,6.245098455391366,484.2118061020049,6.25908632989789,527.4901467996838,6.941567186546496,706.9823679356788,5.594312267882614,623.90037441318,5.430034638634297,395.6710452127913,3.098616341910243,512.2224799250781,4.890122323280301,459.21636760036444,5.207100054628766
758554e0.qasm,512,success,592.4959399000002,425.80613407145444,7.508593818352787,768.6217663839433,12.770712142393469,660.0721274386289,14.916747570408164,577.8116524266294,13.637428634983971,779.2571151957244,13.387107588679076,610.8848276123042,12.47168006224915,26.077773112120113,5.34556579801356,83.22581931971631,7.312327497338469,741.2072340866821,10.894178392585586
75bd5cbf.qasm,16,success,42.215876699999995,5.777732491936911,0.5642443372218804,4.818943246008714,0.5388167081125647,5.749113608913044,0.6277113557221422,4.886138211117234,0.5626257529936374,5.858787545101939,0.5058876715642241,5.418412432056361,0.48772265203395193,5.439601691075122,1.2082722337211687,5.219533253269283,1.1295789519952133,3.271008685783967,0.7776866813643827
75bd5cbf.qasm,64,success,15.9747854,6.552214872299068,1.2044874242419508,5.742360488430615,1.4160275140422713,5.600928162691338,1.4023162701581617,5.461926356277512,1.4833896474320596,6.097701290374995,1.3200042265450265,5.751573834178468,1.2332229168121072,5.621683702297016,2.442259604821267,6.0985592556815345,2.530944255685052,4.423079513362351,2.4053678877996627
75bd5cbf.qasm,512,success,41.622736499999995,7.542552827084645,2.869247048023582,8.374399284340074,9.320174848808719,9.488720262884579,11.829827160308705,10.36001495512247,14.4936755585194,9.801391932222913,13.719655216925085,9.346677961971332,11.079982644120363,18.46931216792731,32.17336935378181,16.4252205255334,51.32497534055085,11.794928104009344,25.23451498610005
76034335.qasm,16,success,0.16997750000000003,0.3227973121429642,0.6229851536249824,0.3177989057484151,0.479874587637588,0.340906161781408,0.4340705055068557,0.29688983554189635,0.49244841514045673,0.3316563291928703,0.4586121025002368,0.3121015799411368,0.5109354196112614,0.4975488335722212,0.5555173335426405,0.5384654413797557,0.5623278076861348,0.30882345343957335,0.41231927182201694
76034335.qasm,64,success,0.7581466,0.40361981165026767,1.6553554992756518,0.41596486183058845,0.649922448062622,0.4624121810145734,0.7456732315505784,0.3981172215935775,0.8423312910014588,0.43765069270439605,0.6856552110751989,0.3876790938058778,0.8289255423382622,0.48628671288659503,0.762999667493887,0.45300849676218685,0.6640468648052109,0.39600741029548947,0.5919011631987439
76034335.qasm,512,success,0.246009,0.3750576676063715,11.247977311454827,0.3402952177236765,1.138023752746715,0.4307624479910189,1.226573893249277,0.37463806569033725,1.3490181438717375,0.360106276613897,1.0813519547908654,0.34305759198971075,1.233921400150836,0.32266272521068445,0.6419495026096317,0.27726862751481385,0.49498631137368276,0.3121819777672877,0.6222838167889757
76d0b692.qasm,16,success,22.912727,22.928937137709504,25.376050557413528,22.43990729332127,12.689502945842811,22.892332530246996,15.826353111123101,22.885278598205442,14.4891469896841,23.38235947646916,9.001915906403406,22.318750255118545,14.031697032910746,23.637517084755956,24.873367029153574,23.40906023450943,13.247679688809221,24.08231422019107,10.948014105842306
76d0b692.qasm,64,success,4.2618177,1.597040258177015,3.1975014006780516,1.574554335756864,4.610862204381495,1.6449045016238284,7.075650469416239,1.5529227795557157,8.463047024946786,1.5410633932323943,3.8465343722419276,1.5632031527803425,6.6698677113022065,1.549694278429227,3.6888667762720155,1.5479103350733825,6.876731382091441,1.5822576965671924,4.253068419170238
77a3a480.qasm,16,success,1.6496207,1.645742537807312,6.40957717699189,1.6474810400283846,8.487391105307607,1.648549639269925,8.25113078600832,1.6537875249613927,7.25126394771368,1.6556763596830573,6.246159733897042,1.6466015276889456,6.202892813014435,1.6472395571699638,6.6396704960491215,1.6468481396863308,10.829966832865834,1.6576746783642373,7.262758306407131
77a3a480.qasm,64,success,8.934466900000002,8.899769141725118,8.45864795091505,8.889685062172887,11.129602215441244,8.907755625384084,11.638809185384465,8.948802155714121,9.18231408573083,8.892712062834235,8.343414987611357,8.891768130100507,8.316891870750727,8.926926142700738,8.547617404849506,8.90544227358383,10.079773314690424,8.889354346057775,9.632376059922755
77a3a480.qasm,512,success,343.5808607,334.9762029038553,103.19478504996181,336.6660391548744,190.93761282377815,337.7728378037277,118.28930436360211,333.8000235188788,106.84688681558535,338.6286921641919,143.90441447331793,336.73775065122715,112.22474980666452,337.31023968519554,148.452028172844,338.9149830599422,241.94088986388408,338.7213617986994,159.27372808075233
78adf5c7.qasm,16,success,4.0229352,2.913675125590789,3.887940087592799,3.436826573275972,3.8470511931208122,3.133296237356059,3.7384632742322363,2.9017790829380314,3.547429385813223,3.1456628340089146,3.6353129751185764,2.990071691739102,3.161850477687229,2.8778877670609218,4.492840369902805,3.1335797465189854,3.7175367086236806,3.0836318695694995,2.967336261419099
78adf5c7.qasm,64,success,10.8530249,8.320991318463237,4.295749942841493,8.893623683044503,4.164323754776188,8.730858479492014,3.9306501949769794,9.38214321882376,4.1697566350576745,9.672299809561135,4.502440020993339,9.471487848902193,3.5353316618214357,8.904093160355986,4.41794955490202,8.880740393837854,3.802162709491653,8.610638656046671,3.7263329201506705
78adf5c7.qasm,512,success,527.2902871999997,208.17559141576695,28.015706837001563,289.2035364628783,33.864767004681354,283.1900620577122,40.85364407025543,297.1239042294843,41.70710403036219,264.8958518523601,42.89294593694283,319.25330965844245,53.77059756706316,355.19596834379,45.37506647400302,389.96043197100755,43.7973590749614,386.4231213398436,45.454376912167774
78f96e37.qasm,16,success,1.3827565,1.39452572155351,4.189746302142057,1.3972675342497283,4.96774130300149,1.4037185748885475,4.600695014071044,1.4009910045380762,3.470381943571988,1.406066906706726,3.952815820007533,1.3914652126381215,2.982202038657355,1.400437702545943,4.980706706144915,1.3995623241801713,7.32416745179728,1.3967199978945601,4.559931396458559
78f96e37.qasm,64,success,5.7355776999999994,5.7224298131565305,5.58634745307788,5.708431066442554,6.20805743092513,5.7468659312272905,6.438287129229733,5.700916431213932,5.056271909539902,5.731162777314184,4.8165284175956895,5.706093894149229,4.186841566464455,5.714448294355533,6.257837022227729,5.747625386642293,7.19040368965289,5.741348559958618,6.579422936206217
78f96e37.qasm,512,success,134.27502299999998,134.2102262767018,60.933520421851114,134.93845728981523,99.22552432328999,135.38302150808371,61.49944810268873,131.7485094255727,45.615270879477066,134.473633624263,54.466123161092426,134.73744539803963,45.43559138086424,136.70443638125815,79.16566537027003,133.53450609297434,147.84856940853416,135.2067760639111,68.6643290040823
79b12d71.qasm,16,success,1.6729174,1.6490114502459587,5.770781237386349,1.646736471785791,7.7907052264426495,1.652735102232723,8.237740919169395,1.6561908942196382,7.400451314439868,1.6547818971454018,5.954748298389033,1.6614578698124198,5.554829405116315,1.6550107373660463,8.148310549261593,1.6529917981245303,9.945749276077702,1.653690343446679,7.6859111344927316
79b12d71.qasm,64,success,9.5001241,9.525963383042786,6.462376037488159,9.47836796767034,8.127576997077833,9.513098154222535,10.114652917083399,9.50591419198469,7.430688750231804,9.547402799904358,6.534658821207304,9.524913829369451,6.190572086868497,9.53125535777923,8.438094428677552,9.527792260399082,8.801619554283572,9.51360755761914,10.027060986098512
79b12d71.qasm,512,success,344.1290951000001,343.6040756129815,94.90014370155912,344.7760618603783,122.99596902623259,345.1189838568222,110.66661600392962,343.33624713373393,82.40530844679527,347.1367528538196,97.73475630306044,344.4366772833845,78.1421039123427,344.1535498523979,133.74649277584535,344.7054077301354,186.68913157144368,344.63930184578675,128.06082327005439
7a0c7e70.qasm,16,success,408.48818259999985,455.19473122116676,65.84807039218369,529.5272259877124,46.26448638810392,477.1442507059477,48.65325143577541,444.38436518302484,38.0477749517191,490.7788822739509,37.816784753435066,443.5872223544837,73.9388974628065,480.3266373912798,48.300798944481706,512.7023995596035,39.14351867377958,453.8923864288917,37.03519088753759
7a0c7e70.qasm,64,success,280.2108366999999,478.976846315734,11.86449024461323,506.3210714702897,20.902644122813758,533.1703265525892,24.701460774464834,483.27710258690325,32.91972465416411,593.8054633808556,15.848059058497153,479.9093926792064,41.638572661568844,483.8765025278109,9.942233868136599,527.1170875601438,23.718390945531226,489.63158715648933,22.366127927700482
7a1c98cc.qasm,16,success,3.4877635,0.2415797308672024,0.2966789677022159,0.27081856231438706,0.2815116861282946,0.24127694451200946,0.28208911438036643,0.2519032076111998,0.2692266254741138,0.25082151313375395,0.2647258807200692,0.24970520281398478,0.2691792973100844,0.2582363883219384,0.290109728737302,0.28695800743596045,0.3330548587063424,0.24680072880020426,0.28584576996193245
7a1c98cc.qasm,64,success,0.6781891,0.26583037854696856,0.28906937985738423,0.31637699142370435,0.2817759954224747,0.3357508539671373,0.27828323634831903,0.32106185260199527,0.2616552549960764,0.32651109868505535,0.2708823245529096,0.27369353006525715,0.275667871053706,0.31834064733075584,0.2953337791942475,0.35324513616763586,0.32794950905537945,0.3149902948872586,0.29230061551293157
7a79f013.qasm,16,success,438.9453946999999,125.66013347060061,79.01936632215858,153.1164097432942,134.28032614859274,142.57117805245647,105.9277383690276,132.25243579046557,87.74480231933865,131.2418841116462,112.29691080036116,150.10688574860538,141.92660963997898,143.94089244731708,82.11598567944677,148.2206943811504,102.50910131170109,152.07714699243684,122.44553191301745
7a79f013.qasm,64,success,923.3542458999998,72.48245375472895,137.95865468542445,124.20972258706074,190.66595795878763,115.20951188293085,191.85323561477176,105.73726088135487,192.43426695881436,95.02709191340576,250.01640582435724,115.12345264156515,212.42452241849486,83.62277918396993,136.3152100848346,100.9609402302141,172.14376092824426,132.90663885362676,207.88598273824977
7a79f013.qasm,512,timeout,14399.999999999989,3791.0919707905346,3691.083441540644,4570.748549505782,4372.731587327801,4477.612214528173,3887.1941256045498,4984.941960890014,4165.555096847352,4698.5449687706205,4201.140396673347,4801.196664729176,4113.482873656794,7532.413725098799,7139.678433392002,8756.331669675914,4512.290368972509,6294.028750142075,4463.719865925792
7aad2132.qasm,16,success,2.6700853,2.683111210504934,13.520397007175,2.674606394683814,16.532032031187324,2.684070950924909,18.387285178539734,2.6771808098687737,17.578628875596163,2.676355108582934,18.06143901229825,2.6566596683230714,12.482401227491579,2.6651477194618853,13.982667917449609,2.6815610583751885,17.346502676854445,2.6702787249927438,15.53289613744051
7aad2132.qasm,64,success,20.941539600000002,21.038505387925056,14.202580194015985,21.02380119397763,20.086235680426473,21.01917822090256,24.151022378860528,20.9997116706815,21.552749340269084,21.01270487971033,23.010926909333854,21.091001159011537,15.714784383225325,21.18592660504007,16.00346411660854,20.97289311583979,16.494151016327013,21.084113885723216,22.007274488547434
7aad2132.qasm,512,success,959.7448176000003,988.2787058828293,239.0119714308356,981.8362258009901,328.5522996169235,988.1234248504036,260.46473285961,973.9186802098312,320.67333623310225,978.9971598343978,399.7760822084476,985.2325282921901,221.9944722305613,977.2039807712084,221.01474565908822,973.0277611613801,406.09272508015135,982.7015688817517,334.1477375478828
7afdbe61.qasm,16,success,2.2713569,1.915518980611113,1.449562932416199,1.8820153106860102,1.768587721286719,1.9791501987739064,1.7435616878949507,1.9593101413661906,1.6056842750204572,1.9631278447979972,1.4477699846300343,1.8512131903890023,1.1490579088714445,1.9660596558800212,2.172893681506925,1.9628480343614398,2.3082856096656785,2.0108600210842282,1.5731747155780573
7afdbe61.qasm,64,success,0.1793947,0.180623335844867,1.598927248205416,0.1856273962679478,1.9420252044817685,0.18368826444364597,1.9470549457517607,0.17658581035689191,1.8863867359901016,0.18146080450420501,1.9304077811029203,0.18107563595601028,1.5017126553266484,0.18239077116658353,1.979774622662855,0.18057001362975317,2.1494306634308136,0.17700968904443481,2.063474560261603
7b19558f.qasm,16,success,3.3083295000000006,7.849331291420247,3.7168624226786795,5.599177708220967,3.6599666770257038,6.166034459176891,4.100482751249265,5.674150055701505,3.7949322994857106,4.824476850527611,4.417912024842573,6.603644721850719,4.219302264708831,3.2522457940454155,3.9693637476293366,3.4075195478781692,3.0939706367329722,5.489588029893841,4.469263541728082
7b19558f.qasm,64,success,2.444386,3.079070009820474,4.101905045196738,3.8898240318050576,4.113842894339427,4.988472704021785,4.407525648029474,3.9003166575619113,5.173720004378346,3.3520316162767854,5.143119013993303,3.318262248107591,4.469560265424396,2.7301393857591703,5.02670988448726,3.792533121639415,5.112255479245931,3.610012230138511,5.632901594973004
7b19558f.qasm,512,success,3.3641784,14.572335831236211,6.711292596977354,11.707123492099218,9.642277446684746,10.998260468232493,16.883114433522874,9.957062031416838,9.741093028830964,10.129279152889769,10.059038193778523,9.087397346461572,10.611342057020657,4.11521275040438,7.234590498057782,5.743121675645131,7.431904508444935,9.966793059200311,14.715484905549035
7bab61ca.qasm,16,success,75.00299399999999,19.699168817411355,0.4873632001902883,17.75484211412437,0.3998951711193167,18.277426508030352,0.4166501264030613,18.488571952324772,0.3511674841628002,20.68228105561541,0.38562458836024033,21.01096444799084,0.39361145380445367,12.627625340700243,0.5368305802753444,13.46679434091884,0.49053472691416145,14.938826080937426,0.5854557532041892
7bab61ca.qasm,64,success,43.55957699999999,22.00783176304186,4.52256506661044,23.233055834072534,4.031327212343224,22.373071333972103,4.118321481719921,22.548326942924728,3.744191363812519,24.706651820994495,3.751788901512022,27.372008540493773,4.1702371813467405,16.51516044405687,3.4236031836763314,16.253398081194437,3.903094435878109,17.481478246762975,4.6481646441662745
7bab61ca.qasm,512,success,74.85026579999999,19.43565915485568,0.5690306235508196,19.544614821105448,0.4446699242560341,18.24477662044916,0.35288198474940574,15.607457480796485,0.3241746549726857,19.726897170312895,0.34598820298836314,21.476925068067235,0.37968788066643416,13.943173485979427,0.41743186973341573,14.603172622938319,0.3827792319275411,14.371127439448532,0.4650158901838206
7be7d477.qasm,16,success,2.4134915,2.3775658445964853,12.786045488165717,2.3800946813426744,16.435723631378398,2.3790408082760037,16.85849756976736,2.3803432752847193,15.39861254471529,2.3895203636682747,15.179507125612133,2.3756864986613606,11.986598026061207,2.3777148744240444,12.496588707093172,2.380279064642278,16.4623866958256,2.381817641683083,13.474254222375036
7be7d477.qasm,64,success,18.077428899999997,18.164950027070248,14.171933706896338,18.16532043015163,20.484986446038864,18.190292160427077,22.060706058491313,18.178681584932033,19.083944330414564,18.17471888760407,21.914932445816156,18.212115663699873,15.904321703677343,18.171316863111535,14.819600824675543,18.128696473847256,17.404396725975854,18.182669991545197,19.883670165583144
7be7d477.qasm,512,success,843.0826304,626.1131084716208,231.6579587692448,620.4294420244487,340.557960407673,626.848255624112,251.40892335090487,646.7833332321895,295.66834819151643,639.8829112521935,445.39809048495204,635.3005112989015,238.07311546810286,634.3344307877738,226.8482965759945,640.9169899543152,436.2593444983725,621.1344020984453,318.5081423055755
7bf0f1bc.qasm,16,success,2.098813,2.121266922898508,9.091554528152814,2.121288680682512,11.658604128604827,2.1214178075155052,12.00268408783201,2.121614243220373,11.163691244921171,2.121062714957469,11.12494023258814,2.121173974836461,7.839291183084844,2.120951903756433,9.485523657292289,2.121592150430368,13.644860063403163,2.121307239296064,10.390228436302388
7bf0f1bc.qasm,64,success,12.182565699999998,12.153085462770202,10.543857469361551,12.160835916854953,12.78267348832123,12.171224731756176,15.87381783544869,12.159591930210949,11.491461296074727,12.145746241909066,13.286197211765463,12.162260417484834,9.665406935034113,12.158944488535289,10.390870853433498,12.157081242439094,11.998645523489467,12.141758831234833,14.45309982824235
7bf0f1bc.qasm,512,success,495.0731022999998,495.49406604425434,172.11921286920594,496.2123860414679,213.32341613546188,495.60639157967853,193.03972765055727,496.5234136533617,186.48606222556572,496.66622858441593,267.9282951677003,496.3887544421422,156.31925795380315,496.6356400770865,221.11423295970775,495.90948751466726,347.68396422517475,496.5338092993986,236.91227319671646
7c9f6bae.qasm,16,success,2.2005587,2.1906486109934007,9.309100392782907,2.196567175002222,11.948306939445407,2.2001712835141256,12.126817347378141,2.19642927513071,11.456241311395333,2.196351333099082,11.751053412532276,2.194343845392261,7.948553560860869,2.1977727406193406,9.60172195188462,2.1945774797612216,14.644000072001756,2.1931112176546876,10.772561470580072
7c9f6bae.qasm,64,success,12.6793433,12.684618754048591,10.84322711279745,12.649315767085948,12.617374075369694,12.53340004687166,16.207554215215147,12.634681642203672,12.040819168761681,12.615423154809868,14.239805785817454,12.549988065859242,10.049940288391447,12.553370702843385,11.006760139058109,12.654911493648312,13.50281501529287,12.563795692104804,14.56812239976599
7c9f6bae.qasm,512,success,524.4238940999999,524.1318331748201,173.8105101562876,523.1747853665098,235.72903097576662,525.9744634739609,210.14726777353863,524.3915652022386,207.11470759454775,522.8384669442675,306.76339496354154,525.1769335485981,173.88849229847696,523.1634393673656,227.14163137421852,523.9778962534136,387.664594768373,522.9939949565884,248.61004882316638
7d6d9a38.qasm,16,success,2.989781,3.10513415886513,14.796256905813827,3.0784157443727467,17.33950167128785,3.087033274587358,20.005871587083295,3.1144382332816716,17.046934378023952,3.0967282758599155,18.921948932409816,3.0715696232514116,13.104118380321145,3.1136618477478124,14.72323404317621,3.08048658674583,19.96832681510111,3.0907679836349216,17.73022239776334
7d6d9a38.qasm,64,success,23.563448199999996,25.701850679226943,15.535312704780356,24.954046274523744,22.145986757749775,25.611617314495657,23.168962371271025,25.159995508985535,19.532828851831255,25.070710860707756,25.314617089184654,24.81491311191513,17.071571419206833,26.143463212550625,16.65115284896829,25.314121619194246,18.403601225729922,25.39217026482974,24.76646664820703
7d6d9a38.qasm,512,success,1083.7143292999995,827.3902323744896,222.68034758185266,812.5591600722352,289.5389849172216,836.1338092358056,247.05736173551625,804.4420320841019,274.1018343947715,820.0984036476654,343.33306977567145,831.2578729403194,237.71453021513491,807.2745753668335,227.94551747365657,818.0036765575899,451.6461129059621,816.9540674357467,380.88768895709325
7db40afb.qasm,16,success,0.17392759999999996,0.1810387581735766,0.26005250670792757,0.18041822911818534,0.2255854028898066,0.17986482407652515,0.23386370117385846,0.18000952706801848,0.2417152715407443,0.17990425002829022,0.2258999955574366,0.18021935306214298,0.2389437152838722,0.18067070628720935,0.2122599512226255,0.18084027233159417,0.20718804974214347,0.1805870224833982,0.21954577541666465
7db40afb.qasm,64,success,0.1741671,0.1774191580606322,0.3217412842536815,0.17880024398842204,0.2650191398157946,0.17712452667172518,0.27028891615117795,0.17763551420524873,0.290590264253979,0.17669778911064615,0.2695451341659824,0.17686108362484143,0.28395104684446304,0.17685915905623575,0.2530404125038119,0.17821115535290738,0.23867728924782444,0.17900547595741773,0.25519181507484695
7fdad0c4.qasm,16,success,2.0015231,1.9939168603391149,11.61449371433627,1.9891083341216933,13.654689830135677,1.9978498554093527,14.665536157381123,1.995194290530439,14.03461416329648,1.9953263882512904,14.708544991377389,1.990059405327197,10.377347908778372,1.9972150277436538,11.229077134081784,1.9972774938844662,16.089611274033633,1.991778939796615,12.537972499940686
7fdad0c4.qasm,64,success,15.542053600000003,12.36668715481713,13.228027891171012,12.150104754582191,16.138086475388885,12.231850959282466,18.774969320748703,12.232651440294985,17.204922966882663,12.355402969816504,18.51356474930048,12.100820634179918,11.996800137320054,12.04746586089046,13.36053653537625,12.237424278955329,15.74058442742671,12.30425416007928,16.211941072060817
7fdad0c4.qasm,512,success,695.6832452000001,632.2094339874777,248.37671595281284,635.3040242846935,330.195705855593,637.1171071131638,234.69935824245027,628.9938830899521,270.21612450263467,653.5779110525722,430.61670758903193,634.7689732722367,227.6478200145475,631.3150858774794,258.79962041673764,620.8335664301205,444.5365683080096,637.5833243081245,299.71279561006594
81af3d74.qasm,16,success,0.24346440000000003,0.205801941559207,0.3148492035948179,0.2019186167606626,0.29793350621747844,0.20040074068130243,0.2898776844279067,0.19903852193979754,0.3159387470777377,0.19270368323110448,0.2904943319284068,0.20083214305981303,0.3311471450864771,0.2087669502911283,0.33487773059132886,0.21646888542599688,0.3222143667478804,0.20155785119483174,0.3079370590796147
81af3d74.qasm,64,success,0.1806651,0.20180703235680256,0.41169924956982856,0.20677321231595225,0.3710586028389369,0.21041578609187617,0.39009521179506895,0.20463627281708027,0.4208418494545071,0.1996513623498792,0.38084814468226036,0.20327864658335612,0.44051661263615743,0.2078929488670118,0.42975026765752805,0.21213932694736057,0.3932492818048964,0.19976910232409686,0.3976235443539571
81af3d74.qasm,512,success,0.23417009999999996,0.19928613826018096,0.41818008147889063,0.19900827316011802,0.2893750188052608,0.20362009795466873,0.30359447876775614,0.1982633252327337,0.3145648171323473,0.19177330197289377,0.2902658731312092,0.1917627572039408,0.3246544061891707,0.20318143640103264,0.32285853052765534,0.20460666482299228,0.28611716322377606,0.19582165665104945,0.3019608636130715
81f388c7.qasm,16,success,0.17924560000000003,0.2844472823905113,0.49127506773457413,0.2902765034738214,0.43847431779228774,0.28241673132839284,0.4599433423810437,0.2832531044579029,0.43819172463833195,0.2827658931861184,0.4860243136021318,0.28312509767388705,0.5300868130751528,0.22647654582622162,0.2709144354634272,0.23448254595562756,0.26450026973014085,0.2840275300335057,0.5159926073108034
81f388c7.qasm,64,success,0.16809340000000003,0.30073716408599127,0.4828205118943958,0.2941318772092824,0.4101641388348581,0.29543623580122996,0.45662488079395863,0.30548433553680854,0.46377288350135476,0.29918174073575565,0.43963485621681825,0.29768756922123635,0.4752051870993634,0.2595709753370149,0.3571643318108753,0.2632890140453685,0.3479027791397963,0.2909303432468807,0.4542513651082541
81f388c7.qasm,512,success,0.18503920000000001,0.2909726963996587,0.7193888907716608,0.27696160566002564,0.5320276475061695,0.2761458007090619,0.6309124107586545,0.27784515248144803,0.4871443269255533,0.28638364984365783,0.5568238425927249,0.27150921031627334,0.49941927336846076,0.25573688624842317,0.5428896504798718,0.24606987139169517,0.46694383888628804,0.27474859427591153,0.4872444879192786
81fdeb0a.qasm,16,success,0.1736968,0.19626675035515428,0.2834736531431314,0.19280412275682757,0.23217041277791026,0.19468522109103858,0.24252425266321792,0.19374669228557842,0.26299367499660203,0.19635042350036003,0.23847832087212364,0.19260904242702362,0.26377509283173645,0.19145303802531174,0.22012519358229213,0.1946995516825345,0.2083671348449716,0.19460899718449587,0.24026530092030357
81fdeb0a.qasm,64,success,0.1638945,0.18540199140207198,0.31460054799019743,0.18015092019745013,0.2687166874291947,0.18229318766978458,0.26423265748949765,0.18157698847478504,0.29004221299111316,0.18306056966119244,0.26960411333111034,0.17913938661577006,0.28825489549067657,0.18036507116121187,0.24523530549485492,0.1818871870586538,0.232643243466484,0.18196991071753119,0.2586930773158951
827a3442.qasm,16,success,0.18011539999999998,0.19739997385039174,0.1862319423902406,0.19958779021976203,0.18644868397863082,0.19802823674080683,0.18693156521001444,0.1995519422890603,0.18747781602465435,0.195787787775155,0.19213899846434146,0.19770332053929474,0.18794951333095536,0.19846190797338,0.18567841614938074,0.19726410099121996,0.18752419014642496,0.19528117102819273,0.18888605252119273
827a3442.qasm,64,success,0.1755154,0.18296575800169498,0.1900880174093775,0.18392486292902124,0.19435499256452882,0.18145476106260633,0.18875027316343201,0.18380302487429545,0.18599804988377716,0.18166922440463307,0.19248158375525407,0.1827867024130104,0.18746885652318,0.1828815933103056,0.19120484755490225,0.18683349960355677,0.19451199626687976,0.1829538123441889,0.191950558110523
827a3442.qasm,512,success,0.18864619999999999,0.18105487539373166,0.18940938754190098,0.18117142438832026,0.1828935384860115,0.1806793799142099,0.18352489198256514,0.18185646399098046,0.18348765265611722,0.18012394755769653,0.18864732725282846,0.18115344701187128,0.1853365070219612,0.18093078580587812,0.1869277691519467,0.1817358290486588,0.18424382124143623,0.18086932235795344,0.1855451128497025
82b89c68.qasm,16,success,3.2725359,3.2260668374942187,3.3042479833956917,3.2699426442828785,4.091647595142168,3.365686540003383,3.051583885472955,3.308233562637653,3.3990250097961354,3.3902281218551407,2.777353680945277,3.3808937115977598,2.8745610227127885,3.332316111655695,2.880281140802313,3.373556025481129,3.8522999225216776,3.34663064894433,2.451651446172124
82b89c68.qasm,64,success,0.1596555,0.18074339946651713,3.3353316767757977,0.18075639684922637,4.020925152473669,0.1800333171483017,3.4391728638614425,0.1769691168619951,3.809356748365867,0.17801329281384887,3.298462028472567,0.17937835465086738,3.3975043376812986,0.18246250143975046,3.10337733491792,0.17726375428702323,4.444649092075537,0.1797992120662489,3.200128685601531
831c33e1.qasm,16,success,2.3401965,2.3573767969314345,12.786045488165717,2.355070699499797,16.435723631378398,2.3497902743992363,16.85849756976736,2.3508231101197077,15.39861254471529,2.3452922601320796,15.179507125612133,2.345258001852562,11.986598026061207,2.3427379746701833,12.496588707093172,2.3546515360554903,16.4623866958256,2.358209342171998,13.474254222375036
831c33e1.qasm,64,success,18.073409800000004,18.048140426034745,14.171933706896338,18.074410396580934,20.484986446038864,18.275265926637978,22.060706058491313,18.02398880806518,19.083944330414564,18.144731656894024,21.914932445816156,18.145871223334154,15.904321703677343,18.124838404255026,14.819600824675543,18.122293220901348,17.404396725975854,18.130635752397193,19.883670165583144
831c33e1.qasm,512,success,839.1603764000004,747.9450214901927,231.6579587692448,747.3633963964706,340.557960407673,744.6146817658428,251.40892335090487,750.4413106952082,295.66834819151643,746.6092923873156,445.39809048495204,750.4006639960836,238.07311546810286,742.7711505054918,226.8482965759945,754.8932515414517,432.15025319717506,748.6194337430669,318.5081423055755
8335b01d.qasm,16,success,0.1701279,0.20212643311847542,0.2002423377613318,0.2039060748933891,0.205983711693777,0.20503922911258832,0.20092338083525757,0.20904008856523285,0.20374929227342514,0.21149408136108222,0.21049682414966003,0.20628926193627586,0.19686182692879797,0.2056327305289247,0.20319717569538476,0.20083173800869056,0.2077809481197318,0.20363719312190154,0.20709032979228978
8335b01d.qasm,64,success,0.9557037,0.6931433811550459,0.4579176367457046,0.6688717552364651,0.44503426465117013,0.6746868989220725,0.48096555393576435,0.6789390505696757,0.4605851767062989,0.6647654427952339,0.46736007716618433,0.6778634697994848,0.46753720558035583,0.665752564184575,0.44712857163168485,0.7046878593289422,0.4679483887045466,0.7049537531732049,0.4633669492954518
834596bc.qasm,16,success,204.27585150000007,41.52017144111392,15.651322986006086,29.422770489275823,14.280134582140837,22.422011806382514,13.706136501357264,32.04107764357738,11.506535776640446,23.428211264284705,19.270705818525574,29.389640278404332,19.409890735615193,27.702030745947347,14.703884982447427,28.843565994574334,16.66939983345646,33.299369155163575,20.00823185356558
834596bc.qasm,64,success,835.9329551000003,35.86352264564387,12.95932977043843,30.94441148446615,8.375666872701084,28.486991179661608,8.988397565198614,45.64141910566992,9.559164725400713,31.172112269604035,7.975289557386775,32.06306708018935,9.09450168263151,30.543268091885786,10.166312194853763,32.64497618647647,8.257144169550875,40.95543633512272,10.112924225685743
834596bc.qasm,512,timeout,14399.999999999989,45.60665422899713,33.05509755629285,75.0397840705269,27.374306304287717,110.77730506795017,22.103394353161246,112.71949758900662,30.369781470813443,134.67857976185655,23.25062899654906,115.05322587941924,27.16265492384559,133.0345876575559,11.093587127049899,119.40148306398953,17.13085459723471,102.74833208067255,24.94394972512618
83b22dc5.qasm,16,success,1.2476565,1.1851602591518973,2.971236164857052,1.1908018006297498,3.28849493645943,1.1926905069652272,3.106076279651322,1.1878037204716116,2.418629084722383,1.1979485989670637,2.910866597613865,1.1889807053674664,1.8670213189173028,1.1908938331133414,3.666311278944104,1.1990767299676037,3.5472303209435085,1.1959974918335585,2.453264745349628
83b22dc5.qasm,64,success,3.4044359999999996,3.3706002233810155,4.19793153907616,3.3989227563332007,4.444880935753948,3.3979853749306184,4.5638491446513445,3.419221739249355,3.651879113678708,3.40267302525815,3.6915035458092413,3.3598527485378367,2.8462057188808894,3.367444263003098,5.020275014529135,3.4088304740892013,4.573435763642412,3.3883873964345783,3.8908989676892674
83b22dc5.qasm,512,success,72.29796490000001,70.35596778113494,30.808350709449822,70.85433723448429,57.66049154563153,71.1934407116734,31.314706358528003,71.25027367903586,33.15748382633077,71.1979550630817,40.41960904763845,71.02595104723147,27.697437165111612,70.67521691488776,51.473931225063836,70.71744142340711,71.81444065225774,71.53221911851654,29.871458030741376
8400dcc1.qasm,16,success,0.1777404,0.21258329206605425,11.711885743155467,0.23408726011904893,9.628359282439915,0.2088137168259855,8.552724080033665,0.24056154093435153,12.094476606303656,0.20783567365955066,11.469093800913715,0.2253914096931357,13.462423452142488,0.20025090269887943,15.981540866159516,0.20736075220068148,14.693393030936724,0.20025638848163974,15.244730501765705
8400dcc1.qasm,64,success,9.1855849,8.553930120219727,13.571214743964697,9.769178408903457,11.730834878008377,8.528580978626088,11.562798607255212,9.735028372835226,12.534698765934689,9.07748043220117,13.323208791069359,9.430606489998361,15.796344615484571,9.684087809748672,17.77935802090653,10.051368165425627,16.356525569456643,9.622742196439306,15.260681196788772
8400dcc1.qasm,512,success,0.1613232,0.23882993233476724,17.44966036327532,0.2512224354257637,12.405617076409467,0.23637677257492762,12.757703542931472,0.2556633394798757,11.994294150674989,0.23453538354337958,15.829546622224019,0.23848189269187828,19.14142812832741,0.23172724408124215,18.609561052944287,0.22405831722948505,13.887948314214768,0.2159952342891767,13.868671415015621
8422040e.qasm,16,success,0.1669148,0.1781509763834224,1.8301271900061196,0.18043729190709432,1.8441702831728615,0.17962967451770917,1.3662248334457494,0.1815818880584437,1.8016973981117501,0.1806534784065726,1.7553653827074438,0.17983289696843718,1.7028132702259406,0.17951874835838894,1.772342393652749,0.1788404219968609,1.9162740598115613,0.18094091325060596,2.0535247217241253
8422040e.qasm,64,success,2.531916,2.203424565558199,3.8006218916673085,2.24899651979284,3.3626521962095928,2.2037146805375305,2.7789100413120202,2.2803833418959467,2.8299792524208405,2.2702339952664397,2.972340665332037,2.3053538839959824,2.9440404412944616,2.286149029839526,3.504281449108884,2.257553415738172,2.8481129068277093,2.300029550822161,3.1729693661191436
84fe3fba.qasm,16,success,6.975659199999999,5.308504316398284,8.341808259329465,5.172695984541524,10.613598859285032,5.214085649485983,10.14026998286799,5.296053836896452,8.131613282111342,5.2843873854848455,7.422460397382128,5.235951224114691,8.820286923741966,5.2952558286410545,8.043842513178822,5.230915047743255,10.227657576541551,5.352498848081022,8.38056865997323
84fe3fba.qasm,64,success,0.3869507,0.41795318463502384,4.363463702562884,0.43386485562674953,4.797177187567535,0.4436007413382408,4.727570739200156,0.42820437676913997,4.650299729668948,0.41585893350546743,5.036141084847864,0.42437451693798467,5.787735368234508,0.42788021361523126,4.134227959355773,0.43587737065403676,5.413122129149073,0.4419574709066122,4.436894708418651
85317608.qasm,16,success,0.1957883,0.2135632480190174,0.2488837521151745,0.21118738848416133,0.2419008718032852,0.20776354351540235,0.23553108645929136,0.2052659460833746,0.22883110802305773,0.21126105614300072,0.25648139617615084,0.22318349703317808,0.2483022502587974,0.2023252123009283,0.21834165298413097,0.1975606134966675,0.21164399875992038,0.20675450269067439,0.22764308631973543
85317608.qasm,64,success,1.2040827,1.0835068657320324,1.005900401223929,0.9867082275028038,0.874905616184791,1.0586747879054934,0.8247021386622118,1.0619016334988745,0.7900582918093106,1.0787977990974895,1.006197040848317,1.0626630801191868,0.9326894311943562,1.035274483493839,0.6238679333450154,0.958514893902578,0.6549854856476427,1.1017456796465388,0.9099173233006816
85317608.qasm,512,success,0.1699598,0.2263767330612172,0.2574709323815072,0.22490780047607273,0.23776032514538178,0.21550892975840236,0.23384143711757693,0.20701536780394464,0.24721190396680093,0.21016916651131318,0.23525772088528407,0.22210985017974472,0.2362166217564793,0.21729827089290932,0.2342722977179831,0.2017951551022813,0.22931051008947592,0.20284980030495103,0.24081906524343558
85863407.qasm,16,success,1.6870991,1.7043385977177434,6.601033594460281,1.7009600407639704,8.75945052867056,1.7013503700328307,9.791557747944923,1.7037937441059865,9.279679208320546,1.7015752346295334,7.451343459505545,1.7014640770751033,6.147136552552689,1.7006200574773735,8.464937210237833,1.7080602783394938,11.550895817761509,1.699961886999941,8.3939211565999
85863407.qasm,64,success,10.459693000000001,10.522345545076291,7.528441686939138,10.523441941689345,9.296679556544408,10.52648608470729,11.729924826117628,10.525362729347666,8.615940505855425,10.514414965610461,8.607509253703832,10.517471133651094,7.209794142624153,10.505135803872907,8.661028098348265,10.523896671320838,10.407817488924952,10.511460766930881,11.107050313791735
85863407.qasm,512,success,408.0020963999999,406.13497444362446,104.4356123263086,406.0574305024089,154.1508797080369,406.9455038440373,155.9648620008406,405.96438413862023,118.43983555555828,406.1693496846745,133.995448193904,405.9153293724805,99.19133134331777,406.4858479955908,159.98334373087135,406.70404009821476,218.99325846278444,405.6481442348127,174.45102164607644
860cc392.qasm,16,success,1.7032305,1.7046551011024285,6.601033594460281,1.7030835218844158,8.75945052867056,1.7058074259868043,9.791557747944923,1.7050798496220383,9.279679208320546,1.7053152945572305,7.451343459505545,1.7036200495716136,6.147136552552689,1.7117063310210499,8.464937210237833,1.7091144055627323,11.550895817761509,1.7103332446272401,8.3939211565999
860cc392.qasm,64,success,10.515155199999999,10.411714482669543,7.528441686939138,10.412248570877239,9.296679556544408,10.454007625327217,11.729924826117628,10.460462731210308,8.615940505855425,10.430985119028932,8.607509253703832,10.426258976740282,7.209794142624153,10.407511265712925,8.661028098348265,10.436000948230587,10.407817488924952,10.428836958642274,11.107050313791735
860cc392.qasm,512,success,406.09597690000015,404.8827560142457,104.4249040993777,405.417632612911,154.1508797080369,405.8216159501487,155.9648620008406,406.9017195936554,118.43983555555828,406.015615733391,135.18761487762006,406.145542654717,96.73488567361237,402.7237874690953,159.98334373087135,405.95307049119685,218.99325846278444,404.6119633751801,174.45102164607644
86464ad3.qasm,16,success,0.18273949999999997,0.2434332426990664,0.3021075546962812,0.22495919207915377,0.26803147646358455,0.22653894226578955,0.283049910880253,0.2275706188395374,0.29438545113381437,0.22405745184454828,0.2940040522028071,0.23283329125669439,0.3245864564451569,0.3015013455926825,0.32212031418497394,0.28667587084907087,0.3130716056181865,0.21539409670665224,0.2606807993877702
86464ad3.qasm,64,success,0.17549750000000003,0.24099633763997036,0.3084893658621578,0.22496704189708994,0.2887892584915383,0.22878348835988935,0.2998470727507125,0.2347626006024661,0.3148234860000257,0.22634471114792917,0.3213975977620214,0.23105118332629387,0.3273298953445854,0.21742850422969479,0.29008701685092503,0.21665768694081067,0.26815562393350667,0.22455578992285316,0.31179250763197985
86464ad3.qasm,512,success,0.16250770000000003,0.27065161496799894,0.4080346316354551,0.23244074344470103,0.3154398612007404,0.22834257119825443,0.30817280553832876,0.23902255732838737,0.32601456805515044,0.23184057725398297,0.30511700347177234,0.23954259165435954,0.329496543874781,0.22098076927515953,0.2657380658487088,0.20861954894544615,0.23236877848086804,0.2260754164927423,0.2989204335095557
871618c1.qasm,16,success,1.3089816,1.3017427218243791,4.8533332632939565,1.3052639743567527,5.369619234358898,1.2978234505375295,4.884126397065477,1.2980233327539312,4.302876267531937,1.3026597431487466,4.606401632615386,1.3041882423804303,3.407780375770172,1.290054090398318,5.538164172014047,1.303760911231967,7.407483742428736,1.303444556127643,4.720776084415622
871618c1.qasm,64,success,6.5168705,6.542053013647297,6.516543219142397,6.56828536037556,7.198380028680846,6.559450692783422,7.283499672073773,6.48805051706308,6.3746223038644825,6.507958092667472,5.712153948776576,6.515386188410606,4.932847479028273,6.538982330132281,7.082695641025712,6.525504104406222,7.43143587860646,6.524230019591779,6.931517589569389
871618c1.qasm,512,success,209.71884079999995,212.31564483198534,74.93172751085474,208.99769752723455,109.60150012479201,207.31336128560932,67.9799900269443,208.9916538598126,62.87565018426122,207.72696985165035,76.06548811751732,208.86977784790722,55.561031056089654,208.59811120691418,102.0485312790348,210.51509117294594,160.00267059634726,210.9634720298973,75.59046725421364
8732dc00.qasm,16,success,0.1784655,0.1867811151688023,1.5691516146215907,0.1871051608241369,1.266076437399493,0.18775777454604292,1.162228459983922,0.1887888371744963,1.3556688070568086,0.1817993301893758,1.223935971447983,0.18400731185255984,1.5184649692233916,0.18467087055321957,1.4514578858993952,0.1823385304171056,1.237229877734047,0.18323735838244906,1.6953093487137665
8732dc00.qasm,64,success,2.5046016,1.9880614776010075,3.6703707586128913,2.1457781582717135,3.1720674829778983,2.1122583240973904,2.801730454387885,2.301923616465726,2.4087059271023152,2.1836925744488935,2.4140301276024587,2.106818088006779,2.871552514849552,2.2791172169489986,2.8739083137623815,2.1941412917956677,2.509733436461531,2.203463943767358,3.0727838861964267
8732dc00.qasm,512,success,0.168138,0.19854760874251928,23.40542754350448,0.19881839233241327,8.99502255866421,0.1983482095855709,8.942015336442505,0.19596856286676628,7.988383336709913,0.19659568391311472,7.767279167305874,0.1953454312610214,8.848804101737466,0.1984214696274021,3.8734882054878903,0.19934274980430167,3.433173490837639,0.1912628605642861,9.379316506124656
884b47f6.qasm,16,success,7.955765699999999,5.672235614511936,0.9579487435468305,5.416866525713966,1.0174466068651575,5.794199609909973,1.2547877440600874,5.736912544604987,1.095976375342925,5.558187681095889,1.181242943338414,5.607514719402237,1.205714386879029,5.770338892547667,1.5599077350746782,5.806768172385755,2.1188996250781997,5.9468760980741315,1.3662572879296941
884b47f6.qasm,64,success,0.160642,11.041289820760904,1.409837962145626,11.218738372471265,2.9875493402790503,11.789242420783815,2.8690247184587427,11.11944057165029,2.6215382807581338,11.246376422379244,2.401359158973935,11.40030475448108,2.2001570498613843,9.983897609171985,3.1609989104059406,10.527485484665382,3.994270876881011,12.11820183784348,2.974895554460877
884b47f6.qasm,512,success,9.740085399999998,1528.9645971435823,4.647999273348856,1459.6693150272226,29.293494555274357,1607.476904846985,30.64403334815322,1485.7180945550208,24.20850123818713,1454.9647033379288,24.91302761295744,1504.929312078944,31.39978433575219,1491.3035311477997,64.08211079526636,1440.87843407629,53.55088105725573,1439.8341977085813,40.749332637749966
885efe5b.qasm,16,success,1.0773573,1.1604858284853419,2.9652056029516918,1.1649694898388427,3.28849493645943,1.1432321317800538,3.113711981008298,1.1669367828152966,2.418629084722383,1.1632608704910143,2.910866597613865,1.14808662478731,1.876080750839785,1.166281896668164,3.666311278944104,1.1596761424787045,3.5472303209435085,1.1620340539043041,2.453264745349628
885efe5b.qasm,64,success,3.4264061,3.4249151078444227,4.189411218032584,3.369917316846282,4.444880935753948,3.3998434348768094,4.63822031255506,3.3859870948905795,3.626551806465483,3.3760698199939374,3.6140278836849244,3.3800529236659695,2.8462057188808894,3.4267470153227424,5.020275014529135,3.40684659729871,4.573435763642412,3.3728249017336243,3.8908989676892674
885efe5b.qasm,512,success,71.9190057,69.6940443635091,30.14846818602835,70.7333725039782,57.880424381289714,68.43625829311878,30.949534144561298,70.88925983370396,32.31356364161381,69.20575572296107,40.096125965892675,70.20637265876185,27.697437165111612,70.33711107772834,50.90497871226183,71.08656607580086,71.76897171379886,70.56401304247784,29.871458030741376
8930abda.qasm,16,success,0.1753091,0.19703326940702728,2.7593846106805526,0.19603287025686253,3.0841131478806534,0.19589207415881432,3.2357055527152094,0.19959444757585526,2.854614547950231,0.19498444093663997,4.206515752039967,0.19771866868000418,4.0125499114421945,0.1937419907540584,3.7893329950428356,0.19739283900267673,3.659623839534673,0.19844791211123294,4.754508923695634
8930abda.qasm,64,success,4.584768,4.894440932537764,6.248417030795184,4.940517337564534,6.074533951563699,4.877621335812139,6.338547324434901,4.843680319740131,4.498576352383629,4.777475549761973,6.430097784376581,4.963694950145314,7.090188402318547,4.855568859611525,5.831909328528055,4.924342454535385,5.9870817729360155,4.8289844167137455,7.169079971219567
8930abda.qasm,512,success,0.17470540000000004,0.20172801808158478,10.219900726209762,0.191538907972259,7.874970868041983,0.1912141671525841,7.370690939768994,0.19755787241955253,6.17459010175263,0.19890551498140657,8.465041421668586,0.1900306628705267,10.68082881812776,0.19079932097344166,8.23466175395103,0.19073863903369692,6.431763756088185,0.20144959442038643,8.06562146793947
896404d8.qasm,16,success,5.552108800000001,7.108386978274581,8.00060030009359,6.087579126058636,10.738341787563861,6.140836244852163,10.382171810439665,7.015877259902355,8.414609625838489,6.454694382662589,7.359463544645203,6.211558241458273,9.0864463625016,6.631580911429087,8.059491821490068,5.9337856210294415,10.280790512046487,6.132391117387458,8.468880905584006
896404d8.qasm,64,success,0.4324345,0.6866784544838949,4.341550630233259,0.7657590214498367,5.033673985557553,0.7568114242510754,4.83643105454445,0.7051250274459964,4.743364820044898,0.7861453105776911,5.171050731907747,0.753418024753489,5.993151184419264,0.6395027435522647,4.106435372319978,0.6570467466643334,5.546014939648704,0.70308666729765,4.712727561579317
8a146ce3.qasm,16,success,117.96490089999998,134.45044550017195,58.28519785507214,143.51648597506966,26.669494712648305,126.91120776618645,23.97025919421546,143.7220791885771,30.00483143130346,131.16401524364775,23.13092587485185,128.80018221687476,41.2915678084685,139.70117475709975,24.405019609357065,132.44995423403108,18.56769357245036,126.52251963716687,22.020346233982266
8a146ce3.qasm,64,success,201.1105238000001,171.78636119842307,8.237240983069817,181.82769866652316,12.485438755093675,170.80243222480104,10.985184725006256,189.34739454304747,18.17792257275115,179.0438279282479,8.916991428041326,175.19073861740227,22.688366806778486,171.41477181237371,4.353940172811965,172.88121619270282,10.975886305469217,172.77500429568764,9.412770099269872
8a1c1c3f.qasm,16,success,0.1880215,0.1958133704728163,0.20975586822024073,0.19667488533824287,0.203010078324621,0.19499545940555715,0.2075200349303465,0.19353115068677157,0.2153786628675846,0.1935032301708212,0.21793636297050786,0.19565913972571594,0.21445681826420077,0.20012338339992428,0.20858659715871622,0.19520674310393607,0.20550300168743438,0.19259388739376768,0.21071878379637268
8a1c1c3f.qasm,64,success,0.2685849,0.23955081077952284,0.2932345368115092,0.2473132825520126,0.253013059038044,0.24000003200808612,0.2635005258379429,0.24266547406940947,0.26808054657833363,0.2366771034984419,0.2702596211787158,0.24404592594447044,0.25732684222767027,0.25585372214105473,0.26781648169699135,0.25423443378760296,0.25970951763101124,0.24982257681598288,0.28443028234498424
8a1c1c3f.qasm,512,success,0.1869095,0.18860440149976831,0.2151461302012006,0.18842714432900634,0.2024757690477094,0.18937400386004594,0.20444681761098243,0.18824559845854,0.21255341388182403,0.19236929773320363,0.20945545706987614,0.19087347128968082,0.20904728132888217,0.1926797135560993,0.21012223160990093,0.18859408077102538,0.20351761662031084,0.18980506123457683,0.20839629009243535
8a2ab626.qasm,16,success,1.7081607,1.7612692582044787,9.083677828085884,1.7688786042454827,10.034571809860578,1.7630346022849714,12.450851330018493,1.758574231915144,10.363725541314166,1.7629755458862628,8.929277902882832,1.7696255605639892,7.161268682800342,1.7665240170560659,8.927231378610038,1.7629086961837186,11.481807190419092,1.7613849913793669,10.213666324125704
8a2ab626.qasm,64,success,12.2454582,12.126709233642233,10.220701234639332,12.260721681655037,10.753646054553712,12.328915430285798,14.174800868434454,12.338967683860657,11.895646912574538,12.240588606535368,11.454585930922923,12.274881647379026,8.009715585974979,12.18899362931769,10.106493843424447,12.285412546311827,10.87185128742876,12.280013556325402,13.437690903812774
8a2ab626.qasm,512,success,465.39449480000013,491.00687095970886,199.30253194516357,489.4338132265039,257.24530793165405,498.1048264305554,224.0087879294945,497.96093194191036,171.94211179729777,489.14176588147564,194.5653302425321,493.0792988350026,145.03099169820396,487.23646956880833,200.08245901842477,486.6739401455138,319.9147495306019,499.2226504844201,243.7244021460204
8b77bf87.qasm,16,success,0.30872999999999995,0.2905627456515869,24.02909385435624,0.30138274637558476,11.760056779344103,0.3021812899940785,10.157526662958707,0.3260493287727464,14.37774744020308,0.3153423000075644,14.00680987673775,0.3289673184282531,17.424563016792508,0.2955987582272835,24.6198138868181,0.29624301929219093,19.233484142269017,0.28850274130284703,15.69814754273017
8b77bf87.qasm,64,success,10.140678399999999,7.956932506918106,22.841443834102222,7.415262047410763,13.594906527613928,6.916651400875779,13.392457413406692,6.864377234983491,12.9023735392257,7.148885358558357,13.410889716418957,7.092358592150271,15.963043202868828,7.855359265080706,26.14472030225958,7.320874764720124,20.202624154217855,7.878935828984597,15.32186459357278
8b77bf87.qasm,512,success,0.2988881,0.36181435424705605,75.13231101052298,0.3525888201951541,27.42447757944587,0.38264036854776834,27.09053881785702,0.35764475125704087,28.656460161144416,0.307666331778503,23.954853451285384,0.3432999202331326,26.8718712676015,0.3079527873296063,25.33737054318578,0.29112617928071743,17.82386839852318,0.3261473463952362,28.414509129262456
8bd576fc.qasm,16,success,5.323393299999999,6.991871488926708,0.928126363912854,6.838484027036896,0.992565831909777,7.026927820238163,1.2861409878023757,6.8347030937013615,1.0196618929055905,7.072173901551599,1.1747669965336227,7.1486125132775875,1.1226287362570766,6.949913945802876,1.5696931992961385,7.091840476614048,2.0665160033803343,7.071629064013041,1.434280444814682
8bd576fc.qasm,64,success,13.2989912,0.16593446414826585,1.344075199134418,0.1705876454252967,2.886029631153691,0.16635329925035244,2.863683325011546,0.17275418633797537,2.3769690901184233,0.1682114615285572,2.105652392603116,0.170071405914681,2.2009750933896735,0.17187669170133185,3.1266178570011753,0.16998933844868028,3.875502041761294,0.1676366768813593,2.796864189709483
8bd576fc.qasm,512,success,1464.9315561000008,9.430976170455205,4.254061892748313,9.169344863842678,28.623156551992338,8.90957992807587,27.65421005519578,9.673699385250547,24.700945488013506,9.147383802530832,23.460016787212986,9.049460790482373,28.821265100004435,9.03282578882302,55.82571029650602,9.061828761639298,52.020532410418404,8.761299739052884,34.794711191315265
8c01a935.qasm,16,success,2.698982,3.5700179797815634,3.5877021500323707,3.3259348485033486,3.2060819658713733,3.6874203171547046,3.721653884902678,3.4017796814792454,3.3164371025863466,3.249834358858295,2.885796515100318,3.619421487918541,3.2081768253683327,3.410171819375547,4.556955469525158,3.356025191588526,2.945234771708924,3.5385385245055314,2.993512068000905
8c01a935.qasm,64,success,14.733067500000002,11.565897751312509,4.827292576994531,10.875082635779743,4.765959716618041,11.906703446338657,4.516425308655903,11.843090643585803,4.254936782283949,10.635437781859995,4.9150845921334,12.278348586593998,4.090774776063707,9.950364453273151,4.432276145646823,11.217124442629741,3.931713233947497,11.297902459089922,4.5640786550620085
8c01a935.qasm,512,success,483.89700409999983,381.9089320737426,28.003385602344938,368.23867661233334,27.68467089901109,373.92703095679406,32.65622432800816,383.99258471088507,43.33521103138919,392.16067420670794,30.09801450438323,368.60884451116647,41.87792682920621,305.01281465783853,43.227800338150274,333.38946378207817,32.154166341372665,384.02740678471775,37.52830754192877
8d5010bc.qasm,16,success,0.21662629999999997,0.2036784671229426,0.22151693788838472,0.20064271993280733,0.2178060077869934,0.19734060643942386,0.21766335411881024,0.19946898884445335,0.23023487738173798,0.2006601647887763,0.2226267514210813,0.19909971882731736,0.24007791542130377,0.21369877186269687,0.2331588315602015,0.20145741588291644,0.23720129188135383,0.19732904920963892,0.22623057816424422
8d5010bc.qasm,64,success,0.1708347,0.22614326537534907,0.29091067439546675,0.22916731250353442,0.2748626105457618,0.2229390619106448,0.2961505957439308,0.21810830389560304,0.30705291698596116,0.23289200255041712,0.2867051320222276,0.22520100746177862,0.2986241926354259,0.25167423111626064,0.34358008412300933,0.23063770393979333,0.34706707896309125,0.20925098488134003,0.3054838481123189
8d5010bc.qasm,512,success,0.2035061,0.2089738998373652,0.23882432864933179,0.2081067866340955,0.23349854557106717,0.2098955121114832,0.23535315986271255,0.2117188527816166,0.2515767866533504,0.21067911028295666,0.23348682220112385,0.2040572778504084,0.24108447170203115,0.23803505833212066,0.24659617127361788,0.22104873738874342,0.26340515660393876,0.20391216742070617,0.23095774939315777
8d9d4033.qasm,16,success,1.0986492,1.0885428622273472,2.4375608544709095,1.0902912189591063,2.4335926409257573,1.0877899665041584,2.243683660583399,1.0884134798352723,2.0507790103411416,1.0788401799728826,2.2602354386603953,1.0857273687937237,1.7910792023577122,1.0754220610425105,3.2018005612610954,1.083612031249916,3.171601649087912,1.0748035049136138,1.768740366712395
8d9d4033.qasm,64,success,2.5595098,2.5614483514999806,3.36656034558247,2.5625254730088347,3.36562203298281,2.5747313733276056,3.33607838298154,2.5400122240704452,2.865036235029272,2.5893014828667376,2.809797476387771,2.5691520926724722,2.445470018704496,2.5804336126336116,4.0913521783216344,2.565361492905217,2.9965893637203926,2.5935121977345097,2.5448267809858947
8d9d4033.qasm,512,success,34.40687870000001,35.1997954546056,24.92933223986449,34.98207024542157,42.17498449453446,34.430350009071546,22.206023700220957,34.35377378393411,23.671295085718683,34.44532004615425,26.80960733784375,34.215766445297774,21.94696280776361,34.30718073755098,30.888737053628468,34.505132482996665,53.428112044792385,34.50802190787606,18.6184455749233
8e84b85a.qasm,16,success,0.18267619999999998,0.19300513446978143,0.20772694637764857,0.19345706176086763,0.20396655704216302,0.18978450479494233,0.20459951468444326,0.1906347346957644,0.2060295573017464,0.19260392122466116,0.20479890308868542,0.19073914299921335,0.20128527628529633,0.1910267974562545,0.20546172822888362,0.19258040641140423,0.20503709827252534,0.19180528262986685,0.20812794576533578
8e84b85a.qasm,64,success,0.1524136,0.20579347392374142,0.2622690650234459,0.2114533197498104,0.2480499185940376,0.2138771927047027,0.24409997584437826,0.20956780855446058,0.24824508894760744,0.2156413823613291,0.2535491043327453,0.2113124759216077,0.24547502221491868,0.21412973545309832,0.2456620950554617,0.20248667421611916,0.2568745184831901,0.20979967784624817,0.2620131548613743
8e84b85a.qasm,512,success,0.1863533,0.18898912214918576,0.2021833638900801,0.1948926223572631,0.20003261702000993,0.1924931894488804,0.19709791959766843,0.19119009294903838,0.20007387322243977,0.1925166558776124,0.1999944662536418,0.1924652693796903,0.20358928579652266,0.19289145205204694,0.2093187776395218,0.19006669131267306,0.2160937973252099,0.18845999362646232,0.20316733218355296
8e9564e3.qasm,16,success,1.4540433,1.4393567228417,5.719629421766722,1.452602911246722,7.660336360649879,1.4426873006007515,7.934629482396144,1.462349476746434,6.477771731738413,1.4594585274297318,5.401726235083197,1.4568322475659918,5.060084110479027,1.47174628868751,6.535939504442632,1.454156447206424,9.040477319660326,1.4483488567020295,7.2162915504313325
8e9564e3.qasm,64,success,8.4504558,8.443499058655394,6.817758865210951,8.39611135144301,8.593704654421243,8.432978976795635,10.431870665917105,8.350193455786693,6.997438259552727,8.453584385209819,6.199065147410456,8.419047932340115,5.993943773510377,8.420698863533328,7.350787875693268,8.497895757553541,8.666394092559495,8.444062168863596,9.42977300093797
8e9564e3.qasm,512,success,307.52745439999995,312.5651164085064,87.26004813949146,313.2264883129844,148.52252970226246,318.4690581571183,112.85804690309934,312.815548428262,74.96775710414869,314.66465806019363,92.34980111755023,313.16033376813186,80.24873507738312,312.4891795178332,111.06356549682636,316.20996403908885,192.8500156781901,315.4878318328026,121.16107275064626
8f4e1b64.qasm,16,success,11.0098067,17.691024461847682,19.04186447553111,16.646581194365808,10.100757689121192,17.520952298881305,8.391600226480865,16.92628848469892,9.423247022074722,17.276735533777334,6.687646185647182,17.29695072881728,11.736843788778494,17.128263600887845,14.06777440202928,17.475029239750516,8.212097808186773,17.841798761824915,8.122443319763462
8f4e1b64.qasm,64,success,0.5562086,13.196025830844421,2.044408245866773,14.869184042322196,2.59990894643146,15.342098023324587,2.769189448707168,14.50346187968152,2.77686516686395,16.034234920859998,1.3558878469899571,15.290906558366814,2.766906992054281,14.777051077205968,1.8211848510579003,16.760723834774048,2.690046483288004,15.635346385365686,1.591824259855238
8f564e3e.qasm,16,success,1.9908197,2.0097471978935597,11.61449371433627,2.001136696400327,13.654689830135677,2.0011204049682387,14.665536157381123,2.002505607843641,14.03461416329648,2.0022580194240605,14.708544991377389,2.0022421211328627,10.377347908778372,1.9997255823917641,11.229077134081784,2.002238748813077,16.089611274033633,2.0025789534250715,12.537972499940686
8f564e3e.qasm,64,success,15.576776499999996,14.533171954633211,13.228027891171012,14.533259397888253,16.138086475388885,14.625058669374267,18.774969320748703,14.343483022958457,17.204922966882663,14.310384194008462,18.51356474930048,14.339858778470374,11.996800137320054,14.32887770241366,13.36053653537625,14.511720011797527,15.74058442742671,14.67172802212785,16.211941072060817
8f564e3e.qasm,512,success,689.9786613999997,686.3101767945744,248.37671595281284,690.5823578689977,330.195705855593,685.1168907037401,234.69935824245027,688.971865804831,270.21612450263467,692.1499032133552,430.61670758903193,690.0226467055197,227.6478200145475,688.6655014662854,258.79962041673764,685.6596665334368,444.5365683080096,683.0598499224093,299.71279561006594
8f8fbcbd.qasm,16,success,712.1879557000002,789.7256463577081,67.93037553601754,956.0259558803571,57.05971337325395,882.3891578435887,55.21636917672635,826.9934138822732,47.36708940737115,868.1267926445825,44.13379344631903,858.2312969803651,92.04707832964024,849.7478385965759,52.57482748730329,891.4495000018233,45.045505481964575,853.4060671526612,41.35596902359746
8f8fbcbd.qasm,64,success,1437.2253333000003,708.4086871041044,12.921940525276984,794.6679314969921,23.047414377333872,840.7168603364895,28.645271600208098,727.900209267343,39.231040261426756,824.9322832889517,20.03221832326278,794.9589546545054,45.27219401284292,730.2722456232007,11.267129082707555,759.0255918033508,27.171687229752884,795.5727871874275,24.306162104244212
8fb9e9ac.qasm,16,success,0.1811224,0.9032150292885113,7.990160109882661,0.9162944097783235,6.913482349717779,1.1106318501013885,6.725412849578805,0.9428110334230936,7.3030174406419235,0.9343617501074456,9.004940601957452,0.8980894544537028,6.371933093385989,0.7337549154110885,5.566942117811528,0.8332707424468334,5.616344392333891,1.3205279525209415,6.013768868737513
8fb9e9ac.qasm,64,success,0.5304693,1.2140456834518625,2.753875287959774,1.3416321479199582,2.6711248198211544,1.132043047100219,3.159469178531052,1.0088876244121285,2.794360540329083,1.0848749355155034,2.7264761483221833,1.1234601055181501,2.180340064955679,1.165524438359081,2.83122670442574,0.9215614827452111,2.4249747978275678,1.1141632736298495,2.7507283316938174
8fb9e9ac.qasm,512,success,0.1635519,2.8548723575606276,33.48469585344634,2.3788039383375383,36.930095162909154,2.410224445374544,37.18053332761221,1.8573366912203972,33.11499993286457,1.8575365557066255,35.6643568459862,2.173374325029942,27.0524603067491,2.4356336294973744,42.14652954617443,1.2035908666239499,16.944650192720786,2.721785454953897,38.10063716072175
9143d50f.qasm,16,success,0.1758806,0.21672799089483533,22.801242277617032,0.21701035546329403,14.707775523314941,0.2176658205131076,10.18215380886989,0.22287172638404226,15.385628797924248,0.22950387473897216,15.171014819472537,0.2277791028438098,14.396772370418107,0.21657488791357463,19.5337649674239,0.21590470753019586,14.83960084348436,0.2193571386707066,14.491525667065497
9143d50f.qasm,64,success,2.8306142,2.120793471259432,21.306291853225858,2.067107911687709,14.211193934820841,2.084138017892184,11.055261713170482,2.0911169943142904,14.315148495804811,2.0135591793284284,15.44870418397791,1.9800985842195669,12.561023772988595,2.09856496858531,20.57485922290009,2.084516505659337,14.107275116447976,2.0973679429088183,13.219438636321591
9143d50f.qasm,512,success,0.17785990000000002,0.21289665596269913,84.03023940570503,0.22264481876901757,39.78122105960268,0.21501141304053523,35.55638951930497,0.21755460050439965,35.89272598069185,0.2205700079392793,36.478769986538666,0.21568673890801626,37.5639949296671,0.21380755246497593,20.49420021871369,0.21479554092616365,16.50062527846187,0.2149094911242207,27.571024850264575
917fa943.qasm,16,success,1.7270749,1.9237181284924458,0.6924665999982588,2.3687652894527664,0.8779506998966997,2.2245235924739637,0.8979678348781317,2.2926416676634718,0.8411061229510068,1.964739406567439,0.8567812619444473,2.0801939656698125,0.7935579765833592,2.265089981866215,1.305003546604295,2.1684178076102634,1.3204517998812175,2.0951531325182664,0.9899445210360529
917fa943.qasm,64,success,0.6866674,1.3746716877690728,1.020175264636499,1.4374987554759333,1.8535017734170012,1.38559505517072,1.7700569156634198,1.2130698856350828,1.6082567899443996,1.4176337459377417,1.7224791891160334,1.5206284672382524,1.6296260072766637,1.2244216661885978,2.4037277769131578,1.2267265454213678,2.6409130609525078,1.4372630011385026,2.181866089432672
917fa943.qasm,512,success,166.3146686,103.87971207354158,2.67487590676874,106.66235822510671,18.27842368841679,114.75706034217089,17.110690687883938,84.2973758112256,20.0267675369519,105.18798925484103,13.464357054386813,100.74640447688836,16.08720436034424,115.9500412063842,34.21100998843163,119.05811040359967,38.77881537914179,97.55237043067086,32.15879057570715
92f98bb3.qasm,16,success,0.4699449,0.475399287392908,0.6501570180117734,0.4765195948338581,0.8674095926312908,0.47488092138898336,0.7202767301993988,0.4721907383097636,0.7146766672011029,0.47878299769035965,0.7423951564408311,0.4735279058695709,0.6195708835511172,0.4771285034312802,0.9994515435493152,0.47657900388808144,0.9494324207054077,0.4711166410162364,0.6259127277425645
92f98bb3.qasm,64,success,0.345261,0.3480460131617498,0.6635154523786461,0.3442311837093449,0.9700847818823061,0.34499016027619966,0.9341399489493737,0.3456352636524308,0.8954121186323831,0.34588598835906226,0.921408195471993,0.34779597824040026,0.805735931876641,0.3388138748121891,0.8196494488537085,0.3454511085070841,0.7512382645925952,0.34576298054533644,0.7751148227632866
92f98bb3.qasm,512,success,0.3467309,0.34702069207347985,1.6804119256052072,0.3477594611868705,2.6931703474838162,0.34602078629841615,1.7530949014644335,0.3478144328341539,2.069962729722559,0.34919521366468664,2.1471547670384843,0.34835329279677796,1.465900969039329,0.34428881641328557,0.9134971176547714,0.348254746015551,1.0398087687908364,0.3485769935235427,1.532834605894418
933b305c.qasm,16,success,1.8488212,1.8311702246570138,8.036689279333174,1.8495889575236681,9.401869131034829,1.832584859537891,10.241978765755707,1.8337280063633425,9.914255639484438,1.8288279540804093,8.660626154574953,1.835187286150643,6.879412182852779,1.8384645648317373,8.924848459815358,1.8338659127313883,13.410347820628846,1.8358803826726282,9.063241243131877
933b305c.qasm,64,success,10.668987299999998,10.542241017930971,9.823608938737431,10.528701840686354,11.923991398733556,10.539659990330621,13.997046178884446,10.479578467368434,10.627530839431774,10.6810927390815,10.91002289804551,10.56586801429333,8.5421211042812,10.499932832528208,9.604467651823343,10.593662222966739,12.115784162789476,10.58131994195231,12.629436063993209
933b305c.qasm,512,success,433.02179139999976,427.53239781250295,150.82374446549787,432.3874613504617,207.9158620730589,433.0113443135092,167.90302312958778,441.99014644797063,150.8562651477501,434.5420668653304,198.00431331598074,431.8784630153609,130.81747320608716,431.8677984976114,213.69917988971144,436.4446020477663,303.5657727271422,437.3258346207613,205.93796039206134
93865be7.qasm,16,success,0.1846872,0.24603934605269118,0.29596362682028676,0.2741093547076512,0.3058522394348837,0.2793460348816143,0.28085795994656654,0.26310773786000163,0.27786552492221017,0.28234257488327885,0.28963853521262384,0.28304106481070906,0.30980225109923515,0.22780829904567157,0.26002191553657106,0.26790062198793685,0.25918167992213126,0.2417737716295741,0.26607881472354766
93865be7.qasm,64,success,0.2199938,0.300678242018337,0.8781561241467031,0.36331638918478293,0.9222231305217308,0.368422518648855,0.8728381513362222,0.32827231499310233,0.7933481173842514,0.35040604842241646,0.8198101639345521,0.36150022399254217,0.8849689003976144,0.26920578121530664,0.7358023142569138,0.3165108393770613,0.6337351343170736,0.3126469847686837,0.8472925119546838
9395edc6.qasm,16,success,8.2267604,1.6653523246409292,0.41141751522542463,1.337937405998591,0.33300343598196985,1.332966174477816,0.40781325175667943,1.3327508084862743,0.36843379199041065,1.4648531965949914,0.38623699825387114,1.40908978092821,0.3870265011525785,1.406392733478836,0.5651216261465569,1.520632939336579,0.6351367880832544,1.4131255106947942,0.34605654267153196
9395edc6.qasm,64,success,3.4462506000000004,1.5107382377718481,0.46571880570339813,1.2854955099245677,0.40773376216195945,1.2280950822181482,0.4393157870123356,1.2193387298431801,0.44360040885287283,1.295270741181488,0.4546452962028239,1.2844413798269574,0.43142239194664506,0.9276169998600046,0.49365154661041694,1.0676725188765195,0.5325378422187022,1.2936346351174857,0.41638303520610354
9395edc6.qasm,512,success,8.1534394,1.6647026908890583,0.6058914057676662,1.3831281697578037,0.3917213872516686,1.204531096089042,0.39162093763459754,1.2476003820513402,0.4486411590180186,1.3869061664245432,0.428157011930762,1.293488183825759,0.38504040375792603,0.9046037339005546,0.3513480610763546,1.048957510395936,0.34497830376875777,1.263117629028096,0.3386931681231405
93c78575.qasm,16,success,2.2330659,2.2489465991742636,9.777141309197651,2.248151653843087,12.08922258842729,2.2478398332737966,12.30005390052127,2.2489006207772118,11.484273002989703,2.2481236885564013,12.750832057267353,2.2474759350908555,8.140221858704122,2.253554751329525,10.445806556596835,2.2580356970215543,15.390310858754434,2.2496560663986687,10.742303478021665
93c78575.qasm,64,success,13.131851600000001,13.055482486088323,11.149786325314716,13.087260753568833,13.066005700361442,13.103796049991729,16.767542642748722,13.099680102728195,12.2578250638111,13.11298731933289,16.11854057690304,13.072290355719852,10.288708122997956,13.118756257409494,12.035188327105407,13.080395466738972,14.684170332152467,13.071020425360633,14.488539904040538
93c78575.qasm,512,success,575.9143289000002,543.6902128606392,181.94499102448924,545.0070878561862,235.8152585385748,533.7563555576742,213.14121326053478,542.8449739904601,219.72809928714852,540.8577190379964,358.69204220958034,545.7618218306118,184.67759706440583,545.7621804602068,242.6201307848154,546.5155430073329,403.1424851333306,547.0688554417358,260.7265122516306
9429600a.qasm,16,success,2.1292974,2.1128193220161573,9.091554528152814,2.112748732228139,11.658604128604827,2.115033537054994,12.00268408783201,2.117656652657596,11.163691244921171,2.112285182190051,11.011055034364574,2.114559070329486,7.839291183084844,2.114833652247231,9.485523657292289,2.1137110815477893,13.644860063403163,2.1137397054192424,10.390228436302388
9429600a.qasm,64,success,12.183755600000001,12.065313181489277,10.543857469361551,12.020606331703945,12.78267348832123,12.020171798162794,15.87381783544869,12.078163930507852,11.491461296074727,12.025641993653092,13.112212981147806,12.101720705092067,9.665406935034113,12.03291069659531,10.390870853433498,12.01178056806199,11.998645523489467,12.03570824970611,14.45309982824235
9429600a.qasm,512,success,496.7916787999999,494.58191633214943,172.11921286920594,494.6973440316025,213.32341613546188,495.6437497624863,193.03972765055727,496.4562058060753,186.48606222556572,495.5910735032741,267.9282951677003,495.34038593054936,156.31925795380315,494.986680566564,221.11423295970775,491.685068977455,347.68396422517475,492.73075920411486,236.91227319671646
94f4e26a.qasm,16,success,2.5668699,2.639353174368421,10.788959667413799,2.629447844577932,14.94455026222563,2.588265654395484,16.22184316365065,2.5998880474255697,14.542472579267653,2.614207309746632,13.91413031904793,2.6080113156121065,9.78854445354391,2.6255002768325557,11.501706716611842,2.6133069294941427,15.47678335814792,2.5999524197961046,13.48845735450426
94f4e26a.qasm,64,success,18.503752099999996,18.293123592554164,10.638113806995161,18.36031872158347,16.961652106692412,18.549893709946467,19.031834009946614,18.29790146426524,16.107743714044904,18.428409180688984,17.61133219795995,18.323123484480227,11.777843770265736,18.44509335901233,13.229264929349958,18.304577908047893,14.379582211640914,18.3598100928647,18.369886141171346
94f4e26a.qasm,512,success,704.7077987999999,712.8676934273448,169.06436842335646,695.8732931236043,263.6533670292644,699.7748215862163,205.69838065999792,696.4352898737352,203.14231764259537,710.5697132797071,248.51420293403487,682.9197077377307,127.11079500119932,705.9110389861396,154.81324548038134,696.2456719351646,302.24068980628766,701.6377115410703,240.13027754186948
950704f2.qasm,16,success,11.708849200000001,44.909109727545186,3.3306072388005687,47.384809448449346,3.8773588914728943,49.56204811664432,4.920670710965296,48.80605701959111,5.954059170509818,48.50724222946473,4.997143513598779,50.71516795791494,3.9202380144493914,51.39829386126668,6.201527856655595,52.955761121242126,7.276097605699917,47.85047669401611,4.49116425268886
950704f2.qasm,64,success,2.5663469,6.280230300699937,3.951407323516774,7.298164306362286,6.922886880409671,6.82928563128948,6.335730648422229,6.857271810807398,8.839115512118132,7.0577402424138755,8.345004363965668,7.357201533305736,7.061098313338099,6.648363184471179,4.904141029366654,6.689705378788138,6.455807265174447,7.211478523137721,9.942936958475531
950704f2.qasm,512,success,11.827260099999998,73.6050148042769,8.279251226335594,66.93613875362571,15.053238659692816,66.26750545492207,30.11452039864178,70.11165460143228,19.44284980273632,62.18848779760958,16.96150468719304,68.84158871640709,22.390875057560258,83.37287866276921,69.65413370255747,79.97151664474234,41.62316497998312,76.46282680725066,22.765836575469997
954ad251.qasm,16,success,0.19984290000000002,0.17924883781740197,0.30430661796450187,0.17948965370441858,0.25717182165129077,0.17894688989040772,0.2653420967055349,0.17876693238194355,0.27499573198706045,0.17893953793919273,0.2578346716139596,0.1791303514852631,0.2755339694696958,0.1808279897710812,0.24200099366251737,0.17939083385246785,0.22389733136946988,0.17966086362625697,0.24366944297527443
954ad251.qasm,64,success,0.17667839999999999,0.17314068308298355,0.37418400625201564,0.1751363538295148,0.30336309390202654,0.17423310959009566,0.31064357248423774,0.1758869518117956,0.32542047913365435,0.17492409497335132,0.3014680133466585,0.1748022664405714,0.3177107237170361,0.17407117311263945,0.28310111098121804,0.17316624576049863,0.26070224102219225,0.17572398553657415,0.2932663121057364
954ad251.qasm,512,success,0.18874259999999998,0.17466930739486722,0.40301662984064845,0.17520384243252535,0.28576345962983796,0.17488899484137582,0.29493346450724645,0.1745682898729081,0.2987194657486546,0.17525655429245302,0.2791814376881914,0.1746933111916076,0.3039169910871512,0.17500894620996665,0.2531152722902516,0.17467993190778874,0.23943818928228072,0.17667705875226838,0.25939060377288903
957c248b.qasm,16,success,0.1746251,2.5892348364586106,0.8243054660100334,3.067584813068854,0.8015456564708129,3.0103217628114485,0.9671329617949155,3.2992350385169127,0.8905614471809008,3.1538389532518294,0.7742121298096197,2.6694421715396963,0.7564421525136906,3.7866307664941603,1.1453151889437427,3.6408119440989903,1.153727151703073,2.8901999459056387,0.8819348581915202
957c248b.qasm,64,success,0.2911975,0.7354008044084211,0.9143840426560343,0.7179368277589744,1.0267177942361863,0.670837052327948,1.0591073419250931,0.6227501314313476,1.2092982140877178,0.6624044035824379,1.1461922054407443,0.6745217166687195,1.0198827393187644,0.6565487858539019,1.1670292339275166,0.6713248060965701,1.581092475030754,0.6471550742776441,1.0279348528074277
957c248b.qasm,512,success,0.1866839,2.8375582153230554,1.8121983003796178,4.071611552476277,5.677592515451714,3.8922494689209413,4.793233436870313,3.73735018299355,5.968800139813554,4.192999096362333,6.109704395301661,3.53074224162271,4.939631925676882,4.0051997270328155,5.439143580210084,4.446988767340787,11.553553705040425,3.7616846091656995,5.468411797549225
964382be.qasm,16,success,2.6285394,2.5786219055308655,10.788959667413799,2.5897270315097884,15.096356742042852,2.573571737095872,16.221288246274415,2.5678197288598428,14.49853102566103,2.559216122416896,13.847224250521654,2.5711790380631787,9.790890259517848,2.594472677532365,11.501706716611842,2.5695625309796677,15.494106116209482,2.580078482711379,13.48845735450426
964382be.qasm,64,success,18.324990700000004,18.53265789993665,10.662932395429237,18.421719502444624,17.182658537947912,18.651689664537113,19.123840164203834,18.516514648370023,15.983526667417435,18.420195217868383,17.52664814140324,18.391411575445275,11.700872080258844,18.39526121662521,13.229264929349958,18.363677522428713,14.395676901210077,18.434191881962725,18.30061030495031
964382be.qasm,512,success,696.1004410999997,674.8315560119248,169.06436842335646,680.1129557908669,261.19295403063103,686.3831735953413,203.53751351702232,674.0396562064334,209.72754869855922,683.1083870399177,255.91367854592514,673.5673099560323,126.21820362943072,678.0646323059914,154.81324548038134,676.8579031737742,302.5789798905203,679.5715037083033,240.13027754186948
965eb08c.qasm,16,success,1.6469743,1.6611647701332246,5.770781237386349,1.6662187863836813,7.7907052264426495,1.66119517621403,8.237740919169395,1.6639637595471237,7.400451314439868,1.6637468489775837,5.954748298389033,1.6600628458402886,5.554829405116315,1.6631989568838588,8.148310549261593,1.664557237113244,9.945749276077702,1.663365604627761,7.726342994602744
965eb08c.qasm,64,success,9.5513858,9.425901359796141,6.462376037488159,9.426001864027407,8.127576997077833,9.407871725823266,10.114652917083399,9.40772092799254,7.430688750231804,9.403807526944796,6.534658821207304,9.410202957544971,6.190572086868497,9.398642943886784,8.438094428677552,9.386740399139562,8.801619554283572,9.40859687178063,10.027060986098512
965eb08c.qasm,512,success,354.3248175000001,345.8529656539809,94.90014370155912,345.410048623746,122.99596902623259,344.73814406729804,110.66661600392962,344.2040014562492,82.98790867516009,344.8374694012452,100.30588047152905,343.5358320615635,78.34320680169421,344.5961998014228,134.8024885493047,344.87018710879823,186.68913157144368,345.3351221761777,128.06082327005439
96876fa5.qasm,16,success,8.5948081,23.108094191359363,17.55584764578182,14.16972360348134,16.127240056432154,15.945478259126972,17.49561547325921,17.383288388585203,19.15934517563165,17.21123404147981,20.56726004170914,21.4155615257809,17.461502368410105,19.30374665339552,17.061036544300347,19.91884222625864,12.447910319694262,14.673828341311637,12.4760943648932
96876fa5.qasm,64,success,0.9619184,8.447967587752535,11.58139747755583,8.815283202643448,13.664267543529588,8.704819532850331,12.456494306759188,6.778875577991718,13.730637194233667,7.932369144354477,15.11331794144834,9.130042224735432,13.39824382749677,7.671348734076304,12.33468096930007,10.38974599443294,9.740992158648385,8.921001413237073,9.175404885222008
96876fa5.qasm,512,success,7.9138945,30.26429474922256,76.34533883491987,27.026462834952078,55.8459372905924,28.763840593569746,58.21559796395689,35.16945273645835,66.03538060100387,30.608586525389068,59.40442990929364,30.584050758237943,47.71643008453025,6.806380647315522,29.100331927856026,8.8980055413579,27.233470840708907,34.38541283278857,31.529937976047275
96f82da7.qasm,16,success,0.17470950000000002,1.4004598368164596,29.96574662481212,0.9053481847703472,17.93015835618263,0.8273057242364438,13.79113477882024,0.7051120360824863,19.464768902234166,0.9517368302667096,14.218299191390978,1.4998694347429637,20.774130329361004,0.5001829655881155,21.942194935023846,0.43836368008042226,17.23087185156421,0.4261829172374393,19.870329916191366
96f82da7.qasm,64,success,2.1292088,5.109865859699522,22.27978151400568,3.444500182155944,17.117796915647137,2.6910186746530473,13.573939392585194,2.8459878791527338,16.022660334340888,2.6945468155269223,13.907114387705631,4.2394466674580915,16.664873610230618,2.669063691997343,22.178954005850464,2.479499727020001,15.721175295563347,1.879378514222901,16.133252599313092
96f82da7.qasm,512,success,0.1789396,10.640088685516973,62.600496876614116,1.4971628717320364,40.94522394059758,1.11476977860556,30.371811720797403,1.259307965836024,37.039824738500016,1.446381850194031,32.4799718283154,2.3660285228976767,31.481040233833646,0.7080641931179601,25.823047233851934,0.48682786070710843,21.964420675775123,0.5440037361675337,30.398683945312552
981d8651.qasm,16,success,0.17745339999999998,0.17590765041547168,3.940783092522741,0.17658386489602282,4.5509049476140495,0.17714597816774091,3.110680237695104,0.1773022186576482,3.9579550040947407,0.1776123877285867,4.824216806183644,0.1784056600953306,4.825518619534957,0.17586032384238026,5.687271753476273,0.17619521152021878,4.81182398170895,0.17636116573319832,5.514576469065929
981d8651.qasm,64,success,4.6828124,4.699448561820147,8.026292713102347,4.737926693793196,7.96004400952771,4.749436396921579,5.584916100819879,4.725457252825718,5.805263935008219,4.664048279958983,7.144557068445824,4.673116905290128,7.217979585086016,4.7021882917528,8.9442899289031,4.593220205154341,6.437943344086573,4.5534838345035356,7.670632178268723
981d8651.qasm,512,success,0.17061470000000004,0.1780436891293994,10.941741592784295,0.1784974881730705,10.241537245793335,0.17699471608096673,6.704127802680011,0.17629406813636972,7.5329967869477565,0.17654637439808168,7.705512660264134,0.17862871077953776,8.656557445332439,0.17536600650072642,8.112718684642068,0.17519825875039466,6.441420628157408,0.17687520580374042,8.31729941914574
9a442b56.qasm,16,success,9.1980982,6.769255998203586,5.518303335666987,5.62847903371663,7.211198617672969,6.079976857132675,5.401171380146003,6.392190225531649,4.986936135290132,5.320207925006194,4.866761986655702,5.573658309632964,4.88401382079174,7.554753241143021,6.00889719080626,5.979648568073271,5.683237098039351,5.848425132852536,4.684152792470573
9a442b56.qasm,64,success,1.1185776,0.36139002923093744,4.214028364474195,0.3823450811025314,5.0238673064914,0.44740719348359553,4.844016146890701,0.42344281117131194,3.6869094735952364,0.3907721958686621,5.048040239162442,0.3715963570655434,4.92937779475179,0.45655790049250244,4.317704763823682,0.429439141917064,3.979211983484014,0.3353812883933997,4.5916918010452665
9c6b6510.qasm,16,success,0.2886272,0.8118661625781687,32.80920558259818,0.8227408151733691,14.724006168773514,0.8748600810687145,16.857180610097622,1.3041211498625,23.370151503124607,0.9555186095245269,16.183762391998087,0.8892400844182029,18.91608326337598,1.4218165884048326,38.94612825562648,1.0275180572483353,22.907011824544863,0.9591142273333956,19.82337137248994
9c6b6510.qasm,64,success,2.4669897,3.210067542743342,16.775599880367487,1.91833268483483,16.473894871165726,2.085259421559774,16.952419335284638,2.4781180569309016,17.639071873295727,2.0648323372428767,21.24916459525465,2.159462319883532,22.489125168575846,2.9920410645757025,21.543647911062774,2.336888466554466,18.141674575385746,2.170903334153263,15.821175384745455
9c6b6510.qasm,512,success,0.2779434,2.334219803642975,300.0410518314774,1.8329707533641322,343.7437078300274,1.71272674207327,264.43318563693293,2.4344473643122875,307.81527578672603,1.5097505971050669,282.4993607096012,2.213924727876455,317.98419792239827,2.086829838398179,227.0315722657643,2.103535738924772,250.0282253474128,1.5459918439249065,316.58905720968846
9ccf974e.qasm,16,success,0.3430253,0.2485200459355984,0.24171803819512105,0.259512376785052,0.2116864154326196,0.2563525146229091,0.22329150188066468,0.23355110944603444,0.22389387467851238,0.2461885659202454,0.21728730398491436,0.241821888072028,0.22281881407410128,0.2726739928913474,0.21755338244803774,0.2598701477941665,0.2296985225388824,0.25241155331780013,0.21562578452787387
9ccf974e.qasm,64,success,0.17092409999999997,0.2256251787569263,0.25983555065948294,0.2370871454916151,0.2400336912017552,0.22766297527165935,0.24243221701711465,0.2187298464050308,0.2588346076362699,0.2215818747552077,0.24072412720629405,0.22434776538827908,0.24786465824508278,0.21302763350656098,0.24410903450040145,0.21044531099091734,0.2505345529231725,0.2288030404384305,0.24657364819783142
9d76010e.qasm,16,success,0.1707674,0.17857821647778324,2.1654785444254627,0.18201777877388972,2.153660191368739,0.18200920718849362,1.6723687796302067,0.18086002333478915,2.1439559729857667,0.1827505457270902,1.9584455956306102,0.17993171166024063,2.1744846475831485,0.17981838189038266,2.0048887997639366,0.17905930019027508,2.208329189661778,0.1809925080220139,2.626944932096391
9d76010e.qasm,64,success,3.0336689,2.4696053504758955,4.326919090620312,2.4928324419169763,3.9028238196569283,2.4785570760040776,3.264094997271189,2.501737680198404,3.217619583228346,2.437404615754316,3.3595658244190836,2.5158656397437484,3.4044859426795315,2.4759061120826042,3.846215071425011,2.4480470049530645,3.1808164937192895,2.502971462204065,3.778369738790942
9d76010e.qasm,512,success,0.1692022,0.18048467157297696,5.473871787404248,0.18240867879821027,4.56029094854402,0.18074756529418184,3.141709400593762,0.1758051404751818,3.5713283720492286,0.18021098190936582,3.5166644458111573,0.17522692150858415,3.7551121993982495,0.17765850530954871,2.8380289967642716,0.17817697781471623,3.0696182901590796,0.1800359074089365,4.168351539885104
9d7cbc78.qasm,16,success,0.4762271,0.46984175149019947,0.6501570180117734,0.4772139782959129,0.8666989581218566,0.4746064087140579,0.7202767301993988,0.47396991474421274,0.7110340358195363,0.48009728823944947,0.7423951564408311,0.4799044111834013,0.6195708835511172,0.485674815737908,0.9994515435493152,0.48410635075623676,0.9494324207054077,0.47860003593391437,0.6259127277425645
9d7cbc78.qasm,64,success,0.3512017,0.3487719179008498,0.6576770240843086,0.34755725597123605,0.9717778056580686,0.34611533405057787,0.9341399489493737,0.3486704562313805,0.89511980805492,0.34597567509964333,0.9143096197963446,0.3436230034488859,0.805735931876641,0.3409868789308498,0.8058278910875273,0.34090761841479134,0.7512382645925952,0.34405988882791727,0.7751148227632866
9d7cbc78.qasm,512,success,0.3497272,0.3403287573362325,1.6804119256052072,0.34288953029790986,2.733075850833255,0.34219813230482626,1.7530949014644335,0.34185524499083797,2.0382811450014695,0.3412709289874077,2.1480929603237993,0.34164898926218296,1.465900969039329,0.3424390214695095,0.9091756491799208,0.34307091235135506,1.0398087687908364,0.3407805843019137,1.532834605894418
9d7e60b6.qasm,16,success,0.18949259999999998,0.19470449232263404,15.770382417514318,0.20290468490276053,13.292824074181866,0.19010776855900566,9.436569299119403,0.19384532998026233,15.563227844661668,0.20894039699058564,13.917913653977033,0.23087700007552855,13.278626336770898,0.18814597432393915,15.906418145421556,0.1941746459610097,12.710647684401312,0.20686220769723598,13.653022814657767
9d7e60b6.qasm,64,success,2.0476432,2.0244972600004694,15.441190449531177,1.8106969779616175,12.43832206383447,1.7743603241046662,9.751273540857603,1.9233241848375924,13.629385408663675,1.7395231598037766,12.261059243112006,1.9145371076464694,10.660394391733373,1.8226068380484797,16.220440312913983,1.6232973166414442,12.168921400898212,1.7826772858049706,11.862671395685654
9d7e60b6.qasm,512,success,0.17087999999999998,0.19964453176981106,90.73813887120966,0.20251641611275156,38.325173767509405,0.18476800699983412,33.18660877124025,0.19257622307109531,37.14901242289593,0.21069230924316393,35.13473391506364,0.23450795287488527,33.06750310527286,0.19030919272555208,18.263458868810673,0.19005764593793106,14.446602846799966,0.19931448924533413,26.37413790873979
9e3be92a.qasm,16,success,90.3924556,10.891596911508117,3.3306072388005687,10.964763387142527,3.8773588914728943,10.61222728645876,4.920670710965296,10.640145188663034,5.954059170509818,10.703319700314644,4.997143513598779,10.885807671871799,3.9202380144493914,11.293617159011118,6.201527856655595,11.918218823193548,7.276097605699917,10.554344647988746,4.49116425268886
9e3be92a.qasm,64,success,5.0076162,2.748647399346575,3.951407323516774,2.8587502434990415,6.922886880409671,2.8977069166212757,6.335730648422229,2.7831151568705237,8.839115512118132,2.8793578343647774,8.345004363965668,2.891316409832174,7.061098313338099,2.947235950388743,4.904141029366654,2.9254997585126046,6.455807265174447,3.1126101290759713,9.942936958475531
9e3be92a.qasm,512,success,90.08668939999998,13.735273361456105,8.279251226335594,14.51979688416052,15.053238659692816,13.684274650572275,30.11452039864178,13.496981376962232,19.44284980273632,12.949658486763575,16.96150468719304,12.637132017983916,22.390875057560258,16.118077152844428,69.65413370255747,14.69450921610516,41.62316497998312,13.618077206605863,22.765836575469997
9ea3bed5.qasm,16,success,3.9805098,3.7006217982159963,3.495330946499101,4.184573763121216,3.7441406157012738,4.305585752210172,3.453154429976457,3.8528919136151325,4.3920659077255815,3.9666908112001305,5.404649519211856,3.969032192615505,4.0930964837401085,4.595320410462775,5.796567210317592,4.011674475440743,6.975587780173102,4.180191301867749,5.285481775134487
9ea3bed5.qasm,64,success,3.8935624,3.5588299357438924,3.416475594916604,3.987972459014801,3.614026066435854,4.0659466158234165,3.3763548286738856,3.7785334187239945,4.230233697570613,3.89542067831414,5.062477553871386,3.8371945744653533,3.8489247332943686,4.527299421345694,5.782780427376297,3.9691853689378034,6.890259664953722,4.0214064527566125,4.939213101945968
9ea3bed5.qasm,512,success,3.9776184000000003,4.32214441668948,3.5651958784406523,4.203198205790291,3.5844541327860675,4.126454843069667,3.3445445331471646,3.8474513263134056,4.250664289148045,4.1132760646858335,5.116186622985861,4.20445440501483,3.927343162561779,4.657723194572155,5.875694406993314,4.011503236666408,7.103742027715005,4.000562235052506,4.916502856612967
9f744e04.qasm,16,success,52.217373299999984,43.01296435834202,11.670985532074585,31.09195016245123,8.661108689392186,28.42676966862183,9.101950226306062,32.217441677986365,8.564766409396102,33.71212890547451,10.176296356324563,26.763164823031886,9.251374558522416,26.37810256634355,9.407530937365078,29.882016921526066,7.077911559705464,30.46702236401478,10.831278158644633
9f744e04.qasm,64,success,104.66313360000004,37.38591588995952,2.6745660984946555,34.80958035713999,4.432147922144904,37.85377551892024,4.02189972000907,39.123770864389414,4.034286524277596,36.29818239540756,4.083919205940168,38.13581182343988,5.5979481544788126,20.311923635602724,2.1801352936672154,27.15600185491182,3.7680438479689022,33.77222668131623,3.323737645136408
9f744e04.qasm,512,success,4128.416998699998,1641.897951136949,343.21205355477747,1558.4703286020194,321.9170760946806,1841.8408460535484,395.6769697481223,1978.1446179499085,276.53922397464765,1858.144313045308,287.3531776455074,1322.7115198265208,257.7001852473565,2155.4636929645276,328.06174081196497,1754.2999471021965,327.99314807981193,1716.399791261205,315.82366625599883
a0a79499.qasm,16,success,1.8720441,0.23897448061370952,0.29135653834942055,0.25932398630405123,0.3040958083064641,0.28200764142771606,0.2831301578908822,0.2780946834350942,0.2928726373307936,0.2578030002318657,0.2846736126590653,0.2405354452350748,0.2892164837929205,0.4882223056615661,0.3720787486154195,0.4108780847304144,0.33372213919702,0.24139289158414645,0.2636524987874113
a0a79499.qasm,64,success,0.7155789,0.31060228412172125,0.3499160973137962,0.39102257240033206,0.35416751043463185,0.488858748166765,0.3533420724557294,0.4183499383775719,0.36479194513659824,0.40185265823626987,0.348307713009932,0.3711939969255755,0.3447592711898127,0.3690399476157937,0.3870129804289007,0.4509547403404717,0.3638687463550254,0.34668569530112403,0.31944740446068065
a0a79499.qasm,512,success,1.9413185,0.2711723483243097,0.2967436108699237,0.6309815514172121,0.38194946761088755,0.6642270533076775,0.3963408902201363,0.7128033316872472,0.4668655392860954,0.6762574743346392,0.38249196957957043,0.6280084384944093,0.3795233162580975,0.2885521894093175,0.31649137029899116,0.5117051443490711,0.377419302611626,0.6085046433455571,0.3915632844964869
a0b53b67.qasm,16,success,0.17763,0.9794569834563993,3.785013368870673,0.5795189282250711,3.2906141088415053,0.6033848456268092,2.3955923337008187,0.4878194955650396,3.223110932892072,0.5650076569806071,2.9415610461656287,0.695109362091163,2.9815950312009853,0.29620847619998875,2.8852991907160432,0.2806708200178904,2.799557404741855,0.4279035490101716,2.9777766753781494
a0b53b67.qasm,64,success,0.5182719,2.568564356487566,4.278339019218391,1.5399846183824,3.573655182717066,1.6401353112750308,2.836290224384874,1.3701108091144634,3.552454575318157,1.381915315791326,3.4588736804401936,1.5488890751591078,3.4352182070992328,1.0395012638082786,3.3271680011861844,1.280978495973787,2.8894543627125473,1.710097623329686,3.2972634935294174
a169a3ba.qasm,16,success,1.6347612,1.6518587447208741,6.40957717699189,1.6315812748837297,8.487391105307607,1.6319449056174096,8.25113078600832,1.6504167150475844,7.25126394771368,1.6409908525332073,6.246159733897042,1.6457202187389512,6.202892813014435,1.635420122901241,6.6396704960491215,1.645651840855209,10.829966832865834,1.6450670836252037,7.224752379403551
a169a3ba.qasm,64,success,8.898883499999998,8.975239783102046,8.45864795091505,8.96898558374605,11.155993534814591,8.916008526867671,11.638809185384465,8.986792231852931,9.18231408573083,8.986148716206163,8.343414987611357,8.904652898852818,8.316891870750727,8.927391644523405,8.547617404849506,9.017186050876877,10.079773314690424,8.958759504304211,9.591463591691058
a169a3ba.qasm,512,success,330.86148350000013,341.23807866077414,105.61480701950794,342.86579488554787,190.93761282377815,342.00015339358555,118.28930436360211,341.57047822197654,106.84688681558535,337.26725287642154,143.90441447331793,343.04197195245223,112.22474980666452,344.052857670165,149.24575700271072,340.13568432098015,241.94088986388408,339.24981132928247,160.04594575371016
a1b3d3aa.qasm,16,success,2.1666266,1.2412584937436961,1.4858942840295977,1.173400176152164,1.4665477186253888,1.3046731105281681,1.4173167461113678,1.3686205399580174,1.3811514329152905,1.3574207557243363,1.2929420634414597,1.3734852127254522,1.2722238891267297,1.604854937340762,1.4898817938295024,1.979625066014064,1.5550851023042318,1.3746859684971766,1.3743402560138058
a1b3d3aa.qasm,64,success,6.827168100000001,1.954605224633974,1.943003626614292,1.81270382759303,1.7590231515663417,1.7253528137237475,1.858328356543581,1.936484446362919,1.6478141185655648,2.055422387858197,1.5942643806816486,1.6724214737893481,1.6743373891656501,2.2546253426956158,1.8412655337165498,2.448185013846318,1.7190806230735467,2.1281487898038365,1.8905442597750637
a1b3d3aa.qasm,512,success,212.50459400000003,9.172064902285081,9.378067123946408,18.128246507466464,20.882623319747182,14.161622991020737,14.253509523545162,17.898695618860824,15.149510845037579,18.092790596134755,16.340834468338908,18.522339515394872,18.134540375632938,30.617558261285954,14.48195667252111,28.81697579590401,27.620688037938976,25.45770230026756,17.573536710369726
a1bc8d56.qasm,16,success,1.0850003,1.0669071682033886,2.1612360886093844,1.0657047582108587,2.1608486711960255,1.0802135881490045,2.0284997346295377,1.0720294895741098,1.6847885736293846,1.0735695984277083,1.8916675171675132,1.0802532656771304,1.4496102485966973,1.0781894647239365,2.59243302951598,1.0745411467373565,2.864437324289435,1.075676852108298,1.6344139220632508
a1bc8d56.qasm,64,success,2.2916824,2.264361444307038,2.9709025229757144,2.28918933206145,2.9702867202739105,2.2832714245300747,3.0650630496413447,2.2819343183905945,2.43970522175726,2.263873000092176,2.404069407575559,2.258716844833969,2.1927893296047376,2.2499406555973014,3.3498241212729556,2.283713994965774,2.66224629121522,2.2610915575896895,2.2946850296256285
a1bc8d56.qasm,512,success,23.992057699999997,23.078831572296803,18.536049865107888,22.480700060495764,33.80080956834179,22.5418727359984,20.1156386220579,22.908306629253087,15.052339008064026,23.21327321099953,20.364495881646764,22.94507748882702,18.904030133563584,22.731417760385416,17.254280083577125,23.363133971049407,30.336471476620396,23.00262357362535,16.76359357079801
a3cb01ca.qasm,16,success,1.2192321,1.2017563138832965,2.971236164857052,1.2008192030166671,3.269624806514312,1.2144826853355013,3.117327441217808,1.2032058040144284,2.411341224431302,1.2142458296117289,2.910866597613865,1.21016606940998,1.8951967123681444,1.2155348150184073,3.666311278944104,1.2000206767056008,3.5338853411552527,1.1933209571061993,2.4530389035720437
a3cb01ca.qasm,64,success,3.4253563,3.377719742546935,4.19793153907616,3.42776189516319,4.419375200617083,3.4113880976736217,4.64854190626976,3.3796026870826585,3.651879113678708,3.3889309194756074,3.705477505736668,3.375775749228834,2.8891580757495348,3.436631079406769,5.020275014529135,3.327597713531278,4.5822903732573135,3.4209598613606076,3.8908989676892674
a3cb01ca.qasm,512,success,72.2422423,70.91929265089658,30.808350709449822,70.91874081366515,58.99806369604487,69.19495240581817,31.467717870518488,70.98578864080986,33.15748382633077,71.85351322114538,41.12645189371889,71.55084429930818,27.697437165111612,71.29322983409466,51.473931225063836,70.79313416538687,71.61770234083028,70.9100564447665,29.902182973636542
a409aaa1.qasm,16,success,2.5722586,1.7127282678842022,1.3781830318567834,2.0094473518669176,1.1468869640816932,1.6797047075774658,1.223586013061314,2.1136676403303416,0.9790855120340723,1.440883008309601,1.3099121939493952,1.3403985456448908,1.0911365167295288,2.8152692555861747,1.3077927232685482,2.6215456903928467,1.6212902467437666,1.703373020465772,1.0182387932992747
a409aaa1.qasm,64,success,6.2227107,3.28434213503959,2.644450403559616,4.056116692691086,2.5277510894194193,3.518957340050007,2.327961890164926,4.069799947264407,2.327613659082151,4.237810279055193,2.49104254856037,3.640562982368608,2.135853930543117,3.9705448359459963,2.5134217067282187,3.930002618099109,2.585539216861294,3.529153520565434,2.380810826847631
a409aaa1.qasm,512,success,194.3047202,7.319434428690665,7.812147452354101,46.06006274508655,6.315832658842453,35.63394936203236,4.744276211222555,45.85039462276954,4.5163622244194395,47.84737872241735,5.555764228185661,43.74242252677032,5.049831949521282,101.6205961140682,13.773438769412243,97.44843832721067,13.413587099021962,47.8155302084818,5.724593427008151
a440a477.qasm,16,success,16.169895400000005,4.3699724586608975,0.4184882473770567,4.693794478700001,0.335381620280931,4.8189262055625575,0.37650582219943973,4.329911695199143,0.35972818584770316,4.69309101544887,0.3358854364875175,4.754689417669051,0.36149665109986245,3.557699004547496,0.5367413060969244,4.258584019512758,0.6527159089500078,3.9884989266303394,0.3191183656655774
a440a477.qasm,64,success,6.606882699999999,4.543347174553773,0.6347271537572236,4.201325127261313,0.595127112017118,4.470764800739585,0.5927675376248808,4.203319413908524,0.6364352082207986,4.180110392229331,0.5509028223670965,4.746819782248908,0.5621258776607952,3.3595279827594213,0.5946451249381282,4.137115477467152,0.659112325956079,3.709478669640188,0.600266481044867
a440a477.qasm,512,success,16.634451100000003,5.24147403480792,1.2424397235184648,5.621120329664216,1.606863371788625,5.785470905701441,2.24232762936705,5.777295536917567,2.3878507468496553,5.032782878593245,2.155329992875228,5.813079003998059,1.9301658404129547,7.45981138865244,7.532417351428288,8.953811626856522,9.948647377744198,5.617936761427872,2.2307038126065706
a44fdc9f.qasm,16,success,0.1848667,0.19015633004281243,3.230382574554365,0.1808526467236675,3.430617121602666,0.18165138862729177,3.4502631347806694,0.18251587306543446,3.8814043605987605,0.1873477284272639,4.346090732572936,0.18506214726782336,4.412188387018711,0.17988641382038673,3.662239158431976,0.18543232461514783,4.100689106321499,0.1859303013689732,4.466576954991451
a44fdc9f.qasm,64,success,1.0295765,1.0025114168348543,4.123529813748342,1.0187281803946184,4.497816967344442,1.0016729916170612,4.304171385161367,1.037030126309265,4.90410405582623,0.9985231350383662,5.330865055740833,1.0323072317829485,4.604862501952416,1.003967847931583,4.597646321774707,0.9720890089090193,5.017679172323726,1.0052173735972108,4.966056565808764
a44fdc9f.qasm,512,success,0.17738700000000002,0.1935458549951857,41.56299076894326,0.17654053527334768,21.02829084049791,0.17655983979829248,17.554877058536427,0.17574232423875102,18.32401590587135,0.17915557599448217,15.741233550693094,0.18047977772510876,19.629777155106616,0.17900304698950537,8.195214879775897,0.17867463563060257,8.207919622845244,0.17724106524933833,15.999903211677772
a4f95806.qasm,16,success,0.16642549999999998,0.2140052926300181,0.24799165661539038,0.21585779388955686,0.24101496502789274,0.20398301903606686,0.2377931734707848,0.2093686229118031,0.2278716596891841,0.20590746862027445,0.2551603528173989,0.21631232043988732,0.23453861478050966,0.20434142758689436,0.22208572578073216,0.20488356536939448,0.20970192164807916,0.2053757079035638,0.24316617985560662
a4f95806.qasm,64,success,0.6707554,0.5642904270296004,0.5321155661805348,0.5230744808968013,0.4857899604947075,0.520341729056762,0.4652435001004169,0.5423623699171243,0.45112578021174454,0.5493671844947615,0.5136464211710898,0.511850700074803,0.46280420454599086,0.5182402094569148,0.4264673222589503,0.4705045253581563,0.4156061030877902,0.5024094064162861,0.5023570058115551
a4f95806.qasm,512,success,0.17320600000000003,0.22280318748306777,0.2661283091461721,0.223149524096865,0.24871317665396786,0.2118502403137311,0.24282611455157432,0.21400984760112945,0.2490500843788105,0.20922403878825344,0.2506107859306488,0.22083668303904455,0.2410425759448253,0.21585196089054495,0.25296646547277474,0.20606240525054026,0.24204356632446652,0.20946718222399124,0.2726342883633655
a75c691c.qasm,16,success,2.0765425,2.0145713384602413,1.449287978530113,2.122237498202238,1.7541882804182354,2.078287480058196,1.733277442560796,2.132585344086406,1.623510742990295,2.13754065732257,1.4561894519344614,2.0891061062355085,1.1620661138983117,2.1219199753234212,2.203600082597178,2.1372582321900824,2.311259668137451,2.0883527775985793,1.546681825742471
a75c691c.qasm,64,success,0.166108,0.1855554473070641,1.604823293615506,0.18582421646805491,1.9336622554447516,0.18542079999393998,1.8735923136853672,0.18488905964977959,1.8417373528054068,0.1866478553821344,1.8835867043040606,0.18522465769843044,1.5075149484938433,0.18291214526045496,2.020150491997131,0.18095347515199395,2.1453891870398936,0.18756792664483732,2.031243456746944
a8818670.qasm,16,success,0.1796637,0.19244747210892274,0.20466940012636403,0.19961053717109467,0.20680042410884367,0.18882265354011235,0.2026094477592544,0.19804429816707253,0.2080530694865161,0.18874345428990566,0.21132580455211192,0.19166185799372704,0.19744948147971494,0.18708840387605366,0.20651812048117593,0.19967144184102073,0.2079743057234786,0.193624887816036,0.21217547888085503
a8818670.qasm,64,success,1.156165,0.9010556854297859,0.6302120235739967,0.8973060867073439,0.683199102952143,0.913245425465606,0.6879911415313209,0.8926300842615783,0.68795376405587,0.9698780490389955,0.6883836288973301,0.9225853476169336,0.6355596865027876,0.9045969893100023,0.6650457668406976,0.9157001358030984,0.6988091468825193,0.9412754141728994,0.6722536789268279
a8818670.qasm,512,success,0.18732309999999996,0.247534382505833,0.20582427126934638,0.25680548851002827,0.2059033130988748,0.25140083534308016,0.20582314848436986,0.25295556206093317,0.21182194312392902,0.2630630482870885,0.21736797077498365,0.2414830946727413,0.2033140347166298,0.24016327857081213,0.2069375874383983,0.25326504557636925,0.21038723243106927,0.23060761121148748,0.20723195638920205
a8b40b61.qasm,16,success,1.6559996,1.6509530366390297,5.820529586085418,1.6547941119607943,7.7907052264426495,1.6436617660120931,8.237740919169395,1.654745980719372,7.400451314439868,1.6493189082673834,5.968405687244369,1.6530735186340018,5.566188330783674,1.6378686186971203,8.148310549261593,1.6535379351208206,9.906535959907982,1.6472984397603165,7.726342994602744
a8b40b61.qasm,64,success,9.471062,9.429354632225818,6.518086438439535,9.437977886716704,8.127576997077833,9.476408820246396,10.114652917083399,9.420198975026379,7.430688750231804,9.460641170277565,6.534658821207304,9.418827331211807,6.190572086868497,9.451853701297221,8.438094428677552,9.452267144388143,8.801619554283572,9.46619320287622,10.027060986098512
a8b40b61.qasm,512,success,344.19865939999994,348.31082024178306,94.90014370155912,350.614992824969,122.78601097503925,346.02061871897376,110.66661600392962,350.49262998942834,82.98790867516009,350.7629913769533,100.30588047152905,347.24722674989755,78.00606879420866,352.2481826242445,134.8024885493047,350.14912882345357,186.68913157144368,347.7452407888622,128.06082327005439
a8dfab96.qasm,16,success,1.0960489,1.079027704464942,2.4375608544709095,1.0954565635821005,2.4456424956682317,1.0863013759116391,2.3018495384903357,1.0955111175258112,2.0794448282059657,1.090751395860911,2.2970659902489414,1.081947058637188,1.7910792023577122,1.088782528999058,3.210931975002983,1.088139145376142,3.114976114220173,1.0917528933350034,1.7575301925117224
a8dfab96.qasm,64,success,2.5684272,2.542321591272864,3.36656034558247,2.579893172821206,3.4006582047756257,2.536063350906723,3.4702690330366974,2.5377521550734263,2.9301233561706908,2.5643502422606663,2.8500370700502167,2.5430997929152586,2.445470018704496,2.518363251277138,4.1176727581029855,2.5690187592798983,2.962818035184944,2.5666287911052135,2.54534754717116
a8dfab96.qasm,512,success,34.62364469999999,34.38597592029153,24.928910238021857,34.938966178987705,42.280228054207804,34.827505855135676,22.508369796357325,34.72220235965953,23.941969543896313,34.882195191592935,26.70055848686601,35.062669927567995,21.94696280776361,33.789231487178576,30.888737053628468,34.79927996896709,53.39428431437392,34.372524540038796,18.455231362872073
a9091180.qasm,16,success,2.1176052,2.1134934747401513,9.091554528152814,2.1141309471891105,11.658604128604827,2.1140491132307493,12.00268408783201,2.1170683937527732,11.163691244921171,2.1124489066657595,11.12494023258814,2.114906808370571,7.839291183084844,2.1131803986145337,9.485523657292289,2.1141302986026256,13.644860063403163,2.1128217685307535,10.390228436302388
a9091180.qasm,64,success,12.155388299999998,12.149908261198657,10.543857469361551,12.1713338460493,12.78267348832123,12.123525366415846,15.87381783544869,12.162932287872088,11.491461296074727,12.157349186486329,13.286197211765463,12.132765223751168,9.665406935034113,12.1644679323038,10.390870853433498,12.16287579816187,11.998645523489467,12.12340518583558,14.45309982824235
a9091180.qasm,512,success,497.33829909999974,494.65919093619726,172.11921286920594,494.5693195198109,213.32341613546188,495.64866729875945,193.03972765055727,496.4318047850368,186.48606222556572,495.4233565500417,267.9282951677003,495.3787730471199,156.31925795380315,494.8975770106199,221.11423295970775,491.12937162127207,347.68396422517475,494.8892939555703,236.91227319671646
aa41f5f1.qasm,16,success,2.0768734,2.0689884807895207,7.972867349593385,2.0678186886516143,10.178208953722224,2.068623310931105,11.621830639544944,2.06917252752915,9.929380717810007,2.0681593865921495,9.380782589853002,2.0672677555930448,6.366055496417035,2.069935606739557,9.206916419105017,2.0683075066321175,12.80158951141722,2.0680050167253965,9.840014420787075
aa41f5f1.qasm,64,success,12.550837200000002,12.39622423800859,9.05255545239681,12.255824831412768,11.273765439093,12.39276887456504,14.192023713658362,12.409280192880228,10.612621493900203,12.342037951073703,11.424344162211419,12.266748984023653,8.063715609428336,12.215855372598739,10.400853884117051,12.24658624291275,11.740923225507705,12.41560577326527,13.048743620369311
aa41f5f1.qasm,512,success,497.82790249999994,506.7224354734825,139.18676213161896,506.0563338334594,194.98380354344366,507.1525674035221,186.39363509494495,507.4355768986648,151.41223440275934,505.4663466546446,203.70499839009116,507.1167953217919,119.7114171117543,505.5783039244737,192.1532285257577,505.0551337094826,308.6506929751864,507.30225290767146,203.3419595564413
aac529b2.qasm,16,success,1231.2409277000006,57.935441440917934,42.92545987932697,77.36475161849881,70.49646371745285,53.431168548567214,55.20774830927113,52.662838437893114,62.74924176270279,63.16534002058926,78.86620360934734,65.5827913252859,53.668519054909616,77.50326672773595,72.499068682488,60.387669602350186,86.73726292541545,88.29881231741982,58.69472383011342
aac529b2.qasm,64,success,49.33276260000001,47.42024640780708,30.162960150676017,124.75243984360219,68.34536078313107,99.06108404569372,77.05021470044522,115.61545873269849,74.73853278213151,120.8414971258017,86.19055051028248,136.5587035468496,78.821004894703,71.88013345142092,48.33945997642169,76.70917752184761,86.08014363671774,157.02685198453145,90.01918451588242
aac529b2.qasm,512,success,4142.797545899999,2315.950536200092,2117.5609455456474,2499.554585750988,2538.1865835402605,2557.3275226350474,3803.4685347169084,2836.4940951420504,3682.418690630963,2837.1611117956063,4577.557772967151,3524.8606601152665,4155.811144341791,4169.800361516871,2956.7359560209866,4886.968609420762,3957.830608341739,3389.938229658577,2866.3460780176147
aaf05f5c.qasm,16,success,1.1518439,1.1024125472955322,3.99130400658782,1.1034984072246714,4.0940527421934805,1.1162688302866117,3.887588421950355,1.1209255516213774,3.656332006027209,1.117580660207896,4.183904711619194,1.1146038516712922,2.5835685122460865,1.1120549478838582,4.910291894860457,1.109575732733978,5.623732218638552,1.106538798767514,3.463883732400456
aaf05f5c.qasm,64,success,5.0934963,5.110318881615477,5.416780586304916,5.139534522959913,5.43323083296857,5.064826817691325,5.664718375645665,5.089355713247083,5.199913601513962,5.080759900924109,4.8921339052725905,5.110124092673137,3.7589503982139707,5.0962648338032785,6.299603830261055,5.053627593387225,5.956913528867572,5.110136305477662,5.34033392548099
aaf05f5c.qasm,512,success,144.77378309999997,145.334158638009,57.58899162688997,144.5999777386784,79.0203611934544,146.96515289282226,45.903903826639024,146.93949771235626,54.575125267208236,145.39372180555463,58.78375581725056,147.2463817609256,38.40895634420696,145.23523386894752,76.26663224686233,146.8357666308344,121.8531269034766,145.93387469989943,46.607924775976535
ab65fd24.qasm,16,success,2.6866797,2.717782787462808,13.520397007175,2.674506117599412,16.57648896469702,2.666031028194429,18.387285178539734,2.676076520402527,17.578628875596163,2.6704431980465113,18.06143901229825,2.678750943215612,12.443883514882875,2.6612879287255575,13.883795736205014,2.660431349445385,17.152173531352503,2.6726345106762754,15.53289613744051
ab65fd24.qasm,64,success,21.016287900000002,21.264617982831226,14.149019948085469,21.28147796872687,20.186077713800845,21.090777371962854,24.151022378860528,20.99178382935084,21.552749340269084,21.35724461288003,23.010926909333854,21.074363078099836,15.623086085697846,21.240803352886473,15.786958728766349,21.179269508392366,16.370922218026763,21.399898544515043,22.007274488547434
ab65fd24.qasm,512,success,969.4532298999997,1023.7465208140662,239.0119714308356,1030.6829568753615,328.5522996169235,1026.400524476555,260.46473285961,1014.7314068878077,320.67333623310225,1013.8536707140721,399.7760822084476,1036.5583773993112,221.9944722305613,1020.3200229784836,221.01474565908822,1007.1524030433176,401.67711434787185,1019.3716017147052,337.0453875176681
ab8a1b3c.qasm,16,success,5.4734568,3.8449882454113467,0.8374615914586783,3.701782336807122,0.97333938768979,4.007004552645505,1.1642807463162985,4.012761114094584,1.0363049271879579,3.9157333831155565,1.0684390048234367,3.775356764473086,1.0150312150108738,3.962908262309196,1.4210049050370754,4.062094383374288,1.8335851467362543,3.916111707325354,1.2330804511042333
ab8a1b3c.qasm,64,success,0.17588040000000002,7.171148268736325,1.2361236813662853,7.2975886431940395,2.4365622918400756,7.098348785111883,2.511539901033793,7.125812292881069,2.180402921237629,7.844149806915779,1.9359086374749137,8.113165751265269,2.1275120515026202,6.887359904092055,2.8011658025775903,7.2081213845360645,2.986753446361662,7.367704718501163,2.506500005668782
ab8a1b3c.qasm,512,success,7.0257582,954.9675573840327,3.9861078823920546,1003.2215778258177,24.326229879406608,963.6658320901121,24.524247194432917,949.5638742952749,22.81243433289542,928.8288915816051,17.701358203002872,945.2119822196643,25.945894257587927,1069.9370747528337,47.227588472601376,1067.8106470506423,42.35750846603216,1065.192064841418,33.700718211224974
ab964bf6.qasm,16,success,1.1127641,1.114637459202748,3.99130400658782,1.108256206805384,4.075904089234249,1.1168751660267306,3.8898015150260203,1.1169337928906151,3.656332006027209,1.1240427010668668,4.183904711619194,1.1337236242457827,2.5723383291753366,1.1109107034882773,4.910291894860457,1.1098190836632453,5.57446588428653,1.1205515224783502,3.4294740610168404
ab964bf6.qasm,64,success,5.0798998,5.092762373509281,5.440233099539355,5.1504046605239555,5.409145696053084,5.064313723483487,5.688217957593977,5.120020226163329,5.199913601513962,5.197344445699189,4.8921339052725905,5.103597492596453,3.726558345506353,5.079384655061476,6.299603830261055,5.0734098315793945,5.87940190725994,5.161360703428587,5.275947363996518
ab964bf6.qasm,512,success,144.58527109999997,148.20206369151893,57.58899162688997,145.44626514507536,80.29587421628767,148.34681469632267,46.07004083195501,148.2521848506511,54.9065137123505,147.66436141095318,59.58618408130303,148.9235261939905,38.40895634420696,146.1237949700356,76.26663224686233,147.77489602377833,121.94291505800751,145.38156458087082,46.833897154758624
aceda861.qasm,16,success,307.34320260000015,34.522533493039866,0.8340439162353839,39.49479774887141,0.7476074995501509,39.23075577259095,0.870823313355954,34.002618053994645,0.8194194863672704,40.64200072026665,0.7869630739240152,40.680372426941425,0.7777985326377449,35.72053227986819,0.9865582300725367,42.020580979025546,1.041178779179699,41.20267366564221,1.1773311204169006
aceda861.qasm,64,success,142.41094300000003,39.63209107076043,8.269744442305957,44.980979956109735,7.747944936244151,44.874792004122725,7.971378471488778,36.90204658079891,7.731250117686738,40.4056059167828,7.647817446551373,43.63520307509658,8.424313176671037,37.70731942903825,6.44725084742453,41.70456109744631,7.358510088618071,45.76921185730198,8.220707485650754
aceda861.qasm,512,success,304.2419227000001,49.5593063168178,1.2656705945037958,45.260708398366184,1.0789925181618623,48.01930589657267,0.9432410877745813,42.7003481958764,0.8498193208945802,47.79713169184431,0.8811497949266254,48.658886894096156,1.1329901240746783,40.483836682939824,0.9139742156464278,40.563441563285,0.8969124824624094,50.44184738339466,1.4165301981970324
ad2439c7.qasm,16,success,2.2632372,2.3611351456302048,10.714196972599684,2.3643994712159357,13.87243776481239,2.3541196057088167,14.88258272785504,2.3562793018356523,13.33297299831984,2.357261987372314,11.68432215041848,2.3498714137985646,8.977862962608642,2.361853768119498,11.128731761926963,2.358664465394454,14.723115883079595,2.3701045117219617,11.691777180757658
ad2439c7.qasm,64,success,16.262889900000005,16.36418133299483,11.010813836711113,16.32676366237178,17.181748784443684,16.347408759910117,18.475648938584747,16.427729794273475,15.168660685910591,16.258000141917424,14.851130386047183,16.329834169481323,10.997191587654296,16.277618132449508,12.487449792602835,16.325334567661823,13.824107101095148,16.367735244311753,16.25833629935504
ad2439c7.qasm,512,success,666.6881105000001,639.4798022606165,175.4144780483864,626.4234183885598,279.274799898415,635.7039529372605,208.537080458392,636.2465487789445,189.88377544167938,643.9092537419378,253.1842147431991,641.2213363851582,144.21114004367996,645.164110800499,195.08992257029354,637.4351364017353,340.18297606406026,643.6038821797215,249.9343229358445
ad74d7c1.qasm,16,success,4.0893965,0.9169827783949477,1.1822712242548217,1.3048684620291793,1.2414022890626641,1.0128180626734273,1.2645452958678913,1.086914950086159,1.2397159997268248,1.025025127922336,1.1513418649959082,1.1118926484148361,1.203799417612587,1.152137154677812,2.79978728123658,1.1502936683192413,3.1424042372940835,0.9802465028250128,1.2351891758561278
ad74d7c1.qasm,64,success,17.206083600000003,1.6679552868426104,1.4469906944191204,1.795024471415616,1.5684537522214708,1.6132925569623537,1.4714633860079895,1.6280088946857683,1.5292556913747353,1.8994773716654723,1.5273581129852203,1.5109999119030668,1.4591211374442281,1.7486905977825582,2.1773840628404546,1.69085005500287,2.016236028894694,1.4928790601819615,1.857698756003466
ad74d7c1.qasm,512,success,690.9794292999997,4.041352168885616,5.411798791656909,5.500963005791796,2.6130073803893783,5.9147725970774045,2.6750828023984066,4.388201577384306,3.8035933293888267,3.9797119193290085,2.675049876783453,6.171753691378997,3.245047182928371,5.106858072334971,2.5868885919428193,6.3711362986559426,2.539854423408906,4.740860911125652,4.951599160531714
aed3c1af.qasm,16,success,1.7608045,1.7301775627281748,6.909702830644092,1.7275116212469142,8.69223435774881,1.7239364452536563,9.652631836256832,1.7257826042172475,8.566038841918791,1.735468030782272,7.484912340322412,1.7282976509194599,6.782488119851953,1.7136534686973497,8.482193500904776,1.7229332234729666,11.733042846315657,1.7244576974970163,8.0521405427275
aed3c1af.qasm,64,success,10.090619899999998,10.082889590494482,8.168436712631014,10.103663403711858,9.31010612784351,10.086025370375394,12.153780500706318,10.070336844399506,8.973389869793603,10.07906567308403,9.224618165793176,10.05796293753988,7.758424825560102,10.072794738713483,9.03714361204134,10.075802784779835,10.442723079608793,10.083834261603574,10.656205958985073
aed3c1af.qasm,512,success,402.51049830000005,407.60069458272415,118.66722477129126,407.6936486219612,148.46554214791476,406.31153549233136,137.6007245610843,403.9034804292874,118.99534837453656,406.2996089721496,157.07194817801383,407.153630171566,117.5307232826367,404.40767567603143,160.2905715759936,405.38415893205615,244.86749617264832,406.62274135024444,165.6718684353445
af2659f0.qasm,16,success,0.16919179999999998,0.1970258984334455,0.20103190511035735,0.19792732929620016,0.19222070562478405,0.20032456760912126,0.19485493155530534,0.19997500313341898,0.192988552723691,0.19600491087864808,0.19863202108031205,0.19800450311903958,0.19686071463171773,0.2010393772227764,0.19202088812526155,0.19792805885192305,0.18929032675180388,0.19673334933009867,0.1910762688460508
af2659f0.qasm,64,success,0.1564611,0.20542123310208973,0.25426806618757336,0.20075558391953666,0.25696058443775205,0.2040021255214671,0.24382202661483623,0.20600588784821028,0.24574888974999953,0.2027220755521939,0.24461251785954588,0.20327776305847628,0.2524624423406167,0.19262449500594306,0.23743549669147385,0.20102094969695677,0.2556403017654085,0.19398453398879018,0.27864261534316276
af88ad19.qasm,16,success,0.17483530000000003,0.2211754419966181,0.4046678668893925,0.23522087754584087,0.5535022764032661,0.2276284340056019,0.5362734327491102,0.22378698837162125,0.5955955239310721,0.22733454872755038,0.48332628439220854,0.21568713941824155,0.46643601247701133,0.28203432161587755,0.9753343192862605,0.2993987105593492,1.3126306979782387,0.22881310762975676,0.5414773075825282
af88ad19.qasm,64,success,0.1752695,0.276948843335206,0.5576608360624754,0.2907535887968208,0.8595001191942708,0.28769908686513523,0.7563977114181055,0.26959610419797925,0.7718114271524673,0.2556566853799013,0.6901060815035208,0.2629171646727594,0.7113525871252311,0.2924645320585284,0.8868379733343198,0.31644041121490313,0.8082070363397668,0.27717257107447085,0.668825842112817
af88ad19.qasm,512,success,0.17989700000000003,0.24281169840707667,0.47786015207817767,0.23965194390719832,0.7418276039142349,0.23545194368599712,0.7243586602301122,0.24182986840962242,0.8860711410641787,0.23817962278751884,0.6511352548474723,0.247193801891039,0.7064475120401117,0.24841627383142148,0.5328176275149891,0.24178268587774268,0.6130010558844381,0.23322754283096853,0.8093295605750921
af8b17d0.qasm,16,success,0.1818541,0.1888091867893037,0.24834188177918273,0.18731750806856287,0.23784185934095164,0.18760547052152526,0.23259176487104222,0.18724349428250603,0.2358381255011757,0.18804163110869768,0.2241050407386776,0.1875609069893037,0.2291387181325294,0.1890570545110425,0.20963364973810597,0.1888484302513165,0.20768241406609442,0.1869521772938544,0.2228148835734954
af8b17d0.qasm,64,success,0.1684462,0.18637930319714588,0.3605498368210145,0.18863270312359623,0.3379357793966493,0.1870083836815777,0.32125133965731684,0.18901621290613582,0.33312089076457363,0.1883110804557858,0.3148985084058467,0.18697106814532283,0.3302929305299856,0.1928931888178005,0.3070715725411395,0.19045005243237623,0.3011965516057812,0.1893689732408815,0.3543709481048243
b06c81ca.qasm,16,success,1.5398947,1.4764603552501212,5.213305896644757,1.5004624560462245,6.994190956825353,1.4837581028066864,6.664056067415889,1.4821556611444313,5.82586765771796,1.4933962190321908,4.9135249562265075,1.4728295306759593,4.517608717116092,1.4857674382587516,6.050028502135221,1.4746024227983674,8.846544990209964,1.4830220836460162,6.298075760855193
b06c81ca.qasm,64,success,6.921094199999999,6.895330790089404,7.207240496580444,6.945497462675902,9.472799529581575,6.871307010588877,8.952915004421433,6.919782943386718,7.559311955192641,6.863659094495675,6.230550875223184,6.941048985816506,5.87381528404628,6.8867278284581115,7.647009255240562,6.939626945697026,9.264029153822587,6.962118033275699,8.573296059141368
b06c81ca.qasm,512,success,202.7487235,206.84150171747444,97.70602149246575,208.66025644499803,156.20057711362014,206.9149394591477,95.94042113764856,206.26695985677847,84.46555053309939,212.21951367191645,86.24326054003572,209.84738709927225,76.47048466655085,209.1212668138023,128.7150029562938,210.18823308004676,189.64924274869733,208.10130882270946,136.946354621858
b11883af.qasm,16,success,0.1776531,0.6539550076454019,1.4221279390203214,0.6619565061713455,1.314433318056383,0.6564418271486707,1.2340556207888342,0.5956472114112574,1.2954926657230426,0.6889280237609793,1.3715181953043847,0.7443792451818623,1.4537480225852182,0.6238235760817169,1.0845845396952725,0.5783551951398662,1.0575824687115853,0.6054864260564569,1.4015049698912618
b11883af.qasm,64,success,0.3563139,0.778378084437471,1.7492719225877742,0.7277593523896674,1.5252354388763474,0.7621272679283901,1.481926580206388,0.707358446061989,1.3929267123316982,0.843477505805173,1.493063934631963,0.8257610184634335,1.607461350061381,0.7262043730690825,1.1134774232043716,0.7114979522738104,0.9612920004203943,0.6526687131350137,1.6698043084154137
b11883af.qasm,512,success,0.1822348,1.0961751729581652,2.3374396278988714,0.8387432448776578,1.4381323749070398,0.6744120083770714,1.4664864570025866,0.7123728512495912,1.580590634232886,0.8095358236902239,1.4962148483418778,0.8309873210173521,1.6633756488027787,0.6052552249617121,1.0818710083269811,0.6413923808374452,0.9012701706200203,0.6198777461260563,1.690923502217948
b1ea1d60.qasm,16,success,0.2114184,0.19905739266719624,2.541527790677783,0.18580414724754826,2.470411811008728,0.18566309687925356,2.630286638277722,0.18465516347337077,2.752002577278466,0.18440495971345572,3.341476379443216,0.18471200170860777,3.254933950202574,0.18260723481941957,4.290205145194493,0.18436755128587626,2.674177319418225,0.1834913361540907,3.3478050955386363
b1ea1d60.qasm,64,success,4.7274893,4.89314355088546,5.299367062630981,4.849561432219737,5.19406375176987,4.880358406117764,5.535358020186487,4.7181428458431265,3.930844218911521,4.936606640387373,5.15310110936553,4.890206505893454,5.742553577792593,4.930996747283669,6.138082816355159,4.789787216228993,4.380341343401323,4.834815127746683,5.679519256022999
b1ea1d60.qasm,512,success,0.2223113,0.21670784183957328,24.702501349354733,0.19406787604755504,11.545588841842154,0.19467015696131326,13.949346097535074,0.19407440230209497,9.411754710814689,0.19189446766691343,13.807802284807094,0.19465654385903883,11.659063336347984,0.19433357461269898,10.846426978670396,0.19362960851494196,5.689849200968458,0.1944670340775833,12.528626805765366
b2346111.qasm,16,success,5166.543143199999,2289.2455260914194,10.444693983572398,1962.0245473814073,12.69986123084799,2085.4493161614923,11.979180569513426,2294.897262430771,12.4640006291186,1586.0012765039085,11.274395242924468,2158.3620100097182,11.795619890313025,2934.761535200661,13.265075430334264,2021.2090531325127,14.966054496850793,1954.113500556578,12.595616666781257
b2346111.qasm,64,success,3106.2406232999992,1506.1485379588953,5.309207193670132,1642.8322871131743,7.830273509035825,1775.1403014976408,7.9717638936253445,1657.5377293201384,8.916522298530857,1348.6590891654803,6.9446997254225025,1641.6138924138966,7.699674858519604,1747.989127991917,3.923487592868174,1518.984293590667,5.963688736948324,1568.9231602216285,9.31448685326998
b2346111.qasm,512,success,3112.5309232000013,920.4747745463504,11.172729894894625,1598.0011429529666,14.759308142593484,1593.2226949594603,17.989295063067644,1511.4083209040143,17.76076556373467,1911.8548086891394,17.20944538511573,1690.6070733471402,16.47545433644082,3834.798986695095,13.108789018909626,4341.877241120398,12.045226155941284,1309.0152972170224,17.11854690167312
b38d732e.qasm,16,success,0.1849359,0.840751712735333,0.8073622550259769,0.5339223418358028,0.4951156398191083,0.5905204709946609,0.5772976622530318,0.5575136553816951,0.5551523869839431,0.6600038692371004,0.5470154198645285,0.7998258867268163,0.6420136266333877,0.3148322029594922,0.3210308058905694,0.29161638789960864,0.2445524900632883,0.4364511373941969,0.46752990815160644
b38d732e.qasm,64,success,0.284838,0.7089708867717618,0.8587000616810849,0.6201456922494952,0.6082951406546708,0.6892216355387552,0.6152658121834514,0.6821833781918991,0.6151704172269116,0.6848517253292441,0.5953308162227661,0.7471758297397602,0.6909084546237508,0.41530741069375043,0.4237733620583432,0.3818137290636762,0.3233149444165394,0.5351554129405289,0.5690180270981059
b38d732e.qasm,512,success,0.1656216,1.594079200495133,1.5345542430345236,0.607534488325314,0.5523540443238295,0.8121166316912766,0.5578382174799689,0.7648111563432425,0.6564632752766554,0.7053526469802839,0.5439022474544372,0.7565487174304387,0.741841937244667,0.3150621627327849,0.3747633221116267,0.29631693761735173,0.2717956955902014,0.5036698034681084,0.5873031837940982
b469b640.qasm,16,success,0.1815829,0.37510082798661215,0.4974552282493351,0.30479891966524825,0.36452937432660243,0.3208416094974846,0.3475391157341406,0.3074913346841653,0.34859016918332464,0.292731461394042,0.4031336481664052,0.3044162440708203,0.3514340195486836,0.27517002329983936,0.31317128076410966,0.24875500566801512,0.32983353046916947,0.30175651081326094,0.32856561126455713
b469b640.qasm,64,success,0.1756312,0.4024388853465182,0.5104624518898937,0.35180551592372183,0.3939840220954992,0.34031214388324077,0.3611387233527115,0.3440641778141139,0.3602371260999598,0.3263628001595492,0.4025712110677541,0.35391037801430125,0.39198406341568,0.3383637453073525,0.3838322028456787,0.29841771831820413,0.3947990796013074,0.3297564220776345,0.3555367088757421
b4976343.qasm,16,success,0.17541639999999997,0.1883289032010174,0.23870857034939233,0.1882747594425081,0.2229234757414192,0.1890479555038974,0.22463912957791674,0.18719210228349178,0.21523470418631116,0.188784558032848,0.21690438222430578,0.18972997098299355,0.2232987494384537,0.19140454709203267,0.1996371843764386,0.19256087862904553,0.19883496249671054,0.19184921173492137,0.21460271923691981
b4976343.qasm,64,success,0.2803895,0.27542943678735676,0.46440017084275476,0.2741199580774333,0.4584388790535836,0.264908909159012,0.4625534381294517,0.2711333673290053,0.45864158202216715,0.2655050428388763,0.4605923076140648,0.2649890139136531,0.48897939673715174,0.2626065827906443,0.4568281773252854,0.26079347137134506,0.46392965064271674,0.262206959093314,0.4701548957213114
b4976343.qasm,512,success,0.1761288,0.18844908722884873,0.2949511400453262,0.18969021216997636,0.23976161540774965,0.18865044267325778,0.23723702255721815,0.18916029312521515,0.22529663858240956,0.18961038455580773,0.23066068625383498,0.18981487570565014,0.23995626539941425,0.19037782981322462,0.2130946118435808,0.1912095411633707,0.20862152025376207,0.18981463808652843,0.2294294473056231
b4c090da.qasm,16,success,0.1804214,0.2017440168833213,0.21534952307479163,0.19918982236748334,0.21720300737707265,0.19834058056047263,0.22982786152536624,0.1984195745553549,0.22480751484572045,0.19827415390712505,0.21235489838678165,0.1935963704196591,0.21578852250496533,0.18978202040043637,0.19680597087562596,0.19039546650704492,0.20530714005019862,0.1915815624714006,0.20999621730196935
b4c090da.qasm,64,success,0.16996559999999997,0.20928869496229632,0.347211631944474,0.21840095833645057,0.3280742363620562,0.20549214222392317,0.33671730636267216,0.21514708063809848,0.3320006985047508,0.21119997949176264,0.32375414889542703,0.20727350124204785,0.34266862950240745,0.2012134285339355,0.3474467966894597,0.1976386365651426,0.33305638995950054,0.19208781655961957,0.31745915811475983
b5baa095.qasm,16,success,0.6978439,0.8443092789890159,0.49693901662917794,0.8096109912232807,0.532020180571243,0.7276706842069136,0.5539341393709339,0.7971246121983719,0.43337726422521533,0.8423536631042097,0.5244878826215071,0.8534694494411746,0.4391228679505214,0.8488167696099325,0.3858534712379752,0.7380211172804997,0.4289965347843294,0.7882943738543593,0.5360475728880877
b5baa095.qasm,64,success,2.8962337,3.375218603454989,0.8734225761140465,3.4757089054143187,0.963061229793574,3.40680542916317,1.004307504388384,3.6807966987123453,0.850754002113034,3.909162715444013,0.9082044802040254,3.5955920111010973,0.6962593581437407,3.2107240622918884,0.8173080686041455,3.60901954489692,1.0355440739871422,3.798549505715339,0.9310051269313219
b5be0645.qasm,16,timeout,14399.999999999989,1234.0917156864723,571.7608137928918,719.223254353063,1176.3659398062962,981.7157492649792,1102.1437844411967,822.9628831549738,1005.896264295069,807.5546042379643,897.7135286419445,1120.1719797766793,688.0441176961942,1123.809193065084,745.9879393784737,836.2357602665345,745.9358665412597,883.6083509605642,935.3029287879997
b5be0645.qasm,64,timeout,14399.999999999989,986.2029660001808,528.7480769308646,917.4448543960513,899.7642475701432,1075.8364041222057,948.7942046463863,873.0220908311726,786.4289390695789,911.6085190564468,808.8325435514315,1223.368815663029,506.53738612850447,960.0500717494524,595.6720738108065,1073.494362064635,681.6213202098878,1029.8814042052552,645.1906420606788
b601af0f.qasm,16,success,0.1732445,0.24188480604949078,0.3317897776665867,0.243003775417169,0.2941379981775572,0.23199301901181668,0.3330555498060048,0.2241156478128286,0.325103660953368,0.2512631902423745,0.354791494754853,0.2508256489565186,0.3511578358537496,0.23067017943104487,0.23187960154584106,0.20537321640428055,0.22272018807484897,0.23168313478921507,0.2628941889806806
b601af0f.qasm,64,success,0.2902428,0.25202682509640834,0.40124592314014673,0.25312082267777375,0.3374400498382927,0.24571301384901903,0.3548106440886283,0.2520606062584494,0.359024552038589,0.2564837909563766,0.3718615818974466,0.26583126696407006,0.36625270328160076,0.2608912620862042,0.30317071685219465,0.22092941851196846,0.2964674927751872,0.25441057550051877,0.3191794711315455
b601af0f.qasm,512,success,0.1780364,0.27359657622980876,0.5283157868367038,0.237481408797183,0.2968464078778026,0.22611901239692414,0.32288955631519056,0.22384364644652432,0.32272806092126566,0.2270461211020457,0.35429892033101845,0.24299654493154565,0.31956841483799314,0.22856504115728526,0.2661972160998192,0.20145703350426492,0.2612835788244077,0.22319004888517346,0.2867967286926759
b630efea.qasm,16,success,1.1978284,1.1766271736870373,3.301190514520019,1.1862038220991251,3.5315185423834494,1.1836195456939602,3.111040496239687,1.1797296423310837,2.6731748405737794,1.182721852691779,3.0999211259116124,1.1943986615753472,2.1202470906868673,1.1831870695164033,3.8036928799864858,1.1867337771646476,4.052342823554106,1.1798263753301366,2.6622912157679073
b630efea.qasm,64,success,4.1749277,4.144551714657764,4.637008254271243,4.221465487864663,4.823691082031381,4.18475992374581,4.656806931066244,4.1803923458400005,4.095264924698154,4.181219327111617,3.8427250034089706,4.078143418495135,3.2304269895418596,4.2157094141160805,5.245479754892703,4.130403891045972,4.917747966978234,4.137443869013164,4.0773455791335715
b630efea.qasm,512,success,91.48293179999997,95.17011643508974,41.667766639311225,93.68714131235919,67.69810957695768,95.42874846025208,32.83265727284593,94.13832208819294,42.515465887753194,93.27998541726294,46.62419159524435,95.01312061908568,33.439053055752474,93.97926419540663,55.34912800290963,95.73052163742787,85.30481762406983,94.69142224999754,33.62108278250183
b680d160.qasm,16,success,2.0660882,2.0596131451896422,7.972867349593385,2.058389271620282,10.178208953722224,2.0627649829210126,11.621830639544944,2.0588145434614886,9.929380717810007,2.058192247439518,9.380782589853002,2.0604913320856295,6.375625734510763,2.060368111784487,9.206916419105017,2.061284713854967,12.80158951141722,2.0588688921007154,9.840014420787075
b680d160.qasm,64,success,12.521304800000003,12.548643475925466,9.05255545239681,12.56716633274445,11.273765439093,12.522725802076497,14.192023713658362,12.52370181552631,10.612621493900203,12.512429535434581,11.424344162211419,12.513450260077876,8.063715609428336,12.532135047216755,10.400853884117051,12.524602215692193,11.740923225507705,12.518136052262,13.048743620369311
b680d160.qasm,512,success,503.3593403000002,506.9740163131433,139.18676213161896,506.699572830635,194.98380354344366,509.7372387896449,186.39363509494495,508.0333167477186,151.41223440275934,508.43124826199784,203.70499839009116,508.4100090347439,119.7114171117543,507.78396258565215,192.1532285257577,507.67544787410156,308.6506929751864,509.822488851757,203.3419595564413
b7694c8e.qasm,16,success,4.6260506,4.585837489976001,3.679755991575917,4.590943104490839,4.658528542653669,4.5385296289113635,3.7426117868484536,4.511068483928364,3.914651683303029,4.5495590616588375,3.617054164328033,4.608240848257256,3.6061380810177806,4.608438683120434,3.1361491647571453,4.525608487174322,4.09652433563934,4.473420744523412,3.0658798151898474
b7694c8e.qasm,64,success,0.3332834,0.18025953190495791,3.9424622215129563,0.1817515802829688,4.287527147140206,0.18487631284009917,4.415808456442372,0.18043326497166112,4.471043966682846,0.18000386692281456,4.56604123100213,0.1865456324752996,3.707798293114702,0.18048999365014456,3.3617726116283966,0.1798472133758456,5.417183799141182,0.1854979384368553,4.576048618689034
b792cc98.qasm,16,success,0.1753902,0.18842479899964765,0.2066058678974406,0.189195464441311,0.1912073673304989,0.18689451931410778,0.19148626740694968,0.18748500356728343,0.1919683587029234,0.19174695593117239,0.1924084864060674,0.18739790025006434,0.1959518441144713,0.1856968520143473,0.20416861790059376,0.18863127333328603,0.19519234289828827,0.18643959355733622,0.19793391161811025
b792cc98.qasm,64,success,0.1814324,0.18227590472189165,0.23340824340250613,0.1819870170623273,0.21157940809857884,0.1826548728525257,0.20680200589116846,0.18249135404872657,0.2133038257459468,0.1824017791287304,0.21031916101158046,0.17999183942389368,0.20918841316847717,0.1780571980071257,0.21672500577554052,0.179641096097904,0.21525483000791437,0.1812557526911468,0.2074488533618033
b792cc98.qasm,512,success,0.16917660000000004,0.18784709925658494,0.22861932397170606,0.1875896092166415,0.2012578933450966,0.18867951144586123,0.2018026328460485,0.18766917426850532,0.20259245964440475,0.18896452508876957,0.20241110477921928,0.1864388360405947,0.20707144787747928,0.1832133493216799,0.20648783431919124,0.186173979873909,0.19728852547923195,0.18761126372228387,0.19100384139763865
b97c72bf.qasm,16,success,0.22274159999999998,0.28773686215268657,0.2766474322740702,0.37353207817839956,0.30274559826099623,0.34876251562368055,0.3387584390046647,0.40231831699011406,0.2936625786788677,0.30704449239075765,0.2921413601720241,0.2913868235894097,0.3073783681062736,0.3512718621153428,0.2914029906645549,0.4405870588294391,0.30091242720788863,0.467699187881332,0.30229793200000005
b97c72bf.qasm,64,success,0.2894879,0.5380398554759996,0.5711556009944995,0.6836533092162776,0.6299357750693886,0.5303026482991305,0.6380308245675039,0.6609940507186332,0.6332316934024007,0.6111594195726536,0.5650463564043396,0.5319880643941213,0.622006645123173,0.5835418976646305,0.5655980463266427,0.7510244922017855,0.5951812953175942,0.6580771089115547,0.6158333834840954
b97c72bf.qasm,512,success,0.2054503,0.31869028725200543,0.3037363439576738,0.5486775054656282,0.4816537439794294,0.5456012985405415,0.5149382802638424,0.5743250692412067,0.3639867405229291,0.7063778503809796,0.3915397015167592,0.5088329837821216,0.4127313184696389,0.6346016891662335,0.3704415400147948,0.7011128328260233,0.393734268517202,0.9529170833507226,0.4579084219310202
b9ba0e84.qasm,16,success,6.7821621,4.879902838988212,0.7794761607440613,5.150429280228497,0.8356259301914337,4.485264645251125,0.900997058858974,5.078810409446019,1.0156300895451553,4.59618708770704,0.8525322443035334,5.0069963006968985,0.7686403995127267,4.922233466975138,1.2395132011446508,5.398871815955749,1.5081280299362056,5.523493523865715,1.208420699335733
b9ba0e84.qasm,64,success,28.735752399999996,4.298762983627925,1.1683300317950558,5.294091076323085,2.2453543162963707,5.525437422628882,2.092337352337906,5.855484512534533,2.0122117480288706,5.692137096827722,1.891866579057351,5.786567497631701,1.800097238735177,5.047597164438785,2.3183358073087716,6.002549053102782,2.9921596177349468,6.494721909546169,2.58706380037499
b9ba0e84.qasm,512,success,2299.937497400001,453.08141873499954,3.9064340596065024,470.6854403540151,18.307135229719215,602.1003181159701,20.546402070086103,504.24492716703185,21.057791945862732,535.0720920715609,18.134720955368604,464.7187031172468,22.23608765658818,451.70275135888056,35.73098860782631,546.6517986710766,42.065921027708775,682.645817479445,29.63793304935528
ba0c09b8.qasm,16,success,1.6862829,1.7019639246196232,6.510175878656714,1.701924981510501,8.75945052867056,1.7030264549472203,9.791557747944923,1.7047567192357311,9.279679208320546,1.70261293081687,7.451343459505545,1.7043218814203978,6.147136552552689,1.7017012305919772,8.376900525816614,1.7023247266748878,11.550895817761509,1.7001118829240556,8.3939211565999
ba0c09b8.qasm,64,success,10.520238199999998,10.564666805226869,7.482485313747584,10.517333667261214,9.296679556544408,10.528239454943126,11.729924826117628,10.528260575795212,8.615940505855425,10.508425801965819,8.607509253703832,10.523170031068862,7.209794142624153,10.506103456200613,8.635230611863701,10.525270686993027,10.407817488924952,10.517017975428157,11.107050313791735
ba0c09b8.qasm,512,success,404.0949175,406.19720137117383,103.06725506637959,406.41606027815834,154.1508797080369,407.40014288865956,155.9648620008406,405.97402127356133,118.43983555555828,406.17039275940584,133.995448193904,406.30086696933114,99.19133134331777,406.1855379493945,160.81313575204538,406.37235769466133,218.99325846278444,406.0533159003483,174.45102164607644
bb291a8b.qasm,16,success,2.2330537,2.2500893115736695,9.777141309197651,2.2492163223595885,12.17829471785846,2.245607686034852,12.497832726893106,2.250887883864401,11.650920828575737,2.2457185067722345,12.783298832482538,2.247355812489057,8.251113433469088,2.2543834141783274,10.445806556596835,2.2595708084597166,15.390310858754434,2.2486773430502685,10.742303478021665
bb291a8b.qasm,64,success,13.046995199999998,13.09834891232034,11.123243050990741,13.103340369049135,13.216268276957441,13.086033068834071,17.20002429910775,13.117925161632007,12.367572678432285,13.085986093089435,15.907300500269073,13.084962949282843,10.463901674110742,13.11158048005656,12.035188327105407,13.092176220596949,14.684170332152467,13.116114149310794,14.488539904040538
bb291a8b.qasm,512,success,564.3548563,523.381957568074,178.20131400074092,518.4614434249147,235.68074853376842,510.78288017211065,214.03243557986553,522.0526136934078,219.43964110353838,515.6788675540136,362.8808170420167,523.166213775468,192.25032639458337,518.6048675787894,237.26334443315136,520.5981988967261,403.1424851333306,525.1418131405743,260.7265122516306
bb50273f.qasm,16,success,461.99817259999986,64.95309459307232,10.997096327485988,59.01600886676801,20.075663751052094,62.783321017184626,21.21589738646976,77.89127157948997,22.349710072917116,62.57735869552392,21.007451193531274,53.012476722452654,20.29734271482332,102.30236423777329,18.11929328603433,74.4462600159214,21.2174636374025,54.83090136183186,25.40935421360301
bb50273f.qasm,64,success,61.829867500000006,20.310706590268218,7.557677578946144,17.573539225411455,12.728586455692467,17.870195501231,13.45128314556396,21.97385710234916,18.164509800478207,19.89143095646038,16.298925393582078,20.206130446605204,17.47024138674954,21.79615606354494,9.73929481249842,21.47738117856066,13.379484195503096,20.887473142789368,18.807385209490416
bb50273f.qasm,512,success,565.4078366999998,98.81969993354237,40.69829304822982,88.42913070727694,41.86568546958294,123.66430648925332,65.74341092430737,119.96686459602066,53.54933579872981,133.27199177549238,52.737188524379974,136.59212717370067,67.32151745524412,212.53910261179672,196.43021331953614,192.67461751250994,132.3138438719693,107.31616056841638,69.6418009627872
bc99b330.qasm,16,success,125.21808419999999,158.5015214408281,61.47350114242919,146.62873253085684,32.839743041927875,142.15769244341016,35.254693530348035,143.07452205870348,34.828576785955555,144.96591427454885,28.972543711260638,151.48807674308372,48.40087839207907,144.4665517386845,45.54791436621394,139.81212568396504,30.704269570222856,135.48907964488913,25.8153930362555
bc99b330.qasm,64,success,175.69860989999995,214.65011185976434,10.460550560713873,242.94429638847024,19.35580272226173,242.47842315257415,16.71981637027984,232.62075158417358,21.71094504527261,242.64160534613708,12.390697792209913,238.59273430856433,31.25909873839196,230.08955479855598,9.283237127548537,230.72655961682827,17.85670982041562,227.76574724064574,13.600351356915322
bc9dd950.qasm,16,success,1.1235861,1.080487830315962,2.4375608544709095,1.0902183159673757,2.4335926409257573,1.0901903946711284,2.229367642092903,1.0974766766122297,2.0507790103411416,1.087450988223026,2.2676141831242966,1.089294166232494,1.7910792023577122,1.0604960994267458,3.145849703014118,1.0925665274277578,3.1837076939379085,1.0760625528009002,1.768740366712395
bc9dd950.qasm,64,success,2.5736842,2.5294650242045202,3.36656034558247,2.540891116284856,3.36562203298281,2.571995233101303,3.296822156239259,2.511418214590092,2.865036235029272,2.5741655167108655,2.7949485562446603,2.561475649743039,2.452807618647143,2.5794967371899915,4.019856574086506,2.564475675460774,2.939621444650426,2.5723279486284967,2.5556951449916805
bc9dd950.qasm,512,success,34.4556024,35.20680636565049,25.123478020989268,35.22934035231535,42.17498449453446,35.05805053429998,22.206023700220957,34.350712347017385,23.671295085718683,34.459485824256255,26.12240107386955,34.220152146657796,21.94696280776361,34.33881909920204,30.714226716980225,34.47915612893757,53.428112044792385,34.3151372991933,18.6184455749233
bd32080b.qasm,16,success,1675.8850690999998,318.0971095921691,24.619943399472845,214.25053054881948,18.02594218248067,194.09151153968153,18.329194943599628,211.28426987024739,14.066456304782236,132.5289711344525,17.17405971566417,194.85235307333352,21.129712908136838,298.18900628646816,19.073222044180024,204.90904489428178,23.24916743950576,234.75821825788353,25.00342549164366
bd32080b.qasm,64,success,6223.237383199999,209.62225500598908,15.164377269356384,146.2801425724734,10.731477433718705,111.24716801767347,13.916158996455902,172.85499317567246,11.277550041366165,91.61665764468532,8.665487707400105,139.86741102754934,12.449227463435346,207.30753870660308,12.017253319836518,148.02374586796896,12.11657214296285,158.03224293825753,12.764996178035192
bd32080b.qasm,512,timeout,14399.999999999989,242.15843048246867,73.48212821567691,332.2597066384448,40.594678041376206,318.05679186080766,33.5206714622414,369.16409089008295,50.57300813469607,344.21981258380663,45.643170375785324,327.0077067583116,45.37117829668775,372.90470582224964,14.661064475338321,414.31972414701744,29.56556920055634,305.59489749643785,33.49090843695501
bd462bd7.qasm,16,success,8.4452683,7.248278908053559,5.192819971727083,7.216806608168845,6.250207038801127,7.274482897148425,5.161469818057969,7.145978437882095,4.327310992136978,7.111631698952816,4.169207122377098,7.030598828444546,4.381290496017541,7.207578242308533,5.075289068493519,7.096771593673699,5.063856742849282,6.976658976953054,4.309525968889337
bd462bd7.qasm,64,success,0.18212130000000004,0.2355285222926158,3.8948599573746687,0.2378276951421511,4.422579069964411,0.23269632876237192,4.309889406751308,0.24262556752402958,3.3165276234693892,0.2415317591080229,3.7347739098172843,0.23414559676732383,4.10589409553563,0.23694151575487965,3.488568381148032,0.24394292843091084,3.3320163510795764,0.23805337465577323,3.919321516326333
bdd2c3ff.qasm,16,success,8.5620839,6.49711985911684,1.2895927728288643,6.204285558070849,1.2170991103825661,6.523525455846178,1.3930653071652421,6.410957405903646,1.8282299420227301,6.451095550218032,1.727301029095713,6.522253471743386,1.6104037415710306,7.004820628457252,2.6406441162069307,6.623785015421307,2.420909518881857,6.0848978294063665,1.5657723919438395
bdd2c3ff.qasm,64,success,71.33639449999998,6.919785748688212,2.6793030661350112,6.96614790106501,4.084128672959448,7.520827259950086,4.351734144371116,6.963220524921467,4.731006269216541,8.848081048824497,5.1720896445349975,8.3764042981762,4.594292003614492,7.54133155213079,5.3665914781140325,8.170496612622047,6.095885700327291,8.488311192337436,4.353084451782897
bdd2c3ff.qasm,512,success,2554.6987554,1391.315236116355,8.290450289039399,1412.6803781550343,38.64262941844604,1430.3235797077539,47.41510762166726,1365.572019554417,34.79620744519111,1352.894487151477,38.108713637539985,1282.7189095259764,46.30383710178464,1357.7729156725047,73.91424909981053,1213.737196039577,78.72650389244588,1196.1245301691047,46.85017897663797
be527b4d.qasm,16,success,327.64276280000007,268.2834955943754,23.788409181643864,306.0649430612437,15.124643334037785,239.28336117032086,14.224471456819948,312.42261296759716,22.382485769589902,271.4254923271164,10.82056050975294,201.93314907347877,13.823012457174729,323.8104847285836,11.892465659862347,429.86412544385814,12.584797197496261,301.2879481511552,12.862340126549281
be527b4d.qasm,64,success,16.115476700000002,113.20721789563004,4.3233755006467725,104.87059349795126,5.612435879108186,88.07372582822943,4.660678796419938,88.13957488604235,8.182824820312893,76.81854165701085,5.293642705486464,70.59070957973097,5.364659808679834,134.12611553818715,2.499619653568451,155.04760355079588,4.888700054770747,113.3424040831976,4.6012197372543255
bf029799.qasm,16,success,1.7939698,1.783667712714945,6.603814089824709,1.7882721781171969,8.278822320870448,1.7853645229309845,9.402063593974777,1.7931865840391124,8.15126219475143,1.788556287520043,6.429595873569391,1.7885276797938394,5.78009384713193,1.7909148035915186,8.417023577021464,1.7922781561214196,11.501710834262218,1.7857959104869952,8.705587361519493
bf029799.qasm,64,success,9.9905934,10.053235429929929,7.553199057523338,10.04010087701325,8.94681246825896,9.99525804036452,11.960937126526042,9.980101625277424,7.790137542722362,9.977238470490477,7.70591653641967,9.962732398870855,6.731498754424621,10.039419896465564,8.831368657771673,10.056529368641732,10.358921094929913,10.006255883490534,11.746194315181219
bf029799.qasm,512,success,373.7508546999999,381.5471912010312,105.84791051945807,382.98794937518227,140.38515442527554,381.0738532160693,130.44719035523104,380.52547568646315,93.9160389481784,378.7748247379469,117.71510534553546,381.91640260668885,91.11597739074146,381.60995538965057,144.147911104206,379.55895007630346,215.19506161946055,380.3234100969548,154.02674770963364
bf0f8df9.qasm,16,success,0.54735,0.534073274730063,1.4958041373407602,0.5338995828898028,1.6038188067188865,0.5378752254717187,1.4941753188701408,0.5376955317198876,1.3443841349530863,0.5363146319597117,1.5394233545139597,0.5345738918530031,1.1657495945345957,0.5368683561085141,1.8297685636310237,0.5391552277268867,2.049783847745662,0.5373232833159587,1.160866149435354
bf0f8df9.qasm,64,success,1.3424396,1.3499838957758001,1.6688592328893512,1.3450149126108444,1.98592320587418,1.3413778528111624,1.689636912458719,1.3637053157674162,1.8689182069557444,1.349048237918471,1.799044987821227,1.3334038144798412,1.5009389782755855,1.3390707960796422,1.6673604491485368,1.3390830293771194,1.7193447422356247,1.3534394395140699,1.6345921978943725
bf0f8df9.qasm,512,success,3.4726905999999995,3.5704860000484864,8.443351372373462,3.5747498235798445,9.00235018199507,3.590721490660778,5.928581814813749,3.5468136595417787,7.122152925494328,3.5561307806832314,7.674449702812927,3.5564067550876217,5.473505593537587,3.586785267109389,2.816807688681043,3.5187611382138058,4.861117289338329,3.550227698226193,5.020267837318163
bf9674e9.qasm,16,success,0.1775753,0.1735983731472236,1.7328566421014329,0.1699814981844247,1.762910335545292,0.17086524900923505,1.3206415058158434,0.17165027748052952,1.8033255460141142,0.17206487348854865,1.6432862182335712,0.17384523193227472,1.5999508577040282,0.17086529231207423,1.7387670330162355,0.17229055644454838,1.8310463717219936,0.17190148625853993,1.9235156587294115
bf9674e9.qasm,64,success,2.4674081,2.4030536075342197,3.63997950531203,2.503714415916133,3.2364569813585273,2.4777921331439083,2.7027194758249014,2.4474695796702584,2.840196954316805,2.435712652082538,2.813753815485852,2.43119173946194,2.8414072775384653,2.4959466266824357,3.428713321489171,2.4586135843431527,2.7849478925088667,2.437750555204654,3.1040992063431108
bf9674e9.qasm,512,success,0.17353109999999997,0.2074908819201232,4.528516804141798,0.21152016264949816,3.7127733102583202,0.21536242486773796,2.8406427777649053,0.2109190268328669,3.3138996027165555,0.2124147325741667,2.9692550428853908,0.2033857419380746,3.063794894221351,0.1982076882540395,2.38172251472626,0.19552715405842325,2.4706255234684726,0.19995846070871376,3.323195666109387
c05aa9cf.qasm,16,success,3.0019963,3.0729145983746347,14.796256905813827,3.056516150982758,17.33950167128785,3.037741106970449,20.005871587083295,3.06698953274274,17.046934378023952,3.059134565124608,18.921948932409816,3.038569778147764,13.104118380321145,3.0303540501828596,14.72323404317621,3.0692733844995934,19.96832681510111,3.0550247643053225,17.73022239776334
c05aa9cf.qasm,64,success,23.5731577,24.524807600679907,15.535312704780356,24.339343194307382,22.145986757749775,24.055758728462155,23.168962371271025,24.112478382517196,19.532828851831255,24.48291613358891,25.314617089184654,23.987706212050632,17.071571419206833,24.371528588941366,16.65115284896829,24.035218007109712,18.403601225729922,24.104953173075625,24.76646664820703
c05aa9cf.qasm,512,success,448.6712298999999,1153.8235675290296,223.54264889516912,1137.5793693005203,289.5389849172216,1140.8268033419158,247.05736173551625,1140.6078723668054,274.1018343947715,1140.662177642107,343.33306977567145,1124.7821365418765,237.71453021513491,1121.1836194311163,227.94551747365657,1128.106385220305,451.6461129059621,1144.4308501935755,380.88768895709325
c0a1d157.qasm,16,success,0.18243549999999997,0.39893515854025574,12.456541212689425,0.409937840041018,9.58454278015359,0.3907061922133481,11.33520737013663,0.38737074046770364,10.23660691500596,0.38366631983419663,9.093860791000433,0.3896207969442423,12.273054608559333,0.290033399748588,12.213284095829284,0.3109859861717091,7.172650699062837,0.35891466077115985,11.919258636018556
c0a1d157.qasm,64,success,4.6466562,4.546339997613885,11.210342032300769,3.3732937206344293,11.293052219257104,3.4017358281305374,12.508452671086427,3.660890553764358,11.122268917372391,3.4543805961253407,11.621546049376905,3.35397595138331,11.001887315141271,3.9909460292845775,12.634428732264864,3.4241857794135777,8.828292440213328,3.4590080813321507,10.683949208374667
c0a1d157.qasm,512,success,0.1828232,0.8108056802901169,66.37929731310484,0.517686081156254,32.075050844982144,0.4673064197238406,31.083465905199827,0.4973376195963623,33.00295382978027,0.4581651458180599,27.144153435408743,0.4413248852436155,18.93768022955685,0.2837165245427452,13.326817100316921,0.28002825283169175,12.062364481475072,0.3763435531908273,30.033547357089482
c0ffe57a.qasm,16,success,0.3998301,0.2003677741709079,0.1927351330578,0.19541837028734135,0.18843096915422108,0.19408983442229066,0.18686780214046292,0.1977125199447972,0.1897036639689655,0.19846608143075875,0.18895463938146748,0.19514084891316952,0.19043544456599062,0.19535277719933186,0.1899769977813715,0.1892509239272274,0.19005152386632387,0.1964355204927903,0.1910526289648989
c0ffe57a.qasm,64,success,0.1699738,0.18423823059535543,0.19189253348644286,0.18106027203144529,0.19455002943847252,0.18165025610893837,0.1902777532720311,0.1842152698084034,0.191020426053157,0.18193344462273167,0.1896002994641562,0.17935967086667112,0.19155633680761133,0.1812942766269971,0.1893001624898267,0.1784550924469508,0.1925308280428093,0.18361049613544805,0.19110254091800438
c20bb346.qasm,16,success,0.3509667,1.9179851691812768,11.18023487972193,2.298129788469073,10.495419502772613,2.1321608756391544,13.262216089952503,2.716442641154493,14.13613799394329,2.5158725796165062,13.706048777915374,1.7655351954798482,8.19531257696192,1.6254009352700969,12.5253967288786,2.1436673932874766,13.795056206774323,2.3568145354653676,10.586752753431428
c20bb346.qasm,64,success,1.1472027,1.4138674503612334,3.60161680460149,2.1895795764752664,5.001381452357112,1.959427369572854,4.926121462685353,1.7583853922879302,3.8364216752446376,2.1621178600767768,4.737334338488637,1.5444052111516111,2.9565751458708935,1.645842572601707,4.209218358385323,1.792777799201421,3.6474467067593728,1.983336751013979,4.431623633340106
c20bb346.qasm,512,success,0.3426731,11.634392207338516,47.98403009916363,7.475455638661479,82.31264603302529,11.431486011174803,59.26220830771191,11.221998560242321,59.47459034449263,12.630272559575701,72.79977431774522,8.548145155325509,48.89089785534655,5.388156649517828,78.22938841493844,5.095717220956805,40.37866478015421,15.869450405168271,53.225964915911874
c246552a.qasm,16,success,4.088997,4.689645546594728,1.130290978523125,4.416161217600085,1.1716850504443392,4.120330083199259,1.9081556306012357,4.635162530980262,1.4292953504551484,4.747845194344137,1.726106649195864,4.110616809744273,1.4879009262212755,5.169159123452194,2.6387425625060477,4.66275193330044,2.6678238776990186,4.547829203511464,1.629483475860642
c246552a.qasm,64,success,0.4388426,1.2567583172410879,1.6821488288430488,1.148039218776973,4.030295077514291,1.103521214639903,4.607346564391057,1.2148873626947263,3.697387581957089,1.3840672627834736,3.8658220671883807,1.4785183182225168,3.8423136042416255,0.8302628929118824,4.852736781702328,0.8846196014323076,5.7791200911160505,1.0141550711577223,4.129569617202274
c246552a.qasm,512,success,816.6656867,82.06089675970821,4.597821799935291,71.076225085049,28.026809575259126,94.93105764628076,31.00950797171542,90.45130903643755,34.68533892459064,76.22288736665543,28.4827168876798,68.01562711904441,35.87236981965477,95.34341855476583,54.33674628491625,60.1736499028147,71.14361986038864,82.27228660895302,46.79344409128611
c39fa73b.qasm,16,success,0.17802479999999998,0.18011426795245833,0.1977338124076135,0.180248431533178,0.20164654585995956,0.18069724853421348,0.2042620112407248,0.181075047042231,0.20226827323780974,0.18085781481352345,0.2024889294594989,0.18047236773174002,0.19870146906681077,0.1799521691948069,0.19841937415762997,0.18058090350396727,0.19846938375918716,0.18075232487147425,0.19446908950176264
c39fa73b.qasm,64,success,0.1641723,0.17515260536650837,0.24564693643234833,0.1722641083610331,0.24032208654827755,0.17261824596629816,0.2385785851691259,0.17476205583222024,0.23675114750856338,0.17393103750739822,0.2335583024405312,0.17230724262437075,0.2391529813522935,0.1722347529578797,0.23444361378785125,0.17214114889575796,0.2373697970617728,0.1735098756068545,0.22115887615002358
c39fa73b.qasm,512,success,0.1729059,0.1781668110839165,0.20181101713126984,0.17800448883790015,0.1990731468688367,0.17779292008528907,0.19872599651725217,0.17799648028038506,0.19960681652179818,0.17816816261821852,0.195317953692422,0.17826231544700838,0.19905102039593678,0.1774094561294784,0.19806125353057502,0.17806057780592074,0.1975107177022426,0.17754743979998053,0.18920574781677987
c3c0513f.qasm,16,success,0.1795263,0.5471069953556601,0.6747133190058893,0.5432500758300104,0.6048702669080708,0.5756124592949445,0.6168342040640122,0.5608455946834224,0.5828703554104301,0.5375175891823752,0.623424869734313,0.5660844990779562,0.768426056243526,0.5816452688516186,0.6571324820046667,0.596315125107204,0.7379206409192349,0.5442558083430038,0.6511516626834729
c3c0513f.qasm,64,success,0.1589828,0.3733915561201071,0.5122302768766619,0.3796930008816303,0.5798435478932367,0.378811816073948,0.5420438732065668,0.3627488437511324,0.5303418111700512,0.3675981038442438,0.578769226085667,0.3601352055892516,0.6012562463498954,0.3560408209311184,0.5412998029931175,0.35443482943456467,0.6129455746937971,0.3708965313940868,0.5442249313050759
c3c0513f.qasm,512,success,0.17359960000000002,0.5428951008212516,1.0956815775098396,0.5712689208864856,1.0237204626312124,0.6010289369430246,1.036677578540793,0.570367716594914,0.8348895326539516,0.5615292595415554,1.076090525579388,0.5504995668243764,0.8484716038459132,0.6229099326639653,0.7111580262833838,0.6043496083351397,0.7304362913870402,0.5805724587499107,0.9375039753933967
c40ecada.qasm,16,success,1.5196586,1.470580452076138,5.213305896644757,1.4987955518963185,6.994190956825353,1.4780074870127857,6.621535478814723,1.4747665684703146,5.761001877327122,1.4835563896841806,4.9135249562265075,1.4692658989631333,4.517608717116092,1.4764767549057494,6.050028502135221,1.4675906082229304,8.867811137360881,1.4766415393213768,6.298075760855193
c40ecada.qasm,64,success,6.9018752999999995,6.941474788631573,7.207240496580444,6.942114895471422,9.472799529581575,6.85863241279624,8.847564463735445,6.913293211661814,7.505084192025261,6.878479270154106,6.203787063732684,6.972419465372851,5.87381528404628,6.8963762783108535,7.647009255240562,7.013827922361996,9.120707524401027,6.980671138292674,8.573296059141368
c40ecada.qasm,512,success,208.56807320000001,209.1656245662989,96.67840077137828,210.40565543895664,156.20057711362014,208.56973693145983,95.94042113764856,209.39999722774007,83.51240179832622,213.77372900630436,85.87279596737673,205.35493819732278,76.47048466655085,212.52598244704288,127.70669442604779,211.34059361390018,189.64924274869733,211.57509052660498,136.946354621858
c4c36286.qasm,16,success,1.7383957,1.7337937190743238,6.969726053280165,1.732684010371953,8.69223435774881,1.7401126981332955,9.80197506129539,1.7314381281986646,8.694637802976013,1.7262199952429713,7.484912340322412,1.73408594694133,6.828047775736639,1.7316528292723286,8.497234349660463,1.7321958273136113,11.733042846315657,1.7311409310941495,8.094542579876714
c4c36286.qasm,64,success,10.072573800000002,10.13549643896142,8.239394307683648,10.093248953927269,9.31010612784351,10.1031581974193,12.40532552048078,10.057415839506413,9.219125801389696,10.085458257751371,9.224618165793176,10.142026581944569,7.825564068804178,10.101893511863715,9.269953855609701,10.108904598135052,10.442723079608793,10.105676606306389,10.656263385339269
c4c36286.qasm,512,success,401.72131759999985,406.9701865690948,122.14322663840785,407.1760671404622,148.46554214791476,407.91036740301195,138.7960348555567,408.2225339164746,119.83663783081141,407.256180686166,161.20406552730802,409.0618490964254,117.5307232826367,408.7244058517105,160.2905715759936,407.31765945340953,244.86749617264832,407.34888474411304,165.28801415160012
c4ff2c11.qasm,16,success,1.1621505,0.9525016249179249,0.5597527882185013,1.0736349454130818,0.6088100461535628,1.0180648193253443,0.6558240929707219,1.1207074093385136,0.491337277567618,1.0011314818147607,0.6592245739538184,0.9978744647451544,0.486229467885936,0.9834205512378739,0.39000101247215563,1.0516096101379517,0.47361879438514876,1.1566859648143217,0.5703695883834646
c4ff2c11.qasm,64,success,5.589186999999999,4.048177231356832,1.060050679543585,3.8824193309313473,1.1391134254144666,4.324412503298067,1.1756060316973231,4.474267238521694,1.0742287561568817,4.2738469848459495,1.1457114105293,4.290177537565465,0.8918447995146578,4.235245889505144,0.9882943350987878,4.502264977717482,1.3537618440473536,4.406463534379762,1.2347135623689889
c4ff2c11.qasm,512,success,1.1551765,4.5568613213960445,3.375541337141354,5.173800117314945,2.8359329418496584,3.9343578039560305,2.448721024990023,5.49882998123247,2.5253222504511323,4.528025224025933,1.9977072412533927,5.0122769861179215,2.3506319361290395,2.6750899082567345,1.5112630547649835,2.5510904732932214,1.6590692489545444,6.4773906008471425,2.009116249588253
c6678d16.qasm,16,success,516.0462371999998,692.4403388496047,68.82564897388326,747.095540133364,52.22415741956939,684.0417121967562,46.520137747370526,724.7809417481833,42.75627877722759,692.3425091546724,39.72595353555295,710.9738861422408,72.65513836682047,643.8409407647201,47.05829385104586,672.6087355107466,40.44049460132515,691.1245149738209,35.88026451365134
c6678d16.qasm,64,success,821.4442047999996,569.4925671190048,12.115719968339993,577.5440656891722,21.98103759435659,552.1192211771245,23.87116448601924,555.1506121406568,34.824683247481566,542.0896383822646,17.994656512874688,582.9326262993077,39.716630448438515,541.9048979374246,9.607825541574904,558.10004050399,23.113964963137903,571.7166220798216,20.845327190309572
c6678d16.qasm,512,timeout,14399.999999999989,13764.974255815818,1239.9253040605013,14206.343373450465,1148.2365159638894,13599.170006596116,1196.6593950553588,13796.285288717761,1004.8907338134419,14039.295814544905,947.4974301170678,13912.955230314288,968.807908652397,13782.202836945713,1760.4283816482657,14346.277706449915,1304.3145730015217,14141.4261437933,1042.913983800484
c676cfb4.qasm,16,success,0.23532530000000002,0.1805634961662272,0.2840204927155203,0.17990814953579698,0.2680528046951043,0.17971093305493757,0.28375861591267587,0.17967653538801345,0.28836293802250046,0.17961541826752386,0.29048176692455785,0.18097266553873,0.3149548136792102,0.1825879212445854,0.2989819290593493,0.18352571174576915,0.2781967731143412,0.17949882758982985,0.2654765955358314
c676cfb4.qasm,64,success,0.2578355,0.17813101937298115,0.33537478439550183,0.17578416659447135,0.3081355479068277,0.17800567956702737,0.3223519914000602,0.1768314778532338,0.3554660404467291,0.1771893100892896,0.3330142740737663,0.17699237772562076,0.3490978639324203,0.18246690058095372,0.31696337522212764,0.1805803240695333,0.28248921202804905,0.1760924537677602,0.3289001796249173
c676cfb4.qasm,512,success,0.24538750000000004,0.17707892354707547,0.34960503753237837,0.1760032120341574,0.2935954010591903,0.17604907740104542,0.29200384959880965,0.17521803850551013,0.31144378492787816,0.17583885140858707,0.2895904619393654,0.17695452290775238,0.31772937919429883,0.17702341594010373,0.2750935402156417,0.17656216255142945,0.23514482337401607,0.17576532670518533,0.2783832732380814
c7670b0a.qasm,16,success,0.5437697,0.786509665076727,0.8956301976051578,0.8156478671181463,0.9789696445108617,0.8351216338647431,1.1432598387921056,0.8516278737584003,1.0357440589352545,0.8094183868643685,1.0714511124658201,0.8703725073195945,1.0640811170670164,0.7760392488874006,1.0232750177606187,0.8094056121753308,1.1030990283858175,0.8472707525252164,1.1578715477425787
c7670b0a.qasm,64,success,0.550425,0.7754905528108019,0.9120926205604504,0.8030044366257947,1.0079872929387543,0.8273401447243596,1.1653289847481265,0.8506753228992089,1.0520327442783077,0.7964063586730942,1.1028579182319878,0.8576358412027316,1.1014802254215812,0.7729695381825958,1.0262427851300364,0.8051349248037685,1.0740829011066744,0.8279015572417727,1.1331123122456888
c7670b0a.qasm,512,success,0.5097197,0.7793312124458652,0.9059477138553585,0.8018772709876908,0.9759473179813304,0.8266443183493647,1.1322540877852618,0.8490810860018693,1.0308312016756904,0.7953640189028454,1.070839977099113,0.8574741908512608,1.0951524786636568,0.7808041045254364,1.0282928006399918,0.8076230035273739,1.078625318331648,0.83461735802639,1.1474973950096896
c7a93f95.qasm,16,success,1.3009129,1.3022606886968509,4.8533332632939565,1.3041846369428416,5.369619234358898,1.3052828308492588,4.884126397065477,1.3084717029421857,4.302876267531937,1.3067317411905552,4.606401632615386,1.304754495523108,3.397700195215672,1.3049921128471123,5.538164172014047,1.313239636364157,7.407483742428736,1.3015591733503358,4.720776084415622
c7a93f95.qasm,64,success,6.5205913,6.516873428847289,6.516543219142397,6.509605263725887,7.198380028680846,6.522948972862499,7.283499672073773,6.497478526766881,6.3746223038644825,6.506540496223354,5.698031868474233,6.508755795579895,4.932847479028273,6.52668280789088,7.082695641025712,6.505241969270948,7.43143587860646,6.54601231174448,6.931517589569389
c7a93f95.qasm,512,success,209.0101838,208.24023842627204,74.93172751085474,206.7542148487459,109.60150012479201,206.5860082659615,67.9799900269443,208.63112424306408,62.87565018426122,205.0622125472345,75.41647335689139,209.3710226615387,55.561031056089654,208.37423001845693,101.45034061708813,205.72792492822788,160.92042338068126,208.51920629428315,75.59046725421364
c7bddf55.qasm,16,success,0.5527257,0.5659191147638246,1.2706869151541011,0.5740320808819865,1.4671642146329988,0.5842223164585415,1.2643380566166582,0.5647289903976982,1.040394319535985,0.5723096168730903,1.256337755207279,0.5781942963728958,0.9299806674397854,0.5687333054846351,1.6150702433285407,0.5738587176705738,1.7740346464456054,0.5704225158594513,0.9998945981713625
c7bddf55.qasm,64,success,1.1093257,1.1635439615856227,1.3942257427955953,1.1186327048765028,1.7399671995026018,1.0844699559133877,1.6002010725560063,1.1231676659778502,1.4241676637874519,1.1214507962019762,1.4699542165961532,1.1058521858089596,1.2644069878658464,1.1036550048895777,1.3121681378404149,1.0780658371589917,1.4178129987122408,1.1058957866272634,1.3512674424552935
c7bddf55.qasm,512,success,2.7514677,2.7064431333935253,5.720350513920998,2.5575694955389796,7.777225404852303,2.5477601908468515,5.04421664959988,2.5839164589712733,5.5424944989347065,2.585504975449832,6.228367249408934,2.670457007070992,4.459556912277964,2.7543496094102724,2.100256592681883,2.678554560035887,3.8032826466672036,2.681836768724615,3.8577521847064884
c82bb473.qasm,16,success,1.3014825,1.2930796398592042,4.8533332632939565,1.300332394014651,5.369619234358898,1.297308875167485,4.884126397065477,1.2908789607908016,4.302876267531937,1.3006594762342472,4.606401632615386,1.3057843330512886,3.407780375770172,1.2940962856072875,5.538164172014047,1.293605408762949,7.407483742428736,1.299020296296707,4.720776084415622
c82bb473.qasm,64,success,6.4765742,6.545366010401077,6.516543219142397,6.510088101590595,7.198380028680846,6.605666800066587,7.283499672073773,6.5447961755248265,6.3746223038644825,6.513622614387811,5.712153948776576,6.512822070928069,4.932847479028273,6.540425881113182,7.082695641025712,6.517194360770087,7.43143587860646,6.57895700165459,6.931517589569389
c82bb473.qasm,512,success,210.21006139999997,208.19116046335304,74.93172751085474,207.98589277681936,109.60150012479201,205.37569896690684,67.9799900269443,208.84395086644741,62.87565018426122,208.05372561557698,76.06548811751732,209.11790469240208,55.561031056089654,210.18698822790634,102.0485312790348,206.59878363954763,160.00267059634726,207.33941439709312,75.59046725421364
c84ad65b.qasm,16,success,1.132833,1.0614128655763488,3.6235404455325853,1.0801815280277316,4.049111991810106,1.0700254942960543,3.7794155824065263,1.0826265245162512,3.1023884558851327,1.0701985227313306,3.424025192580925,1.0563854525207304,2.1335166096032103,1.068346683021404,4.402965700329472,1.0805793448001473,5.342795291094618,1.0823463322756328,3.092870442668415
c84ad65b.qasm,64,success,4.321362400000001,4.265169572117755,4.842471787163447,4.225508271820286,5.132176155671639,4.257804025554711,5.520578181675226,4.237656463130247,4.165856397248289,4.266743270844742,4.030732140829636,4.24084521814506,3.1453138727561174,4.280883336575417,5.760656467868247,4.369244303411478,5.7021953997973425,4.276713300826999,5.129825601498675
c84ad65b.qasm,512,success,96.38189569999999,96.77781412992239,42.58034036460058,95.57681703828038,75.25321343812891,93.70629787069993,40.85518642754619,94.94962381138275,37.766361892887,94.75639348571883,39.32672960573016,97.8938006873202,27.760236488512337,94.56667979244986,55.75734198261209,95.00499966338361,98.41135662309753,97.24711076140538,37.170286790862775
c8afe1ad.qasm,16,success,0.172325,0.1989211681143862,0.2004182227918663,0.19069944961113353,0.20604712641904688,0.1949562617298449,0.20044243895794686,0.19583634738702527,0.2042228405701111,0.19686149855234347,0.21110404650181544,0.19677689106490273,0.19751750500995505,0.1910806465899202,0.1983031826836516,0.19838375509655942,0.20784468358734315,0.19802728402151445,0.20587449689825363
c8afe1ad.qasm,64,success,0.7844303,0.7047414968862209,0.42580745543154047,0.7006931340451303,0.4163464276000337,0.7084819213220975,0.4521492833574596,0.6979107594141797,0.4393158884119939,0.656542702070803,0.4477480142399202,0.6960023425112067,0.42986222735634616,0.7756436765751362,0.4207385362936487,0.7670411878483249,0.4452476419770228,0.6907816313043647,0.4385803095446245
c945995d.qasm,16,success,1.6418214,1.6389044695359747,6.40957717699189,1.6625764437919692,8.487391105307607,1.6497925360339158,8.25113078600832,1.6528688210505402,7.25126394771368,1.6550628998629284,6.246159733897042,1.6573691179598677,6.202892813014435,1.6500476123612202,6.6396704960491215,1.6465937190669788,10.829966832865834,1.6547077060758164,7.211886727782036
c945995d.qasm,64,success,8.8522282,9.000430506649975,8.45864795091505,8.849004245484258,11.155993534814591,8.932330971294254,11.638809185384465,8.981224199701899,9.18231408573083,8.92835255129116,8.343414987611357,8.895274441402671,8.316891870750727,8.893719791229026,8.547617404849506,8.924579711741494,10.079773314690424,8.962042987039718,9.524280728975663
c945995d.qasm,512,success,341.62067240000016,341.04582954961967,103.44169016600088,331.21706209475263,190.93761282377815,332.56781956751,118.28930436360211,339.92828855081467,106.84688681558535,333.67284837860205,143.90441447331793,333.65762374262744,112.22474980666452,331.4694974694117,148.452028172844,331.32767800794096,241.94088986388408,342.38626931079045,159.27372808075233
c95f41f8.qasm,16,success,0.1763965,0.19218416600053473,0.20641093548101944,0.19351834549572078,0.1977826146953716,0.19304492162288234,0.19756804913992598,0.19389004928444692,0.19969766378087087,0.193061218614922,0.2024968552313629,0.19265580247943098,0.19944441086229153,0.19260176704088924,0.1970664828811489,0.191174533145707,0.19804700800360395,0.19180600434618303,0.20086332958068606
c95f41f8.qasm,64,success,0.4365802,0.24988868544603543,0.23840428979993777,0.2379114223641165,0.21994696721888837,0.2405413724479878,0.2264567054328762,0.24265694086080894,0.22743047120913856,0.24048925520368605,0.22356619701750452,0.23220266846506876,0.21529791643168822,0.24823076795377993,0.23078022055988423,0.25475361068105784,0.23638997679183238,0.24120393997833373,0.22681817542775343
c95f41f8.qasm,512,success,0.17736769999999996,0.19141020269764528,0.214522911689374,0.19240789089614757,0.19989284661162032,0.19355426204218948,0.19738391244876322,0.19260382117556957,0.2001164977709446,0.19260843688419027,0.1998855716826541,0.19337509013497428,0.20093374880694792,0.1961940508552731,0.21112890197028922,0.1940298414540506,0.20595632236130826,0.19349000816471476,0.2032865646480911
c96fe790.qasm,16,success,291.6478196,37.37140867932812,8.70671173818094,58.162681542758165,16.35100104457957,52.84374438817405,14.35797348057012,47.18312278201215,19.360666509635966,40.82194676483508,18.716772359567162,41.84784024370611,16.357709231851654,73.1693990657672,14.856748299182236,72.7331635659568,17.708612896030292,50.55350262103968,19.239671390940572
c96fe790.qasm,64,success,29.968277999999994,14.347097332478713,7.632734396083974,16.17257345089321,13.602202524984646,16.982251459496553,14.052660582868707,15.784193839170788,19.136589464267217,16.9240258422256,16.27873321906222,16.109942812708095,18.642432339507362,16.190290733295072,9.161545325526205,18.328294525582844,13.117050220517585,16.689067127850574,18.286824300347
c96fe790.qasm,512,success,292.8521848999999,32.06629475051554,22.82919421655086,46.20828009847585,34.98531020913257,44.23082075863931,49.073454954986865,44.332708946443084,42.183185448820616,42.80683363566373,39.57078874706657,42.16792901042435,53.28322046420544,109.28250561295057,157.93977744633005,94.71139871531228,88.64901923131706,49.36021778273517,55.94908167954207
c999af32.qasm,16,success,1.1311006,1.1223667100023513,3.99130400658782,1.1287228338225086,4.09800152382536,1.1314148536473432,3.919677087482466,1.1308714709712477,3.682136625475793,1.1382912490986015,4.183904711619194,1.1305704694760799,2.5835685122460865,1.1212847434374669,4.910291894860457,1.1121104640178852,5.623732218638552,1.125981522357702,3.433518412602637
c999af32.qasm,64,success,5.0753012,5.097708962724633,5.416780586304916,5.124278793517907,5.438471274034185,5.087449587594563,5.790554860411126,5.1090302692756255,5.2516714567057035,5.113256741797972,4.8921339052725905,5.053686376613075,3.7589503982139707,5.0877456473624605,6.34808871806254,5.076360474329284,5.956913528867572,5.090174231936134,5.2935191476183405
c999af32.qasm,512,success,144.16692230000007,144.9276399270658,57.58899162688997,145.54191626857627,79.58514130009732,147.56852758176916,46.12820181782447,145.94926648629678,55.55210008467844,146.31395275627455,58.78375581725056,146.88112406882115,38.40895634420696,147.02444789315572,76.26663224686233,146.3798157714351,121.8531269034766,145.4206618130624,46.19934739570908
ca0a2ce5.qasm,16,success,3.3426185000000004,3.2405162307667252,3.3257523282794983,3.304630035637152,4.091647595142168,3.28557606055604,3.078074524653752,3.2789722795754637,3.375866151802697,3.3176001679078633,2.7324819162309755,3.3096433414374835,2.8818789370852866,3.2966756265880193,2.8985140827353804,3.304038745218888,3.8522999225216776,3.2318444005479385,2.451651446172124
ca0a2ce5.qasm,64,success,0.1686469,0.17769316080520495,3.294990405323537,0.17574796047411925,4.020925152473669,0.17816813884466343,3.491830801385292,0.17951081667254098,3.809356748365867,0.17896990811922645,3.2673589986923557,0.179805893757148,3.3975043376812986,0.1826510397594901,3.1353181926803972,0.18028990566866543,4.428503652680969,0.1797639798931832,3.1879179309215484
ca634f4d.qasm,16,success,1.1346432,1.0763115416875122,2.1612360886093844,1.0764945146599283,2.1608486711960255,1.0723849238304726,2.0284997346295377,1.0705882257405028,1.6847885736293846,1.0665425828171273,1.9209061561071599,1.0757514529418823,1.4496102485966973,1.0789958752222295,2.59243302951598,1.0650949025960557,2.864437324289435,1.0636507503604378,1.6344139220632508
ca634f4d.qasm,64,success,2.3053915,2.263503891452751,2.9709025229757144,2.2527894852066495,2.9702867202739105,2.2715641914801235,3.0650630496413447,2.2547435567922403,2.43970522175726,2.271573737202832,2.4412280079934625,2.287283105650707,2.1927893296047376,2.272546768753785,3.3498241212729556,2.264279306162157,2.66224629121522,2.257184852528169,2.2946850296256285
ca634f4d.qasm,512,success,24.028526199999998,22.480002325884172,18.536049865107888,22.534328537141473,33.80080956834179,22.569142053740812,20.1156386220579,22.732590074464643,15.052339008064026,23.035755337943133,20.364495881646764,22.750587782976638,18.904030133563584,22.44613126722861,17.254280083577125,22.627402405319643,30.336471476620396,22.341568594470232,16.76359357079801
ca8c6d9a.qasm,16,success,2.1916357,2.2284950225029205,9.309100392782907,2.2302227774400167,11.85566844153705,2.2334893787728505,12.239383134653666,2.221153588893588,11.614706827871744,2.232339581637025,12.441634552006601,2.233553106190146,8.144493449688175,2.235183852317075,9.64130399602101,2.2352560294603614,14.644000072001756,2.233399667300357,10.7862328338084
ca8c6d9a.qasm,64,success,12.676150400000001,12.723157590090256,10.84322711279745,12.704704712758193,12.347859286017114,12.675923820702112,16.792798956768603,12.704833494225639,11.861662192698828,12.71939720771502,15.112654164091767,12.689779376742715,10.214739288806761,12.650990224652872,10.97477917589141,12.655542086369904,13.50281501529287,12.595520611364021,14.678092869679594
ca8c6d9a.qasm,512,success,522.5552257,524.4525103274857,173.8105101562876,523.5778149467612,226.00041227302793,523.978650376309,204.36244630836035,522.223336019975,204.0815050146033,525.0572416476374,327.73269572711706,523.7415165095267,182.8762397654444,523.9617728545815,225.93363146249305,523.3030326446551,387.664594768373,522.5705932792853,248.61004882316638
ca980007.qasm,16,success,1.3004284,1.3013740646415743,4.8533332632939565,1.3044013522679583,5.369619234358898,1.2978234505375295,4.884126397065477,1.295469293022966,4.302876267531937,1.3026597431487466,4.606401632615386,1.2998354686069984,3.407780375770172,1.2894008419196843,5.538164172014047,1.303760911231967,7.407483742428736,1.3028491845435446,4.720776084415622
ca980007.qasm,64,success,6.5013756,6.542053013647297,6.516543219142397,6.574523808364175,7.198380028680846,6.557702866414043,7.283499672073773,6.4863561985016025,6.3746223038644825,6.506258575352568,5.712153948776576,6.517085565741774,4.932847479028273,6.539306077394106,7.082695641025712,6.525504104406222,7.43143587860646,6.5249862419103355,6.931517589569389
ca980007.qasm,512,success,203.21602670000007,212.53498769647018,74.93172751085474,209.00893161133217,109.60150012479201,205.4628784025767,67.9799900269443,208.90390406816343,62.87565018426122,207.94491235413687,76.06548811751732,208.89218019869264,55.561031056089654,208.79019571503983,102.0485312790348,211.33718434085975,160.00267059634726,210.9705565243386,75.59046725421364
cab2b6e9.qasm,16,success,1.5307986,1.5462916815389867,5.213305896644757,1.5389207165297836,7.028822465670982,1.5165683786028017,6.717221502358347,1.528261113340968,5.896844821100401,1.5270936223022633,5.058924456695922,1.514309710224152,4.504245675334731,1.5316797393188022,6.166098208743186,1.5397170245249678,8.846544990209964,1.528652630367422,6.313504771312975
cab2b6e9.qasm,64,success,6.8686035,6.911517483766138,7.207240496580444,6.837511854823147,9.57141150336378,6.914077951383908,9.005303568132586,6.905902486350204,7.757648781477334,6.904754247380947,6.483277323307321,6.838932448064778,5.87381528404628,6.89231929713424,7.77954630493639,6.930594695702084,9.264029153822587,6.932997014059257,8.71585969709234
cab2b6e9.qasm,512,success,204.01155880000002,197.8819509044766,97.4728068520667,203.28089924721826,153.71930553862228,201.07972450324988,98.39410743663088,198.03203107583838,87.66256665895459,202.922986993241,88.59664103895648,202.5056805099798,76.47048466655085,198.33078589599015,128.78537955991982,201.8900150356594,189.64924274869733,204.54774264840523,136.946354621858
cb2b300f.qasm,16,success,1.648719,1.6405352914573328,6.40957717699189,1.6336472362971937,8.496531161947438,1.6360728455400915,8.25113078600832,1.638535702438758,7.25126394771368,1.640251846968821,6.246159733897042,1.6329245145627422,6.202892813014435,1.6324415317381584,6.6396704960491215,1.6344107376837345,10.71138836126102,1.632992378365598,7.262758306407131
cb2b300f.qasm,64,success,8.9312101,8.915391015588517,8.45864795091505,8.957648771500105,11.035301330470356,8.925624303114432,11.638809185384465,8.919970097607687,9.18231408573083,8.888922221185275,8.343414987611357,8.91158769812539,8.316891870750727,8.911963374586795,8.547617404849506,8.896163376284692,10.063887510746818,8.91234834248881,9.632376059922755
cb2b300f.qasm,512,success,336.9242883,341.70253836861235,105.36271488778851,341.5380252697374,190.93761282377815,338.1094304631825,118.28930436360211,340.62891037040066,106.84688681558535,339.7049218979695,143.90441447331793,344.5793645490473,112.22474980666452,342.03257009284266,149.24575700271072,340.1865919172427,241.94088986388408,341.9277867144531,160.04594575371016
cc5bc6eb.qasm,16,success,0.23998150000000001,0.22455718166154798,0.21844520398737546,0.22680352749332636,0.2070900316462297,0.22489705625960257,0.20688054554180782,0.24685276805722606,0.21413926985947151,0.23905593305734812,0.21468725344634584,0.22413335304899407,0.22052764296949484,0.22414347306226937,0.19271820511793844,0.22546722676652597,0.19497363742113683,0.22237802668985684,0.21647683353410177
cc5bc6eb.qasm,64,success,1.4279914,1.627106523148078,1.3857292258843605,1.58488129568612,1.397476803079938,1.5212724362221721,1.38911450073902,1.5713480617485438,1.4380276198364692,1.676612199859212,1.4241818832428426,1.5506577182802408,1.468581293190597,1.6406808423570163,1.4586589487764858,1.5680800304841975,1.5802139042815155,1.5110994207746355,1.366063103904455
cc5bc6eb.qasm,512,success,0.2081356,0.28771747452440666,0.3342457816844516,0.24686213396589415,0.21673273992226003,0.23969963282836018,0.21757044563735897,0.2726925580388535,0.2344567814535065,0.2650600918213971,0.2181545783722662,0.22802066096673715,0.24413572200918437,0.2671768340243212,0.19509999004572476,0.2158697647758155,0.22146840768513906,0.2227136130281608,0.23812231229591754
ccfd978a.qasm,16,success,42.34227140000001,60.19257878105036,31.313060907472693,62.8081641740432,14.146531802970918,59.16767467910921,12.491426178177672,58.39935214805619,14.924092693610415,57.27999897334989,8.990171789253107,59.878331307037925,13.463436029424312,59.30604589343574,26.501574872354453,59.58303797360226,13.365165464022727,59.22526058773115,10.299509148467006
ccfd978a.qasm,64,success,2.7107435,3.461011452460796,4.506994291702453,3.41748370964864,4.644612225743423,3.3372987178763256,6.410942127998941,3.48516202196874,9.654702297220066,3.2821896747350854,4.178630806984171,3.2024988818989844,6.890767686026458,3.366934544022209,3.7272839041458443,3.197232919071093,6.429301622014388,3.2687320799002233,4.570050536723972
cd51d9b8.qasm,16,success,1.7485021,1.737498562740222,10.757455490772738,1.7509555928196154,11.26143471854662,1.747145394211407,12.775409695724539,1.7479886612582316,11.897983572123062,1.744953775619965,11.415208305476451,1.747826319786112,8.765233873828894,1.7469460113656539,9.216810499881436,1.7384052600997344,12.282262616565385,1.751186356178656,10.194799944795793
cd51d9b8.qasm,64,success,13.210056200000002,13.111597485943589,11.860560654897585,13.040239271824863,12.117479049443668,13.020885591864289,15.693986750699706,13.105600843218633,14.783006618454595,13.03226894201887,15.43876534671947,13.027626811422582,10.104496844457804,12.883672718865183,10.79790127943835,12.959453284620594,11.609827667824336,13.090834381093266,13.69079548874321
cd51d9b8.qasm,512,success,574.3465174000002,569.8964189761749,259.2391802372778,574.0882462283766,298.70266293773125,560.1996398123803,239.0357986867681,569.655659027408,239.18362132385857,569.9671125734507,316.4586641904606,567.2285996017303,195.94400892580597,577.1791967187773,235.34448593533733,566.7975668986302,403.0169157641834,564.6677331765148,279.92049881221544
cd592018.qasm,16,success,2.3526015,2.3397409031935488,10.737975463855815,2.330706854963313,13.87243776481239,2.337610444846123,14.88258272785504,2.352310264156103,13.364531549648476,2.32953882455712,11.68432215041848,2.3291067581350853,8.977862962608642,2.330762829234423,11.187274635754987,2.3296967694566764,14.61656225893386,2.3368051931862786,11.613356574743525
cd592018.qasm,64,success,16.3234668,15.955727662764488,10.90429539557337,16.219593831717575,17.181748784443684,16.122328118736906,18.545587372801897,16.06418682961734,15.226080719224198,16.263067168081907,14.851130386047183,16.339918983057657,11.034888697184469,16.368852392579974,12.487449792602835,16.02871729294477,13.724743086443238,16.2226951354861,16.148056922699237
cd592018.qasm,512,success,666.1303829000001,610.9576369132433,175.4144780483864,606.459218246636,280.06678313602384,585.9580738652242,204.43975799084905,596.1323348438648,189.88377544167938,616.1250881186712,253.1842147431991,606.4229966253811,142.2216579100457,593.8088573725714,195.08992257029354,606.0173297621312,338.79850770169287,613.4483567130605,246.15805559178412
cd5b55b6.qasm,16,success,0.256669,0.18263702227713582,0.21911716167678805,0.18370010791657213,0.2159654313468311,0.18254890544813446,0.21874758132145952,0.18167864069057552,0.21158677782554267,0.18207804173107672,0.21602002951220886,0.18289853879395954,0.2097941465085146,0.18413493797817085,0.196624031414848,0.18229550674481818,0.1967716994011122,0.1850601692898556,0.2019700831685412
cd5b55b6.qasm,64,success,0.1625885,0.1796949454461444,0.37557733990752834,0.18386351632078032,0.3697240777452724,0.18617456184450973,0.37364906585418683,0.18545849246242255,0.3797897883472451,0.18289877892291792,0.38117291948346005,0.18470761125964597,0.38806738089377835,0.18494081066592546,0.3896509254848978,0.1815139395473887,0.407130028869647,0.18945998080308368,0.39877108371882547
cd5b55b6.qasm,512,success,0.2338264,0.1852891326710249,0.2388844704421686,0.188407660030894,0.22124910997882735,0.1855227794528271,0.22089200536279768,0.18680276939117552,0.2186981969047293,0.1847498807640234,0.21508003145934806,0.1854948843544846,0.22243500728395654,0.18485869713569392,0.2088931830485422,0.18562939515351662,0.2158851941936064,0.1851730668116396,0.2185247891609927
ce4f4dde.qasm,16,success,0.1818813,0.19870096519165642,1.8761341427933886,0.192280439685708,2.1553727721931115,0.19621323550118752,2.244288208836844,0.1974706866999968,2.2880286482311436,0.19616830157338355,2.1418732124227775,0.19902356063448215,2.365821882847192,0.19255021146404988,3.170906126886767,0.19803594607084207,1.9217600222488698,0.19816089945666163,2.3474530903094437
ce4f4dde.qasm,64,success,4.050673899999999,4.4163121974777875,4.918568186464598,4.244674454934045,4.436960225834541,4.340571215800599,4.0951446535366225,4.31680387548101,3.1615861557997103,4.28438384301496,4.035939813335484,4.3732421479315855,4.463169904520913,4.449755955970444,4.738024139582564,4.477440071948592,3.4048525761147115,4.183274841299073,4.288786549373018
ce4f4dde.qasm,512,success,0.1800354,0.20505362904461336,7.15667251170195,0.19820542505698754,6.421826555048411,0.19776010328156648,5.573847999244399,0.19646804650799782,5.395721121634378,0.1922855926028744,5.842077102951423,0.19544602490045176,6.526055333636219,0.1879883178562039,6.389979912763218,0.1957287664918142,3.8179606560731734,0.19196048129114343,5.495812319563504
ce7207a3.qasm,16,success,3.4724855,3.1883714178752904,3.3036162148310098,3.22300702635295,4.103684176462126,3.2099430219027947,3.0562760579933013,3.2126409518237447,3.419422684178042,3.238810636536087,2.7825567746795925,3.206279543239967,2.8390063807154844,3.171810417435511,2.960334212719909,3.2639322936818917,3.7887984973044646,3.04463340460938,2.5396717787606593
ce7207a3.qasm,64,success,0.1853343,0.17293457169773774,3.2739598090207314,0.17385205223331293,4.093771804122938,0.1726071793687317,3.4928868135873925,0.17496507400313477,3.842820771094639,0.1761634104972223,3.3282215314253802,0.17621850178751947,3.4002671459023737,0.17926811060579026,3.0990036570376853,0.17267740256595163,4.370263435701415,0.18078130594611877,3.3477159169539212
cee426fe.qasm,16,success,60.8826121,64.70740176067503,38.42596287587887,71.29461826794316,39.869364906895896,60.31151791093316,43.81370391043247,89.81530574212995,39.24329148145464,72.52081681968627,37.96277484790901,91.91704337594535,34.481433217404536,92.04733303156058,43.22628985917176,68.99772322137648,49.21720335914382,73.81377024995744,38.9635117078954
cee426fe.qasm,64,success,142.56026650000004,51.437711249282515,32.49747972738069,85.272017042514,59.03909132856017,80.07602583878645,64.65962840010341,100.25429412631821,51.74775354717769,101.25474592266217,67.87077851826362,87.27264474863136,57.09926178582939,73.28824586727693,29.480581988088893,71.1848519659016,52.78609456760479,95.12845639429493,68.60166277184155
cee426fe.qasm,512,success,11992.309916099994,2404.9723025677604,2372.3460667580557,4200.352166413731,2945.573796566634,2828.1518405021634,3635.8762513348365,3820.422580758737,4649.547818669193,3119.1044189527365,3124.6914366601322,3681.8243508337787,3642.0488114766117,3680.4200614768724,3597.695750542593,4636.265151382062,3149.3649645906803,3786.8377666276297,3673.450208277844
cf2c4cc9.qasm,16,success,0.1780009,0.19394305495182146,0.2226931051197601,0.1935205891802692,0.21128904093686912,0.19146130055057511,0.21411539343076688,0.19120708418237434,0.22073783768667188,0.19070069487209085,0.22945827787238632,0.193684423232009,0.22163438756318962,0.20004470557621004,0.21663767791105018,0.19601709780037155,0.20749588339687358,0.19143272457284677,0.22037283310639333
cf2c4cc9.qasm,64,success,0.3343455,0.2756151331657043,0.29391444731206706,0.27383677897464537,0.2559451419049457,0.2681428092429694,0.2655049958621751,0.2644196986291676,0.27092019272869505,0.26185420855289077,0.27178607607431693,0.26175682933635386,0.2562784266911192,0.27793341819495115,0.2681038700586181,0.28233077768187914,0.26196162390353295,0.26806145335332104,0.29105876357268623
cf2c4cc9.qasm,512,success,0.1702461,0.18855396734891777,0.2238345039461278,0.18794106438501434,0.20601750082260795,0.1875215851025176,0.20988895641237446,0.18740066352314733,0.2216764495739729,0.19103286048344786,0.21692162131829765,0.18956926653637518,0.21283055676030382,0.1926451993825874,0.2176467121226445,0.18755641826505381,0.20643285034590544,0.1915475806039518,0.2212068152884131
cf5bfeb1.qasm,16,success,2.2799182,2.2242317258748554,9.856430568697233,2.2281362750435805,12.08922258842729,2.2298155662529577,12.30005390052127,2.218877860067446,11.538164202946197,2.227526252462704,12.702131283664798,2.227763592909039,8.1161431631776,2.2291096914985777,10.445806556596835,2.2266168115400453,15.44369801719417,2.2284505383947617,10.742303478021665
cf5bfeb1.qasm,64,success,13.079453599999999,12.997520793871283,11.151075643525184,13.041068942414347,13.066005700361442,13.073459846026356,16.767542642748722,13.038405357407177,12.2578250638111,13.028268839992965,15.818994094575901,13.043367737683583,10.288708122997956,13.039066316955784,12.035188327105407,12.94098252276106,14.60828628212478,13.029113575867202,14.488539904040538
cf5bfeb1.qasm,512,success,361.00468059999986,566.5422397946851,183.43979129072108,566.1600175549008,232.96025866054984,567.5052626604721,213.14121326053478,565.0981575264813,219.72809928714852,563.9361983448373,358.69204220958034,565.7334422344238,189.3672235672077,566.2367309368572,238.5319209495193,566.6910299603234,389.9009892621677,564.5256355160253,260.45861183756216
d168a391.qasm,16,success,0.17140079999999996,0.23285697517086373,5.65441749924064,0.2527724592219366,4.033982476332772,0.23331499025882882,4.477356583247762,0.22835379279926896,4.653003290931394,0.23213801364537515,3.6529779895983614,0.22943192149753505,5.792891121402806,0.23884084383393092,3.7848780923121654,0.2174000878210671,3.037572785808818,0.229946837722467,4.484239376502972
d168a391.qasm,64,success,2.6421047,1.7371629377972506,6.8367939478624375,1.8357823359332868,5.817864698497135,1.8189201663575616,5.426913186286321,1.890889676248707,6.099528447620591,1.7808773866890628,5.39540086133024,1.6436620416756427,6.337590192769032,1.9966730768395855,5.200277081430817,1.875312494361509,4.480735214832729,1.869682691826792,5.694476502223532
d168a391.qasm,512,success,0.16305370000000002,0.2540966733500707,41.85903731398979,0.24429586682457916,19.539244187026966,0.2441607658127942,18.215113503752303,0.2567171894949794,20.71576166637783,0.24013932658500992,17.170076892776752,0.2397451198684228,14.631782795541417,0.23017650380284768,6.194792100273939,0.22687472704489764,6.795009531111509,0.2367161406975361,15.174710878011851
d20d9d2e.qasm,16,success,7.2601546,8.197957176898429,5.190260631653217,8.20960534433377,6.304871056270846,8.117252627112075,5.197725086972755,8.235171066895164,4.327310992136978,8.085895613358042,4.0898514941019615,8.164288224430665,4.392444167286847,8.173290218280439,5.0283449800775575,8.228528312911218,5.063856742849282,8.242890865611095,4.279503255863893
d20d9d2e.qasm,64,success,0.21048460000000002,0.21929485481157923,3.872138899812623,0.22291585725928623,4.4416585566254385,0.2215835101840968,4.392355515793028,0.2292093490080062,3.3165276234693892,0.2302190165949998,3.663687172847941,0.22206369787237093,4.10589409553563,0.2435899253716095,3.487118203058402,0.2351073855311707,3.3320163510795764,0.2254645466192691,3.882011778059351
d21812d8.qasm,16,success,5.7262911999999995,6.819435244895037,4.184984400466632,6.59363765843155,5.853430268225106,6.523517553601181,5.08198791295783,6.60400896571161,3.869569956676981,6.636571069549956,3.425588072548644,6.666804492314933,3.5831171300883495,6.6159908659234725,4.248448344297201,6.6531557392086595,4.958939119205391,6.706066341044008,3.815047035865153
d21812d8.qasm,64,success,0.17260249999999996,0.20036493963516175,3.7498182401455855,0.20190075826520726,4.23369113966258,0.20495843757540996,4.213885780174712,0.20109493884412183,3.5278644072114766,0.2000903659232743,3.3491659825092217,0.20074310230045267,3.939763634576774,0.20100916922609705,3.6745708923053524,0.20100616093038232,3.847614306504755,0.20307610385178101,3.909622174960742
d2ffaf7e.qasm,16,success,0.2321556,0.18031919741886251,1.3363364756398206,0.17928459343243333,1.2842347453196863,0.18016054252305533,1.273551607870803,0.1805759141582815,1.315520165805959,0.1815344879639681,1.469977891016624,0.18101830725428839,1.5361701113048836,0.17812654198837702,1.3277900659416533,0.17863967956577642,1.6100441326026653,0.1772051337737466,2.051610681091226
d2ffaf7e.qasm,64,success,2.5454339,2.535074979086008,3.5041754181794054,2.6022770012717324,3.0705952726118286,2.5950167732404736,3.0692780725515334,2.602881048549224,2.585439055232197,2.603031980563136,2.7640742845857513,2.5515860507322414,3.15778001548444,2.5590783131351094,2.717645904256502,2.545222566004228,3.0360364980714953,2.5815172779755815,3.6200850755904717
d2ffaf7e.qasm,512,success,0.2593566,0.1766120706337644,3.076596806706079,0.17397951069147372,2.3066215811938893,0.17474095765837136,2.596091700252355,0.17485919930938007,2.323808824558349,0.1764941593422449,2.5048420807605556,0.18099034026310773,3.6510162673665936,0.17780528459470102,2.250480949844521,0.1738477552226333,2.207515083291327,0.17482668430104356,2.9927577766814175
d3f98c63.qasm,16,success,2.2281586,2.2476904865928136,9.777141309197651,2.249136314516389,12.08922258842729,2.2491015410128954,12.30005390052127,2.2476559252568276,11.538164202946197,2.2477878519390715,12.702131283664798,2.2509797969025223,8.140221858704122,2.2486588520025683,10.445806556596835,2.2484018077320984,15.390310858754434,2.2510910023364703,10.742303478021665
d3f98c63.qasm,64,success,13.029918900000004,13.10590066275011,11.123243050990741,13.057281051799725,13.066005700361442,12.978792433611114,16.767542642748722,13.056220486501168,12.2578250638111,13.056899175971669,15.818994094575901,12.995111016698502,10.288708122997956,13.021301043963787,12.035188327105407,13.001077136124644,14.684170332152467,13.079214515794721,14.488539904040538
d3f98c63.qasm,512,success,562.6930221000001,559.1892222826162,181.94499102448924,559.947225962013,232.96025866054984,560.3494437666149,213.14121326053478,560.0423551014272,219.72809928714852,560.2273556994197,358.69204220958034,561.2066937449613,184.67759706440583,562.7090477657694,238.5319209495193,563.4748553426521,403.1424851333306,558.2799438022336,260.7265122516306
d3f998bc.qasm,16,success,1.6935747,1.7615900514715381,8.96048998960963,1.76231672110259,10.034571809860578,1.7590751427370006,12.318535492933984,1.7502004227770485,10.291842982960937,1.7567370048281583,8.937087701180504,1.7602489006968585,7.13316526120396,1.7608364897518882,8.893134404151407,1.7554735864583417,11.273157049783181,1.7566407904865111,10.12591348111412
d3f998bc.qasm,64,success,12.235003299999997,12.187561406172911,10.047547975520704,12.317966581121906,10.811038892663642,12.234332050981482,13.99183661498451,12.263706012811156,11.922317547745736,12.241178232758624,11.304207676034563,12.270058655722751,7.978282550300674,12.21706985270399,9.834001483246205,12.18522553271017,10.51873525663984,12.230553893359485,13.123255480687655
d3f998bc.qasm,512,success,467.8785964000001,481.44380626385225,198.56035760357057,481.30963324654283,258.42231353031457,486.7755333680786,224.0087879294945,482.0719324119293,171.9244818422364,477.2991868050914,193.3038262361701,479.2080722137139,145.17628297218462,480.24482808889235,203.5116817135393,471.9893690360971,318.359166766858,481.4010626799417,243.32855152331314
d49ba491.qasm,16,success,1.0047482,1.100798506215346,3.6235404455325853,1.1096164495927905,4.072480810549051,1.1042846655661152,3.7656328909381007,1.1041331931700746,3.0827354953182016,1.1052338465009768,3.4725749476579963,1.0976751483989529,2.1200210913049973,1.0981898626523043,4.464150652779411,1.11112513766917,5.363943825943496,1.1112725920658426,3.0811645206516327
d49ba491.qasm,64,success,4.3270887,4.306588835138737,4.807634031966221,4.293135076957554,5.155854432760553,4.325825081219235,5.490717822365436,4.333716544918137,4.076844645150805,4.304529406608626,4.059884948187563,4.315504022853841,3.125418250321147,4.285563684896469,5.865649338159558,4.277904670642814,5.724766558068877,4.313906229989171,5.129825601498675
d49ba491.qasm,512,success,96.86097500000001,94.82432288252593,42.37025090384576,95.46096638109795,73.23122786470273,94.61801072756073,40.74034983896434,95.535943938135,37.766361892887,95.9879177502398,39.32672960573016,95.14931566360296,27.760236488512337,95.1518711417303,57.37048515719641,95.4652913892789,99.28945507566712,94.66404117590933,37.170286790862775
d4a7f2c7.qasm,16,success,0.560587,0.578361622911824,1.2706869151541011,0.57667089812982,1.4671642146329988,0.5701086115911906,1.2643380566166582,0.5684517929595587,1.0433542924976993,0.5709743996534756,1.256337755207279,0.5751191438303722,0.9299806674397854,0.5706643055262505,1.6375137513563172,0.5714395094437018,1.7462989387560364,0.5668723097278037,0.9998945981713625
d4a7f2c7.qasm,64,success,1.1167891,1.1109204791127965,1.3942257427955953,1.1088445790434749,1.7399671995026018,1.1140898679100895,1.5931130211116822,1.0992320293214448,1.4034513699691942,1.110522504320157,1.4735631293923028,1.1076643650329614,1.2644069878658464,1.1134510596435538,1.3360835196836323,1.1093450015381265,1.4017322305283646,1.1118791126261398,1.3512674424552935
d4a7f2c7.qasm,512,success,2.7529107,2.6133296797771433,5.720350513920998,2.6206297032712196,7.695804987875901,2.6895460700268217,5.021873415538946,2.704207674948941,5.5424944989347065,2.637624678494464,6.228367249408934,2.5831118166232887,4.459556912277964,2.6712841627413564,2.161020152544853,2.6442551785580126,3.8032826466672036,2.598347489690289,3.8577521847064884
d706049b.qasm,16,success,0.2326287,0.28861823645484114,0.3292118648774632,0.2825913170007899,0.37021989421749923,0.2649621914460617,0.31222132593203056,0.27513117837493073,0.29608595222429096,0.26962232646479606,0.3323333595234082,0.28630024129930487,0.3382836041080428,0.2861199086289759,0.28545502746391904,0.2855758913120179,0.3499251496368604,0.27896927050722153,0.33346327099606954
d706049b.qasm,64,success,1.7873514,1.6520780220579838,0.6134991375840382,1.583669850882957,0.5970198087061905,1.6941315331999296,0.554182204336289,1.5386016991240565,0.5503268441194852,1.6520602263231383,0.6080451690094073,1.6232081886384913,0.5200500397613714,1.6340087526900902,0.4487097742691429,1.5433909080055446,0.620590888150071,1.6193167113039997,0.6411961147966737
d70a0bd6.qasm,16,success,580.3384012000004,337.33482084618265,29.548271574698557,327.89017092058174,24.485938398728177,325.4340189506001,17.096104230206446,339.90512475505744,19.792075050322673,303.51600227767466,13.324461678986419,316.2298380510432,22.442040806196875,378.6391814616214,26.25996267642594,333.1082229431209,15.790978538458921,334.46431645272713,14.366842634826732
d70a0bd6.qasm,64,success,50.607107000000006,71.39443528903122,5.4510905082374865,87.68657934086345,7.9978062682125355,82.08496867950402,9.268004613822608,81.33810792132554,14.48683167118086,64.1110934542109,6.41131656459719,81.98845647758925,12.144894527760567,82.4469001283697,4.886796501669637,68.21203075326166,7.983668782516871,86.92702968820554,7.15764659850186
d70a0bd6.qasm,512,timeout,14399.999999999989,8992.026130952203,402.8460296941963,9301.388498164144,224.7781874194978,8686.408722655446,246.5238684514903,8658.026761149697,320.9649048452673,8620.27077786154,246.44902735820128,8391.234949107915,204.3516033737847,9768.683556400969,402.8927396284949,9241.893019545194,256.5818870305626,9136.338376864118,217.1673736596942
d7fe8918.qasm,16,success,178.36455989999996,5.537340140063091,0.86310615785473,4.403479322100707,0.9710075951024076,5.97108556814278,1.2954791125485414,4.485768051119378,0.9958374030521385,4.740537500196314,1.0450402014204463,4.999456000287668,0.8648359505801346,6.4236565934486,1.680965042565166,6.873057534126909,1.736175731969039,4.326899317167566,1.39696855610192
d7fe8918.qasm,64,success,70.26249630000001,8.236060968920643,3.96508927445964,7.56942428088164,3.6690624751458842,8.484652029066668,4.143365461335942,7.1941587880658355,3.8416485215922993,7.15750088518834,3.6442764365293856,8.339436914206933,3.465220943699216,8.510529431896947,3.483966790101006,10.074467751045518,3.693061648724952,7.442656070590047,4.962376294570926
d7fe8918.qasm,512,success,177.67851409999994,6.606935375925808,2.9303502070143335,13.536824452650245,28.653426229911815,12.638002321931706,26.459093387920266,13.84418996883805,27.129853097193017,15.902502180398706,31.435526376273366,15.275622551350946,23.06195928067288,31.092629035692557,87.36068417002727,35.00904375563094,120.76230424601408,18.74860904610284,56.59055709981438
d87e1b4b.qasm,16,success,0.17300719999999997,0.23985268110142474,13.625630914848468,0.23149781240042033,8.731370088307285,0.23794886253269604,8.937934168332278,0.2359617699894236,13.259507012844509,0.2375302160811385,11.819017746721634,0.23672777542824988,15.620181307844584,0.2184214507423054,20.628097743812557,0.22012660013783344,11.128008861189583,0.21949264501598675,12.146101051935126
d87e1b4b.qasm,64,success,10.563292899999999,8.06498360214736,17.025500119630536,7.75838597990773,9.820411056831913,8.290341831569268,9.77609949717312,8.361874038072674,12.074682547050243,8.44524033259216,12.483008531722614,7.96590193991873,13.884076848791317,8.868073354702972,21.046588658656905,9.169647196463988,12.01947592104689,8.218526496751632,12.871604970735765
d87e1b4b.qasm,512,success,0.1801242,0.2726651125953592,17.673601654317004,0.24693228911954138,11.191865182555746,0.23418971865070126,12.499290314756392,0.21768191657950917,12.48545826542832,0.233253960630998,13.645433498387069,0.2284199181930857,14.411953698124085,0.21678848875890439,22.298074736868475,0.21775197340159255,11.542236579288685,0.23254248330067145,14.523084900779539
d9b603b5.qasm,16,success,1.2477177,1.180081153922089,2.971236164857052,1.1899889135432646,3.28849493645943,1.1954876464570763,3.131714241296694,1.182812911486999,2.402644963297939,1.1945282221669895,2.8718497691143408,1.179928426751715,1.8670213189173028,1.1945855191489998,3.666311278944104,1.1909780059440025,3.5338853411552527,1.181064570522958,2.4412222195016047
d9b603b5.qasm,64,success,3.4265954,3.3705170997633505,4.19793153907616,3.4231905419269215,4.444880935753948,3.4141360065625097,4.665230836604798,3.357541529111216,3.6492253278224207,3.4259460387727008,3.664995974017058,3.363757930423564,2.8462057188808894,3.435194727330469,5.020275014529135,3.3318144258580693,4.556230112385896,3.4191329426533357,3.8567903195410187
d9b603b5.qasm,512,success,71.4677438,70.7714874768681,30.81150994443893,70.92828798806433,57.66049154563153,68.96098652205036,31.467717870518488,69.27803694705216,33.02377169100716,71.53684133936478,40.41960904763845,71.7203704028876,27.795584697905298,71.60690857973023,51.473931225063836,70.15213869382987,71.76897171379886,71.0476727725497,29.71452032481583
d9c77e07.qasm,16,success,0.1766356,0.1976989002538142,0.226112873521179,0.20024281180486345,0.2223098152463787,0.20183218486651366,0.22126913435346596,0.1996988927293154,0.22485637157755287,0.19757815239918997,0.21463733712448338,0.20011763510890523,0.22974073872537865,0.2006312680448435,0.21291478377163467,0.1980734116657619,0.20902870648027586,0.19900158713139154,0.2106584523962367
d9c77e07.qasm,64,success,0.176099,0.18777850729186082,0.2885872489056746,0.1881442901462601,0.2570817518026665,0.19077993742058916,0.26484416028509006,0.19107323148390049,0.2665525494016591,0.19205059042820008,0.25620286084598,0.19221577726731617,0.2817249872315529,0.1949120048384013,0.27115026687703336,0.20018108309454632,0.26212515539447473,0.19269016658447063,0.24001309506630925
d9c77e07.qasm,512,success,0.1867367,0.19101500358441856,0.24054796752617047,0.1921535052528141,0.22849617219909898,0.1921412014767872,0.21365060325224525,0.1901285760528547,0.22452866062089963,0.19078894861149415,0.21239836797419412,0.19061711362220196,0.23785840477357348,0.1897214333369013,0.2088164519135421,0.18835401915517208,0.20281529558401917,0.19199864933051616,0.21180918492475384
da0e58a0.qasm,16,success,5.1639064999999995,7.393364799859928,8.42962933585463,6.2497802903540745,10.641909377889753,6.213981059744628,10.237320463672525,6.7110540356897666,8.230186765487597,6.477725982146417,7.464519002869118,6.209191432658501,8.960259745736513,6.571867990987529,8.009780722101567,6.080705530233086,10.215296574481753,6.1196779616745,8.38056865997323
da0e58a0.qasm,64,success,0.3444672,0.6715999897760754,4.438051578641148,0.7483234948422779,4.80637613331454,0.7309002701930872,4.811964054835826,0.6839382564175159,4.706671845163609,0.7507580578808403,5.116148775127518,0.7151315811975119,5.892728275060253,0.6178271737600939,4.128463805341099,0.6427965376048518,5.490580653920827,0.6599810521791126,4.52080106993743
da213329.qasm,16,success,2.1257089,2.1219767254297865,9.091554528152814,2.1220437177584723,11.658604128604827,2.120872257172819,12.00268408783201,2.121090907443257,11.163691244921171,2.1213176269350513,11.12494023258814,2.1216938274840156,7.839291183084844,2.121124205276181,9.485523657292289,2.121925193206825,13.644860063403163,2.1212685090729906,10.390228436302388
da213329.qasm,64,success,12.139482200000002,12.173383353535337,10.543857469361551,12.159426062028153,12.78267348832123,12.177068531670425,15.87381783544869,12.16893997425994,11.491461296074727,12.11316621375428,13.286197211765463,12.165612153256767,9.665406935034113,12.167073527910782,10.390870853433498,12.1633297608321,11.998645523489467,12.227710898951209,14.45309982824235
da213329.qasm,512,success,495.7341519999999,492.09040203215477,172.11921286920594,490.06787323407633,213.32341613546188,492.3878368072752,193.03972765055727,493.9761523327173,186.48606222556572,492.29694294795166,270.23401712224285,490.86615809320705,160.2887645244499,492.93885281652916,222.4180084677588,492.276912599427,347.68396422517475,494.76406500591173,236.91227319671646
da3a2f77.qasm,16,success,2.3491533,2.389390911012409,12.786045488165717,2.386858972484763,16.435723631378398,2.3874113155626904,16.85849756976736,2.3878687587248786,15.39861254471529,2.388294095163146,15.179507125612133,2.390234064882512,11.986598026061207,2.388596240442074,12.496588707093172,2.3870705353510346,16.4623866958256,2.3863983217084086,13.474254222375036
da3a2f77.qasm,64,success,18.0994781,18.358681299457626,14.171933706896338,18.166874157311554,20.484986446038864,18.210658967084687,22.060706058491313,18.262287260926907,19.083944330414564,18.07851652724001,21.914932445816156,18.226933587077298,15.904321703677343,18.11427025765951,14.819600824675543,18.09890179977553,17.404396725975854,18.041058586076307,19.883670165583144
da3a2f77.qasm,512,success,815.0945250000003,874.5253880160877,231.6579587692448,878.549741447694,340.557960407673,874.7036772619174,251.40892335090487,866.7737760847926,295.66834819151643,875.687240719248,445.39809048495204,869.9816886299442,238.07311546810286,867.6081185661342,226.8482965759945,864.0289016478871,432.15025319717506,872.5222411765777,318.5081423055755
da4d0871.qasm,16,success,56.542467900000005,59.11051015196973,31.296943779079427,61.159498700665644,14.812331754869282,58.517410927416655,12.576056876133165,57.27445189294097,15.724197380106057,55.90675781021101,9.112024307077906,59.5785774653819,13.569207895640668,59.36409210558534,26.534269114301324,58.552396737114464,13.6380959058899,58.31582938050679,10.422342913075166
da4d0871.qasm,64,success,3.6433298,3.4684802325213346,4.775113146991868,3.349942446186039,4.99944480975123,3.3863138577684198,6.43588106344989,3.418391723399319,10.092411607215064,3.3065965419501775,4.384251549752876,3.2024988818989844,7.114608364351614,3.3549947493162926,3.8383314446469257,3.2586608643217096,6.8579805203320605,3.2794202777003205,4.936039239740245
da505823.qasm,16,success,1.3033438,1.2900197703694976,4.8533332632939565,1.3016981526848772,5.369619234358898,1.2987560875646071,4.884126397065477,1.291387867345263,4.302876267531937,1.2971345081095011,4.606401632615386,1.3117512021897073,3.407780375770172,1.2923190465244416,5.538164172014047,1.2981014134307867,7.316391139944901,1.3027482878381509,4.73176481140917
da505823.qasm,64,success,6.5001772,6.518495436852615,6.516543219142397,6.471555705418585,7.198380028680846,6.640698176701475,7.283499672073773,6.52366027903555,6.3746223038644825,6.534583088897243,5.712153948776576,6.5255049248318615,4.932847479028273,6.582738311307022,7.082695641025712,6.5473958324249875,7.340048727731382,6.605714320485541,6.9476523422203815
da505823.qasm,512,success,202.88012400000008,210.507731234123,74.93172751085474,208.40296423527826,108.1775180291923,204.49089333171767,67.9799900269443,209.81020854241865,62.87565018426122,209.865576923236,76.06548811751732,211.75630375420948,54.86105706736742,211.64653043467243,101.70031788779329,208.51964059025624,160.00267059634726,208.16839146432346,75.59046725421364
da601912.qasm,16,success,136.53217920000003,156.41266254295573,30.704613432495737,131.88354929236172,19.373100022656647,155.01529974444284,18.818687147044045,166.94714989744386,18.413070935300233,156.06856213558237,13.779131491712086,156.4333910455923,23.74546283999329,173.26149481346476,28.16728168813868,160.27471739740287,14.155587744987455,157.0685868178761,13.865433534485712
da601912.qasm,64,success,15.833468599999998,42.91864670109998,5.29317939813667,38.127865012412634,7.855848730473142,38.27497043506951,8.306227086109393,39.806146705754216,11.953093862419147,37.56844628472226,5.91430377015156,45.87023418459284,11.02407654803017,45.259481567417225,4.578146052945447,42.110047611571304,7.552794074367192,37.55088407270767,6.39847506576498
da601912.qasm,512,success,6845.365393099999,8832.224478816532,407.6053640561075,6914.944138354714,210.2541920755831,5177.265648694114,235.21299199573494,6959.018887023479,315.5176786833865,5022.605916480467,234.93381997777536,5457.5565684560615,209.32271760350156,10269.981138793502,391.16482451124,9282.627170030812,239.96616657535913,4828.1991221504795,210.22003054204106
dae23358.qasm,16,success,1.3884339,1.3830718294552558,4.189746302142057,1.389704710606689,4.889461426898441,1.3842139546349117,4.686995138137041,1.3853627719050583,3.5416156608971687,1.3894796190218646,3.889061534258482,1.3845109373668172,2.9977593649286725,1.3836852734093166,4.980706706144915,1.3924784385211524,7.32416745179728,1.388805599150066,4.559931396458559
dae23358.qasm,64,success,5.7483908,5.735004585714193,5.58634745307788,5.759924015653694,6.110233100531798,5.7262462367366425,6.584609820481043,5.718946001835669,5.1117117866803925,5.755642651956148,4.738843460077674,5.734078584543613,4.230853228872837,5.725232224253247,6.257837022227729,5.73964913368265,7.2948920590208095,5.734026745078883,6.579422936206217
dae23358.qasm,512,success,133.9679896,134.26892606449414,60.933520421851114,134.27482261432996,96.73608563204264,134.51828920630106,61.35817902490273,134.21064243850734,45.10553476050055,134.74060252379675,53.58764843882503,134.24563597367228,45.94705613177114,133.77288040170944,79.16566537027003,134.6312103470875,148.85584648371548,134.50920469072253,68.6643290040823
db12c1f0.qasm,16,success,4.704939,0.19259809146948664,0.8243054660100334,0.21255798210770016,0.7999352451250922,0.20108470312342377,0.9706758943987545,0.20252352841753238,0.9045981031465904,0.19863747349470842,0.7839635957157908,0.2031237704186676,0.7564421525136906,0.22525741082649212,1.1453151889437427,0.2248134212761945,1.1417900026218681,0.2035171849833251,0.8819348581915202
db12c1f0.qasm,64,success,0.5786665,0.29668446154359135,0.9143840426560343,0.3076206906631718,1.0280492657463083,0.29372350685255366,1.0591073419250931,0.296695766796763,1.2047048598537937,0.2989048565387609,1.1495648017610869,0.2983300224330762,1.0173845832887471,0.3121980861454932,1.1652258904087354,0.30295769753938323,1.5774961824572726,0.29675656697338265,1.0231635218371582
db12c1f0.qasm,512,success,4.6964082,0.210980564935237,1.816311023273269,0.270005793836148,5.658383504250635,0.24272575163932875,4.793233436870313,0.23319683097744615,5.968800139813554,0.23873938383681845,6.109704395301661,0.24528073815539084,4.939631925676882,0.24644059565307555,5.433346815888114,0.27569995078226756,11.819617663367776,0.24602447718823411,5.579533507295992
db6ca211.qasm,16,success,0.2941825,0.2746691910543659,20.58818960168344,0.26763607440349346,10.742169877929008,0.28971671037671937,9.390457050825736,0.2735897208239697,13.590938932383455,0.29203158082769165,12.774192516743165,0.27478542957309104,15.583039862946208,0.2999473355867684,25.27633435011456,0.2654509962653693,16.55469076287033,0.2652031485653121,14.548872232399193
db6ca211.qasm,64,success,9.5803355,8.387585868055139,19.28648182133908,8.504678859884507,12.323104297579402,8.26259452706021,12.339922770829231,8.233613882105137,12.316387502862819,8.251267772810495,13.072983916108193,8.234935359490967,15.733730593528385,7.969082289439531,24.63129633347788,8.705750419903191,17.738051496670256,8.318890699504431,14.437798002041621
db6ca211.qasm,512,success,0.2892399,0.30559237016675966,48.2124414022975,0.2650977498486938,15.884305843614593,0.28275042318746557,19.633071894506067,0.2620937676615175,17.30378363705182,0.2758146857451111,20.165475370163072,0.27245953440599036,17.639902627358644,0.2964928851484577,24.89751383963629,0.2574107125691733,14.42580028239596,0.28629973039110956,21.01684852450863
dbcc99b4.qasm,16,success,0.16612960000000002,0.1828806317684481,3.6993013129935317,0.18406667359865092,3.9107819044456558,0.18315148601393771,3.6223697551544936,0.18463293614786727,4.439450668325611,0.18316900308925488,4.4226629127210515,0.18349136696616664,4.836225495466276,0.18599570877630156,4.404870007573449,0.18214608851733435,4.392464274220973,0.18431554173892403,4.745897389999977
dbcc99b4.qasm,64,success,1.0593415,1.051798841996103,5.22757949848068,1.0553005740539159,5.793980742347261,1.0532354709314775,4.786373262284744,1.0730063127223763,5.867832149938432,1.0644981643896374,6.402777681409192,1.0412109634402642,5.993890866149174,1.0704150841542805,5.6946886166425905,1.090804166905911,5.074495011413168,1.0666415447550603,5.751287789890509
dbcc99b4.qasm,512,success,0.1705503,0.17675559324900808,36.76973157628494,0.1778660309483488,22.653138246914057,0.17776777106021235,18.000675560511972,0.17714512529649346,18.87998567408387,0.17656220560894545,17.25717498627907,0.17695020130244737,21.43103781347184,0.17923357624966665,9.330167880285616,0.17694889106469766,7.957324090876407,0.17944876295682252,16.007443910646888
dc86453a.qasm,16,success,81.20216329999998,86.32932682712264,25.282517270256932,72.26837362413404,14.781069594160748,61.57787741997673,17.43661972733253,77.89605420661817,16.38500512255601,57.97389801816827,19.06847258665603,65.19115072600455,16.914964894720118,73.20269897452876,18.479822223909927,70.24729091995263,13.46145583376955,63.30137278851528,15.580731622752143
dc86453a.qasm,64,success,13.8824137,42.16705463122195,5.097893405528395,35.06783013991798,4.668652056833032,36.118627467971585,4.752083040966882,42.8558944600168,5.365560626074449,28.417585161716758,4.122011688041536,30.127794479930962,4.470230899815134,35.11846222291067,3.2103096427817484,37.845210209540745,5.203657643473335,42.46870633944818,4.866497750727327
dc86453a.qasm,512,success,232.4684939,389.88388994878903,10.534160313086991,247.670344900885,11.276985812090489,533.3248688563905,12.623129687616432,580.7650514929409,9.970748918272115,326.51435430183477,10.826671564336722,343.4778781833003,8.480649043860035,1035.1689613158887,9.042812830478917,1000.5762763512741,10.05746163621648,380.0219674308047,10.012259549745098
de690b52.qasm,16,success,1.2104143,1.218611891365532,3.292308926031009,1.2160691453730683,3.5396957764199617,1.2085359897950463,3.111040496239687,1.208346852846626,2.679578099242212,1.209529133030524,3.0999211259116124,1.2200054824100923,2.1080242520381334,1.2173853724255657,3.804119486044121,1.210510651975843,4.052342823554106,1.213335677322229,2.6389528677149556
de690b52.qasm,64,success,4.174748,4.172297514000589,4.5856952187659035,4.16909672223548,4.80807753973608,4.128891106676368,4.653422873712638,4.173566642080243,4.072807489605329,4.1559199583402275,3.7713119153672947,4.144390213170488,3.210063196867759,4.158299543515767,5.298898916596843,4.1855052663112735,4.917747966978234,4.188842772644184,4.041602490738738
de690b52.qasm,512,success,92.09334020000001,92.96036613190265,42.151370141957,93.38587569276858,67.09888483085685,93.1576434668944,32.07148919184453,92.64319377874541,43.01535931631984,93.23364436450689,46.868657873166015,93.47335505870115,32.88047302965249,93.23849125802171,55.34912800290963,93.2080841843664,84.97395306690812,93.06494107271516,33.16555267984723
deb00fe1.qasm,16,success,0.16799240000000001,0.2456850263176984,0.23340018576455399,0.22772873466984744,0.2281313049702283,0.23109390627363585,0.21333115427056293,0.22703927845940972,0.22075400747369245,0.2332997769524441,0.22562650438173257,0.23547403986392845,0.22325360060059204,0.23163927595998257,0.22943141221111377,0.23043042606341127,0.2248993433811739,0.21338052915014105,0.24787167594293305
deb00fe1.qasm,64,success,0.5832587,0.4390761055481122,0.5033000291308348,0.4275086765223962,0.4821552318774419,0.4181914775619478,0.4822541105203246,0.43381432053728,0.47943190505039046,0.43253828489201257,0.4887200447285799,0.47923491374137844,0.4970230667710575,0.4324675615529959,0.5427420223802144,0.42319704647416717,0.4731918516965543,0.4176238931425879,0.48690108896297657
deb00fe1.qasm,512,success,0.19616600000000003,0.24644307067089286,0.2309447728191974,0.22516341682860797,0.2268995319347742,0.22794006783754456,0.1992948723080063,0.22160159196868834,0.21644688143548246,0.2336151463004143,0.2090338219663777,0.22696806530783908,0.197496106549533,0.20830298509945797,0.22886674964482626,0.21314845494203627,0.20052638704448608,0.21348855886484383,0.21278241323065022
df1a7a89.qasm,16,timeout,14399.999999999989,6031.868135500268,11.288688281894977,5733.121494208056,14.872252483680178,5784.406207648101,12.765879460013126,6183.302315414207,12.628947324838235,5276.454868147952,14.136616410925011,6256.077745751325,14.540626466712087,6432.899758479388,13.871598184132507,5908.456314133898,13.9929931999244,6554.5574754099935,14.469611156394532
df1a7a89.qasm,512,timeout,14399.999999999989,5108.742996350832,13.461987563573583,6315.5547277932355,17.23143315131251,5927.761315292166,19.099808702810126,5020.786377817287,16.47582848102385,6088.226195853483,19.315979063981686,5755.239159054167,19.19820404184304,8355.936989300882,15.518247485880671,8872.796022529039,12.420797468536882,6125.752579612342,19.306653005661367
df43c2c2.qasm,16,success,1.8799254,1.8785073320129422,7.882050848950588,1.877379825587175,10.236855871763012,1.8797918948140455,10.816844680379829,1.8787888509561963,10.136068817309129,1.8795229225757255,9.268553524639977,1.8760160696204502,7.540857795205967,1.8808698021306909,9.115522194485736,1.8767773358398558,13.440781681561429,1.8737653242007142,9.815986127600603
df43c2c2.qasm,64,success,11.393904200000001,11.199129826546876,9.395136174291485,11.18751266107144,11.285915223545077,11.238145678385395,13.24137675223473,11.276615095509413,10.398643265647323,11.238831802052418,11.96438276503014,11.096556531527042,8.892824821419437,11.26297457323551,9.827836036111318,11.221596975152584,11.529685346031018,11.252752130322914,13.764506709112457
df43c2c2.qasm,512,success,464.5924747999998,465.7690063835445,141.81973957347665,467.5950771397349,205.71975728985927,466.876979446805,177.30398925644437,466.781813337723,163.37271368624866,468.81969516976284,219.93279377800135,466.44254892561406,150.2068667845689,464.8323717499924,216.89391345261325,466.09854060916985,314.87108342521594,463.00727583973116,235.94015730645214
df458745.qasm,16,success,1.3833654,19.375484064650838,6.669167193690973,14.69132170421983,8.844001174542065,19.15710040959949,11.079380742565888,18.055188522761156,10.46791769474653,15.632600152942732,12.4641178242677,17.643850978838916,10.50005567231134,17.78429120872882,9.22417752738492,13.872727376591163,11.165491421850183,16.6398888512841,7.851447522383086
df458745.qasm,64,success,2.1396599,14.498320875786577,5.368983171519086,7.801733238915154,5.450760166776918,8.055490847900879,6.656907458653159,8.85196265042868,5.233103138482496,9.495482589743307,6.578409446377743,7.571424036391136,7.611583352137807,11.366204170317252,6.306065857548642,8.857697012019576,5.591123070893925,7.8219588785650025,4.752460988712049
df458745.qasm,512,success,1.372099,9.349571167248355,4.2617448372910545,7.028113019548119,5.906764970425505,5.644890135902352,6.151572332942961,6.0199350290332365,5.982084378144916,4.8902379115617425,7.013357237956195,4.648864913055806,7.116797460910414,4.812723484915895,4.100786067840113,3.567517388766573,5.83073846937416,5.550059033797286,6.351161004110954
df75e229.qasm,16,success,2.3211752,2.317630297931583,10.714196972599684,2.3344222984646463,13.87243776481239,2.3172591313359443,14.88258272785504,2.322836872485032,13.33297299831984,2.3166808561390693,11.661779167575073,2.313453740198687,8.977862962608642,2.3207936678768375,11.128731761926963,2.3140618737145724,14.61656225893386,2.32089835305867,11.691777180757658
df75e229.qasm,64,success,16.271500999999997,16.333389732854638,11.010813836711113,16.379308059259188,17.181748784443684,16.224367071999076,18.405974253607898,16.27275602902662,15.168660685910591,16.21950161000758,14.851130386047183,16.342910235253314,10.997191587654296,16.349132921084365,12.487449792602835,16.3953057437325,13.776440354733577,16.14925824996177,16.25833629935504
df75e229.qasm,512,success,651.6184142999999,531.8442772007467,175.4144780483864,532.3514872245369,279.274799898415,532.6514734544364,204.43975799084905,525.1767179960088,185.9975440681825,530.6657314528732,253.1842147431991,544.9358062767118,141.43747718135998,534.5191863686177,195.08992257029354,538.862463669334,338.21533411434075,542.0025009434966,249.9343229358445
e10d312f.qasm,16,success,7.8625378,51.35790783233494,5.743300657548204,44.44375548911828,4.885712956374229,40.815937004865056,4.527439199722084,57.602791247285694,5.519040628744273,49.48749457364615,4.263946382133633,48.500008965444195,4.879272321621382,57.967846445510254,6.999177169213671,53.6305234331618,5.232920984535686,40.141061530828495,4.1978961524079
e10d312f.qasm,64,success,7.698335700000001,31.99232023074705,4.054089058831374,27.540444410209716,3.135858393766806,25.252561013096336,3.3092969330499598,27.860341193177746,3.8965165194947216,25.60166785835453,3.209947710028867,27.091501985168623,3.635892840711969,32.22532314484459,4.704231993374183,29.033924648357164,3.5531806112617033,19.951898075925573,3.559781762467541
e10d312f.qasm,512,success,7.852639099999999,58.72698235495135,6.23479559066737,54.733393470465934,4.852233501454494,90.95238404981004,5.1868897919239165,81.9583018454649,4.455273412764251,61.085491012330614,4.1717324001771425,62.07669173083342,5.92079176847902,35.9772329189281,3.890042518731386,48.20468091333294,3.7011103062407558,51.865815922956166,5.095307577105744
e260fc6a.qasm,16,success,0.1742876,0.8270782762764884,1.0632604960110557,1.1685916937689482,1.20506151916852,1.0074909897599211,1.4417131422454261,1.125296442520123,1.373968118217697,1.0557156037341875,1.2943062035318078,0.9624167596672185,1.262600089963135,1.62125624771359,2.5708055336475923,1.0897182402707009,2.4212042252651353,1.0054081175436569,1.4604698951965889
e260fc6a.qasm,64,success,0.369846,1.1921809493063413,1.3876007407314497,1.5041367213858265,1.665927122142808,1.3097531913160139,1.7310899196596432,1.1268349187175677,1.8038900160891311,1.3237622044855601,1.4786647007790865,1.4935934670638205,1.946177362555503,1.657600308220487,2.410895198319886,1.4375771314347647,1.9066826010946736,1.5200223243425357,1.5332905899891425
e260fc6a.qasm,512,success,0.1705179,1.763055095809738,1.929798299288961,1.8307035092940058,2.2984771785912494,1.5406848365176506,2.525924703799027,2.110941162309494,2.084788341313837,2.135680342692011,1.6059696753343518,2.2946123477567317,2.5558487503361316,3.4118760614644477,2.47806050631793,2.7850356934679406,2.2133256168417614,1.7857857939316475,2.6356119884326543
e3863462.qasm,16,success,9.1420229,7.383619416147262,0.8584492027745548,6.747652686541652,0.9128381422741286,7.114473554281104,0.991132752569432,6.986078205523969,1.105282429141975,7.021504500378721,1.0211515225448284,6.588540351548352,0.9719787038618871,7.049066061495161,1.4046388952067872,6.773357064922923,1.7328933476875301,6.91503142037468,1.3285742339875688
e3863462.qasm,64,success,36.23688700000001,15.872857584021277,1.2897698484186857,16.48891770045633,2.5952194130169026,13.947195072493,2.405970866248483,15.885813693101047,2.4120983249482264,15.452006492931083,2.242430393025754,15.332465766156085,2.170713650680896,17.4167883105395,2.5721207795511334,16.19169330034715,3.317654369254715,15.42120679627877,2.65547311406277
e3863462.qasm,512,success,3105.4514809999987,1176.6691010609961,4.51315318614643,1119.3220158212885,21.942071801082975,1122.649025172989,23.60898675588919,1081.556916918508,24.790937046685716,1052.8477945833786,22.34087578803973,834.2591612110887,31.077550864584175,1021.1217061492854,45.04241797120499,1066.8991310060817,50.790692412678645,1240.0916415216584,40.04146102067735
e3b97044.qasm,16,success,2.6052131,2.596291313791672,10.80981543300375,2.59900239091115,14.94455026222563,2.568040912560855,16.22184316365065,2.5760642565326037,14.494117617642004,2.5818279161811826,13.91413031904793,2.5770673414676617,9.78854445354391,2.587172278110317,11.501706716611842,2.576700788220879,15.545696356084775,2.5682821460047407,13.48845735450426
e3b97044.qasm,64,success,18.3742898,18.343094440119227,10.638113806995161,18.445301559968364,16.961652106692412,18.416094119238775,19.031834009946614,18.394817734050594,16.107743714044904,18.40134595435163,17.61133219795995,18.336391506568216,11.777843770265736,18.428920000225723,13.229264929349958,18.33909421970078,14.443609735729895,18.32672510204347,18.369886141171346
e3b97044.qasm,512,success,703.2050625,692.9958417213206,169.06436842335646,708.3477239294218,263.6533670292644,698.6530698066153,205.69838065999792,702.4841628740021,203.14231764259537,704.4790118234384,248.51420293403487,701.6644795750015,127.3332888885504,706.4800215644538,154.81324548038134,702.983795822364,302.24068980628766,699.9799180704999,240.13027754186948
e4a4359e.qasm,16,success,137.77012070000004,197.95516166552687,29.117396244997494,196.20227452728867,21.368674435988414,198.44051971892037,16.10699795231886,198.45044726902364,15.14803893269491,200.16858516972502,9.956993408702058,197.360943411271,21.76655557466266,195.31010426207067,32.774039890436356,197.36400642182508,18.459651200569812,202.46783248682553,17.665107511489975
e4a4359e.qasm,64,success,6.0091114,8.310459511211379,4.204103255504298,8.687910309747656,5.3444160866340615,8.740225805574463,6.900009103854776,8.498335096967526,8.248243944266585,8.351312146732457,4.463222656090713,8.651442668710564,7.9519083112494595,8.529358643235941,5.131940244347387,8.260784702481986,6.722257139847528,8.698977993819488,6.008146424219825
e4b50619.qasm,16,success,0.17564289999999996,0.18664105800762587,0.21947889985052066,0.18664042569404513,0.20843592569682204,0.18848819299571093,0.21021686019003774,0.1903272364290038,0.21385041337196087,0.18878185553212382,0.21806964381014457,0.18773618562108027,0.2238640452200926,0.18901003030558072,0.19864585137262045,0.18906909890170723,0.1981706835733024,0.18778597980109366,0.20671096812132803
e4b50619.qasm,64,success,0.2854015,0.21730967415162175,0.47947376865210456,0.2124845420215416,0.41665340671549195,0.214096926650203,0.4133324204739065,0.21876970413970576,0.43297582294366965,0.21986583164771886,0.3986954935484283,0.21706797651311976,0.451407188793529,0.21957613118418745,0.42086752967867314,0.21089645046144742,0.40786515155810704,0.21677958450844764,0.44776924206070184
e4b50619.qasm,512,success,0.1787359,0.18697075589567727,0.27106448866145844,0.19407314624380148,0.22850706921068384,0.19171371769714965,0.23747416542597719,0.1926347497710202,0.23757743998675324,0.19090619035933318,0.23172125630551468,0.19106418011567397,0.24795597958776391,0.19428717840247647,0.22487989347494766,0.18779277041908063,0.2117121019674828,0.19145560779041998,0.23519831206478503
e61acd2b.qasm,16,success,0.5875065,0.4606760416821582,0.6431046979640165,0.45888704150157217,0.8666989581218566,0.45882213043552855,0.7202767301993988,0.4601216854283712,0.711232956857171,0.4577002859293514,0.7423951564408311,0.4602702869749896,0.6195708835511172,0.46893461162774785,0.9994515435493152,0.4703121872576252,0.9494324207054077,0.4675039390295077,0.6259127277425645
e61acd2b.qasm,64,success,0.340524,0.3471821947226569,0.6549141626883553,0.35240505664704763,0.9717778056580686,0.3502318047177577,0.9341399489493737,0.3490003874871621,0.8953702294863223,0.35385087197184795,0.9143096197963446,0.3552671007462201,0.805735931876641,0.3468942149060205,0.8058278910875273,0.34695465166490497,0.7512382645925952,0.351662232203585,0.7751148227632866
e61acd2b.qasm,512,success,0.3418323,0.3505104635976593,1.6804119256052072,0.34878134209227435,2.733075850833255,0.35053705337152985,1.7530949014644335,0.34625114129249007,2.0388513807144304,0.3472779937669479,2.1480929603237993,0.3429552379987108,1.465900969039329,0.33914617861178836,0.9091756491799208,0.3440441864425966,1.0398087687908364,0.3438296263859883,1.532834605894418
e66c3381.qasm,16,success,2.1967006,2.196215153716271,9.309100392782907,2.1976803765029893,11.948306939445407,2.1991869091669396,12.126817347378141,2.1977799283241297,11.47948640733857,2.1954739987640246,11.751053412532276,2.1958072834085995,7.948553560860869,2.200912589791187,9.64130399602101,2.196094329505592,14.586262862981819,2.197333219849535,10.795375871684623
e66c3381.qasm,64,success,12.685679599999999,12.636203659559397,10.84322711279745,12.615573311979071,12.576533586119606,12.63527291186009,16.207554215215147,12.661423177736534,12.040819168761681,12.629499702762136,14.239805785817454,12.622134935678387,10.049940288391447,12.64976417037962,10.97477917589141,12.602089160462956,13.50281501529287,12.631581465661329,14.678092869679594
e66c3381.qasm,512,success,524.5309873999998,525.4521286735949,173.8105101562876,525.140259773087,231.58843212484834,525.8379874933254,210.14726777353863,527.3762637191825,207.11470759454775,525.2204079330096,306.76339496354154,525.8084757479381,173.88849229847696,525.5281706615103,225.93363146249305,525.2557941943993,387.664594768373,526.8204857109246,248.61004882316638
e698c12d.qasm,16,success,0.22370250000000003,0.19804704554074115,0.1925614455884644,0.2016273577921778,0.18904105199952528,0.2009197574214783,0.19005943021325702,0.20033844175888374,0.18875985453623326,0.19992152186920403,0.18808815209739413,0.20081000694626489,0.190357713455852,0.19584567489692037,0.1899158217059447,0.19839346009099515,0.19019541406139598,0.1991451630983578,0.1909070668523661
e698c12d.qasm,64,success,0.1696466,0.1808268810009985,0.1901000895086576,0.1792277931014416,0.1896906823984003,0.17719013791913119,0.18604822587497996,0.17884818922466666,0.1864019414812611,0.1818108893243662,0.18726394820860165,0.1806522102032069,0.18664366795408516,0.1815097788948385,0.18484138219347038,0.1819788840664168,0.18509404721431333,0.18030575208812308,0.1885280912479389
e7296260.qasm,16,success,2.4096041,2.3603332468695273,12.786045488165717,2.356580726136544,16.435723631378398,2.355513815271452,16.85849756976736,2.3538470117691324,15.39861254471529,2.353008926089406,15.179507125612133,2.3525808913449393,11.986598026061207,2.3521141432304042,12.496588707093172,2.3598514461937468,16.4623866958256,2.3546845877035048,13.474254222375036
e7296260.qasm,64,success,18.1512398,18.15131327096199,14.171933706896338,18.147844291043636,20.484986446038864,18.25899261238752,22.060706058491313,18.09380116842264,19.083944330414564,18.142536931387998,21.914932445816156,18.17453480825724,15.904321703677343,18.150694327285215,14.819600824675543,18.127711841234717,17.404396725975854,18.142189118007828,19.883670165583144
e7296260.qasm,512,success,839.2742018,681.592273203424,231.6579587692448,692.0293616367381,340.557960407673,688.5076260417297,251.40892335090487,691.7607712303784,295.66834819151643,667.5673657640883,445.39809048495204,674.6130431632579,238.07311546810286,684.0874487163993,226.8482965759945,681.2544196728384,436.2593444983725,698.6201340322383,318.5081423055755
e751ad87.qasm,16,success,6.030250200000001,28.62900199927377,6.102784895715442,19.980617153934705,8.040518795919873,27.247032455665543,8.211452995602787,22.08699958926845,13.574146271724466,21.77163993932631,9.19105736596395,22.4863636572454,11.048475283653373,23.25717947564011,7.526596881750959,15.587920534920833,7.637420004673608,27.36875412444242,9.175696831964562
e751ad87.qasm,64,success,3.9561276000000003,10.437391049331625,6.064370891314794,9.339603398381898,9.212414515241186,9.008750949150503,8.61066467285131,11.22165250698948,9.578446916011268,11.88869625475924,9.715789061251696,9.54715591345983,10.81625310689598,10.25935110291348,6.464256883154483,8.737094803697415,5.616492622799287,12.78808704695013,8.955252383601433
e751ad87.qasm,512,success,5.8737042,12.252618546366666,12.293076718453133,12.930278698743622,21.896826153561058,17.29122842393418,30.972519241570847,15.775669269667606,20.99284542506792,15.375306789598527,24.28612526625511,15.947339516641996,33.598109319957324,9.20475187491211,14.691669724566061,11.116756328787057,12.099113805109116,17.340606639957684,22.86373966479168
e7540ce6.qasm,16,success,2.967996,3.0803373164660055,14.796256905813827,3.0769075421511216,17.430716400899346,3.1014467086894526,20.005871587083295,3.1098750881023483,17.046934378023952,3.0877764819853257,18.921948932409816,3.0596219414501626,13.054410067292835,3.089100258541356,14.72323404317621,3.0741475770595854,19.96832681510111,3.0893302459254945,17.73022239776334
e7540ce6.qasm,64,success,23.462013599999995,25.543007218381536,15.535312704780356,24.641832649610183,22.216573591332622,25.290803600350483,23.168962371271025,25.02629290440232,19.64985777522476,24.901468942985588,25.314617089184654,24.461645715151494,16.866350024128057,26.108226886946568,16.65115284896829,24.95830975182842,18.403601225729922,25.165121647688096,24.76646664820703
e7540ce6.qasm,512,success,1121.9413080999996,862.4390991345248,223.54264889516912,864.737673407643,290.24257316707576,846.983556413706,249.77111689927062,857.4265946444551,277.1126544863401,849.1116309454574,347.10434736256906,848.2633738356155,237.71453021513491,849.4670337152255,227.94551747365657,858.193865559487,451.6461129059621,847.6453548493165,380.88768895709325
e815593a.qasm,16,success,0.18724260000000004,0.23154867595072787,0.3033161391006988,0.2449793467241037,0.31769157842155354,0.2306428317369119,0.3449040948554797,0.2359076187895262,0.3281305184566108,0.24719705705169615,0.3113617526299188,0.2250431207653971,0.28843898013934355,0.29179864493204855,0.3572961317513512,0.2513858665531523,0.35401283422231294,0.25508177346895844,0.34663295004832906
e815593a.qasm,64,success,0.2779193,0.37256673698828,0.41631435777583425,0.4401540192836072,0.42249479653989375,0.4006950267608624,0.46135765525481526,0.377365393011192,0.4409974567067295,0.43247788030355794,0.4039764231791063,0.40584488491269166,0.3698345241804039,0.5116920224809398,0.4080771560222527,0.49090742605614646,0.4134210210526925,0.4838298875604171,0.44610215950816884
e815593a.qasm,512,success,0.17562649999999996,0.23184152058202107,0.30824403086949453,0.4181689546677125,0.3994603250675256,0.3345745407225593,0.4435911486134547,0.2980021364900495,0.4271892516846016,0.36624947902381266,0.4278288609533895,0.3275744458856997,0.4021964805862565,0.4519803434152277,0.31984768459846635,0.36378971230084706,0.5752090053070081,0.4700765292851249,0.4821993524768748
e893b1a5.qasm,16,success,29.4305108,20.627058429707947,24.94478849382236,21.231688166080286,12.725872163337494,21.47085442359847,15.73180868595263,21.628272733220882,14.60084566645843,21.96773099243524,9.13880221975177,21.869865278749458,14.031697032910746,22.492646939399222,24.894752653937548,22.307700413101415,13.261433030331522,21.520954537690898,10.824217072572305
e893b1a5.qasm,64,success,2.0071979,2.2835478001976086,3.3439869564351956,2.330028928218674,4.642580370162444,2.3303853428623293,7.045020633741831,2.3307735814097423,8.679282192549504,2.540343385400553,3.948387500663346,2.5260723325448806,6.723198827063598,2.394940099369454,3.7211159633846136,2.3636201971219437,6.904904700971312,2.483632231605193,4.2562538365750004
ea801020.qasm,16,success,309.4653601,127.09290753258617,8.651813494165918,120.22413774072795,15.191917165857342,115.36242026226981,14.215746700592474,133.73895780981127,19.39518801974173,120.4911637271641,17.83092121013141,126.41334905802381,15.219302396926032,124.29225421632856,13.719976335756359,126.94206112233444,16.085310417760635,119.29396331404348,18.134902601994803
ea801020.qasm,64,success,36.0080199,17.513845773135255,7.894618197499138,19.19639524295423,12.303664908646137,18.731822787772312,12.010796579063188,18.051397780243327,17.361767809317936,18.72822372266856,15.866529126077534,18.45691740327426,17.3312588577399,16.989579989775898,7.846036065856645,16.47190630314227,11.277515714034271,18.828443046384002,18.304092677248352
ea801020.qasm,512,success,230.80005270000004,142.65179187265775,31.347678038985325,136.62639367201322,46.14114462433236,133.65475258181687,57.75649449579588,132.32344168306932,49.22338329126914,130.77062844068143,49.46397849476691,134.24575420858687,62.158824809327974,127.66064404402427,171.522327050309,134.20310432902377,92.58030360666328,129.51740785141095,66.99517864806872
eb153d64.qasm,16,success,0.181782,0.17683339973451703,4.0262351890254235,0.1751548169449751,4.615849818909286,0.17537835106629254,3.1882274178415932,0.17496975901534684,4.009720270944235,0.17560687173055142,4.691430134575653,0.1760069543370795,4.8972880395087355,0.17446849996230493,5.600307974704765,0.17488657999407262,5.098921383124068,0.17417108755225302,5.840561433938938
eb153d64.qasm,64,success,4.883056699999999,4.42994855483725,8.015075955454531,4.3849173993114,7.977176623864248,4.341441963824541,5.607317758969549,4.300811957731069,5.835799391698526,4.403206490563186,6.982162212200908,4.419073821190618,7.2364989384543685,4.3250508608364555,8.746078610909933,4.280744521524115,6.650307541278432,4.204306322934813,7.85855619772261
eb153d64.qasm,512,success,0.17385960000000003,0.18078600423444607,10.932511884493103,0.17783127102757806,10.404994827290842,0.17544424070194362,6.814994833523459,0.17710026305733348,7.923883976025539,0.17992033390858586,7.569514021240647,0.17962298194209286,8.72552627641434,0.17765519024612833,7.89619252887421,0.1836293467165163,6.885525720704832,0.1774915673445222,8.62602484545473
ebb0ac17.qasm,16,success,1.1353584,0.2945250129853065,0.3841294798585421,0.2873665080419066,0.5057731025136923,0.2862958027591754,0.6163629606034989,0.2911436168910524,0.5483577971061829,0.287293146751948,0.5192420364054002,0.2825814209825365,0.47244834309674577,0.27938655456755523,0.6704556859724886,0.29694804031634325,0.7728235184893535,0.27235125947730027,0.4894889104075365
ebb0ac17.qasm,64,success,1.2178021,0.36094234032252115,0.4341290542740034,0.3283689405247692,0.6174262311236749,0.3702046607630717,0.6127749404307157,0.3409856544085807,0.5762416353175696,0.3294411777608413,0.6034890402479356,0.31550007270310965,0.5238083279946426,0.322001298819688,0.6126025091826179,0.31001517260207284,0.6240007053373833,0.3145553345089798,0.5194318574215194
ebb0ac17.qasm,512,success,3.070161,0.30490574100254164,0.42006884450152315,0.3658437639839652,0.6307050576538842,0.3711974810839673,0.6983532594670769,0.444104219917201,0.6818610167302706,0.37667369785725274,0.7562497755425145,0.37910488283362254,0.5513698345750446,0.27138340537998323,0.5606170790039852,0.3342300364948751,0.6389615193849641,0.38269004038826376,0.6699795122376018
ebc18fd7.qasm,16,success,7.6774203000000005,9.784185188291769,41.680542253385795,8.824532857613818,40.120551637565384,9.168206447214256,30.290601598688976,9.446415859149488,27.79370235844239,8.00089885086623,30.85452354410605,7.213297953926699,23.1470711084652,5.342688123933942,44.265667011765984,7.292572414907821,33.34779255922685,7.888765440326871,25.591594078320426
ebc18fd7.qasm,64,success,2.5845105,3.919588053070199,9.624847925283303,4.673797145867418,19.15794655228436,6.048622843423226,12.214793716795132,5.083643605180285,11.502332187214432,4.0183726915018605,13.47452076989253,5.024019847466221,9.8295759297908,3.0144939693438992,12.47882727184281,3.5386334576208034,15.408328621618923,4.327424631969162,14.705586499352922
ebc18fd7.qasm,512,success,7.634144,45.0400317644758,107.74495739119247,55.769322408807554,195.83684471558655,105.76007030941487,147.34733154211725,54.99031155760736,124.80392266217748,78.12940486284828,174.60373952642874,58.557276738636034,117.76893881919845,49.077710270538425,146.58677456077072,50.86108603331324,129.1139868130171,71.93024106856278,112.00270405847053
ebc3e166.qasm,16,success,5179.478907899998,1884.2117324018514,9.146363343992387,1772.404510961633,3.000396239509673,1966.5107531747356,3.976785973193447,2080.1075362736137,3.8122841744265346,2190.8876467523687,3.2001672630892095,1894.3024348345061,4.5157833708104596,2097.8071231150784,4.365211388427973,1765.353361369542,2.5764791852412245,1994.6140705523803,2.6399310496408983
ebc3e166.qasm,64,success,595.4877102000002,782.9580799142319,4.924159994899468,778.5365006506875,2.979955702939262,764.6018015283428,4.987982859191991,925.2748381724522,4.151043676856044,809.9698384219679,3.645867770409405,740.0264613676611,4.559745572764687,940.8836828829506,4.22831032766369,749.689190506652,3.5973910229533144,777.7311406832653,3.504201863700411
ebc3e166.qasm,512,timeout,14399.999999999989,3984.47578266746,32.29496834035093,4274.59543900981,7.096048744043377,5083.852531694247,10.946894925228237,4696.978922365585,9.309718796446122,5047.5731231042655,10.164171171357225,4409.926306996689,11.261539219691878,3757.0023268932046,11.305079099352033,4134.374372005738,4.09922423831876,4716.275704082445,7.047779510320416
ec70915a.qasm,16,success,1.0359822,1.375694506053801,0.5906410535822432,1.3534042375453081,0.6047057095753411,1.3759702293544174,0.6770001209944907,1.4190496808908717,0.7026645092415013,1.3221239327367456,0.5871208138472392,1.281161827749886,0.5436116954275326,1.3784526609184045,0.9746481577003858,1.3713175173442882,0.9528997242846877,1.306373118314,0.827541944958463
ec70915a.qasm,64,success,6.390665599999999,1.9849878419653177,1.1026822556913758,1.844504150263562,1.4840832186870987,2.0794798534960064,1.5139338918530987,1.69691650410703,1.4662794810227258,2.1099423997799067,1.6284830208549135,2.029427718937646,1.5325357677045508,1.796290417034073,2.093422320151438,1.7821978199224764,2.3944259760073034,1.8919033444133202,2.4006003163300584
ec70915a.qasm,512,success,196.3373207,225.73796906790358,2.910746458365457,189.50065464611404,8.48174793006693,172.97586019819397,12.04305953557417,172.2024554333607,11.66890001205039,192.38249769299125,10.331617298112667,178.2658770445754,10.015997313867876,217.77466161926648,32.28188222246534,209.05826256001893,33.168653453649625,195.89751665426218,23.52713368406998
eca6fb66.qasm,16,success,2.0567893,2.06708305384246,7.972867349593385,2.067039493234464,10.178208953722224,2.0670123366194812,11.621830639544944,2.067198030977449,9.929380717810007,2.067272481502349,9.380782589853002,2.0670034147560634,6.375625734510763,2.067332509476756,9.206916419105017,2.0675090862876035,12.80158951141722,2.0604526260305542,9.840014420787075
eca6fb66.qasm,64,success,12.525143000000002,12.478319150257972,9.05255545239681,12.455891736582576,11.273765439093,12.503299938721634,14.192023713658362,12.453817868406526,10.612621493900203,12.484460151831785,11.424344162211419,12.4800338384241,8.063715609428336,12.498718925692598,10.400853884117051,12.396818085638758,11.740923225507705,12.434804200179784,13.048743620369311
eca6fb66.qasm,512,success,519.2628030999998,501.2237594255246,139.18676213161896,501.1638128534661,194.98380354344366,500.63514685919944,186.39363509494495,500.38663697796795,151.41223440275934,498.42368176511104,203.70499839009116,500.40377031301944,119.7114171117543,501.06507980843935,192.1532285257577,500.9147574966429,308.6506929751864,501.28543606289026,203.3419595564413
ed52defd.qasm,16,success,0.5929218,0.5777894483956426,0.8006258066842314,0.5821825699463029,0.9461340264896533,0.5791679325874425,0.8293822912717752,0.5846718721682507,0.7842889723180176,0.577701549758373,0.9259675015490769,0.5893625943762618,0.713198406766975,0.5824051681608348,1.250623818448245,0.5774702017229092,1.2547238504298242,0.5865023327253699,0.6898807056384813
ed52defd.qasm,64,success,0.4510283,0.4533758981350369,0.8752130098444648,0.45680761642000334,1.0821704186419943,0.45413159051015395,0.9930349280478765,0.4565326190796038,1.0029236856647838,0.45309314743896073,1.10675319210097,0.4551795449827824,0.9088935925061953,0.4561917318280686,1.1030018623192768,0.45231489421262333,1.039357146607362,0.4512443370580473,0.8592943575418348
ed52defd.qasm,512,success,0.4499749,0.4720840558583435,2.2845008731650274,0.460017361540271,3.0601618308952987,0.4676188300683918,1.9427076683044529,0.4654456320359478,2.3143123159261183,0.46714711251143554,2.5521360628145353,0.467529812042343,1.7186450203732897,0.46044089673933847,1.1619877704325599,0.4656120115993273,1.2156222508067591,0.469481088116228,1.6748372873271848
eefd994e.qasm,16,success,2.240148,2.2427031179162826,9.777141309197651,2.231583135490289,12.17829471785846,2.2333506345226275,12.48703393238526,2.2329294098188943,11.650920828575737,2.233869470427171,12.783298832482538,2.233463505069414,8.275592554170247,2.2346618925727673,10.445806556596835,2.2338287870210114,15.390310858754434,2.238863635598915,10.76730873946406
eefd994e.qasm,64,success,13.1561919,12.816504991332232,11.267410354894192,12.923465628819377,13.216268276957441,12.824629640074646,17.197934008417246,12.780077205548574,12.367572678432285,12.905346121171188,15.907300500269073,12.898018542207648,10.463901674110742,12.795870209100398,12.035188327105407,12.766374763605628,14.725721256504997,12.765892517052405,14.522265420077245
eefd994e.qasm,512,success,565.6982321,558.6866116833125,178.01141021179495,555.1883599617303,238.1742141100351,558.1899742692793,214.0363426544864,559.2714458355094,219.43964110353838,560.0660206988081,366.0036759629545,559.2885297840131,187.48930065396817,561.8952137884412,239.93839791963327,557.214277772363,403.1424851333306,561.6095023302969,260.45861183756216
ef8d10d7.qasm,16,success,3.2810824999999997,3.698810561428483,0.9597496232216489,3.49001747586139,1.1108120693504937,3.437388704855941,1.5169407589785127,3.890693803702052,1.24398143409761,3.689017483622424,1.3553520530170229,3.4367501214301495,1.2627964265235552,4.161933683523142,2.337914725309758,4.032729827899409,2.4146493100006445,3.7812738667088346,1.507868661581064
ef8d10d7.qasm,64,success,0.3767518,0.6566070904612877,1.4614207285649388,0.6605762828620163,3.6417332196752437,0.5809618074456772,3.907836567679539,0.5886676879174619,2.9640893896821976,0.6259266360809785,3.0833956746483957,0.6980115691690517,3.2878515619878543,0.5449634205324841,4.104283573504864,0.6114414207747687,5.2002335981560055,0.60147265191484,4.036715060034783
ef8d10d7.qasm,512,success,630.5900887999998,64.54459233160152,3.8300415996671484,54.90904064066139,25.0763940572924,75.23436962028066,25.632987469732075,66.25202605402669,29.08865742038301,60.03061862242459,22.09600553039443,61.76547931755755,29.18968902167954,72.97949894958195,49.05973708557862,53.4849809739344,53.21464676993525,67.526398229505,42.324799483819135
efafd44f.qasm,16,success,4.6616661,3.17287608177309,0.5185960050688675,3.2166367149400834,0.5176191221151293,3.1895321012867646,0.4867286665353656,2.956863196963608,0.48813785387348163,3.697055916040392,0.4866354095414278,3.2381064552770273,0.46351474662857883,2.247554903989003,0.4879662125268716,2.5026148686137057,0.47344494215778227,3.3039753110961065,0.48750184454346535
efafd44f.qasm,64,success,3.6616828,3.0809990343478364,0.8526873200284433,3.067216114274752,0.886090037097962,2.993303632830878,0.8648428389061813,2.874590488834667,0.8509837392157733,3.402227105024131,0.9048744210225013,3.092410083835862,0.8605935575994637,2.4018166821798905,0.7889622702772645,2.6235165037057073,0.8589719640068807,3.154882401195422,0.9553679847447267
efafd44f.qasm,512,success,4.7884434,3.3644310962729085,0.46507085836666423,3.051816660145231,0.4443338497705796,2.8597402262807448,0.42903311304848823,2.8542377815986963,0.42111060124795674,3.404493165367947,0.4356998058242869,3.094170291115541,0.3950883687657894,2.2634712772830587,0.3856937341878593,2.6053780218634586,0.39470156680462165,3.1813341666055646,0.3797856114306477
f030e083.qasm,16,success,18.2983299,8.339013866640194,1.2614664875297747,8.450614662500724,1.3210732962546263,7.596993846214782,1.7117857548203363,7.750903581150145,1.8134546188408278,7.713192906996888,1.7697803853981695,6.619150367951852,1.841078043746993,8.218308790016879,2.626655212540706,8.552963513491843,2.6309196506894237,7.73124900705883,1.8237031239577335
f030e083.qasm,64,success,89.51382609999997,9.686857399692366,2.112447044040832,7.978243863459334,4.597940511206038,9.991749752667028,4.3340955120449465,7.601431043793847,3.960134982021588,10.783507734129836,4.269967904004864,10.681324357722959,4.347700076029208,6.188221950321922,4.352530683633511,7.00752296487503,5.973962334582709,7.808278032762388,4.039064952369387
f030e083.qasm,512,success,6472.491164400003,394.3994693382599,8.175286466965247,359.82172462578893,34.34087881236356,434.60178472838595,42.1693284642121,534.1280488771911,37.91422173249108,269.94202945824,33.694571790239614,277.52727096280387,43.82067355029094,380.57489389972517,68.46503046968833,222.4850383716019,70.74512341635668,280.1169565397413,53.777477086275034
f05a6196.qasm,16,success,104.72650230000006,294.2583920209757,8.651813494165918,308.5883178717373,15.191917165857342,313.1671816003479,14.215746700592474,309.5290548167121,19.39518801974173,322.2350410696768,17.83092121013141,297.728228107551,15.219302396926032,303.25519519270074,13.719976335756359,303.9384084839387,16.085310417760635,317.2750558929164,18.134902601994803
f05a6196.qasm,64,success,12.820418699999998,38.389521565099706,7.894618197499138,39.194775976623866,12.303664908646137,39.34665937609627,12.010796579063188,38.553641315110056,17.361767809317936,39.68371647813483,15.866529126077534,38.37691470993246,17.3312588577399,37.199075287311125,7.846036065856645,37.96318592877298,11.277515714034271,38.57815209050467,18.304092677248352
f05a6196.qasm,512,success,104.12417669999996,201.77771643226103,31.347678038985325,214.43219637891653,46.14114462433236,217.48348973509042,57.75649449579588,218.6734844768923,49.22338329126914,218.65101630023545,49.46397849476691,243.6490931261898,62.158824809327974,211.69885905668767,171.522327050309,220.73094156341529,92.58030360666328,239.14751262785407,66.99517864806872
f0c5e28f.qasm,16,success,0.1777949,0.22941333302296568,0.31593196586136657,0.23256074967253793,0.2824247672029587,0.23446080463650895,0.28287811117516276,0.2291352320035377,0.3237801030833715,0.2279552655811645,0.27639263409914605,0.2279703482784589,0.31034323197019137,0.27504177277571407,0.35403559603830337,0.2616552851274489,0.33930606710748923,0.23915307456455207,0.3343256241458437
f0c5e28f.qasm,64,success,0.16618189999999997,0.250544794390308,0.42977052039919206,0.2878850236007598,0.38932428086339804,0.26807124254983183,0.3997859338435073,0.25501518870535667,0.4264601953280672,0.2710773698779338,0.40813948955071416,0.27440311637405357,0.4339900075723589,0.3306837306976642,0.5105351360717618,0.31019656281694546,0.4664952550373173,0.27763245380590035,0.4301762136828915
f0c5e28f.qasm,512,success,0.1739449,0.2400418336649426,0.44090780495640686,0.3333230766106902,0.3123432900105526,0.3062816496089566,0.3778967394045494,0.3073465948031539,0.3591248898638195,0.31138324816616936,0.33138187508759204,0.3053696491742559,0.34360764983379205,0.30441403932450006,0.3339696498638028,0.2777255521088702,0.40665082098816874,0.31277874819037743,0.40151807752391283
f0e878db.qasm,16,success,2.1514548,3.227427820100634,4.694158888877259,3.0508248770196404,4.08397248790291,2.9878371469581593,4.326019648021962,3.0831488853902664,3.6612705374740577,2.8506482807497835,3.352878329816294,2.671266729504216,4.3839062726643,4.737433737202824,4.807323638140364,4.236746903918304,6.074685062460229,3.185548515031657,4.51987298017736
f0e878db.qasm,64,success,13.338250099999998,3.0573208014657447,4.451595866971629,3.6269122963167924,3.7462324080985736,3.39841454961627,3.6960744627258233,3.17997042423375,3.699984251205761,4.881530165202681,3.4576834571721147,3.3412736596993224,4.805848699346919,2.8784250138319933,4.370324572761254,3.440315084320825,4.777119048409645,2.9273804373134342,4.421568813852696
f0e878db.qasm,512,success,505.65583810000004,26.47193352671899,19.89035316805846,61.66332260638136,16.079886700923666,50.76619694991281,12.239762985239937,59.383407178898594,13.159223671530176,66.80322241474546,11.725925618898925,59.426336990636564,12.628792816356619,85.99797443898497,18.18434479728111,121.01144837729122,25.426048506944856,64.60290088596307,19.684407258608395
f0e91b40.qasm,16,success,1.7400719,3.1989312103923098,0.672734499824368,3.198052015156497,0.8079711643497122,3.1276940833982483,0.8888858683144609,3.031164871316955,0.8637397516784281,2.9734939658292663,0.7901012370373673,3.1123775790234856,0.6941945881407747,3.2827709416550532,1.1926425439860742,3.3884298704104547,1.3409790208042587,2.8971760544575544,1.0540108540019661
f0e91b40.qasm,64,success,8.277378,0.5087232662448015,1.0161033796599002,0.8275320272647387,1.9740596615657897,0.7176224153634168,2.0497075980832062,0.7340759324492165,1.9416608081963385,0.71748966530644,1.8559334569211572,0.9391316504129631,1.5197230583315324,0.6615691145795042,2.471307328562786,0.8497326716285206,2.75553913093771,0.6563487198863266,2.3764745520267043
f0e91b40.qasm,512,success,402.45571770000015,87.64503675791013,2.9954002922575595,140.10522879074279,18.12125019970383,142.70361148045495,17.968295988674843,118.76365617151434,21.46427302492499,129.38963643883753,15.2138025547388,99.65054941258532,20.322906487312803,138.7954304133017,40.72894155403777,144.95674429912935,37.6009531194378,123.1207965392102,27.078385980023274
f1167cc3.qasm,16,success,1.4061182,1.3773987674436996,4.189746302142057,1.390844171788254,4.913671435990449,1.3910448102794908,4.717092959508236,1.3886692350597414,3.5643583590194203,1.3900022108295278,3.889061534258482,1.3861042092119857,2.9977593649286725,1.3832037299035047,4.931490461546523,1.392904327982244,7.306603159958491,1.3934727087267407,4.559931396458559
f1167cc3.qasm,64,success,5.718801399999999,5.721619936062041,5.58634745307788,5.720611798560185,6.173840711400285,5.712947385545635,6.663014697624042,5.71287905210671,5.172578435662157,5.792567916610324,4.759287345682638,5.765669988250603,4.230853228872837,5.773408344904229,6.2294538923527725,5.751382529180608,7.43048934533002,5.739301929128621,6.579422936206217
f1167cc3.qasm,512,success,134.19674820000006,132.98806719420685,60.933520421851114,132.94720295187952,96.73608563204264,133.85990468567536,61.35817902490273,133.7306114712474,45.62130359097221,134.14384978179442,53.818831376972646,134.88996995734627,45.94705613177114,130.89069096011525,79.16566537027003,132.61875328273848,148.85584648371548,133.43420331462468,68.6643290040823
f163436d.qasm,16,success,0.18145439999999996,0.25514858677917707,0.23364835288243532,0.2411231034860998,0.252065177571549,0.2203488714342957,0.2521586074531215,0.23050674349065312,0.23372548583753222,0.24981742743331314,0.24021728037054846,0.2546667744948075,0.2456417408065961,0.2127513141924059,0.20853130128251016,0.21245784920753405,0.2247432956570771,0.23691808390454705,0.22865764385392248
f163436d.qasm,64,success,0.2191586,0.24940925629849336,0.2224334996146424,0.25083329136780697,0.23284813915086572,0.2341306171282582,0.2262730926613614,0.23467493237136455,0.2225080414322942,0.2555809023258097,0.2290028860020582,0.2530916811473418,0.23990475301919872,0.2036564193492091,0.20130969513640126,0.21068614737803015,0.1849839511004845,0.24132130508954092,0.20852196853176513
f1bcea54.qasm,16,success,1.8772476000000002,1.8159808369983312,7.992498505201754,1.834151082060116,9.327348997826183,1.8210825796697088,10.31928430115125,1.815158783752886,9.861010549774356,1.8150811497057358,8.641556778977822,1.8177245050800792,6.863363033527195,1.827342649696299,8.981605682027974,1.8220758680496896,13.410347820628846,1.8207919402957244,9.058243275561564
f1bcea54.qasm,64,success,10.650654699999999,10.580863404953606,9.8127573675051,10.623436853081536,11.85558486458465,10.61342471385077,14.133815127195097,10.510592446090008,10.504243543956084,10.697085833053396,10.835291994373781,10.690288350697228,8.649086571654054,10.597424725295758,9.725422244647625,10.621652668564723,12.115784162789476,10.646679249862423,12.415693053815364
f1bcea54.qasm,512,success,446.20097660000005,428.6918347832681,150.43778349628857,433.5344745718052,209.769014300673,435.0148384720547,169.10978369415008,443.3028293045856,148.75107647596712,436.5192219932172,196.64803373680078,433.1326085387108,131.2416841379536,435.3278556053869,212.06279320281857,438.19278531882173,298.3106358748663,437.55482547400845,202.82281920230767
f27a09cf.qasm,16,success,0.177527,0.17502787981034676,19.60249654816598,0.17169217100739656,18.73033839491841,0.17786610420220075,9.961591597551148,0.17279431766730075,15.070579354501268,0.17735349264349543,15.508320110286196,0.1720702236443969,19.405642026783802,0.17036807152680672,26.489044801108918,0.17029894989128644,18.388531812926505,0.17059704587648347,18.768526177323267
f27a09cf.qasm,64,success,9.6810114,9.82021825466486,22.18341185766543,10.122302847164322,20.35497650787854,10.105743703188606,13.507579814631088,10.033975659633422,16.312615928490537,10.052988896887102,17.49501962630582,9.987434181235113,20.93923162546269,10.229091633097626,30.53782532021179,10.174270481419795,18.908481136358485,10.206127025152066,18.599047485190503
f2a5a67a.qasm,16,success,0.4595018,0.45730558504611746,0.6501570180117734,0.4591233932447513,0.8710423172540737,0.4575325170038642,0.7147158261222817,0.4572192742239887,0.7145926396458102,0.4546853225443805,0.7415965324318481,0.46056004993789834,0.6195708835511172,0.471330684468407,0.9994515435493152,0.47198704120580026,0.9650712814403757,0.46607751149195664,0.6273897995459674
f2a5a67a.qasm,64,success,0.341567,0.34586404117000275,0.6576770240843086,0.35184024110641887,0.9766477549837691,0.3507148147682854,0.9297081593345959,0.3507245772221062,0.8953068412464531,0.35340947867628186,0.9143096197963446,0.355643046249582,0.805735931876641,0.34742569063338896,0.8058278910875273,0.3471540360348936,0.7650395305107868,0.35300453742868904,0.7751148227632866
f2a5a67a.qasm,512,success,0.3407394,0.35026691539474447,1.6745973414283264,0.35188962474344565,2.73857527703046,0.3497571654155713,1.7371558714064494,0.34460073092255433,2.073502264375768,0.34919876922494897,2.1480929603237993,0.34375291405428776,1.4590479089456605,0.3392501422578303,0.9091756491799208,0.3435448458808948,1.0400632192247243,0.3431274982357243,1.537886278949248
f5398281.qasm,16,success,2.3567967,2.4064503161422173,12.786045488165717,2.409267504608981,16.435723631378398,2.411374684002257,16.85849756976736,2.4084517404911927,15.39861254471529,2.405340648776136,15.179507125612133,2.4143381864731186,11.986598026061207,2.4064035997991158,12.496588707093172,2.4067662318525955,16.4623866958256,2.4076565796730813,13.474254222375036
f5398281.qasm,64,success,18.203299199999996,18.11048537569252,14.171933706896338,18.194275310457908,20.484986446038864,18.377812492056176,22.060706058491313,18.237358243522714,19.083944330414564,18.061680509163693,21.914932445816156,18.23934010886719,15.904321703677343,18.11427025765951,14.819600824675543,18.10202070237776,17.404396725975854,17.95228284217871,19.883670165583144
f5398281.qasm,512,success,322.2864782000001,838.7504928643873,231.6579587692448,841.9218917947916,340.557960407673,843.3316478212712,251.40892335090487,831.4129255701531,295.66834819151643,840.4982812403802,445.39809048495204,840.88144371937,238.07311546810286,840.4460251759874,226.8482965759945,830.822704048759,436.2593444983725,841.4100193574839,318.5081423055755
f5aeb6f0.qasm,16,success,2.2514043,2.1963050111878637,9.31161454471349,2.1998755743923644,11.948306939445407,2.1959740258196057,12.126817347378141,2.200838323546836,11.47948640733857,2.2009749994352354,11.751053412532276,2.203557842439794,7.948553560860869,2.1959900454818917,9.64130399602101,2.1998665025629327,14.586262862981819,2.197940395180718,10.795375871684623
f5aeb6f0.qasm,64,success,12.647261799999999,12.714296056155918,10.84322711279745,12.687184369278897,12.576533586119606,12.737694497357786,16.207554215215147,12.73528657526583,12.040819168761681,12.719469707909697,14.239805785817454,12.723061567410756,10.049940288391447,12.754322084611449,10.97477917589141,12.742836009725984,13.50281501529287,12.77408657530208,14.678092869679594
f5aeb6f0.qasm,512,success,525.0129456,516.0749508050242,170.2342071776011,511.6925546111507,231.58843212484834,515.1815158425902,210.14726777353863,514.1714245741514,207.11470759454775,516.2165642687028,306.76339496354154,514.697549058076,178.30414473806746,511.9656889280011,225.93363146249305,515.83151880095,387.664594768373,514.4524590822147,248.61004882316638
f5d72dae.qasm,16,success,0.28022519999999995,0.36451428797383717,0.28950775096257486,0.2965296479026642,0.31193776608803203,0.3300173343610149,0.29955487519528495,0.3256261964946272,0.30361054895930245,0.28634372344893166,0.30417115851209175,0.32973770414289405,0.3126535172116561,0.7125809543531788,0.31352245753928404,0.6150549395641949,0.32914160541139637,0.4742064646560566,0.32700300597580606
f5d72dae.qasm,64,success,2.0205184,0.7115730173126791,0.4873806192628722,0.6223623175409637,0.47320612515200905,0.7526889553470232,0.4842835139582672,0.7186818222859689,0.5145316024246144,0.6660228789754414,0.4865243458970565,0.625610867683334,0.47869578076397246,0.8819003338564834,0.5108690572444715,0.8933700761960515,0.5237243536591238,0.9799639789884155,0.4949926350817584
f5d72dae.qasm,512,success,34.9589754,0.6769650021821932,0.28500325569339774,1.6293571611836877,0.3884521573963793,1.7123507082766634,0.5086723088026622,1.9852540020244842,0.5895986435605814,2.1495363025813563,0.42331847594151883,1.7416786347565998,0.4424250939250437,1.9876390472898935,0.5464800780953362,5.053154323503012,0.8095046274299725,3.1944288010333186,0.5257128105258738
f67ec297.qasm,16,success,1.3940487,1.3803813298568184,6.154676280055098,1.3756220639781584,7.626134707255221,1.3768333144658365,7.058752292527852,1.3698321125963016,6.466621464198548,1.3777646820601062,5.751661312199247,1.3826135356738354,5.567078723112288,1.386033497667054,6.260505877227348,1.383454944714006,9.525887096260591,1.3845090905610191,6.464473902108413
f67ec297.qasm,64,success,7.96335,7.919136684343555,8.43739280594356,7.926355691864771,10.713664595491746,7.986841330877863,10.305436531380964,7.9899461632787405,8.82757089166652,7.977077882916551,7.580695594184198,7.943125103663753,7.330957155203412,7.9626336618870805,8.136949516299723,7.986406801610416,9.517711997018601,7.996129787771391,8.959267347523662
f67ec297.qasm,512,success,284.6133111999999,282.51603797961934,118.79108791018372,283.59738682658883,172.53272041271077,287.3698893011071,106.3946470005219,289.6135880002582,98.87412997267282,282.78677079667614,118.14411460769074,280.52888762827195,96.44417584532711,282.44453839482173,139.68943248549408,286.46268521587996,212.04087861780846,281.1598160209368,153.8610866329973
f7ff0727.qasm,16,success,0.1900845,0.192871001084092,0.2168701429969841,0.19156599303575936,0.22000620153554287,0.19122666238477704,0.22034924045015922,0.19200682571506614,0.21940837860391219,0.19138954602225527,0.21771444041518592,0.19195303780093403,0.22027132768437235,0.19037601028822873,0.19754927081535534,0.19286985195999612,0.19257227121571233,0.19499317535016275,0.20955906542854688
f7ff0727.qasm,64,success,0.172657,0.20195410099876293,0.4141240135965453,0.20539652099014413,0.40279753432372234,0.2032030834996178,0.39208248160694276,0.2023964135923221,0.39743355128899865,0.19934184849400846,0.37615268548887654,0.20536187809971507,0.40756969588708064,0.20328579616818795,0.3633361563937163,0.205724245489672,0.3578743904209497,0.2111234420564699,0.42314771162327497
f8a38627.qasm,16,success,168.1454513,155.63309913310792,65.05240171781669,146.62806780245126,35.78802715944883,152.69325532574248,32.85452719964059,151.0703152103635,35.336902274574854,159.51790064027688,25.684591929179653,147.4196983443262,59.406367408873535,150.41624001617026,44.239123605355935,156.37195859491734,32.04555591707558,152.7544586811868,26.442212756117307
f8a38627.qasm,64,success,293.6294401000001,202.93281277030073,10.11591517438054,200.43687320743786,19.863970802304387,215.09176528183585,16.779060341957504,200.95267916361914,23.136735745563207,203.6121074260117,11.954418022699986,215.89887949065408,29.577237850381874,201.53500848888305,8.049864040368613,203.76717671959568,17.811341341976423,222.04569857520167,13.760930504583845
f8a38627.qasm,512,success,13907.117731399987,7316.424135085092,831.0016781338977,7668.484873827604,945.9889557659374,7130.916383020368,919.6243908404408,7789.097841137264,744.8327146354097,7475.271861141017,677.7235706193422,7003.473015357989,756.780805724456,8997.817271004005,1350.5608031523316,7799.512163364231,937.1496769276641,7610.463219161802,794.4215569931763
f8d235ae.qasm,16,success,0.1790703,0.20296160711458008,0.20022615791155812,0.20610019226439147,0.19148317723920355,0.20400600065685032,0.1977552076906713,0.20034270954947347,0.20006871800988665,0.20246441591461625,0.19831523066389378,0.20465626356980843,0.19287878148056395,0.2009306334533886,0.19371858179320228,0.19368102125786232,0.1974005625783138,0.20220173545272796,0.1925489995647657
f8d235ae.qasm,64,success,0.2438151,0.19676702754770226,0.2227529872031383,0.19448929776013732,0.1979095432688818,0.18723846337679823,0.20646728666682918,0.19426959245006928,0.2013311291581824,0.19032855749237854,0.20087175805723978,0.1955928672523265,0.2085041609963851,0.18804838923459424,0.19904054982012234,0.18396934165592316,0.20096578482657906,0.1907057595246742,0.19968030711305093
f98536e0.qasm,16,success,0.1788549,0.19415999672388543,0.19135535296407283,0.19331701173156127,0.18892864981294083,0.19259261967748914,0.18765653515769143,0.1927703970605409,0.1897742208600481,0.19243318995868716,0.19171773247014098,0.19196964179511594,0.18993303984716056,0.19517779155758835,0.18591820158292455,0.1921284805831393,0.18578578884800973,0.19453614656078336,0.1879099398838468
f98536e0.qasm,64,success,0.1664448,0.1769239543339977,0.1923160972518151,0.17711448256585927,0.19125031555289695,0.17776711889434751,0.1891883088417082,0.1773786272445513,0.1881455725517007,0.17787204762939982,0.1918150772719421,0.17751127788725551,0.18873751020208934,0.17663362857328443,0.18260305150358322,0.17773506634095398,0.1811909392412264,0.1798517179580644,0.1878801306281148
f9fee41b.qasm,16,success,2.5416661,2.588356699221889,10.788959667413799,2.5963997546233304,14.994528458620117,2.6064819238199215,16.22184316365065,2.5999678242130493,14.542472579267653,2.584263752718431,13.91413031904793,2.615312314652227,9.765633471614697,2.616688193099583,11.501706716611842,2.6071471326570674,15.563096246659157,2.589217019395693,13.48845735450426
f9fee41b.qasm,64,success,18.3950709,18.43764744662373,10.638113806995161,18.58113236136485,16.961652106692412,18.45969343420069,18.908122536658745,18.445291999592815,16.107743714044904,18.447600119585783,17.61133219795995,18.438947667157294,11.777843770265736,18.511804788741507,13.229264929349958,18.51402680069447,14.459776089629012,18.45692675677922,18.30061030495031
f9fee41b.qasm,512,success,708.6173386,697.69630788623,169.06436842335646,702.6301639132082,263.6533670292644,708.1649680507181,205.69838065999792,704.6459984255067,203.14231764259537,704.3320191075383,248.07996541802146,703.5297668240613,127.11079500119932,703.2918845970106,154.81324548038134,713.2461473046363,302.5789798905203,709.4744228584402,240.13027754186948
fabdaac7.qasm,16,success,0.17383599999999996,0.2738284297918375,0.2987532065524372,0.23318942723682987,0.2544539870146556,0.21812001523412827,0.27478400111031775,0.21164270476961203,0.2591931341959206,0.22053876282836057,0.25202510313002036,0.234820553964105,0.275484411009891,0.2453493803523568,0.3157826323040149,0.2158008426142675,0.24262851502746643,0.2298325212143634,0.24463123982795001
fabdaac7.qasm,64,success,1.2635249,1.0087500934509217,0.8967377433673963,0.9634610060815277,0.8085735025054958,0.9205842603232076,0.8649117338854855,0.9672220268878414,0.8648405371121609,0.8912154412093185,0.7965772102128609,0.9910493629980283,0.860860674322548,1.0293740136590668,0.9966279689702927,0.8930254668195237,0.7711657221369633,0.9023928351280891,0.8566067873989177
fabdaac7.qasm,512,success,0.1686687,0.2993728170325389,0.38256176703686506,0.2656832522066227,0.28921578015575305,0.24693439374598775,0.3414468528123118,0.2526664666709386,0.2910054213991914,0.23149942820149746,0.2991369334589259,0.25366307301198693,0.31527455239271895,0.25874858942754736,0.39889648808117917,0.2566333744290928,0.27327412410534674,0.24984062547622035,0.3034907964579704
fadf1f0d.qasm,16,success,189.90480990000003,168.34340766318857,28.86004027820985,166.05130031105094,21.368674435988414,169.83602501158666,16.10699795231886,170.71902847663455,15.14803893269491,166.6315709983792,9.903754161443976,168.37374029109003,21.588972615385057,166.758034447684,32.774039890436356,167.5793588166497,18.459651200569812,168.29852814451482,17.665107511489975
fadf1f0d.qasm,64,success,6.8785139,7.73600684093716,4.27252389679385,7.607881367153739,5.3444160866340615,7.927213341456301,6.900009103854776,7.628975882216839,8.248243944266585,7.6774787333063435,4.439358161578964,7.565244122811199,7.787935151082073,7.529961030783129,5.131940244347387,7.654749042844879,6.722257139847528,7.75538797552328,6.008146424219825
fb107df5.qasm,16,success,17.846512699999998,6.68949940552976,0.3940090691459555,8.258908506792338,0.3579728786806128,8.687554453076851,0.33441914951252477,8.227591153619114,0.3082255582612552,7.832011486109397,0.3029836334466986,8.044078567240064,0.34956828185639566,6.751790376103158,0.42548157472139586,6.760982533547402,0.40442643122938926,7.2787036803807785,0.4468395278767845
fb107df5.qasm,64,success,11.952432699999996,7.775473636394942,2.295314195316757,9.714280914430493,2.2375834918744486,9.698992969068007,2.1599280990638405,9.483224754079814,2.148513737861334,9.083890748762904,2.1271366255315147,9.831400746487462,2.1599362146761814,7.847756268737251,2.150780593476224,7.89534709532103,2.3863182370061042,8.100779982285449,2.4386057765922478
fb107df5.qasm,512,success,18.1957599,8.252389059434732,0.455004541131695,9.127816256103818,0.3732429501221247,8.908152950709862,0.3266683301632706,8.687610232858123,0.30949012630792727,8.482461928101358,0.30854294225607254,8.376232887334991,0.3088165680750035,7.759402823397586,0.32768945769885255,7.474122132732794,0.3058003744614148,7.223739691194843,0.34470692599074493
fb7e6eb0.qasm,16,success,3.5610047999999996,3.0795406575108837,3.9562598109290965,2.8591517129212534,3.53196475570994,2.5949093522605424,3.601147504191405,2.7382345338425806,3.370959998785394,2.827822828474624,3.4820090013722345,2.7598706728138307,3.420417646989718,2.977789968271973,5.4335835092940545,2.956936068205681,3.688700856839283,2.9885507261071482,3.164023778513069
fb7e6eb0.qasm,64,success,13.2631154,10.868010377059157,5.366088314507859,11.24419106466668,5.02244291409942,11.04296310471597,4.871871539374435,11.48977941602234,5.3154922428892695,11.80456021832436,5.304309298026031,10.807251842361158,4.381224694182727,11.263605445850544,4.803659066256138,12.304599872827195,4.445651371969516,12.042406130985738,5.045680291777435
fb7e6eb0.qasm,512,success,543.1701861,329.04704853450215,26.22378354625923,348.7422319065809,25.082400921530756,313.23101238925085,33.10577475001699,323.1849623708956,39.00415292069947,380.4768731657719,31.279920533976014,336.2406521668023,38.08010659385325,364.09867257548376,47.09061894772254,384.0620419581175,36.72661834797338,376.8306379481791,36.82791191292267
fb8a2851.qasm,16,success,0.1633197,0.22758698225530496,0.2442683018038764,0.22409578693590712,0.23207056213064173,0.22141029244006907,0.22823287808821502,0.22151034512211562,0.22362337750523129,0.2174849823720082,0.2488702862604474,0.22018299719489373,0.24063561021888513,0.2196584018251598,0.21129080559171043,0.21300577923104277,0.19838227069158482,0.22047511453494514,0.2282502806863878
fb8a2851.qasm,64,success,1.2676421,1.0700011441321844,0.9350181418964436,1.1495853364710258,0.8660423240522208,1.1051617726035523,0.8120712882526933,1.1289686460774522,0.8500299521619875,1.1228766933455567,0.9860217828518125,1.1133644214108476,0.9114366463447046,1.1465923580571544,0.6555659093870634,1.1196985595339972,0.6514436642291196,1.1752976310959562,0.9299555829264551
fb8a2851.qasm,512,success,0.1731245,0.23531553343005887,0.29472482930212557,0.22197269907237493,0.2302607185906644,0.21685687935996906,0.22141826657469207,0.22704375622951636,0.24073333103556752,0.22613878410076635,0.23725967060609884,0.22495604062830715,0.2350509503888589,0.23127118263830326,0.2327619503633127,0.21573378687961203,0.23859219215469968,0.22702252554864713,0.23201332470457192
fb9223a1.qasm,16,success,0.1798739,0.21515080469830752,0.22039964428331793,0.20648163098718347,0.21874248627117646,0.2056494361539926,0.22322212093107768,0.2068693845102163,0.21356640883642306,0.2034755683485422,0.216742709029843,0.20751529808009161,0.21580737238841508,0.20005097317996923,0.198527523868298,0.1986714808764982,0.20177312879404838,0.20250678001412592,0.2052978704754591
fb9223a1.qasm,64,success,0.16640830000000004,0.1927989824908067,0.3711538831002854,0.19281026994610234,0.3749903146293895,0.19177861865169904,0.3775423891993881,0.19769716050729627,0.37148889503167337,0.1923303155300316,0.3642121818619905,0.1966520269283997,0.38381379755204176,0.20100803136171244,0.38351627364598406,0.19507535478907786,0.39230672200849553,0.1896092695139278,0.37347868959206865
fb9223a1.qasm,512,success,0.1863105,0.207255072949089,0.2584464205297092,0.19944455177336115,0.23418041027857653,0.20131923839691065,0.22880833201743128,0.20497304527363025,0.22465299585551907,0.198937861284463,0.21732634926202393,0.2014027745514327,0.23866472748717388,0.19610042352192697,0.21303092456639183,0.19127018744209096,0.22924730411563637,0.1969720235630783,0.21835532124184465
fb9be929.qasm,16,success,0.23531889999999997,0.19207291194812967,0.24786379132041936,0.19345293855492532,0.23131043257695136,0.19027966792223003,0.23013602414244233,0.19151530881710413,0.23706500245373752,0.19301345799789732,0.2336817443691268,0.1931679764102538,0.23997470682403435,0.1900123283810474,0.21018900777705607,0.19068994604406767,0.20164897468600715,0.19115864985316067,0.23085717150183765
fb9be929.qasm,64,success,0.1624003,0.19729139633545753,0.3804582771621206,0.19909258307465075,0.34266318385100053,0.19652316586972324,0.34390851024362673,0.19759079990622092,0.3510410535968947,0.1978974824385148,0.3241930230313719,0.19812575316363884,0.3486578432534698,0.19720743721882913,0.29637897501998267,0.20067580682331634,0.29934529691468353,0.19799742112113913,0.3458662031022095
fb9be929.qasm,512,success,0.22522469999999997,0.18333370102016813,0.3130621181449919,0.1839159081871695,0.24531473884436716,0.1831400646443417,0.2292544705328513,0.1828796505564664,0.252649346201426,0.18491772606596266,0.2270215354169981,0.1848821926472768,0.2403599646140311,0.1845014617136957,0.22065174141349392,0.18341359809017174,0.20792773351207416,0.18299516866739216,0.23036967554819124
fbcf0ea3.qasm,16,success,2.0731039,2.067456649591968,7.972867349593385,2.066747241448345,10.178208953722224,2.067252201403237,11.621830639544944,2.066890983819542,9.929380717810007,2.068689430954749,9.380782589853002,2.0670034147560634,6.375625734510763,2.067213771547597,9.244870920796204,2.0661801427293756,12.80158951141722,2.060343924824467,9.840014420787075
fbcf0ea3.qasm,64,success,12.510124499999996,12.556006303128191,9.05255545239681,12.56188558014165,11.237274003278156,12.53506750376494,14.192023713658362,12.555107968143314,10.612621493900203,12.53243925504196,11.424344162211419,12.526094671545561,8.063715609428336,12.53291220021306,10.370633426801023,12.537721655279212,11.740923225507705,12.558784357831968,13.048743620369311
fbcf0ea3.qasm,512,success,498.21153809999976,499.91247921474564,139.18676213161896,498.1847030883378,192.78873387021875,499.8933737400024,186.39363509494495,499.23219681098396,151.41223440275934,496.4338560362468,203.70499839009116,498.5793753482128,119.7114171117543,499.62550096884013,192.1532285257577,498.8846949330967,308.6506929751864,500.2469845694262,203.3419595564413
fbdc2a1f.qasm,16,success,0.5656909,0.5930443156967012,0.8006258066842314,0.5986685889820865,0.9461340264896533,0.5995786986880919,0.8255721871900711,0.5921562203999666,0.7760670152299644,0.5987511215840066,0.9074818433563777,0.5934297841505131,0.709655554441409,0.6008943576837686,1.250623818448245,0.5996390523752442,1.2577400722504934,0.608028521358312,0.6873700204623453
fbdc2a1f.qasm,64,success,0.4538723,0.454935584822684,0.8752130098444648,0.4466348979802068,1.0821704186419943,0.4505825990682153,0.9884730191761205,0.45684053739144387,0.9851035882839313,0.45686256240538187,1.0881698342091515,0.45542748163518126,0.908447577596547,0.451538296324528,1.1030018623192768,0.4599373847038664,1.0232774951588077,0.4540053238074753,0.8561671246915975
fbdc2a1f.qasm,512,success,0.4505086,0.46919529881466415,2.284539545676934,0.46942776278630166,3.0601618308952987,0.468860658096235,1.9427076683044529,0.47131347460824463,2.2795284151627278,0.46709929319702104,2.548068303215831,0.4667945839854095,1.7186450203732897,0.47134023397683367,1.1619877704325599,0.46876877354681784,1.2156222508067591,0.4754745559516859,1.6750597844815254
fbe1d41c.qasm,16,success,0.22265400000000002,0.21476209230281487,0.2842850092937829,0.18795470961317068,0.25986048490075675,0.20004266980243296,0.25254172571730005,0.19948644334273347,0.25757515229189204,0.1990403599733394,0.23728270071859084,0.20089055090297991,0.25528753401227683,0.19236400142884483,0.20412980750017887,0.19352315646551688,0.2023096921180457,0.20186661989278615,0.2398941685814025
fbe1d41c.qasm,64,success,0.1667608,0.21842445680759698,0.33419274262616,0.19925605755752526,0.2905193515914236,0.21645013082573564,0.2710320783467389,0.21688760371676127,0.28954932978347075,0.21214751752912314,0.27959932168838403,0.2130135149408905,0.2887619277370659,0.19300570106565407,0.2690284381162085,0.19472940838495692,0.2684262115764869,0.21084519423461207,0.2839231052072333
fbe1d41c.qasm,512,success,0.21397250000000004,0.22304947772154926,0.33859129500828283,0.1930918217132251,0.250610768587589,0.209959088165668,0.23599362832756954,0.2047769142401146,0.24342095844651823,0.19926800796118957,0.24925876156260762,0.20110197636445584,0.25569113518474074,0.1939787799088803,0.2318173870320065,0.18778702430590816,0.22381697308870407,0.2004897990717029,0.2697140486447699
fc1ce5ab.qasm,16,success,62.19422269999998,59.6728432300459,25.195745357230933,59.87220196040214,17.44365743496443,61.3514928041107,12.913290268695881,60.945377859968076,13.061590739507501,59.35168914064382,7.405873244198224,57.483541487060144,16.820705185699843,56.242972860109866,31.57523718933923,58.04525546419682,16.574499569223896,59.25361086892926,15.898503382089428
fc1ce5ab.qasm,64,success,3.1473689,3.7296644837098003,3.384402819882533,3.7479483453179165,4.459377099832955,3.6991110991381593,6.360328988342534,3.9050325173157794,6.991641293860146,3.6918337466405755,3.8496342994485593,3.748535412653776,6.786757008707254,3.7466494755758624,4.503723000269484,3.6632344401772716,6.113446995587382,3.635023405119296,5.337964323172714
fc330f35.qasm,16,success,1.8849809,1.8694922928740256,7.916515451690189,1.8682521348954915,10.395898623922504,1.8760763025015434,10.906128337338393,1.882490515303038,10.207604279106405,1.8809608911389875,9.268553524639977,1.8755038027788902,7.518552012635015,1.8801207221929979,9.115522194485736,1.8756984418405656,13.440781681561429,1.8780156575411953,9.711457839004375
fc330f35.qasm,64,success,11.3087631,11.46620364798923,9.347138195690706,11.472934840249478,11.3114853181695,11.478949389999755,13.545364990385783,11.488023239818254,10.509784552175923,11.426382882673822,11.91068121975718,11.475937715642171,8.892824821419437,11.510909433114623,9.956851587219486,11.430134955700654,11.477934918804413,11.421869377708225,13.644047953337331
fc330f35.qasm,512,success,463.7660308,466.7380312142464,141.81973957347665,465.62146045147773,209.60715481591416,465.3006770990544,174.66966220978296,465.87118747385335,166.29732496935137,465.58793059853406,219.86841287268084,466.22279695245027,150.2068667845689,466.49060357522035,216.89391345261325,465.65951033894913,314.87108342521594,466.2858237046654,235.94015730645214
fc56714f.qasm,16,success,0.1707354,0.2261675893793751,0.21711226624587526,0.2160875471757682,0.22101150399942737,0.2158114356307767,0.2401442756271658,0.22207149702651244,0.223454780314932,0.21879915475819237,0.23071253946355758,0.22168436291471605,0.23436372875026756,0.2460646100627077,0.2420569840687388,0.24195673520687558,0.26637267418466376,0.2089703125400403,0.21672166044895308
fc56714f.qasm,64,success,0.18016170000000004,0.2570046082768675,0.3143970090596812,0.22715441117918447,0.2832789507841394,0.21960319233026418,0.33119050467617844,0.22831088306259278,0.28584023605725967,0.23123665281239486,0.290030311706716,0.2239566530863699,0.3016630026207041,0.2337866217362695,0.2819659075839716,0.22893361469454518,0.2874397107437712,0.22943294765755018,0.31251310321508374
fc56714f.qasm,512,success,0.1801311,0.2804667272386614,0.28355095413402864,0.22981694886253828,0.24991662357353917,0.23226626641937959,0.2642087984608975,0.2372864746233195,0.2657047497780095,0.23409567788837574,0.2698723987646756,0.23670190166229374,0.28009164815203164,0.21784981088156224,0.21861410938792034,0.21915328681498372,0.20560295661451608,0.22049412228241042,0.23517973118224783
fc5872f2.qasm,16,success,440.7522683000002,129.71760773614352,54.262712477504714,148.64851895634015,31.9817133102706,135.9054057305271,34.54041854591578,167.82106007700636,41.6764886053109,117.42929743605173,24.85294943143284,156.31811452450634,38.939489121661154,177.84990772876526,39.40875153745234,159.2903914998679,35.759946517079335,122.42603352376398,33.37604719732895
fc5872f2.qasm,64,success,97.44292890000001,18.27871508420773,8.309373234551893,22.99041610213293,9.677555110724361,19.142296359058133,8.96176723207613,24.214037953015065,13.475988782437106,17.792029360800502,7.922429570525341,19.40984908647632,12.179997140714448,21.60251584092048,6.708884870187888,23.864283929946662,13.831105494862054,19.22615974327911,10.240905425070125
fc5872f2.qasm,512,success,3531.155154499999,143.89608147633592,47.39160489917596,209.905840524098,61.90743449517933,195.28902222707464,66.59045067667653,264.16798970446973,49.915032895611795,147.74427458966443,54.02646406971683,188.6003356262304,53.95293979118826,968.5366946220513,91.00650822975315,959.5895146637221,85.54252099000696,231.915584518811,47.735376299610486
fc66bdd4.qasm,16,success,0.7283128,3.69291049291066,2.388309244549694,3.525702157564461,2.3093796134827924,3.650076244040417,3.1866621094476324,3.710811748372978,3.9218702950553226,3.7106874281601776,3.2370194901538056,2.9398268548017614,2.8239986220125326,2.794241649386893,2.724161491165206,2.5640507761179614,2.057362065158035,2.510134545377738,3.3953525604248207
fc66bdd4.qasm,64,success,1.3749575,2.275314316560351,3.325818335114032,2.0951670583799142,3.280479669427853,2.064118919309901,3.3668427316899896,2.124288007074142,4.122361821337818,2.071021006633953,4.007750300234441,2.1961630866194457,3.9638448125707137,2.3340530817345044,3.3257557919238745,2.2498654552409656,2.9885378379363634,1.8520674435338,4.230489608196337
fc66bdd4.qasm,512,success,0.727108,3.1208962496967576,3.2127033744782008,3.797606091775934,4.282920558776637,3.435279729181041,10.420308239771794,3.5157591232804517,7.269090285362301,3.2019432813004745,7.910741139153334,3.6200698191426923,7.570279945698616,2.7210747122643815,5.186244959166851,3.0420864721362904,4.509899009623142,3.388253683928859,6.840163589234712
fdf0b97e.qasm,16,success,1.9983464,1.9969239313925773,8.23766358199582,1.9873260860150068,10.353064580366121,1.9925974558585948,11.455533641290058,2.003940755899393,10.601314530174912,1.988695626610135,8.770990567913337,1.992831626935286,6.568153732030337,1.9998363306760472,9.35402454618576,1.9965195215522937,13.167010501377096,1.9923624418778272,10.076721807862832
fdf0b97e.qasm,64,success,11.459351800000002,11.43901007750714,9.556545638761097,11.493255683842133,12.702333772163106,11.391236294722724,14.493112163350032,11.423753592751341,11.37770372053751,11.570089230513435,11.184066454938083,11.447123564419016,8.648861891227417,11.514309323966021,10.23308888427566,11.406030928661846,12.309829332631468,11.436910181484864,14.365228750790004
fdf0b97e.qasm,512,success,436.84951509999985,442.40752630394644,137.656638596157,443.03172362130005,210.11793972728046,445.71018798301077,190.25187759838474,443.0126224027104,159.67683796246658,443.62200153702645,210.72655456154064,443.6455280183219,126.62363154169887,444.35068881672254,205.89873877101624,443.70560004698143,298.8746443358204,447.074266829483,223.29030124778942
ffe82f32.qasm,16,success,0.2051507,0.212714728846298,0.2880180890139359,0.21806554199841682,0.3039058052434204,0.21539822847299284,0.28127680657350884,0.2193231096312581,0.26150655234287923,0.2145626243750367,0.2745586861543762,0.21080512854038805,0.2820427712879968,0.20543111646560197,0.28099394521459253,0.2085559175697167,0.30601078281402794,0.21291992274831,0.2727708244579484
ffe82f32.qasm,64,success,1.3167689,1.1567641443844696,0.4275958879535394,1.1894140634096304,0.4282460356588147,1.1740333027098966,0.43033791556418094,1.1417584789705035,0.4245456097116229,1.1154736312067821,0.436983169892665,1.1585419472501193,0.3927784339597197,1.0023939101178776,0.39541781022637257,1.0935827286923643,0.45958694621976953,1.2094174855126436,0.4222403440968708
