filename,threshold,actual_s,status,chi_upper_peak,chi_capacity_fraction,randomness_proxy,chi_random_pressure,baseline_circuit_pred_s,chi_only_circuit_pred_s,random_only_circuit_pred_s,chi_plus_random_circuit_pred_s,effective_chi_only_circuit_pred_s,chi_plus_effective_peak_circuit_pred_s,chi_plus_random_effective_circuit_pred_s,chi_random_interactions_circuit_pred_s,baseline_structural_pred_s,chi_only_structural_pred_s,random_only_structural_pred_s,chi_plus_random_structural_pred_s,effective_chi_only_structural_pred_s,chi_plus_effective_peak_structural_pred_s,chi_plus_random_effective_structural_pred_s,chi_random_interactions_structural_pred_s
0071a13b.qasm,16,1.8681457999999997,success,23,1.0,0.8691189358796407,0.8691189358796407,1.8722048309503303,1.8719805724683953,1.8752288048076209,1.872752677271408,1.8666628047482354,1.872277861416481,1.8720847612594598,1.872409805256787,10.97798283472585,12.349323396760548,8.306852561560387,9.772920322663387,14.691117388632678,9.2191942792914,8.650450837937795,11.049807358237752
0071a13b.qasm,64,11.326891999999999,success,23,1.0,0.8691189358796407,0.8691189358796407,11.150881502724898,11.14527259517305,11.194804471298344,11.179561499673458,11.213768513952605,11.199774046954307,11.208033199312629,11.263884868998964,10.639830017380048,11.05854388757687,10.795296791322876,11.123403407959543,12.798779821127704,9.706171377575986,7.7949749458001545,13.209486098493226
0071a13b.qasm,512,464.3260994999999,success,23,1.0,0.8691189358796407,0.8691189358796407,464.54135489154055,464.2305389097001,464.7682668635337,464.1977609806517,463.4614453343751,463.4899278655595,464.3265903477886,464.67373852160625,162.5477990825578,157.80619969126604,121.994200251273,168.376123630006,131.7226418778529,171.82496179197236,105.89362738432835,310.90327112250543
00c20ece.qasm,16,161.77874129999995,success,0,0.0,0.11144935502975295,0.0,28.583447899285346,20.958732021212843,22.652754986704647,30.576752611804547,26.49523423952555,27.896392718641383,27.101310575233992,27.14331543235427,6.793993944666254,6.76963457650467,7.034707153363581,8.141074782714592,8.455277292507171,11.201008964697628,7.115567766614869,9.58624086104098
00c20ece.qasm,64,167.99894330000006,success,0,0.0,0.11144935502975295,0.0,30.369458878239335,20.27032283670248,20.925984701616063,30.679356259445505,25.39337910795422,25.3173002397469,23.359125820353913,23.248103517962452,4.597537302121615,5.628890502584749,5.69460892279668,5.677788687851255,7.270251784925813,6.078282212054021,4.838370716961484,6.427517548874181
00c20ece.qasm,512,161.38951989999995,success,0,0.0,0.11144935502975295,0.0,58.49787201618482,41.22014827481625,78.81282131978921,47.972917948381486,53.91349198467401,37.48811995425747,37.882747603978956,38.94516414790745,11.874303421250412,8.238552857270271,9.761736614470399,6.5345437166068825,7.659509885890586,7.5371059569871095,7.704381861449356,7.124686999559106
03042ac9.qasm,16,1.8659897,success,23,1.0,0.8694290466988391,0.8694290466988391,1.8773126841209786,1.8762825070136113,1.874937689078352,1.8775688812334599,1.8718164092554501,1.871961598288246,1.871412757689487,1.8630412777608123,10.97798283472585,12.349323396760548,8.306852561560387,9.929706299725819,14.691117388632678,9.2191942792914,8.650450837937795,11.049807358237752
03042ac9.qasm,64,11.3251936,success,23,1.0,0.8694290466988391,0.8694290466988391,11.179366246928497,11.187459272035651,11.195657263879484,11.238947482355476,11.28578794188564,11.267758327087769,11.255995783475155,11.196184953270023,10.639830017380048,11.05854388757687,10.795296791322876,11.193537646663206,12.798779821127704,9.706171377575986,7.7949749458001545,13.209486098493226
03042ac9.qasm,512,463.7429635000002,success,23,1.0,0.8694290466988391,0.8694290466988391,464.29121041674074,464.41922641802097,463.8542805585793,459.86747739650764,464.69763154814245,464.37644489973,462.5056200437347,464.1890651606488,162.5477990825578,157.80619969126604,121.994200251273,168.376123630006,131.7226418778529,172.75806460809838,105.89362738432835,310.90327112250543
03934028.qasm,16,1794.6356796999994,success,64,1.0,0.5102204650932024,0.5102204650932024,850.2326514547098,784.51324899942,849.3532481788083,875.3012604318427,883.0739124497749,802.3055463572057,779.7541579859277,691.4735584519177,40.067874260356895,48.70700706150101,39.15818203609204,46.59386288270352,49.98492932793928,41.29521175909469,55.081705681788954,48.64946397573391
03934028.qasm,64,1229.5821331999996,success,64,1.0,0.5102204650932024,0.5102204650932024,391.66984784241413,495.3064499971206,537.2366054143753,622.1278062803377,466.48974147311503,419.18342238987765,452.99701576238374,430.1032320684819,7.897558450816453,11.767575059687971,8.333733954075425,9.804921494219311,9.6684115799822,9.952783343323528,11.982434442601637,9.2390659359413
03934028.qasm,512,14399.999999999989,timeout,64,1.0,0.5102204650932024,0.5102204650932024,206.36922226794246,191.64952204449145,299.321955544684,245.65187113360994,182.78550798039944,140.98875381873714,137.74992412612858,189.19822510880053,14.820986208152545,12.259411425121177,11.733164664046814,8.088522205380084,12.81638151742099,11.687642869460666,9.455072820618199,10.079099521948242
03ee478e.qasm,16,0.17734449999999996,success,1,0.21609541891799958,0.8622149322853206,0.186320696989551,0.21391588786946605,0.2052939712451098,0.22030023641369587,0.20483545019533209,0.20759396970540814,0.21679647033828509,0.21451893340532152,0.2102553803989958,0.22801122442254693,0.22883119604959914,0.2518305282497045,0.24552950772843862,0.23488424436977445,0.2425218249285338,0.24737934213371762,0.24712047254260663
03ee478e.qasm,64,1.1159592,success,1,0.21609541891799958,0.8622149322853206,0.186320696989551,1.1533385023046316,1.2281762356695765,1.1070097857501715,1.1689686814600269,1.2219182942605245,1.2491984709832458,1.1922884573665233,1.188470249913176,0.8161010853463556,0.9377285614190494,0.759332851469191,1.0158617168335848,0.8143044479702408,0.8334240881556556,0.8224813359325375,1.0117584807220217
03ee478e.qasm,512,0.18746530000000003,success,1,0.21609541891799958,0.8622149322853206,0.186320696989551,0.2231044264733254,0.21370253362280145,0.23746094989428493,0.21616018080063984,0.21779396951707986,0.22571316645611642,0.22393379611586806,0.23310473992830053,0.27754726027787996,0.2635182017479751,0.3134157238884422,0.29375790306784805,0.25081295526031905,0.26596153949470636,0.2937095517591751,0.29086481634627326
04276362.qasm,16,0.17990670000000003,success,1,1.0,0.8917244626423844,0.8917244626423844,0.20873067426061656,0.20938727499900406,0.21477156544091347,0.21232234143321038,0.2148278570470895,0.22225801546173168,0.20813952496163543,0.22156757344481065,0.24835822086060802,0.24348433140490658,0.23326001982771918,0.2438200898369786,0.25133218027581883,0.23927808042976478,0.2321318032608822,0.24500705490240499
04276362.qasm,64,0.21635210000000002,success,1,1.0,0.8917244626423844,0.8917244626423844,0.2356067760545064,0.24174780198180637,0.2718258722695538,0.26003452665084265,0.25602326231539235,0.2593171167382536,0.24035090733523415,0.26813644858014346,0.24640019766690005,0.24612237950386567,0.23069777188907584,0.24312764091866454,0.2566431541470256,0.24026330070089955,0.23044480522922642,0.23494577102437716
0491d461.qasm,16,0.5425538,success,8,1.0,0.8690308001164212,0.8690308001164212,0.5386875792909906,0.5275267686304463,0.5314504270010721,0.5367801474899554,0.5354050639991101,0.5353624315258657,0.5319142115603963,0.5336037176843118,2.1011308489355516,1.4069972770612496,1.2694416127494594,1.29779300785049,1.5644312970048575,1.1223273448561517,1.2355325998918307,1.4532680175734893
0491d461.qasm,64,1.3414259,success,8,1.0,0.8690308001164212,0.8690308001164212,1.3492953076251724,1.362993936034739,1.3623888869061418,1.373079191608033,1.3637328766906764,1.3875049128004753,1.390313047567159,1.3827127630821063,2.115228184775111,1.6696197181196413,1.5269635036951414,1.5924335048680835,1.560991894359672,1.2631916678777066,1.4453440118117133,1.9474043306369113
0491d461.qasm,512,3.4521178,success,8,1.0,0.8690308001164212,0.8690308001164212,3.6873643542516468,3.5401937133713433,3.4801110935634156,3.589423346763373,3.714944089197805,3.648478398254485,3.4963491311719728,3.521817863540754,11.002886435381168,7.326583031324159,7.822294221192805,7.942199558535532,7.559636198112544,4.752611398398885,4.726174863311702,6.558319876867915
0525d9ee.qasm,16,0.5416311,success,8,1.0,0.8686453642201143,0.8686453642201143,0.5514467627037783,0.5363756045195841,0.5463853689218886,0.5410918477918992,0.5462544669628636,0.5397112136839634,0.5535080636076101,0.5471893678319005,2.1011308489355516,1.4069972770612496,1.2694416127494594,1.29779300785049,1.5644312970048575,1.1223273448561517,1.2355325998918307,1.4537500195731454
0525d9ee.qasm,64,1.3424445,success,8,1.0,0.8686453642201143,0.8686453642201143,1.350244713512142,1.4683544742640144,1.3292140280224627,1.3619960149330799,1.359159894866689,1.3815436017649358,1.4161204551868076,1.3658188917795977,2.115228184775111,1.6696197181196413,1.5269635036951414,1.5924335048680835,1.560991894359672,1.2631916678777066,1.4453440118117133,1.944643042288185
0525d9ee.qasm,512,3.4716296,success,8,1.0,0.8686453642201143,0.8686453642201143,3.175099369337318,2.9280658035573746,3.4367222328255926,2.7198815862263275,3.2492830039875433,3.2788370248946883,3.1004987135722555,2.987759648036099,11.002886435381168,7.326583031324159,7.822294221192805,8.056369974748435,7.728891731206723,4.752611398398885,4.726174863311702,6.559385923108242
0534bf07.qasm,16,14399.999999999989,timeout,128,1,0,0,845.8673562551062,972.1586307456605,1272.8623419461385,1111.0981443555158,802.4366897747503,1245.6847313258745,1346.820768235308,1149.8246788790327,35.27556188726326,53.7895847126825,53.02041314852456,71.76253259980393,28.674323081191183,106.30817244212368,74.77387875877697,53.83644235391863
0534bf07.qasm,64,1767.644607299999,success,128,1,0,0,350.7005594687642,467.17633413481224,542.5728462361177,514.2455089438496,360.4167682528675,570.6275314230728,571.910771849168,474.9188031162097,14.609511275342376,17.009580421939386,14.405280222365658,18.09227832392874,12.907399667805919,22.786170511463286,25.3440459355752,19.052801398489535
0534bf07.qasm,512,14399.999999999989,timeout,128,1,0,0,128.32975525291968,99.20422722475226,248.15998589187765,182.74739350752884,168.25151212141108,148.97425447733642,200.40375069750192,224.37598260360178,66.40161050789271,63.54201355164955,63.60243874606778,41.02323247811879,26.985029625853503,63.64066816177947,39.729388744444556,49.62369064080559
055dc894.qasm,16,4.6650311,success,28,1.0,0.845165192741812,0.845165192741812,6.083179205620687,5.9753776206091676,5.453250418035011,5.736524676565747,5.712717766543012,5.4633541351202,5.426238092069692,5.571995293056235,0.7799412220085749,0.6711145665994755,0.6229713683927696,0.6637258693696442,0.7778760289492345,0.6138029572125032,0.684912113772222,0.5964048958082072
055dc894.qasm,64,3.8863319000000005,success,28,1.0,0.845165192741812,0.845165192741812,24.14211027311417,23.81211905645577,26.593923991052844,27.849003193785965,25.024956609728463,27.929178915283007,28.040686663937265,27.999942576529925,1.2422063163269077,0.930375535022226,1.0539307597095935,1.0670389361271566,1.1519895536754339,0.9594715624292675,1.2289108156446051,1.0056591005662074
055dc894.qasm,512,1383.5908082999997,success,28,1.0,0.845165192741812,0.845165192741812,1290.582597565859,1425.5488353909936,1258.943445455099,1378.1071393699842,1302.6285894212156,1361.00948328269,1357.7139975618277,1332.9751931276676,2.6924299424570073,3.7971208480849787,2.9452302151179013,3.4751173019024595,2.958734688817727,2.7061623001120845,3.3648073069529487,4.021087987416346
056c2b99.qasm,16,0.5823536,success,6,1.0,0.8719553667251839,0.8719553667251839,0.5766837809680508,0.5779366641365031,0.5774208266509558,0.575706390535624,0.5754778430059062,0.5786394694545631,0.5743938278481602,0.575811053389846,0.9748672771567426,0.8976523575584106,0.8716045942644017,0.9792466009552623,0.916005723191903,0.7301621644066559,0.8859011040962187,0.9517891668373629
056c2b99.qasm,64,0.4523345,success,6,1.0,0.8719553667251839,0.8719553667251839,0.4548479410292682,0.45646323883163276,0.4514110697611898,0.4590275891711509,0.4571603491687671,0.45514586641844007,0.4568128445587473,0.45794919401030487,1.1443482760810282,1.1171406513437052,0.9919604208312987,1.1509512323629247,0.9665985983529236,0.8266160260706964,0.9390509682771172,1.2200981327535054
056c2b99.qasm,512,0.4509034,success,6,1.0,0.8719553667251839,0.8719553667251839,0.4708191817618774,0.46378418348793515,0.4690463539682294,0.4623100562782138,0.46013479569077065,0.4644186090637974,0.45942593887702077,0.46364790857710647,3.836413736871884,3.3843820466477146,3.8634878401703427,3.777693013043797,3.2248412114797698,2.2447243617799684,2.6444778168348755,2.8901753456997685
058c7d32.qasm,16,0.21540330000000002,success,8,1.0,0.8844504372164679,0.8844504372164679,0.4788554236520413,0.567842450863417,0.49728103748787167,0.46901644426741274,0.615119089641767,0.4519072208053464,0.45112430198050685,0.4727280178225299,0.4673337598366619,0.4666739180958241,0.4400379785183751,0.5501289515655192,0.4942366888041975,0.4406721297536072,0.4773699345226292,0.4718496884384309
058c7d32.qasm,64,0.6617786,success,8,1.0,0.8844504372164679,0.8844504372164679,0.4854314554903785,0.5875229464348939,0.5993135070114773,0.5251779847309044,0.6962030274552369,0.5195443708443122,0.5092081544095218,0.5678910314753046,0.5600536008105482,0.610809676939587,0.5582994850962274,0.651812353811766,0.6166876323425566,0.5484822652448906,0.5385508592497391,0.5989676936670965
067475b0.qasm,16,1.4051409,success,16,1.0,0.8687818500565717,0.8687818500565717,1.3928701092796099,1.401072861642979,1.4022067890361545,1.4059572846913708,1.4009827849523615,1.4068308887275982,1.4110441409001795,1.4128621236100531,5.053904615720645,5.653563916450841,2.8985459700195038,4.061453244826584,6.047125359239528,3.4811103853865126,3.8927540129753817,4.1357153364818675
067475b0.qasm,64,5.705375600000001,success,16,1.0,0.8687818500565717,0.8687818500565717,5.834428606828648,5.6613782319720745,5.746198922977565,5.747101342763126,5.660209962029513,5.784491217260402,5.678877634725213,5.7688699217705475,5.602945275743673,6.155338014409147,4.258971673836427,5.088532876246804,5.730819839769854,4.072272412519874,4.401333933839988,5.430890250904776
067475b0.qasm,512,134.09611699999996,success,16,1.0,0.8687818500565717,0.8687818500565717,134.44115534334347,138.7181161754223,133.28416856758705,130.38053361495716,135.74657424998918,135.5468686925041,134.3213178622889,135.48197985709047,45.91640489071937,41.93057556374323,31.406214752744564,59.14720604915806,34.05829939142306,26.72452454633846,35.49374478569306,44.17424310054999
06857ab2.qasm,16,86.8517603,success,15,1.0,0.8747936488400769,0.8747936488400769,105.74069047405159,102.28188636324299,101.36763567140464,97.68216142580398,104.10047318921737,105.12128936936446,108.84169863129318,105.0820660979902,26.26070411318219,26.63890207488302,12.648633753179302,23.198449661044055,15.737061298880171,17.999161665782076,23.769806254733084,14.991491376108206
06857ab2.qasm,64,144.50145770000006,success,15,1.0,0.8747936488400769,0.8747936488400769,160.1641866273164,137.8769597609483,135.35114609409874,132.6796261026627,149.87943670954093,146.26094543052278,148.4986581866367,140.68968803350907,5.550630835813142,4.518010791643657,3.3076770291507707,4.235735464176249,2.9775331591025918,3.756932616759677,3.165391004739356,2.9746968099591165
06857ab2.qasm,512,5763.222492099998,success,15,1.0,0.8747936488400769,0.8747936488400769,8369.217257254335,6629.827613231518,7768.650419775199,7556.087775767404,7444.60813534503,6869.2054389131445,7007.656947395561,7649.37609315996,486.3447497520801,382.1709306499354,763.8651853208873,443.4619990491543,515.3035251574029,424.6835420837041,323.23833737422564,444.8571114607452
06a7dabf.qasm,16,1.4427283,success,20,1.0,0.8685970455124251,0.8685970455124251,1.4592330986626616,1.4347480888855888,1.4561958575848066,1.4441332550925292,1.4306568592974942,1.456848403784615,1.452450454693135,1.4402931650386797,6.5323695910199575,8.786385362578699,4.431111394980186,5.51764704395916,9.465750001753577,5.319595870776738,4.897485144137108,6.711755177897051
06a7dabf.qasm,64,8.5008263,success,20,1.0,0.8685970455124251,0.8685970455124251,8.561702320527887,8.515613487535719,8.43911944374305,8.460460070955245,8.482164166414197,8.447238227635902,8.468890362507357,8.419402211764915,6.274503050279764,7.668747250961187,6.252594268386863,6.598598773829447,7.561500457744731,5.762947019025077,5.015379588154593,8.062412207375967
06a7dabf.qasm,512,307.49403430000007,success,20,1.0,0.8685970455124251,0.8685970455124251,309.23891154178676,298.4479925013799,309.917045358896,307.4784600864253,307.27088591884467,308.8913846168339,308.7604653877314,311.9051560046809,65.64667474026913,86.95690269346123,48.45195681973414,74.06435558019662,60.03660378141589,58.58341531587206,57.2727308289703,127.84781482387909
06e45cf2.qasm,16,0.5780354,success,8,1.0,0.8694170915566635,0.8694170915566635,0.5599320118993075,0.5651893848600933,0.5696965368591101,0.5614183802241227,0.5688630269048426,0.5584528256304411,0.5643308408395932,0.5655397658709628,1.6492759067505454,1.2752064954419,1.1365020002095452,1.206337938416236,1.3266971592948982,1.0047647189342648,1.144982040573019,1.3981316931848955
06e45cf2.qasm,64,1.1292338,success,8,1.0,0.8694170915566635,0.8694170915566635,1.1243036243053668,1.114829778547518,1.125436410681939,1.1132325455567151,1.1231326569998754,1.123749702810479,1.1325084417193596,1.1208811333613675,1.8580419333424065,1.5841688595042964,1.3577660496370054,1.4701738006590401,1.4665321941727907,1.145305231114966,1.3412947171037446,1.791012047336923
06e45cf2.qasm,512,2.769683,success,8,1.0,0.8694170915566635,0.8694170915566635,2.65094950145834,2.555746333566509,2.713913500773842,2.6665886142903,2.668462381140424,2.67357969989121,2.6025104266740144,2.643086071878579,7.989905456022299,5.356088734588471,6.140206664283147,6.529046611440691,5.785962502608679,4.201989837710244,4.116079917561463,5.164256648627325
0732491c.qasm,16,5.4931465,success,32,1.0,0.5539149453887999,0.5539149453887999,29.84473823766371,40.93672235908489,27.74815657975207,30.53454296220953,35.87568438492355,29.635173645135026,31.69409181408686,37.54501280302881,26.128901540375896,27.952234754782836,17.24577606479052,26.439470257200163,19.181580665011527,22.222440495604637,20.220822192880544,18.261519335589032
0732491c.qasm,64,1.8221959,success,32,1.0,0.5539149453887999,0.5539149453887999,14.330775612140018,17.621195293685684,13.302726673819308,14.362685664315418,18.513059811944313,12.192334114124197,13.666166690287104,17.973094145279624,26.0756747206586,22.683823499956503,24.693724945628624,30.181356509281084,30.75985987805026,33.27071706745438,28.286299703951098,27.301660049569325
0732491c.qasm,512,5.6868296,success,32,1.0,0.5539149453887999,0.5539149453887999,45.594266334452584,77.95705133064273,70.00683696282725,66.2111466310443,69.06701392502269,52.738414844695924,61.447828537864204,70.17552212997653,86.99291897181462,137.98396333478323,68.17899918578921,49.58225320973177,62.78597750400864,62.57661277083457,43.7494813692573,49.36880245047656
07fc5b22.qasm,16,0.5416286,success,8,1.0,0.8694148270498043,0.8694148270498043,0.5437833442848972,0.5328842924131572,0.5468856296886591,0.5333463412828146,0.5418764703341814,0.52686958612799,0.5527367866749123,0.5390329800625485,2.096415109333387,1.4069972770612496,1.2694416127494594,1.29779300785049,1.5644312970048575,1.1223273448561517,1.2489770130927373,1.4539264703099521
07fc5b22.qasm,64,1.3364759,success,8,1.0,0.8694148270498043,0.8694148270498043,1.3330267504789162,1.4803923037131181,1.314972043298969,1.361083370918394,1.3392357218783484,1.3889515548766806,1.4215405750216892,1.3728770106118349,2.0854631184871932,1.6696197181196413,1.5279285754566876,1.5835712545379246,1.560991894359672,1.2631916678777066,1.4518073590243323,1.9212761175629578
07fc5b22.qasm,512,3.4643763999999995,success,8,1.0,0.8694148270498043,0.8694148270498043,3.167050877167801,2.9877915584821015,3.5007063938226333,2.7843749770476816,3.2562838171831987,3.290229108840344,3.1379617072102812,2.9616350115415204,10.645741747191092,7.052009528678044,7.619946836330876,7.942199558535532,7.559636198112544,4.702821616522152,4.725563432667864,6.277464710549726
08239e90.qasm,16,63.96641979999998,success,34,1.0,0.7637808262849701,0.7637808262849701,47.060090144534534,44.73874865537194,44.796941134894,45.606092839302015,46.177379580088164,46.79078269295676,45.55459049644068,47.307232725633064,48.655037794192495,52.158197374854815,25.121212908753407,62.4132503159,33.08525421181722,48.95651389905352,60.25487088465299,36.44545726044977
08239e90.qasm,64,3.2675198000000005,success,34,1.0,0.7637808262849701,0.7637808262849701,3.363090294483482,3.334586956467764,3.435897031708135,3.38169706181744,3.337162177578623,3.448178855029334,3.277048415850737,3.392354538271372,4.219938495047869,5.2084972048236695,2.6129235171393277,4.918937545214043,3.1822153278628336,5.652762752806563,5.135978866269417,3.7125763148049167
0885b672.qasm,16,1.6545858,success,19,1.0,0.8687945036840226,0.8687945036840226,1.6528992769049196,1.6521387472289217,1.6385226356467368,1.644058775854355,1.639023456337807,1.6377333380458443,1.641091402068624,1.6476148881967145,6.9154528430911295,9.760119259346526,4.8917163104808274,6.247389466522387,11.423900442481534,6.084772186344206,5.091591763103558,7.486236373784401
0885b672.qasm,64,8.9290951,success,19,1.0,0.8687945036840226,0.8687945036840226,9.033967206907276,8.990594831352444,8.956368074020647,9.039975394540981,8.96539534054743,8.918650282292369,8.945478258740378,8.956640817052513,7.3335456548442925,9.624111404240047,7.099708424240628,7.859296059960468,10.67686228183918,7.28750335776853,5.522541405111972,10.016041222858963
0885b672.qasm,512,332.10055049999994,success,19,1.0,0.8687945036840226,0.8687945036840226,343.1178440071504,345.1958489836007,337.58991749679154,344.56662044081725,343.40888250061323,342.32348705145665,340.3552739867744,341.7726970426744,89.73285694500203,114.69819683276584,70.31993919556207,107.1500651739042,86.75217509185336,84.80774852071647,66.47305707668961,168.06189768245954
0a0f4c36.qasm,16,0.1840534,success,16,1.0,0.6766708835591367,0.6766708835591367,0.34492011194083105,0.3245678539084516,0.3372208124673717,0.29897003794888527,0.32475345475439577,0.3094752159219324,0.3109640349970489,0.37967496495476205,0.4270421431365438,0.39047161511431416,0.5625957297859686,0.6385899779106444,0.39724376817274887,0.5196780554098427,0.4458126875844866,0.5191790188646609
0a0f4c36.qasm,64,0.2601157,success,16,1.0,0.6766708835591367,0.6766708835591367,0.4211629786090388,0.4187415376574895,0.4046688845630035,0.4059975817552592,0.39906815349757635,0.3568000241293752,0.4282957818399492,0.4830727785612625,0.5969043118666565,0.5495024283159621,0.8236477713084538,0.898204558260767,0.5913571086043296,0.7393674016439081,0.6741963552948681,0.7382277793456338
0a0f4c36.qasm,512,0.1663742,success,16,1.0,0.6766708835591367,0.6766708835591367,0.43591650137330407,0.47492720673419175,0.43225739239999944,0.4830378811263328,0.46548852818570596,0.5359689648813265,0.5057593981171095,0.7475346936966438,0.7369402832614907,0.7175039049508112,0.9661009356138975,1.282435283466724,0.8288177053117387,1.0124650178913883,0.7846881243507006,1.040564256297806
0b0e43d6.qasm,16,1.78757,success,22,1.0,0.8685025949669417,0.8685025949669417,1.7870891270578089,1.7819469187973231,1.7925074501327236,1.7911624379266424,1.7925279634100115,1.7919769679586326,1.7920250515737328,1.7897423295169554,9.139101585007625,10.120423970176873,6.074591689530893,6.933777876346951,10.45194274314658,5.997262780564224,6.986450770380705,7.874941701538816
0b0e43d6.qasm,64,9.9584508,success,22,1.0,0.8685025949669417,0.8685025949669417,10.003064833889429,10.019687839313232,9.985724515082834,10.002190205075978,10.027518503149413,9.969279790124386,9.990652263218362,9.984681910825055,8.219514932564536,8.156241705497447,7.640298799775562,7.670801115935307,8.313147015402425,6.2412264368516315,6.056846483518344,9.454438491100941
0b0e43d6.qasm,512,373.94553460000003,success,22,1.0,0.8685025949669417,0.8685025949669417,380.2502028628201,377.08226940380763,381.29049868437613,379.394369262378,382.49409300186517,378.16141511360223,378.5487672746822,378.1631092405635,107.80194631494277,90.57683821453973,65.45831245192043,92.86880118845461,67.96198804259491,69.67191196258541,71.64222062786484,163.94128724811063
0b325fdd.qasm,16,204.4226061999999,success,50,1.0,0.739415861192698,0.739415861192698,167.5840436430862,166.38039404502825,164.182724579177,165.90383738558572,164.10926806080582,165.0521750324759,168.95461978660208,167.0250939262078,56.78233957592087,48.34767386971223,28.780932717821948,64.15543609479859,39.860157947690894,49.82900182447542,65.15487871812935,38.29396860795895
0b325fdd.qasm,64,7.9006322,success,50,1.0,0.739415861192698,0.739415861192698,6.963807237371624,6.730380097840356,6.94273350032227,6.785967949263095,6.798584727435738,6.787025399196123,6.981234541457235,6.913708194288854,4.9083733114705295,5.118995649787334,2.996759173204785,4.831099235571578,3.53974049804096,5.66789764489073,5.366206818132076,3.673817922649845
0bde3200.qasm,16,0.23376710000000003,success,0,0.0,0.39048019643386395,0.0,0.19689115715890965,0.22757800771236267,0.1934605515081212,0.22173012237494227,0.2273695841154279,0.22077410488914423,0.23843674287245084,0.2199223309358652,0.3490103649510657,0.30395214442158025,0.3720379902115114,0.3906940363929634,0.2878912156297188,0.34129557212809397,0.33554413871795347,0.33813250923843324
0bde3200.qasm,64,0.232663,success,0,0.0,0.39048019643386395,0.0,0.2007295461961243,0.3155091462440901,0.21723645960048174,0.3153723232429613,0.2790262091146948,0.3184921998270545,0.33826141695835643,0.29941225715924924,0.5854588633208562,0.6981940513337938,0.6455184356720735,0.7938789208538386,0.6003273903774278,0.8610748241367099,0.8498244755770707,0.8124400652466226
0c0ce4a1.qasm,16,0.5861573,success,6,1.0,0.8715843696798915,0.8715843696798915,0.5667231809858692,0.5672135742620003,0.5602008130334645,0.5687898479384487,0.5621010796853939,0.5757117087662468,0.573634230768548,0.5749129551240763,0.9748672771567426,0.8976523575584106,0.8654847370456358,0.9900162198718517,0.9115267242526639,0.7326130945443291,0.8797831957438104,0.9428540586737778
0c0ce4a1.qasm,64,0.4553035,success,6,1.0,0.8715843696798915,0.8715843696798915,0.44793605389928987,0.4516524008714925,0.44544005708325524,0.45202201851655543,0.4520341019019995,0.453751526156984,0.45417963390073,0.4539707452727187,1.1415943245933218,1.1213695186606276,0.970457642543957,1.1636092351091543,0.9463420000854655,0.8330012462812214,0.9251689501262292,1.2072866234640087
0c0ce4a1.qasm,512,0.4561859,success,6,1.0,0.8715843696798915,0.8715843696798915,0.4659986034928819,0.4559619956815461,0.4559605531433877,0.4623449227161866,0.45020179095821555,0.4650126550997149,0.4538825356224367,0.4586397769840374,3.912285328165943,3.3916437843877296,3.977089348474664,3.777693013043797,3.2867569555625016,2.2447243617799684,2.6327068086022987,2.8901753456997685
0c676248.qasm,16,0.1680261,success,1,0.04258228111834645,0.395942702669782,0.01686014347184252,0.17891309964885438,0.1828138633564818,0.18179487150215706,0.17750450424155753,0.18079825466706756,0.17831783215940838,0.17895503643005173,0.1825630026124788,8.584939354218598,9.02897821538902,10.16621346965338,8.993209950648033,7.475525569768119,6.472622364336636,6.663815003571868,5.082872768913493
0c676248.qasm,64,10.329901000000001,success,1,0.04258228111834645,0.395942702669782,0.01686014347184252,9.60884159944907,9.578337918011668,9.579715695464238,9.639398093648971,9.536731580961337,9.508071748702756,9.810386431513841,9.647450259767762,10.788763456921949,10.778610438768894,10.88236269783175,10.165080383951333,11.036588444944023,8.363949057601063,7.8898221543087885,6.976589446300813
0c676248.qasm,512,0.18101140000000002,success,1,0.04258228111834645,0.395942702669782,0.01686014347184252,0.33832928097060966,0.35123120585113904,0.3038219583487685,0.3311036188497878,0.31230555168980817,0.3901756035705055,0.32780894433466296,0.3707093774029643,12.347887310206241,12.155863475418153,14.938241183296444,11.819732797623042,10.77441082199466,6.97007128444724,6.824828219959394,7.179792075602931
0cc92082.qasm,16,0.2225849,success,6,1.0,0.8130477665413084,0.8130477665413084,0.6956007262842641,0.6390887838584112,0.6856421179419324,0.7328252113735018,0.6693366062930391,0.7109583111451956,0.6415916201331652,0.6787070655220926,0.972876511827717,1.015111374199354,0.8640042048661577,1.0676575458871618,1.014689442870167,0.7462193349116676,0.881782521630782,0.9459079045930955
0cc92082.qasm,64,0.5742476,success,6,1.0,0.8130477665413084,0.8130477665413084,0.511730857274189,0.482373212037367,0.5053081165149184,0.4967546649681671,0.5204135478651881,0.5269200791539437,0.5196829407626471,0.5426364809577351,0.9810302551852681,1.0818598017322947,0.9049646284316083,1.1255416985194795,1.0721100611820087,0.8937905663390059,0.946292141641252,1.159761768681113
0cc92082.qasm,512,0.18362350000000002,success,6,1.0,0.8130477665413084,0.8130477665413084,1.649513981721105,1.2526921308761598,1.5274366850922947,1.3299521054901449,1.195511201302044,1.104542526264845,1.1258028850439834,0.9997090118098156,2.537253678490393,2.5189066636467166,2.6447512274314007,3.1775048173688782,2.2629841762205216,1.7129605389935154,1.7373893613806644,1.8825492707484794
0cd81bd7.qasm,16,1.4029748,success,18,1.0,0.8684534336433972,0.8684534336433972,1.4000630809262675,1.3897929707580805,1.3895895588025995,1.3912222480326628,1.3867455460839115,1.3938062393704125,1.400684676437799,1.395088592340059,6.754000422469346,8.392886300780063,4.39271183096812,5.119829405169143,9.553360900978719,5.371029944935761,4.891904045873322,6.042995616374462
0cd81bd7.qasm,64,7.957766299999999,success,18,1.0,0.8684534336433972,0.8684534336433972,7.9445393189251154,7.932864496014386,7.953312147023731,7.971590419433969,7.987104628264472,7.94759546456803,7.964772320953501,7.940192898832571,7.335672048004988,8.997636939972573,6.386558748258339,6.552197102480021,9.179133692775316,6.405717820577258,5.6158251509938335,8.208968270000938
0cd81bd7.qasm,512,285.46857679999994,success,18,1.0,0.8684534336433972,0.8684534336433972,289.722353129903,287.0956749479415,289.5998744314431,289.29178956618347,288.79737788877134,288.09036292711033,288.8860759235149,287.99035494337613,88.25850938543117,79.38492218260959,54.12010223869692,89.29316701185817,67.32434466121487,70.99726213303312,55.850581058947164,121.09867097800557
0d08bd43.qasm,16,2469.4623289000006,success,24,1,0,0,3751.7243901852075,3102.263186700303,3344.786878741807,3392.8834609144888,3850.4683565598552,3507.308410204894,2900.2899901278843,3254.67439233727,42.05223930813904,66.86676959143034,46.99208970896341,73.12337055263939,30.121313199841275,83.85892868054019,67.72180629456457,57.838106761663596
0d08bd43.qasm,64,188.07979880000005,success,24,1,0,0,1410.4326486300165,1287.597484957402,1372.0911067399022,1607.4070452938602,1381.2163210000383,1471.5627329040108,1156.5531924843883,1341.9737160362145,14.624477542225542,20.11030587427738,8.945204163168226,14.040062098211338,10.453986855748086,17.05387338547256,15.547671949504924,16.584296561679913
0d08bd43.qasm,512,14399.999999999989,timeout,24,1,0,0,9884.158946357145,9534.919989645654,9057.601152254063,8486.795675568383,9736.403138629807,9011.290051747917,9319.887552836062,8958.871060976233,752.8640857574385,757.624649856434,1204.2221310850177,810.3478751333785,171.71303406316082,865.2182819617017,208.23186784569086,609.9077720239826
0d094263.qasm,16,0.17983059999999998,success,4,0.9523809523809524,0.7992445114107735,0.7611852489626414,0.2049577892032162,0.20059007960714537,0.21240270302515327,0.20049967100978586,0.19694968625564357,0.1930598025930233,0.19846743650648907,0.1976162033250518,0.3184509804629415,0.3422249948647416,0.48420409664532554,0.49161340843191276,0.3409888499570154,0.4578403793061884,0.49869326651573354,0.4428737022650765
0d094263.qasm,64,0.354708,success,4,0.9523809523809524,0.7992445114107735,0.7611852489626414,0.2281669719015016,0.2250117531033209,0.2333905817802562,0.23183380759074582,0.2279614159202262,0.23119021005307627,0.2254294663278094,0.2245987189046505,0.5683327773150506,0.5736122156786658,0.7790145579428939,0.8324489147142166,0.5321900358517475,0.8167374592276078,0.7516353060362929,0.7529681423040564
0d094263.qasm,512,0.17570120000000003,success,4,0.9523809523809524,0.7992445114107735,0.7611852489626414,0.2111158337661071,0.21062389657967137,0.2243347195767667,0.2164629594997028,0.2076598330903667,0.20959313574365054,0.20804869690926028,0.20939030803859798,0.6733924950579386,0.877474291004236,2.110379979936569,2.6768169199956504,0.9478859916758628,2.2880159965068305,1.8956265375095915,1.869349336280395
0d6f51b4.qasm,16,0.1818558,success,5,0.6377777777777778,0.7320597260161054,0.46689142525916055,0.2530550986312625,0.23992962189079942,0.2542027432258773,0.25035565502801216,0.23334281618803432,0.2339242897056736,0.23056464525488926,0.22975465744113313,0.35495354264806067,0.2934675488342315,0.3160463026835326,0.31539061805863206,0.3183843579310136,0.30429595998870496,0.310045350963178,0.2828567917913197
0d6f51b4.qasm,64,0.2284205,success,5,0.6377777777777778,0.7320597260161054,0.46689142525916055,0.3419474727279255,0.3870271570370107,0.3439244490221954,0.4160533187409472,0.35011674088576583,0.39770951858926334,0.39000036028832247,0.38473205394575744,0.5593208108169445,0.5027977383416539,0.47246981769937896,0.51199485357165,0.5273911217762661,0.5507615088541462,0.523019765092373,0.515168677680152
0d6f51b4.qasm,512,0.1679753,success,5,0.6377777777777778,0.7320597260161054,0.46689142525916055,0.32314321450943156,0.2719580534428143,0.32619496913624135,0.2897835151892823,0.27855772579452254,0.2613152102619277,0.255034805064739,0.25816204187351044,0.5792393063009265,0.4239121337097919,0.5050368950004915,0.49393816962621984,0.5482715260065785,0.4996939830982348,0.44117053406123286,0.4223082947464165
0e8ddfa3.qasm,16,1.1595966,success,12,1.0,0.8682750056367401,0.8682750056367401,1.2497419764779505,1.237239174825008,1.2366543646076567,1.2327273982491305,1.251235698585204,1.2422051792929212,1.2450662225440727,1.234231721122738,3.228323357918054,3.3418928327817294,2.096302924770714,2.3242884932425842,3.5189166686296507,2.180505199575728,2.095229230870547,2.6255135030122565
0e8ddfa3.qasm,64,3.4204512,success,12,1.0,0.8682750056367401,0.8682750056367401,3.43250098957576,3.4013225670937746,3.402277556604513,3.395534638628894,3.383451046171798,3.3724591243875737,3.404743991885818,3.390289251187413,3.7429698244234757,3.619268600397547,2.9405357930719145,3.110047863294838,3.544899740475815,2.513677838890809,2.5811321910973093,3.345302583489322
0e8ddfa3.qasm,512,72.21635219999999,success,12,1.0,0.8682750056367401,0.8682750056367401,70.82983320456722,69.27724856457391,72.11919288355143,70.75220341302776,72.47883831085143,70.44091837807345,70.56165855630897,70.93908246936218,24.7395926572637,22.68469918582896,17.659217032019033,25.754184334754147,17.771429163316974,19.08051975138612,15.994148365496244,24.165296363316546
0ee54ab9.qasm,16,0.17814269999999996,success,9,1.0,0.775586741324967,0.775586741324967,0.32874253664611147,0.3914676908915036,0.30093007582212156,0.35271566931938414,0.3655199561821767,0.32736815352831505,0.399421487160322,0.36974090650766944,0.45330715579977565,0.49596566902372086,0.36507658431846285,0.4539396515282087,0.4161115919921381,0.486898383575208,0.4443122734380118,0.3959870468044424
0ee54ab9.qasm,64,0.2257454,success,9,1.0,0.775586741324967,0.775586741324967,0.3600721271334762,0.3869973402149054,0.34589847221807407,0.36924284307557415,0.3939394100154201,0.34944682501045,0.40163001552423516,0.40609858669924503,0.45086378812332417,0.466708891934576,0.39311702007590216,0.46957949015148936,0.45846199640301194,0.5250735875886612,0.4703610737160586,0.44887583653503027
0ee54ab9.qasm,512,0.1782451,success,9,1.0,0.775586741324967,0.775586741324967,0.341445323234601,0.38267568130443924,0.31525095929026214,0.3908733929257555,0.42271927478024146,0.3871472307788798,0.4087546624390595,0.3697677633909602,0.5196284951441036,0.4787514095403909,0.38422277484961054,0.5375449439403415,0.4261818320229913,0.5940513106387868,0.5331122946412593,0.4997093117293673
0f6ae53c.qasm,16,0.17492429999999998,success,32,1.0,0.6838791494554332,0.6838791494554332,0.2186485660616355,0.2749409040657864,0.216629772329346,0.25316739136710514,0.29428472952456086,0.2525392515608261,0.27784815731050466,0.24112210767098635,2.668386092323746,2.2820492513377335,2.0761489806980844,2.9234684137109954,2.6977114068740153,2.4424635439351348,2.9274932702035095,2.765532289707734
0f6ae53c.qasm,64,0.6351061,success,32,1.0,0.6838791494554332,0.6838791494554332,0.9192321865449052,0.8868761379740412,0.7900651894306814,0.8667861003653634,1.0237422568743553,0.7962598171075622,0.9791611617820382,0.7731480956016372,2.6561465103621686,2.8685474928326378,2.2899944584723264,3.6974229547713677,3.067288613811858,2.8425032486617514,3.7930599590032408,3.8683401430251836
0f6ae53c.qasm,512,0.1797566,success,32,1.0,0.6838791494554332,0.6838791494554332,0.2517914051160014,0.3871231069436425,0.25848352768482324,0.3225252073841602,0.4297269798455885,0.23797106969733928,0.3540674108660228,0.25501993022116415,9.566950773925006,25.074750277113807,14.900339532332435,34.08006840839994,33.10796230386144,23.494075659305423,39.06158117124721,25.329312715313435
10761caa.qasm,16,1.2039713,success,12,1.0,0.8688062323279878,0.8688062323279878,1.2159269040928364,1.2122221804620381,1.2169037549114323,1.2142380341282726,1.2233709567534476,1.216628335906923,1.2204327339605632,1.2114122934729015,3.34655558909491,3.7480965878633405,2.301667555048671,2.576632007004965,4.048794278179621,2.5005446561063285,2.2338638699288524,2.6687925556194
10761caa.qasm,64,4.1564553,success,12,1.0,0.8688062323279878,0.8688062323279878,4.180628704824916,4.182470672373579,4.19122872411509,4.184351635841504,4.1918304060233975,4.184808091732673,4.193108994089293,4.168299678220878,3.986900466122391,4.1819486626901,3.3959778559610156,3.4938165249616557,4.193608161222735,2.9127063077158164,2.7546714079587598,3.5555666204282286
10761caa.qasm,512,91.75166269999998,success,12,1.0,0.8688062323279878,0.8688062323279878,90.5994849414895,90.8190694024532,90.08605528072448,90.3954306786899,90.38383007782916,90.48419608627604,91.92775920338839,90.16751494484014,30.160570428396245,26.023614825871757,24.94759043180925,36.07882764166118,20.73983691314345,22.526666387530014,17.412405913516185,27.357543262088384
10ea3498.qasm,16,0.1689698,success,49,0.7294239168516292,0.49690497799965344,0.36245437535557984,0.3099744133544154,0.3365178498881216,0.33470056668832376,0.35886388606018266,0.3835181877693763,0.3835515514514168,0.4221794926165318,0.4168494952716735,5.696462672057595,8.50735067992581,6.038741152825644,8.482503026142247,6.886388245587151,6.418506960555345,7.970558908746734,6.869715766475771
10ea3498.qasm,64,1.1595227,success,49,0.7294239168516292,0.49690497799965344,0.36245437535557984,1.801681531068507,1.679204308468415,1.7486601354669384,1.7042298597392938,1.765312515599009,1.7693976066027,1.8962048394285902,1.9934706214267868,6.157670283904146,10.869863663410545,5.6931291436976155,8.02681852393708,8.01864395147408,7.033712502318366,7.507362434002996,7.568205736630667
10ea3498.qasm,512,0.1702938,success,49,0.7294239168516292,0.49690497799965344,0.36245437535557984,0.5133946030215178,0.7028231984599349,0.5743006289562997,0.5229882141242226,0.6201012386530567,0.7310561942417525,0.7837001381122745,0.8575790238243641,12.111427046851622,22.92226916825466,11.543190284242842,19.11601504780463,16.58041071675348,13.615674312270801,16.915143323569524,16.145254143453396
1154e9d9.qasm,16,14399.999999999989,timeout,12,1.0,0.7464249284716716,0.7464249284716716,10052.758566370489,9255.809106099308,8583.892112168,9477.648230720808,9472.575067485239,8865.634322005419,9057.393990217019,9583.554886181402,55.40204267611553,66.73753736125788,47.70421248660153,47.85916950348578,55.85703501573817,74.6994064776383,53.39169672333613,51.03845691664384
1154e9d9.qasm,512,14399.999999999989,timeout,12,1.0,0.7464249284716716,0.7464249284716716,9403.937789511088,9586.162021864317,8947.543221914075,8068.557883159783,8569.646748165611,8723.046728088544,7988.8589848672955,8768.65900928182,309.46068360155044,359.1558409647136,463.75272057169116,169.66088045418465,227.45494077248176,176.15540084150527,128.68621458999093,206.8738568479458
12157215.qasm,16,2000.5838667,success,27,1.0,0.8649413622494971,0.8649413622494971,1437.6790217834182,1473.6813662488516,1383.8918759161406,1415.3266645422352,1415.8261606747528,1513.2170773382077,1485.1012214293016,1469.889314505507,43.351817557387044,43.66361621492483,24.371314484718866,48.38940565419697,27.45283753942574,39.61193532672495,48.45539824710702,28.408053799015384
12157215.qasm,64,851.9857254999997,success,27,1.0,0.8649413622494971,0.8649413622494971,1243.4953114206162,1303.7221297522258,1168.5171935399476,1188.3013762599671,1290.3431509100737,1249.4265943979306,1273.7993672236064,1188.9076603061885,8.887679474367484,8.75551705852844,5.725246106445159,6.972918196218076,5.05350939653636,7.893751184789423,6.9859112585395104,5.77686858319224
12157215.qasm,512,14399.999999999989,timeout,27,1.0,0.8649413622494971,0.8649413622494971,14346.408148706114,14344.108639847282,14370.803939612044,14395.390066739226,14360.197925866549,14350.382427739125,14395.390066739226,14305.864835111717,854.8191009099645,803.3283456528842,1295.8953020680465,1259.6676268076412,1231.895123761032,1064.3128631745951,855.608943610419,1086.3290587397655
125f60d7.qasm,16,1463.3105540000001,success,12,1.0,0.6763181951928827,0.6763181951928827,2121.238046463222,1563.0767259932852,1917.3668791633854,1915.6965928585878,2215.671237969412,1952.5913978843275,1729.1383428901042,1676.2376621918422,61.54563424682494,74.42950493290739,42.586509523071896,68.53500202080632,46.99199268839787,65.2897338893412,54.60333324756163,43.43665213206411
125f60d7.qasm,64,804.1303602000003,success,12,1.0,0.6763181951928827,0.6763181951928827,1243.0623080844143,1115.252985945134,1354.5341086046815,1303.8490124439952,1432.3671714955967,1394.5653334037866,1123.3867419636713,1150.7515874229775,5.738581776047438,5.420647415203703,3.525794773820622,5.059250772403238,5.098560065172464,5.996675819444357,3.3522079440466825,3.922567582719479
138d2c7b.qasm,16,1.5629332,success,19,1.0,0.8686318415522233,0.8686318415522233,1.5572015326787867,1.5556145125997725,1.5419579803439394,1.5461963857175838,1.5574171456721664,1.5540707314311666,1.5586603453451737,1.5541378160281243,6.43551337151458,7.438927791792589,3.906883907611103,4.918567295152507,8.588406056042725,4.9760674853250375,4.65787578508097,6.0852006984896425
138d2c7b.qasm,64,7.723485,success,19,1.0,0.8686318415522233,0.8686318415522233,7.73543887972819,7.680403896473452,7.722844469949146,7.771945370505656,7.692363721346476,7.743548051033728,7.720385160295015,7.670667694187217,6.196858003225221,6.86807811250633,5.591834647656572,5.946882112023249,7.304593692788503,5.539881923934584,4.95571898460839,7.6403108269149635
138d2c7b.qasm,512,266.476829,success,19,1.0,0.8686318415522233,0.8686318415522233,261.9486428423617,258.31027904846553,260.46142188054137,260.9710173139538,263.03479708921094,257.6525287456203,260.65645847302545,260.4198892907766,68.00077097810453,67.47788620742426,42.51738097925178,67.86981686934463,49.520838732401295,52.72555710255907,56.16861854069034,109.4582854069808
13b8e3f8.qasm,16,1.15246,success,14,1.0,0.8684168125694854,0.8684168125694854,1.1172309069994844,1.1131712200038442,1.1058282181676247,1.1100727294708563,1.1089208264613988,1.1010655530780946,1.1035175074775947,1.106175510497123,4.437730211927177,5.168008272260248,3.0282257091658447,3.3591206129587743,5.673212359896816,3.3127842872299205,3.1727136905711437,3.5984658344646645
13b8e3f8.qasm,64,5.056893600000001,success,14,1.0,0.8684168125694854,0.8684168125694854,5.113066632232699,5.076218886804108,5.120573720633805,5.109986180038485,5.178526243792972,5.045544402362443,5.099257199486484,5.082119937314176,5.414051078564346,6.125559325059505,4.420001321937248,4.7872088874866465,5.558566199262008,4.070827696804609,3.8628731043595956,4.908000024420079
13b8e3f8.qasm,512,143.3873458,success,14,1.0,0.8684168125694854,0.8684168125694854,146.23863004591388,147.13452636171743,145.0434016973032,146.6985120231793,145.20264175567124,145.29157007981763,144.77076453843873,142.85997146011343,44.37906459346655,44.00796155006612,35.8592039690455,57.73218533563519,27.941845589614548,35.489780854344936,27.631511325821958,47.53533807327323
13eb49aa.qasm,16,0.1763388,success,12,1.0,0.6091674096335711,0.6091674096335711,0.21398409429752308,0.2263363496512287,0.22599584755697172,0.2328077763011951,0.21405548968065385,0.2202073155012896,0.21803360407142325,0.21431278888942343,0.280773911080583,0.33622810305739004,0.3246654723983117,0.35595100393080514,0.30862410301491533,0.3913712020759256,0.3445529722512389,0.33600054869153345
13eb49aa.qasm,64,1.03723,success,12,1.0,0.6091674096335711,0.6091674096335711,1.0686639165223955,1.0442018090867042,1.0166186267394735,1.0400489585312909,1.0569030634849093,1.0124108331827932,1.0129680190173356,1.0317312735918227,0.3182482266200782,0.39875000235812247,0.34496701564827315,0.3803739065111106,0.33191013539258624,0.4185401333162136,0.3913290594984306,0.3651743757654377
14019fed.qasm,16,85.55772610000001,success,64,1.0,0.4904218285145999,0.4904218285145999,20.09817375551199,21.897860384622437,25.08712375280129,28.467730580423446,24.629988766383917,32.35461223993805,22.83351053701016,21.36197018108449,3.4999570190221196,3.089294761708252,5.651423704534685,4.6278465345980155,3.00963642386095,5.378547090499461,6.281125644656643,5.364780360198843
14019fed.qasm,64,7.701556400000001,success,64,1.0,0.4904218285145999,0.4904218285145999,9.054900850402813,9.913453515166593,10.869348911307858,12.383304044404843,11.21999180742029,13.070803657823578,12.579230437816912,10.379947175774756,3.4913370010008076,2.6874048607682615,5.9709902837006625,5.168661898118256,3.0366186531446635,5.663184189510642,6.254483531886531,5.006201614724016
14019fed.qasm,512,125.55042679999998,success,64,1.0,0.4904218285145999,0.4904218285145999,185.1192292725613,176.1467695473179,170.93637351490852,170.90971388674515,186.4888979204245,177.93636698334487,185.66088449718333,165.4412812977834,15.963428102697726,16.280056280733763,19.25333462999178,13.078570085009398,9.954965041820024,18.62812069743641,19.458503168943526,15.330402124013728
149b1e7c.qasm,16,5.221844600000001,success,44,0.9731800766283526,0.7748320185377602,0.7540510831746786,4.289342276748976,4.338779353794592,4.279570631416475,4.2980538226521485,4.305324711341759,4.298005125763801,4.341472119511412,4.23141182774002,6.064859433221164,4.454001805004885,3.31804376414522,3.6352666200657247,3.878499591892557,3.0394535893693146,4.163083657261773,4.601252720430316
149b1e7c.qasm,64,0.1728306,success,44,0.9731800766283526,0.7748320185377602,0.7540510831746786,0.26040351122527594,0.2657509097537421,0.26678619037376927,0.25501304613353043,0.2678337767008133,0.2600284752974527,0.26279974278142965,0.2725492439345836,6.217565451875557,4.859146789959417,4.034072660395079,3.743986756000102,5.157233826982883,3.8551095978716168,5.090350069866466,4.975747254345641
15434610.qasm,16,1.5159936,success,19,1.0,0.8687455668099882,0.8687455668099882,1.6691495585596534,1.6644843900738222,1.6570751497213143,1.644658176557545,1.6645321269861775,1.6516246097172294,1.6539109199121003,1.6364737927758715,6.437251440466961,7.417872181674587,3.906883907611103,4.893616017061189,8.697921523489535,4.8541118134496415,4.65787578508097,6.0852006984896425
15434610.qasm,64,7.743600700000001,success,19,1.0,0.8687455668099882,0.8687455668099882,7.782393789442076,7.669406519804501,7.6882744836948165,7.767239072274197,7.738422320566945,7.7388663343833315,7.722431340100814,7.691315440257928,6.192924862216975,6.791073761141145,5.591834647656572,5.843404958265422,7.2224080876671115,5.377778304377767,4.95571898460839,7.6403108269149635
15434610.qasm,512,260.9629377999999,success,19,1.0,0.8687455668099882,0.8687455668099882,256.0718922890557,256.8648827870994,257.5292457020069,257.79053594148434,261.8983092317928,259.84375645135395,255.06927998897365,261.156556094188,68.00077097810453,66.24346392595824,40.49217027829891,67.84858228196094,48.92669197932742,50.980120549633504,56.16861854069034,109.4582854069808
159b3481.qasm,16,0.5732643,success,8,1.0,0.8686016878423881,0.8686016878423881,0.5607588310575352,0.5628559904318565,0.557776857442827,0.5554140025537018,0.5621182194377268,0.5602347722773094,0.5588270948583243,0.5621723655362177,1.6505469818374612,1.278794997626674,1.118476630722357,1.2110405803203472,1.3232065821326235,1.0051316497644667,1.1344788132908843,1.3998367542722638
159b3481.qasm,64,1.1235271,success,8,1.0,0.8686016878423881,0.8686016878423881,1.1494946002018733,1.131559525333195,1.1349662316166387,1.1436119204035837,1.1145222225667848,1.1183018007508638,1.138227313025781,1.1471211998972362,1.8896777181798783,1.5884380684281607,1.3454705299178544,1.4390038472068778,1.501020269045623,1.146032916904266,1.315859479537785,1.7936805339392194
159b3481.qasm,512,2.7779996,success,8,1.0,0.8686016878423881,0.8686016878423881,2.6871885748230495,2.6586885753942937,2.687155926964936,2.7463593288474177,2.6630334470860055,2.651771684110876,2.6375622721595815,2.727331708848554,7.767684127754948,5.3297848899461115,5.8637059344385065,6.430956202915708,5.815827703656691,4.18427507120443,4.049269051681042,5.164256648627325
15c28669.qasm,16,0.2514302,success,16,1.0,0.608722476625205,0.608722476625205,1.7233155805389482,2.1301877276207732,1.341409040735126,1.6263378920784493,1.9318788432634346,2.1980387749069314,1.9739116394880043,1.660223687114128,3.858881663157085,3.900810534680773,3.481574096223049,3.3542627845847064,3.8372121480845327,3.9894405313186816,3.5731859108761816,3.8951208595944182
15c28669.qasm,64,0.3990744,success,16,1.0,0.608722476625205,0.608722476625205,1.3414256903753474,1.514821770058917,1.0905325189967572,1.1827718756924415,1.4428784151262148,1.3288671823198501,1.4136907858462098,1.6441327968068438,3.341990630511279,2.9246525928625013,3.015150184852913,3.6129017816244455,2.5884736046047507,2.2519821524056285,2.7878103378323673,2.2063556794830292
15c28669.qasm,512,0.2419986,success,16,1.0,0.608722476625205,0.608722476625205,4.954628366789412,5.726450532113943,4.929236116509177,4.718428484939222,4.302911812942988,3.818386212241014,4.597808005992975,4.146545344193282,14.490062172580668,19.832491883498843,10.304839970630892,11.965979417162314,11.032075520270888,9.63322503433063,8.752645445307381,10.85518266408121
1619b169.qasm,16,0.17318939999999997,success,8,1.0,0.6918184942142214,0.6918184942142214,0.5374272970087328,0.4563212697170752,0.5068741235813339,0.576928407218371,0.47411914206168654,0.5187258191793501,0.4204176438638729,0.448274278923944,0.557459865172372,0.5975829627422448,0.6422170573974533,0.621871410289006,0.5638335915156955,0.5967448445746517,0.6880781378610055,0.5617801085490258
1619b169.qasm,64,0.1710901,success,8,1.0,0.6918184942142214,0.6918184942142214,0.6347091059290462,0.5675487149745229,0.6248699415263812,0.682578049245512,0.5583403310633401,0.6830720812315324,0.48056300853847905,0.625176475992757,0.8663244963817954,0.8393948535260256,0.7805243669982768,0.7859548957272439,0.7291769903863972,0.6753982137804276,0.829641814125008,0.644314335189499
1619b169.qasm,512,0.18216660000000004,success,8,1.0,0.6918184942142214,0.6918184942142214,0.9513465843878088,0.9153776243163618,0.6541468548137906,0.891662985870736,0.9483692838447096,1.0131920069602744,0.7685619542513678,0.8595746472248899,1.3319390906643669,1.346178175442227,1.087448195560467,1.1983220764893336,0.854486076588464,1.0031310439902423,1.2531884082060238,0.9256721769664014
166e9d3a.qasm,16,0.18061239999999998,success,8,1.0,0.7056165211900364,0.7056165211900364,0.4536920777593915,0.38618084320435603,0.39165496768115515,0.40618761062375985,0.41099902718461223,0.389581789478092,0.40434571212103454,0.357852677476633,0.7447014231422602,0.8984566444552262,0.7350886944101949,0.7455325246067249,1.2277712062224881,0.7958711531824928,1.077830351328732,0.7116315376214203
166e9d3a.qasm,64,0.16925800000000002,success,8,1.0,0.7056165211900364,0.7056165211900364,0.5383820832622225,0.42210239257684623,0.4955747357760257,0.5035950373106071,0.4564921312875278,0.4677932534839358,0.455496334868929,0.4646186421048695,0.9708602277785768,1.0737194634526863,0.8972710596494259,0.8280149998748169,1.2659946546972598,0.8629792565182778,1.0375894210587246,0.797254158111832
166e9d3a.qasm,512,0.169438,success,8,1.0,0.7056165211900364,0.7056165211900364,0.557080614016201,0.43983119726607517,0.43622895455025856,0.45477940398543154,0.5429944633887732,0.415186542387817,0.45409475073015254,0.4611478342946161,1.058411770414505,1.4898718718566633,0.9899417339285118,1.0607675164854573,1.6086403491805557,1.0329438974502434,1.3926130274908004,1.04927441142132
1688d759.qasm,16,1.9672979,success,26,1.0,0.8694751245667078,0.8694751245667078,1.9654343192877095,1.9648105707766144,1.966299493837418,1.9663457221036633,1.964576588398001,1.9669473718244792,1.9634747002517001,1.962454774099521,10.857849106248255,10.056690701486566,6.781572620648603,9.270691983661187,11.122156760445069,8.744517791924336,8.648253398352097,9.909485333434693
1688d759.qasm,64,14.099032299999998,success,26,1.0,0.8694751245667078,0.8694751245667078,14.092610939487951,13.96480478515013,14.179308604305305,14.105596954227957,14.06139562103569,14.066078636352787,14.265535278126862,14.24316445598534,9.000792508800654,8.105533080109238,8.363666802104595,9.037646153212382,10.148439704473075,8.891797777998732,8.29488295958555,11.400928078858621
1688d759.qasm,512,559.5118791999997,success,26,1.0,0.8694751245667078,0.8694751245667078,553.6228092799786,555.8970196384823,556.6318353471293,551.8458072278298,547.4529103560709,545.9393979596656,542.6959842946804,549.4972944884585,113.19047108312972,102.67269705439462,73.57534235960809,114.65666454667249,87.60918355046147,100.14909290438388,106.97240172170814,201.0800961747261
16ff70bb.qasm,16,2.1233068,success,24,1.0,0.8687002958106931,0.8687002958106931,2.1051250257039364,2.0998790959426916,2.1076764155352907,2.1066842052098225,2.107807072736303,2.1052075700002426,2.0846184509339665,2.106332401241476,12.65600853979858,12.300196928856964,9.12927058188237,11.923092437235834,15.307175413193542,11.095522112496111,9.961447196620453,11.599026485334365
16ff70bb.qasm,64,12.121247399999998,success,24,1.0,0.8687002958106931,0.8687002958106931,12.18820864539239,12.205586593433802,12.202503150056854,12.170718438812996,12.210183393502895,12.18579880249095,12.213987907633113,12.17285159892585,11.911367831193854,11.32430970285689,12.001049865594272,12.354521759987238,14.342684296134175,11.099207435203297,9.091168024759154,14.28175289953777
16ff70bb.qasm,512,493.81017920000016,success,24,1.0,0.8687002958106931,0.8687002958106931,493.5179866746899,492.97144340605314,469.1019898388457,470.39783596980845,490.2435080237383,474.7654909435588,474.9047400737957,474.8184534598117,161.33155910106646,156.7974616619485,131.51054633356384,194.5736163614661,140.76184531867014,211.90682585195322,124.50217894128033,365.2123577802072
17253376.qasm,16,1.7846797,success,26,1.0,0.8698515165157206,0.8698515165157206,1.7582982519295849,1.7645956851891866,1.7605876419064752,1.7539421919648746,1.762888743226074,1.772827334495577,1.7626528561450956,1.7488596918193628,9.779694240685947,9.959181562498344,6.112586864529184,7.8186759865702715,10.352387295482192,6.863465657591144,7.386323723850003,8.461297315221278
17253376.qasm,64,12.199884,success,26,1.0,0.8698515165157206,0.8698515165157206,12.177308038597358,12.221675266966097,11.835180050741569,11.984490561041197,11.92023739512741,11.984633603360685,11.772373228995356,11.878033621763127,9.004062122709314,8.386727278282372,7.941654428990117,8.00722986519231,10.034042338464292,7.568900530721838,7.389264224311461,10.881471798958152
17253376.qasm,512,464.4622878000001,success,26,1.0,0.8698515165157206,0.8698515165157206,461.64332628086174,461.4621006782212,458.751396944334,461.81452262985624,461.9136982125371,463.17618374585743,458.25901291403414,462.6359741986072,123.91023382440882,101.65896732930838,71.43272875558465,110.34898263899942,89.3841170431535,91.94795416915102,96.96733708872323,198.6058158290259
173d4b8b.qasm,16,0.4365735,success,0,0.0,0.446194489636296,0.0,0.8646485852114367,0.9822965226463125,0.8135293692245756,0.9869815212848736,0.9344643250118309,0.9519205992200432,0.9981306491171601,0.9835013747567308,0.7065294853419488,0.7656637305647884,0.7295717684041141,0.7394404404113739,0.8096696821100409,0.6962991509040857,0.7528492477981577,0.6772195270307723
173d4b8b.qasm,64,0.4759959,success,0,0.0,0.446194489636296,0.0,0.8891553438199526,1.03137238384785,0.8404397349293751,1.0313160117779248,0.9760912194654576,1.0006269424709129,1.0506590297280305,1.0328471833825525,0.9554113319957847,1.0814786375468428,0.849325252604531,0.9755410803096742,1.033239050105863,0.9152606729887486,0.9598714788379967,0.9128161043402945
173d4b8b.qasm,512,0.4571515,success,0,0.0,0.446194489636296,0.0,0.8711389566810487,0.9770863024503774,0.8432156061803097,1.028621384455914,0.937285493179935,0.9473792571512692,0.9798125628000656,0.9681467581787461,0.9605577378053193,0.9648072310595746,0.8332709057042486,0.9035810679599703,0.9851317606878175,0.7943278996860446,0.8752766150971141,0.7761214998042597
175f2997.qasm,16,1.5397053,success,18,1.0,0.8681636828305714,0.8681636828305714,1.4975598320830898,1.4795944877401832,1.5013714309541533,1.4891242828362974,1.4928008306117637,1.4988198733970857,1.475841044150251,1.496236415288751,6.373230171760411,6.2672025914291245,3.569518324065038,4.546121205925421,7.856973951727228,4.185552271429123,4.253501244066225,5.477247571740299
175f2997.qasm,64,6.911357399999999,success,18,1.0,0.8681636828305714,0.8681636828305714,6.926928903902042,6.952667395569575,6.874333342238012,6.93818427716637,6.9352325492002,6.891274238896191,6.859065270171393,6.943085400040378,6.325244704038425,6.374827266624783,5.211566366961461,5.677193890999646,7.129885329167651,4.734410068522735,4.890880525590168,7.14440358712828
175f2997.qasm,512,203.2557665999999,success,18,1.0,0.8681636828305714,0.8681636828305714,200.09509111419612,203.14835843726672,204.4598564689485,202.89441903548177,202.0801720868068,200.98746180267452,200.53778493482574,196.8433024626467,68.18776762665813,49.57155888017662,35.8566265230813,63.92104326188174,42.87521927666207,41.353718288570285,41.17184857933163,85.42499745266275
17e5a14b.qasm,16,85.25765730000002,success,49,1.0,0.7349390163354956,0.7349390163354956,64.61313712861364,65.3397733907104,63.567169210684966,65.09079557561921,65.66793203209315,65.23062813361193,66.39399542485339,63.480376200622956,47.77452084129408,46.76080991310148,27.54737914212001,57.58890248093879,36.14933238935936,47.8816824271239,60.163267258021314,38.177355939494
17e5a14b.qasm,64,4.9438845,success,49,1.0,0.7349390163354956,0.7349390163354956,3.329903435048726,3.3323119730561586,3.3375370435687826,3.3263311490472125,3.3804954702347567,3.4244387668934624,3.2656591639522703,3.2408909068705594,4.141325246333898,4.560210202952968,2.5955206375413296,4.1708232968984955,3.1391897970298506,5.229030097201983,4.813147425272281,3.6959818974639047
195099c8.qasm,16,0.3044958,success,6,0.18725839259243166,0.5414548892172532,0.10139197221613598,2.24450950628612,2.1883138786106775,2.2370262490203427,1.6157823099024466,1.9033438119085913,1.646935588103939,2.2691604976527655,1.566741055823853,18.725017953493996,18.76717769240116,18.532017717679583,18.146014377252595,20.857447886671107,14.53302159232979,18.901328585367914,16.996622716864795
195099c8.qasm,64,10.437987799999998,success,6,0.18725839259243166,0.5414548892172532,0.10139197221613598,7.2934654758790325,6.779901187707719,5.971482439879489,5.151781705263178,5.9619653662920165,4.669174406736392,5.885143654695379,5.014467017255509,19.311753710663197,18.02042025763105,24.213946991179693,18.38458973725755,20.40937713233423,17.317167327927166,18.001365782366225,19.677179306093983
195099c8.qasm,512,0.2926443,success,6,0.18725839259243166,0.5414548892172532,0.10139197221613598,12.172002338563656,9.216512595410878,10.365451362188217,7.828977001680725,7.3593431723873675,6.697688134928525,7.862708610582133,6.150720856134539,151.93173920980226,74.87254354892765,168.75666366959797,89.73621670151027,102.50205299132446,49.57141408454635,61.524948573443126,71.7333556029938
19550378.qasm,16,0.7261901,success,4,1.0,0.7920855990459581,0.7920855990459581,2.281907628853712,2.057605072364875,1.635605848716376,2.822361500349405,2.0219190687129496,1.7311536069143307,1.9540607123532518,2.0632264929775643,1.4691278653190576,1.3593689125288362,1.1639263285851522,1.2561304660026495,1.4301633728475094,1.4596817089980996,1.0639155063572965,1.1894356131658814
19550378.qasm,64,0.7177524,success,4,1.0,0.7920855990459581,0.7920855990459581,2.7865777536609184,2.897401622744902,2.1259326778151486,3.3260835618910636,2.2338915380634505,2.719551223638913,2.7495061145795017,3.173799235619166,1.5252534621960052,1.2540777985563765,1.373220009140792,1.4453518422267595,1.6925672200763677,1.4132031536809984,1.2295190444306052,1.3453110744641443
19550378.qasm,512,0.7171464,success,4,1.0,0.7920855990459581,0.7920855990459581,10.716212452364651,8.24988742045565,8.460746379974124,8.158252758899435,6.221781486272706,8.074838151753397,6.029354194847707,6.244516134755166,4.508598208096127,2.809765039380138,2.8368346990702182,2.5830055238416114,2.67048217343216,2.5100322793220586,1.894064390214387,2.2218768025219653
1959a985.qasm,16,4.8913162,success,28,1.0,0.8451675593168421,0.8451675593168421,4.694742170319704,4.632997381137532,4.590592772192611,4.4522408139872045,4.601117681303907,4.53302857508131,4.479237722040797,4.649023367870612,0.7834053440936493,0.6701588540384389,0.6230468651897225,0.6636098626939383,0.7778760289492345,0.6138029572125032,0.6843793225044527,0.5964048958082072
1959a985.qasm,64,31.2692711,success,28,1.0,0.8451675593168421,0.8451675593168421,2.942179397101594,2.9811957710962322,3.336034546777385,3.7861463694631916,3.197975096822824,3.6709797247897193,3.516693595194298,3.6672143653976415,1.245988643147265,0.930375535022226,1.0494592899603177,1.0670389361271566,1.1491930008701954,0.9594715624292675,1.2289108156446051,1.0056591005662074
1959a985.qasm,512,1435.4921207999998,success,28,1.0,0.8451675593168421,0.8451675593168421,1198.6786743261591,1197.176784121627,1211.4309251855234,1221.511248733493,1182.0792838674251,1205.5003276488421,1228.0633916590252,1279.2526010320125,2.8236662999184734,3.797356646681722,2.9452302151179013,3.4751173019024595,2.958539064513812,2.7061623001120845,3.3648073069529487,4.021087987416346
19d587f3.qasm,16,0.17350479999999996,success,3,0.4869959341733535,0.8566723859706116,0.41719596888627364,0.1894402989175186,0.19040260529033867,0.1953444195798695,0.19449856515870315,0.19129816011694412,0.19250534312161688,0.1914779015776527,0.19342297621091628,0.22094715622169456,0.21917203257213141,0.22087921985228387,0.20913145811113032,0.2042105973014876,0.21339354807485184,0.21853054923489473,0.21296594478437045
19d587f3.qasm,64,1.2004384,success,3,0.4869959341733535,0.8566723859706116,0.41719596888627364,1.0983319934924947,1.103221178906254,1.080016000522823,1.1134477847801105,1.085671650421053,1.1121503165575932,1.1040109459448155,1.100778056868552,1.0326666648609049,1.116548462643003,1.064029365178559,1.0654822770659123,0.9408248614197211,0.9745184332866276,0.9435863452710603,1.0159109590083601
19d587f3.qasm,512,0.172592,success,3,0.4869959341733535,0.8566723859706116,0.41719596888627364,0.17750209215887072,0.18345154250419773,0.17908408410576732,0.1827026826094751,0.1780580797020283,0.17754532732662828,0.1767758687692828,0.18417901742894077,0.23260703109998807,0.24240960793916932,0.23135103609811347,0.23409691771851943,0.22572971655592763,0.21732983795531452,0.23275311182853115,0.21428965901353642
1a554de5.qasm,16,0.17159249999999998,success,22,1.0,0.6806333180838712,0.6806333180838712,0.5828837588698236,0.5242851694822267,0.7799256777641861,0.4745070496734447,0.49221155588300913,0.4663793800911844,0.5667400692790354,0.5382573332924135,0.9273203403368309,1.100402466656386,0.8178418695836729,1.0923752636997062,1.2642367453703482,1.1459580059054644,1.4688927844468473,1.1370592648147633
1a554de5.qasm,64,0.1756577,success,22,1.0,0.6806333180838712,0.6806333180838712,1.0105716690757094,0.9770749932370209,1.3409902959578313,0.8937984773689842,0.9457383847210703,0.7804251918481191,0.9833426194310139,0.8559532607799448,1.2529643472121517,1.5406050855955706,0.962148853716822,1.305359658611909,1.5023923759056663,1.148444719295721,1.4231788876120801,1.2105063349023488
1a554de5.qasm,512,0.1775085,success,22,1.0,0.6806333180838712,0.6806333180838712,1.2836355321398718,1.6225074164356241,1.675975706144823,1.3293236400500803,1.7381800018258937,1.7912603555449798,2.7174687260983834,1.5423120398242591,2.181624403128264,6.120377382471668,2.3575748476275593,5.095882134056467,5.116004365457106,5.003822050704744,6.945967969916182,5.150289602248307
1aa22822.qasm,16,20.512900800000004,success,33,1.0,0.761252945261283,0.761252945261283,21.971160858071865,20.306786704260617,19.980831550992942,20.16536668161319,20.523768518651003,20.893013059248844,21.259953329789653,20.823147680346718,40.045969043805755,46.04786170117952,22.129807834011714,46.53300178903032,26.478429467669645,45.429631815409586,57.03001633079393,35.97186426612639
1aa22822.qasm,64,1.1141745,success,33,1.0,0.761252945261283,0.761252945261283,5.071184401299585,4.7823338755565485,4.804342046335219,5.277683696628518,4.912854115334177,5.030894789002266,4.470797453647947,4.56683236550955,3.1586767163683414,4.125196756286978,2.1164923991173885,3.44477462147044,2.499267505933989,4.524668312193833,4.635748359022306,3.8551393966232155
1af5b336.qasm,16,1.0828512,success,10,1.0,0.8690853859920133,0.8690853859920133,1.1036646078620322,1.1017216687304439,1.107898963752399,1.0892703354866886,1.0888313211836107,1.1164391935236293,1.1178276001700966,1.1002259940731594,2.5374192439572623,1.9989068502200424,1.5581301627077986,1.6501257913716687,2.093388475735342,1.6821619471391402,1.6256208213470764,1.9796778805754711
1af5b336.qasm,64,2.2817078,success,10,1.0,0.8690853859920133,0.8690853859920133,2.232446245853236,2.252977367382523,2.2633242316983218,2.2743425606178453,2.2793627100209415,2.2112772761621766,2.226871562536814,2.220824913637421,2.862934638033443,2.0983280439311414,2.0627110132089617,2.111194395139352,2.200383457820378,1.8940482366907543,1.9888720581227508,2.594134043803314
1af5b336.qasm,512,23.957207000000007,success,10,1.0,0.8690853859920133,0.8690853859920133,21.60297141176962,21.82261545906016,22.924668614657197,22.467219420806956,22.23985734201327,22.793313443632883,22.147378697468326,22.620704896462872,18.779798098767056,11.923410317324453,11.730034627687438,15.483787006061279,12.40927888338049,11.390429248937833,8.981564824834557,13.62096149062792
1b91945f.qasm,16,0.5788403,success,8,1.0,0.8689653992398996,0.8689653992398996,0.5570044501845459,0.5637634415262933,0.5612785015014727,0.5664725074636245,0.5631980367054927,0.5616437191495971,0.5648495745722656,0.56444851301682,1.6719234091990034,1.2779251927954165,1.118476630722357,1.206741257783163,1.3351484296314162,1.0000495752411815,1.1496818014363435,1.3964262738671331
1b91945f.qasm,64,1.1345342,success,8,1.0,0.8689653992398996,0.8689653992398996,1.1164674722732215,1.1094526575791894,1.0919736048255089,1.1266821353378058,1.1129884516246444,1.106798705679682,1.126785079583306,1.1136397115937173,1.877028167117484,1.559363660782599,1.3501655134230222,1.4515111444086117,1.5031061393879532,1.1593755282808507,1.347398485817301,1.7825179017847468
1b91945f.qasm,512,2.7687015,success,8,1.0,0.8689653992398996,0.8689653992398996,2.656381928422936,2.600908627563895,2.6264695527820647,2.6061889263706224,2.466197385494818,2.5784975368628817,2.549822243732199,2.5363432650964355,7.995974391440447,5.2567755138579395,5.939123794965768,6.2404553836608825,5.688075159439004,4.197921788928788,4.116079917561463,5.073317006332583
1cb3c32c.qasm,16,8.074354699999999,success,30,1.0,0.702491069771911,0.702491069771911,7.844878112959475,8.005358384480285,7.8624508551928365,8.043683167455633,8.030704095603935,7.989960902864226,7.780267854189282,7.940272807997136,6.561622286514439,5.6933966217512815,4.949388813454713,4.506173336946466,5.167245385112206,4.313427032784365,4.514776122387781,5.082841119667014
1cb3c32c.qasm,64,0.3971776,success,30,1.0,0.702491069771911,0.702491069771911,0.24042902249239298,0.22885180956901363,0.21702560493781703,0.22403774185652936,0.23084454613356217,0.22311780365563688,0.22432448625135415,0.2183510447694592,4.97353067677205,4.372404250006124,3.8590126242430935,3.342055347770751,3.7997981453125576,3.3954495335888235,3.7636210505290535,4.138552100036951
1d1dc1d8.qasm,16,2.091032,success,25,1.0,0.8699918076317488,0.8699918076317488,2.04130877546507,2.040187840203858,2.0300615648952762,2.036378952646653,2.0317301536964707,2.0416159557298474,2.054686744277937,2.037271516343666,11.382492750883515,10.603549393450105,7.280637685189233,10.082496848158097,13.940984019037641,8.951925819338845,7.678525628015192,10.109956770800828
1d1dc1d8.qasm,64,12.1915016,success,25,1.0,0.8699918076317488,0.8699918076317488,12.141134711609132,12.167678795692021,12.121834064145546,12.202535032513575,12.108641439722259,12.13233219763048,12.151875058267976,12.275414990358335,9.588279389416705,8.883095526968223,9.293394853904926,9.691896036898948,12.458558990401785,8.685918632370047,6.962375218934459,12.11763223600262
1d1dc1d8.qasm,512,477.1889418,success,25,1.0,0.8699918076317488,0.8699918076317488,498.79805349113536,497.2858842376177,498.5374992468883,496.2044743534495,498.732530258409,495.0751772832165,497.56247923924684,496.6582305793591,122.2331149852711,109.93820637140549,81.81008252276813,128.322237191695,122.38025254587633,133.9228421549878,90.25186297972263,250.9178448263293
1d4b1889.qasm,16,0.4623995,success,6,1.0,0.8722556192087624,0.8722556192087624,0.5269322258080168,0.5264421344474577,0.5337018373080629,0.5375038915042164,0.54128653941427,0.5402854625401091,0.5449048281575176,0.5427416565961464,0.8586340649768728,0.7873538672392048,0.7600068764574559,0.8222349628052202,0.8231115951587793,0.6005273484942063,0.7982557429190325,0.8073777086517894
1d4b1889.qasm,64,0.339699,success,6,1.0,0.8722556192087624,0.8722556192087624,0.3480922616958408,0.34597171852529857,0.3478323006929486,0.3474153333762868,0.3459802539753077,0.345082487055002,0.3468203352417453,0.3485019774185276,0.9495195815259143,0.9999881015528056,0.8156326349231235,0.9511737282819432,0.8355099395115893,0.6728074957028303,0.7556974947482695,0.9401579693181816
1d4b1889.qasm,512,0.3409897,success,6,1.0,0.8722556192087624,0.8722556192087624,0.34295575825232005,0.34398259199818515,0.34721740764386216,0.34592831223999115,0.34345259536347655,0.3466364713225764,0.3465408034762545,0.3482114065432067,2.8793694167646895,2.695690718166421,2.6333417538198525,2.8218286851099124,2.445316870308472,1.5790516042734446,2.021315180597561,2.1121126196175126
1db5f683.qasm,16,2.0087796,success,24,1.0,0.8691778842157825,0.8691778842157825,1.9997915977094423,2.0017268922344162,1.997698644563951,1.9971320317741532,1.9938299028260067,1.9994317907097725,1.9861994349675944,1.997933589356327,10.772857217417867,10.2094091631919,6.767082264199262,8.78751150320834,13.26914294301745,8.382256769366997,7.681873843674983,9.840426968469517
1db5f683.qasm,64,11.511427700000002,success,24,1.0,0.8691778842157825,0.8691778842157825,11.464766639087568,11.461719226865826,11.347439581059996,11.372141408432164,11.423773249778344,11.388248443848076,11.400486566742613,11.452948089084748,9.472944272245993,8.545867879066297,8.498746988077276,8.597503743203161,11.318629325596275,7.900434252646247,6.786602255871379,11.392780291477312
1db5f683.qasm,512,436.8524219,success,24,1.0,0.8691778842157825,0.8691778842157825,442.99876356638504,443.8170237799702,439.6209816648885,440.0604942860828,440.66811380637745,436.9253157010621,442.5177133099999,440.6155335468424,122.31263685173616,101.67270511954972,73.1912861083987,119.95598043520106,107.60793015085957,117.95422765347466,86.69996421618085,243.9794071020084
1f1383d7.qasm,16,0.2250921,success,128,1.0,0.5868197850000549,0.5868197850000549,0.18055194501990982,0.18082567015121281,0.17842108314051872,0.18230333261911189,0.18107071796177862,0.1799587346833736,0.18046387323339286,0.17872575641394198,7.386167169482004,7.479414325938072,8.65696448373724,7.418086007960988,9.092498097270123,3.9271953522422827,8.284002833731801,4.223195170674086
1f1383d7.qasm,64,2.1631353,success,128,1.0,0.5868197850000549,0.5868197850000549,2.4707757835820887,2.4932368884001956,2.455145703190194,2.399714418800819,2.466027115261007,2.453434711619693,2.4622528404485853,2.4281783285523795,7.779297474091234,8.414209510981776,9.759363233153023,8.974038759433697,10.867665387239379,5.805527030968929,12.383372040315841,5.9225565740515735
1f1383d7.qasm,512,0.2264848,success,128,1.0,0.5868197850000549,0.5868197850000549,0.18148822455994726,0.17929259823296353,0.1778613804915497,0.18309813251936724,0.18126136453971045,0.1809489308375197,0.1810503173842259,0.1814770680070426,13.423257449566375,19.944805827443417,19.894026735733256,31.463293251426137,25.637814844621577,14.059945905759344,31.18696922569286,15.182631695250073
1fd34b96.qasm,16,2.6722234,success,26,1.0,0.8695319991284016,0.8695319991284016,2.70881192962125,2.702029727085998,2.697771852800988,2.69130786104633,2.7121300324530973,2.6792235686773376,2.6948114202586915,2.6898384164710065,25.504834370952857,22.078644701783997,15.563809509984527,17.62810453555243,22.976099866895836,19.19738852867763,16.21688979457246,19.653915250307872
1fd34b96.qasm,64,21.079753,success,26,1.0,0.8695319991284016,0.8695319991284016,21.113372819804596,21.056429696417165,20.868213205978112,21.02297296564555,21.35582303213684,21.084321975616067,21.144172682570144,21.135162913059844,21.172889562219478,20.4410676112484,17.36047642690887,17.48534305301894,22.956593552652887,20.382827781467434,15.583331842145979,22.150285539310424
1fd34b96.qasm,512,961.0837074000003,success,26,1.0,0.8695319991284016,0.8695319991284016,973.6716858710622,979.2948585277919,959.3809596981624,957.733159794088,980.531091424622,943.9147429705703,936.1856459823157,933.6921052644174,310.01105868774096,346.17810111691944,238.66937205343106,249.54574616240146,288.42590647071285,368.28873452586066,268.36759677038424,674.4796942920159
20448412.qasm,16,147.65277569999995,success,1,1.0,0.33106698699503523,0.33106698699503523,29.406380459981982,25.68130112126407,27.384948284620176,24.225517060308697,24.672633142571925,24.7732590956977,28.888860714242806,33.56679022492213,6.493277637384953,8.42394753703824,7.677880063354293,9.10922839524141,7.590109121946476,10.999289234871265,10.620899527402134,13.165853179006957
20448412.qasm,64,184.3939734999999,success,1,1.0,0.33106698699503523,0.33106698699503523,13.842498565012997,14.001092837576453,10.89136369707417,13.53781384110131,12.45774082998511,15.255713084807141,15.165919861893865,16.05598842044593,2.6319620092657,3.096237778990168,2.7451144546832533,3.0176801019314685,3.695827355773105,3.5173886814778568,4.100983094243324,4.303495463955556
20448412.qasm,512,148.94883800000002,success,1,1.0,0.33106698699503523,0.33106698699503523,72.2725643110018,64.37323928764422,95.73157499063899,65.05883573714817,42.43745782064498,59.154267184546875,53.739760255897515,58.51685183995616,11.446309513521703,12.00108382556987,8.784752277624209,6.989889453711267,9.266244173873243,7.818342384440715,8.898866336003373,10.576132286662041
2059c310.qasm,16,0.4773265,success,33,1.0,0.5320144339464946,0.5320144339464946,0.6384075364357553,0.6356124707951636,0.6638369297383665,0.6559492192049098,0.6501851515381304,0.6214964471723243,0.6890405573465336,0.61838348710325,0.34240916069871696,0.45650598481984594,0.3637890631876632,0.5144123988985949,0.42251494543217055,0.5212163671044492,0.46289260906151564,0.471094066626898
2059c310.qasm,64,3.3123999,success,33,1.0,0.5320144339464946,0.5320144339464946,2.200077851294626,2.193809851146466,2.0911985243382913,2.1672057046780218,2.010055734417413,1.9762045472636796,2.0110220448666793,1.9467352309894996,0.4586201100249194,0.629638019737304,0.4505412712154727,0.6354090358138669,0.5315539064277645,0.6438133088486476,0.5533085308592591,0.5925753350446016
2078a631.qasm,16,2.4060191,success,26,1.0,0.8694825207426076,0.8694825207426076,2.3464907156131356,2.340782424750871,2.3653821235464716,2.340069441425755,2.3651460331642533,2.362273076713882,2.3659249112088427,2.354387172178361,12.90629818963062,13.105244771661662,8.827534727375959,10.017564499945287,13.800776830578554,10.44038201012281,10.41977035580126,11.867278123131397
2078a631.qasm,64,16.260589,success,26,1.0,0.8694825207426076,0.8694825207426076,16.212048874136183,16.295635528762304,16.28793470442362,16.27798160329592,16.320647235587302,16.341859405715734,15.965314478396728,16.294673012881514,10.413310994694195,9.98522968603301,10.586958662074988,9.493080319776432,11.40017709276887,9.837384252814589,10.052786936215517,12.273581199033826
2078a631.qasm,512,646.7251833,success,26,1.0,0.8694825207426076,0.8694825207426076,522.7403298538846,510.67523121175776,497.600534278086,492.90008848829075,506.673324867667,497.6703604530985,491.65034530318695,500.19466210366005,134.9850315715338,135.61885867991086,91.51165411030637,121.12292424576876,105.86718706199449,117.699221290591,121.88449608538697,222.25880138355683
208334f1.qasm,16,0.1715742,success,64,1.0,0.6766082797271533,0.6766082797271533,0.38420860335524804,0.3320087354668654,0.32188914776553934,0.34525737273691176,0.37611659692167176,0.36340949331515965,0.39602918935585624,0.3147053412181003,5.203300852880708,5.653640399950545,5.058960473711494,5.9842091773988955,5.365741359925762,3.914198507373559,4.9521002969305234,4.761506443788511
208334f1.qasm,64,1.1387004,success,64,1.0,0.6766082797271533,0.6766082797271533,1.8781173737276111,1.79065617914131,1.8587245838857667,1.6678803785609488,1.8290654849611119,1.5693886526539582,1.7912112084196594,1.556300986589966,3.583366479137792,4.242040232408293,4.575778839726714,4.697959772458167,4.7482435740359294,3.6113379103794223,4.834941908617951,4.989399298417252
208334f1.qasm,512,0.18524460000000004,success,64,1.0,0.6766082797271533,0.6766082797271533,0.5468390284468754,0.47011705252586616,0.5023648316507712,0.5361499092017908,0.6447221256748777,0.45775077072711906,0.7151504261239792,0.4312035168467538,24.622801463665603,56.96300958314487,34.436353244912745,61.65869402369548,67.0592952989192,45.160926331624104,67.88773847960266,48.21073881905035
2190b5a7.qasm,16,0.21629669999999998,success,4,1.0,0.8249602205470881,0.8249602205470881,0.1824245810971744,0.1848119691631579,0.18578413398865615,0.18399351541167983,0.18364920669031404,0.18886774554527053,0.18244143624628145,0.1862565485409518,0.2941936534530889,0.28036019706322396,0.3258319697132349,0.2942056775343321,0.29324638495782923,0.3177425177661888,0.3193222748652933,0.31053111989033017
2190b5a7.qasm,64,0.1627301,success,4,1.0,0.8249602205470881,0.8249602205470881,0.18261319270614057,0.18658087982696223,0.19031442963686918,0.19108530100649057,0.18662062694373072,0.18921643616534917,0.1876968540936231,0.18936401026662658,0.37337817343335034,0.30064853969634153,0.37891769898653893,0.360176669483775,0.3317002540335039,0.36449191695486116,0.34646783477535986,0.3518813881100432
2190b5a7.qasm,512,0.2115168,success,4,1.0,0.8249602205470881,0.8249602205470881,0.18073745528652882,0.1827379791643074,0.18469962076669613,0.1832544820005916,0.1828475755421686,0.1834982176765134,0.18100907431977076,0.18214218737806498,0.32725264964035483,0.27880065893929556,0.33276325578112176,0.29550828935192613,0.2914857281431773,0.3098122532997519,0.3256107979852105,0.29281061535061
231bbda3.qasm,16,4.4113397,success,32,1.0,0.5099350419098383,0.5099350419098383,0.8876736912700307,1.1392701969165837,1.074739940417448,0.8305961648258315,1.0212180861906601,0.8267503769284045,0.9397506444188238,1.0034045007952135,0.669365405500048,0.7267985121880446,1.152791211957827,1.0392639325710695,0.6388077576330077,0.9646681640627033,1.0661178136861686,1.1498720345467444
231bbda3.qasm,64,1.1731902,success,32,1.0,0.5099350419098383,0.5099350419098383,0.9112521163843834,0.9427177793673999,0.9522976533634201,0.8570083217400407,0.8978328777601013,0.9258680024310459,0.8812612914637161,0.8491451073265661,1.2384948570844583,1.1386557404834532,2.0149064366289355,1.6396543703369748,1.3350069909949707,1.5409765202029522,1.649323777799632,1.7203394179161484
231bbda3.qasm,512,4.424197,success,32,1.0,0.5099350419098383,0.5099350419098383,1.3911590556549303,1.6322404189557194,1.377283194482717,1.287480321528715,1.3779064559989254,1.340553926365771,1.4080115218726905,1.2404141351877367,1.152074105160803,1.0167625237286178,2.2399587016110045,2.358753547367673,1.2906619899098433,2.047450146896657,2.0622594237458194,1.8025300874485657
235dda60.qasm,16,2.3659587,success,26,1.0,0.8693458221304655,0.8693458221304655,2.355176248940043,2.347511658962846,2.3536766515214746,2.349043407734469,2.339753605758845,2.338589276281614,2.3437923277983446,2.345917682515351,13.019552593219219,13.219087442455113,8.827534727375959,10.009372530929747,13.909715144543831,10.534507383719836,10.432512419118025,11.914461454651526
235dda60.qasm,64,16.3526073,success,26,1.0,0.8693458221304655,0.8693458221304655,16.314033750749786,16.224050906725644,16.198674198621593,16.41627444015234,16.265972394539215,16.21749366642043,16.44189067701198,16.337229873018046,10.543881624119338,10.196302112779051,10.676073143832644,9.613103885676116,11.439975625942164,10.06029590151857,10.226393395917723,12.271430598806056
235dda60.qasm,512,307.20749069999994,success,26,1.0,0.8693458221304655,0.8693458221304655,665.9614308856499,665.3748779092982,663.2259605644261,664.3624407710521,664.9532807894052,663.1612429814714,667.8528729722461,663.8934535715653,134.4467408071085,135.31065839721492,91.51165411030637,125.63137923307812,104.5623258298543,117.59313801585238,121.88449608538697,221.01912921637
24ca3082.qasm,16,2771.0450235,success,128,1,0,0,2861.4309596041285,2941.696807865626,2943.0748498302173,3495.975503995325,2855.324653168713,3289.2130183213494,2656.978823383352,2560.3282151720064,28.367717650582364,45.095529851196694,28.014721199367614,46.21529706021004,20.573338654615096,62.2125207169119,47.80112811381616,40.071852256334346
24ca3082.qasm,64,1988.8930581999996,success,128,1,0,0,407.8571245361332,453.9152261018607,414.837114159214,409.87637624879875,440.6874954256304,403.8275444950662,346.53250465178377,364.4521768112418,9.23804531538182,11.915479944010988,6.876808659690723,10.415812354188313,6.882575200981771,13.551139380837084,12.82785395213664,12.517968145498315
24ca3082.qasm,512,2669.2542047999996,success,128,1,0,0,2503.8225016879746,3434.042313920183,1942.856160344846,2374.4684441837535,2707.936825230229,3020.693400354073,1575.9079127978027,2410.2413254281623,184.08262781459362,183.69115055073553,132.0266566588157,97.77172238165544,43.32371961495674,142.7168617015446,58.73783726272381,100.13909776696343
25e26219.qasm,16,2.1708568,success,28,1.0,0.8363247204938847,0.8363247204938847,1.4583403015307583,1.4792007495839115,1.7129179780171753,1.4948374463713978,1.4881785759951953,1.5335975320919053,1.4429130275266318,1.4666677334808493,0.5194370890947883,0.461541475296049,0.4068218042972562,0.4645509487370325,0.5597377579009382,0.4248449646355691,0.5156626743486742,0.4239452864860543
25e26219.qasm,64,19.4090902,success,28,1.0,0.8363247204938847,0.8363247204938847,1.6837151307551428,2.0597757172049675,2.126563602888648,2.0995107333209013,1.8729154945052044,1.9901493959912346,2.0643496066378284,2.135058948191928,0.7341769785378183,0.7615493388986653,0.5797129113726666,0.7297104012080936,0.8793421779451058,0.7659801744750768,1.0673874073822176,0.7410228860000084
25e26219.qasm,512,705.1982490999998,success,28,1.0,0.8363247204938847,0.8363247204938847,165.06834950275936,174.8800904579938,163.1865800068029,195.269356712694,156.20103718858118,185.15014654224848,194.81114021951439,182.61762911709104,0.9520624069962829,1.0867822593104242,0.763204064218488,1.2499915036793576,1.5700471495623047,1.2715668752376323,2.169394924685039,1.6918470464073716
25e5b703.qasm,16,0.17933479999999996,success,3,1.0,0.8726199218392724,0.8726199218392724,0.22394970186638033,0.20780935138476314,0.22519877875895478,0.2143606140973905,0.210837423815715,0.2173133195092906,0.2023756866581722,0.20215198535256126,0.2669729290732945,0.30199394243579647,0.27614198702936876,0.2660854322606286,0.2852156064991816,0.3072125739081064,0.2820301282059837,0.27201903185653276
25e5b703.qasm,64,0.21299800000000002,success,3,1.0,0.8726199218392724,0.8726199218392724,0.24774558600152993,0.23909162167290177,0.25044529859565323,0.23199988995765233,0.22975694520272283,0.23168723930517604,0.22250016886154506,0.23476935106192293,0.31421325753792906,0.3222588436261897,0.3036581436768152,0.3201024031786861,0.3083724154047913,0.3308352525493441,0.30163081646456813,0.3150993703937973
25e5b703.qasm,512,0.17741980000000002,success,3,1.0,0.8726199218392724,0.8726199218392724,0.2558011100627388,0.22962197353303662,0.26974982403922687,0.22382897040746277,0.22904581117006068,0.2123249102495428,0.21465724137994197,0.21129033839947794,0.4660247424645377,0.3956868089597563,0.36434709160293055,0.3287228988526614,0.37800337048770255,0.3701640788867298,0.3043284883356512,0.3541465740586839
264ca70e.qasm,16,1.6579639,success,21,1.0,0.8686821969580134,0.8686821969580134,1.6226184714320113,1.6311502830592204,1.6294919015667857,1.6323997901131595,1.6479478070043345,1.631613936735297,1.6294790687112115,1.6227709862868878,7.673454847738298,9.455248590044661,5.522924649979936,6.837664382175332,9.798613115960222,5.672706121875262,5.496597083746527,7.24022938534748
264ca70e.qasm,64,9.2260978,success,21,1.0,0.8686821969580134,0.8686821969580134,9.637254425184532,9.402740001860861,9.38397174612671,9.47006805117414,9.55921919610515,9.361667357097906,9.540757228897291,9.437318263891566,6.940966839119054,7.92723763845478,7.120448814704676,7.452864873281912,7.992181727774541,6.066088833786403,5.382708970551209,8.863292114044489
264ca70e.qasm,512,351.8730803,success,21,1.0,0.8686821969580134,0.8686821969580134,346.40931249796546,341.6525260129757,343.4571867581173,347.1515980137428,342.0133723385941,344.86330754404315,344.22630467493,343.71693792592964,81.0069129349843,89.78067570631327,56.95563634432226,89.26435645423236,64.37100150008602,65.09959819922231,64.28097937018974,140.77878838045896
27a012bc.qasm,16,0.5722517,success,6,1.0,0.8723391490254016,0.8723391490254016,0.581503057789522,0.5826935782648077,0.5829929953178383,0.5774115208626006,0.5778518185617445,0.581606515603998,0.5817177963477987,0.5793139160163421,0.9748672771567426,0.8976523575584106,0.8717790686853132,0.9792466009552623,0.916005723191903,0.7301621644066559,0.8859011040962187,0.9528085379675687
27a012bc.qasm,64,0.4555887,success,6,1.0,0.8723391490254016,0.8723391490254016,0.4537795780730185,0.45543394337403803,0.4537147946634647,0.4575539610393081,0.45715826799642045,0.4544561520051937,0.45521441189189127,0.4525047155307998,1.1443482760810282,1.1171406513437052,0.991822541959463,1.1509512323629247,0.9665985983529236,0.8266160260706964,0.9390509682771172,1.2201745207411754
27a012bc.qasm,512,0.4530507,success,6,1.0,0.8723391490254016,0.8723391490254016,0.4584132424554547,0.4649405028842575,0.45929495911043405,0.45803254538164395,0.4606817786210142,0.4592281146322204,0.45915453401296386,0.46077223626600977,3.881873346418385,3.3843820466477146,3.8629508294856754,3.777693013043797,3.2248412114797698,2.2447243617799684,2.606307054565837,2.8936605339756234
27dbf314.qasm,16,4101.517750300001,success,28,1.0,0.8597879194488948,0.8597879194488948,2603.144171427859,2680.8927095054833,2645.026735928009,2608.708130423971,2713.6886580862024,2641.9495079295125,2506.9568018307486,2649.0921699650225,44.15892595109369,45.41311696664646,24.46903810588448,50.35179924434025,28.054599517008224,42.53167719512169,51.226842268275455,29.92410343669703
27dbf314.qasm,64,781.3788183,success,28,1.0,0.8597879194488948,0.8597879194488948,2501.512308045539,2593.472403687251,2480.0152240667658,2500.2962069636646,2628.7203919395306,2564.9715209427895,2293.142556182074,2509.965115278355,8.885537549874336,8.895159886712875,5.715104257591832,7.256908213856475,4.979553114653642,8.62207198415532,7.654549742572188,5.860027794611036
27dbf314.qasm,512,14399.999999999989,timeout,28,1.0,0.8597879194488948,0.8597879194488948,14224.02534598266,14302.768293127061,14287.416348106162,14296.930857509287,14224.400111801206,14214.319732166294,14336.7104509544,14343.597715103277,873.4416102681496,839.2069308599713,1306.7782730808892,1246.0218435468655,1243.864443856731,1090.4371537464717,855.6627368994588,1153.0799753029712
27e0ec8e.qasm,16,0.18189549999999996,success,32,1.0,0.5958957527312789,0.5958957527312789,0.2015418249277858,0.20317581050148656,0.20377135731646914,0.20245665841075092,0.2088719510318589,0.20605773017776896,0.20638110341615054,0.20599190682318078,1.1965357929049847,1.167826236716488,1.0580720909336814,1.36985469894002,1.3769977189880325,1.3935342898823473,1.5579141300357668,1.1919978386367338
27e0ec8e.qasm,64,0.5226683,success,32,1.0,0.5958957527312789,0.5958957527312789,0.5182743539231873,0.5310072604533413,0.5285959521998547,0.516619753118657,0.49885983104842724,0.524700023588534,0.5209386339749197,0.5195477584680953,1.9419631146882288,2.3000750189207886,1.9816380999631027,2.989175859368605,2.4700611610242595,2.3229120361697966,3.5504188388916385,2.382489281427547
27e0ec8e.qasm,512,0.17007229999999998,success,32,1.0,0.5958957527312789,0.5958957527312789,0.21508060601475432,0.22448928609468397,0.21656843719113592,0.22610641356603034,0.22843112293437612,0.23221829864304064,0.22755365302242408,0.22873958664063798,2.475408053039192,3.922349920264111,2.9535993067125754,7.889379582796478,5.653232151351473,3.7242615850887626,7.848140808646931,3.7407753329486964
2818a462.qasm,16,0.1707319,success,21,0.681629750660771,0.6963308579382541,0.47463982907385294,0.45124888987198447,0.3712549849710792,0.5927791806747349,0.450907932834985,0.42857540107494857,0.42721707673100096,0.4271164893296374,0.3670962378495921,1.2750551606010812,1.3463034961557125,1.2877323930941027,1.558116661440526,1.766073264972908,1.3713097352193564,1.81442862209806,1.5362743920596955
2818a462.qasm,64,0.532209,success,21,0.681629750660771,0.6963308579382541,0.47463982907385294,1.5633991539396963,1.2623246424791053,1.7416466851579346,1.3234978269122475,1.2602696783588216,1.236662325915383,1.1453541101302733,1.1403113697003033,2.0561658774993297,2.155711560144098,2.1677011804679767,2.3201191804919485,2.3014554371705445,1.8814942143798425,2.483611551321337,2.237039795743892
2818a462.qasm,512,0.1782918,success,21,0.681629750660771,0.6963308579382541,0.47463982907385294,1.9412315907162143,1.6883146591006555,2.2455800718443024,1.3468284103698869,1.1960286503383772,0.9920922267614641,1.0051905764024054,0.8966032785798037,2.2743822472725705,2.9856409994861295,2.814362734478215,2.5523777126610883,3.5425299439125997,2.9245776068785694,3.3114173503531097,2.8795980344956753
28f914b0.qasm,16,0.17556589999999997,success,8,1.0,0.6934186201625718,0.6934186201625718,0.1874558346982772,0.18909850708605017,0.18692684611611649,0.18800097080909967,0.1905207731979794,0.1838933505275153,0.18902383182511626,0.18630534995794468,0.6222677170659875,0.6318834858407031,0.6115003818830601,0.586198321158395,0.6069540693952801,0.565229581794742,0.5699804341758213,0.5998012455569195
28f914b0.qasm,64,0.3044709,success,8,1.0,0.6934186201625718,0.6934186201625718,0.17474254154523636,0.1732962565230869,0.17647294895032326,0.17780427088726852,0.17767349475174007,0.17331135360738906,0.17250696977912316,0.17274497062568592,0.5385433758087325,0.5981664463001227,0.5700888002228676,0.5955696369527603,0.5499868514833813,0.5187746186565189,0.5090480380994329,0.5775044796281118
28f914b0.qasm,512,0.18904039999999997,success,8,1.0,0.6934186201625718,0.6934186201625718,0.18770824499466635,0.1860760242820696,0.19199697135061108,0.19366896570834657,0.18921763190467972,0.18472505966887529,0.18857120224537402,0.18561708283886852,0.6467703866973027,0.6117611908749904,0.7007812016577573,0.5820662402108674,0.577490000911686,0.5167065008972449,0.549880429513428,0.6060285245035198
29886bb3.qasm,16,1.1166224,success,10,1.0,0.868755503256823,0.868755503256823,1.0622048738542733,1.0683298719775969,1.0627572571940989,1.0681395512079652,1.0671923279508475,1.0499388023388694,1.057005903155239,1.0609689821353034,2.5296338500874773,1.9989068502200424,1.5581301627077986,1.6501257913716687,2.093953846872795,1.6821619471391402,1.618997515769335,1.9796778805754711
29886bb3.qasm,64,2.2984934,success,10,1.0,0.868755503256823,0.868755503256823,2.257132455820066,2.237979795085325,2.248233860609427,2.218120013376986,2.2675399399801823,2.253449773340079,2.2455056792479446,2.2559563856984526,2.8713972074910483,2.079520363408918,2.0627110132089617,2.111194395139352,2.200383457820378,1.8940482366907543,1.986998742372709,2.594134043803314
29886bb3.qasm,512,24.0384279,success,10,1.0,0.868755503256823,0.868755503256823,22.695399700153683,22.869321291109255,22.40551815612338,22.019644228702237,22.393793145428152,22.405362769459447,22.375671230114435,21.794152689052975,18.349955580098435,11.894292878221158,11.492955561342022,15.520389982469126,12.242629712517584,11.390429248937833,9.004160616428901,13.62096149062792
29a887f9.qasm,16,1.282956,success,28,1.0,0.719368227086946,0.719368227086946,1.958343355198664,2.0528098483287036,1.9900930644381922,1.772326299261887,2.1457043156064,1.949819389366907,2.128552747731828,1.9552952456963013,0.42187305775789047,0.4017404782916266,0.4500879676617656,0.49822192686024075,0.5155033546693305,0.4781867704571279,0.47388350598606516,0.46532084964531945
29a887f9.qasm,64,0.1893478,success,28,1.0,0.719368227086946,0.719368227086946,1.0372245083477234,0.9059513941047566,1.0060449960614497,0.7824247805338181,0.7855566025092675,0.7940442651865687,0.7850169644485139,0.8338600428627726,0.8369844546785384,0.7681010025927767,0.8564669702789608,0.859116402872804,0.8225729504551695,0.8665791174334351,0.95772692464325,0.7877198991277605
29a887f9.qasm,512,115.45068950000004,success,28,1.0,0.719368227086946,0.719368227086946,166.99205883315926,239.5943694375715,226.05146305606766,204.51233592056238,222.70032057769686,225.06078440202919,249.22817459211032,238.65086414164278,0.8874719493840661,1.1468052323062972,0.9417241422277033,1.5106554596758675,1.2405041578200589,1.2552975344042154,1.6775067579452596,1.5698657318990317
2a04dd73.qasm,16,2475.065750599999,success,31,1.0,0.8702925044872214,0.8702925044872214,2520.944323511967,2404.2176196823225,2466.137820969344,2239.514693713613,2390.3503654758615,2091.3215763907133,2173.6014671417674,2330.069580566024,42.73017733430853,47.062142153662,23.212635835940727,46.993625597514125,28.655138584661007,40.22833823298086,49.70943404315459,27.435430376749395
2a04dd73.qasm,64,4965.618169699998,success,31,1.0,0.8702925044872214,0.8702925044872214,745.5888343346796,692.0184169519022,748.2276054706555,717.917794830636,743.8424355226884,688.6960613766763,655.6035126021919,703.2015692403547,8.732309551933628,8.964091705782415,5.696042957995035,7.037049771363215,5.130348281297608,8.21961319388333,7.187400930635629,5.859292593788578
2a04dd73.qasm,512,14399.999999999989,timeout,31,1.0,0.8702925044872214,0.8702925044872214,13427.754794697254,13673.060344623844,13145.61163791119,12620.346796683825,12062.158734405619,12603.754244775722,12904.448754242594,14116.836982037183,885.7700430678493,831.7399685317286,1303.5369542938067,1260.790909639432,1216.2623892533525,1109.945102146569,894.2964999575752,1198.4367995443827
2a0e53ef.qasm,16,2.3114425,success,46,1.0,0.6747371756647843,0.6747371756647843,2.5182725198643707,2.308727945290166,2.748649928006651,2.556946805294249,2.6717227336758764,2.468438586401435,2.503883818751727,2.8339300892245802,2.301567034351106,2.0904306974575504,2.374039888448244,2.274659153429528,2.4479190271430777,2.1574007400367874,2.391538849410552,2.080044514511828
2a0e53ef.qasm,64,7.718355099999999,success,46,1.0,0.6747371756647843,0.6747371756647843,8.70889214751985,7.632823215530075,9.215477493123853,8.4811693906042,9.93599141176426,8.120506209529951,8.427308222886895,8.948324417042386,2.6591440901528745,3.8390062957742286,2.4541056327612947,3.236330564815984,3.7024244606291763,2.933584106038042,3.5916337899796353,2.8538821089959225
2a48defb.qasm,16,1.2252849,success,0,0.0,0.31884112176413026,0.0,1.2524063977906794,1.231553883282591,1.1897978550907258,1.400650222774672,1.3062023335547177,1.397281055069509,1.4565913544586682,1.4009442284022968,1.3057543966411407,1.7442482518555495,1.8523022590209552,1.9756031424197193,1.5821611267221156,1.5938600558668186,1.8711705864708168,1.3788525050046492
2a48defb.qasm,64,1.1154698,success,0,0.0,0.31884112176413026,0.0,1.300799172600406,1.2994080000032846,1.2445880652806132,1.4896611864475506,1.342955984775565,1.5048965657840543,1.537152883765823,1.4769568092701053,1.3404982310551647,1.8890450178382208,1.8632360133609396,2.091765283089906,1.6071037152664098,1.6580296327867692,1.928669038478524,1.4201913085836695
2a48defb.qasm,512,1.0666831,success,0,0.0,0.31884112176413026,0.0,1.2701228558651985,1.2351824192671343,1.2345255421081893,1.423253474099623,1.3289498315194492,1.4498111179800668,1.4543430472265901,1.409779060321296,1.292096284717584,1.7634286032017763,1.9192335880421734,2.0007537752431017,1.6058298950531773,1.6512701211128382,1.934030963755046,1.3932431505472431
2af6859b.qasm,16,1.6940842,success,23,1.0,0.8692213460958044,0.8692213460958044,1.6952960965345483,1.6920108048272007,1.6938880280270023,1.69355750446426,1.6946802452840781,1.6927425152255926,1.6903440723636076,1.6934169469258895,9.72793320858165,10.240364531346565,6.141393087921928,7.523607621055339,10.784227143828053,6.885041414902507,7.240973349022342,8.619150892432453
2af6859b.qasm,64,10.535087,success,23,1.0,0.8692213460958044,0.8692213460958044,10.335897571796629,10.314101956455524,10.388374590599597,10.4529071099787,10.35104039973097,10.390921702315627,10.387711831270668,10.36048066147678,8.61506292689089,8.55095462200207,7.9514889878613015,8.32303660555073,8.525494853717843,6.749777566065188,6.408376213855921,9.58626961492775
2af6859b.qasm,512,406.7180611000001,success,23,1.0,0.8692213460958044,0.8692213460958044,405.9716492567419,406.00048180761394,404.260903942247,405.14037419646627,405.2958326703135,405.96322776237344,406.39871285783636,406.09065442368194,108.72070265200442,94.73469552886024,66.25202090710677,99.90253489973969,76.57175474791676,91.67930551342315,76.55034448898247,192.09807960478906
2afe3d2e.qasm,16,14399.999999999989,timeout,30,1.0,0.6961895841567157,0.6961895841567157,2496.9982077394593,2217.666116493065,2486.1260177541285,2653.827604245448,1560.826995246158,1920.2792547176416,1934.356849406063,2524.8323158341873,11249.404424852222,11606.009279014539,11670.713265143826,11806.85173020249,10206.579021805735,11618.794502532897,11070.737177401332,10567.597331474437
2afe3d2e.qasm,64,42993.98471110003,success,30,1.0,0.6961895841567157,0.6961895841567157,1754.6797046795969,1573.2305956231107,1760.5351887017146,2066.572263977954,1041.6448152243725,1273.5712815538957,1418.49139787019,1889.8120711332328,10282.099975352034,11291.583451550257,11084.209818000629,11827.196863758147,9968.632832252739,11509.648967741114,10307.260505478223,9640.725826328868
2b148d98.qasm,16,1.743242,success,26,1.0,0.8698024329371976,0.8698024329371976,1.7158556952529573,1.711781214665703,1.710758992768182,1.7077543539986217,1.720622774937397,1.712393586551322,1.7254767627212122,1.7186067829351166,9.779694240685947,9.91943288468921,6.112586864529184,7.8186759865702715,10.352387295482192,6.863465657591144,7.386323723850003,8.461297315221278
2b148d98.qasm,64,12.223726400000002,success,26,1.0,0.8698024329371976,0.8698024329371976,12.254416588334424,12.260401623896763,12.163012303486303,12.040493844887573,11.955129619848488,11.851857509854804,11.857548107473077,11.749840042410955,9.004062122709314,8.303036311050086,7.840040404871162,7.913956115537677,10.034042338464292,7.568900530721838,7.389264224311461,10.924374275926011
2b148d98.qasm,512,463.92748639999985,success,26,1.0,0.8698024329371976,0.8698024329371976,465.98520252998304,464.4924611810357,459.7101662546158,464.8773946013749,464.3925940337602,460.95091681765626,462.3329826189728,461.41613794052944,123.91023382440882,103.893092595779,71.43272875558465,110.38351858707296,89.3841170431535,93.68026993044177,96.96733708872323,198.6058158290259
2b2951ed.qasm,16,2.0077434,success,24,1.0,0.8694979831789701,0.8694979831789701,2.0126957932126364,2.0109472256981005,2.0093225568730273,2.0139948926198463,2.0143420351522754,2.011940411526198,2.0148039982117405,2.014297927066006,10.937423836450332,10.2094091631919,6.786508787797515,8.741526561035688,13.234328532730363,8.403341267831765,7.7377809079344155,9.840426968469517
2b2951ed.qasm,64,11.446549900000003,success,24,1.0,0.8694979831789701,0.8694979831789701,11.249938002854174,11.283238045907675,11.363918406642348,11.370938058549577,11.357354025398132,11.364664814614114,11.392096786297552,11.36152986855221,9.617653366565545,8.545867879066297,8.527183559812153,8.597503743203161,11.154538620066239,8.067196085925712,6.818723046570144,11.392780291477312
2b2951ed.qasm,512,452.89710410000015,success,24,1.0,0.8694979831789701,0.8694979831789701,438.286754196867,437.51542714968446,437.4335951119857,437.792312665887,437.3174827032916,438.5409544664487,437.56521528801716,438.0698688498923,125.29168903675063,103.44525342097413,73.1912861083987,119.95598043520106,107.60793015085957,117.95422765347466,87.53897354425938,243.9794071020084
2bc3295c.qasm,16,1.2265953,success,28,1.0,0.7532361939712161,0.7532361939712161,1.7536362745467113,1.7108344107983295,1.752894382807293,1.624527381305946,1.551083402264571,1.5222753767045798,1.5785947672211387,1.5887937404257635,0.49124346233594246,0.4512933346975199,0.4671912722736095,0.4768059856686391,0.4979926661109474,0.526569109257654,0.5329044866177008,0.5046725841082116
2bc3295c.qasm,64,2.2849539,success,28,1.0,0.7532361939712161,0.7532361939712161,2.753748972077154,3.0307624977114345,1.9531780734303534,1.9949281626055235,2.0057430498624202,1.9211261436056828,1.5121267445048148,2.1932744230658296,0.7711346231422753,0.7803565902537412,0.797747047830063,0.8373761975132467,0.813800995361009,0.8455025439051889,1.1373084100034583,0.8598904492607249
2bc3295c.qasm,512,247.46428770000006,success,28,1.0,0.7532361939712161,0.7532361939712161,130.44164211921105,126.23521525479768,101.29149533098737,114.94287223372743,94.13281035885947,97.12460742206373,79.7269362521411,95.2071958254825,1.1826198605298597,1.5259911323260626,1.3653121912744544,1.5884157679839943,1.3367194783110825,1.4153090087120577,2.3281272857123776,2.0975460222927853
2cbfff1b.qasm,16,1.6880952,success,19,1.0,0.8686290069181217,0.8686290069181217,1.5422485342935996,1.4979402322834983,1.5122808714438885,1.5247887265203373,1.5247350468291379,1.541095134277248,1.5176627857034297,1.5349319974766387,6.414397131913622,7.417872181674587,3.906883907611103,4.893616017061189,8.697921523489535,4.8541118134496415,4.65787578508097,6.0852006984896425
2cbfff1b.qasm,64,7.727305599999999,success,19,1.0,0.8686290069181217,0.8686290069181217,7.711855795550902,7.656579260422461,7.803121367840022,7.740339046556747,7.7918711150033655,7.606488570547886,7.703053011291844,7.757298734217686,6.123455661312318,6.791073761141145,5.591834647656572,5.843404958265422,7.2224080876671115,5.377778304377767,4.95571898460839,7.6403108269149635
2cbfff1b.qasm,512,262.0564581000001,success,19,1.0,0.8686290069181217,0.8686290069181217,267.5466523321034,260.5895680038691,266.24573147897314,264.9236866983478,264.92602508445685,265.54331363784934,262.9442155801381,265.712565478906,66.14431389846176,66.24346392595824,40.49217027829891,67.84858228196094,48.92669197932742,50.980120549633504,56.16861854069034,109.4582854069808
2cedce95.qasm,16,2.0571062,success,25,1.0,0.869526882151646,0.869526882151646,2.034802015886419,2.035779411165496,2.026371064980855,2.0337184436525675,2.0342192446864624,2.036575468994713,2.035942027440821,2.034875410209164,11.382492750883515,10.603549393450105,7.339582390556006,10.045318156703903,13.858993129256122,8.923634743051299,7.678525628015192,10.273106904964175
2cedce95.qasm,64,12.120102900000001,success,25,1.0,0.869526882151646,0.869526882151646,12.146095898216167,12.17762197766306,12.062590978300253,12.059765028577127,12.117662536089039,12.06537605941907,12.100677333094552,12.249934769666591,9.612805564934524,8.883095526968223,9.293394853904926,9.590792577248813,12.412601912492958,8.535941449023165,6.941553644055946,11.92572981233178
2cedce95.qasm,512,487.45001670000016,success,25,1.0,0.869526882151646,0.869526882151646,493.8560312858401,493.46476809617576,496.68142119655147,498.5572169921955,497.64124105671016,495.6118002263237,496.54540871962274,498.21288819130956,122.2331149852711,110.24772348967971,80.69965192566784,128.322237191695,122.38025254587633,133.36100538023254,89.8770889612106,254.12977438653172
2d399444.qasm,16,0.24198299999999998,success,2,1.0,0.7330810399596579,0.7330810399596579,0.18765100566232365,0.18426602487847138,0.18411387709473798,0.18509131716629068,0.18684042545916893,0.1853026966914514,0.18322749601966506,0.18579990395808746,0.4300695788273625,0.37458668812275214,0.3738009851470326,0.4855675717813772,0.42179512877590863,0.43947296586955625,0.38912197352306965,0.4459130106445526
2d399444.qasm,64,0.174648,success,2,1.0,0.7330810399596579,0.7330810399596579,0.17886329354732833,0.1751925852424933,0.17371051584498204,0.17394363170232363,0.177275639201795,0.17623014637502427,0.17472904754516516,0.17651707740148756,0.46233759862908114,0.4632961837670975,0.44054780671804356,0.5682830023609824,0.47605541023622794,0.5555173808017616,0.4652528692192992,0.5235168544667171
2ea1bf91.qasm,16,4.1367724,success,44,0.9731800766283526,0.7759556320542914,0.7551445614627971,3.911333454901654,4.1142927351949155,4.014521789960951,3.8755899905808326,3.705242077350019,3.9412820580511454,3.974211170934313,3.976876410779323,5.969809771628669,4.443948214850124,3.369497130115752,3.6352666200657247,3.755893109476377,3.0394535893693146,4.163083657261773,4.617893324905721
2ea1bf91.qasm,64,0.1732643,success,44,0.9731800766283526,0.7759556320542914,0.7551445614627971,0.2160186912377374,0.1993509784432457,0.21691384660140134,0.2099815172662447,0.20680694811903344,0.20027105696223454,0.20892788839897572,0.20534344765877582,6.134850356923791,4.859146789959417,4.1226411607180085,3.8204134398274756,5.095474068787392,3.7859902791467315,5.090350069866466,4.988644292237832
3026aed7.qasm,16,2.6565661,success,26,1.0,0.8689700876945653,0.8689700876945653,2.682872984380518,2.6965935808754127,2.6795979351344115,2.6842880758142775,2.6707087438254944,2.684603064068187,2.664454469575024,2.6811299953257914,25.165343191689523,21.76376934020504,15.61958661057475,17.68266903412915,22.976099866895836,19.260985633961365,16.28280754705651,19.920232161055548
3026aed7.qasm,64,20.9371593,success,26,1.0,0.8689700876945653,0.8689700876945653,21.047278529089517,20.94285692002506,21.060384347309853,21.04028825890376,21.116002383383215,21.113142944117563,21.2576079484736,21.153047825308494,21.178983091409844,20.343376774014583,17.36047642690887,17.48534305301894,22.956593552652887,20.382827781467434,15.858255552023094,22.26001354941351
3026aed7.qasm,512,976.3809184000002,success,26,1.0,0.8689700876945653,0.8689700876945653,1019.5523219598905,997.9477994343782,961.6599694041175,946.0511874832918,1008.0175636433851,989.4834872785673,993.2964317037997,945.5055548480055,310.01105868774096,338.42128756018053,238.66937205343106,255.11336759073234,285.37117830910995,368.28873452586066,266.8115953949205,704.9427266396829
306ac152.qasm,16,0.1732208,success,3,0.18438165686798907,0.8456865909210282,0.15592909482506045,0.21367496873018868,0.21107329282706117,0.2126127222675364,0.20983326575102987,0.2098700179770791,0.2141583132290437,0.21224486597796197,0.21560661970457437,4.243661051982241,3.8010963936632294,3.7708340358951173,4.664519237846395,3.7768321290173357,4.15064508087463,2.4054042217013594,3.2489151200523896
306ac152.qasm,64,4.8258445,success,3,0.18438165686798907,0.8456865909210282,0.15592909482506045,4.297459028070305,4.625491373215182,4.439116139732204,4.504865870101529,4.513675313257382,4.4763400781635525,4.507348066670482,4.472523427818138,5.5566062805646625,6.23057517027919,5.075648534007303,6.2013594117694,5.558020023955252,5.231238357720482,4.057897138008446,4.873891861884658
306ac152.qasm,512,0.19620739999999998,success,3,0.18438165686798907,0.8456865909210282,0.15592909482506045,0.21005353846119273,0.20150606211172098,0.2088369197047322,0.20168578555162786,0.20171248138600115,0.21230036761364035,0.20762878029893908,0.20231192191018746,20.73560035417567,15.1745886409871,34.42573110959919,15.519350927240795,12.341081068215129,9.231906200753926,5.754026352326175,9.93945123969705
3099a023.qasm,16,0.1891862,success,1,1.0,0.6579195864523434,0.6579195864523434,0.25633589932950385,0.25192677094018967,0.2593725253782667,0.2581968360055382,0.2474137486443264,0.25074221319806494,0.24445558366228182,0.2590499119008492,0.24500028855501055,0.23037474150074644,0.23103189252521494,0.23390614578727226,0.22250744652485396,0.22331579707639868,0.20973323500745217,0.22192322307476936
3099a023.qasm,64,0.1662113,success,1,1.0,0.6579195864523434,0.6579195864523434,0.28568564225577986,0.2841549538810797,0.2816708562297775,0.27023426948185636,0.27230254688863526,0.2728965309496788,0.27004799998482104,0.28687567186583146,0.30251321397321357,0.2622980487287181,0.30257827830233,0.2692053633750135,0.27734381747376946,0.2643613509704225,0.2592628820819018,0.26724521004635965
31b8fb3c.qasm,16,0.4341455,success,32,1.0,0.4964009067238008,0.4964009067238008,4.593064214987639,4.785117691405977,4.194899131644078,4.756163739938508,4.654628343510929,4.514348303708463,4.421375004856597,4.383065295760249,0.7549441415812452,0.781498910952978,1.3082404392071856,1.1535997241671276,0.7053360975879813,0.977755597363173,1.1096044595023713,1.1995173327789674
31b8fb3c.qasm,64,0.7438204,success,32,1.0,0.4964009067238008,0.4964009067238008,1.4471779265315414,1.5183100794373812,1.5227822721030895,1.4393373793656368,1.4791251422385128,1.492027009127011,1.4848907315875406,1.4304880791941101,1.320875979645194,1.1909951176004194,2.1453541159841323,1.7601824175814513,1.4135984391215188,1.5710073434673515,1.6608015816101476,1.7942437160613671
31b8fb3c.qasm,512,0.4242436,success,32,1.0,0.4964009067238008,0.4964009067238008,5.737562466630548,5.430507968471774,5.267794429652943,5.382692700269517,5.958683171274322,6.698751366692698,6.215544575437067,5.906630044456166,1.412568752262798,1.2265416967070761,2.6991009180779972,2.6441946853816827,1.452647160025217,2.2727582247509597,2.356449924073907,1.9718774765535394
31fd025e.qasm,16,1.6643892,success,19,1.0,0.8683123919988985,0.8683123919988985,1.5624717295333197,1.5570333617714678,1.5492724285919461,1.5480663359138984,1.546290413737477,1.559580053443564,1.5549802973088223,1.5541513452721871,6.435079337366938,7.417872181674587,3.8971390959644716,4.918567295152507,8.600050935412806,4.942594520801957,4.65787578508097,6.0852006984896425
31fd025e.qasm,64,7.7553806,success,19,1.0,0.8683123919988985,0.8683123919988985,7.748231220963939,7.6960984086651765,7.748873659445453,7.8005914815388735,7.69532498695267,7.763793928149708,7.677228242628274,7.648834431706948,6.192924862216975,6.791073761141145,5.591834647656572,5.946882112023249,7.143494807553825,5.530382950960175,4.95571898460839,7.6403108269149635
31fd025e.qasm,512,267.4834676,success,19,1.0,0.8683123919988985,0.8683123919988985,261.84438832722594,264.6801891754245,261.6639390789512,260.5399993452203,262.84213788979986,260.03541062405907,260.57519742749145,260.38294812745215,68.00077097810453,66.24346392595824,42.51738097925178,68.68267949912511,50.369588433730826,52.72555710255907,56.16861854069034,109.4582854069808
320de9fb.qasm,16,31.2115921,success,50,1.0,0.8995667019143287,0.8995667019143287,13.059763341033925,11.619012233373647,10.348973324681584,10.881146243244771,12.148619909314654,12.136018119199042,9.896252011020408,9.33261448989827,33.10108046693135,27.25212712536492,21.113607280274344,24.120947497879072,24.425548632923867,23.588371136853834,25.066090240630174,23.90355727704377
320de9fb.qasm,64,323.8165090000001,success,50,1.0,0.8995667019143287,0.8995667019143287,14.422105525289242,12.727994907778667,13.118297754562338,13.662071650912733,12.75942618587594,15.02987998046638,12.743197316900087,13.382260831813,18.667996110908245,13.93397261427924,13.412593741958483,14.032864490873814,14.43646521441428,13.953362351357752,13.674774683412071,14.764055742882094
320de9fb.qasm,512,14399.999999999989,timeout,50,1.0,0.8995667019143287,0.8995667019143287,86.98482556234003,82.12384763825212,128.09315069439234,93.52988561342204,105.19520743536091,121.954001953346,106.16789124924807,122.78251369711762,50.38280794077887,54.10204825679947,52.748138029060314,53.77642534185545,39.620419197426756,51.30568043771923,45.22528604920279,43.56336641324474
32de9cc1.qasm,16,1.1081809,success,10,1.0,0.8689188123670275,0.8689188123670275,1.0707232695659243,1.056559791853471,1.0613310739298054,1.0704281276031757,1.0833443486664625,1.0834749608871483,1.0776851965334777,1.0777137894219158,2.5337290383796867,1.9989068502200424,1.5454108396662651,1.6501257913716687,2.0946410072172674,1.6821619471391402,1.6187464394512985,1.9804438523561743
32de9cc1.qasm,64,2.2914262,success,10,1.0,0.8689188123670275,0.8689188123670275,2.2028092008732263,2.2183178480227093,2.2431109565045175,2.235860447900853,2.236112708506848,2.172279547958731,2.239368805806269,2.2315164455085,2.863822837007962,2.079520363408918,2.0330733194784645,2.111194395139352,2.201531692505352,1.8940482366907543,1.986998742372709,2.594134043803314
32de9cc1.qasm,512,23.9661902,success,10,1.0,0.8689188123670275,0.8689188123670275,21.377730622631347,21.93860268272036,22.410042350744515,22.86431279969143,21.88670106686261,22.35519740366228,21.87314666472532,22.47642844217148,18.153651216907924,11.894292878221158,11.492955561342022,15.483787006061279,12.257077160074832,11.390429248937833,8.89842056153419,13.62096149062792
32f44532.qasm,16,9.8694186,success,45,0.9887640449438202,0.7167620548240361,0.7087085485900582,9.038106073522227,9.111614358913009,8.925642761900642,9.008865400189038,9.1447121520507,9.281884792306373,9.180242912301276,9.162574695886697,6.896325006202422,6.729644595353484,5.712333643200279,5.21333964001674,5.691701408724853,4.838285484616269,5.004784563390232,4.9905653919278885
32f44532.qasm,64,0.2578694,success,45,0.9887640449438202,0.7167620548240361,0.7087085485900582,0.8222247916356339,0.9515257379505141,0.8591768912888013,0.8663292100879051,0.8504461195759203,0.8756001718486138,0.9640381144638684,0.9328835333525104,5.29225967596438,4.485138189544448,4.48533994267904,3.6618619615679835,4.418026362614498,4.037259794414763,3.948570974838277,4.1566394422446935
336f664c.qasm,16,0.1830161,success,59,1.0,0.75136226802161,0.75136226802161,0.3007100154379318,0.428916960278342,0.34359717000197804,0.3943233667787683,0.5234065923440526,0.5322084573745066,0.48712005826670723,0.47299129454780114,5.663341359859505,5.059181079552935,6.407938622223624,6.824245342218893,5.813714947021466,4.9830106412551665,5.6357341585297585,5.1703075294415894
336f664c.qasm,64,0.9599532,success,59,1.0,0.75136226802161,0.75136226802161,3.4720567364427217,2.387831865048327,2.909734976139853,1.9413465365402853,2.9212599678328774,2.242157260302211,2.655012656903323,2.142499751682698,6.014427424966458,6.657311092783891,5.7087172994668824,7.733048724151602,6.509655237589842,4.88194416565225,6.725593736416084,5.611527280393605
33a2f9be.qasm,16,1.0288815,success,14,1.0,0.8683196948312246,0.8683196948312246,1.130207349316031,1.1441692460502122,1.1208046487883838,1.1456293360765484,1.138561097056282,1.150620994354317,1.1555324669093263,1.1367365032407415,3.704939873812399,4.111322299170878,2.634579026551118,2.804688616363834,4.568777215976462,2.593272424602268,2.7531008921162554,3.1833726486884233
33a2f9be.qasm,64,4.3299639,success,14,1.0,0.8683196948312246,0.8683196948312246,4.316358817303267,4.246247225805047,4.241858953290657,4.303301411793103,4.251481548840986,4.261504130855269,4.280073929805893,4.276098829226946,4.4581223463251,4.490135033239513,3.7263178345998353,3.9024656869758165,4.4511884790307,3.1728927861421687,3.289511806392039,4.291121800566875
33a2f9be.qasm,512,94.16065650000002,success,14,1.0,0.8683196948312246,0.8683196948312246,91.97629450851008,92.26635006208697,91.7781631780457,93.38062934171471,93.28388623225425,91.65175842295628,93.44751524950006,92.0126854703293,32.59185062780849,29.756558526878827,24.216203511489415,37.58448849203493,20.139978208119683,21.946645187130713,21.88569564789971,33.668759482334735
33c62fb8.qasm,16,30.588287800000003,success,128,1.0,0.418472165521958,0.418472165521958,242.85836070471893,244.2008476665263,251.9807678842327,262.8090683766049,254.0165357397676,225.07474320426385,241.64384317208555,235.7863528245785,4.309917021457168,4.348488988693543,8.640598670761994,10.892418089433317,3.4954112984031998,9.184224164305647,12.201341548395153,8.956530007396966
33c62fb8.qasm,64,12.3254206,success,128,1.0,0.418472165521958,0.418472165521958,25.507638276807622,25.438950594436363,26.043488492106597,26.968513176442794,28.000921139381756,27.047948699806792,25.780835857509143,28.176289260154764,4.002727680904899,3.4865278391149515,8.585362306569696,9.03985641291528,3.361005181133769,8.73893528380508,11.523150468946364,8.15838834090984
33c62fb8.qasm,512,30.066362499999993,success,128,1.0,0.418472165521958,0.418472165521958,173.63172725574054,186.26260119172744,178.41533335212083,210.02085767586624,199.17484725941574,193.08642235079154,179.03761166167735,203.2742575688601,9.466667579128597,8.126433161507325,14.887172569297338,9.129103620406264,6.09338368303353,10.165144891412645,10.95538443913287,10.011525312856566
3436484d.qasm,16,1.3751076,success,16,1.0,0.8689598574162011,0.8689598574162011,1.4096915852086942,1.4101690207484296,1.4120297900681498,1.4228380494223594,1.4199168754286857,1.4230132418366093,1.4173597756464564,1.4148005156396775,5.028948195143591,5.638434192691723,2.913396959752233,4.000747212624409,6.13129950044283,3.4811103853865126,3.917250667082415,4.16886393094495
3436484d.qasm,64,5.724491800000001,success,16,1.0,0.8689598574162011,0.8689598574162011,5.7635742153023175,5.776390811713481,5.7419775980633565,5.731228519333181,5.736690776018858,5.723285415829596,5.734106025939234,5.74976161345051,5.5143715560604285,6.205876482809044,4.247210566472016,5.059628527679995,5.855801760791715,4.093977362118973,4.428921838584293,5.487425893336971
3436484d.qasm,512,133.89079619999998,success,16,1.0,0.8689598574162011,0.8689598574162011,135.29918196524198,134.93360789466266,134.41761506757453,134.1961156416225,133.65357487005912,133.3598847776545,134.46565627551013,134.13488200072842,45.070436196757875,41.518885010068544,30.39553718909475,59.14720604915806,33.48959837283666,26.72452454633846,34.82866361023301,44.17424310054999
36d0ea8f.qasm,16,0.21199920000000003,success,32,1.0,0.5958957527312789,0.5958957527312789,0.18716356774152382,0.18726559009850827,0.1885751152278986,0.19006069953808172,0.18738175071513125,0.1901867719809606,0.18780390628938903,0.1889675110863084,1.1965357929049847,1.167826236716488,1.0580720909336814,1.36985469894002,1.3769977189880325,1.3935342898823473,1.5579141300357668,1.1919978386367338
36d0ea8f.qasm,64,0.4986337,success,32,1.0,0.5958957527312789,0.5958957527312789,0.5137298206235338,0.5123371204057944,0.5256629260373462,0.48809653864258956,0.5208961373098442,0.5269879707344958,0.5161719716600018,0.5065562976836289,1.9419631146882288,2.3000750189207886,1.9816380999631027,2.989175859368605,2.4700611610242595,2.3229120361697966,3.5504188388916385,2.382489281427547
36d0ea8f.qasm,512,0.24181749999999996,success,32,1.0,0.5958957527312789,0.5958957527312789,0.1762550936083021,0.1771854375787602,0.17800971926787704,0.18105591288819023,0.17646179432054085,0.17968489173983251,0.17681052455326826,0.18086409950769097,2.475408053039192,3.922349920264111,2.9535993067125754,7.889379582796478,5.653232151351473,3.7242615850887626,7.848140808646931,3.7407753329486964
36e23777.qasm,16,1.4011911,success,18,1.0,0.8684710896963668,0.8684710896963668,1.376694134466121,1.3898880857009563,1.3956144928016168,1.3936523465310855,1.3880054236353565,1.3872571772692592,1.3951619171828331,1.3944430193336397,6.754000422469346,8.392886300780063,4.456672038798491,5.143302626488213,9.553360900978719,5.371029944935761,4.891904045873322,6.096587858880412
36e23777.qasm,64,7.946151799999999,success,18,1.0,0.8684710896963668,0.8684710896963668,7.97958125875433,7.9986056243173085,7.978607323754174,7.9702211846597715,8.016560044695598,7.994741870523568,7.975435919366239,7.996043419694169,7.335672048004988,8.997636939972573,6.478742417379153,6.582237394947075,9.179133692775316,6.405717820577258,5.6158251509938335,8.281769418003996
36e23777.qasm,512,294.89537780000006,success,18,1.0,0.8684710896963668,0.8684710896963668,284.5620682537939,280.58130630292146,282.30051160522294,284.9214754431495,283.8880052000517,281.81653632804023,283.53346519095777,286.41884921135113,88.25850938543117,79.38492218260959,54.12010223869692,89.29316701185817,67.32434466121487,70.99726213303312,55.850581058947164,121.09867097800557
371eea68.qasm,16,0.1772997,success,14,1.0,0.7527884408767243,0.7527884408767243,0.23477024669912502,0.2605967807840252,0.2516679220091627,0.2517282486284018,0.2571163767426557,0.2662560940802912,0.25041429968542295,0.2614060072520885,0.2561233299977088,0.2596970057809069,0.28053756982731504,0.257141964991293,0.25806915593997903,0.2833467501600136,0.29651682746291386,0.281497598381078
371eea68.qasm,64,0.2752777,success,14,1.0,0.7527884408767243,0.7527884408767243,0.6259092828817758,0.5717601156737755,0.6155526379256263,0.4595900905911099,0.5119019400250326,0.47811811120322106,0.4769303712666328,0.4838245133681666,0.674610887758449,0.5682042967217055,0.632618484776176,0.5531692102341754,0.572164357658842,0.5655527872396484,0.5636925275569307,0.5750416234825173
376d7d92.qasm,16,0.1843133,success,2,0.22494413939279492,0.7506723402044639,0.1688593435332685,0.2455654630747324,0.2421855855236314,0.27194068558096446,0.23284707213366956,0.22740921252469226,0.24958674132475955,0.23995034312143695,0.22654893753815353,1.5141591091433184,1.1962380619455226,1.3855132441811675,1.0409113893559807,1.0361629018930636,1.1312234367986111,0.8764502662848567,1.0199782445813326
376d7d92.qasm,64,2.6315011,success,2,0.22494413939279492,0.7506723402044639,0.1688593435332685,2.6922634522501943,2.814090788638688,2.602388419270491,2.5997691681717425,2.6832029320188107,2.529780803018775,2.5792130063855594,2.4865946014079943,3.2332812086445153,3.3507776889396728,2.722994008760129,2.833927971777449,2.612817986540132,2.6773105331749543,2.505464870590719,2.8433088989485467
376d7d92.qasm,512,0.17325090000000004,success,2,0.22494413939279492,0.7506723402044639,0.1688593435332685,0.2719193848333857,0.27560708530077993,0.30102130416074785,0.2348097936422673,0.22360862881271948,0.24764762668215445,0.24544311559001564,0.23774134082014536,3.3977343441452166,2.8155055648020264,4.3456461021179775,2.7973946606109394,2.3602140319263154,2.145863513311416,1.9154865954958449,1.8955864999760248
37bd268c.qasm,16,0.2436995,success,64,1.0,0.6634248703245399,0.6634248703245399,0.42267356913730925,0.4627146708853296,0.49615292137226313,0.4906736475917326,0.38519301834526415,0.41438719743299335,0.45316857576270525,0.3999318790744318,17.507951259150843,11.118329782424205,20.22261225929938,17.54228541032755,13.625175652025955,10.671016795463824,12.77896625500009,12.255532459212967
37bd268c.qasm,64,1.1299787,success,64,1.0,0.6634248703245399,0.6634248703245399,1.8944789685527004,1.8856893425212184,2.0708473247301913,1.9526472327246756,1.6584894457677402,1.6306329029159443,1.86352199317275,1.6234525837264984,14.424527815182957,10.437937329852657,15.227559391061948,13.029243878835702,11.27777748909955,7.86804521128253,9.0026124447616,8.070603988873103
37bd268c.qasm,512,0.2388701,success,64,1.0,0.6634248703245399,0.6634248703245399,0.738536318507101,0.6081378257822658,0.7288911209945792,0.8146373531130789,0.6216562406674278,0.6592911144061945,0.5980899431622423,0.6604038575952077,26.78087806832052,37.40040225642527,34.289492830179825,48.505870518934564,38.107977397026296,35.88235575692688,40.07836262378988,40.2439125038096
3814b0b9.qasm,16,133.23585000000006,success,19,1.0,0.8667413822194654,0.8667413822194654,128.66098119056252,124.42691767304956,131.05995864608474,128.23099979215658,128.6541949011181,125.8019233894175,125.94154463219475,130.55860066778163,34.59636615719504,40.791501149122425,18.243182552443066,35.87445299107849,20.67731211510541,32.780859290507905,36.74902343926312,20.18054758957268
3814b0b9.qasm,64,255.78723799999995,success,19,1.0,0.8667413822194654,0.8667413822194654,172.98518173044343,169.04650172877777,173.74980562415413,170.81550132547503,168.65992137065842,167.8340357110128,170.25656249300172,170.0891504560942,6.374353495118238,6.486465810336198,3.9359947673643276,5.311846573694524,3.534009557843116,6.066162413389479,4.517990047334092,3.565863774814411
383bbcad.qasm,16,0.18195030000000004,success,2,0.5747619047619048,0.8153829266396455,0.46865104402573915,0.22425011454192323,0.2052390615084196,0.2160332580636081,0.2100688655153153,0.22019639691732834,0.21206978056371023,0.20632622033956613,0.20440657657977643,0.3002693647871964,0.26284465459447737,0.2931676429420211,0.257185996713923,0.27358778383579085,0.2670382408228072,0.285178577247399,0.2625505294283502
383bbcad.qasm,64,0.6394028,success,2,0.5747619047619048,0.8153829266396455,0.46865104402573915,0.5709250294552465,0.584896547328577,0.5921875280667155,0.6108071591196491,0.5884137152101627,0.5807307133615468,0.6513259787690973,0.6016189957523651,0.47580673058650863,0.4343014614583039,0.48315112270124666,0.44010895994443106,0.4498626801717593,0.42122390741027105,0.42936627779131376,0.4266352527386681
383bbcad.qasm,512,0.1866326,success,2,0.5747619047619048,0.8153829266396455,0.46865104402573915,0.2323800276545628,0.21834712708132287,0.23425978746178527,0.23050551309605916,0.2298299725022896,0.22821336698978226,0.22778885457680492,0.21937352143303165,0.3645056700895835,0.28551802386124864,0.3368289408517343,0.3058045852219165,0.29167384109664823,0.26620391756249256,0.28728343156202696,0.3061102287917459
3841ff5b.qasm,16,2.0053667,success,26,1.0,0.8691257144969196,0.8691257144969196,2.015442415741223,2.0073913365522467,2.014060214785,2.0082801770676673,2.000942490451654,2.010856173403484,2.007136524728206,2.0079490854812487,14.70775383102797,15.685457560919339,10.187429018210548,13.12356966830683,16.47990949015311,14.724790725092124,11.837300741777446,13.10796580893795
3841ff5b.qasm,64,15.528729499999997,success,26,1.0,0.8691257144969196,0.8691257144969196,10.767416482577048,10.685241259946949,10.672514159748511,10.566413803839522,10.568643167140094,10.804859202294804,10.6966811462451,10.56782414803978,13.421722711145156,13.714383155722341,12.519142897094587,13.09895646842473,17.072430237180505,16.201557951546327,10.880836989851359,15.783246628948328
3841ff5b.qasm,512,698.9163240000001,success,26,1.0,0.8691257144969196,0.8691257144969196,691.9641597757411,701.4078030971081,698.7099985969968,698.2378678281985,703.6839469844161,703.9606416985606,708.1012229041039,693.0101408736316,193.63393402973338,219.43068369730273,152.2280047221891,217.0954593085148,196.44225190807072,280.89153145100966,187.13549142702846,420.5862093216045
385fa1b6.qasm,16,3.8934353,success,0,0.0,0.20511297098637976,0.0,3.4426499617372848,2.5764940680017183,2.550256723133213,2.4832133469736655,2.535330082480774,3.0250897007451365,2.79440296562012,3.1056106913408184,3.13978008959962,2.900701227391166,3.6059853143845104,4.078735860494832,3.4508018345223714,3.629119001526365,3.573697900751996,2.963838868885823
385fa1b6.qasm,64,3.5853261,success,0,0.0,0.20511297098637976,0.0,3.749220980987994,2.724441378357639,2.585206044885994,2.586937475112058,2.655627794029755,3.067915556513158,2.904323725604466,3.288682701971384,3.466667853924953,3.5144560893079353,4.204101759910354,4.770757846006906,3.7503378375712346,3.913722774900543,3.880881386298634,3.145689802186596
385fa1b6.qasm,512,3.8160909999999997,success,0,0.0,0.20511297098637976,0.0,3.4500332245703733,2.7600222970155404,3.107227241007241,2.3281568741284033,2.679370858014599,2.9237712888588856,2.974711670828013,3.0323263652934074,3.3743179097436475,2.7957777192911175,4.656822224713668,4.196545047632346,3.2465307843531366,3.670469786975133,3.552961454573912,2.8648461975117225
386534f5.qasm,16,1.7916922,success,22,1.0,0.8690404212044613,0.8690404212044613,1.797357897738055,1.777218584806994,1.779824508223819,1.7927137027526667,1.797975871147122,1.7967262803576574,1.7955680438850725,1.7970344439959276,9.318857249944527,10.120423970176873,6.089781229957095,6.933777876346951,10.570888292480921,5.889899320888494,6.986450770380705,7.873279216030446
386534f5.qasm,64,10.0276048,success,22,1.0,0.8690404212044613,0.8690404212044613,9.96611090421905,9.952187573256335,9.905115797637976,9.862777220690548,9.940237183911725,9.915368968102033,9.946936492029552,9.901130687338565,8.225657694651062,8.156241705497447,7.640298799775562,7.670801115935307,8.40498129494241,6.069006870307663,6.056846483518344,9.343198089658461
386534f5.qasm,512,387.70292720000015,success,22,1.0,0.8690404212044613,0.8690404212044613,371.1746651854377,367.8983661360472,372.3980473024099,373.46895361548167,370.8663054298049,372.5670342976972,369.4842047664667,368.93350901909315,108.27487158882252,90.13201379159737,63.4828661683403,89.59532483410098,66.81679867642004,67.36548015731945,71.64222062786484,163.94128724811063
3a8d3e53.qasm,16,0.2819158,success,32,1.0,0.5190296293287043,0.5190296293287043,2.397209761042462,2.398596123846757,1.9986001071857082,2.1145744557208572,2.204368184326601,2.120387619573552,2.3012575586092527,1.921051186054211,1.9215047821420128,2.2317218262071887,1.7703173172078153,2.386755361942372,2.196146031464068,2.7134881074151274,1.9733158235660035,2.087278700576935
3a8d3e53.qasm,64,1.254632,success,32,1.0,0.5190296293287043,0.5190296293287043,3.280000622385896,2.373844097687572,2.3109618898884197,2.439326866317884,2.8733067327403963,3.1533690490888424,2.621969483225744,2.246589047142249,3.8187500345343555,3.7827149441458174,3.5191922531747535,3.1491046609057887,3.4168476619761616,4.1442651793175465,2.885538952665919,3.269494721497115
3a8d3e53.qasm,512,0.2745265,success,32,1.0,0.5190296293287043,0.5190296293287043,4.870071304057582,4.913428255809062,5.67071597868245,3.707116165924424,4.4022076146615206,3.247739543499605,5.230148713821758,3.5744046117805612,4.26018616549296,5.0622996053700335,5.288796136173148,3.3022466570502176,3.4736585367788466,4.68791194320977,3.378602171992697,5.0983174597790715
3be98d6c.qasm,16,2.6949336,success,64,1.0,0.8066544860843554,0.8066544860843554,1.1924863100551357,1.2416487468639394,1.771842901014822,1.9942691303599973,1.1209747452624956,1.594879587428808,1.467704186280074,1.465019690166744,2.956586299093615,3.0904547114282903,3.0129953903033324,3.155841828636159,3.9797218813497683,2.381784954620541,3.2453247608562297,2.733680670629267
3be98d6c.qasm,64,18.448310400000004,success,64,1.0,0.8066544860843554,0.8066544860843554,4.508124582166237,5.3504981403605,5.778811976360488,5.919660498224383,5.211913941441124,5.193843139255249,5.324998015312018,5.117632037238389,4.022950848340755,5.1378826443088474,4.672789349780453,5.135764724792657,5.863767943569848,4.075912503127808,4.939088659188054,5.0055093502345365
3be98d6c.qasm,512,485.3121658,success,64,1.0,0.8066544860843554,0.8066544860843554,19.233844289074852,49.739445729018506,34.52012750766739,59.361462429623366,31.232113251889633,68.55571210303061,40.545282380163485,54.3510666660833,7.281195974684856,15.646386517154486,10.150882829651287,26.712557746659108,20.46728720416473,18.590016476598166,25.776617973115414,21.006405897550206
3c1f4948.qasm,16,0.1785881,success,4,1.0,0.7139955614861128,0.7139955614861128,0.2193166791089978,0.20796184959887948,0.20915814970496271,0.2153956706711428,0.20708115917483813,0.21820714762801077,0.20292504727162064,0.2163059490709888,0.26506296577929456,0.28412041459622456,0.30830259989463554,0.26041002948312547,0.2893468983624448,0.2623416231235552,0.28167725798082976,0.26454517227316837
3c1f4948.qasm,64,0.21056039999999998,success,4,1.0,0.7139955614861128,0.7139955614861128,0.2284806272969093,0.20612669371029635,0.21009060320343734,0.21692386483521395,0.21680667698629774,0.21767918896463806,0.2073938176056737,0.21273804998779716,0.2929138883866109,0.3212337244718763,0.3358756235077904,0.28719926062935935,0.3347394982751685,0.2945827477230898,0.2925623503425942,0.2793574568230952
3c1f4948.qasm,512,0.17540579999999997,success,4,1.0,0.7139955614861128,0.7139955614861128,0.2211893752231972,0.20643733235047707,0.2084223992685108,0.2230549553916723,0.21365438611666712,0.21867573418601075,0.20274608206082192,0.22178970988796307,0.26993137677120216,0.29807007813456676,0.3158487305410979,0.27258355966819414,0.30165907720682367,0.26618430840065377,0.27956641287759343,0.26816443919839267
3c2f55c1.qasm,16,14399.999999999989,timeout,22,1.0,0.7019996500028025,0.7019996500028025,20.07521307805622,19.582168919118583,18.924006492660038,28.486594938338403,19.73417349120084,15.00156496274751,17.554568050940528,19.39874439113603,33.14917111138343,46.36554223450352,77.60427672230479,53.41610864326639,53.70723495019376,68.27793741178127,71.6622980078426,79.28273088027512
3c2f55c1.qasm,64,10512.19065499999,success,22,1.0,0.7019996500028025,0.7019996500028025,12.964998420533771,10.778434295439872,12.06255725094788,17.626734554925044,12.003752406481969,7.510834988273202,8.684100080726157,10.299605867862535,24.88628676807257,38.626561790447546,57.69791707978623,42.906255250125085,42.35982388542268,58.110120754625356,55.550503429373194,67.23307283744357
3c890561.qasm,16,16.929373900000005,success,32,1.0,0.5452438003111225,0.5452438003111225,1.8052292777650312,1.8556302750031282,1.6535190298901417,1.7683866323706074,1.9248689436857718,1.6978920913141042,1.8898497539802919,1.8687127491602251,0.7449148151092618,0.7689881085342681,1.3057313302789821,1.0862170274980447,0.6419546198801679,0.9069131362856804,1.000021853612785,1.1157898851647043
3c890561.qasm,64,1.2557023,success,32,1.0,0.5452438003111225,0.5452438003111225,0.9784067423251321,1.0128260490264371,0.962657328892313,0.9613930520230565,0.9819273081314936,1.0271039245875784,0.9893403064250068,1.0128161317399635,1.3714752680031495,1.1389992594296705,2.211973664658914,1.6838380923593834,1.3651223207565895,1.4857582059063335,1.5588641645462262,1.59915572916171
3c890561.qasm,512,17.211887000000004,success,32,1.0,0.5452438003111225,0.5452438003111225,1.8061539736980121,2.079107110498703,1.9763960822826938,2.1659150996438403,2.1263196601119514,2.2661935193739193,2.020402990613314,2.2453540745600646,1.403662481208245,1.2232688146477522,2.651981102985366,2.396669730005223,1.357415068497718,2.0359194920634978,1.9897584486953417,1.969681877773474
3ccd19ee.qasm,16,2.046703,success,25,1.0,0.8698366133480155,0.8698366133480155,2.055475721754793,2.0568403007185982,2.0601601166320984,2.0580127342407177,2.0565439555723812,2.0572005492788605,2.064073834551207,2.0592236811115536,11.353703433447384,10.603549393450105,7.280637685189233,10.045318156703903,13.941157627790108,8.9460810088025,7.767927563010491,10.135764022984143
3ccd19ee.qasm,64,12.164556399999997,success,25,1.0,0.8698366133480155,0.8698366133480155,12.216639274302839,12.1179783862241,11.943612156449964,11.876078458295948,11.979629391126306,11.964192898268994,11.999003016813228,11.851186483713843,9.752990767351841,8.883095526968223,9.293394853904926,9.590792577248813,12.412601912492958,8.716117525335488,7.09364410935283,11.86694338803651
3ccd19ee.qasm,512,483.04813420000016,success,25,1.0,0.8698366133480155,0.8698366133480155,488.6537426014632,488.728495523861,489.48917760687004,489.7498079635999,487.79260598343365,488.37221399539817,491.6011219868727,489.3838137740624,126.14773972794853,108.94511119846239,81.53904900055706,128.322237191695,123.42552433192508,133.9228421549878,90.43223834242544,249.46405086613626
3db115f1.qasm,16,0.2136195,success,10,0.7178296798986454,0.5952576475021721,0.42729360656370496,0.21774774052156648,0.2134075229457761,0.23184417984660766,0.20456375519439748,0.20226774457113333,0.20998130846103855,0.23008868847749958,0.21111561877845192,0.22269596623734952,0.22373057843230545,0.21262072833239332,0.22741758365638579,0.2139168411053339,0.21898214464724977,0.22352897340145464,0.21679046233207092
3db115f1.qasm,64,0.2706139,success,10,0.7178296798986454,0.5952576475021721,0.42729360656370496,0.31367982190485,0.33390489224595316,0.33633581171758303,0.32677472327426943,0.2941094995519707,0.35722556757962154,0.39017373389132437,0.34544846060105966,0.4276301109503287,0.4783159760656503,0.4555189852163756,0.49179794449818803,0.42298584689923663,0.4650934993617646,0.4504127975279011,0.46995560105738116
3db115f1.qasm,512,0.17478360000000004,success,10,0.7178296798986454,0.5952576475021721,0.42729360656370496,0.28510542952071355,0.3025627090383637,0.2885288924349758,0.23831452671396755,0.21996232312495012,0.23331861365875275,0.24767118368004223,0.2445261668123838,0.28778793255920054,0.27086793011612886,0.23538230578487196,0.25977380303160236,0.23135529221936438,0.24370029981437483,0.25670563501621935,0.23228459461994333
3e2fde05.qasm,16,1.4735673,success,20,1.0,0.8684500320980699,0.8684500320980699,1.4751115751390238,1.4363244890056186,1.4747351743852508,1.4461813816383995,1.4365831707500472,1.4662332423737685,1.4576643853304232,1.4488862213945193,6.5323695910199575,8.786385362578699,4.431111394980186,5.45502796735775,9.465750001753577,5.319595870776738,4.897485144137108,6.711755177897051
3e2fde05.qasm,64,8.440909600000001,success,20,1.0,0.8684500320980699,0.8684500320980699,8.563267170930175,8.517496729402811,8.465095192690299,8.45301499776948,8.475722768922617,8.455984487775291,8.478636654872675,8.424023349983825,6.274503050279764,7.668747250961187,6.252594268386863,6.593492646916047,7.561500457744731,5.762947019025077,5.015379588154593,8.062412207375967
3e2fde05.qasm,512,314.5541481999999,success,20,1.0,0.8684500320980699,0.8684500320980699,311.5315308504281,299.78645661903215,311.2557331153812,309.47134359334086,308.613728801454,311.80791331037057,309.1692956261294,311.958366599448,65.64667474026913,84.69484397090983,48.45195681973414,74.06435558019662,60.03660378141589,58.58341531587206,57.2727308289703,127.84781482387909
3e730381.qasm,16,0.1677842,success,1,0.2023266189788681,0.4610644142430414,0.09328560406526684,0.19076176979636808,0.1846570828527834,0.19793712863967441,0.18771857850280646,0.18926821839281058,0.1876950876402206,0.18614335663939288,0.18459275991754429,0.24405853907329167,0.24407953175409347,0.23949463690568382,0.2668220149470326,0.24740487711362763,0.24792745704955768,0.25954300635743077,0.2360609687184773
3e730381.qasm,64,1.4118832,success,1,0.2023266189788681,0.4610644142430414,0.09328560406526684,1.1919129033643285,1.1780329901906168,1.192653797156048,1.1900934902242146,1.222625324670364,1.2195531101370283,1.2142577083783048,1.2317319125990112,0.7359168129635847,0.8651105086286568,0.6427734738097776,0.6699402250947014,0.9088277431259625,0.6850561143593237,0.6871503108326249,0.6491237691218994
3eb6cff0.qasm,16,13.542158100000002,success,128,1.0,0.6777056595026753,0.6777056595026753,165.51518445832798,124.96551199583575,132.41410108908826,110.72319564694325,176.47568872424722,162.63540206613496,122.48309447360037,194.41821010879056,15.542919599339822,18.180861989736677,10.968401786094585,18.30185924411044,13.879131495351336,16.58384263986987,16.902361125398652,14.43236914157175
3eb6cff0.qasm,64,12.568248899999999,success,128,1.0,0.6777056595026753,0.6777056595026753,160.17360295391842,129.14900565473476,130.32452596185146,100.98921934325175,148.57669649029197,164.23589897965599,120.87643377499148,180.09682902555664,57.534262229203584,52.666237893369185,49.55835397744326,54.30729183116367,48.83705667957041,51.509621902788005,45.79070821598608,56.422792288538126
3eb6cff0.qasm,512,13.965547100000002,success,128,1.0,0.6777056595026753,0.6777056595026753,292.03265851978784,289.8145862559141,227.27871414765232,188.73080221870038,319.12774326827,290.1824979546745,253.54342738948574,278.0570509753544,310.50764899299423,478.71488180875593,526.1848674665737,278.0694091985293,374.3628986741128,326.2688913397737,183.04181237144496,559.4269489933893
3eca4614.qasm,16,1.7950401,success,22,1.0,0.8691490600438098,0.8691490600438098,1.7913476772731824,1.79194384254494,1.7908025907400535,1.7908788879868456,1.7927131054747307,1.791477439330786,1.7932723801878139,1.7924513041122019,9.340756467356682,10.149150766234557,6.089781229957095,6.933777876346951,10.437790313894588,5.997262780564224,6.986450770380705,7.874941701538816
3eca4614.qasm,64,9.9800103,success,22,1.0,0.8691490600438098,0.8691490600438098,10.004788181679027,10.008441449358063,9.988479168802028,9.996129305916046,10.00754528022009,10.01374694746429,9.980758804823246,9.99988366547649,8.37962189207646,8.283954161298901,7.640298799775562,7.670801115935307,8.50062369916191,6.2412264368516315,6.056846483518344,9.454438491100941
3eca4614.qasm,512,372.2380488000001,success,22,1.0,0.8691490600438098,0.8691490600438098,382.10842886173367,379.5718022142419,381.751033930324,381.01963441947913,382.2262662501346,380.98009225118335,380.92370500145864,381.0464885346697,108.27487158882252,91.28201104972165,66.49585139181391,91.09173906496164,67.66931635623342,69.67191196258541,72.142875946717,163.94128724811063
3ee85ccf.qasm,16,1.0895266,success,10,1.0,0.868438071601817,0.868438071601817,1.076484543538035,1.0717293987299101,1.0790570227190361,1.0868514776841285,1.0802065136080838,1.0772023024901882,1.0963537945468362,1.0895008727537976,2.763994307614197,2.470534696904677,1.7521309905432847,1.8515449206744503,2.309448334230801,1.8044566411188396,1.7219734441114198,2.0887551930338693
3ee85ccf.qasm,64,2.564209,success,10,1.0,0.868438071601817,0.868438071601817,2.6145046260539333,2.529850325375858,2.5806521733425094,2.5638409242675575,2.5752001133643616,2.5395669423261995,2.6391602121759723,2.581441408305518,3.141364408355256,2.632440335679916,2.2312320060723043,2.43926612120565,2.321779587321079,2.0671811758975003,2.0946909302421224,2.637103996118597
3ee85ccf.qasm,512,34.452299200000006,success,10,1.0,0.868438071601817,0.868438071601817,32.90818393356735,33.361702323360554,31.947138916536733,32.50585271308982,32.74132113656243,32.96721059444032,31.456511033879465,31.333239862363655,21.957260595374855,15.781019657578462,14.240213084035261,20.584769313496302,14.334905572896025,13.437408050214703,10.05561983141729,15.246141881047244
3f072f57.qasm,16,1.2063047,success,14,1.0,0.868761822067639,0.868761822067639,1.1198152249492548,1.1236232424762167,1.1310062447065459,1.1346540127015936,1.1114717738352353,1.1309925485932746,1.1297624581772332,1.129253547624718,3.694322121403793,4.111322299170878,2.586256693663358,2.804688616363834,4.549208154830596,2.593272424602268,2.7531008921162554,3.1833726486884233
3f072f57.qasm,64,4.3106777,success,14,1.0,0.868761822067639,0.868761822067639,4.240254044499401,4.26622330277293,4.299626642732018,4.297131616599689,4.291888479154949,4.249045488491216,4.3039664877319534,4.299593369353091,4.46321648205525,4.490135033239513,3.6634763876465857,3.8602941562522273,4.432123075882274,3.1728927861421687,3.289511806392039,4.291121800566875
3f072f57.qasm,512,94.2666482,success,14,1.0,0.868761822067639,0.868761822067639,94.23809919670754,93.7777687665563,95.41194711350599,93.9287697925246,93.26024785014361,93.07875334227049,92.26844031606274,94.40587647140626,32.59185062780849,29.756558526878827,24.72423508528822,37.05186192352648,19.61179442692463,21.946645187130713,21.88569564789971,33.668759482334735
3f858470.qasm,16,0.4377763,success,31,1.0,0.7293899233798099,0.7293899233798099,2.2437822943076777,2.4940186092025822,2.087002663868861,2.3158129986167775,2.063958219575756,2.6667572052246657,2.441733388599677,2.464979641778472,2.2692196776390907,2.0908611484063995,2.620093101250948,1.9900884403535806,2.344181864461602,2.6855333893122597,2.4718484981401745,2.4783619420888785
3f858470.qasm,64,0.7186984,success,31,1.0,0.7293899233798099,0.7293899233798099,2.2597168721737835,2.0277544856886505,2.003837644212863,1.7683797714624012,1.6334372251914013,2.0306708373321802,1.6549991948594032,1.7503487230301218,1.757783827879011,1.5979818620319914,2.0382843544704152,1.6459272356127488,1.9189455170963932,2.190397982469888,2.0822689840810304,2.039057100965806
3f858470.qasm,512,0.4335088,success,31,1.0,0.7293899233798099,0.7293899233798099,5.495074257683712,6.617999051818192,5.262759656638979,5.6114303893459585,3.4029389812658457,4.635243441913094,4.986219169891318,4.591838929232431,1.8833020087037857,1.9484738150237613,1.9308116466241496,2.295927784314111,2.0858436506836813,2.6111874445312417,3.099448034367901,2.1601822010977507
40b719e2.qasm,16,240.8145595,success,20,1.0,0.8731292107829388,0.8731292107829388,225.22573924090426,223.98415812949665,230.10792686029853,218.34633918078714,242.39164561457173,241.14549518517046,234.141772778932,233.3936636938104,39.68257506025251,40.92521296663809,19.72539471749458,41.524675119566105,24.923249639838495,37.02755012406432,41.58522511421058,27.517620010323
40b719e2.qasm,64,419.87369199999995,success,20,1.0,0.8731292107829388,0.8731292107829388,224.69636121868785,228.76364934335368,244.1168719040451,249.5429459111538,240.11678756025952,252.59343651173643,248.0126467306355,253.49502864131685,7.2654407052319385,6.9835547643258025,4.438218726112193,5.893474411477474,4.197037826330034,6.7310856777802694,5.551689296781292,5.13502897217341
40b719e2.qasm,512,14399.999999999989,timeout,20,1.0,0.8731292107829388,0.8731292107829388,10053.043035639705,11525.015726465337,11421.043958761013,11409.926382659607,10303.485641606849,11144.899845307384,10974.064626209803,11029.716190540179,653.931122737822,610.3599375795595,993.490708530043,819.5219222204285,879.6254644132065,694.2250164372043,569.4475180770424,660.3359608207052
40e78b26.qasm,16,0.1820556,success,10,1.0,0.7706401308189934,0.7706401308189934,0.4520825031056309,0.3908355111335268,0.40024442513643294,0.36299111379668525,0.4474380183816676,0.38611605982457464,0.3743120238055867,0.39536106844449886,0.3030448882644952,0.32246539693669696,0.2883281844877842,0.3156865958130049,0.3507221460477844,0.32849801251654015,0.34535367462057404,0.371221094923983
40e78b26.qasm,64,0.1782775,success,10,1.0,0.7706401308189934,0.7706401308189934,0.3687393891304181,0.30365915200068366,0.34551411005877497,0.320972943193631,0.38543528893108725,0.3086622018666127,0.3435449162815338,0.33510866984284415,0.2873929517518669,0.2938490758008947,0.2971257438422,0.33536797002501734,0.3303907031480453,0.3236942981700331,0.3432112272414488,0.37227651808102424
41bd27aa.qasm,16,1.101841,success,34,1.0,0.6566028866120717,0.6566028866120717,2.02234628721086,1.9961246434475124,2.0766781504786045,1.8503866865643863,1.9065544527782363,1.8934851013050695,2.116332922690601,2.024119674488588,1.9802360256055365,1.638681053476935,1.7859901605843334,1.981146278771588,2.3143798546809724,1.7698763665534583,2.194000532632288,1.7127157984389207
41bd27aa.qasm,64,4.6966688,success,34,1.0,0.6566028866120717,0.6566028866120717,5.819913830791735,6.265884587668694,5.843041379299174,5.059222692632637,5.6848587264194625,5.77106176650104,6.331968345925425,5.851093922555308,2.4229336805116892,3.1561929513902527,2.2592360566324796,3.119604567311912,3.3523306181292862,2.7360656186538024,3.423226525836613,2.7780262440834154
41bd27aa.qasm,512,153.17248469999996,success,34,1.0,0.6566028866120717,0.6566028866120717,159.4225442153206,184.83387642991696,196.40704293716823,193.3564636862569,169.0850174894054,178.21290064893685,169.9614434391288,190.0281470231832,9.997740173085816,15.275379538802838,11.682648519865662,16.013587099735577,25.037810046838377,16.724925908233278,17.730047198308014,15.326538248350083
42a256ea.qasm,16,1.735077,success,21,1.0,0.8689054147468455,0.8689054147468455,1.7358965210421224,1.7329219282061892,1.7346749219006774,1.7361934794341063,1.7323481389184956,1.7246405949123103,1.7294487694273184,1.7245435146932606,8.84184132198989,11.947280321182548,6.966221741108253,8.204769819347973,13.58693072300126,6.61831017032413,6.729380850829323,8.734094164698822
42a256ea.qasm,64,10.099978700000001,success,21,1.0,0.8689054147468455,0.8689054147468455,10.045516910086082,10.055374194471609,10.080360804644572,9.960106444941786,10.059882644700457,9.933989117676738,9.983711243446285,10.057333623159657,8.683190096161377,10.613366583491214,9.142269680025137,9.354347062520244,12.13990843841467,7.813576841029787,6.58473044061918,10.94239214730179
42a256ea.qasm,512,403.5172516000002,success,21,1.0,0.8689054147468455,0.8689054147468455,409.0409237738309,405.2077099513249,400.6082047232011,405.8165441996338,406.8809789904825,406.33665729854056,401.7582365168905,406.5464614410976,128.71485200407835,148.64572564153985,97.75127752728768,130.45887088764508,109.4005975700508,99.84414981541536,80.07449017103262,209.19991350832646
42a71e24.qasm,16,16.5057448,success,32,1.0,0.47881483439888617,0.47881483439888617,2.373000799847671,3.015555379832452,2.7704105605641423,3.938024752810841,2.6042036807071325,3.2937511204935723,3.326378794543376,2.677265835317204,1.533518286719393,2.126936436820231,2.6725201893899757,1.599430481528638,1.9392491970187744,2.210559513934657,2.207404026280554,3.0676602930287125
42a71e24.qasm,64,30.1654734,success,32,1.0,0.47881483439888617,0.47881483439888617,9.121936717349787,6.413424735076446,8.899573039583919,9.006888165984954,7.024664953450629,9.791616920193952,7.263072332387295,6.953234977954522,4.610182118215558,5.191785888540971,7.512598911487006,4.238700296540809,5.263179219913557,5.897020947187467,5.4176233609744475,7.148766415458342
42a71e24.qasm,512,1844.9185097000002,success,32,1.0,0.47881483439888617,0.47881483439888617,36.60481148713244,62.61901154518627,35.06819241888672,67.23507904081939,69.7931042677596,95.12178945114303,81.08410613082414,62.29011789211297,3.489646391481853,7.492975202335909,9.234467881287097,4.647701754943404,5.074299921094661,9.974278629065342,7.788596873942424,11.463387603054601
42fa6cae.qasm,16,1.9149404,success,26,1.0,0.868534569895744,0.868534569895744,1.939690577445083,1.9400741637258505,1.941554877049987,1.9484216536230468,1.937985714730256,1.9470591894525748,1.9466252281889107,1.9463494927248963,10.857849106248255,10.127165153852022,6.727109331216517,9.328285792823056,11.159492417327357,8.716882194295192,8.648253398352097,9.99473730417925
42fa6cae.qasm,64,14.109905799999998,success,26,1.0,0.868534569895744,0.868534569895744,13.973141313981941,13.9149205341808,13.756780107693814,13.693365917800474,13.953315179170428,13.538210431797001,13.765787784410064,13.744474646574199,8.923067499322189,8.228961280824715,8.363666802104595,9.086238174934898,10.020330462821638,8.738265740447233,8.277367487003723,11.193994422945869
42fa6cae.qasm,512,563.9146286000002,success,26,1.0,0.868534569895744,0.868534569895744,534.9444952786295,534.8764566072047,535.9139350915078,536.7157274254137,526.6026157334273,532.4022581412969,526.248180489544,538.4358763145713,113.19047108312972,103.92395342315842,73.3315902012838,114.65666454667249,88.54712642372782,99.38980986373214,103.22908165840317,204.06426480002125
43168c33.qasm,16,0.17956979999999997,success,3,1.0,0.753212967512461,0.753212967512461,0.21102713550477278,0.2136308251314243,0.20258012809092757,0.2034078640450544,0.2127838469466215,0.20872945444447544,0.20855982214015942,0.20773442240652112,0.21110344545172097,0.21749482215371793,0.2100257652189255,0.21235245284283905,0.21484866466665914,0.2159861426370222,0.21704016032398968,0.21573626782319374
43168c33.qasm,64,0.1776479,success,3,1.0,0.753212967512461,0.753212967512461,0.2077944466017176,0.2003009052525168,0.19705472432196125,0.19341695023433964,0.20560630288172477,0.19722607243243664,0.19144047473809947,0.1968027631479472,0.2151650071869432,0.21382325282850165,0.21105337702217492,0.21960715588053112,0.2126634577063097,0.2136994805702495,0.21512801079516,0.21170206200226718
43168c33.qasm,512,0.1781855,success,3,1.0,0.753212967512461,0.753212967512461,0.19507166264467538,0.19395168070993768,0.19021248441783298,0.1902516122567234,0.19441453033862,0.1909298851544407,0.19070965358502204,0.19243218070514062,0.19354144275976393,0.20758384446756023,0.19906850840132584,0.1992285965259971,0.20098438406166977,0.20591220098582116,0.2128811289461013,0.20623172290438999
4318a3ef.qasm,16,1.5160106,success,19,1.0,0.8683853561393957,0.8683853561393957,1.5711217045445278,1.5706424045249834,1.572286101836358,1.5813729775148724,1.5736087810128216,1.5762741799620685,1.5741774211241264,1.5744555458828178,6.43551337151458,7.438927791792589,3.906883907611103,4.918567295152507,8.588406056042725,4.9760674853250375,4.65787578508097,6.0852006984896425
4318a3ef.qasm,64,7.7249488,success,19,1.0,0.8683853561393957,0.8683853561393957,7.742357921128242,7.735529208676157,7.775758940164807,7.715663601923734,7.763862472799038,7.737868429862215,7.747555786776685,7.7608588122728275,6.196858003225221,6.86807811250633,5.591834647656572,5.946882112023249,7.304593692788503,5.539881923934584,4.95571898460839,7.6403108269149635
4318a3ef.qasm,512,261.0483979000001,success,19,1.0,0.8683853561393957,0.8683853561393957,263.83409584404023,264.13917424699497,264.7280309145653,262.18118091667884,263.33833155960565,266.11066029563847,264.6575859613773,263.92916853727434,68.00077097810453,67.47788620742426,42.51738097925178,67.86981686934463,49.520838732401295,52.72555710255907,56.16861854069034,109.4582854069808
4327c91d.qasm,16,1.7815141,success,26,1.0,0.8696827581362161,0.8696827581362161,1.7498517671915033,1.7384338110464799,1.736115796693546,1.7291146412395944,1.7446062913121636,1.7275215315804897,1.7392221607165406,1.73810925578878,9.794765142013555,10.046179632863495,6.158087382443171,7.855648893857516,10.352387295482192,6.863465657591144,7.408318816305578,8.498380172490444
4327c91d.qasm,64,12.242160500000002,success,26,1.0,0.8696827581362161,0.8696827581362161,12.267394783533236,12.240140580571811,12.287093983299787,12.234142702921327,12.278300682221584,12.253637756582425,12.265883019838748,12.108632057241733,9.037320299920715,8.4599892311156,8.039942017706812,8.15171502318224,10.034042338464292,7.568900530721838,7.512507102377765,11.078183400662859
4327c91d.qasm,512,470.9695791000001,success,26,1.0,0.8696827581362161,0.8696827581362161,464.8863223637216,462.5740224766003,461.44372133089826,462.27635705238197,460.64895866237214,455.9191757450455,456.3773927211094,460.0661303713396,123.91023382440882,102.99500500580803,72.18553850192356,109.9915188691487,89.3841170431535,91.94795416915102,96.96733708872323,196.7159441349946
432efc30.qasm,16,0.1794426,success,4,1.0,0.7997808358005664,0.7997808358005664,0.24528000900882968,0.23976497051328025,0.2476823018514631,0.24908128794655046,0.24361594233914766,0.24527876086217504,0.2511692963100807,0.2491524759337502,0.3006845206818629,0.31805884957852704,0.3538040818182891,0.33643425043456604,0.3225432132553029,0.3587420173818681,0.3505241258442913,0.3301130857033436
432efc30.qasm,64,0.1695758,success,4,1.0,0.7997808358005664,0.7997808358005664,0.23200404088637203,0.22950133612878656,0.23633740380963078,0.23435525803168322,0.231431093452189,0.2363896974520373,0.23156856325005734,0.23733055397797181,0.3543700873661697,0.33254864229776543,0.3719626670245275,0.3883695257065223,0.3545398473657995,0.3750934296309814,0.347651254077223,0.3563334523625586
432efc30.qasm,512,0.17470619999999998,success,4,1.0,0.7997808358005664,0.7997808358005664,0.22221108951259375,0.22230254549813064,0.2234278651649212,0.22727075687157464,0.22548167120541934,0.2244316317607161,0.22280559732065994,0.22326624983280982,0.3376174438162127,0.3352942389435215,0.36235379389119343,0.3450956481130598,0.3636858264088653,0.3480377694222703,0.3528408643779082,0.3503287753764608
445caba2.qasm,16,0.18654210000000002,success,4,1.0,0.7856964026072436,0.7856964026072436,0.1859035810214285,0.18645411674322007,0.18718246022149462,0.18576793423031882,0.1863662412536665,0.18577305465052504,0.18576787374341508,0.1869426292501811,0.375684493180459,0.3667098861031625,0.42540122718953305,0.4164560870529434,0.40196606954282804,0.4023495203897426,0.397714969431611,0.3920149348068727
445caba2.qasm,64,0.1677918,success,4,1.0,0.7856964026072436,0.7856964026072436,0.19549397251913692,0.19536942655814715,0.1954816482869461,0.1988432167256931,0.1938860293825251,0.1911451141687375,0.1968239384056947,0.19351210988558173,0.4724780792548581,0.3971793881878517,0.4550893871477613,0.46770505091980863,0.42111483497609614,0.42794375766688925,0.4184089023139983,0.40795537958562855
445caba2.qasm,512,0.1767249,success,4,1.0,0.7856964026072436,0.7856964026072436,0.18760146666917668,0.18979938622051154,0.18856657533217708,0.18793850642435722,0.1887821662748063,0.18621996113194544,0.1885969372740289,0.1862161003628892,0.4588801613981116,0.35776364830875834,0.45774789766535423,0.3767079330278046,0.39763559952132077,0.3575381005243458,0.3947768093811993,0.37194796996454466
448ebca1.qasm,16,0.1762951,success,4,1.0,0.7624086062154469,0.7624086062154469,0.22244414890608327,0.21078158840334535,0.21100886199151495,0.21032792578681375,0.20175616475736577,0.2097670504671188,0.2137219341736975,0.21097047719141676,0.3096721756694146,0.32507467721999717,0.3175922232211921,0.3204024087644828,0.3213312546719953,0.3072905387071959,0.29553205123696924,0.3327638090266619
448ebca1.qasm,64,0.2993708,success,4,1.0,0.7624086062154469,0.7624086062154469,0.2223395733763663,0.20137544884500858,0.210189177054339,0.21202531018763882,0.19576816820458645,0.2124023728024714,0.20352600423705616,0.20626843581183554,0.31454144230677494,0.3043004925808504,0.3088710980927942,0.32060467780609275,0.31234468819944233,0.3285502088006804,0.29045670614755487,0.32305845195295485
448ebca1.qasm,512,0.18492459999999997,success,4,1.0,0.7624086062154469,0.7624086062154469,0.24039243338847283,0.21122353501330687,0.2293441261286159,0.2043369673858246,0.20062886783942435,0.21681542640527696,0.20837311728843955,0.21663464452191775,0.30296165272273223,0.3369142500365354,0.31977318326354504,0.30743208360187985,0.3321485305436477,0.3489053474429047,0.3101416669226424,0.32037765279950026
46073cb3.qasm,16,81.2164082,success,64,1.0,0.5163021316245087,0.5163021316245087,190.1123939748941,132.78921940459398,130.88161646175064,126.22413597002277,216.16070005878854,171.88981310759095,129.1551228564714,144.84900647357742,28.866087122444497,31.39589985997141,17.613107136040014,27.75258605435985,19.323121296801986,21.235067733835173,22.236026025618195,18.185579082794355
46073cb3.qasm,64,28.287276099999993,success,64,1.0,0.5163021316245087,0.5163021316245087,61.973536350545345,38.18378423507412,48.90340055270224,49.49186015776953,69.10143803256614,52.61792762259932,49.48397619653298,48.07927611376976,29.357164623609865,27.23691342328308,27.12550475002074,33.333432692306694,30.893135008040197,31.628484290035033,33.38163719137401,29.650594844231364
46073cb3.qasm,512,82.40704189999998,success,64,1.0,0.5163021316245087,0.5163021316245087,320.3937896570434,169.0462759137658,169.12955543024296,154.70096545033314,230.1880153252905,170.10521985011204,198.5100508543714,261.5065994776418,87.33898160442787,163.9261276323809,70.82135778049947,49.79182679510851,58.405713995170835,68.34428381636785,54.66246136255968,53.91929999633158
46188cf9.qasm,16,2.0354675,success,25,1.0,0.8692615284542076,0.8692615284542076,2.0549650485472317,2.0577560857965103,2.0560180339130523,2.0668514076460656,2.057323087582654,2.0563712168858954,2.0448315175726917,2.059671122071814,11.353703433447384,10.603549393450105,7.339582390556006,10.045318156703903,13.858993129256122,8.923634743051299,7.678525628015192,10.35790247889575
46188cf9.qasm,64,12.1403033,success,25,1.0,0.8692615284542076,0.8692615284542076,12.142920985272161,12.141021468030477,12.128378805595137,12.142845995050457,12.142062265840599,12.166019411824411,12.139471961421087,12.150168552451499,9.612805564934524,8.883095526968223,9.293394853904926,9.590792577248813,12.412601912492958,8.535941449023165,6.962375218934459,12.199514152295091
46188cf9.qasm,512,496.7963674000002,success,25,1.0,0.8692615284542076,0.8692615284542076,482.9956687043496,479.32044733946907,483.6295063671042,482.05702542608304,480.5954855915645,485.242873113482,485.02676694840557,486.3724614797591,123.68858289046062,109.93820637140549,81.53904900055706,128.322237191695,122.2137852735271,133.9228421549878,89.8770889612106,255.37151622423204
46de7f9b.qasm,16,7.0660452,success,15,1.0,0.6899375280185113,0.6899375280185113,6.511803831577083,6.376471415750164,6.057144691543985,6.33233902691783,6.27322907726251,6.180772371485202,6.327237001128768,6.31895756753534,4.478224833568456,4.175475676361011,3.601812299384907,3.171296844006376,3.4301724848959267,2.366188998004933,2.58580906484721,3.2704393264374527
46de7f9b.qasm,64,0.17458329999999997,success,15,1.0,0.6899375280185113,0.6899375280185113,0.23397103143959258,0.2375845155745664,0.2443523643141274,0.24844535776130697,0.24088587193359084,0.24311812524801202,0.24735507831000206,0.23619005998362724,3.936790302743995,3.8025144067893244,3.293311340279749,2.7916272223819836,2.985910790175505,2.235283314637651,2.3870468167967624,3.1390909106296125
4737100f.qasm,16,118.890095,success,64,1.0,0.47232553152370244,0.47232553152370244,75.47207565712058,77.39904617662944,64.50867159413698,62.01703352539916,79.05655805796393,70.16918622517068,57.0396896191719,37.41581774807075,34.223040926394454,27.54825780938038,28.64448634307594,23.001080177284116,32.5521277775333,23.588900215866065,22.43099546860071,21.463111300749834
4737100f.qasm,64,214.64638220000006,success,64,1.0,0.47232553152370244,0.47232553152370244,93.36623216530177,97.3426497537475,82.637789611472,88.82863127800047,112.12727886253394,97.38154828153894,82.6418205361952,58.07374483770859,78.82726064736374,67.5907191700028,66.83619776193605,55.22688099144811,75.51177149854826,60.457794615757564,50.57975215772525,67.26016889984177
4737100f.qasm,512,14399.999999999989,timeout,64,1.0,0.47232553152370244,0.47232553152370244,2735.7375079783665,2346.3330919525856,1955.401937115035,2749.8408774737427,2004.5514102673276,2368.015376199251,2348.8819508151882,2519.1714493418585,1871.0834450994157,1864.9176217142926,2572.6512480275214,1758.3273368653872,2018.5438681221722,1786.3387700640749,1784.6417686813325,2145.535385671824
474aa01a.qasm,16,1.7337241,success,26,1.0,0.8692047344426418,0.8692047344426418,1.7456655131414465,1.7553094062382917,1.75400780236629,1.7415131192048066,1.754197509807679,1.7268365621833248,1.7358249018455414,1.7635776496678552,11.192847985685498,12.467208338510021,8.459936888747372,10.534478858671195,13.971265981132076,8.761058307275624,8.852076271693955,10.49163224558355
474aa01a.qasm,64,13.154595900000004,success,26,1.0,0.8692047344426418,0.8692047344426418,11.134162477590024,11.211725911152962,11.51425703783434,11.333378504156288,11.66442545204794,11.429152334082854,11.397441516319821,11.34762062168942,10.968145975423557,11.682862622266352,11.489554725811423,10.335845242406362,15.144772485248478,9.94729500745396,8.946368190689109,14.02304260694034
474aa01a.qasm,512,584.1059148999998,success,26,1.0,0.8692047344426418,0.8692047344426418,579.3628263083428,576.4585222989398,588.8888736625084,580.9984726257951,582.0835289585989,585.883609279423,584.5560299117078,593.2139875935055,163.30928334554739,156.92321824183128,128.98672974903116,184.67892341973,157.46985780729418,169.92349297833704,147.01921706004345,372.52984717700883
4846208f.qasm,16,4.935263999999999,success,7,0.9857142857142858,0.6885960828518942,0.67875899595401,0.3089733113441949,0.29797795910347796,0.3259948942876269,0.3101717509021739,0.32434596107827846,0.32089995734913845,0.2833848816373365,0.2897421487672625,0.5678883395419353,0.5923600192306844,0.6901061086795779,0.6477906646987275,0.550453328113127,0.541992345540082,0.6157173228419359,0.5311820684825521
4846208f.qasm,64,0.23925899999999997,success,7,0.9857142857142858,0.6885960828518942,0.67875899595401,0.2835671896261837,0.2995826770208927,0.31527613265410853,0.3022136405446637,0.3032201494126812,0.3174176477543998,0.28460903089520095,0.2929973434531914,0.537987850247141,0.5532769369087822,0.583351858304992,0.59866302823371,0.47433396361156266,0.5356881521174918,0.5305033550819142,0.5024564324911394
4a262567.qasm,16,1.8019782,success,22,1.0,0.8693571661067401,0.8693571661067401,1.7862941871639342,1.7855756066646657,1.789731840032303,1.7897091264479117,1.7880949387336553,1.786930643641657,1.7907066243618786,1.7831385682511725,9.318857249944527,10.120423970176873,6.089781229957095,6.933777876346951,10.45194274314658,5.997262780564224,6.986450770380705,7.874941701538816
4a262567.qasm,64,9.9888149,success,22,1.0,0.8693571661067401,0.8693571661067401,10.003354016288613,9.927330300103336,9.96176523830698,9.96494690896586,9.995003235662564,10.00377973665434,9.989776473554295,9.950944008289568,8.225657694651062,8.156241705497447,7.640298799775562,7.670801115935307,8.313147015402425,6.2412264368516315,6.056846483518344,9.454438491100941
4a262567.qasm,512,371.86355819999983,success,22,1.0,0.8693571661067401,0.8693571661067401,380.4595222986076,378.9841656747334,383.19652459591765,380.33441534772055,379.64160031465855,379.25044440976654,379.05737559983754,380.8754539257581,108.27487158882252,88.39876761130877,65.45831245192043,91.09173906496164,66.81679867642004,69.67191196258541,71.64222062786484,163.94128724811063
4a5eba47.qasm,16,0.1833999,success,2,0.1334197922427014,0.7395530671962451,0.0986710165777756,0.20692542458273397,0.1940533903965574,0.18726302285257768,0.18793707932227244,0.18174849894635453,0.18027065524586303,0.18067935366243834,0.1861272057577118,3.0809331336565005,2.9129281820678408,3.0435332778295594,2.93119356242866,2.988582290460358,2.842396632343352,1.9218877100864058,2.31772578734484
4a5eba47.qasm,64,5.2547247,success,2,0.1334197922427014,0.7395530671962451,0.0986710165777756,4.494729295965876,4.40645354297929,4.339577492211089,4.329112180248082,4.319084135271583,4.406381751131609,4.300532937972241,4.236406952050495,4.446666630449901,5.509876308349334,3.8450501283005267,4.528244021729874,4.494104477256125,4.394503988457616,3.8568666439689117,4.106400581293298
4a5eba47.qasm,512,0.1847617,success,2,0.1334197922427014,0.7395530671962451,0.0986710165777756,0.2312362561236729,0.19212240375257558,0.18039345820611274,0.18441636290961969,0.1828116689515225,0.1832382431703276,0.18824892656945766,0.1861657055368105,8.91125631132168,7.521565054217824,11.630592073034741,8.347523357183007,6.259987067917801,5.354345872030035,4.3339178515454515,4.5434157898467085
4ae57e38.qasm,16,16.3446989,success,16,1.0,0.7293313841612921,0.7293313841612921,1.1960344777154928,0.9340780449353498,1.2517777878162308,1.1167424627090592,1.1634260211668834,0.9353671780520634,1.11523243814862,0.9059028046589831,0.6641840725299049,0.7302621360796715,0.8048612573427368,0.7109364988272506,0.6415069932672884,0.6246998996616141,0.6081656509361543,0.6026159370992946
4ae57e38.qasm,64,2.3998315,success,16,1.0,0.7293313841612921,0.7293313841612921,1.2253593583027897,1.0931564446447266,1.3309871756597522,1.1633149800478995,1.3217320929204899,0.9895494578957238,1.0703123141984534,1.0352090102259486,0.6929691471710316,0.7318522897526105,0.8211655303074319,0.6792533264247557,0.5855167027059898,0.5760887732729997,0.5908547318524763,0.5135025286486506
4ae57e38.qasm,512,37.56116829999999,success,16,1.0,0.7293313841612921,0.7293313841612921,3.9002794760376536,4.348858783419092,3.732258211840849,4.284055144832122,4.3947451194645115,2.9262617817080816,5.280475544475669,3.688789915306519,3.3154135485427023,2.3378495640224966,2.4356858089712836,3.802866654141782,2.458126745649497,2.850456788467909,2.9644936315622705,2.9410841663019798
4cbdcf4f.qasm,16,1.1965732,success,12,1.0,0.8684723712923816,0.8684723712923816,1.2019165927448552,1.2199422012342178,1.2094658089823047,1.2151312342320415,1.2224483851198376,1.2183288759928377,1.2164441270221915,1.2224545560763322,3.3374057669502584,3.7473943439887725,2.3177126341551046,2.5906447284498975,4.012800966470214,2.511903666389861,2.228539735130273,2.689606118339928
4cbdcf4f.qasm,64,4.1559375,success,12,1.0,0.8684723712923816,0.8684723712923816,4.176393954239153,4.182042560159035,4.20740565270399,4.222368931296376,4.234128475775081,4.180568556303284,4.232080576411175,4.1958165246445445,3.995361922048649,4.229498837517764,3.4604728915555,3.598363900084626,4.134674722349914,2.9260925437682492,2.7818320384527966,3.493939441640948
4cbdcf4f.qasm,512,94.93661020000002,success,12,1.0,0.8684723712923816,0.8684723712923816,93.46707921795462,91.08735098075634,91.57643249905986,91.1225611276532,92.12088440137859,90.93692173598217,91.59204179132239,92.90512987831559,29.77918934574325,28.06628757910081,25.832542341650736,36.50102394202994,21.209536540992733,22.744642613140492,17.46074046393077,27.74227721298351
4d59437e.qasm,16,14399.999999999989,timeout,28,1.0,0.7304643419524482,0.7304643419524482,5529.498189725202,4809.725067005207,5877.35201221769,5937.68635008588,4491.04093640142,5358.203639273991,5190.158437380275,4948.675652065207,12555.872111380795,11795.938771383026,11054.934867327327,10958.601681959219,9150.28411227816,11209.958501653517,10108.038109021738,9997.830269249433
4d59437e.qasm,64,14399.999999999989,timeout,28,1.0,0.7304643419524482,0.7304643419524482,4268.326072182897,3536.508204018666,4679.526941352269,4760.883921081897,3268.7520871014494,4099.446856691865,4287.606577492374,3503.2812519883123,11571.031958256212,10544.949911034897,10356.49841425875,10541.858634005077,8098.655465790169,10590.623721195907,8924.12511971297,8078.965687633718
4d78cdd5.qasm,16,0.1960339,success,1,1.0,0.7751203642071546,0.7751203642071546,0.1828682674431433,0.18168086695344973,0.18247533456956447,0.18100977805413246,0.1815790985557848,0.1813292631825908,0.18136846441737903,0.182291958849533,0.19113595916912557,0.18680035726547722,0.1891014561910937,0.18865537837966062,0.18711068356681138,0.18803182433765342,0.1890767496701135,0.19048671332625047
4d78cdd5.qasm,64,0.17771010000000004,success,1,1.0,0.7751203642071546,0.7751203642071546,0.17878461827840092,0.17666087760183968,0.17760432566535092,0.1780413668961311,0.1762098970372517,0.17609799059098472,0.17652339062974634,0.17604178011458585,0.2029758019111376,0.1907461178792542,0.1956067922197124,0.19555950653887735,0.19400452439349336,0.195248237000324,0.1921468858552481,0.19466370546069495
4dc2ff13.qasm,16,0.179415,success,1,0.35404761904761906,0.7662143929677673,0.27127638151025474,0.1916614779264944,0.19183431438778498,0.1870383031550987,0.19018250336124604,0.19595444148063965,0.185819936947943,0.18707037053035147,0.18388737585207204,0.2291106290445768,0.2224622992060446,0.22317540028869481,0.2287535538626944,0.2279255390131248,0.22945592009855809,0.2372687316916455,0.22977297626448084
4dc2ff13.qasm,64,0.6179387,success,1,0.35404761904761906,0.7662143929677673,0.27127638151025474,0.460081213357294,0.5148403977385195,0.4782649963217654,0.5508432896632863,0.4756628868165052,0.5448206953092313,0.5439888509057926,0.5501018508906516,0.3365613455801804,0.3308198127149127,0.32053619987321824,0.3617062121729627,0.3558069802521945,0.36466250389433585,0.3814357231937069,0.3929364532128999
4dc2ff13.qasm,512,0.18002370000000004,success,1,0.35404761904761906,0.7662143929677673,0.27127638151025474,0.20370435176406038,0.21570808153841392,0.19426246696422103,0.20904197826956555,0.21595154825673787,0.20172293757160362,0.20993198849304257,0.20206411831178045,0.26571620037026,0.25452002098017207,0.25253835825993354,0.2573036655680636,0.23627159166967834,0.24160577514739473,0.2406149604293649,0.2691943347720766
4e8df7a8.qasm,16,14399.999999999989,timeout,88,1.0,0.7262095065963486,0.7262095065963486,11073.01776565189,9721.691126544298,10731.119987988883,9790.222764908756,9976.674653142858,8257.79509599825,8131.060063864103,6127.781074391262,11846.351037513043,10452.950430650762,10250.278591884782,9790.862457581381,7971.206242273061,10650.803844200987,9607.674850371011,8987.28939592597
4e8df7a8.qasm,64,14399.999999999989,timeout,88,1.0,0.7262095065963486,0.7262095065963486,10042.838135879392,9284.665718503722,9929.14643155995,8978.534543370075,9097.637782445338,7221.802213757749,6958.08981977369,5290.699831724089,10556.694608563073,9072.694133201621,9091.830455671085,9445.27390672579,7504.526443526407,9743.10085934968,8180.2006351113105,7382.335144528726
4f476879.qasm,16,1.1168596,success,14,1.0,0.8686618176302852,0.8686618176302852,1.1342224974921538,1.1315482393183287,1.1390360509717807,1.1410412010113908,1.1397574810044724,1.132084580939551,1.1348145415268647,1.139125562247297,4.4144267571711735,5.168008272260248,3.0016971380175415,3.3591206129587743,5.7825528111414135,3.2980989433558396,3.1727136905711437,3.6142855721713834
4f476879.qasm,64,5.087435700000001,success,14,1.0,0.8686618176302852,0.8686618176302852,5.109928760849242,5.106880272468855,5.197079199018909,5.048882826753131,5.111705376931655,5.053958392010239,5.063159534374628,5.13154781459278,5.3900509641750585,6.125559325059505,4.362488069762113,4.7872088874866465,5.675204381204665,4.052781998867032,3.8689461237626595,4.929576795361536
4f476879.qasm,512,148.26441930000004,success,14,1.0,0.8686618176302852,0.8686618176302852,146.55381577413726,143.57955894817562,146.9206952617518,143.40592766295492,142.82058129102992,142.20204683845824,142.66707091971296,140.43600250083333,44.37906459346655,44.08321300396281,37.04483364450625,57.73218533563519,30.3764537371252,35.86551878184422,27.631511325821958,48.675810548431755
4f48ab57.qasm,16,0.5463127,success,8,1.0,0.3551398016865917,0.3551398016865917,0.38243361882432925,0.3310729845509903,0.4091458275583462,0.34866962977831706,0.4031479286136108,0.3281556402682577,0.32318088450195864,0.330100646218611,0.5944371878586002,0.48870768152881017,0.6039299832056806,0.541346417033976,0.4568390622394693,0.5549314392905411,0.4885476458076887,0.6413587605458971
4f48ab57.qasm,64,0.4028144,success,8,1.0,0.3551398016865917,0.3551398016865917,0.5189298814248355,0.4660134756768148,0.600780531131928,0.45717304316114676,0.5947311073840973,0.4506385693367025,0.43417504936432266,0.48282262669564696,1.1973864720721692,0.8737879602845628,1.1084285117862112,0.9900289583376035,1.004714904147002,0.8565801405129337,0.9773559304216348,0.9879571055328067
4f48ab57.qasm,512,0.9204006,success,8,1.0,0.3551398016865917,0.3551398016865917,0.7782761422758503,0.5577210542359484,0.836373290779114,0.6971182103687427,0.7089522735137712,0.6693946501672614,0.6454712685188873,0.6623205880205043,2.943292879156616,1.7401700495832446,2.29617368901261,1.3151641285201359,1.4025939086726091,1.4955006991490258,1.3497147054584564,1.6923398284604052
4f9a3ab1.qasm,16,0.1827227,success,16,1.0,0.6871790799264131,0.6871790799264131,0.1816235264780375,0.17997196395245807,0.18150867510573254,0.18130508991021016,0.18113139162490077,0.1803457580011557,0.18003296504058255,0.1806307318389251,0.2107423948094089,0.23494232797895545,0.2106691465983868,0.224330486515191,0.20619229232190295,0.21881235789566603,0.23041750794110438,0.22616626703989784
4f9a3ab1.qasm,64,0.2759283,success,16,1.0,0.6871790799264131,0.6871790799264131,0.27264709688189265,0.27423508854839035,0.27153597988133477,0.27481801552149965,0.27326072864510975,0.2738271846302704,0.2759759231814204,0.27413503217377155,0.5468120427736122,0.5208375135986416,0.4943565511705707,0.47868447488693444,0.46769194935339153,0.42701351481317773,0.4553342082609841,0.4091747984459881
4f9a3ab1.qasm,512,0.17816029999999997,success,16,1.0,0.6871790799264131,0.6871790799264131,0.18120826119103417,0.1836370528503864,0.1816457836507916,0.18298880840443846,0.18289422617012882,0.1806937037773978,0.18476299735233281,0.18235717570904747,0.2281075189222107,0.2924586468491475,0.23127514493304477,0.2776559482497279,0.24416690038552386,0.2458018922509083,0.3045128625532066,0.252309553659533
4fd60583.qasm,16,69.0350985,success,49,1.0,0.7320500160041846,0.7320500160041846,73.9415022689969,76.10460522922304,78.60792889342889,77.25249624249474,73.88073898088878,78.5070701895287,74.83411202862422,77.9364363580348,47.77452084129408,46.76080991310148,27.468094661361,57.957737584034355,35.2900879107911,47.887326461373036,63.10331277255968,38.807169523474556
4fd60583.qasm,64,3.5823552,success,49,1.0,0.7320500160041846,0.7320500160041846,4.2578478723681785,4.323258727011567,4.654124290347902,4.37871366276455,4.227117992140664,4.449793641615832,4.407227119140991,4.791402616882279,4.141325246333898,4.581199975307259,2.584318168802783,4.1577741181644665,3.091838424424232,5.223264126489469,5.031133658569395,3.712993792793448
4ffb1090.qasm,16,1.9565706999999999,success,64,1.0,0.6821377070921313,0.6821377070921313,27.04354224811053,38.36778605057637,28.065133242137115,45.14343406102353,31.48882038137595,41.715198681960615,37.46947427545958,34.145514245757425,9.759643542599926,11.321851881770476,8.056005350714633,13.057739334216732,9.121768034098134,12.004277810601078,13.034944290857107,10.288033010842728
4ffb1090.qasm,64,2.7308021,success,64,1.0,0.6821377070921313,0.6821377070921313,45.21338321189809,51.920303322509106,49.43385655292111,59.80608175997139,37.49392974135275,52.83912245160773,54.753674262989726,53.00964336578473,34.22766335344882,28.39727529195845,30.66749734704252,33.923302718835394,27.619080106754694,30.30313150991632,32.24706408653933,32.71733745438267
4ffb1090.qasm,512,1.9538451,success,64,1.0,0.6821377070921313,0.6821377070921313,211.56527164025312,157.05104923499377,138.24140261421167,172.458416239005,158.27751479797217,226.53388477335122,163.97246103707897,271.91952602744715,184.11317655281042,294.1433576684893,278.8777631675056,214.66251365947085,253.37413366581657,188.6194804435625,162.7703720776898,330.9207979718656
5050d142.qasm,16,0.21214299999999997,success,20,1.0,0.5364475355339345,0.5364475355339345,0.3301076288459237,0.3433779202918201,0.35821482068750987,0.376879756243311,0.32556238233545387,0.3435483423785549,0.31966745976104644,0.36862537107207766,0.29549877275388414,0.37788624372434265,0.32917541097664105,0.41498756882270954,0.3367552376083058,0.4010249722506456,0.3839336021272334,0.3601410568558704
5050d142.qasm,64,1.9698752999999998,success,20,1.0,0.5364475355339345,0.5364475355339345,1.4698631065672627,1.3549817558287482,1.3218250038436568,1.4954269949484393,1.2837168422579965,1.3715904050874832,1.2488797252841781,1.4259877770017122,0.3412280720200693,0.45699712217670313,0.37997464838081363,0.4846623548583459,0.39094540765739955,0.486547544534972,0.4446377423843259,0.4435967565737666
51b16166.qasm,16,1.2138746,success,12,1.0,0.8681361738072263,0.8681361738072263,1.1992314618153987,1.2014400064489443,1.180317579373431,1.1872025245158944,1.200987210311259,1.1951901159937772,1.2022473631299606,1.2007196261854858,3.326540232820464,3.7480965878633405,2.301667555048671,2.576632007004965,4.048794278179621,2.5005446561063285,2.2338638699288524,2.6683164834907664
51b16166.qasm,64,4.156859,success,12,1.0,0.8681361738072263,0.8681361738072263,4.152777170545235,4.187260478257916,4.121098599606187,4.0955766220234056,4.179435837855268,4.121993887193588,4.160411300774033,4.232275243074772,3.9524723771253725,4.1819486626901,3.3959778559610156,3.4938165249616557,4.193608161222735,2.9127063077158164,2.7546714079587598,3.5160485715394674
51b16166.qasm,512,91.95425450000003,success,12,1.0,0.8681361738072263,0.8681361738072263,92.95691846909321,90.65589257005423,92.63458262989062,92.9856339254507,91.14923079809051,91.40196416018662,92.14203201786849,93.35652435886449,29.301859847468187,26.023614825871757,24.94759043180925,36.07882764166118,20.73983691314345,22.526666387530014,17.412405913516185,27.357543262088384
51b543de.qasm,16,2.9811427,success,26,1.0,0.8697874557002445,0.8697874557002445,3.0932579384220222,3.07731283839279,3.0970448711725456,3.086151213406103,3.078672884406738,3.0814966251636227,3.11820887945834,3.0658919981897332,26.443156138531137,27.52290579422221,17.286164422684696,19.622191472082775,24.71891003541043,19.989457973844246,20.384888262097995,20.833460898026175
51b543de.qasm,64,23.505974599999995,success,26,1.0,0.8697874557002445,0.8697874557002445,24.520085447969404,24.57665700189179,24.461938869677773,24.39170151023272,24.35169890179822,24.451977047481158,24.18389851444511,24.41703370752274,22.167684864901293,25.17542337887349,20.792281047901703,18.623751843310327,22.923080523558966,20.41517730487854,19.4260784726277,24.100695875927045
51b543de.qasm,512,1080.9138732999998,success,26,1.0,0.8697874557002445,0.8697874557002445,942.5129011263077,953.45714318979,878.9636450804179,872.8556769539051,877.212488401592,875.8525279095536,862.9092311171969,860.9766351776282,299.6697268810958,414.67726454029906,261.85733908507126,262.2084686076803,273.6947096424631,389.6860348309296,355.21428040542503,750.0171753581302
52b00428.qasm,16,2.009074,success,26,1.0,0.8690955968824816,0.8690955968824816,1.9965558141809796,1.9940108115354438,1.9848253999854735,1.990730871215623,1.998473850341066,1.9959440665217918,2.0008985659741247,1.9931894138251565,14.70775383102797,15.685457560919339,10.187429018210548,13.12356966830683,16.47990949015311,14.724790725092124,11.887624219383628,13.285582986785903
52b00428.qasm,64,7.728845400000001,success,26,1.0,0.8690955968824816,0.8690955968824816,15.5339926831038,15.532552913134815,15.527785624540615,15.594620136547272,15.496365950154328,15.637475302841802,15.48754655256374,15.515427136837431,13.421722711145156,13.66266875371255,12.519142897094587,13.09895646842473,17.072430237180505,16.201557951546327,10.967809196108547,15.861433623083787
52b00428.qasm,512,691.5553226999999,success,26,1.0,0.8690955968824816,0.8690955968824816,696.8711453721394,696.7538353684321,694.3818643672415,695.7774072189754,703.2984871213414,694.0489110642002,697.7644176648982,696.6520383602125,193.63393402973338,220.04846304008655,152.2280047221891,217.0954593085148,196.44225190807072,279.713127606325,186.38784608717862,435.43441331085825
53442dc5.qasm,16,0.1755131,success,4,1.0,0.8076715374861551,0.8076715374861551,0.1986459904392936,0.194608402564742,0.1956099653699231,0.19582318200993518,0.1968342168197103,0.1944220952961552,0.1933243476936914,0.19559646629337304,0.36033794063190716,0.3446898387590319,0.41861075891623767,0.43102144776211326,0.4177631282458483,0.4084289037186741,0.40741829056962653,0.39679836325670964
53442dc5.qasm,64,0.2352298,success,4,1.0,0.8076715374861551,0.8076715374861551,0.20702411017870304,0.20419137392226777,0.1996702657214454,0.20343237338449055,0.20423779879616327,0.19836933194656406,0.1946384395259587,0.2003355873680414,0.46218276088790916,0.4006644496804389,0.4466928432404065,0.47628537673725446,0.46489132453821036,0.42266021343869303,0.42095815484908716,0.4126866734809796
53442dc5.qasm,512,0.18592699999999998,success,4,1.0,0.8076715374861551,0.8076715374861551,0.19026916136398056,0.1877781547983994,0.18763134029781486,0.19012996629179807,0.18856761950992446,0.1866587334502226,0.18726238564843992,0.1867220937323867,0.39917370371446703,0.3672897739122865,0.38382745370297994,0.3824652215365181,0.41814553633597445,0.3607475385340751,0.3949423120505069,0.39285319901002563
5357322a.qasm,16,1.9833841000000003,success,14,1.0,0.743705213093197,0.743705213093197,2.004788103525338,1.9507736600471894,2.02279169459371,2.035624568612503,2.041783669080951,2.0068594851766597,1.989261858170419,2.020135476433575,2.733364695321627,2.507549091174618,1.868298408206541,1.7863035941921241,2.1147607855479635,1.3866784467775999,1.5593598635874355,1.8202997404711667
5357322a.qasm,64,0.1795194,success,14,1.0,0.743705213093197,0.743705213093197,0.17916072221894314,0.18173074888095048,0.17754571319500556,0.17763469622029107,0.1780577818339971,0.17752382889989013,0.17814254276950237,0.17692381249694653,3.2681399969793934,3.0237236008823802,1.9860243158434634,2.103082528887489,2.2112548548501123,1.6570239477388533,1.8137361781658565,2.337873339482797
5385a9e9.qasm,16,1.7063132,success,23,1.0,0.8691995365506862,0.8691995365506862,1.6949508611006114,1.694800913821463,1.6897204604709006,1.6910133806773828,1.6926388039664118,1.6914169897412927,1.6910605230998585,1.691049469357161,9.72793320858165,10.169102329989578,6.141393087921928,7.535099339334404,10.784227143828053,6.885041414902507,7.240973349022342,8.619150892432453
5385a9e9.qasm,64,10.5206042,success,23,1.0,0.8691995365506862,0.8691995365506862,10.482864157996541,10.486584482132125,10.518170244511591,10.51284561888741,10.474029856550327,10.512065838306475,10.50914161665011,10.516074143378928,8.690105040794096,8.55095462200207,7.9514889878613015,8.198510722996392,8.525494853717843,6.749777566065188,6.408376213855921,9.58626961492775
5385a9e9.qasm,512,406.11038670000005,success,23,1.0,0.8691995365506862,0.8691995365506862,406.5090163747764,405.9258411680237,405.9221684762692,406.10660003789366,405.5363761494367,406.0925392243889,406.0792132377239,406.00534296669343,108.72070265200442,95.42919021036943,66.25202090710677,99.90253489973969,75.74233111245607,91.67930551342315,78.72295824857895,192.09807960478906
53e971c2.qasm,16,0.1748129,success,8,1.0,0.7088986806902052,0.7088986806902052,0.19503810138903277,0.1929417620882963,0.20413980007986568,0.19888476702650623,0.19107583300238323,0.19561477723142062,0.19634078173616895,0.19003983243883596,0.27284571292533877,0.31332864679962114,0.28197068781995654,0.304037341534483,0.27934927464195597,0.3110189140723174,0.33971527258156126,0.33497751627507316
53e971c2.qasm,64,0.1728286,success,8,1.0,0.7088986806902052,0.7088986806902052,0.20778262204889017,0.1945047859452654,0.21395700188439465,0.2058587134234819,0.20090958198801237,0.20320699139230247,0.1898132867879701,0.19887741130730055,0.42578723434506005,0.4215902993635262,0.41959730603031564,0.40015366169268557,0.3861782786096534,0.4622083892993595,0.4105501422034193,0.41304642063215813
53e971c2.qasm,512,0.1791764,success,8,1.0,0.7088986806902052,0.7088986806902052,0.19277655263025228,0.20007850021515042,0.21713932063608785,0.20111015104623833,0.1950850465024203,0.20154254273182687,0.20238712356846134,0.19415365260182788,0.3014630350798152,0.33581784036984985,0.2825336214119026,0.312618217978596,0.2935867893038299,0.34635661184073885,0.35283725925972176,0.3459040058928624
54c8f710.qasm,16,0.5430322,success,2,0.6547619047619048,0.77245249285149,0.5057724655575232,0.6421794804703841,0.5806476864474169,0.8355641815159042,0.855938848233714,0.7367299783682734,0.767664425033211,0.7694207531261238,0.8359146950593842,0.9855793687244562,0.8758883345975823,1.0160618864012896,1.0196533281347782,1.064114443771517,1.0759298667318038,1.0004415476260937,1.1473192768772482
54c8f710.qasm,64,0.5765128,success,2,0.6547619047619048,0.77245249285149,0.5057724655575232,0.6740155499947014,0.6045044425232347,0.8318512207894294,0.8962738810022541,0.7718872862509386,0.8280175143238379,0.784928606399967,0.8776703696645477,1.0160379574735048,1.007367626474631,1.0408631315162407,1.0921414926561799,1.062950675398201,1.1525570969156467,1.1326675635751273,1.1815742823353454
54c8f710.qasm,512,0.5371048,success,2,0.6547619047619048,0.77245249285149,0.5057724655575232,0.7053603410051674,0.5954692986105057,0.8715195410238478,0.9285455202220486,0.8218285131712953,0.8359248406321791,0.8047683462445805,0.9065826416928326,1.1612717817071108,1.0375525103108352,1.587713142693428,1.6748534018456818,1.2549936104420516,1.6198562298363646,1.418077849996254,1.5638765297083932
54f0b8c5.qasm,16,0.18011680000000002,success,15,1.0,0.7643709569009691,0.7643709569009691,0.47300520794925377,0.45744798088037525,0.4730703400388156,0.4322780038859587,0.5671419977958115,0.5398950067381632,0.46040731431857707,0.5223062579288017,0.36160843691858974,0.3475016790735937,0.32192146340797445,0.3302304898165015,0.3608048523331484,0.34003807225362237,0.31801692999438047,0.33215948873148277
54f0b8c5.qasm,64,0.2660724,success,15,1.0,0.7643709569009691,0.7643709569009691,0.6745579245583792,0.694811016130713,0.6931974301508078,0.643368808778401,0.7632164651107846,0.7768981477958121,0.6965307335308742,0.7400236886011945,0.5746007661237196,0.5447664100782079,0.5097714347950931,0.49118176853018003,0.5280109816062175,0.549203271209472,0.5231853776611433,0.539346759192216
54f0b8c5.qasm,512,0.1865154,success,15,1.0,0.7643709569009691,0.7643709569009691,0.5809357822692253,0.8174576775225858,0.5706302674347403,0.5990217223493383,0.9736166371697357,0.7203243914954764,0.7675828478771077,0.770220765664029,0.40826745849862045,0.4172228010346221,0.3480022912441294,0.40263132026750453,0.6409315447854416,0.4620744655742598,0.547060721470019,0.48510170158028376
551cc6ea.qasm,16,4.0511647,success,28,1.0,0.8191222389551727,0.8191222389551727,2.522338210113535,2.4101830262806523,2.5130328011651386,2.5445854674808883,2.8168136943558566,2.4731081178892884,2.6896186232565755,2.462301139539991,0.6080297598399274,0.5405589433203611,0.4658190755290129,0.6069553477357519,0.6303218985939372,0.5331671899739746,0.549191306177976,0.5324652970454866
551cc6ea.qasm,64,0.6177918,success,28,1.0,0.8191222389551727,0.8191222389551727,0.5166649949658294,0.5266681592275987,0.6637495132928029,0.7218887647073697,0.7178490296839848,0.8764648745749034,1.0522612452749978,0.8266410619645703,0.9822636808843338,0.9379354652753241,0.9023667619649097,1.0259567395416698,1.0378292592560971,0.8939297133600231,1.0616147200899293,0.9879732790400457
551cc6ea.qasm,512,903.4430423000003,success,28,1.0,0.8191222389551727,0.8191222389551727,398.3586716689646,410.4174162672467,412.8735856391979,472.4165738727048,434.4612586110416,451.4268363377219,465.7869320872832,542.0863353270099,1.328227858722276,1.687448130733637,1.2834509146572444,1.7732033745156122,2.0304109494461535,1.5926648408383866,2.0187427711343267,1.9746324159969757
568c1ef9.qasm,16,0.1891656,success,15,1.0,0.6696205289412874,0.6696205289412874,0.18716831802771652,0.18856370573074127,0.19067385059792877,0.18817666529992108,0.18732417137940763,0.18889196735309954,0.1906036949810595,0.18743705638431796,0.21171140459035956,0.23695280518730602,0.21891101155968137,0.22505503435527038,0.20441738613788846,0.229894729889541,0.23001158124574045,0.22923075074764923
568c1ef9.qasm,64,0.24343100000000004,success,15,1.0,0.6696205289412874,0.6696205289412874,0.29066629715740633,0.27751684121372827,0.29002167953223496,0.28416867080153035,0.2744713255397506,0.2807955661372355,0.28073182447326217,0.28822515840148905,0.5714805102539908,0.49845757991936424,0.5303541316952073,0.5150030352031184,0.4621220599164608,0.44963004021416725,0.4779922500359701,0.4459150345175886
568c1ef9.qasm,512,0.1862508,success,15,1.0,0.6696205289412874,0.6696205289412874,0.185963258446255,0.1868834196157398,0.18523433239833886,0.18471791026914786,0.18971585206178876,0.18898003215680434,0.18472673280638485,0.18409228118700877,0.23005071422806628,0.280017283140201,0.23342584015623943,0.270236434776385,0.22877310701791648,0.264164510467449,0.2952594733326243,0.27010450880798814
574915eb.qasm,16,1.6900419,success,33,0.9069926125856976,0.6488223422371935,0.5884770712896837,1.9135771702080513,1.568856921172183,1.7127547265837533,1.7226176174578858,1.754434254322442,1.911975753294325,1.5828376091989584,1.7613955570893955,2.1890691146285786,1.899279404942098,1.8536342414716127,2.4809960288837236,2.2736939287066376,2.2915226574410106,2.4953026738468633,2.144831563813536
574915eb.qasm,64,6.495244199999999,success,33,0.9069926125856976,0.6488223422371935,0.5884770712896837,5.176552065392963,4.9448363965455195,5.334768462666007,5.126123053184086,4.582300948737514,4.499784156640714,4.487538463088796,4.874318462430256,2.7329842192309113,3.7592416943925757,2.2138114662034205,3.480893632167851,3.215057926852536,2.987725085984593,3.7168277944870813,3.077893415706958
574915eb.qasm,512,257.82087350000006,success,33,0.9069926125856976,0.6488223422371935,0.5884770712896837,92.16030558187238,85.62008658988213,99.70687478673169,87.5981068981866,83.61678293099644,86.30499227294496,81.82288085467697,96.70418364610212,10.25026728487713,14.841202782949045,12.208975228162508,13.56653275857214,21.611516573597417,16.47454692467795,18.58412141672927,15.521094150542371
577f5adb.qasm,16,1.1850882,success,57,1.0,0.5621739639717431,0.5621739639717431,0.7019394944335888,0.6832410530500116,0.6715302137731963,0.7005540870576127,0.7630973456047745,0.7012597932020755,0.7445770704904011,0.7317771161494163,0.39761173206333605,0.6563262209811966,0.48726166227455053,0.6932433180976187,0.569600664516075,0.8070641172766093,0.7188936654914928,0.7160297915273428
577f5adb.qasm,64,5.6904274,success,57,1.0,0.5621739639717431,0.5621739639717431,2.939037070694908,3.1417559864161495,2.975323321775008,3.1528302596272515,3.069725066662599,3.138781921581975,3.168403304487273,3.194684806056126,0.6744255374327688,1.0434722757337713,0.706913589780524,1.0873368638084004,1.047833183392638,1.1205607402539703,1.1776426913260758,1.098062355188018
587be285.qasm,16,1.3891152,success,18,1.0,0.8682194220887113,0.8682194220887113,1.3869117840946246,1.3925934488689231,1.3974328198869488,1.3997281342314374,1.3868130518552595,1.395534934184565,1.4006013216996684,1.3992388801802838,6.915220629208638,8.392886300780063,4.456672038798491,5.171273895499864,9.520033389330944,5.371029944935761,4.891904045873322,6.075701543131283
587be285.qasm,64,7.918703600000001,success,18,1.0,0.8682194220887113,0.8682194220887113,7.965542434398796,7.992543760050068,7.96133865460455,7.964267330184505,7.98809259772973,8.009731347543074,7.9731433747894265,8.002876272661037,7.562071953202246,8.997636939972573,6.478742417379153,6.717232617503154,9.179133692775316,6.405717820577258,5.6158251509938335,8.308807299843355
587be285.qasm,512,284.79549880000013,success,18,1.0,0.8682194220887113,0.8682194220887113,284.49483446094825,278.96898218974445,280.6815797163883,281.82967403483747,280.17356350943993,281.82718852768573,283.02070905259,283.3406532426569,90.59160285336277,83.95393632935657,55.55725939893423,89.29316701185817,67.32434466121487,70.99726213303312,55.850581058947164,124.04399182025743
588e0101.qasm,16,0.22066920000000004,success,14,1.0,0.704578292459252,0.704578292459252,0.5856439474708084,0.5435677103185299,0.6179370211182895,0.5396947330181278,0.583746349281587,0.5753198675971587,0.5188726058464345,0.5439993613670558,0.36799135078346756,0.37200148436401476,0.3509997108961184,0.34361915083508837,0.3969686656315069,0.32689738439458493,0.371365959850712,0.30581066648691235
588e0101.qasm,64,0.48802539999999994,success,14,1.0,0.704578292459252,0.704578292459252,0.9515197191514424,1.0036841860541987,0.9063292673038975,0.7726823513041596,0.9087565112933149,0.8371978810898666,0.7488203563564725,0.7824459801257729,0.3743732356973755,0.3691367306538445,0.3801353312390645,0.36078437011061243,0.4086345213153214,0.3241928218178914,0.3605270174232281,0.3365898494199224
588e0101.qasm,512,9.7979156,success,14,1.0,0.704578292459252,0.704578292459252,4.696380651430743,6.785230665954306,4.897444285012449,4.170949472661221,3.6791342159048113,4.1472183809157706,3.827417007439122,4.965664529086494,0.5353415161411539,0.4974302008345994,0.46063351416139897,0.44514628877879314,0.511041981671082,0.4370202372529271,0.48253155171425555,0.4154451278101048
591d39f6.qasm,16,2.6787045,success,26,1.0,0.8692187432245213,0.8692187432245213,2.682872984380518,2.6853644013931857,2.6809126624214343,2.684097072365976,2.6803362038901377,2.684768728519663,2.6717579231950523,2.679076807458723,25.165343191689523,21.76376934020504,15.61958661057475,17.68266903412915,22.976099866895836,19.266187537708596,16.28280754705651,19.653915250307872
591d39f6.qasm,64,20.992547700000003,success,26,1.0,0.8692187432245213,0.8692187432245213,21.13105693083867,20.932880906340685,21.060384347309853,21.04028825890376,21.139072842531967,21.22031734294414,21.270893915519572,21.015953291333155,21.25915483101416,20.199476246912948,17.36047642690887,17.48534305301894,22.956593552652887,20.382827781467434,15.858255552023094,22.150285539310424
591d39f6.qasm,512,981.4918502999997,success,26,1.0,0.8692187432245213,0.8692187432245213,1016.8283925231722,994.7828795727041,954.3775568293624,937.2458397675892,1011.3179747789121,984.8166601349042,986.6725121665834,936.1715414638793,310.01105868774096,338.42128756018053,238.66937205343106,255.11336759073234,285.37117830910995,368.28873452586066,269.2325903678067,677.2106397757735
59267ce4.qasm,16,0.2185542,success,10,0.6645168451620064,0.710387735200211,0.47206461663702703,0.2974662731019994,0.25371175423410636,0.27750452877707804,0.2656803012001993,0.24235613413304047,0.2562009945723375,0.23531593850707996,0.260212730453162,0.23604000996016564,0.238172005089775,0.2426012014976294,0.228452290960298,0.2507192721725935,0.22687682943636545,0.2336198600500881,0.24695706727636083
59267ce4.qasm,64,0.2873506,success,10,0.6645168451620064,0.710387735200211,0.47206461663702703,0.5400650002789291,0.46763639881324065,0.49570636726932615,0.4958341049811498,0.40874077166160966,0.47688518557124965,0.4505729147480375,0.4632813754378092,0.4138989212084178,0.37275645383979056,0.41445373896789256,0.4009232410149491,0.39947387011169017,0.38954463252899385,0.4121847441232374,0.4120640235748148
59267ce4.qasm,512,0.2381152,success,10,0.6645168451620064,0.710387735200211,0.47206461663702703,0.5376254268747913,0.32633468029699164,0.4927489430435878,0.43770095407137105,0.42296261557813497,0.3686840937464598,0.3097803507420159,0.34650675352567517,0.2344137242512255,0.24472761474203705,0.25421832319546445,0.259014254411804,0.2651055474421982,0.24901217522112606,0.25032883140318285,0.25905800502177606
5a4964e2.qasm,16,3.0040687,success,26,1.0,0.8696790307738406,0.8696790307738406,3.0854881681217683,3.0628722513193516,3.123009152178294,3.1430697385398023,3.1572424249631066,3.1251341467900766,3.120038619115008,3.1463235024079603,26.443156138531137,27.52290579422221,17.286164422684696,19.622191472082775,24.71891003541043,19.989457973844246,20.384888262097995,20.833460898026175
5a4964e2.qasm,64,23.571399400000004,success,26,1.0,0.8696790307738406,0.8696790307738406,24.9139284971257,24.60353270934026,24.352270357677757,24.36794710054124,24.390253443295673,24.245873205272336,24.239987846515575,24.739563922624576,22.167684864901293,25.17542337887349,20.792281047901703,18.623751843310327,22.923080523558966,20.41517730487854,19.4260784726277,24.100695875927045
5a4964e2.qasm,512,1113.7247560999997,success,26,1.0,0.8696790307738406,0.8696790307738406,1141.2908467632924,1138.8580105576796,1163.030059035895,1145.3958588106502,1140.2610338188533,1141.1128162685384,1141.436849807777,1138.1385592742577,299.6697268810958,414.67726454029906,261.85733908507126,262.2084686076803,273.6947096424631,389.6860348309296,355.21428040542503,750.0171753581302
5a741dbe.qasm,16,1607.2905075999995,success,9,1.0,0.7305102989684591,0.7305102989684591,0.3252113109388287,0.30095232908078146,0.3451516220371199,0.3253249785053615,0.3354904134964447,0.3146248287302774,0.3435956572876583,0.32306520315682985,0.3326553056341884,0.29342492351278343,0.26995093811333815,0.25610245321659075,0.2681166301581357,0.2767482933381977,0.25433405427579314,0.2759573948349188
5a741dbe.qasm,64,63.61018129999999,success,9,1.0,0.7305102989684591,0.7305102989684591,0.3399256068253658,0.32368519708555826,0.35896512737300407,0.3287193352618706,0.3747026024571884,0.31925978477323674,0.34951314959412144,0.3254873884067604,0.3463683947450047,0.2997614778512873,0.2981981478923874,0.2558077743780427,0.27605541955049684,0.29219643181535365,0.257564581459153,0.2805839835160994
5a9f20b0.qasm,16,1.9873639,success,26,1.0,0.8690220610426018,0.8690220610426018,1.9334294469801394,1.93741834866828,1.9397771379261277,1.938713345653536,1.939773697418422,1.9429700004882606,1.9390173761253175,1.9412416054633899,10.857849106248255,10.056690701486566,6.781572620648603,9.342534014920357,11.049810862251691,8.716882194295192,8.648253398352097,9.934780850794908
5a9f20b0.qasm,64,14.174923699999999,success,26,1.0,0.8690220610426018,0.8690220610426018,13.213160238829207,13.234030866347176,13.204699968484773,13.424179616234206,13.420435955269443,13.515547088118604,13.541971262312192,13.485544553155572,9.000792508800654,8.105533080109238,8.363666802104595,8.95029358145827,9.975753545362114,8.738265740447233,8.29488295958555,11.165066363453374
5a9f20b0.qasm,512,556.7358081999998,success,26,1.0,0.8690220610426018,0.8690220610426018,552.5343477986612,557.7028317602478,539.14438820902,540.0277396459545,556.8284823732946,544.6806747463361,546.1210408689611,543.6658262258644,113.19047108312972,102.67269705439462,73.3315902012838,114.65666454667249,86.30845592900528,99.60816648897438,106.15887805185807,199.91505735679672
5b419375.qasm,16,5.069990999999999,success,70,0.9488398059793743,0.62449802208589,0.5925485821104789,3.638905206083935,3.5137857341501437,3.4575958851219246,3.73484906644906,3.6206232844912427,3.5262658461162757,3.6225334070886834,3.6399899719859823,3.387434322605386,2.8762143722609936,3.0592222014336934,3.2355432206825956,3.298611821852674,2.903811979888718,3.4427279012826526,2.8731303825435806
5b419375.qasm,64,18.199755699999997,success,70,0.9488398059793743,0.62449802208589,0.5925485821104789,12.055385502596362,12.003801910287697,12.185701328683251,12.795202346288983,12.299989228704748,11.6949646642114,12.70914974008514,12.26542590609138,3.783468113580925,5.048446721521877,3.2889442782378344,3.7679540037441313,4.408760629737603,4.1591596884550235,4.839851067908524,3.9355530494449877
5b419375.qasm,512,735.2598270999999,success,70,0.9488398059793743,0.62449802208589,0.5925485821104789,415.88852474026896,373.5396718133519,358.5518251599993,440.42749965334775,414.97129983167065,375.04873915008676,442.747602377672,444.383033521975,18.975512796067434,18.915192887885382,16.319547282019187,15.452252765572625,33.549937470531724,17.068132834554408,24.926428303941663,20.178654163582085
5b482142.qasm,16,0.18248999999999999,success,1,1.0,0.6552822897720241,0.6552822897720241,0.17922856023261083,0.18228907160564983,0.18319971167495935,0.1832678096294768,0.17923925384459186,0.18392506864547867,0.18253852452566185,0.18637902806234682,0.20798820610258464,0.20435945034456893,0.2094099613889391,0.19934251457954064,0.20608130161472718,0.21308351923463356,0.19788785179822005,0.2102931220738386
5b482142.qasm,64,0.176904,success,1,1.0,0.6552822897720241,0.6552822897720241,0.17660321141638494,0.18098245415202235,0.18538409613951687,0.18635637750205689,0.17984968050489866,0.18533636894085082,0.1814426173707391,0.19021950205908644,0.20718196225204272,0.2041202523908775,0.2092498281170403,0.1995123547234174,0.20169781751533744,0.2096713434453563,0.1962102560138238,0.21166503048913468
5b58ce32.qasm,16,0.23533430000000002,success,2,1.0,0.9105139771760358,0.9105139771760358,0.22453846145957826,0.22195802018995522,0.22225797291156557,0.21232335818521952,0.21233668658701046,0.21284615637067503,0.20973118151839168,0.20885860317086938,0.258527905766622,0.24178597364961965,0.2342473093641738,0.22851116234653912,0.24753922171050677,0.2358386381172521,0.23766575980024754,0.2353352958772294
5b58ce32.qasm,64,0.1714296,success,2,1.0,0.9105139771760358,0.9105139771760358,0.24043379231134193,0.2314511370267435,0.2421772014273863,0.2384022220011813,0.22371009679066467,0.2259097157503846,0.22926081960135544,0.2277747794437479,0.2936624409673767,0.2711023626539956,0.26093104344204837,0.26821329458185955,0.2842854318536097,0.2783825957165961,0.26765363800502473,0.2764058369558524
5c176f37.qasm,16,2.1709223,success,28,1.0,0.8589634754926988,0.8589634754926988,2.509873809626465,2.174345267886142,2.5395740609954234,2.4700968988135528,2.4134273031579094,2.2682849715409676,2.2625056471467673,2.2268230410445415,0.49727229852455446,0.5045849395624563,0.42435672960931947,0.4415571424686909,0.6125303499661758,0.4391408638006923,0.5091887002496434,0.42046662751845276
5c176f37.qasm,64,0.177055,success,28,1.0,0.8589634754926988,0.8589634754926988,3.0066717626242063,3.4184074696341216,5.518244658797035,5.004604255687141,4.685011306248689,5.875162242717576,5.6920273295616735,5.3856310171405894,0.7721604017379244,0.7916069727764393,0.630325871375806,0.7054687252834353,0.9239394613685272,0.7510679427247896,1.059273207947263,0.6912045283580819
5c176f37.qasm,512,218.88470399999989,success,28,1.0,0.8589634754926988,0.8589634754926988,250.33298507502647,290.3720887450764,275.7351402504213,313.0070815964487,247.33375597106536,317.44658533569776,306.6267054678375,283.40598697174255,0.9660708199136154,1.5082317738779787,0.9194498220818937,1.3925888824884047,1.6209942986929624,1.2935698426370599,2.4724218474232584,1.749294456980459
5c2359c8.qasm,16,18.8537477,success,32,1.0,0.5523687726274351,0.5523687726274351,4.700071512612271,5.054843059551625,4.6558748016601825,5.746151637513999,5.589399116607585,5.369596033131083,4.845144411707055,5.932102109206012,1.100580027411681,0.9203175175083049,1.5578056438689871,1.3228416267314087,0.9017867663083794,1.115585209098646,1.4621460523932202,1.2822707967709797
5c2359c8.qasm,64,0.8920383,success,32,1.0,0.5523687726274351,0.5523687726274351,3.587939683128399,3.3392332332947485,2.496478737687153,2.956124671407608,2.322307750836703,2.3219213877074143,1.777254331500135,2.2317792071831066,1.6200545586571817,1.2996668499367137,2.6223129446142197,2.233938169633423,1.3515910905480693,1.5670396379590381,2.1415249806691317,1.7943360555563483
5c2359c8.qasm,512,26.214138599999995,success,32,1.0,0.5523687726274351,0.5523687726274351,54.092972719475696,70.02803011458823,52.92019994674388,77.8336555099337,62.40390148051461,55.77980656754511,62.136938526091825,71.0327337327555,3.6424480338136758,3.883635333215236,4.995602998985853,5.788810814297023,2.8816091936486368,3.8760581868819637,4.902329641050837,3.884397019877639
5cfcb9cd.qasm,16,45.6465889,success,0,0.0,0.11910448864901119,0.0,9.30549633206759,8.93327133137296,8.068656309702869,10.40410613436573,7.94251385901371,10.37651950947145,7.216260707660022,8.9786739117418,7.109551131671747,6.112432298456123,5.490999641386777,6.8608980746365145,7.428445242978122,9.696194486676271,7.332087151200386,8.751605672411051
5cfcb9cd.qasm,64,42.3598636,success,0,0.0,0.11910448864901119,0.0,9.69452227515635,7.879063822652941,6.928811117832584,10.088309475159607,7.444535895271513,9.815584478308226,6.91469010634126,9.530613006264737,4.875370516128614,4.955861371407762,3.7093213285905016,5.156823268345188,5.906001076872649,5.196638460705161,4.732247803458987,6.072314253329998
5cfcb9cd.qasm,512,45.74182770000001,success,0,0.0,0.11910448864901119,0.0,21.48903543765522,14.74867776425932,25.866386366433645,17.73900374434643,17.583864207118562,18.454960653417757,16.704532960679707,20.654265232584105,11.771236489883846,6.434764811040208,7.2851960012467165,6.2566469173303565,6.621381677496779,6.17267468355461,6.773648711266807,6.351642868508405
5d14d092.qasm,16,1.8427508,success,22,1.0,0.8689843068061608,0.8689843068061608,1.863391282526385,1.8636938157534555,1.8623052095408248,1.8665545160475039,1.8648643795412303,1.862086806899927,1.863043633991009,1.8643594232130245,10.017197190448979,12.110733357158336,7.704603982446016,8.641773127185242,13.90095574376599,7.2194897870738215,7.838666728880284,9.288253283782321
5d14d092.qasm,64,10.707354900000002,success,22,1.0,0.8689843068061608,0.8689843068061608,10.679201717970393,10.667240787184504,10.672662406281578,10.717741697001259,10.682271847680674,10.708797366081482,10.677065107298574,10.687500634031993,10.21414103014646,10.729798405099052,10.390220640901306,9.640272906513893,12.458322250079105,7.859128543321611,7.128775668226687,12.08898047751806
5d14d092.qasm,512,449.6638395999999,success,22,1.0,0.8689843068061608,0.8689843068061608,437.8260279781534,437.4416161381751,437.2846900321374,436.75499189843345,437.8051586675319,438.5659515523284,437.0191748380559,436.6193010865405,143.0299346404835,151.99850735476377,109.34249131139538,142.4808420227355,109.36134996378479,110.3705592652552,96.682070718501,258.3128066322351
5d2b11a2.qasm,16,1.7544678,success,26,1.0,0.8697867000808973,0.8697867000808973,1.7563979130014347,1.7645125525430203,1.751831577342562,1.7651550805886282,1.7697842385709341,1.7579258616592912,1.7461626310613552,1.757069043061043,11.148390090542279,12.467208338510021,8.490255349695378,10.534478858671195,14.203052826649204,8.761058307275624,8.976359645900503,10.565975436866536
5d2b11a2.qasm,64,6.910084599999999,success,26,1.0,0.8697867000808973,0.8697867000808973,13.135263184766393,13.139221342293398,13.089887048887942,13.137466196217337,13.312197855314807,13.178378449904743,13.153925246022613,13.148920722749029,11.023698143051652,11.787111079995535,11.62425588222498,10.335845242406362,15.606881803724807,9.94729500745396,9.188759076986136,14.384209253636719
5d2b11a2.qasm,512,578.8071934000002,success,26,1.0,0.8697867000808973,0.8697867000808973,577.6208572430791,577.2231272905518,577.5272318264304,575.8896863453298,578.1256757584744,574.3541569075646,569.6890121021382,575.3273679693921,163.36039429188025,161.74314641282973,128.98672974903116,187.78537740287857,163.88447856855018,169.92349297833704,147.01921706004345,373.7838513305887
5d565485.qasm,16,1.7579763,success,26,1.0,0.8695413142427117,0.8695413142427117,1.7431746939248065,1.7447768514049204,1.7407882318629375,1.747162552401676,1.7399868054027479,1.7440039550660618,1.7366442406537053,1.7595842392260153,11.148390090542279,12.467208338510021,8.500857666144444,10.534478858671195,13.979511301780304,8.761058307275624,8.938360326163513,10.565975436866536
5d565485.qasm,64,13.180583699999998,success,26,1.0,0.8695413142427117,0.8695413142427117,11.54706392796698,11.917735834192944,12.088206524548273,12.178271318708688,12.029277554893419,12.201567040451765,12.126167914870614,12.256888652489751,11.023698143051652,11.787111079995535,11.56527280220637,10.335845242406362,15.44133889674991,9.94729500745396,9.052321489131073,14.384209253636719
5d565485.qasm,512,577.6552693999998,success,26,1.0,0.8695413142427117,0.8695413142427117,580.5387499842712,577.5114644673372,584.0820434267374,583.7716593451481,579.1629998387082,581.7142826732219,584.9658095869629,586.0373208207363,163.36039429188025,161.74314641282973,129.20120135908695,187.78537740287857,162.14614843114708,169.92349297833704,147.01921706004345,373.7838513305887
5da1db4b.qasm,16,1.6695542,success,21,1.0,0.8687870643611548,0.8687870643611548,1.662482030249635,1.6561132588601393,1.656220266708784,1.6607908569450642,1.6616357930212402,1.6594932138103895,1.6582206375025967,1.6634614753073298,7.65546458575039,9.455248590044661,5.522924649979936,6.760064596195737,9.811898895298656,5.672706121875262,5.496597083746527,7.24022938534748
5da1db4b.qasm,64,9.5052925,success,21,1.0,0.8687870643611548,0.8687870643611548,9.392930594255988,9.40438984165357,9.364064888667809,9.380519704694594,9.373588591907964,9.32394370321265,9.351803923224672,9.408743996135378,6.813435978836234,7.893526221667092,7.120448814704676,7.447097698277675,7.815918458236561,6.066088833786403,5.382708970551209,8.863292114044489
5da1db4b.qasm,512,340.80459760000014,success,21,1.0,0.8687870643611548,0.8687870643611548,348.5389716791099,344.0781732252859,351.8048352739491,352.09519799196914,347.68704276790254,353.3161754726243,349.84573042932243,351.15170442980593,81.0069129349843,89.78067570631327,56.06695397817814,89.26435645423236,63.56003694774399,65.09959819922231,63.83488384377242,140.77878838045896
5e3dc35d.qasm,16,0.1754587,success,4,1.0,0.8580963852055918,0.8580963852055918,0.18292596016796545,0.18413824416658273,0.1857728713575819,0.18447800277334325,0.18468386517370786,0.18712421619979633,0.18439791665460112,0.1857455901204667,0.3115520792880987,0.28620324639015243,0.3067592134433915,0.30092705217555976,0.3028700131481363,0.2988143994208865,0.3131252375605298,0.2898937595856584
5e3dc35d.qasm,64,0.1674483,success,4,1.0,0.8580963852055918,0.8580963852055918,0.19014765084787788,0.19047956273049765,0.19524447019344662,0.1942509019803851,0.19024081145587032,0.19685050454715217,0.19691410250594368,0.19355698523193265,0.37168442498180787,0.31029135505298366,0.3532140670249,0.3535759595205869,0.33901149470068875,0.3412923825700605,0.3349105555461926,0.32646008613498967
5e3dc35d.qasm,512,0.1802698,success,4,1.0,0.8580963852055918,0.8580963852055918,0.18117519688303954,0.18516159792462064,0.18371799433912406,0.18230838081797324,0.18192990175312118,0.18253330282599417,0.18302652569142455,0.18251323653422122,0.3285200796362102,0.27202304886225187,0.30805676443884994,0.3101840318601445,0.3182790044466959,0.2841648904524148,0.3027840101371826,0.2709826416891544
5e4c8439.qasm,16,1.1020779,success,10,1.0,0.8689315987121906,0.8689315987121906,1.119025191621956,1.1023393053955977,1.1166167040871031,1.1030688111598417,1.112555992745278,1.1041093048089154,1.1089344198921887,1.1047650242016192,2.780311351343124,2.406607368335235,1.7521309905432847,1.8614631136008764,2.308690704972411,1.7990886993227637,1.7329057126268874,2.100059962835652
5e4c8439.qasm,64,2.5658197,success,10,1.0,0.8689315987121906,0.8689315987121906,2.5195775351798675,2.585263668582758,2.6239470198354033,2.6445275609889656,2.5797355951803116,2.537624230653219,2.593317623117654,2.563703864875758,3.2377756130006747,2.6133774521477977,2.221111865620548,2.48831084621239,2.320568635935685,2.032667843406069,2.0975057379073045,2.6691769553390867
5e4c8439.qasm,512,34.3699009,success,10,1.0,0.8689315987121906,0.8689315987121906,34.85719572960067,35.13993828405973,35.20234899583788,35.60033426307541,35.03190138493855,34.33758122701891,34.26804644738434,33.59912552654163,22.992840772228853,16.005935199471114,14.654840070333229,20.817435945695795,14.02098448705668,13.437408050214703,10.326718287945072,15.616953377849981
5e6b0a76.qasm,16,0.9429384,success,5,1.0,0.774007206256371,0.774007206256371,0.5187335929544767,0.41657181608408955,0.4284670380384852,0.4173761836935114,0.44907047244143233,0.40370298765806,0.3752189726845646,0.41533977848917925,0.7703376120331885,0.7777285231546479,0.6785472815108287,0.7108065032934521,0.8757292299805629,0.7277997008425234,0.6518034243712655,0.7323650364408317
5e6b0a76.qasm,64,0.8332049,success,5,1.0,0.774007206256371,0.774007206256371,0.4524706380500501,0.3624869875193742,0.4491952841069009,0.4010870228856511,0.435149490609859,0.39110830183453377,0.3446477309723327,0.4281590842200823,0.5945965519956263,0.6044980295878456,0.6416452939772779,0.6907029340711329,0.5863334066752988,0.6112694899200376,0.5536741574561619,0.5799602857694099
5eaee29f.qasm,16,0.9021112,success,8,1.0,0.7353299323405802,0.7353299323405802,0.7340950555304231,0.642528306783096,0.6844031315180462,0.6969890127045081,0.5943078282894649,0.8455284723681062,0.6900941269454175,0.7068942856678646,0.8287326611085617,0.7650992342108011,0.7264972016967844,0.8331057325738536,0.7045639200543876,0.9005631093989519,0.7165008007221965,0.8095716659243605
5eaee29f.qasm,64,0.1723742,success,8,1.0,0.7353299323405802,0.7353299323405802,0.5244614835592643,0.5256768721603783,0.6419966347186344,0.4842437622308344,0.48539611803532123,0.6226443030593437,0.5053070992484882,0.5369025530520084,0.5289877138156444,0.5558408311278754,0.5242844032216445,0.6101708357862152,0.5072382665330155,0.5858937123408072,0.49532581132679704,0.5085521833235406
5eaee29f.qasm,512,0.8121324,success,8,1.0,0.7353299323405802,0.7353299323405802,1.663463327121609,1.390863883657992,1.7764677820645915,1.2573559343089127,1.1187597646262302,1.2917028780309867,1.2480830239153728,1.2195029865293818,1.6908588793383728,1.2623847259890677,1.823902431235366,1.4790552534993309,1.1702731150995087,1.300357506127282,1.1072440149773013,1.0917932053350587
5ed4dd47.qasm,16,0.1778839,success,3,1.0,0.7560696006671336,0.7560696006671336,0.1837592610502684,0.18174660596438424,0.18810710388843443,0.1860339552884251,0.18454736546477818,0.18817741098759194,0.18746914997089476,0.18802582444533203,0.22117428456431673,0.21119807533544693,0.21098739395581956,0.22261221794173944,0.20483646615970566,0.22364705033214927,0.21711397098908236,0.2305129390925899
5ed4dd47.qasm,64,0.1692181,success,3,1.0,0.7560696006671336,0.7560696006671336,0.17682351296878093,0.17642075223991407,0.19874399610224713,0.19435936133626286,0.17703952621301802,0.1941474189525665,0.19861206979371773,0.19746653803792058,0.25645702568636686,0.24894484293315303,0.23477004885262331,0.25110592501471635,0.23584889352045402,0.23637559657308385,0.24927351682380172,0.23801611991200963
5ed4dd47.qasm,512,0.1719626,success,3,1.0,0.7560696006671336,0.7560696006671336,0.18114321619900167,0.18036603171301616,0.18546442288778303,0.18388634599313342,0.1813299462729075,0.18616200795353752,0.18573857405409885,0.1852605656826527,0.21222252080685283,0.22730172204671295,0.20428699253059895,0.22114003963606674,0.20748053653622425,0.22205822794849686,0.22947050432142366,0.2196234545772211
5ee9c404.qasm,16,0.6110617,success,8,1.0,0.6886307718967384,0.6886307718967384,0.1827102316710379,0.18072766729738002,0.18105341970457547,0.18375094838141356,0.1821677777641206,0.17931948761824643,0.18144947976196568,0.17871499213799028,0.7356216030049136,0.7247604998106459,0.7068780835806392,0.6799938909951723,0.7062401646014713,0.6388402818141591,0.6758750516671919,0.6283248660257554
5ee9c404.qasm,64,0.3699508,success,8,1.0,0.6886307718967384,0.6886307718967384,0.16666705080271624,0.1645183739647078,0.16477894037120158,0.16449567380037408,0.16835415785959176,0.16403999472211772,0.16504095606433714,0.16466652602434917,0.5617639473867418,0.5981714327778814,0.5993696136526994,0.5910605704091841,0.5431570372653373,0.557261352785215,0.5162059971550391,0.5762379381454167
5ee9c404.qasm,512,0.602949,success,8,1.0,0.6886307718967384,0.6886307718967384,0.17774532374494437,0.17524789415362285,0.17716976435947734,0.1743702905799753,0.17583594317728057,0.17484530056517625,0.1776468207616462,0.17466847518316064,0.7980039698422327,0.6475228356478687,0.7604454280533064,0.6258508780726989,0.6577585223971045,0.7194040980695952,0.6219719853710955,0.6638533292733586
5ef5ff7c.qasm,16,1.9424587,success,26,1.0,0.8692249306750796,0.8692249306750796,1.9331070416883664,1.9378427150348008,1.939323372430649,1.9401688037508023,1.939348000951063,1.9432927080710032,1.9395515672128805,1.9434541111032853,10.857849106248255,10.056690701486566,6.781572620648603,9.270691983661187,11.122156760445069,8.744517791924336,8.648253398352097,9.909485333434693
5ef5ff7c.qasm,64,14.129976999999997,success,26,1.0,0.8692249306750796,0.8692249306750796,13.185983501814047,13.22108851777538,13.337180443225774,13.43575675366781,13.419980613790498,13.552949269966295,13.56142667304613,13.477615121062788,9.000792508800654,8.105533080109238,8.363666802104595,9.037646153212382,10.148439704473075,8.891797777998732,8.29488295958555,11.400928078858621
5ef5ff7c.qasm,512,549.4164624999999,success,26,1.0,0.8692249306750796,0.8692249306750796,549.6445709258891,553.947440807705,542.4859593378469,545.7781193521297,553.2608971471905,543.6042883642419,543.1556668724719,542.6045378086468,113.19047108312972,102.67269705439462,73.57534235960809,114.65666454667249,86.30845592900528,100.14909290438388,106.97240172170814,201.0800961747261
5f0ad979.qasm,16,1.4398049,success,20,1.0,0.8689435303569897,0.8689435303569897,1.45611249826265,1.4286375404331502,1.4580015250497418,1.4371275444794576,1.4235724624891979,1.45056057080395,1.4426616535642607,1.4333419180456708,6.5323695910199575,8.786385362578699,4.431111394980186,5.51764704395916,9.465750001753577,5.319595870776738,4.897485144137108,6.711755177897051
5f0ad979.qasm,64,8.5335451,success,20,1.0,0.8689435303569897,0.8689435303569897,8.587841470944156,8.513730662058567,8.477493304500317,8.458227880178702,8.460004181332542,8.440054750801677,8.479886148944207,8.4301558529379,6.274503050279764,7.661141648333162,6.275650714375043,6.598598773829447,7.633371163395015,5.762947019025077,5.030423497197686,8.062412207375967
5f0ad979.qasm,512,314.93001089999996,success,20,1.0,0.8689435303569897,0.8689435303569897,309.14563864107225,298.2624682911634,310.6471485817373,306.8874403573116,308.94302692326113,310.45477952979934,308.80197133338976,311.40365217306544,66.87885788246237,84.45706578185697,48.9559296356839,74.06435558019662,60.03660378141589,58.58341531587206,57.2727308289703,127.84781482387909
5f39af5c.qasm,16,1.206501,success,1,1.0,0.5285043230027179,0.5285043230027179,1.8636617888758678,2.1205387865625003,1.764501310568258,1.9307176349414557,2.0784680187337923,2.0683040060662314,2.264281867881694,2.035945946994279,2.191676545244917,2.481794237873125,2.124849268950391,2.589626855367294,2.229115363915018,2.4587554625623,2.4815698687531564,1.974116755563509
5f39af5c.qasm,64,1.2441665,success,1,1.0,0.5285043230027179,0.5285043230027179,1.8270068033380846,2.0913438432410043,1.8102179102699305,1.9075351828471028,2.1002422788968294,2.0433788032712124,2.2102368805987775,2.0235399506418896,2.191401873897855,2.424998309723926,2.128497139066353,2.548094503084901,2.2164293712012793,2.4520729548778077,2.5061610897181903,1.9834993321049341
5f39af5c.qasm,512,1.2038937,success,1,1.0,0.5285043230027179,0.5285043230027179,1.8703876099384915,2.1136350723498474,1.79765371177904,1.9070358171339488,2.1423605454109147,2.0959034399229153,2.2406305699783315,2.115458363591368,2.120307512864045,2.4301679980424074,2.1434138895366277,2.4837291448789496,2.25620747555456,2.403753497601022,2.5125752066681324,1.9592914046337304
5f6a8a9b.qasm,16,0.21687830000000002,success,4,1.0,0.7531306012438106,0.7531306012438106,0.18751225142984143,0.18706459941888087,0.1887558771628296,0.1861645534219559,0.187673490610658,0.18403407499957808,0.18382251382175363,0.18497972878605712,0.2973098539397048,0.2955972388438845,0.29925504567793143,0.27863242693332524,0.29236121884889854,0.28126320529816884,0.28031093752373465,0.2897601408900797
5f6a8a9b.qasm,64,0.1669181,success,4,1.0,0.7531306012438106,0.7531306012438106,0.21276742830013584,0.2084237750545981,0.20301806264289657,0.20170804547651788,0.21703982490935467,0.20231775352409953,0.21104396513706555,0.19905966919722645,0.32348127935148097,0.2810504616860775,0.2860763866659705,0.32187909031415485,0.297928743059878,0.30372438815321084,0.29250185968964704,0.30143317749656057
5f6a8a9b.qasm,512,0.2251206,success,4,1.0,0.7531306012438106,0.7531306012438106,0.18494565674114025,0.18912899559484544,0.18556760586673518,0.1847907404410174,0.18545379216308303,0.18313671516557867,0.18385054408554838,0.18355374250293155,0.302920932063625,0.2780103085738179,0.27754250943257736,0.26317394060009663,0.2790779876673955,0.26145719832202535,0.2860483906822671,0.2544903165525727
5f79d6db.qasm,16,1.4444159,success,20,1.0,0.868982976355213,0.868982976355213,1.4383133993541932,1.4347644739638774,1.4422229399978543,1.428819101922542,1.422718032815606,1.4242997869337397,1.4385384611047858,1.4269086932656116,6.5584195767089835,8.786385362578699,4.431111394980186,5.51764704395916,9.465750001753577,5.319595870776738,4.897485144137108,6.711755177897051
5f79d6db.qasm,64,8.4894781,success,20,1.0,0.868982976355213,0.868982976355213,8.47458100266291,8.481458316932354,8.473214053983494,8.538656328647516,8.501094417672416,8.477216612808434,8.423546425626105,8.495013697284943,6.18471427474284,7.668747250961187,6.252594268386863,6.598598773829447,7.561500457744731,5.762947019025077,5.015379588154593,8.062412207375967
5f79d6db.qasm,512,309.13355079999997,success,20,1.0,0.868982976355213,0.868982976355213,314.89589347899965,315.8533847757653,314.4459963103592,313.11280683205297,314.46831766978005,314.89465104465927,311.5899150449006,313.072132512172,65.64667474026913,84.27890612368311,48.45195681973414,72.64712008971802,60.03660378141589,58.58341531587206,57.2727308289703,127.84781482387909
613afa2d.qasm,16,1.1619439,success,14,1.0,0.8687031704990704,0.8687031704990704,1.1116855991634556,1.1144585531391258,1.141083891847753,1.140039266086845,1.134041292864559,1.1281356951139054,1.1347319104978282,1.1439881182400184,3.694322121403793,4.111322299170878,2.634579026551118,2.804688616363834,4.549208154830596,2.593272424602268,2.7531008921162554,3.1833726486884233
613afa2d.qasm,64,4.2897754,success,14,1.0,0.8687031704990704,0.8687031704990704,4.3321221670396,4.312157024229985,4.271745749041541,4.318796129510766,4.342624236135803,4.301700954496199,4.314912132388153,4.288992243788492,4.46321648205525,4.490135033239513,3.7263178345998353,3.8602941562522273,4.432123075882274,3.1728927861421687,3.289511806392039,4.291121800566875
613afa2d.qasm,512,94.37437180000002,success,14,1.0,0.8687031704990704,0.8687031704990704,92.29907561730947,90.68006125537947,92.8100206059166,92.31711124566624,93.71244225581084,91.69362046984065,92.71879513483293,93.58035181272291,32.59185062780849,29.756558526878827,24.575411197480964,37.58448849203493,19.61179442692463,21.946645187130713,21.88569564789971,33.668759482334735
622c4417.qasm,16,1.8900389,success,26,1.0,0.869054454217505,0.869054454217505,1.9334249560235928,1.937861449788958,1.939323372430649,1.9408354964010317,1.939773697418422,1.9429700004882606,1.9395515672128805,1.9418342690617008,10.857849106248255,10.127165153852022,6.727109331216517,9.328285792823056,11.049810862251691,8.716882194295192,8.648253398352097,9.934780850794908
622c4417.qasm,64,14.084895399999999,success,26,1.0,0.869054454217505,0.869054454217505,13.192807411827534,13.225568555864829,13.312866582232292,13.416204375011892,13.385833497817375,13.5181012445469,13.538576437133944,13.477130197137448,8.923067499322189,8.105533080109238,8.363666802104595,9.086238174934898,9.975753545362114,8.738265740447233,8.29488295958555,11.165066363453374
622c4417.qasm,512,556.6662470999999,success,26,1.0,0.869054454217505,0.869054454217505,549.1510310356746,555.6213399759962,537.2554692577396,533.774575134223,554.5281049536222,542.0963303622711,542.4765987763925,538.1379430962102,113.19047108312972,103.92395342315842,73.3315902012838,114.65666454667249,86.20672393576606,99.60816648897438,103.22908165840317,198.01272732415327
635bd24f.qasm,16,9.4363397,success,45,0.9887640449438202,0.7169816735582256,0.7089256996980208,8.979250516915656,9.107616084972937,8.91426313839626,8.971762387594934,9.15341299372334,9.2591386649958,9.117654864299157,9.124390765790936,6.725776344970492,6.524607453267376,5.637446323076886,5.079408680086202,5.691701408724853,4.831316074956993,5.004784563390232,4.9683073243319065
635bd24f.qasm,64,0.2822097,success,45,0.9887640449438202,0.7169816735582256,0.7089256996980208,0.8222247916356339,0.9366090392261377,0.8618460946139228,0.8663292100879051,0.8378403117927284,0.8756272108470681,0.9622114589742762,0.9328835333525104,5.222980518362263,4.340328303608786,4.407525713486646,3.582162572812012,4.404394887645205,4.0344580449539995,3.948570974838277,4.0928065510563245
637811d8.qasm,16,1.9822721,success,24,1.0,0.8687413513020438,0.8687413513020438,1.9953575329220394,1.986103382008249,1.9937942409245148,1.9942843033687927,1.9888221026135229,1.9933747510383995,1.9895653912415094,1.9947370734062444,10.745609828562538,10.2094091631919,6.767082264199262,8.755108003981094,13.134602992430846,8.274482602810453,7.732928791518982,9.873080606622327
637811d8.qasm,64,11.433697700000002,success,24,1.0,0.8687413513020438,0.8687413513020438,11.53275640674848,11.51710995725802,11.493229656347676,11.521619038475027,11.517257595409163,11.520940204002795,11.487981741343255,11.53999138671471,9.35969749504425,8.596491625885374,8.498746988077276,8.408711781616258,11.228575910692324,7.887441858225733,6.789298686416611,11.266899924871375
637811d8.qasm,512,435.3994821999999,success,24,1.0,0.8687413513020438,0.8687413513020438,437.09344797428054,438.3025574497835,437.8786441097658,438.5459119186408,437.42668212325225,438.54556061282443,438.3701128308797,439.2312616617335,126.22980835325292,103.44525342097413,74.4611253418731,119.95598043520106,107.35632990075948,117.5350014477443,87.53897354425938,248.63830221988985
63aaa50d.qasm,16,0.1790994,success,16,1.0,0.5715746948060049,0.5715746948060049,0.914358076345753,0.9329525255249029,1.0094555747566407,1.0894939042452365,0.9834885718572116,1.0328115516779577,1.0430043862110323,1.1884396954175163,0.671664158300113,0.67642984205566,0.9189711572986139,0.8964136662854653,0.5741976607177597,0.8665640189508449,0.7669394052519227,0.8691146733693335
63aaa50d.qasm,64,0.3013606,success,16,1.0,0.5715746948060049,0.5715746948060049,0.5235762068512093,0.5095732580801362,0.6040356604337175,0.5486723618449257,0.5522970895226931,0.5714498324263116,0.6152018887112752,0.5748751556302383,0.8150288078731328,0.8488729078269428,1.164900616267773,1.1543450061345641,0.9591184527758083,1.1254781300244736,1.0819976452126632,1.262342866457687
63aaa50d.qasm,512,0.1729242,success,16,1.0,0.5715746948060049,0.5715746948060049,0.8924661884229895,1.0301916707241665,1.2697182179295707,1.116223604846899,0.9296899527609855,1.3287259626933294,1.1125458122492229,1.155375157009349,1.2159440771173615,1.5350769818468155,1.7584703956681416,2.3650667200229867,1.5241765800845457,1.696925985403508,1.960511212581849,1.8327137661586255
64273f69.qasm,16,1.3970083,success,18,1.0,0.8684698996881809,0.8684698996881809,1.3916397615496825,1.3904399401228487,1.3981099974994182,1.3974912369468517,1.3937277340211498,1.3893777942477663,1.395080662996291,1.3876320406171794,6.754000422469346,8.392886300780063,4.456672038798491,5.143302626488213,9.553360900978719,5.371029944935761,4.891904045873322,6.042995616374462
64273f69.qasm,64,7.9696109,success,18,1.0,0.8684698996881809,0.8684698996881809,7.957126424753716,7.976529314588835,7.992883242501275,7.924930191740082,7.948940883509785,7.98460993778352,7.918947508500692,7.898872874380237,7.335672048004988,8.997636939972573,6.478742417379153,6.582237394947075,9.179133692775316,6.405717820577258,5.6158251509938335,8.208968270000938
64273f69.qasm,512,282.52643209999997,success,18,1.0,0.8684698996881809,0.8684698996881809,289.7693827353482,289.2162475119182,291.3087039792575,288.5879640372955,290.1437688506666,289.0391126231017,288.9736211879047,288.5946366043241,88.25850938543117,79.38492218260959,54.12010223869692,89.29316701185817,67.32434466121487,70.99726213303312,55.850581058947164,121.09867097800557
6457f235.qasm,16,0.22334520000000002,success,12,0.8882419483630556,0.6856564206458216,0.6090287949820834,0.5039994812095354,0.4681590970411415,0.48970829477176375,0.4948215368201982,0.5024335559186776,0.447162714979195,0.43290926474401137,0.43606823244518694,0.42943293174780484,0.4232732879395197,0.3952437555768919,0.4411720088674748,0.46621454971889975,0.38972339307118425,0.47473953396639834,0.3525727755960962
6457f235.qasm,64,1.0101255,success,12,0.8882419483630556,0.6856564206458216,0.6090287949820834,0.7978839271586793,0.749252307801166,0.8388586813645685,0.7614400816441568,0.6918266003545289,0.8160316775982455,0.7200479947489412,0.707228439921555,0.5625345814705113,0.5206558780437724,0.5352068798791099,0.5546837559344577,0.6184262261685624,0.4591311824208067,0.5915644136719149,0.49506228257042995
6457f235.qasm,512,20.677099000000002,success,12,0.8882419483630556,0.6856564206458216,0.6090287949820834,5.90384202487952,4.333669107700907,5.661758685692858,4.685880101406536,3.715437684462624,3.827808832239333,3.4701606388118527,4.285858296771272,0.730097540900106,0.6975804366287379,0.7490823617126061,0.7066061110900974,0.7504222881606459,0.622591479284707,0.719290120193522,0.5888200333241751
64731b8d.qasm,16,2.0507906,success,25,1.0,0.8686723694118128,0.8686723694118128,2.0711155455089005,2.0677332569489217,2.06736922268295,2.0716257740781105,2.06908830915501,2.0692840859160926,2.071266314951378,2.0653854195297803,10.462638046181237,9.426755348401503,6.749108171513019,8.874845487565372,10.916292276414874,8.352104365442067,8.102916768985205,9.936786220132776
64731b8d.qasm,64,12.590871699999997,success,25,1.0,0.8686723694118128,0.8686723694118128,12.548471706889588,12.53294115502615,12.580462484019943,12.523025707023992,12.54620382627696,12.602195675070936,12.57265981995202,12.657768527529862,8.592263314824992,7.57121288432688,8.356493011293965,8.842058777883125,9.518086184597763,7.9354954381623894,7.554581591613061,11.68146864057463
64731b8d.qasm,512,496.20632519999975,success,25,1.0,0.8686723694118128,0.8686723694118128,464.92629907099206,460.11983329375875,474.5315160986439,469.11057278117306,455.5457610763426,464.48960383811846,461.4960992126966,464.705803215027,107.24617890815772,103.0714372837591,71.40668210282402,105.53008090647094,84.73800629168024,109.3786281710048,86.63536453264273,195.97298478295073
64f32748.qasm,16,1.9956137,success,24,1.0,0.8692470403643394,0.8692470403643394,1.9963088070256947,1.99570398400123,1.9995198366512352,2.0033421378146987,1.9958190938267608,1.9964876344155298,1.997463466535489,1.9962877726910195,10.937423836450332,10.2094091631919,6.767082264199262,8.78751150320834,13.26914294301745,8.403341267831765,7.732928791518982,9.840426968469517
64f32748.qasm,64,11.509393199999998,success,24,1.0,0.8692470403643394,0.8692470403643394,11.455101857526193,11.441227886520693,11.419753486825565,11.403968816758756,11.415222283561958,11.460006893637708,11.4454337874048,11.453483297862252,9.617653366565545,8.545867879066297,8.498746988077276,8.597503743203161,11.318629325596275,8.067196085925712,6.789298686416611,11.392780291477312
64f32748.qasm,512,437.9071593999999,success,24,1.0,0.8692470403643394,0.8692470403643394,437.47544893384315,437.6274202525971,436.83786081641676,437.61448377998283,436.8044759058715,436.94054352967515,437.44559131253794,437.67561542333397,125.29168903675063,103.44525342097413,73.1912861083987,119.95598043520106,107.60793015085957,117.95422765347466,87.53897354425938,243.9794071020084
6533abd6.qasm,16,9723.491495600001,success,128,1.0,0.59611046718771,0.59611046718771,220.9317025270397,216.96806522885524,249.42350377023337,264.3408578748865,218.6025007708587,252.09539197166953,239.86787279530202,259.05077922705067,337.18055415605,387.8770552691866,337.83093783604176,436.6805139948869,424.87882379126665,361.523059953531,438.67613750367224,386.3753036572973
6533abd6.qasm,64,232.80990819999994,success,128,1.0,0.59611046718771,0.59611046718771,71.35270204581992,80.3822885834311,96.49923734073312,101.68165916755493,98.42407268872452,92.62681386720128,88.57606804641414,88.67260625114875,81.97034711030302,96.98664732690256,82.28989391827434,90.10238493912681,77.46293265670595,80.098719801407,78.73597717152634,87.29092772768522
6533abd6.qasm,512,14399.999999999989,timeout,128,1.0,0.59611046718771,0.59611046718771,1335.4325475222538,2048.694511081352,1844.5922815219978,2012.6211240596092,1691.4687137469143,2270.07643783244,1595.260624827682,1938.624609693837,2320.6036550141175,2783.0960739167112,2449.169932183058,2915.041914602302,2593.4893625895184,3317.693864718269,2969.0950586181493,3314.1141013234915
65dcd512.qasm,16,0.5612492,success,16,1.0,0.589975767313125,0.589975767313125,0.2684782578026527,0.30721420710268194,0.3030511666277085,0.29199271057056875,0.3096356655061863,0.33026669432713973,0.3187255485953606,0.3065560466676027,0.6241071369608175,0.6476231738238553,0.8335895197200691,0.8456120998495719,0.5335660213723357,0.8348638059027533,0.750659750423039,0.8384459093577478
65dcd512.qasm,64,0.5177774,success,16,1.0,0.589975767313125,0.589975767313125,0.33640353469185047,0.3566715972828255,0.36293779462992604,0.34636409884830566,0.36226910472067286,0.3547820507790719,0.36354179019191174,0.3596681029996992,0.7704778682450266,0.815602884340071,1.0955447092063582,1.100557025274201,0.9255500339293465,1.0866690409476587,1.0465321804373797,1.211941749448172
65dcd512.qasm,512,0.5506512,success,16,1.0,0.589975767313125,0.589975767313125,0.3318097339241243,0.3526501435937036,0.34228372830356796,0.3147369372700134,0.3619752322245064,0.3422631138911655,0.3619320392239001,0.3583376584964294,1.0865620519520154,1.3117898140037645,1.529739348684382,2.223191797597199,1.362163548200579,1.570270330898786,1.7158208922432956,1.6462389414587235
661be484.qasm,16,879.1681902999999,success,21,1.0,0.8656293570786464,0.8656293570786464,642.3282081468493,629.4211231879701,613.8315850676256,676.0303702165166,620.6591470752211,587.0051588136164,610.4695979671839,626.709319903628,41.90959043795234,42.8057678947254,23.061003408231127,48.745448837875685,27.175226599774,37.4427097374744,46.31453426485076,27.89077064393294
661be484.qasm,64,505.07029809999983,success,21,1.0,0.8656293570786464,0.8656293570786464,641.4887257806847,566.0849899046034,583.47662130663,609.9572642085327,591.7037207999359,532.2753594508689,521.7173388776595,579.587148824995,8.394971071933014,8.113734715733267,5.4420264930089255,6.908857031949402,4.967981138710415,7.333308380409091,6.447939360221422,5.315194424612629
661be484.qasm,512,14399.999999999989,timeout,21,1.0,0.8656293570786464,0.8656293570786464,13770.219049356367,13563.97625213128,13617.262855779203,13787.510541486174,13400.62912873087,13689.39099191021,13536.827079063061,13779.920116488274,700.1508159932338,643.0244374426619,1092.3743010341327,916.1664515131108,935.340430657301,831.5551326785376,609.5046684650707,768.445384899617
66343f14.qasm,16,0.1837175,success,3,0.7,0.780283446293878,0.5461984124057145,0.1962787849426065,0.20034973383875052,0.19346264442187544,0.19958704360977647,0.19636530167055974,0.19734982493565045,0.1979685899160998,0.19697827365333778,0.2662629148547022,0.2692423780080201,0.31479691379392377,0.33493567600038726,0.2486080925288933,0.30174195783936486,0.2916037890582412,0.29751488524626024
66343f14.qasm,64,0.17714659999999996,success,3,0.7,0.780283446293878,0.5461984124057145,0.19240634132220819,0.20276500515210186,0.19181388776690353,0.19670896290606746,0.18890555529084305,0.19573233195687342,0.1926069767632021,0.1987136052371097,0.3662256683241498,0.40360745422422056,0.389808323811511,0.4882735196101867,0.3606562516592315,0.5141740077273653,0.4370509359799756,0.47242802118210087
6694b099.qasm,16,13.838370900000003,success,1,1.0,0.3534690396527926,0.3534690396527926,7.406814377529866,9.44917814473579,7.199397572555786,8.097662313470854,8.190213481671064,8.806105748626848,9.640828358911413,8.608602431135107,5.44046920920468,4.641586314952808,4.348551303016901,5.928368138918859,5.295871669096751,6.5446827070322895,5.367529003958436,6.420738124746373
6694b099.qasm,64,13.804308500000001,success,1,1.0,0.3534690396527926,0.3534690396527926,7.2372492767925625,7.577737782410234,5.042918786876639,6.2904822630429935,6.4652141757164125,7.086242857791233,8.234588925987671,7.362754706761863,4.566859185795003,3.723636305669323,3.4576566170863456,4.243126945036649,4.651352711484172,5.190419224391732,3.898853249477052,5.234655337661436
6694b099.qasm,512,13.781358199999998,success,1,1.0,0.3534690396527926,0.3534690396527926,9.113159687366025,9.134239103791954,10.031311130650776,11.602381578430135,11.106611705582942,10.183742298560748,9.103904924387257,10.126931364745738,4.961689979355044,4.813295101095164,5.220840750343494,4.8756056968480275,5.767724342656271,4.74597031159628,4.82537411671563,5.404743960527363
67346cae.qasm,16,0.179131,success,3,1.0,0.5439183952295202,0.5439183952295202,0.3317579989040407,0.29501721602458364,0.30641401576526256,0.2969638952482592,0.31270266241680533,0.2636808747522774,0.2757698896401721,0.28269075761620927,0.22991016663400604,0.22517857267473276,0.22011310255029176,0.21258245700528,0.21563499797910843,0.22602534174731254,0.21205774864119967,0.2189156624496085
67346cae.qasm,64,0.1538984,success,3,1.0,0.5439183952295202,0.5439183952295202,0.3269162550110339,0.2886640474207911,0.2968405217664758,0.2867768958748921,0.2958754408583215,0.25637245666437947,0.26014675479160093,0.2768190884855362,0.33017044990617767,0.3105893512591554,0.291474560276442,0.2734561522874678,0.3295634679942936,0.33129417862046895,0.2947590540766169,0.31901224162808767
6740a375.qasm,16,0.1709286,success,1,0.042719170020387186,0.39367419485959154,0.016817434862845926,0.17963690599269747,0.17776747124339853,0.18312786095172456,0.18381559121356408,0.18092415960093378,0.1858784445243741,0.18383580031785582,0.18498784878383231,8.308131802303363,8.759732363315312,9.75284155586519,8.27456742978081,7.154677660484352,6.271808076091704,6.675555640745057,4.955756347066363
6740a375.qasm,64,10.014619999999999,success,1,0.042719170020387186,0.39367419485959154,0.016817434862845926,9.065476811366459,9.384110514930374,9.116798504664661,9.045003897801006,9.16656879792096,9.08772914154372,9.056995068297889,9.143236007395979,10.476944404031284,10.506953572986294,10.522544758414998,9.538490519060584,10.768870076391059,8.262241281941984,7.899977637090596,6.890728346124052
6785591a.qasm,16,0.21514669999999997,success,2,0.4123282700205777,0.8023075964489783,0.330814103268175,0.1924639872123964,0.19294881727386587,0.1963980818165409,0.18965978722747448,0.1919479990951692,0.19424346088790193,0.19375928423959524,0.19287560475376125,0.2841664580384318,0.2514432801721757,0.29858453937032986,0.2507053320485414,0.2663759119689689,0.24003817602122823,0.24907929032742415,0.24154962546398243
6785591a.qasm,64,1.0548189,success,2,0.4123282700205777,0.8023075964489783,0.330814103268175,0.9627779494842071,1.0438203687936047,0.9721146917955561,1.0740118377655805,1.0112873595700007,1.0630687842572306,1.0743297582896125,1.0379213976652064,0.8435877566091388,0.8893208956626459,0.8060444620647058,0.8401911939771992,0.7985176320249434,0.7716306846792808,0.778296338662732,0.8802221684810915
6785591a.qasm,512,0.22718,success,2,0.4123282700205777,0.8023075964489783,0.330814103268175,0.20212837149632795,0.20379912360909277,0.1992640261765127,0.2005032592387803,0.19715429396593775,0.1987573886055321,0.19661108109778294,0.1993862656949336,0.41152280172672545,0.29517198606110495,0.4410405099280299,0.3569820528605894,0.30778148628269786,0.27434215814359475,0.30578085396095017,0.30851887935502537
67b5fe45.qasm,16,397.968539,success,32,1.0,0.5639599988872716,0.5639599988872716,566.1634421650425,554.9265027286414,458.4382836864549,471.5364778035262,523.3124498358939,561.9887215883463,563.4963979353633,533.2013810184868,34.82292106036004,44.136929885239994,33.864135102992506,46.69202257036256,45.80211020820336,39.55818226308878,49.52334135466786,43.56612528947149
67b5fe45.qasm,64,113.48249140000004,success,32,1.0,0.5639599988872716,0.5639599988872716,242.04221641913628,272.33045070034143,232.7333242945521,273.7073805718847,247.83531544514466,279.2944919618616,283.3197094379311,275.19946217689073,6.859659550463244,9.71092378610907,7.344819275241702,9.514062223156706,8.82038790746959,9.328473193341233,10.845777716338986,8.063374918024598
67b5fe45.qasm,512,1642.6080189999993,success,32,1.0,0.5639599988872716,0.5639599988872716,226.10290224085784,193.46483028090555,248.92476013562083,246.55014203231357,179.23046337529752,157.51962977577207,140.05648987727335,208.03241767900832,15.422494333926517,11.834754506443131,12.360472105374651,8.292003032383084,12.679815925809057,11.213686127363555,8.453331779923598,10.00714192049651
67f3547d.qasm,16,1.4342771,success,2,0.4442063492063492,0.7658407646794289,0.3401913301516479,1.8870055002297799,1.6446166471209402,1.9717327963818825,2.3886866918140828,2.185613181149393,2.0135222515360702,2.2728504795590165,2.198402217738605,0.4836086806429292,0.4347317157645869,0.49584450998206275,0.49973107323876026,0.5148424948687582,0.47349500730552374,0.44629717946583897,0.4454933712278086
67f3547d.qasm,64,1.2461029,success,2,0.4442063492063492,0.7658407646794289,0.3401913301516479,1.8888224213651819,1.794405461969769,1.9667924927929579,2.384249470021012,2.220956184643471,2.100991288325842,2.404423387664623,2.256197275591524,0.5967750286021233,0.6540740015055405,0.6523042675973887,0.707620841237523,0.6637767974727922,0.6240651581135404,0.6529600478511662,0.6290812496887018
67f3547d.qasm,512,1.4320807,success,2,0.4442063492063492,0.7658407646794289,0.3401913301516479,1.9618966069952934,1.6956842615692547,2.0196126641592262,2.4419289886531494,2.215799039112418,2.0850365200728853,2.3130131377675136,2.169681100605629,0.4757637553282548,0.45753783734123116,0.51938703139381,0.5277485724871966,0.47427854319247503,0.433095369220445,0.44004636909995926,0.466958144471231
68528bdf.qasm,16,0.18044680000000002,success,8,1.0,0.7895838214265274,0.7895838214265274,0.32214484808046534,0.3056904089146678,0.2867940691831357,0.3049078583357332,0.329050582724874,0.28249560709354804,0.3122559798092226,0.31722660798505914,0.5423572077130633,0.4881364974617797,0.4569077270585205,0.5147024514996922,0.5608599750213711,0.4940775130656074,0.6138340221493797,0.5449737529954093
68528bdf.qasm,64,0.16605900000000004,success,8,1.0,0.7895838214265274,0.7895838214265274,0.356351262866767,0.32921521366740303,0.35007907007658756,0.3357114822624444,0.372920053960459,0.3702737202972845,0.3315593750054985,0.3590138229020077,0.5780906138465484,0.5339109848106288,0.5310724946326807,0.5216081568413391,0.5635447340289506,0.5477497592489685,0.5114940167740233,0.5351919653412746
68528bdf.qasm,512,0.1813397,success,8,1.0,0.7895838214265274,0.7895838214265274,0.39143764380730406,0.39512493817410005,0.3705549212566601,0.3394369128863034,0.4381151474183063,0.4028951629250435,0.3799446424059448,0.4078590914079365,0.7372808865658381,0.46462599780294195,0.6312179206310967,0.5943417524524723,0.7576888502975933,0.7026424933297097,0.5764706648030203,0.6237966746337303
699bd83c.qasm,16,724.0946028,success,128,1.0,0.4680775713691723,0.4680775713691723,351.16274441266404,323.1361821044977,300.49305999249515,246.23282435125319,317.95602772167854,238.91392722053354,243.75813237727715,238.42818661268862,40.00132996961099,34.26331491093557,33.696832699610994,28.36445327743029,38.850575421142075,25.270731932251795,28.077339441265,23.470302744795884
699bd83c.qasm,64,1079.0000190999995,success,128,1.0,0.4680775713691723,0.4680775713691723,245.18175005194257,252.71686721926764,196.84343337966988,180.5105975681117,219.47856853418085,211.0486730442969,198.44014543796382,213.8233925131332,76.25136201844865,73.05894874933426,67.93613256893194,58.405131803580076,64.67782418126866,59.002547939261035,52.39711072850446,65.61819683066442
699bd83c.qasm,512,14399.999999999989,timeout,128,1.0,0.4680775713691723,0.4680775713691723,10864.608791671431,9733.451402111246,8200.131861679576,8934.878062174363,7972.996614179958,9859.426098363856,8482.97661654892,8582.342470010408,1486.0837842118156,1510.0167216338302,1842.5003751197435,1450.9326666125635,1531.663827284559,1579.5938083868234,1542.2962215360997,1947.194210000578
69c7223c.qasm,16,0.9718195,success,28,1.0,0.8711334316981084,0.8711334316981084,1.4251900202867416,1.2411251576536477,1.2393265428905231,1.187422310619466,1.2997976974376173,1.2620722759720238,1.2251295579703514,1.2630390020323767,0.48711022712068436,0.4109022270189126,0.431340401081458,0.4259495611313671,0.5143184703637432,0.4210486722126708,0.5015717722608842,0.4006658143802616
69c7223c.qasm,64,5.8605898,success,28,1.0,0.8711334316981084,0.8711334316981084,2.9274859267336173,3.0824967565762456,2.7215355212610066,2.768124745119534,3.090901374590085,3.1934601713566537,3.3954257833285726,3.5302746633059163,0.7704480465855069,0.6960817190828196,0.6120241396758759,0.7382313566920866,0.8761557951061689,0.7406669297733459,1.0207331961588442,0.7390032236164269
69c7223c.qasm,512,278.43948709999995,success,28,1.0,0.8711334316981084,0.8711334316981084,98.7555031284459,97.90912930276846,74.89185789467324,82.43471695863155,100.11820393607152,109.50693858084067,102.23265555903174,119.76239263079046,0.940644635354919,1.134039164783919,0.7915751455731865,1.2993296942612924,1.4339405843403277,1.270165952309378,2.3288903530453,1.675504787879655
69c8191e.qasm,16,0.1765269,success,64,1.0,0.5900996383026766,0.5900996383026766,0.1760573172676185,0.17633816660564408,0.17646260067941863,0.17602534676013198,0.1754030096956142,0.17430979053266937,0.17600930989449612,0.1755612330813029,2.329518349574128,2.32475840704081,2.469546536161729,2.6110833381574605,2.5176201480229925,2.0593901786790747,2.578656069963672,1.988907096889587
69c8191e.qasm,64,1.0784193,success,64,1.0,0.5900996383026766,0.5900996383026766,1.1049074943028765,1.0511410409433828,1.0845289186745402,1.0250677221710967,1.0397009580988201,1.030809521950484,1.0504447167596256,1.0607313946674652,3.4341111516372065,3.900113334273102,3.7437286917069046,4.669500570443126,4.5327816686917854,3.8178184629101874,5.717184788751588,3.969367561501798
69c8191e.qasm,512,0.1721093,success,64,1.0,0.5900996383026766,0.5900996383026766,0.18515240312612985,0.1828314631560206,0.18197773654110103,0.18426536859629591,0.18175355980999247,0.18770265245636272,0.1834674030042234,0.1849041293479543,5.805878833336943,8.788775994421144,7.603371327057676,16.855484163874944,12.437018695753736,8.237391866892406,13.543062961808824,8.239870413489243
69cf1b12.qasm,16,1.8664405,success,22,1.0,0.8686216567048216,0.8686216567048216,1.8567691835954083,1.8595253617596565,1.8967112012947434,1.8640367319744018,1.8599759593039489,1.8665090299997285,1.8653880808773133,1.8663632894472029,10.017197190448979,12.110733357158336,7.704603982446016,8.736393528493297,13.90095574376599,7.2194897870738215,7.838666728880284,9.288253283782321
69cf1b12.qasm,64,10.711429399999998,success,22,1.0,0.8686216567048216,0.8686216567048216,10.674690767840254,10.672954507475133,10.643455450977717,10.64179421452268,10.662144658345886,10.653519842505972,10.651158798482253,10.632241791155298,10.21414103014646,10.729798405099052,10.390220640901306,9.835308276530684,12.458322250079105,7.859128543321611,7.128775668226687,12.08898047751806
69cf1b12.qasm,512,436.15847559999986,success,22,1.0,0.8686216567048216,0.8686216567048216,445.00054610307035,444.49357636482307,442.72208518958536,444.2815843799139,443.45077482820443,444.42281726590573,445.01257400807236,443.60726250951325,143.0299346404835,151.99850735476377,109.34249131139538,142.4808420227355,109.36134996378479,109.77442454991532,96.682070718501,258.3128066322351
69e799fa.qasm,16,1.7161594,success,21,1.0,0.8688253050563136,0.8688253050563136,1.7485939062742022,1.7449009425141875,1.7372588041218833,1.743698714153644,1.7347327754795459,1.738804227880456,1.7338216793820724,1.7438107215541983,8.84184132198989,11.947280321182548,6.960805669799208,8.204769819347973,13.58693072300126,6.61831017032413,6.729380850829323,8.801292707142025
69e799fa.qasm,64,10.0683018,success,21,1.0,0.8688253050563136,0.8688253050563136,10.09256958409569,10.11172674394148,10.10537776533472,10.099795176555418,10.12778904407448,10.050249391166702,10.101604989402247,10.066173498811628,8.683190096161377,10.448031946235535,9.12340162690819,9.354347062520244,12.02560719885452,7.813576841029787,6.565038244549181,10.933153630237978
69e799fa.qasm,512,403.8135676999998,success,21,1.0,0.8688253050563136,0.8688253050563136,404.52074835992755,405.5964714155632,401.46339258713607,404.50727546125114,403.43395078471605,399.39671047507306,402.01292461714354,404.2907272520297,126.34339597431091,148.64572564153985,97.75127752728768,130.45887088764508,109.4005975700508,99.84414981541536,80.07449017103262,211.20972006809276
6a5034af.qasm,16,6.6179706,success,80,1.0,0.7025953679788997,0.7025953679788997,87.9961097696707,82.68597752136942,60.96847403172815,60.12848083044641,71.30128936561918,75.82067383851778,57.54282268581111,64.62355115063956,79.07546886048078,87.37969984576617,44.22042625346389,63.50167797924736,62.42253974325307,65.07480558914607,66.32956493031865,44.286312247840584
6a5034af.qasm,64,4.0574428,success,80,1.0,0.7025953679788997,0.7025953679788997,29.566980602381367,23.400615335206066,22.04432915533413,19.773577233440754,19.78518573166615,25.027456817949844,22.476786865881138,22.954451194144767,31.309349875056153,33.443579058679646,28.54869444501962,37.76988346704554,26.447797100454835,40.57678812299056,37.113707606496035,35.40186894966628
6a5034af.qasm,512,6.5558647,success,80,1.0,0.7025953679788997,0.7025953679788997,283.6466658637151,278.3581879068361,247.99696078234,249.17218968595253,190.15619982348193,150.9331427916795,194.60588458632344,220.5710334131488,29.321872079145173,25.387920961805307,24.2870997186617,19.17433304873484,40.8389193952257,26.66036648636159,23.970928550882885,24.56890750326852
6bc3891b.qasm,16,0.17711910000000003,success,4,1.0,0.5521327852657261,0.5521327852657261,0.2589420664898676,0.24555919951467456,0.2615851716295225,0.22509498601486794,0.23202108996825302,0.23134468416989376,0.240422162878819,0.23690468413686167,0.31469253032682476,0.3527960608448237,0.24891725999092024,0.3132340831769692,0.3304931326805218,0.29460614814675296,0.278887340350665,0.29290798645902016
6bc3891b.qasm,64,0.31236659999999994,success,4,1.0,0.5521327852657261,0.5521327852657261,0.32803408814055685,0.29456822019123075,0.34658912693548416,0.2763125669797842,0.3011345546954558,0.2902961896455894,0.299416070700294,0.27807067741655445,0.35399720976220317,0.3765923423430493,0.38861552108767583,0.36956398851875055,0.4356527774739953,0.3750629713922056,0.35993770604746145,0.38274591292925386
6bc3891b.qasm,512,0.17175660000000004,success,4,1.0,0.5521327852657261,0.5521327852657261,0.28626726260690016,0.26379223560648657,0.27624663391764365,0.22214117784409484,0.2574717092314393,0.2518441802075719,0.254724915731095,0.2408961453852042,0.2948269179421575,0.35942026084945133,0.27766541956516655,0.37715762152754156,0.3660181891924655,0.3366235267479159,0.30955577658667405,0.3565799370814129
6c69bcc7.qasm,16,1.8685516,success,23,1.0,0.8691538602145815,0.8691538602145815,1.910446223212987,1.8880758928162296,1.9019621051611186,1.9017928805033157,1.8899499550938892,1.902055394820208,1.9026369332586133,1.9013049731249572,10.9246636393004,12.349323396760548,8.33630067872254,9.772920322663387,14.853146820688211,9.2191942792914,8.742687867335798,11.049807358237752
6c69bcc7.qasm,64,11.340408599999998,success,23,1.0,0.8691538602145815,0.8691538602145815,11.311498243610789,11.303316626466177,11.320732944647672,11.345304364236064,11.172912010637907,11.253136462900164,11.31916594717982,11.279194345675975,10.706760654970969,11.233539556774392,10.795296791322876,11.123403407959543,13.056883193924538,9.706171377575986,7.879872446785169,13.209486098493226
6c69bcc7.qasm,512,472.5519850000001,success,23,1.0,0.8691538602145815,0.8691538602145815,463.8137313061257,467.23904003450394,464.61216748030046,463.6802792377518,464.68894382450327,465.12451128455194,462.83620219707274,465.44410055231185,165.62768494034404,158.34535712115252,121.994200251273,168.376123630006,137.79763628725186,172.75806460809838,106.18757417702396,307.789604140952
6c848dc7.qasm,16,0.1774831,success,4,1.0,0.8924454243968314,0.8924454243968314,0.20666827976537214,0.2154427162039069,0.22428952987476858,0.20118257237943923,0.20379644166902036,0.21668722051394182,0.20985943045178318,0.21044310297803923,0.36309414605299556,0.4173104855301533,0.455779732231446,0.432871034179944,0.45456533129350296,0.4139178831544098,0.41055233690087956,0.4490382043943149
6c848dc7.qasm,64,0.3084388,success,4,1.0,0.8924454243968314,0.8924454243968314,0.2481577616262803,0.23038344246020342,0.25117303177427297,0.2164852104453098,0.22637724731680423,0.23546526336343812,0.22938589405868665,0.2215111297413634,0.45832614957296597,0.4356016163743964,0.46947515410219226,0.4732161127743134,0.4695063799042718,0.4488684755312145,0.4325532840402692,0.4262838611653932
6c848dc7.qasm,512,0.1831113,success,4,1.0,0.8924454243968314,0.8924454243968314,0.2037087016804872,0.2136000085890736,0.2274662490454236,0.1963671609576359,0.19777303625377723,0.21545954760409883,0.2074861968244231,0.20750318811229293,0.42772091464690487,0.43514142827625146,0.4539717458996769,0.428907999870337,0.4302705861099469,0.3858301953052935,0.4047691230050157,0.42908954873426775
6d2833ea.qasm,16,1.8673472,success,22,1.0,0.8689957851867532,0.8689957851867532,1.8633670885814857,1.8639283691848176,1.8616746551920895,1.8645576048507846,1.864714744122538,1.8613497523099811,1.8629733724880195,1.8647408707439923,10.017197190448979,12.110733357158336,7.704603982446016,8.736393528493297,13.90095574376599,7.2194897870738215,7.838666728880284,9.288253283782321
6d2833ea.qasm,64,10.6146131,success,22,1.0,0.8689957851867532,0.8689957851867532,10.676267803813893,10.664640763340609,10.664860272362237,10.711932898452286,10.679668160179382,10.70368843581471,10.677065107298574,10.67913740468459,10.21414103014646,10.729798405099052,10.390220640901306,9.835308276530684,12.458322250079105,7.859128543321611,7.128775668226687,12.08898047751806
6d2833ea.qasm,512,436.21131729999996,success,22,1.0,0.8689957851867532,0.8689957851867532,437.2842216804253,437.04998713187285,436.97480932839426,437.3242077939816,437.44017774655316,438.584659267859,436.91434305174596,436.572201161036,143.0299346404835,151.99850735476377,109.34249131139538,142.4808420227355,109.36134996378479,110.3705592652552,96.682070718501,258.3128066322351
6da6ce61.qasm,16,2.6050772,success,26,1.0,0.8687809321290844,0.8687809321290844,2.579721276740827,2.5830283448547715,2.5925044176630667,2.5903138156998113,2.590575166018276,2.5831805439096582,2.5813449234050774,2.5818714295442553,15.025879738938222,14.918335595045884,9.810527917264698,10.583110695902542,14.934515880846808,11.924345756333386,11.597015342062956,13.556597975246863
6da6ce61.qasm,64,18.417722099999995,success,26,1.0,0.8687809321290844,0.8687809321290844,18.383707781467255,18.35912929961244,18.523040011500594,18.473989587285814,18.333502393510496,18.188329250770167,18.33807108784702,18.326421308482114,11.891446645449106,11.9135617305704,10.864890535532174,9.509144959815476,12.995743856862937,10.645094172024459,10.946348776950972,14.187659755465067
6da6ce61.qasm,512,709.6141829000002,success,26,1.0,0.8687809321290844,0.8687809321290844,704.4721920946689,703.6129017197272,697.4925615112784,702.5773341550837,698.7847865621501,705.2492799642097,704.5816403441534,701.118405437708,133.9899594436609,152.09672233128717,96.85450490028623,108.51948007198253,119.53738781933303,122.36789931283566,136.2850748089068,259.27028992321345
6de17b5a.qasm,16,10.0667903,success,118,0.9941326175519402,0.8073974182673916,0.8026601088268407,2.148910059867249,2.6190346896199745,2.247554213951951,2.855766873651492,3.0792630112440325,4.099902253057971,3.2349946373337954,2.5991607479579604,12.217625138548506,13.53368827622708,14.774432684086348,12.631751128651729,14.804585390331074,6.700947411480346,15.347456809452442,7.485641613230608
6de17b5a.qasm,64,53.133645300000005,success,118,0.9941326175519402,0.8073974182673916,0.8026601088268407,9.471006934705114,8.951964981688265,9.584536949068635,9.669013190067105,9.180266437070975,11.65870586313083,10.157431525987752,9.559271823158538,12.334097097208623,14.26065769817107,14.685793587005072,13.18394244878845,14.67208994365016,8.265902920150985,15.775592569178096,9.124623296748688
6de17b5a.qasm,512,1966.0381447999994,success,118,0.9941326175519402,0.8073974182673916,0.8026601088268407,9.238247962511828,18.731685895592676,10.287866190697105,17.288580529567195,31.748077524873157,30.999348925837808,28.51463268637136,25.640288117773494,21.115705802491927,45.71362946832002,33.04691286734525,64.00118878419326,50.09981204212534,41.13952697975106,83.83849630455414,47.84857957562633
6ee18f92.qasm,16,0.172242,success,12,1.0,0.5658185056108891,0.5658185056108891,0.21430439063449175,0.2154015669806705,0.22324722556322588,0.2166732394173439,0.22574097446187505,0.22082014971416167,0.22210948068232192,0.22578274276676183,0.2792246246505492,0.3359349734327129,0.2877133104163665,0.33883785208442346,0.322907540785017,0.3670715092420866,0.3243933349262796,0.32119790338588755
6ee18f92.qasm,64,1.1563193,success,12,1.0,0.5658185056108891,0.5658185056108891,0.9931101382136338,0.9751956803499922,0.9945070042626187,1.0224278828465043,0.9610155191119438,0.9801685914437432,0.9470984321045147,0.9742755216846786,0.3122722385959891,0.38559113636010206,0.30472415654459156,0.3539920422375837,0.340583025007119,0.4004155751770588,0.38486868087435844,0.36142520809510914
6f16ddc6.qasm,16,0.18066420000000002,success,5,1.0,0.6518100903835047,0.6518100903835047,0.18907760045828576,0.20727274215956037,0.18966254763227797,0.1937415075634396,0.19043877222023003,0.19456871645425278,0.18990507051332725,0.19812756295354922,0.23003261898088437,0.24538954051558773,0.2250295719964874,0.23512349958843837,0.22555045912788038,0.22789938730606069,0.24186664443953942,0.2332426887904068
6f16ddc6.qasm,64,0.1723963,success,5,1.0,0.6518100903835047,0.6518100903835047,0.17935276264736383,0.1859092292430756,0.18226940938527336,0.1794502403797248,0.18643102020574062,0.18166608010175314,0.1820850662604908,0.18147214548359475,0.28010772870019957,0.2885341916283716,0.27925764418901927,0.2716914517625836,0.2686093587418417,0.25187064404670584,0.28588427456022314,0.2590897629161772
6f6328cc.qasm,16,6.304043,success,15,1.0,0.689991535094707,0.689991535094707,6.062695449474253,6.3550201607768795,6.548253759389889,6.232777228863583,6.120812573215824,6.276252245445565,6.333290984543385,6.397878360097069,4.605455787990215,4.205008778349895,3.613345248558304,3.3449382844409414,3.428604889239102,2.407839688232332,2.6016086654298696,3.239021156474994
6f6328cc.qasm,64,0.2283101,success,15,1.0,0.689991535094707,0.689991535094707,0.19658132398150366,0.18289760683327538,0.19879853002908565,0.18590618874404308,0.19312209225717003,0.185522397239372,0.18629975474205082,0.19979173342477946,3.954813687989837,3.8042846530644225,3.2259411993690033,2.810480751697017,3.016470260257731,2.2937163367928375,2.443181593960807,3.1518689453518887
6fef948c.qasm,16,10.714402200000004,success,9,1.0,0.7081569005358943,0.7081569005358943,7.648096913774969,6.717742914071218,7.981602405749102,7.022811576116402,6.927362062842466,7.501160189710587,6.492498306884969,6.667313375874209,8.735099679721094,8.29341901965333,11.005317195060677,9.19190545235964,10.2229614012168,7.919401664005369,8.61061424402565,7.645717558250107
6fef948c.qasm,64,0.5896737,success,9,1.0,0.7081569005358943,0.7081569005358943,2.9614370135905754,2.4276206358088124,2.8175346510457033,2.2922782389365497,3.036990192493628,2.844012893856234,2.365411420979886,2.7884068500706536,5.658890537758482,4.897999581638231,5.572655207310104,4.757956747098277,6.356630077424038,4.817538084748038,5.0908789635587315,4.882028840658409
6fef948c.qasm,512,7.8826795,success,9,1.0,0.7081569005358943,0.7081569005358943,28.390040893744438,19.061085277011827,30.921414486447595,13.20496457674636,23.19294795009188,23.527586700302017,17.5514795430932,18.325764851207555,18.923706574663512,13.14465651557214,22.51592504691115,12.66550418774942,15.591241592643938,11.398961519226768,17.6275346479303,14.345741994396695
700c376b.qasm,16,2.0538495,success,25,1.0,0.8697805818620089,0.8697805818620089,2.0383997690072997,2.039658106024718,2.0325047353360084,2.0374048623205474,2.027115304830408,2.0396451402565043,2.038440996073854,2.0382001015489926,11.382492750883515,10.603549393450105,7.280637685189233,10.082496848158097,14.023634609185962,8.974443247686352,7.767927563010491,10.109956770800828
700c376b.qasm,64,12.202639099999999,success,25,1.0,0.8697805818620089,0.8697805818620089,12.149050185606155,12.194713404711713,12.131016994534068,12.194621606408994,12.135370870498607,12.119665078767225,12.17007161041758,12.301023360510134,9.588279389416705,8.883095526968223,9.293394853904926,9.691896036898948,12.458558990401785,8.869260416951713,7.09364410935283,12.11763223600262
700c376b.qasm,512,480.9286841000001,success,25,1.0,0.8697805818620089,0.8697805818620089,497.72942592076396,493.5505505040035,496.52767777023877,497.25573646217947,496.01959469952374,496.404609493134,495.74063427119313,496.71921786302687,124.66333444012314,108.94511119846239,81.81008252276813,128.322237191695,122.38025254587633,133.9228421549878,88.91861707613691,250.9178448263293
7063be19.qasm,16,1.984057,success,26,1.0,0.8686204892008197,0.8686204892008197,2.0183593894515246,2.0045142030047187,2.0277313295505976,2.0260184104067416,2.0013771356071883,2.034910845895606,2.011410297267759,2.020155156068577,14.670554053871866,15.844626814399273,10.315367892265819,13.063104977969681,16.514962256281457,14.765379902259168,11.932179100151233,13.285582986785903
7063be19.qasm,64,15.381964099999996,success,26,1.0,0.8686204892008197,0.8686204892008197,10.957987680778285,10.787349161038636,11.01740198508752,10.908371077277938,10.722812379565877,10.991738213267581,10.871263043935775,11.015725544773446,13.530712140998496,13.686786860988434,12.591021464637965,13.048606572024692,16.86260353182078,16.201557951546327,10.884911852244208,15.861433623083787
7063be19.qasm,512,699.658068,success,26,1.0,0.8686204892008197,0.8686204892008197,684.4051072413904,691.4157152962108,705.297357902429,697.7333195976906,694.0504594570767,698.7390705624408,705.5892128041284,690.9527903350174,195.31912821224472,220.04846304008655,157.36039876582788,217.0954593085148,199.42342168208447,279.0999528362943,186.38784608717862,435.43441331085825
70d5d461.qasm,16,7.1855928,success,28,1.0,0.7672158309299932,0.7672158309299932,5.612390482790261,5.53614243501752,5.805865278623035,5.624233170891785,5.581708016492642,5.689837589276566,5.727549154568201,5.7572366646656965,0.7791514593370399,0.6001955513245542,0.7000288518079137,0.6988792804037539,0.739045672983991,0.7384041912367754,0.8001120906842024,0.7123978248993452
70d5d461.qasm,64,0.1600138,success,28,1.0,0.7672158309299932,0.7672158309299932,5.968349382498558,6.037637051744367,5.211413674881664,5.257043912288482,5.513855089178098,4.937374119791627,4.7465044141264725,5.209350252475019,1.0319164011493205,0.8896033448330567,1.112427209357952,1.163399773779125,1.0247731796661153,1.0396393908334345,1.3001487196363724,0.995739524154127
70d5d461.qasm,512,8.8462365,success,28,1.0,0.7672158309299932,0.7672158309299932,468.06571161129835,407.4853224608479,358.5671513234228,370.349503866393,326.40365040467617,384.1742240583236,336.72164913921546,360.76426258083023,2.260813772444034,2.617397090230652,2.3211399873257537,3.148266131181787,2.049016096388733,2.6388238997940614,2.9308844130583642,3.360932310961373
711cdd0b.qasm,16,1.5356056,success,18,1.0,0.868494185266658,0.868494185266658,1.503512028557401,1.5224083150367869,1.5115659596566076,1.522876159037647,1.5179866428600175,1.493179901696468,1.496331703465849,1.504352039651321,6.373230171760411,6.214632779061353,3.4306188280245475,4.456667890588446,7.776794386487866,4.185552271429123,4.201965099985588,5.401039764331892
711cdd0b.qasm,64,6.9356012,success,18,1.0,0.868494185266658,0.868494185266658,6.888020024746768,6.860002462795117,6.912330966798511,6.909497138532868,6.872186877483748,6.915467156996153,6.842524709525069,6.9356007542073135,6.325244704038425,6.268127724695416,4.980280594091156,5.6135491849957475,6.876780123435434,4.664606380220157,4.782843154349999,6.904469598296515
711cdd0b.qasm,512,204.2237956,success,18,1.0,0.868494185266658,0.868494185266658,204.20661108615855,206.75090076803718,212.8760540288433,202.94833672634533,205.2771201582858,208.27980943380717,205.5713290649806,208.62949977512324,67.96186428734269,49.57155888017662,35.547829554546176,63.92104326188174,42.76849467024162,41.353718288570285,41.17184857933163,85.18465061087471
72b5f996.qasm,16,0.1764023,success,32,1.0,0.6697554705005289,0.6697554705005289,0.2951926453879953,0.28918718184820225,0.27570699192108394,0.2680212349458917,0.2864601136729146,0.2997797698101192,0.3196689697616673,0.30101194268833775,4.92895941614294,4.769435320475934,4.48226362675683,5.745464200844462,4.974700679402127,4.290747385894897,5.341098844064502,5.1493834918866215
72b5f996.qasm,64,0.6280924,success,32,1.0,0.6697554705005289,0.6697554705005289,0.9896503317159897,0.9578054307971839,0.9626755181567596,0.8686806729218629,0.9345520097473691,0.9585580661702229,1.0359684745872986,0.9381501680655631,5.259285374734926,5.865297395997127,4.26024467825378,5.652669109766605,5.5330869467845405,3.8046562009897715,4.064608025903978,4.520849842410996
72b5f996.qasm,512,0.1757353,success,32,1.0,0.6697554705005289,0.6697554705005289,0.49066080094745324,0.5264129046772529,0.3875441814376173,0.3738891180432785,0.42564356550101223,0.4591613820853407,0.4759657160268313,0.4651700849001144,9.231632299754391,15.090453574220355,9.192677447676543,19.77350324949564,16.677341707395037,16.75293696057433,17.477201997759813,19.16861772549403
72cc2f13.qasm,16,15.445616199999996,success,18,1.0,0.8213884298503223,0.8213884298503223,11.369620159770985,11.396162923650369,11.208856105867962,11.075288010768052,11.68566693307692,11.447817054393266,11.221291153928147,11.032188727173185,16.105538543046116,21.09517516048605,14.144786281167228,22.25952839439542,15.801427042596549,17.326027890651865,22.26566247852591,15.723156462985912
72cc2f13.qasm,64,25.191536599999996,success,18,1.0,0.8213884298503223,0.8213884298503223,0.7221820525849518,0.7143055289409495,0.7287179287921313,0.726278829506999,0.7210346692943843,0.7075961358248523,0.7300449778444815,0.7143172361354213,1.4320287216501548,1.9188744814686458,1.1081220189343364,1.8328737082392292,1.3453951858071909,1.6196030465252829,1.8308526985272036,1.4273502759126753
72d8892d.qasm,16,0.955442,success,31,0.9979485583629076,0.8087444107039449,0.807085318746061,0.44383150508287667,0.6161302092361538,0.55115586956617,0.6614030329068072,0.8438220036247431,0.7396836496101052,0.9640473663337923,0.8391482534657425,1.1659452313570469,1.3169572157826201,1.150654801420119,1.6397708355002971,2.081644066917386,1.254237743853703,2.041597036363629,1.490523896846171
72d8892d.qasm,64,5.2796491,success,31,0.9979485583629076,0.8087444107039449,0.807085318746061,1.6149087396091761,1.7989393785925605,1.6233879235269786,1.7838133916203927,2.38149638760667,2.118754538453527,2.5730771482782906,2.218345097636749,1.895671789150701,2.630067370993438,2.2008219107007085,3.0700686504530896,3.6779497206976632,2.6485900349990006,3.559720910823397,3.0310506507546537
72d8892d.qasm,512,142.81771470000007,success,31,0.9979485583629076,0.8087444107039449,0.807085318746061,2.8298332395760895,7.393905066545842,2.3613203437538033,4.403182098856249,7.829402740193387,7.25631022361988,10.000436638298074,6.698043183752077,2.1657225001828824,5.071277372397518,2.8770994923197706,9.606558899033821,8.191719601532098,8.085439533755142,11.561233049739071,9.48401922409905
73191d24.qasm,16,0.1741543,success,7,1.0,0.7248238933052291,0.7248238933052291,0.2457479152020053,0.2692269557232099,0.26458314768983654,0.27183871018903544,0.2516517354533075,0.26110235293690476,0.24691975391317444,0.26213172042261024,0.3540983520182325,0.3501314643229801,0.3315123243131993,0.39382732887020605,0.3493884436627938,0.374186636171149,0.369334419472367,0.3513989276636563
73191d24.qasm,64,0.1658449,success,7,1.0,0.7248238933052291,0.7248238933052291,0.2690269947121054,0.26508023452624446,0.2813978536010486,0.2783877555189227,0.25659218503970027,0.3064331943947823,0.26069175015203205,0.27095489578239823,0.4427051181110982,0.4327177768395416,0.4207691529734199,0.4641975857978247,0.4211253683700624,0.42734521682648235,0.42805848213088704,0.39395246935744527
73191d24.qasm,512,0.1710847,success,7,1.0,0.7248238933052291,0.7248238933052291,0.2358602778096703,0.2515703542857672,0.2647176726681021,0.2695244876021728,0.23569846522419774,0.26250489684978606,0.2439178516141912,0.24216846635738212,0.3567024135832603,0.34342707890266516,0.38097067110722926,0.3915709653406105,0.36037260507441876,0.40510683020448474,0.3950373578755761,0.36054364663132343
7337baba.qasm,16,0.17470819999999998,success,1,1.0,0.41029417455794404,0.41029417455794404,0.18230954125751378,0.18050145240112353,0.18274440990917384,0.18246223918141283,0.19113245836958764,0.18306494602716586,0.1852765318875982,0.18417991212409446,0.3766120931999178,0.3866575811990101,0.3495583629613609,0.4887353655522541,0.355440907170553,0.4090990685944756,0.3729463766645895,0.4289706336705106
7337baba.qasm,64,0.1769813,success,1,1.0,0.41029417455794404,0.41029417455794404,0.19287563145821895,0.17882697635687414,0.20069461562769655,0.19145435680099768,0.2012476917050955,0.1863927712315726,0.19057756725802222,0.19176721292390136,0.48642665001649005,0.5028761988178904,0.6044364165079106,0.6493719322678942,0.49912726690820514,0.6368842209232575,0.5840431026399323,0.643421788410201
733f4518.qasm,16,280.2611961999999,success,24,1.0,0.7893465693186873,0.7893465693186873,237.52737371721503,232.94374922655317,243.35274943482577,253.50553495875815,233.26547092846045,237.10487738155837,240.83921245624495,265.58207764353534,42.84402453831246,46.66718424393121,23.034713124334754,54.651762928900396,29.757487544770246,43.21593915018814,43.87624312762392,30.739784462771063
733f4518.qasm,64,27.346887899999995,success,24,1.0,0.7893465693186873,0.7893465693186873,50.78053730024593,47.08699188422661,50.48632665433462,53.935421802423555,54.8825728453712,52.777031950605306,50.46249941480672,58.11918111975284,4.656533828229581,5.145363800994477,3.2011714382101486,4.797328806978724,3.4897521314288746,5.662049813146683,5.1606020721478325,3.513459694702091
733f4518.qasm,512,11435.180826499996,success,24,1.0,0.7893465693186873,0.7893465693186873,9795.409992614233,9831.526961444088,9993.002865647535,10228.360869366097,9211.026907331236,10210.053232186076,9674.051856759801,10593.01723317783,190.96291378966194,180.33837031716436,141.80103619220316,139.8619313986635,154.70809424005665,138.06412451186227,130.22311107386219,122.19297923051681
73f498a0.qasm,16,0.586508,success,8,1.0,0.5176568383202546,0.5176568383202546,0.3820941892709688,0.403406926934205,0.3637581720060712,0.33351433331137476,0.404115024599431,0.34273102996835103,0.3735238478196451,0.34656607814901497,0.42423932018166727,0.45752455638023504,0.38845039011284427,0.4939874385976176,0.40216995837414127,0.3791623301692399,0.34395085623455096,0.3604089806818281
73f498a0.qasm,64,0.9841235,success,8,1.0,0.5176568383202546,0.5176568383202546,0.7973626030823726,0.7199939964422337,0.8026160463989443,0.6868492590090469,0.7865335769560211,0.6842708211399393,0.7635504500708216,0.6616647328577326,0.8851948634805966,0.8941727490218746,1.1065228555190287,0.9596425387179536,0.9839736464072714,0.7767488365595905,0.7233758158955147,0.8132274614907394
73f498a0.qasm,512,1.3402632,success,8,1.0,0.5176568383202546,0.5176568383202546,0.6109635496699585,0.5950505122450256,0.5268911680493358,0.5043847617299224,0.6705950366920846,0.4544414212399643,0.5639827848810629,0.5032653095831379,0.5755613167413322,0.6385319483634853,0.6066908551292295,1.0138586121479503,0.5738310827396729,0.6076271418366924,0.5626216338102872,0.5005456535817716
742bfb51.qasm,16,14399.999999999989,timeout,48,1.0,0.7279145943269125,0.7279145943269125,11606.177182540136,9956.898166014184,12176.145234811156,9641.827331628445,10664.254768391418,8930.539367931864,8704.441389982298,7152.7797034906835,12083.115312318216,11191.098983596768,11242.551962329711,10098.39567918956,8254.91753682776,11060.285268756186,9748.724334147328,8779.171516329518
742bfb51.qasm,64,14399.999999999989,timeout,48,1.0,0.7279145943269125,0.7279145943269125,10548.157071844216,9510.82489824116,11229.652350170005,8861.945116526393,9556.333832144666,7483.304730638893,7590.058562757852,6025.403084295429,11158.168678561744,9747.124716952387,10538.914915356965,9936.991645695738,7504.526443526407,10334.384149157619,8566.046955262696,7231.477539907798
749ea355.qasm,16,0.22915330000000003,success,128,1.0,0.659406865018169,0.659406865018169,1.1107033996604436,1.0165331839555116,0.966331213505228,0.9416187188278782,1.0899710478854032,0.7582485799813748,1.1367915335887124,0.7975451884211603,57.948989601552285,36.105008416389076,64.5042838750515,53.84397605132838,44.71852489139699,24.926327550005908,39.26539472855054,32.350422503160424
749ea355.qasm,64,2.3689134,success,128,1.0,0.659406865018169,0.659406865018169,4.614507589114966,3.830943037431595,4.263090578909031,3.540231711379837,3.911054982060183,3.416557285948185,4.104688225014006,3.1862282059419065,39.110896219523084,22.806787068173634,39.73142302631674,29.6560439043088,25.767894878553157,14.386529188490016,23.747181894723745,15.982899774782485
749ea355.qasm,512,0.2225618,success,128,1.0,0.659406865018169,0.659406865018169,3.104960451912776,1.6798872243443395,1.505882967205812,1.8757124333534008,2.0169446662048687,1.405780741461028,1.8164742940922962,1.4291133338211954,57.58331477847483,71.5451955226829,78.76609382295446,83.83479048906997,80.61097084752063,63.62604440230811,81.58060413388638,68.1779974633719
7513561e.qasm,16,1.7643061,success,26,1.0,0.8696222375588183,0.8696222375588183,1.7389364435148384,1.7556022888025433,1.7516800338677947,1.7542405371113903,1.7576746072296894,1.7581783148965964,1.7644603723463084,1.7490894552763565,11.424500424419334,12.467208338510021,8.490255349695378,10.534478858671195,14.203052826649204,8.761058307275624,8.976359645900503,10.565975436866536
7513561e.qasm,64,13.212665399999999,success,26,1.0,0.8696222375588183,0.8696222375588183,10.658904943969445,10.540667129534123,10.97769637477048,10.978170146639235,11.087094895539186,11.137412368481703,11.154551184491357,11.12536750771965,11.2633248354287,11.787111079995535,11.62425588222498,10.335845242406362,15.606881803724807,9.94729500745396,9.188759076986136,14.384209253636719
7513561e.qasm,512,574.2641708,success,26,1.0,0.8696222375588183,0.8696222375588183,575.0002968542647,572.5916590396204,561.2881589823401,566.4175512258247,575.4403138274228,579.117799520342,568.9596971029172,565.7412987799194,165.3055775664746,161.74314641282973,128.98672974903116,187.78537740287857,164.93876737755474,169.92349297833704,147.01921706004345,373.7838513305887
75137edd.qasm,16,4.2534029,success,16,1.0,0.6326652201975462,0.6326652201975462,1.387994991865989,1.3863677106719996,1.3861992777897458,1.339848954351303,1.0463345929442962,1.2264985473016687,1.2737845855618,1.2523547633477135,0.7845160961224417,0.8836331944900825,1.2572580404964486,1.1215392935521467,0.8574815473363557,1.0365769079072087,1.0019548222258858,1.084773182776535
75137edd.qasm,64,0.1687236,success,16,1.0,0.6326652201975462,0.6326652201975462,0.9813352846654938,0.9688548928572228,0.9630731311286854,0.8536835911100125,0.6524343019649322,0.8209684978475253,0.9225489553261988,0.8036825633007463,0.9042843235225385,0.9603947984194828,1.3678159231121274,1.3562458559098873,1.0681517191613563,1.1701115458563331,1.1315633912389342,1.1996363971410604
75137edd.qasm,512,6.0661241,success,16,1.0,0.6326652201975462,0.6326652201975462,6.27345934651015,9.728037445231598,5.942726344879631,6.715157629092459,4.113113127505623,6.093789340660976,6.239224743115355,8.880452250415399,1.6329319333112,1.7998842003986326,2.5281869571001105,2.640053265635911,2.1813250965991737,2.0461686587059886,2.195557690513289,2.5970762912738783
751d7ced.qasm,16,2.1812843,success,25,1.0,0.8692061991968818,0.8692061991968818,2.1965676585174374,2.1965363484209806,2.197203599031318,2.196998865689537,2.198512791171178,2.197243530113861,2.1975983586268875,2.1980539135463144,13.383775429553094,12.58002651054663,9.383938565735054,11.900279919054878,15.396228872500913,11.840302115827168,10.302102072989044,12.05958115121635
751d7ced.qasm,64,12.570806900000001,success,25,1.0,0.8692061991968818,0.8692061991968818,12.669156654344732,12.673482683083133,12.667016990024589,12.671284268468709,12.670526625338312,12.668823016542563,12.676002953353397,12.673137453314965,12.3069552448725,11.646578112165695,11.97479999925259,12.260956181380383,15.176122236947247,12.304622453275522,9.317140692373682,15.019748854818504
751d7ced.qasm,512,525.1337435000002,success,25,1.0,0.8692061991968818,0.8692061991968818,522.2879782917034,523.9488504199596,524.5765698315179,525.8880178647519,524.0822393033684,524.7360550866057,524.6486842390582,523.4033251522245,175.90169178460786,173.77496260590218,129.6141367871276,181.6672465319619,163.16285378373018,210.8936753376203,131.4529702810409,383.1297526786847
752a65aa.qasm,16,1.7403424,success,21,1.0,0.8684100292882747,0.8684100292882747,1.7322483914308413,1.7395461623698423,1.7286501150839748,1.7294343853628396,1.733788929503377,1.7241564699009562,1.7339823333459763,1.729593462099498,8.804252916924279,11.945640540576395,6.94161344998299,8.210228010454552,13.58693072300126,6.61831017032413,6.68041745697865,8.734094164698822
752a65aa.qasm,64,10.069334200000002,success,21,1.0,0.8684100292882747,0.8684100292882747,10.012835534176887,10.059850913858488,10.026002353737136,10.036412995014036,10.0476693965958,10.093101393472084,10.08239980808038,10.081230239078272,8.714653324687685,10.81146411893394,9.185352667113206,9.39697906516171,12.02560719885452,7.853802755561093,6.551175511593056,10.94239214730179
752a65aa.qasm,512,411.4862542999999,success,21,1.0,0.8684100292882747,0.8684100292882747,403.39378303794234,407.0799890697871,408.02175493478506,397.99903320709495,401.90231311652394,403.5913779239683,400.9987594372484,403.57823165432455,126.75981884338326,152.63145623188984,97.75127752728768,131.053431137667,109.4005975700508,100.36452249026541,80.07449017103262,209.87419977814318
7548d858.qasm,16,0.5394256,success,8,1.0,0.869306525372607,0.869306525372607,0.5437833442848972,0.5328842924131572,0.5466471422109302,0.5331742083032996,0.5412573183357346,0.52686958612799,0.552147770125522,0.538505647733962,2.096415109333387,1.4069972770612496,1.2694416127494594,1.29779300785049,1.5644312970048575,1.1223273448561517,1.2489770130927373,1.4534444098066972
7548d858.qasm,64,1.3349159,success,8,1.0,0.869306525372607,0.869306525372607,1.3330267504789162,1.4803923037131181,1.314972043298969,1.361083370918394,1.3392357218783484,1.3904519684771444,1.4215405750216892,1.3728770106118349,2.0854631184871932,1.6696197181196413,1.5279285754566876,1.5835712545379246,1.560991894359672,1.2631916678777066,1.4518073590243323,1.9240042261375119
7548d858.qasm,512,3.4632725999999994,success,8,1.0,0.869306525372607,0.869306525372607,3.167050877167801,2.9877915584821015,3.5007063938226333,2.7843698796426355,3.2562838171831987,3.290229108840344,3.1379502177756087,2.9616295896233598,10.645741747191092,7.052009528678044,7.619946836330876,7.942199558535532,7.559636198112544,4.702821616522152,4.725563432667864,6.276444482782691
758554e0.qasm,16,755.0281160999999,success,8,1.0,0.7620586159286025,0.7620586159286025,1096.718289654233,1022.365838149304,1610.679789530257,1296.8232871658697,1443.376344519807,787.4703044044046,1055.7800740043547,899.4618531117757,37.61848444103491,30.724555200140387,22.94042378333363,18.42302632110036,23.002427764764747,40.64658074537486,19.981124594801486,28.32186410425343
758554e0.qasm,64,590.6946547999999,success,8,1.0,0.7620586159286025,0.7620586159286025,995.1523310478176,818.9001596211956,1230.3488108387567,1055.5121444390857,1142.8286542322517,643.1229509622916,822.664259993255,802.419717554204,17.468291902208573,14.42797424078553,16.472016800509724,13.351468967350296,14.304848720323587,22.47167934961715,9.891995159266006,17.606995195724696
758554e0.qasm,512,592.4959399000002,success,8,1.0,0.7620586159286025,0.7620586159286025,680.1044548935149,395.3239364455292,782.4301187178888,594.56073439219,923.4057759096364,332.71800767486457,459.72126514960405,416.3789108604433,142.56031689920545,129.61513120163244,149.62907633888054,52.01509656625545,84.77889365449057,89.68798936066264,41.84115144195732,90.16803953733422
75bd5cbf.qasm,16,42.215876699999995,success,28,0.7571504053100657,0.6894462008447245,0.5220144704090681,9.420989968448975,8.35726404484378,11.087233158244315,9.092146171393097,8.66801850844156,7.246948116886281,6.895051360536164,11.228448625593472,0.763013123464941,0.613473526755207,0.6824411198710872,0.4883936812635814,0.715336015618878,0.5393994314808639,0.5794216553634824,0.5402634963215653
75bd5cbf.qasm,64,15.9747854,success,28,0.7571504053100657,0.6894462008447245,0.5220144704090681,10.650420216695746,11.067660856832209,12.580862859228855,10.304837697619462,9.268484157443357,8.702198956126042,8.334320283780558,11.94257059046415,1.5563928139126244,1.218315488336191,1.3218678883523993,1.1478515802879692,1.218414311951769,1.1086572148236105,1.151340009559904,1.1450211183240544
75bd5cbf.qasm,512,41.622736499999995,success,28,0.7571504053100657,0.6894462008447245,0.5220144704090681,19.834051498542813,19.358690134415262,19.90449160278401,17.521128973095763,23.064168693236173,19.880185115500968,13.63354982512967,23.071567197900496,2.196398938910133,1.309549654456312,1.4399470187811827,1.1587934160920235,2.6809147248973364,1.5445816518959465,1.7079124799371581,1.3325780889460774
76034335.qasm,16,0.16997750000000003,success,6,0.9642857142857142,0.8091430875860748,0.7802451201722863,0.2178202219274702,0.2310342231068704,0.22592075489371335,0.24114804713403104,0.22976017340651933,0.24233979445334894,0.24540474108000745,0.2359871795245938,0.3673770060384386,0.3882810826905049,0.5421554493924708,0.507360577348205,0.4232312693540679,0.5055565308815446,0.5415844241896016,0.4901365663892005
76034335.qasm,64,0.7581466,success,6,0.9642857142857142,0.8091430875860748,0.7802451201722863,0.28237082286895804,0.2636547501175627,0.278561563353946,0.29754480886962414,0.24630391531047066,0.2789833292366434,0.2824642434582345,0.27959780957117275,0.730925702697201,0.7371408192555704,1.018666437175696,0.9793689442780787,0.736137007502158,0.9770954950036714,0.8866849302360348,0.9062517048564944
76034335.qasm,512,0.246009,success,6,0.9642857142857142,0.8091430875860748,0.7802451201722863,0.2047020320676425,0.20974685339806892,0.22347513888815207,0.2299349327831706,0.20851247226750277,0.21971633236584695,0.23168792948904818,0.21551626904438154,1.0252719108084922,1.2599408314376415,3.944768056882323,3.90386628943729,1.563721749461873,3.1122066061417732,3.363775050286805,2.5329046682609184
76d0b692.qasm,16,22.912727,success,33,1.0,0.7576628682230119,0.7576628682230119,24.07290371004491,23.57449985122502,23.75444836109579,24.027537561636493,24.215279673396093,23.719801687361784,24.2255710559125,24.16641649061255,40.72595587885601,46.04786170117952,22.059315021154184,46.62686203491334,26.478429467669645,45.02204574426364,56.00100007953333,36.17512331311149
76d0b692.qasm,64,4.2618177,success,33,1.0,0.7576628682230119,0.7576628682230119,1.5287428377727406,1.57274412268644,1.5712857045394582,1.551922634941728,1.545746391122686,1.542568051813666,1.5650240038984933,1.5678746826677852,3.3779434555696186,4.125196756286978,2.149381395085044,3.5221964498750076,2.543441961856199,4.492914458719479,4.636288105482,3.8689943280586325
77a3a480.qasm,16,1.6496207,success,19,1.0,0.8683125622661833,0.8683125622661833,1.6467195978463944,1.6383402083784313,1.63691964357899,1.651932801940584,1.6520710389308686,1.646885311062643,1.646655026163211,1.6469978827048133,6.824198445592196,9.717185994824632,4.897323503769382,6.247389466522387,11.398746759083382,6.084772186344206,5.091591763103558,7.505294461722966
77a3a480.qasm,64,8.934466900000002,success,19,1.0,0.8683125622661833,0.8683125622661833,8.940175423421257,8.89806640469957,8.921469501266278,9.003847562983111,8.877716276274672,8.903860756352335,8.88579372572657,8.873401622200273,7.236963800247437,9.538993111547567,7.053113808316585,7.859296059960468,10.597289348418048,7.28750335776853,5.497236438528039,10.016041222858963
77a3a480.qasm,512,343.5808607,success,19,1.0,0.8683125622661833,0.8683125622661833,339.79337283595686,339.067036027664,338.0158078387929,338.89712092200546,335.35702648909574,338.7630526269563,335.0193384041145,336.63785398886,89.50322877498705,114.40468186021947,69.40631633116683,106.1017706889657,87.11506413945224,84.15833905318229,68.3596622828627,167.63182393547376
78adf5c7.qasm,16,4.0229352,success,56,1.0,0.6397449578154965,0.6397449578154965,3.1803406465613047,3.117261340561156,3.17999488138989,3.1668223730971214,3.278748929328927,2.9806849267313646,3.271663012937587,3.330682084663133,2.869933578695185,2.4895710898405596,2.7305142713282353,2.6338146094235375,2.8252848384479674,2.3208529149163493,2.911496243064115,2.3409950389347305
78adf5c7.qasm,64,10.8530249,success,56,1.0,0.6397449578154965,0.6397449578154965,9.823823240434846,10.052516915355667,10.985806767183615,10.337243719903288,10.998895035729928,9.968674309541745,10.425774101681998,10.778488984220827,3.2406443549461215,4.255875782901945,2.8940630547198114,3.290208576871892,3.937893298208106,3.203800482416004,4.239406010269774,3.272905526542442
78adf5c7.qasm,512,527.2902871999997,success,56,1.0,0.6397449578154965,0.6397449578154965,220.70162122873955,262.79183020280516,256.84850347003885,276.9665402173722,304.7283794727847,259.7356293577736,394.63104775404804,299.54414040239755,17.614848447742563,19.624644037880426,16.635381618743665,18.41655663423317,37.05216159502115,18.116929545315582,25.58364616002951,19.970966659521437
78f96e37.qasm,16,1.3827565,success,16,1.0,0.8684529897028708,0.8684529897028708,1.3969453462272539,1.4087750722813983,1.4030015499934236,1.406808859351958,1.4218297566725837,1.4119336060815155,1.4180605956928858,1.4133838515130301,5.027251291726729,5.614221038668955,2.888306809435615,4.015360326989575,6.047125359239528,3.4811103853865126,3.8927540129753817,4.1357153364818675
78f96e37.qasm,64,5.7355776999999994,success,16,1.0,0.8684529897028708,0.8684529897028708,5.797033801685386,5.748420067341957,5.744777793756041,5.7858413688725445,5.733296979314682,5.803254913675676,5.763085462334298,5.7262413148405304,5.5143715560604285,6.10200477769592,4.210633624499723,5.078109307991963,5.676862281959218,4.072272412519874,4.388171370607317,5.430890250904776
78f96e37.qasm,512,134.27502299999998,success,16,1.0,0.8684529897028708,0.8684529897028708,135.38718170492035,132.4135455710222,136.08431965141028,136.09162040561932,130.61915008313358,134.63690694701512,133.7372205530223,134.79978424756158,45.070436196757875,41.518885010068544,30.133771076352723,59.14720604915806,33.48959837283666,26.72452454633846,34.82866361023301,44.17424310054999
79b12d71.qasm,16,1.6729174,success,21,1.0,0.8693405589457277,0.8693405589457277,1.6337644893539334,1.6405914890336069,1.6309716873686408,1.6409226081613222,1.6569972649824725,1.6447218234131018,1.6419075506205165,1.6208015556553512,7.673454847738298,9.455248590044661,5.478569651434673,6.78508424733189,9.856582479283345,5.690690605358944,5.496597083746527,7.221794620569117
79b12d71.qasm,64,9.5001241,success,21,1.0,0.8693405589457277,0.8693405589457277,9.60177294971577,9.434301889168541,9.395526222310172,9.518840943756956,9.59647440041071,9.411462738361502,9.47151812703487,9.423087868879271,6.940966839119054,7.92723763845478,7.120448814704676,7.525602924575084,8.021772406740496,6.172670506429831,5.382708970551209,9.050528912654057
79b12d71.qasm,512,344.1290951000001,success,21,1.0,0.8693405589457277,0.8693405589457277,340.47635414883433,336.84207415427574,340.4368246723435,341.92879985253535,338.08733624142786,337.91566632158856,338.4968908140247,337.3007721659941,82.03070918961528,89.78067570631327,57.144955289262015,89.26435645423236,64.37100150008602,65.09959819922231,64.37496784197735,141.24673314232524
7a0c7e70.qasm,16,408.48818259999985,success,24,1.0,0.870115470354523,0.870115470354523,537.9799774539175,484.51993150098934,479.8583769688196,462.4356169399782,573.3472695759511,510.4839089300232,493.1918165425945,473.8376907833896,43.02532591378544,43.66506443392785,21.017404570219885,46.91836255700337,25.010163341393213,37.76503676765942,44.80425238819977,28.213022867752894
7a0c7e70.qasm,64,280.2108366999999,success,24,1.0,0.870115470354523,0.870115470354523,635.9896742354651,583.0964438696091,574.7889363736217,554.6040589681274,629.2014612574017,579.9269254895386,565.623941115901,546.2558121143604,8.022498903124351,8.08196789243275,4.756344080085356,6.56897034999917,4.368274742319114,7.326931138922727,6.230854246317005,5.455441988610038
7a1c98cc.qasm,16,3.4877635,success,8,1.0,0.7445870269359807,0.7445870269359807,0.3336329112836319,0.2934689452386249,0.3113919833264085,0.315232527727142,0.3037008841693448,0.30914448815763,0.31372364091556193,0.2820625372429699,0.22792785206873534,0.2332754453539665,0.2356580308880836,0.21794318370240306,0.21269548223310658,0.21275454841360797,0.22606992521632271,0.212923814501883
7a1c98cc.qasm,64,0.6781891,success,8,1.0,0.7445870269359807,0.7445870269359807,0.3856083565261713,0.30607837055146614,0.3411166163046315,0.34408771160337914,0.30683191823938444,0.3318841931724178,0.32137640208358326,0.30810180555705907,0.23581793370809462,0.22144675490192364,0.230626085134097,0.22017100778524082,0.20371027200145464,0.2107577166310964,0.2130551276788686,0.21485126624190096
7a79f013.qasm,16,438.9453946999999,success,128,1.0,0.24625286509847116,0.24625286509847116,206.88405413228918,220.42473648412428,195.67754266051517,183.79418287460584,221.0295580868909,192.28951621477077,181.01898322801034,236.7699937452031,63.30087835753983,72.45392848032681,55.24729809120295,88.38836928920314,42.04339477840455,64.39476405698298,70.43478171561856,64.18917685169019
7a79f013.qasm,64,923.3542458999998,success,128,1.0,0.24625286509847116,0.24625286509847116,123.84006457289573,133.56679972468183,117.53583653509087,101.21837839778637,139.78627877709687,106.9667887060666,112.82419026378719,126.30925404332955,127.42797994494241,109.11971172660277,110.12202007295005,123.64098995199838,113.63929530269809,112.44823280301854,113.64071292015892,108.30390373821037
7a79f013.qasm,512,14399.999999999989,timeout,128,1.0,0.24625286509847116,0.24625286509847116,6540.751480546785,7195.631871901353,6977.8062110455285,8257.209168379002,6949.113588900719,6925.802300375807,7258.229599506513,8442.337127988903,3117.5462515079294,3939.047068037908,3965.006154409035,4217.708938075962,3040.0548619394162,4042.909198157389,2735.1505743912567,3943.2731842531257
7aad2132.qasm,16,2.6700853,success,26,1.0,0.8693241268406668,0.8693241268406668,2.679497257905313,2.6816610466188884,2.6622234451867417,2.6764474480717437,2.6984590421075394,2.687437052911069,2.6711732645607174,2.6717533971658307,25.165343191689523,21.76376934020504,15.61958661057475,17.77562047724768,23.17066543775782,19.266187537708596,16.45847133204184,19.751241915681035
7aad2132.qasm,64,20.941539600000002,success,26,1.0,0.8693241268406668,0.8693241268406668,21.013060528491124,20.973947243883128,21.031884160818823,21.170441455051026,21.202104168468413,21.080888597299392,21.161554146669282,21.09544136411741,21.25915483101416,20.199476246912948,17.46670319107266,17.558953637766603,23.077726168016074,20.382827781467434,16.069699268346373,22.419819445974024
7aad2132.qasm,512,959.7448176000003,success,26,1.0,0.8693241268406668,0.8693241268406668,1029.2074160517882,1018.0389649499517,933.0124215452528,965.22978571892,1020.6894917230566,945.2209247089247,945.809696504978,935.3474915690794,310.01105868774096,338.42128756018053,238.74406846515012,256.1463129928907,286.8769660514667,368.28873452586066,269.2325903678067,677.2106397757735
7afdbe61.qasm,16,2.2713569,success,14,1.0,0.7440926139657951,0.7440926139657951,1.7558620657889492,1.8770380721012445,1.7691853536544528,1.6831766964186934,1.8022912246366831,1.7332627563863698,1.6994945502969545,1.7016231122779277,2.719035585444699,2.4426314250436825,1.8398531897406174,1.8925812270500324,2.0737972066483192,1.3368102133416855,1.6007458636985636,1.8144353644314262
7afdbe61.qasm,64,0.1793947,success,14,1.0,0.7440926139657951,0.7440926139657951,0.25032726696363383,0.229131043306108,0.2362805925456429,0.2461867078774693,0.2416135623574004,0.24676704621825132,0.24057121012513338,0.25721604490160915,3.339508959883278,2.9540449776238655,2.0085907021369294,2.2093672634962553,2.116385460909292,1.5860065524160496,1.8289310609291878,2.309919748334012
7b19558f.qasm,16,3.3083295000000006,success,64,1.0,0.4476889260737071,0.4476889260737071,15.344049703352983,16.01652855728021,17.668979480950412,17.057848390686367,13.09630430869288,14.164206734313744,16.197663655664535,15.597027083851629,1.8774519973700274,1.3829946469599954,3.371860807634005,3.9916876821913987,1.8259793248013676,3.2060480543469683,4.190773321993939,2.7902879593167564
7b19558f.qasm,64,2.444386,success,64,1.0,0.4476889260737071,0.4476889260737071,3.325847198651881,3.046041532855697,4.671524451134904,4.272854201910938,3.293208636344791,4.346314023441602,4.115839645047466,4.638458898848028,2.5752250780866577,1.990767513697431,4.691413764386005,4.503162843450566,2.398477513601748,4.091467112267797,4.349228978405691,3.5165946014633533
7b19558f.qasm,512,3.3641784,success,64,1.0,0.4476889260737071,0.4476889260737071,18.260536758344024,15.555951419538276,16.531254020196542,15.809381163230436,20.37568846507107,17.864614136801045,19.466986887808677,14.602384047642326,3.569233778404182,3.0847830575627952,5.9035751466042745,4.46810835860075,3.296646611501201,4.234619195266815,5.886466040487723,5.009573590875299
7bab61ca.qasm,16,75.00299399999999,success,2,0.10158616865658705,0.7277260523281546,0.0739269014876002,13.253897344955472,13.40708834398675,15.536711615943958,19.135384581151598,14.483079735657936,19.213528302721986,15.779530318424769,18.720708847993475,0.576706865163665,0.6443424245453725,0.652262354751576,0.6125369582669523,0.6369222796026879,0.7648411176857091,0.9667810766743873,0.7421220237878103
7bab61ca.qasm,64,43.55957699999999,success,2,0.10158616865658705,0.7277260523281546,0.0739269014876002,18.83847756980708,19.06964509023055,22.964410315390474,23.94784192086497,18.57252714057388,24.10747506884992,20.834466014477606,22.858288271906805,3.9076049472786454,4.968875942739585,4.232763892122659,4.655335931804757,5.11581270875607,5.754811930477569,6.376178786549485,6.104177195492131
7bab61ca.qasm,512,74.85026579999999,success,2,0.10158616865658705,0.7277260523281546,0.0739269014876002,19.25050735268305,15.253810933084948,22.19654257143144,20.03446607521946,17.066693344992554,20.058686421500656,14.909409531312377,18.35662864137142,0.9574134953922868,0.7555580896058871,1.2471657722105247,0.8095246762606805,0.7146639132257817,0.9235521428394358,0.8916981508698295,1.026808956118145
7be7d477.qasm,16,2.4134915,success,26,1.0,0.8696314753308425,0.8696314753308425,2.395939468783174,2.4068535999870724,2.398661663313081,2.40119238389782,2.388953165902549,2.4010676799978823,2.40081677597612,2.3939526438739134,18.909453720259965,18.508805048838123,12.702798177357263,15.249380754147776,20.027404616258025,15.940634949144652,14.534367429169203,15.09455156687118
7be7d477.qasm,64,18.077428899999997,success,26,1.0,0.8696314753308425,0.8696314753308425,18.31625178731585,18.56311395743476,18.95679966275599,18.237744078295297,18.246588659614012,18.11676465233428,18.576641004798503,18.476460890116485,16.707557397434577,17.12555978678387,15.467827019629478,15.668979497813611,20.70920437468862,18.491107253352716,14.994809222777569,17.604204003929528
7be7d477.qasm,512,843.0826304,success,26,1.0,0.8696314753308425,0.8696314753308425,866.8735705561699,854.2322710278012,875.1964297420338,854.2368744575598,858.5103721277337,835.0017528623075,836.4797047028518,862.6376661812844,265.6440683624742,265.446916492543,186.58707902880772,243.03734803363028,250.73208459690605,313.8889623782135,233.91441013214987,492.1905882658958
7bf0f1bc.qasm,16,2.098813,success,24,1.0,0.8692313669282197,0.8692313669282197,2.1257572667464117,2.132395190817572,2.124851215761586,2.1267354885620677,2.1256072454260866,2.1251308547832255,2.124430089418551,2.1265542309191483,12.65600853979858,12.300196928856964,9.12927058188237,11.837608745130506,15.48613984518528,11.130698839421122,9.961447196620453,11.569493536371736
7bf0f1bc.qasm,64,12.182565699999998,success,24,1.0,0.8692313669282197,0.8692313669282197,12.138710182626383,12.118519384972162,12.156362606531728,12.14343325134085,12.130469802577052,12.150245946664397,12.13855470373665,12.11655240518373,11.911367831193854,11.32430970285689,12.001049865594272,12.237185365144416,14.444757604864893,11.294221409754995,9.091168024759154,14.583454531057415
7bf0f1bc.qasm,512,495.0731022999998,success,24,1.0,0.8692313669282197,0.8692313669282197,489.66737759831256,491.6018142124125,494.256944989763,495.46000748039546,493.2211118492825,495.3491538547267,495.2737307689196,495.1590205837403,161.33155910106646,156.7974616619485,131.0505661445271,194.5736163614661,143.11326994219968,211.2401225353237,125.45627219636508,367.34069458098185
7c9f6bae.qasm,16,2.2005587,success,25,1.0,0.8694269872053076,0.8694269872053076,2.202627197196816,2.1977662541499976,2.1940606709244004,2.1938398376964616,2.1989643269284493,2.1944800656450725,2.1912182887921556,2.192762110870004,13.388293002465016,12.58002651054663,9.383938565735054,11.996508578264532,15.36958663943839,11.840302115827168,10.353241324368636,11.96085468539228
7c9f6bae.qasm,64,12.6793433,success,25,1.0,0.8694269872053076,0.8694269872053076,12.712008065319957,12.672031649447646,12.56771194524757,12.613495987483335,12.670784748882456,12.578308516186928,12.486787256467004,12.44752909272931,12.5183691465999,11.646578112165695,11.97479999925259,12.510637215875965,15.149860884964856,12.304622453275522,9.489036268920957,14.682672150345187
7c9f6bae.qasm,512,524.4238940999999,success,25,1.0,0.8694269872053076,0.8694269872053076,519.1171422131978,518.1197482383229,523.6499620409483,521.4813959581815,518.534393847533,522.0994967641817,521.1048624333012,521.7071669719155,175.90169178460786,173.28709470304224,130.96231766136006,181.6672465319619,163.16285378373018,210.8936753376203,131.4529702810409,381.2667874968077
7d6d9a38.qasm,16,2.989781,success,26,1.0,0.8699432582595559,0.8699432582595559,3.1649591845304763,3.187104357619863,3.1589240171020183,3.1513097181646694,3.1735365637778283,3.150329367541068,3.219345377340648,3.162556681988308,26.800087366122117,27.52290579422221,17.286164422684696,19.622191472082775,24.71891003541043,19.989457973844246,20.384888262097995,20.833460898026175
7d6d9a38.qasm,64,23.563448199999996,success,26,1.0,0.8699432582595559,0.8699432582595559,25.267272144836014,25.609031953259233,25.604059264332705,25.46984230004636,25.49791712339337,24.56471056801635,24.821417833969036,24.67669550221386,22.62205397162554,25.17542337887349,20.792281047901703,18.623751843310327,22.923080523558966,20.41517730487854,19.4260784726277,24.100695875927045
7d6d9a38.qasm,512,1083.7143292999995,success,26,1.0,0.8699432582595559,0.8699432582595559,799.3717939930881,804.5646805884339,841.1847091229034,839.981499854708,751.0940509940832,804.178527118252,824.8908241661893,862.5577904328073,299.6697268810958,414.67726454029906,262.2572289707945,262.2084686076803,273.6947096424631,389.6860348309296,355.21428040542503,750.0171753581302
7db40afb.qasm,16,0.17392759999999996,success,1,1.0,0.7925,0.7925,0.17993363496361467,0.17892431303122727,0.18128103566897508,0.17896617983539442,0.18316000820234749,0.17929376560728827,0.1800956234698181,0.17910735113441803,0.3200046669842902,0.30969339962941034,0.356075895654811,0.39534108944640756,0.34038998665188497,0.37599386688843794,0.32777120429566436,0.34359484147411734
7db40afb.qasm,64,0.1741671,success,1,1.0,0.7925,0.7925,0.1775080023617158,0.17519819865857755,0.17805179550999073,0.17609663305695347,0.1783185180983284,0.17723471235382507,0.1762527669311919,0.17585262273040614,0.4015643758873179,0.4008880343379608,0.4428587879713165,0.45940386271171113,0.4361469543185608,0.4832365056340459,0.3873371528412438,0.4208702567134788
7fdad0c4.qasm,16,2.0015231,success,26,1.0,0.8695381653526579,0.8695381653526579,2.003583548536799,2.0025924691512493,1.9960701112064438,1.9978224683161896,1.999641636615745,1.995402586613331,1.9861168951644546,1.9963070622774042,14.70775383102797,15.685457560919339,10.187429018210548,13.12356966830683,16.47990949015311,14.724790725092124,11.887624219383628,13.10796580893795
7fdad0c4.qasm,64,15.542053600000003,success,26,1.0,0.8695381653526579,0.8695381653526579,12.90615162416846,13.021167404597364,13.200857921181543,13.161621685958252,13.020486530946322,13.418967431126179,13.612133103495829,13.20950499091895,13.421722711145156,13.714383155722341,12.519142897094587,13.09895646842473,17.072430237180505,16.201557951546327,11.044834164998305,15.783246628948328
7fdad0c4.qasm,512,695.6832452000001,success,26,1.0,0.8695381653526579,0.8695381653526579,694.9353423878285,693.316808286686,694.0217513133537,695.6115851622501,697.5496241337571,691.3862349433085,697.1567758582088,693.290185342795,193.63393402973338,219.43068369730273,152.2280047221891,217.0954593085148,198.89370731358918,280.89153145100966,187.13549142702846,420.5862093216045
81af3d74.qasm,16,0.24346440000000003,success,7,1.0,0.6545506470714427,0.6545506470714427,0.2243893286269646,0.2319537121341442,0.23434571248444183,0.257584057202995,0.23787855805716734,0.24607898708530776,0.24496598033792635,0.24547808200414548,0.31919202029114574,0.3675637073047869,0.25536872583001025,0.30875739535641783,0.3295406126572503,0.32525080413075086,0.351245781131038,0.3085753737572757
81af3d74.qasm,64,0.1806651,success,7,1.0,0.6545506470714427,0.6545506470714427,0.24115162208616672,0.23504734483794887,0.22983536522222395,0.24201253697301,0.2472134431611719,0.2449369285515637,0.23415438547619957,0.2508216175661294,0.4862912238251234,0.5282714798413636,0.4063241173748777,0.47104615328544996,0.46261023924515693,0.481545095694152,0.4533136799835709,0.4714471508754412
81af3d74.qasm,512,0.23417009999999996,success,7,1.0,0.6545506470714427,0.6545506470714427,0.2225294185698672,0.2158493640610811,0.21746578337266184,0.2293024648260194,0.2231294607495767,0.22832061159543696,0.2209635614451564,0.23217152020673057,0.36304659544974077,0.5693066196968013,0.27038552539508215,0.40783821593144354,0.37120500660360223,0.37924295849336825,0.3881297555948762,0.36135218040324013
81f388c7.qasm,16,0.17924560000000003,success,8,1.0,0.671722514432328,0.671722514432328,0.313583440146363,0.3307533232929031,0.3256524525453385,0.31903851720556436,0.32412513595723774,0.32442700374403344,0.32578070364281775,0.31694252407575824,0.6383074901946041,0.6268174861663636,0.6211133103343225,0.6457596981304056,0.5877795957235006,0.6119782335544455,0.6106756981258257,0.6036510057138512
81f388c7.qasm,64,0.16809340000000003,success,8,1.0,0.671722514432328,0.671722514432328,0.3431291275045844,0.33402826370256583,0.3546286034834884,0.33828791286456117,0.355951006762555,0.3490429002715887,0.33901232811170157,0.3438478708951072,0.601252827592113,0.6448287478948435,0.6050022767799533,0.6159242632325976,0.5310666602382244,0.5644947273873568,0.5262332632010711,0.5930572768822722
81f388c7.qasm,512,0.18503920000000001,success,8,1.0,0.671722514432328,0.671722514432328,0.372677973495393,0.3246497149293472,0.3526064173093517,0.303593210031159,0.3426400304446962,0.36788171475484815,0.3629064628683383,0.34072293708492635,0.784424592926548,0.6248594921532563,0.7967679733277774,0.6649492406990238,0.5583769104922524,0.6227714026012284,0.5693773653122014,0.6145117891911825
81fdeb0a.qasm,16,0.1736968,success,1,1.0,0.7790343759320391,0.7790343759320391,0.19021919523922745,0.18537460555766377,0.18918131308011962,0.18695395676064072,0.19166875827443,0.1905221394580941,0.18815031279521333,0.1932136468280673,0.3273640252165671,0.32173464235490407,0.33021408491901405,0.376167711427363,0.32091355269693567,0.358122973068509,0.32809794934116865,0.3522061360746967
81fdeb0a.qasm,64,0.1638945,success,1,1.0,0.7790343759320391,0.7790343759320391,0.18236764267114422,0.1781442343920499,0.1802828717342103,0.1774152297696368,0.18301278177736904,0.18150273891782978,0.17979823544902296,0.18266198519599178,0.4073664791196955,0.3970962503069021,0.3827978542197681,0.4568806886383501,0.39261485281148284,0.49216387551770996,0.3853068819782207,0.4466002562837388
827a3442.qasm,16,0.18011539999999998,success,1,1.0,0.8467522038165987,0.8467522038165987,0.18406164353552618,0.18347448972254862,0.1829751055532472,0.18102109523902724,0.18387476038810185,0.18199819931771177,0.18189966274007024,0.1818805586193375,0.18661648609835296,0.18466690543895412,0.19099599645734064,0.18900742266958576,0.18810718667365814,0.19064720801711718,0.1904823964862917,0.19083434262006346
827a3442.qasm,64,0.1755154,success,1,1.0,0.8467522038165987,0.8467522038165987,0.17171465766508928,0.17056229598475978,0.17088503346498451,0.16926856286551317,0.17189350025108444,0.16943207579631014,0.1697334633282685,0.17070393324617303,0.2011599260553538,0.18833729042509426,0.20531325912478418,0.20023487027527023,0.19875361536318106,0.1997912118519122,0.20152065336843658,0.20154920110276453
827a3442.qasm,512,0.18864619999999999,success,1,1.0,0.8467522038165987,0.8467522038165987,0.17455217936862444,0.17325651323600263,0.17383605970342308,0.17268290535724046,0.1745414349641643,0.17268828610820636,0.17250907386979195,0.17254137895582505,0.1884850526292864,0.18410271483775703,0.18885816281533865,0.1904683760492271,0.1942236576984556,0.18719760278095374,0.19542453258503767,0.18929643612662897
82b89c68.qasm,16,3.2725359,success,29,1.0,0.7695639814352437,0.7695639814352437,3.4504058965322404,3.405108601643859,3.3246225786446275,3.325173908429022,3.2800581686641537,3.352911858928613,3.223905092000037,3.3152117926697855,5.080745202638148,4.165589668164852,2.778495830344305,3.174871858569908,3.742071954857266,2.737054871264235,3.4067666404932235,4.058715152552394
82b89c68.qasm,64,0.1596555,success,29,1.0,0.7695639814352437,0.7695639814352437,0.18406096233665972,0.17827857962231328,0.17879921925633885,0.18180764117135698,0.18898187628491103,0.1805325716842353,0.18205865054917156,0.18305436164431974,5.3632116170872886,4.836357439575345,3.276811956902361,3.5136778364210977,4.905174646783478,3.4019978995256372,4.6635181347416275,4.848058606255069
831c33e1.qasm,16,2.3401965,success,26,1.0,0.8691301540772748,0.8691301540772748,2.3651948164915013,2.3801556567888404,2.383426336491355,2.3681122540761743,2.3598170037342663,2.375762337431115,2.3717445366527787,2.3625483079921605,18.909453720259965,18.508805048838123,12.702798177357263,15.249380754147776,20.027404616258025,16.18438928180693,14.534367429169203,15.09455156687118
831c33e1.qasm,64,18.073409800000004,success,26,1.0,0.8691301540772748,0.8691301540772748,18.41141632161532,18.914812535967226,19.042599566137465,18.341663666149447,18.32579550771199,18.265351349856317,18.64495308213343,18.504921348140005,16.707557397434577,17.12555978678387,15.467827019629478,15.668979497813611,20.70920437468862,18.77386183139224,14.994809222777569,17.604204003929528
831c33e1.qasm,512,839.1603764000004,success,26,1.0,0.8691301540772748,0.8691301540772748,882.0113528030391,862.4725400016601,897.9664642118053,915.8063262264367,880.7916384851324,886.1083117454028,871.8178617897653,910.0574619433384,265.6440683624742,265.446916492543,186.58707902880772,243.03734803363028,247.0094822987961,325.53845104536725,233.91441013214987,492.1905882658958
8335b01d.qasm,16,0.1701279,success,1,0.27453430407975865,0.4869307215017612,0.13367918676254079,0.19600488379140577,0.18297310142114168,0.19599449434443586,0.18205395243316289,0.19330925488379772,0.18573589307794863,0.18510684007652803,0.18383953444440376,0.20080806585461652,0.2063839847232079,0.21780899251304608,0.2201795839551122,0.2107427620460217,0.20997114114159138,0.21744044304693794,0.2057458868638121
8335b01d.qasm,64,0.9557037,success,1,0.27453430407975865,0.4869307215017612,0.13367918676254079,0.7063792680768356,0.7821929705856011,0.7172127209519998,0.7409652813976884,0.7382336364021445,0.769531731451799,0.7506959435263221,0.7530760890525787,0.4548661197732089,0.5651940013976317,0.4193204590684349,0.4342983607513571,0.501827202006805,0.4907062775475666,0.4414102610146569,0.4616154799927124
834596bc.qasm,16,204.27585150000007,success,64,1.0,0.46078375948429956,0.46078375948429956,38.20445719504431,38.498680013589436,39.24278548069462,36.214873369313466,32.524216183570886,45.98630453201013,52.060157709260764,32.8445281862554,7.386710100444483,10.251640856748987,9.012853568230433,9.137344596331019,8.46196142271965,10.792696760349896,9.269108067863852,12.464076812557
834596bc.qasm,64,835.9329551000003,success,64,1.0,0.46078375948429956,0.46078375948429956,38.51705587384685,42.11806189959051,36.764976169876185,39.24442959467378,32.632012109465784,46.54684848232788,43.68870814262536,29.84978471504136,11.700068300184636,13.973480574671132,12.904028546492434,10.342777430255994,13.0338530176508,9.916089355636169,7.263437204636419,11.80305138499391
834596bc.qasm,512,14399.999999999989,timeout,64,1.0,0.46078375948429956,0.46078375948429956,318.0088611512834,230.06052741930694,181.0437337214165,238.01967469486885,125.00383465682542,251.6990235078726,232.5747603697998,192.83838408872936,41.61967342507167,83.89157802122159,73.31904772828196,63.908222134365985,92.49252144039346,102.83162375626675,69.7987913966137,92.82569845251153
83b22dc5.qasm,16,1.2476565,success,12,1.0,0.8684804090451252,0.8684804090451252,1.143578638145951,1.1385449044311662,1.1483592490945087,1.1410768641668805,1.150670201926879,1.1544762780656688,1.1416502957867127,1.143673062676213,3.228323357918054,3.3418928327817294,2.096302924770714,2.3242884932425842,3.5189166686296507,2.180505199575728,2.095229230870547,2.6255135030122565
83b22dc5.qasm,64,3.4044359999999996,success,12,1.0,0.8684804090451252,0.8684804090451252,3.381320619007832,3.39476317112769,3.3721765467445297,3.3479931009798665,3.4427010113203336,3.361250875774385,3.3799551524211418,3.4163693198540854,3.7429698244234757,3.619268600397547,2.9405357930719145,3.110047863294838,3.544899740475815,2.513677838890809,2.5811321910973093,3.345302583489322
83b22dc5.qasm,512,72.29796490000001,success,12,1.0,0.8684804090451252,0.8684804090451252,72.14294561147892,71.15262148341178,70.85897252842419,71.04855787923965,68.7155203388148,69.33901271291015,68.63347381459994,69.99512266799731,24.7395926572637,22.68469918582896,17.659217032019033,25.754184334754147,17.38225141034916,19.08051975138612,15.994148365496244,24.165296363316546
8400dcc1.qasm,16,0.1777404,success,1,0.04258228111834645,0.9054097277818729,0.038554411555693245,0.2269161504199349,0.24698458114179628,0.2369383337618507,0.22221313008347857,0.23254318139892455,0.22798409330920383,0.21488063795121135,0.23671624449188383,9.662620154596727,8.353382691726313,9.330888095388923,8.848562711148704,7.279966033426681,7.1282362787991635,5.695850570541316,6.6299157512180145
8400dcc1.qasm,64,9.1855849,success,1,0.04258228111834645,0.9054097277818729,0.038554411555693245,8.361028331921593,8.85122243426542,7.897349653064519,8.375167227023853,8.959034711232993,8.242870263163132,8.634319151462044,8.521332304059099,9.496300312188389,9.859814034232972,7.853887969014845,8.99207418861621,8.21308089528832,8.198130661381558,7.985391338349158,8.349474100653058
8400dcc1.qasm,512,0.1613232,success,1,0.04258228111834645,0.9054097277818729,0.038554411555693245,0.2626248085706524,0.24958671106879482,0.266346336088363,0.23160060062734592,0.23969160073522225,0.2607165143582778,0.23879908662578078,0.24878053033524114,13.342226479862818,11.145304013574394,18.154563744205365,14.966642853806272,7.353870507158322,7.491386726702026,6.653904961095736,7.126822927002057
8422040e.qasm,16,0.1669148,success,1,0.12682797485739125,0.42954461923834664,0.05447827416888872,0.17663750966130023,0.1767261219927418,0.17679874560959216,0.17929787682550605,0.17726277820075925,0.17798163811409784,0.17675483994141947,0.17735087782018918,1.460122384973796,1.33247717093808,1.214077920096074,1.4550542356169995,1.1276849216844762,1.2025430360819869,1.1247681819348223,1.1033968764206166
8422040e.qasm,64,2.531916,success,1,0.12682797485739125,0.42954461923834664,0.05447827416888872,2.5615395008355746,2.573500668237265,2.605231314713956,2.550862465717693,2.558629680719474,2.580321282950062,2.5685105001941397,2.5471256452670428,2.4884521171812186,2.8396588219692114,2.0904164297284886,2.421801874215436,2.6736641617901507,2.1266186837682817,2.0562393312121525,2.2228185132128044
84fe3fba.qasm,16,6.975659199999999,success,17,1.0,0.8231003930604491,0.8231003930604491,5.364486278654258,5.317451445999403,5.251481456120659,5.175885357469658,5.15271456886473,5.302459505868916,5.168336682724208,5.293315290265063,8.693809075456327,7.976662638105992,8.156331646118444,7.764099568645071,8.34607535881247,5.926761161111896,8.041740471746593,6.525574752501258
84fe3fba.qasm,64,0.3869507,success,17,1.0,0.8231003930604491,0.8231003930604491,0.4557804125491008,0.4474094516553711,0.43993324778615195,0.4563759631917968,0.4553725492358815,0.4401449925173023,0.4514475837424884,0.446433349633732,4.637240358924453,4.463138220264846,4.530060727887789,4.338952863901474,4.3474301176864305,3.4527178067751048,4.970942747930029,3.933064322616202
85317608.qasm,16,0.1957883,success,3,0.4869959341733535,0.884742952001558,0.4308662204132892,0.20124427701892572,0.18863574094488353,0.2052548881893722,0.21105167986965556,0.19439032257270886,0.19656477042060444,0.195755913071709,0.2057735256159523,0.2380716551181518,0.23789051353866436,0.24794205737893313,0.23562848834557248,0.22506464036694196,0.2388010580530396,0.23772974248839296,0.24794159771642535
85317608.qasm,64,1.2040827,success,3,0.4869959341733535,0.884742952001558,0.4308662204132892,1.1781049511381227,1.1558189990967664,1.1346746660286273,1.1906914001651538,1.0742219954967445,1.1585650154710614,1.1320774732166563,1.1533624867661776,1.020481486613156,1.12078348736288,1.0193288854125304,1.0421221171008257,0.9047665842569668,0.9808988444872418,0.9626546130261823,1.0143207391846967
85317608.qasm,512,0.1699598,success,3,0.4869959341733535,0.884742952001558,0.4308662204132892,0.2022635908841861,0.19110418727288594,0.21293225848129477,0.2176046843223418,0.19576962954634314,0.2106271345145536,0.2031503229284422,0.20417473711341025,0.2675915829112118,0.2645065687936551,0.26089014375024777,0.2649981723040081,0.25144378370594583,0.24136792046167838,0.2517529831374319,0.2381404416503549
85863407.qasm,16,1.6870991,success,23,1.0,0.8695229139718341,0.8695229139718341,1.6901155545735,1.6914006548107028,1.692376392289142,1.6934856348159955,1.692579491541751,1.6931761287092977,1.6928227978448929,1.6936440633181833,9.72793320858165,10.169102329989578,6.141393087921928,7.535099339334404,10.784227143828053,6.885041414902507,7.240973349022342,8.619150892432453
85863407.qasm,64,10.459693000000001,success,23,1.0,0.8695229139718341,0.8695229139718341,10.514121165317727,10.521704015004591,10.535094219443002,10.53350140947425,10.485764704653052,10.515313574732989,10.52581259521008,10.519685961059972,8.690105040794096,8.55095462200207,7.9514889878613015,8.198510722996392,8.525494853717843,6.749777566065188,6.408376213855921,9.58626961492775
85863407.qasm,512,408.0020963999999,success,23,1.0,0.8695229139718341,0.8695229139718341,406.0797404023437,405.9605206979948,406.32894410699447,405.89237143900226,404.69884122926595,405.3259788570067,405.8242613824329,405.7793190338252,108.72070265200442,95.42919021036943,66.25202090710677,99.90253489973969,75.74233111245607,91.67930551342315,80.45902683132297,192.09807960478906
860cc392.qasm,16,1.7032305,success,23,1.0,0.869692634768208,0.869692634768208,1.7067787293101198,1.7093596805670448,1.707353858472429,1.7063084142617027,1.7141204596977417,1.7096409274968962,1.704861163329876,1.7072967914117425,9.71348111969597,10.169102329989578,6.141393087921928,7.477156083102972,10.848027477003912,6.906869429777685,7.240973349022342,8.59720517623556
860cc392.qasm,64,10.515155199999999,success,23,1.0,0.869692634768208,0.869692634768208,10.192854147383386,10.22417984620451,10.132605620082916,10.260489201435384,10.114917250207208,10.139391927017488,10.245059048476515,10.20548705292256,8.690105040794096,8.55095462200207,7.9514889878613015,8.278526086703682,8.557060099583758,6.868371705167709,6.408376213855921,9.788779293071281
860cc392.qasm,512,406.09597690000015,success,23,1.0,0.869692634768208,0.869692634768208,398.67754635078796,402.6496871622806,398.45508164545686,403.61353602642885,398.9309316314489,404.7152819002759,405.62632137608625,403.40365030814496,108.72070265200442,95.42919021036943,66.47224077476716,99.90253489973969,75.74233111245607,91.67930551342315,80.45902683132297,192.57744162344352
86464ad3.qasm,16,0.18273949999999997,success,4,1.0,0.8356784429694721,0.8356784429694721,0.23909798517711525,0.2417834135290423,0.2466266857328718,0.24272424446213034,0.2758272157297347,0.24177341985730186,0.2356217430285374,0.23834724425378723,0.4183221155916163,0.3960028353408473,0.42410067267802476,0.5068835883535682,0.42343214762663556,0.4469752558769751,0.4437022317017719,0.40802791014208367
86464ad3.qasm,64,0.17549750000000003,success,4,1.0,0.8356784429694721,0.8356784429694721,0.26639996362419455,0.25779298211693397,0.2749454318895029,0.27057118827803395,0.3079518322693369,0.2769151689316065,0.27214676325766657,0.261560476703336,0.42805931630238936,0.3937182835922341,0.43576153047649313,0.49820974641933974,0.40466905885069776,0.440146907813203,0.41003784770653645,0.40497565585027157
86464ad3.qasm,512,0.16250770000000003,success,4,1.0,0.8356784429694721,0.8356784429694721,0.29536133380482155,0.27531023653725173,0.29111243228072087,0.28915314778728846,0.32956038550693073,0.30074305688410996,0.2883027560510531,0.27187082351644987,0.6501353724037088,0.4661980013489534,0.5457299249151791,0.5900651464362443,0.5057764715792936,0.4965114488172092,0.48759676920819284,0.42102108603278154
871618c1.qasm,16,1.3089816,success,16,1.0,0.8690190059045557,0.8690190059045557,1.2952216351799581,1.291039983479265,1.29451893279741,1.298783154789978,1.2969721378485963,1.2943819929019926,1.3002619361840397,1.2976109455755418,5.9668584411111345,7.003575617651086,3.633356165329459,4.616212486706336,7.843091888425717,4.352556091144315,4.35362853003978,4.89843033827473
871618c1.qasm,64,6.5168705,success,16,1.0,0.8690190059045557,0.8690190059045557,6.527230301102136,6.535843980918722,6.567959010397042,6.560850114938517,6.542761168513725,6.534205668887109,6.516791590248574,6.58625083629553,6.860042316186486,7.991831196514602,5.3705786892722704,5.87196902845447,8.043536951818027,5.249031150533827,5.197699530618691,6.744846946648515
871618c1.qasm,512,209.71884079999995,success,16,1.0,0.8690190059045557,0.8690190059045557,206.34184186761885,205.94087377821631,207.39501520785495,207.45768774932355,211.0174198151708,209.8267025787257,208.77167372816922,200.55355231081617,61.62120406938677,59.219973967151674,44.802618289476015,78.04551518835544,51.05875172938373,48.12332218822546,43.403439041366816,68.77521185629006
8732dc00.qasm,16,0.1784655,success,3,0.30567017734316065,0.8500606247418581,0.2598381819172817,0.18652125340153863,0.18875386792955515,0.20015273806552897,0.1886132943501306,0.18417328670224412,0.1921275663922319,0.18963501021786164,0.190543044765532,1.870166296182694,1.5838097090623484,1.5151904557941784,1.536478104841544,1.2479193535312663,1.4511712628353302,0.992041993541458,1.348972704647154
8732dc00.qasm,64,2.5046016,success,3,0.30567017734316065,0.8500606247418581,0.2598381819172817,2.6229431816068187,2.5072863719056913,2.548435725335206,2.63425069594303,2.4736268503189436,2.626846777562814,2.5306312926058596,2.585524650764853,3.6750730079737504,3.861463681675036,3.1900075553534686,3.105800494059396,2.6979389324622685,2.736353460784939,2.252386258283343,2.898488971759014
8732dc00.qasm,512,0.168138,success,3,0.30567017734316065,0.8500606247418581,0.2598381819172817,0.1926342204176093,0.19901379660218804,0.20159379457382123,0.19612173814778014,0.19395555486409805,0.19710913170789338,0.19907655494741178,0.1971354623381425,8.460180542370674,6.4876592126017565,10.635505533307883,6.07968096943285,4.925767047744745,3.8211720220877314,3.257009354396961,3.990090855543983
884b47f6.qasm,16,7.955765699999999,success,28,1.0,0.7664402542402204,0.7664402542402204,5.659605476554243,5.820174607414779,5.828360379648132,6.030915453802152,6.3574285167413915,5.692747534657228,5.876792458284026,5.9663028920179375,0.79144309498478,0.6599004628265054,0.6978641162208815,0.7080533165654245,0.7090891346357323,0.7478562500169641,0.8297080932005845,0.7178290795500278
884b47f6.qasm,64,0.160642,success,28,1.0,0.7664402542402204,0.7664402542402204,3.504598873164162,3.9897560221677404,3.024212383439477,2.9560600993402506,4.473369908669448,2.5480944088873474,2.5924527513916056,2.498362574860544,1.0672304360744769,0.9407995693143046,1.1824023202951062,1.18168457694,1.019129436899111,1.089910985531734,1.3078437669667737,1.0450819216068687
884b47f6.qasm,512,9.740085399999998,success,28,1.0,0.7664402542402204,0.7664402542402204,252.88974159887906,183.2336407612971,208.5818399938713,184.47268970855285,209.10959933426733,168.62266009067702,153.97002131881908,193.7512933137376,2.306583425731167,3.498129254273643,2.835543828224479,3.457558747858236,2.272928335135489,3.1634918985596694,2.989059632695164,4.328045394640695
885efe5b.qasm,16,1.0773573,success,12,1.0,0.8681334408108892,0.8681334408108892,1.2125069957101133,1.2024148275210778,1.20460863221116,1.2051185381942964,1.216428676973365,1.2078610903763636,1.2206120707032546,1.197483175656012,3.179749373029076,3.3391571270715548,2.096302924770714,2.3423002670002666,3.5340537854886596,2.177261227864374,2.0955256889380722,2.6216074854832883
885efe5b.qasm,64,3.4264061,success,12,1.0,0.8681334408108892,0.8681334408108892,3.3685492430702744,3.417127478577691,3.425860117455197,3.429866363446245,3.4218455705267115,3.4072036350471953,3.4182003440463586,3.410349224195858,3.715401287805275,3.6020592618894587,2.907161594996111,3.1166564492417357,3.4950188661450254,2.5099382010296356,2.5734130958893813,3.351990527761022
885efe5b.qasm,512,71.9190057,success,12,1.0,0.8681334408108892,0.8681334408108892,70.13969453424384,69.49206937391405,71.12157992493256,70.08254730519515,71.6756455394356,71.31739058862944,70.22058877889567,69.5325956673925,24.177720546998458,22.549962074766018,17.28382547658552,25.779175209855165,17.23952273058354,19.08051975138612,15.793553340443287,24.165296363316546
8930abda.qasm,16,0.1753091,success,1,0.0745839118693822,0.8966497742566043,0.06687564774085601,0.20099579094993528,0.19191187729533912,0.20304870197254488,0.19215272508057446,0.18345652978640123,0.18656678917211542,0.18495593813689906,0.1870809081683961,2.600365288171548,2.85702413263783,2.7440253309814184,2.6572725962706696,2.8207047088090413,2.4510607041295245,1.91147574976673,2.1506680530065507
8930abda.qasm,64,4.584768,success,1,0.0745839118693822,0.8966497742566043,0.06687564774085601,4.408228919692462,4.80683188653013,4.336279889665193,4.586050465731366,4.782291588891404,4.815798747238876,4.654304972215923,4.644630746167915,4.532683829108258,5.859740937357706,4.191217797628491,4.693869505508739,4.882849618157832,4.347388023691346,3.856035739443151,4.799126187893769
8930abda.qasm,512,0.17470540000000004,success,1,0.0745839118693822,0.8966497742566043,0.06687564774085601,0.1908910555591239,0.19008532615114385,0.20318348915007137,0.19170721118639295,0.17673364355327717,0.17754833067623974,0.17889343714192574,0.178297194761177,6.950256214100825,5.612255755940029,8.822463999474065,7.8318351721653,4.900958494462301,4.71681488965984,3.6386952192130524,4.249775453543816
896404d8.qasm,16,5.552108800000001,success,17,1.0,0.8244005240340274,0.8244005240340274,8.005300688762157,7.612314542166439,8.000329219777285,6.982602166831493,7.435751776635648,7.503161008345481,7.311631282653003,7.581694005598421,8.494904672356721,7.741774405253548,8.031829877474504,7.597367438435406,8.340415727704643,5.937891043057109,7.88935087947679,6.257877749259008
896404d8.qasm,64,0.4324345,success,17,1.0,0.8244005240340274,0.8244005240340274,0.6497142670027728,0.6700877337096015,0.8339275347680803,0.7074005317243884,0.6227636616826424,0.6816556229123155,0.6958211360063999,0.7217990677769447,4.926376708373678,4.370749676237242,4.715389359016527,4.515529514157538,4.346688494470101,3.609757388070795,5.0381268195230495,3.9141167502232546
8a146ce3.qasm,16,117.96490089999998,success,15,1.0,0.8756514785118475,0.8756514785118475,149.0710721622693,137.36588811905781,146.20196483254148,138.44858207399466,148.6452296832219,141.2240554550768,142.62898333176776,139.39658840742968,32.31425491010185,36.49466966908095,16.571071160574252,36.60350121149029,21.276057970868024,28.244967743453277,33.775532596691434,22.76008592242282
8a146ce3.qasm,64,201.1105238000001,success,15,1.0,0.8756514785118475,0.8756514785118475,215.01792052522273,200.0565227487809,200.92099184792443,196.84469932057382,203.81425822391816,210.735926568963,204.727510216061,196.4410024465555,5.846113264724654,5.5056175097912545,3.7457979280355125,5.006517852922031,3.3751491330048125,5.088543784597367,4.25706734818372,4.126390204509265
8a1c1c3f.qasm,16,0.1880215,success,3,0.9642857142857143,0.8576663329474604,0.8270353924850511,0.1891586890570294,0.18542140670574406,0.18956093425869106,0.1856427060993871,0.18773974660437745,0.1849001661776601,0.18503727923833735,0.18413012229643755,0.22853012962513955,0.21123915231980664,0.22982017438849794,0.23672824906009887,0.2369867337629853,0.22874685460406416,0.22633070501522953,0.2202329878461526
8a1c1c3f.qasm,64,0.2685849,success,3,0.9642857142857143,0.8576663329474604,0.8270353924850511,0.25861015597491444,0.2845982091845562,0.27173070360366264,0.2812953465911953,0.25809587702271913,0.2986003465626058,0.2926507779726586,0.2945048385419759,0.28175895262581996,0.2735986327367738,0.3060552231216815,0.2853248419276772,0.29399582364213844,0.2744111828424496,0.2776924028442129,0.2627867124199206
8a1c1c3f.qasm,512,0.1869095,success,3,0.9642857142857143,0.8576663329474604,0.8270353924850511,0.1813371615329701,0.17732868002107374,0.1810762149959577,0.17779869322490918,0.1811290295159051,0.1777343354574794,0.17792518976721605,0.17736219480091137,0.2327235661413949,0.22926338227370782,0.24315255495648105,0.2342650321265624,0.2616208594162034,0.23059588812978937,0.23702641719880907,0.21724356596620448
8a2ab626.qasm,16,1.7081607,success,26,1.0,0.8692625757419905,0.8692625757419905,1.7494778855593163,1.7576322284748092,1.7495357407993624,1.75218607905399,1.747662286843221,1.7633168590252084,1.7507492928845214,1.7460906300523964,9.794765142013555,10.046179632863495,6.191561752134827,7.855648893857516,10.361624177160067,6.633123991314266,7.408318816305578,8.592253362572665
8a2ab626.qasm,64,12.2454582,success,26,1.0,0.8692625757419905,0.8692625757419905,12.387661582418941,12.521265060524598,12.460918795438754,12.461164130118012,12.517699982419574,12.581595425075912,12.534972468033308,12.606541485494997,9.037320299920715,8.4599892311156,8.032178490299362,8.18846856273996,10.099692757130542,7.3452772608552666,7.463085033280443,11.08233750332416
8a2ab626.qasm,512,465.39449480000013,success,26,1.0,0.8692625757419905,0.8692625757419905,467.87736068841156,463.46599179055823,479.3629103064427,474.70044690387056,464.3647546428494,477.8876140482318,471.3893727657955,480.9137663715864,122.18747998992716,102.99500500580803,71.8458057444766,109.96442144837656,87.90317197855727,88.90297095427405,96.96733708872323,203.66072359213933
8b77bf87.qasm,16,0.30872999999999995,success,3,0.10813900021778446,0.843339845240736,0.09119792770815426,0.2909158592458099,0.34557575789263106,0.4019109270032294,0.33071945978374007,0.3489576102695049,0.32330827922632627,0.31682541879769116,0.3334548836041497,21.349212390833614,15.433829027814586,19.901452371312946,22.031458102807537,16.181806404291464,13.76293805370847,13.647835961468063,13.634799677455534
8b77bf87.qasm,64,10.140678399999999,success,3,0.10813900021778446,0.843339845240736,0.09119792770815426,7.3878608669513035,7.516511777692736,6.973987964519719,7.649695145829623,6.36759779603622,7.458446359351695,6.8085880909017,7.853689950690455,17.934762778125553,15.100598168134809,14.526999585156831,17.48652616761797,13.756150689053467,12.41014639463417,13.86885019185014,12.230798715952249
8b77bf87.qasm,512,0.2988881,success,3,0.10813900021778446,0.843339845240736,0.09119792770815426,0.4504338017107369,0.44573900281321926,0.5549165897216527,0.41401435864809527,0.39812120038856635,0.4094859360288941,0.37215191865078895,0.3801364508909042,62.83328464071367,32.627730625445245,75.41689332769423,30.485599984733756,34.59207009815919,18.913533442376313,16.5706524526774,22.799016458471186
8bd576fc.qasm,16,5.323393299999999,success,28,1.0,0.767204562178856,0.767204562178856,7.0100816522417855,6.672032838572333,6.958777141173099,6.733926815737411,6.652816112053842,6.816359163872577,6.9028683825198325,6.900437559215972,0.7779682311788275,0.6092869819221215,0.6993566837857017,0.6992006845915489,0.7287458802011494,0.7334602062309755,0.8001120906842024,0.7123978248993452
8bd576fc.qasm,64,13.2989912,success,28,1.0,0.767204562178856,0.767204562178856,0.1841822179192688,0.18169949041381506,0.17147201741176457,0.17344197801128053,0.17776603580447742,0.17898975129257536,0.17082716475400322,0.17252524778494086,1.0330884028513134,0.8859778167866249,1.1099796664943617,1.1623287187254443,1.0247262712405167,1.0448550789681916,1.3001487196363724,1.0003641988471215
8bd576fc.qasm,512,1464.9315561000008,success,28,1.0,0.767204562178856,0.767204562178856,11.895116792001847,12.240459483745358,10.062224782940019,10.766776610809902,11.05889620425694,11.40878904562767,10.196223772237923,10.476640289691582,2.2280895917844985,2.626076865532083,2.3211998262647273,3.148266131181787,2.047926181463993,2.590545562466759,2.929057109152812,3.360932310961373
8c01a935.qasm,16,2.698982,success,56,0.9561907171650847,0.6671321213692079,0.6379055415758872,3.1468689775468595,3.320157642802808,3.0729219126040315,3.2363586015374834,3.4313314623655375,3.1285200561791586,3.2445132223081545,3.287289641268904,2.6133529797376758,2.443239086396,2.3938720823422046,2.8293002318700653,2.5155753793188205,2.304852308107427,3.016962421597741,2.541698973895414
8c01a935.qasm,64,14.733067500000002,success,56,0.9561907171650847,0.6671321213692079,0.6379055415758872,8.536395557478984,9.873148662658478,8.428625474432646,9.132212753584863,10.257289695454945,9.132435564036577,10.218246386535341,8.831442281468565,3.2693660645739424,4.474368048087751,2.548773921550106,3.356777908273775,3.588711310387763,3.229097127260227,4.449880647396388,3.553363585489898
8c01a935.qasm,512,483.89700409999983,success,56,0.9561907171650847,0.6671321213692079,0.6379055415758872,254.65494288510547,308.784729583063,200.6985662612239,282.7112250758487,299.6040322191297,241.6839401161628,297.0264435513748,333.6707672718668,15.23189808962479,18.419775079651757,14.564997326052788,18.262246773911986,28.94265582318273,19.137729774532648,25.734151701665528,18.913274534595832
8d5010bc.qasm,16,0.21662629999999997,success,8,1.0,0.6865736801661891,0.6865736801661891,0.289041013638902,0.27849711280734296,0.27708403061395226,0.27139617234448404,0.266408348712401,0.28277040206578014,0.2726756981555385,0.30857088187851006,0.2971873135459307,0.28485836008319837,0.24819786718645062,0.2754835548921148,0.28407621822468254,0.3041486254398424,0.31681040438351066,0.29736457849535586
8d5010bc.qasm,64,0.1708347,success,8,1.0,0.6865736801661891,0.6865736801661891,0.3140602225151762,0.30259363237627457,0.30188081836757147,0.29047240404921343,0.2785989576165257,0.3052942932541267,0.27569275522644315,0.3355594981766764,0.456858749428926,0.4256347440850852,0.3741437045247502,0.3982800126176164,0.41510936359869127,0.42661785381771705,0.3955664326932484,0.432529509301085
8d5010bc.qasm,512,0.2035061,success,8,1.0,0.6865736801661891,0.6865736801661891,0.3202541643666905,0.3050941714610403,0.30613745259561226,0.3016137362015387,0.2896073233511971,0.3080288957981779,0.2711240472358199,0.3306158777311053,0.3763219008482563,0.33699624392138705,0.3044217926359576,0.34499401210510705,0.3730125773801296,0.3672499461474748,0.37956001834904607,0.3871924882153818
8d9d4033.qasm,16,1.0986492,success,10,1.0,0.8693227593095096,0.8693227593095096,1.0993054110674931,1.0975443848049673,1.1247503338472968,1.10425077356882,1.1059602866516967,1.1117548440486646,1.1099138417270573,1.11321318908475,2.7677082483851447,2.470534696904677,1.7521309905432847,1.8448065870070598,2.315523601415372,1.8044566411188396,1.7499597762287364,2.0887551930338693
8d9d4033.qasm,64,2.5595098,success,10,1.0,0.8693227593095096,0.8693227593095096,2.5832655174938948,2.5979018524690844,2.6344024903801877,2.67413319862608,2.5928588468113465,2.604596756913202,2.600082752370194,2.6232537681397075,3.1633430408775127,2.632440335679916,2.2312320060723043,2.43038889179322,2.355934514167035,2.0671811758975003,2.1264509026918534,2.637103996118597
8d9d4033.qasm,512,34.40687870000001,success,10,1.0,0.8693227593095096,0.8693227593095096,36.023055959383576,35.33906879560411,35.33329326476828,35.50917746338457,36.2332956980664,34.99664443807055,34.53232258379868,34.58129468325561,21.957260595374855,15.781019657578462,14.240213084035261,20.293053356119113,14.02098448705668,13.437408050214703,10.325382308597268,15.246141881047244
8e84b85a.qasm,16,0.18267619999999998,success,4,1.0,0.8074586772860637,0.8074586772860637,0.1936392484627511,0.19722725690183115,0.20428010222356976,0.20085462328562392,0.1950075497505991,0.1923943139978594,0.19367651855092646,0.19166064198878627,0.2307723099936795,0.21559449494673638,0.22604830940797985,0.20997375013703337,0.21711227570402766,0.20749252019877257,0.20824155945827483,0.21021477928099253
8e84b85a.qasm,64,0.1524136,success,4,1.0,0.8074586772860637,0.8074586772860637,0.19606696065360743,0.19586017991812116,0.20656176525808526,0.20511109366475733,0.19197319109139788,0.19629451954566252,0.1966596916949381,0.19565471209628763,0.2451426633177589,0.23322390468775067,0.2559512911447492,0.24462663253535985,0.23792147222405863,0.2401858176883297,0.2402592076055456,0.24137876097208802
8e84b85a.qasm,512,0.1863533,success,4,1.0,0.8074586772860637,0.8074586772860637,0.19131091117488727,0.19937174494243912,0.20654192826987494,0.2048319475360114,0.19571123540171706,0.1923416186228251,0.190108827578942,0.1927754268513083,0.231168277636162,0.21857052829041404,0.234050268000521,0.2082706611445016,0.2262020840663636,0.22966710156931258,0.2098746487825228,0.2210756443496738
8e9564e3.qasm,16,1.4540433,success,20,1.0,0.8691303788367795,0.8691303788367795,1.4343332642856783,1.446196783007523,1.4647809459265513,1.4366485708151415,1.437890972947485,1.4421251866369027,1.4250065878423017,1.432408897071595,6.5584195767089835,8.786385362578699,4.392676541479387,5.526074815393578,9.465750001753577,5.319595870776738,4.897485144137108,6.711755177897051
8e9564e3.qasm,64,8.4504558,success,20,1.0,0.8691303788367795,0.8691303788367795,8.509651166848359,8.505125416214655,8.482710838517644,8.489734558774156,8.369298546248364,8.418828392823087,8.472918300621519,8.440472631699269,6.23858666511336,7.668747250961187,6.162754987575916,6.499873227508399,7.561500457744731,5.762947019025077,5.015379588154593,8.062412207375967
8e9564e3.qasm,512,307.52745439999995,success,20,1.0,0.8691303788367795,0.8691303788367795,314.1371471122516,311.70283630465235,310.9355663341491,310.53159834597096,315.04174196054,312.6656791358439,311.61441769251553,316.0814517868744,65.40143106592932,85.93137364178327,48.45195681973414,72.64712008971802,59.38164027608884,58.58341531587206,57.2727308289703,127.84781482387909
8f4e1b64.qasm,16,11.0098067,success,18,1.0,0.8212444017385078,0.8212444017385078,17.006471790323467,16.787701397911093,16.16723765283785,16.91951764046893,16.479731558309748,15.6716724986433,16.813374279942302,16.41580194761619,16.032449607713314,21.10900989443657,14.15666717943945,22.21341531069356,15.786207333263558,17.277862542280037,22.304746158379476,15.68811143931212
8f4e1b64.qasm,64,0.5562086,success,18,1.0,0.8212444017385078,0.8212444017385078,14.887606553798992,15.738955534516753,16.93926772133984,15.81521097277725,15.546062127297416,14.785253937566338,17.570978718152677,17.36697581449803,1.4354838185785126,1.928516669420596,1.1118198057258706,1.8383795996343988,1.3572401401249605,1.6291804109728607,1.8495091007338784,1.4273502759126753
8f564e3e.qasm,16,1.9908197,success,26,1.0,0.8692915574597124,0.8692915574597124,2.0149667270182836,2.0069508009363055,2.014133397501841,2.0079318849887544,2.000187977012748,2.0102700239404445,2.0080996253620604,2.007208484656245,14.70775383102797,15.685457560919339,10.187429018210548,13.12356966830683,16.47990949015311,14.724790725092124,11.887624219383628,13.10796580893795
8f564e3e.qasm,64,15.576776499999996,success,26,1.0,0.8692915574597124,0.8692915574597124,10.784253632948241,10.728092752168175,10.9244970546102,10.883204807136247,10.724446895023771,11.18897352890417,11.040889038558927,10.84021584554065,13.421722711145156,13.714383155722341,12.519142897094587,13.09895646842473,17.072430237180505,16.201557951546327,11.044834164998305,15.783246628948328
8f564e3e.qasm,512,689.9786613999997,success,26,1.0,0.8692915574597124,0.8692915574597124,691.4956483761504,700.8010262664592,678.7701231900994,681.8073236214417,683.2831729759998,687.4583532016563,686.8425440105469,684.6828933057897,193.63393402973338,219.43068369730273,152.2280047221891,217.0954593085148,196.44225190807072,280.89153145100966,187.13549142702846,420.5862093216045
8f8fbcbd.qasm,16,712.1879557000002,success,29,1.0,0.8644093330163665,0.8644093330163665,672.0729290373454,623.2115476788331,631.594420547186,674.8058042589596,713.4674231336297,646.8934907801969,622.2108842307435,647.775597729913,43.20382541082675,44.63030218076841,22.155815021224154,48.849889653804176,28.474253729562886,38.70851492161457,45.7711253561756,30.152877712492486
8f8fbcbd.qasm,64,1437.2253333000003,success,29,1.0,0.8644093330163665,0.8644093330163665,576.6417801482288,509.9268293465894,537.0284836224952,577.1881713680189,607.3456285045107,518.8763560290857,556.084467339799,527.2438791553562,8.580460208442894,8.413136554914656,5.331892197119842,7.112322281538949,5.101886239720017,7.872692246218838,6.776767934143076,5.983046855117821
8fb9e9ac.qasm,16,0.1811224,success,31,1.0,0.7641399705628868,0.7641399705628868,0.8244345761828091,0.9213960290609852,0.7431289096934354,0.8273480223567925,0.9476897209990841,0.9925906795222209,1.0669651059196443,1.016333920162501,4.046646622861772,3.84062782574514,2.969976993924338,4.824240811678644,4.154715961357438,3.646652412353989,3.8577215506957034,5.464465796169239
8fb9e9ac.qasm,64,0.5304693,success,31,1.0,0.7641399705628868,0.7641399705628868,0.9778045058919583,1.2073117052061988,0.8040191191319236,0.8583510086479951,1.3094504228727457,1.118826745904502,1.1517139374324392,0.8828692592962574,1.9700175114889529,1.6724017568749796,1.8561305195380768,2.037667718581299,1.7143310471338282,1.518508186880156,1.5105564460793424,1.950554093338949
8fb9e9ac.qasm,512,0.1635519,success,31,1.0,0.7641399705628868,0.7641399705628868,1.6648651317427032,1.5392439498823658,0.9829651755049887,1.3558299434358556,2.123805037016093,1.8304890072170603,1.7705432055067294,1.914669762374749,12.990551420169338,39.27292925080069,18.5813117205331,30.306719123898088,27.566688217111512,23.543471352914786,39.48617045889841,32.98639415411112
9143d50f.qasm,16,0.1758806,success,128,1.0,0.5868197850000549,0.5868197850000549,0.21706555007068548,0.2168295622213915,0.21187995922518607,0.21864919956858495,0.2177209426377117,0.2146155479475964,0.2149333202840039,0.2140695987049094,7.211890344398137,7.205453771289365,8.65696448373724,7.418086007960988,9.092498097270123,3.909972060803802,8.303892142063034,4.208674115534024
9143d50f.qasm,64,2.8306142,success,128,1.0,0.5868197850000549,0.5868197850000549,2.0071139460837726,2.069744782286305,2.010506227043562,2.047030930990879,2.0196934969393965,2.051068924967146,2.023378757913567,2.0570402140205215,7.622707351652244,8.207791444316838,9.759363233153023,8.974038759433697,10.867665387239379,5.810127207904229,12.413103645873402,5.98859481735038
9143d50f.qasm,512,0.17785990000000002,success,128,1.0,0.5868197850000549,0.5868197850000549,0.21191063601764698,0.20778722524677695,0.215567195646483,0.20712274982263154,0.21976811173862792,0.2108276317191822,0.2137285858615893,0.20713361563362423,13.167335953941727,19.43308463002763,19.894026735733256,31.463293251426137,25.637814844621577,13.848112933657044,30.8781673243447,15.18483072116824
917fa943.qasm,16,1.7270749,success,28,1.0,0.7166305254344866,0.7166305254344866,1.6714992542777822,1.7563202793063066,1.5682394818505307,1.4824079731278383,1.4901638092433085,1.5114554080252682,1.3086239498671859,1.636054759425519,0.4759975823032859,0.48048974526641386,0.4882244412785975,0.5082339806009851,0.5457706540177059,0.5642912534411133,0.5891563587605587,0.5494818188519889
917fa943.qasm,64,0.6866674,success,28,1.0,0.7166305254344866,0.7166305254344866,1.8159932353860235,1.8310615397348966,1.7519145584835445,1.402009472649903,1.1206890575416655,1.384454928504198,1.0958692697437182,1.3730474341522079,0.7388780180797115,0.7970545327468552,0.7714274540781594,0.8742170998356024,0.8571722917848215,0.8213514183204457,1.18081391116144,0.8355569429585366
917fa943.qasm,512,166.3146686,success,28,1.0,0.7166305254344866,0.7166305254344866,118.32584514702872,117.34191314536804,128.4099968905159,141.21202404463074,81.17791298290119,142.5712096738546,119.36011282691037,125.52957096240564,1.1084696254179185,1.46954365176936,1.1569457874335656,1.8210026484083466,1.6185245287418244,1.5749801397814636,2.5058509454547786,2.2248012327561475
92f98bb3.qasm,16,0.4699449,success,6,1.0,0.871441827388933,0.871441827388933,0.4835053891056681,0.4898789139825576,0.4815009946028824,0.48004400205374603,0.4754129176335082,0.47680752060422327,0.48059266469465806,0.4738152974163196,0.8716384294893904,0.7884201954591364,0.7598547716818059,0.8217550478056677,0.7880610529143858,0.5988545005413587,0.7958451734882617,0.8073777086517894
92f98bb3.qasm,64,0.345261,success,6,1.0,0.871441827388933,0.871441827388933,0.3486542206760004,0.34903044914868436,0.34954512014638817,0.34887207866437986,0.3482372632765332,0.34809472289461973,0.3479326648783099,0.3494490886739992,0.9457328109782498,0.9926599205563953,0.8150832207224448,0.9546175922550821,0.8159844807196035,0.6705377582706807,0.7653219852368001,0.944372493440816
92f98bb3.qasm,512,0.3467309,success,6,1.0,0.871441827388933,0.871441827388933,0.34819394459040015,0.347794512756758,0.3523268231607173,0.34861773111507466,0.3471699254144369,0.3518642609304303,0.3465531161705037,0.35016704851443026,2.9195926872378815,2.6497030396303556,2.6337078295791887,2.7613543587946676,2.347598883725884,1.5790516042734446,2.0203003964444135,2.078762298058871
933b305c.qasm,16,1.8488212,success,22,1.0,0.8692781248758643,0.8692781248758643,1.8608543411617053,1.8602233353382445,1.8586103899605164,1.8616014749343404,1.8599222470869397,1.858840425760783,1.8575638064864457,1.8587935005859246,10.017197190448979,12.110733357158336,7.704603982446016,8.641773127185242,13.90095574376599,7.2194897870738215,7.838666728880284,9.288253283782321
933b305c.qasm,64,10.668987299999998,success,22,1.0,0.8692781248758643,0.8692781248758643,10.624589541887316,10.586157492808045,10.649929705866965,10.608277968113374,10.56234662174013,10.663627810177033,10.676640476419283,10.61552360843478,10.21414103014646,10.729798405099052,10.390220640901306,9.640272906513893,12.458322250079105,7.859128543321611,7.128775668226687,12.08898047751806
933b305c.qasm,512,433.02179139999976,success,22,1.0,0.8692781248758643,0.8692781248758643,439.7321962966568,439.4314859068072,438.74367502109527,440.5176840200313,439.9692222640461,438.4318721531725,440.9123799085654,442.88655451515865,143.0299346404835,151.99850735476377,109.34249131139538,142.4808420227355,109.36134996378479,110.3705592652552,96.682070718501,258.3128066322351
93865be7.qasm,16,0.1846872,success,0,0.0,0.0,0.0,0.18438055711713267,0.2208343064198147,0.20192913928780248,0.21700662238884613,0.21699648444733272,0.2148907377151793,0.24722946216162794,0.21576761944627848,0.3341911140574082,0.2869832690212649,0.32031906261056625,0.369302571900757,0.28019818206861496,0.30867604978618507,0.33743013046119114,0.3281885513361338
93865be7.qasm,64,0.2199938,success,0,0.0,0.0,0.0,0.19218395974445884,0.2944765375463316,0.28217761138178454,0.32236294973812535,0.25950589040235994,0.335440174632965,0.3573554547663019,0.30621103257184495,0.5893929582392166,0.6861063340048641,0.9548604523976681,1.0159582232528424,0.6009717936596037,1.1770738821894342,1.0818200658669153,1.1587866102342443
9395edc6.qasm,16,8.2267604,success,6,1.0,0.7004874818772782,0.7004874818772782,1.0874003885818515,1.050862516709988,1.143364818272037,1.2063191386453032,1.2780821267390843,1.104980672033152,1.1022152754422458,1.0646241699289343,0.571426843202189,0.6066615546715739,0.5098654662405364,0.5472875990225972,0.5394721039819539,0.4869700701984503,0.5752990983430264,0.5061697298477787
9395edc6.qasm,64,3.4462506000000004,success,6,1.0,0.7004874818772782,0.7004874818772782,1.0604522213719896,1.0287523488951453,1.066457726505252,1.1672990640497232,1.2163296269575434,1.000852639092481,1.0306084177474424,1.0180813287268242,0.6610105783425314,0.692756293424209,0.6614333962657386,0.6038040964120176,0.6449544373566258,0.578733091484164,0.6105477514922634,0.6221333194402324
9395edc6.qasm,512,8.1534394,success,6,1.0,0.7004874818772782,0.7004874818772782,1.2017310847913232,1.088518918796321,1.4389555602278272,1.3156753046704541,1.3369731278581598,1.1316335449059487,1.1430455672551023,1.0208429287699379,1.2070818479701821,0.9154028166379046,1.0299029618101736,0.7010694117434475,0.6565942987838654,0.5552378978633773,0.6867747304281026,0.7057466582750966
93c78575.qasm,16,2.2330659,success,25,1.0,0.8692077101426736,0.8692077101426736,2.239619883634253,2.2412565090363685,2.234768198662912,2.2357813287614885,2.2355575822618,2.239680539964312,2.236072376111934,2.235100694394276,13.33503693416341,13.023105388512231,10.062832724309859,11.935749235404753,16.04801740123422,12.43646335965501,10.697470140942396,12.256209732628149
93c78575.qasm,64,13.131851600000001,success,25,1.0,0.8692077101426736,0.8692077101426736,12.911478619924841,13.001883520779304,12.965000176115149,13.058888086398518,12.961924620817147,13.013768511722441,12.986718452206356,13.006012089665715,12.184529541402117,11.95081989819141,12.542152317518307,12.00218819053345,15.60967358726065,12.790111163183163,9.921435483005558,15.154074455232385
93c78575.qasm,512,575.9143289000002,success,25,1.0,0.8692077101426736,0.8692077101426736,540.7813918270892,536.6193625722364,553.2133389788188,552.015441501267,546.5544385668117,552.9573238491812,556.6691183721957,555.3007400391721,186.51207005812628,185.5782006472544,141.68113825295305,194.96676988964296,179.3254166481726,227.1842712092135,141.922920728831,377.89684071765475
9429600a.qasm,16,2.1292974,success,24,1.0,0.869452576960648,0.869452576960648,2.111489656599838,2.112307881519901,2.109900741625562,2.1105480743566023,2.1106558355752743,2.1104373172746866,2.110731171196539,2.110900978675909,12.65600853979858,12.417275166603659,9.12927058188237,11.837608745130506,15.48613984518528,11.130698839421122,9.967697622916532,11.569493536371736
9429600a.qasm,64,12.183755600000001,success,24,1.0,0.869452576960648,0.869452576960648,12.163844766171657,12.18572526133702,12.168772996321495,12.168649138846467,12.145588932646607,12.134291070555602,12.251227342101274,12.162943754974654,11.911367831193854,11.370635828783133,12.001049865594272,12.237185365144416,14.444757604864893,11.294221409754995,9.130568530545121,14.583454531057415
9429600a.qasm,512,496.7916787999999,success,24,1.0,0.869452576960648,0.869452576960648,496.32935388189685,497.21486155735073,495.89893526845344,495.78422546699954,494.7183862417634,495.2367416133039,495.22142211544883,493.5381831550286,161.33155910106646,161.45748491699663,131.0505661445271,194.5736163614661,143.11326994219968,211.2401225353237,125.45627219636508,367.34069458098185
94f4e26a.qasm,16,2.5668699,success,26,1.0,0.8683995875585679,0.8683995875585679,2.614680926860419,2.608733727734168,2.614810521890078,2.620877858226735,2.6013603943522416,2.6094634296772083,2.591043284651378,2.6004401595948745,15.014981388117482,14.918335595045884,9.810527917264698,10.583110695902542,14.934515880846808,11.924345756333386,11.681731725102916,13.556597975246863
94f4e26a.qasm,64,18.503752099999996,success,26,1.0,0.8683995875585679,0.8683995875585679,18.303503299977336,18.4232899251846,18.165308230439905,18.320053461869264,18.35821184870416,18.358692567082578,18.32167968068368,18.262176279159657,11.891446645449106,11.9135617305704,10.864890535532174,9.509144959815476,12.995743856862937,10.693089580185134,10.946348776950972,14.187659755465067
94f4e26a.qasm,512,704.7077987999999,success,26,1.0,0.8683995875585679,0.8683995875585679,706.386805859934,712.8272652859876,692.3957964318322,688.3915396997006,714.4804136023695,682.8546217671901,689.2965334526398,696.1900788353914,133.9899594436609,152.35680026003496,96.85450490028623,108.51948007198253,119.53738781933303,122.09964980605554,136.2850748089068,256.6737223859302
950704f2.qasm,16,11.708849200000001,success,64,1.0,0.4992680123002538,0.4992680123002538,44.97276387490827,41.7738932308858,48.56179626219174,43.765584737528926,47.72912104939321,45.926968736038866,45.95119868054976,43.19034915279068,1.9169050613344252,1.4718932772916342,3.019349574122724,3.0219792819040667,1.7315355177926253,2.6003081291362227,2.7950596897219824,2.642686813562114
950704f2.qasm,64,2.5663469,success,64,1.0,0.4992680123002538,0.4992680123002538,6.431907346756269,6.426502773919637,6.6798683851447205,6.909314865851418,6.85344531664725,6.799457832168548,6.382057809452045,6.256587521175381,2.6513428387971065,1.916729800513465,4.422465414883358,3.5227998798267297,2.2501030040561685,3.111962841684639,3.251243863273677,3.1931292644110436
950704f2.qasm,512,11.827260099999998,success,64,1.0,0.4992680123002538,0.4992680123002538,56.97907434047735,54.713885723287824,55.1064358717976,50.88984663662506,56.7773594534283,55.872583217881086,53.949348794447495,52.03236230021315,3.7967723953638806,3.2891038503010317,5.940688949785961,4.2681322207022765,3.369203371160983,4.217164406016764,5.410367730495634,4.362216116745855
954ad251.qasm,16,0.19984290000000002,success,1,1.0,0.5401751247425942,0.5401751247425942,0.1792288460652482,0.17792223950026137,0.1800254638760857,0.1775599867359732,0.17892560069692634,0.17728805885604082,0.17771467154553683,0.1777876081375284,0.4120278775745347,0.4044676099121447,0.37630793950867264,0.4913585823290921,0.4036913935983612,0.40553224854584363,0.38410893816893005,0.4213076213532117
954ad251.qasm,64,0.17667839999999999,success,1,1.0,0.5401751247425942,0.5401751247425942,0.17213795301103843,0.1711602148048975,0.1725819759841492,0.1710456902136799,0.17073893227650241,0.1707705198707884,0.1702874823127607,0.1712316324344647,0.5194467035437017,0.49795009119008793,0.5542777370344383,0.6124250560795298,0.4781895845387975,0.5988433960814961,0.5479132223258736,0.5987273661010868
954ad251.qasm,512,0.18874259999999998,success,1,1.0,0.5401751247425942,0.5401751247425942,0.17215719623427025,0.17321272919284747,0.1725373436567332,0.1718439155335034,0.17186633083721847,0.17187947011855761,0.17123565082019615,0.17184684251436202,0.5715464336158117,0.5689592415553809,0.6408812524833442,1.0921190288690539,0.49715887093791494,0.6973037698889099,0.652128636237876,0.7585481222090713
957c248b.qasm,16,0.1746251,success,16,1.0,0.592126368230242,0.592126368230242,2.687457964416845,2.6771742572590744,2.6554796272666517,2.853307601767343,2.599791305071904,2.771839482455817,2.752938094194202,2.7972776034323763,0.6856682235824437,0.6730318444983374,0.9543552412576636,0.880005521782774,0.6002497629753725,0.8461142967809074,0.745758252528225,0.9234159886059634
957c248b.qasm,64,0.2911975,success,16,1.0,0.592126368230242,0.592126368230242,0.6969509730632213,0.7000306092605669,0.7716744126631608,0.6634143058106179,0.6921723969006722,0.7302415422121291,0.702925692126035,0.662007229401745,0.8261229254879143,0.7925009699648297,1.2015418002053215,1.1435024824210331,0.9483856475887469,1.0702663819374296,1.017770988119764,1.254200934154011
957c248b.qasm,512,0.1866839,success,16,1.0,0.592126368230242,0.592126368230242,3.2883203081616976,3.614660539975593,3.478576218419573,3.5066946677039885,3.2638259515315813,3.110134212017529,3.3242374362075693,3.135628316221612,1.3008381535159061,1.3501591739594563,1.9175038486629268,2.3746858224348304,1.5932097190077872,1.690781309335684,1.6663342555982301,1.8136421708477486
964382be.qasm,16,2.6285394,success,26,1.0,0.8689737578789276,0.8689737578789276,2.5922966164928383,2.59706424610432,2.6079754801052073,2.5956411379851008,2.6070911707912665,2.620421603927808,2.598490611688396,2.6148717596083673,15.014981388117482,14.918335595045884,9.810527917264698,10.583110695902542,15.02284915756658,11.825227173910971,11.681731725102916,13.499782895701555
964382be.qasm,64,18.324990700000004,success,26,1.0,0.8689737578789276,0.8689737578789276,18.403091056930922,18.413950755727697,18.425060747396696,18.42608445982428,18.37958601147355,18.58279518787232,18.422350271682483,18.48442648009744,11.891446645449106,11.9135617305704,10.864890535532174,9.509144959815476,13.094219601442992,10.648508889905397,10.946348776950972,13.993618989229283
964382be.qasm,512,696.1004410999997,success,26,1.0,0.8689737578789276,0.8689737578789276,664.2041574147169,665.4900542098673,703.0755706424624,680.4410345712428,672.2908005964911,684.2544596485698,682.5215650637998,687.6136166135317,133.9899594436609,151.74240040989707,96.85450490028623,108.51948007198253,119.53738781933303,118.25675987046343,136.2850748089068,261.78490202902384
965eb08c.qasm,16,1.6469743,success,21,1.0,0.869084612312322,0.869084612312322,1.6600452740480989,1.6619094077364498,1.655451615158885,1.662145961063608,1.6606271119363671,1.6541986672325497,1.6660134013482826,1.6641960713935549,7.673454847738298,9.455248590044661,5.522924649979936,6.78508424733189,9.856582479283345,5.690690605358944,5.496597083746527,7.221794620569117
965eb08c.qasm,64,9.5513858,success,21,1.0,0.869084612312322,0.869084612312322,9.432967247038654,9.420249628434012,9.426059730004999,9.431048225407752,9.409460081346468,9.409334700010103,9.438263049574665,9.436068328815882,6.940966839119054,7.92723763845478,7.120448814704676,7.525602924575084,8.021772406740496,6.172670506429831,5.382708970551209,9.050528912654057
965eb08c.qasm,512,354.3248175000001,success,21,1.0,0.869084612312322,0.869084612312322,342.7051516482953,339.7634687204105,344.67456564760994,344.1740136270053,345.2473610712059,345.08018804897563,345.188070080353,344.6232424569448,81.0069129349843,89.78067570631327,57.144955289262015,89.26435645423236,64.37100150008602,65.09959819922231,64.77358158300935,141.24673314232524
96876fa5.qasm,16,8.5948081,success,8,1.0,0.7241682600227051,0.7241682600227051,55.149612809200555,42.31166465101846,48.61086247561059,35.43791829018019,47.38950796567317,27.233070368897614,35.576835792898414,34.94428433851857,9.178463991605469,8.485597852749256,11.06730366895013,9.509415393368352,12.134198319251558,10.716024203168429,8.660693743958406,10.804909876338296
96876fa5.qasm,64,0.9619184,success,8,1.0,0.7241682600227051,0.7241682600227051,22.787765432786657,18.90991552078406,21.4812956077214,15.21697480441614,21.195670043722703,13.347565832153315,17.330811044599734,15.112029923351367,7.486860106782192,6.2070397383853795,7.680715696510168,5.777777182159118,8.721241940000493,6.764391532509777,5.637784137079423,6.74583750264193
96876fa5.qasm,512,7.9138945,success,8,1.0,0.7241682600227051,0.7241682600227051,118.605642192065,57.038437497809426,112.12293711456984,59.92809139084115,67.81041812459718,86.04717236428019,73.17269381921136,84.30145915095663,20.74003227630271,15.968869539611857,25.349472181987103,16.40564542403359,26.452719366285468,21.450630767621682,15.387394263781083,26.16139066402861
96f82da7.qasm,16,0.17470950000000002,success,85,0.6961505043115191,0.6823959270411146,0.47505026874979855,2.035242316885028,2.2047374124346804,2.008251195534119,2.225259454962819,1.897198136102182,2.275414901748579,1.865509609627454,2.078300772350507,10.109408598316982,15.308781515046007,13.258805663398713,15.790144194015031,12.247765446647234,9.981614906293439,17.71630252761868,12.291968113893796
96f82da7.qasm,64,2.1292088,success,85,0.6961505043115191,0.6823959270411146,0.47505026874979855,5.937696701177915,6.329345197918656,5.438767267359495,6.284347663956566,5.198207768784184,5.496491800824793,5.346351315874526,5.9318117814271725,10.97862744696604,17.285972593501537,13.559400508328839,15.202804767115564,12.738443940761641,10.890495803763883,18.369333005741595,12.545045012777642
96f82da7.qasm,512,0.1789396,success,85,0.6961505043115191,0.6823959270411146,0.47505026874979855,7.122057287077017,7.596610200006991,5.639339116515035,5.621172313547536,6.5068822401235655,8.066122510868302,7.318003736851928,7.837370921157346,21.131466963117692,36.41995589741662,25.318665711665602,38.06344940342999,35.14597001685041,31.09451415037383,49.40684194252189,34.374358297333785
981d8651.qasm,16,0.17745339999999998,success,1,0.0745839118693822,0.4084907855269426,0.030466840747196192,0.1791264816755993,0.17974561051594043,0.1809344989012425,0.17776151488690345,0.1773350732359292,0.18006752690042044,0.17680578038192984,0.1795303129386148,2.7737186749971805,2.580958298072784,2.330497716003456,3.2204814570233,2.4432179114316384,2.34326689935213,2.045210514535188,1.9338415279579324
981d8651.qasm,64,4.6828124,success,1,0.0745839118693822,0.4084907855269426,0.030466840747196192,4.836049120019079,4.807838703318749,4.897925684939655,4.78258363830493,4.724798615058786,4.683742353709393,4.753301889715946,4.755804315852789,4.231648907825326,4.761468571268827,3.5720543875792496,4.595392444953217,4.927751778117536,3.7257733310759806,3.283046968931783,3.5185750507315303
981d8651.qasm,512,0.17061470000000004,success,1,0.0745839118693822,0.4084907855269426,0.030466840747196192,0.1894256841985158,0.1782795495943558,0.19068333747133326,0.181051116738376,0.17906069294771348,0.1817908305964277,0.17813017332618886,0.176722448077352,5.113019988660801,4.517552569846176,5.047526661638613,4.445314324595314,4.411981357798129,2.713601607205625,2.3993359670219485,2.9175050821723487
9a442b56.qasm,16,9.1980982,success,45,0.9887640449438202,0.7166752301262647,0.7086226994506887,9.944964175232402,10.301949934425565,9.943585479349048,9.895294122121012,10.02741716746829,9.829671438823476,10.012952763237017,9.927483187586096,6.844929765659306,6.467859671930453,5.527799635447509,5.282207550667165,5.655760461460195,4.778269603344477,5.124508158847439,5.159203686123295
9a442b56.qasm,64,1.1185776,success,45,0.9887640449438202,0.7166752301262647,0.7086226994506887,0.2914849046055448,0.2928423202072415,0.2879698383302387,0.2951928524021218,0.28974616951448245,0.2915498154626903,0.2963124829092773,0.29210632241875367,5.302315451310367,4.334558100344646,4.556589374253967,3.60987357095137,4.375555725130948,3.9364109692105793,4.1392205718016335,4.213153832028728
9c6b6510.qasm,16,0.2886272,success,128,1.0,0.6726088248619303,0.6726088248619303,0.5897232058244991,0.5428470056575903,0.6333901632118508,0.5698020941428757,0.5611321076240166,0.5337557554420503,0.4717656563978667,0.6023368570131006,14.783984029186447,12.924099152351795,12.357198572975387,13.69893625762828,17.29688067302277,8.143095980779245,14.046042844464871,11.180189898006137
9c6b6510.qasm,64,2.4669897,success,128,1.0,0.6726088248619303,0.6726088248619303,1.9361399607268408,1.8285885741498757,2.5178144679718764,1.9295115047370375,1.8507325775577712,2.0689401420095903,2.366524874802707,2.189241696956449,8.075059606384764,6.896114232049985,8.13258644263162,8.22584625675471,9.396047414050768,5.730218026048427,8.858396981303299,7.1686216298636145
9c6b6510.qasm,512,0.2779434,success,128,1.0,0.6726088248619303,0.6726088248619303,1.1406931671184628,1.1986999913621106,0.9594707611536935,0.7291220112966982,1.0565437700749605,1.1929046319731684,0.8696342898376195,1.0684893355536944,73.47973204195809,99.2081942709998,77.40082302950887,129.17004827670522,115.16311469873074,77.92013867922965,120.09780346509798,90.89517533231712
9ccf974e.qasm,16,0.3430253,success,4,1.0,0.7669414504087468,0.7669414504087468,0.3111457594492591,0.29830215595540316,0.2843355843855872,0.30677595427882115,0.2515125464310298,0.31322573449334357,0.2890958769636038,0.2846061557360833,0.22488329062338785,0.2195674518979655,0.2458579257513937,0.22638698285568373,0.22644259684072002,0.22715418703509718,0.23908765527241918,0.23267506309190705
9ccf974e.qasm,64,0.17092409999999997,success,4,1.0,0.7669414504087468,0.7669414504087468,0.2617148936365511,0.25411279162459943,0.24200101481153374,0.269919610975922,0.24895249473775535,0.2734187801677091,0.24848923569554526,0.2667165548867961,0.23339222352893094,0.2337689078325157,0.24658554750327136,0.23635302620211435,0.2398010746354596,0.2255793530783633,0.24382600199761092,0.22823194874977923
9d76010e.qasm,16,0.1707674,success,1,0.11014863704197046,0.42234993837717016,0.04652127006700551,0.1794783530262483,0.17297559354678663,0.17364660012108618,0.1736851916404398,0.17739670616203584,0.1741805073018482,0.1730148794294472,0.17308390315102012,1.6314568589199294,1.546067888649837,1.4022031241588686,1.645505389889857,1.3344369125310465,1.5064811211936737,1.2137157321025198,1.2747943822461756
9d76010e.qasm,64,3.0336689,success,1,0.11014863704197046,0.42234993837717016,0.04652127006700551,2.7710920768785705,2.911796086694152,2.775689992494892,2.9535241692894347,2.985308737718534,2.8611551967174242,2.8350981485874898,2.8062520193030203,2.7537169983079357,3.144501028650181,2.2562632943292416,2.630830975183954,3.025471871231479,2.5208088137365197,2.1462647191931836,2.524015321241683
9d76010e.qasm,512,0.1692022,success,1,0.11014863704197046,0.42234993837717016,0.04652127006700551,0.1972903288025345,0.18821555927401823,0.1904419913358559,0.18178667463119372,0.18918450537995612,0.1940493518660602,0.1820810471821356,0.18798995435850377,3.120708262025564,2.5306647631490713,3.1717337113954764,2.6084093786746787,2.6871971430165753,1.8042730223292576,1.4579771123887924,1.868238115853761
9d7cbc78.qasm,16,0.4762271,success,6,1.0,0.8714472441150237,0.8714472441150237,0.49307665451020766,0.49848270873013767,0.4767668972102,0.481947387999303,0.4831812150424485,0.477854212778054,0.4644631026388214,0.47656739909786333,0.8586340649768728,0.7873538672392048,0.7598547716818059,0.8217550478056677,0.7901728241496917,0.6005273484942063,0.7982364616297066,0.8073777086517894
9d7cbc78.qasm,64,0.3512017,success,6,1.0,0.8714472441150237,0.8714472441150237,0.34344493234793405,0.34258887297129476,0.3502213506344051,0.34802470143479824,0.34356057436278464,0.3464117614032232,0.34985006986739736,0.3477116630094794,0.9495195815259143,0.9999881015528056,0.8150832207224448,0.9506185554176982,0.8063971403231374,0.6728074957028303,0.7553181032265491,0.9401579693181816
9d7cbc78.qasm,512,0.3497272,success,6,1.0,0.8714472441150237,0.8714472441150237,0.34202978943942974,0.3395953192445127,0.3434813106577082,0.3420942077172959,0.34034979360738554,0.34081412033469666,0.3424964528928018,0.34180213207719823,2.8793694167646895,2.695690718166421,2.6337078295791887,2.791118806868581,2.3477603954908504,1.5790516042734446,2.0203003964444135,2.1121126196175126
9d7e60b6.qasm,16,0.18949259999999998,success,128,1.0,0.5555338448270141,0.5555338448270141,0.2014325009528107,0.20381779809901684,0.19622695788159616,0.2005487787293196,0.20821569916438767,0.21756336164619472,0.204406314724679,0.19961809106811015,6.31423093233889,6.561679657727099,8.13354663340366,5.960564591733561,7.536361197223772,3.75346734985735,6.823857395776257,4.371148435331212
9d7e60b6.qasm,64,2.0476432,success,128,1.0,0.5555338448270141,0.5555338448270141,2.3001475705376304,2.2665873530383287,2.133023447344463,2.173138311733315,2.1686329506389517,2.281213633087559,2.228035572187885,2.203528456022727,7.212350068262015,7.434036470232698,9.390928922137933,7.821877626127331,10.301651581038419,5.353102350143805,10.567212045501721,6.391283120032621
9d7e60b6.qasm,512,0.17087999999999998,success,128,1.0,0.5555338448270141,0.5555338448270141,0.2131711156992361,0.22195171957917412,0.2022077533393374,0.21176169151583338,0.2094009637406172,0.22769174198510264,0.2258538499477614,0.2142997763673704,15.827965895431293,20.539949667540128,20.261001123978026,27.556003194128415,21.770084386775526,14.688703589502607,29.555178274182353,15.894986643928352
9e3be92a.qasm,16,90.3924556,success,64,1.0,0.49926698771930855,0.49926698771930855,9.459355663458924,9.814002568565465,9.561849278732096,9.318004696558555,9.74503051600387,9.644242307507238,9.563662044395347,10.310678509029922,1.9169050613344252,1.4718932772916342,3.019349574122724,3.0219792819040667,1.7315355177926253,2.6208168899368465,2.7950596897219824,2.6487700844731368
9e3be92a.qasm,64,5.0076162,success,64,1.0,0.49926698771930855,0.49926698771930855,2.6644058080497723,2.7499872026746104,2.660136024940234,2.6715198067733708,2.6103122629975735,2.5624746569859487,2.604276857312087,2.528766260571157,2.6513428387971065,1.916729800513465,4.422465414883358,3.5227998798267297,2.2501030040561685,3.092132821696837,3.251243863273677,3.179150310259363
9e3be92a.qasm,512,90.08668939999998,success,64,1.0,0.49926698771930855,0.49926698771930855,10.661384026768122,10.834208728245448,11.290014781351239,11.342132405585572,10.93098891543295,11.008456163275806,11.347899121141575,10.740733076346318,3.7967723953638806,3.2891038503010317,5.940688949785961,4.2681322207022765,3.369203371160983,4.205279962490657,5.410367730495634,4.28079255831992
9ea3bed5.qasm,16,3.9805098,success,1,1.0,0.4099784585130354,0.4099784585130354,3.198958264169353,3.245266254687253,3.4896557169513533,3.5431613682434397,4.057508488840507,3.5261001421410763,3.9553672099850936,3.6346945368721872,3.5709764009727136,4.610034159251627,3.6308036048346897,4.763157766023501,4.194411769912705,4.703407288584656,4.006189679766498,4.130848339086674
9ea3bed5.qasm,64,3.8935624,success,1,1.0,0.4099784585130354,0.4099784585130354,3.1358244272831124,3.2949898306382264,3.436981303684793,3.443242089905064,3.9194407715416277,3.432496268869995,3.852993326305634,3.434025367152326,3.505698312846165,4.47885849148224,3.584884915329588,4.610311595371601,4.099137184810912,4.4556211156058785,4.06002217620917,4.073117462875109
9ea3bed5.qasm,512,3.9776184000000003,success,1,1.0,0.4099784585130354,0.4099784585130354,3.4259490489670275,3.183906020931756,4.325754546586864,3.668069611872361,4.036599455535132,3.943697902767622,4.010580435986328,3.965080848529818,3.642823701576877,4.322282959785161,3.7908901054101767,4.259455894599906,3.890978081754339,4.3570559009073655,4.056943335657164,4.05798921525514
9f744e04.qasm,16,52.217373299999984,success,15,1.0,0.8704812740155697,0.8704812740155697,34.369719133845294,36.515167818315284,39.48758639245023,34.14466423839359,36.694560349113054,36.88204439903366,30.269954145537454,30.66540070726644,15.172598894564002,10.14071965203392,7.782508996103848,9.497924890356666,11.2139992477367,7.746859755118345,9.173954990502807,7.570092451236858
9f744e04.qasm,64,104.66313360000004,success,15,1.0,0.8704812740155697,0.8704812740155697,33.966708749890046,37.040183377673216,38.59207495439011,32.859812758059405,31.09632476128646,38.67782272116101,27.19101901059994,34.99764010766533,3.332423169419347,2.1427750118211435,2.2074459978983736,2.1037301601415135,1.9262361314804244,1.675393654292442,1.588325401227952,1.7988631497840808
9f744e04.qasm,512,4128.416998699998,success,15,1.0,0.8704812740155697,0.8704812740155697,2064.385591849733,1548.6199835550815,1821.524592556433,1503.2349937802396,2012.3376578269613,1680.3370235958328,1695.0212393642303,1774.6718599644516,357.6000752633321,264.1434537484351,554.6361480749579,341.9536212359535,369.70096026952143,305.0394833851777,244.79821675819008,353.92749107150723
a0a79499.qasm,16,1.8720441,success,8,1.0,0.8095814398288976,0.8095814398288976,0.2798704980623047,0.2564716287575089,0.28977802938653957,0.2912939433858232,0.2768230221606433,0.2698669522851002,0.22942055096639918,0.2579176789230187,0.23470835935471546,0.2569709895308948,0.2830669213523739,0.28040044839491485,0.2483306811020151,0.2541585319580745,0.24104759956224192,0.25044758407825574
a0a79499.qasm,64,0.7155789,success,8,1.0,0.8095814398288976,0.8095814398288976,0.3825821889410792,0.29360474917188834,0.41381779113760403,0.3118432232680127,0.3453028632190723,0.30069285543417723,0.25803769169873764,0.295125630643853,0.329870112214464,0.2931558427214364,0.41388093760853234,0.3310619390894028,0.3136399760853178,0.307006540881323,0.300015016838311,0.2998747412593481
a0a79499.qasm,512,1.9413185,success,8,1.0,0.8095814398288976,0.8095814398288976,0.34145481143419393,0.30043091198758315,0.41255489480900626,0.2900683403237513,0.3061114194098139,0.3310431909750654,0.27892623078412,0.3010112470110526,0.22915428950404046,0.2540844751155563,0.26375502951000485,0.2882837473005124,0.24999289959361065,0.2497266645303166,0.2427149121822957,0.24416389829439625
a0b53b67.qasm,16,0.17763,success,32,1.0,0.7520149503251237,0.7520149503251237,0.26243808121613094,0.3571343641952429,0.2829618093714385,0.35941050767514804,0.4723969827105122,0.4239158604485713,0.41753155239207174,0.4153367183810853,2.3170399331172553,2.362123792998981,2.487909621048313,2.7203835353524233,2.9737921546551345,2.43345357516474,3.430372601834407,2.5808952496385262
a0b53b67.qasm,64,0.5182719,success,32,1.0,0.7520149503251237,0.7520149503251237,2.0311058520546452,1.4283187500937098,1.494950094185268,1.2605533589574165,1.8879331837928492,1.1946943037730642,1.715544471264503,1.3745109743295865,2.75101035201727,3.9044498439542967,2.5399071632830927,3.9136440025151145,3.5989846297666594,2.675881467113367,4.413475587749752,3.3369025115103477
a169a3ba.qasm,16,1.6347612,success,19,1.0,0.868580895462273,0.868580895462273,1.660416197260573,1.6569267347207126,1.6639598594482365,1.659369819761918,1.6550463376207603,1.6600143306087638,1.6625860227815192,1.6465963905459962,6.81406022605526,9.717185994824632,4.897323503769382,6.247389466522387,11.059601777921861,6.045302893612397,5.12312871917791,7.409416100001616
a169a3ba.qasm,64,8.898883499999998,success,19,1.0,0.868580895462273,0.868580895462273,8.920368048140052,8.977658475126505,9.079190948068755,8.866490338094994,8.922716839319175,9.017835725001671,8.9030516493812,8.867126020406749,7.236963800247437,9.538993111547567,7.053113808316585,7.859296059960468,10.392461426470039,7.411923206140576,5.574176472772398,9.958545636029244
a169a3ba.qasm,512,330.86148350000013,success,19,1.0,0.868580895462273,0.868580895462273,342.0606634832835,335.7698252277084,333.4824115606802,339.826296740618,338.3027297917627,340.5575171369786,341.0264402414495,333.72283573848915,91.28271781007591,116.3991977361163,68.78897557744794,106.1017706889657,83.64573075680111,82.71530613262392,66.80538859057864,163.64127273959642
a1b3d3aa.qasm,16,2.1666266,success,16,1.0,0.31293313405443707,0.31293313405443707,0.7302582070998151,0.8982970307805119,0.8823137407664262,0.9615221372394078,0.7656140875062083,0.9667334781900909,0.8188519390150739,0.9623111975003397,1.1380777200850198,1.2514114625895392,1.2740235413320637,1.382916107361662,0.9681413158756643,1.0603157320667458,1.3866754602835072,1.093406700214627
a1b3d3aa.qasm,64,6.827168100000001,success,16,1.0,0.31293313405443707,0.31293313405443707,1.4512570810229972,1.564099140254362,1.6068663270925545,1.4330684535750187,1.6231391306447989,1.526142519417809,1.4571020075362657,1.5730301893296714,1.37023861817108,1.7561273101525505,1.5210870506681007,2.0539438436049267,1.3815939495402378,1.4051637820029297,1.8213918208263615,1.5342867104926188
a1b3d3aa.qasm,512,212.50459400000003,success,16,1.0,0.31293313405443707,0.31293313405443707,2.15378768636241,3.632706109730904,2.9797032976990145,4.156020136072573,1.6491608209167719,3.8194151275675448,3.006273833694246,4.052016350067044,5.123382097212014,10.204859847205135,6.825200193780728,14.054505943136617,5.990645810288778,6.846360027051434,8.024906993611708,5.913001476518667
a1bc8d56.qasm,16,1.0850003,success,10,1.0,0.8693250371934877,0.8693250371934877,1.1012376893204159,1.1017960547436803,1.10527246559894,1.085251165348123,1.0886654534248768,1.1198224512063149,1.1220967699402329,1.101803300541722,2.5374192439572623,1.9989068502200424,1.5581301627077986,1.6501257913716687,2.093388475735342,1.6821619471391402,1.6256208213470764,1.9796778805754711
a1bc8d56.qasm,64,2.2916824,success,10,1.0,0.8693250371934877,0.8693250371934877,2.2409792596455476,2.2535027649378505,2.275911684430091,2.282823108053815,2.273039805316136,2.215262698794044,2.2236908217983062,2.211244122505341,2.862934638033443,2.0983280439311414,2.0627110132089617,2.111194395139352,2.200383457820378,1.8940482366907543,1.9888720581227508,2.594134043803314
a1bc8d56.qasm,512,23.992057699999997,success,10,1.0,0.8693250371934877,0.8693250371934877,21.771316151061075,21.82671062095738,22.924668614657197,22.500932093842685,22.30305079183806,22.361062356065723,22.493275483446464,22.796665110380772,18.779798098767056,11.923410317324453,11.730034627687438,15.520389982469126,12.40927888338049,11.390429248937833,8.981564824834557,13.62096149062792
a3cb01ca.qasm,16,1.2192321,success,12,1.0,0.8686666135949074,0.8686666135949074,1.1420436389483437,1.1383852000893906,1.1507279957294878,1.1468475360464683,1.1481882637015894,1.1531927523495895,1.1408365933295526,1.1458945858434189,3.2066658717007845,3.349353795498052,2.096302924770714,2.336928873058144,3.5027630215789314,2.194561461362496,2.0955256889380722,2.6362664307055472
a3cb01ca.qasm,64,3.4253563,success,12,1.0,0.8686666135949074,0.8686666135949074,3.395964645201009,3.39476317112769,3.3536507615181903,3.375470278841046,3.453273089227753,3.3646605047532083,3.3895987073734837,3.412411932122522,3.727342639089912,3.6903233214982163,2.9516670106984555,3.185846235318785,3.5264249087234,2.5903908438411323,2.6016855090571758,3.3640992168949913
a3cb01ca.qasm,512,72.2422423,success,12,1.0,0.8686666135949074,0.8686666135949074,72.75622344970928,72.49676977426559,70.87423552055203,71.67832441463077,69.75998935600153,70.66367053103372,69.91476164029363,70.11817141540197,25.74715229788916,22.91240093884724,18.128156837228854,25.754184334754147,17.38225141034916,19.08051975138612,15.994148365496244,24.753036513255875
a409aaa1.qasm,16,2.5722586,success,16,1.0,0.4902987439035318,0.4902987439035318,1.0456411407796826,1.119965042639624,1.0182010791202791,0.8810277894528302,1.1357257016744304,0.9804840243477577,1.3701319250193413,1.1634116606966556,0.670022458793728,0.8317716865802219,0.7365426954523788,0.7348803169069114,0.7684164466790169,0.8050497151606536,0.8123858233473242,0.7570988482881411
a409aaa1.qasm,64,6.2227107,success,16,1.0,0.4902987439035318,0.4902987439035318,2.7501758521045763,3.589248272006994,2.921257669819951,2.3512216777285384,2.992845969529311,2.277094003304278,3.1569851534362416,2.9379702446984868,2.08706752054247,2.169141330344168,2.1964760569858384,2.105508828101817,2.0163029318833043,2.15037926335974,2.1716063116892133,1.9830513910073848
a409aaa1.qasm,512,194.3047202,success,16,1.0,0.4902987439035318,0.4902987439035318,3.4199132363969693,5.043666123823306,3.817268380070158,3.1910090912798954,4.300469843093823,4.1462192701890075,8.927339104085226,5.49280586759838,1.6149489250738334,2.0655348263762785,1.7639982077433718,1.5923419499884004,1.9479737376679904,2.159033770477168,2.105703752361427,2.2491357215156405
a440a477.qasm,16,16.169895400000005,success,11,0.9157575757575758,0.6947524967727234,0.6362248621961122,4.832019356895084,5.001017441550223,5.663842853392345,5.55781957710124,5.203436571639533,4.610502981746997,5.591637220411075,4.793826119333504,0.5019263862992648,0.43445155463869145,0.4846530680197402,0.49093550928119767,0.4232515561310636,0.39046378371029394,0.4254699134746989,0.42451110306549894
a440a477.qasm,64,6.606882699999999,success,11,0.9157575757575758,0.6947524967727234,0.6362248621961122,4.838543785853527,4.929087089495644,5.915460613743011,5.6859514559425115,5.15965181342436,4.683229581487686,5.5514203223713485,4.9373445267703575,0.7280542352958196,0.7000582166215659,0.7105630357246969,0.5909366222775153,0.7710105541028993,0.5958062623005103,0.6600549314417595,0.6874273932090799
a440a477.qasm,512,16.634451100000003,success,11,0.9157575757575758,0.6947524967727234,0.6362248621961122,5.266257435111403,5.902174693818292,6.394421317126156,5.938100504245297,5.661204699477788,5.804645918531998,6.161199371206688,5.869146270949517,1.1964416601545225,0.9377544542949884,1.1294023764959278,0.7417246173562345,0.7335663245344074,0.7660894871690472,0.7786788395999108,0.7750858418465019
a44fdc9f.qasm,16,0.1848667,success,63,1.0,0.5609172277621333,0.5609172277621333,0.19662825908899909,0.19211498971703936,0.18852542478577872,0.19989320475849526,0.18211049071959196,0.18385417020298936,0.18336028294761458,0.18547781907057978,2.223311754628604,2.1374088097851414,2.33999403498179,2.483781316622586,2.2571372561003487,2.055621222169892,2.3294107151689083,1.9041618626045134
a44fdc9f.qasm,64,1.0295765,success,63,1.0,0.5609172277621333,0.5609172277621333,1.1980281740537815,1.0334606687368952,1.2653529673516366,1.1808847913484637,1.0624918328625859,1.0590718471533846,1.0780899449484103,1.0778205419748728,3.366096326259606,3.471991673369664,3.5377791483950305,4.2760220181138955,4.41116568745541,3.771901585162302,5.0951292375310935,3.7249651240994135
a44fdc9f.qasm,512,0.17738700000000002,success,63,1.0,0.5609172277621333,0.5609172277621333,0.19863727827261432,0.1894357695776695,0.18487304882426378,0.20221146761185982,0.18185525202051273,0.18768279121991469,0.18569423212995653,0.1859323656634695,4.8977522058852765,8.244066685974634,6.7443068502633015,13.559877141436523,10.121997435583776,8.381747654582368,11.485351449938884,7.4001902723365856
a4f95806.qasm,16,0.16642549999999998,success,3,0.7288095238095238,0.8824922726081721,0.6431687729651464,0.2228087973866843,0.2199506709017908,0.26396892712977277,0.25242311934461753,0.22829792539507388,0.2586267808113909,0.23977941381962237,0.25810593876906285,0.2748759791198263,0.23245459610041094,0.28570902360520184,0.25062836560469326,0.24820239589562537,0.2564672966721707,0.258442968565471,0.2567006304475439
a4f95806.qasm,64,0.6707554,success,3,0.7288095238095238,0.8824922726081721,0.6431687729651464,0.5302440118123616,0.5063676496066056,0.562624781924565,0.5605151937082701,0.4937653456227235,0.5550892655846189,0.5336154667016244,0.543457558159174,0.5178665214513322,0.45625485067610133,0.5065696519743008,0.42833819137253343,0.45164068184025763,0.4758104740356651,0.4344203325373375,0.446789617515158
a4f95806.qasm,512,0.17320600000000003,success,3,0.7288095238095238,0.8824922726081721,0.6431687729651464,0.22549460569205676,0.22039747697534498,0.26612201821737175,0.2513166609544602,0.24026646278938127,0.26723961380114303,0.251779559559458,0.2588269828337254,0.3171057196607598,0.2777140424388052,0.30435003988926035,0.2704991304108362,0.2937265970484607,0.2639550666539805,0.272923172311867,0.30347411636550337
a75c691c.qasm,16,2.0765425,success,14,1.0,0.74303933925372,0.74303933925372,1.7646322044310376,1.8824982103957746,1.7872953558823994,1.7199450164557695,1.7973066535230322,1.814079560958513,1.6920336921667012,1.6821335074119994,2.7247040002907914,2.5309300869947076,1.876614567199171,1.8586117145349608,2.159911030687502,1.3834923543540225,1.5921802090272081,1.7987858077080459
a75c691c.qasm,64,0.166108,success,14,1.0,0.74303933925372,0.74303933925372,0.24020895549612697,0.2249417031929883,0.2302214381085515,0.23926633217634521,0.23583467331469574,0.2406467864775121,0.23621535030459181,0.2471870553224487,3.306768540607068,3.05864190318948,2.0026028732760164,2.167270503125681,2.173475109603283,1.6396634712181302,1.8475098150525204,2.3011980839520834
a8818670.qasm,16,0.1796637,success,1,0.21609541891799958,0.46556844617890686,0.10060720841203302,0.17563929691594765,0.1805662866498608,0.18425741555927563,0.1742638360075983,0.17721246767703108,0.18018929854235302,0.17992324238604523,0.17713944516424326,0.20460299830480988,0.209355151030882,0.22529338350475833,0.22782844362116936,0.2177213997378999,0.21967165796919458,0.22533244837583724,0.21839663176019597
a8818670.qasm,64,1.156165,success,1,0.21609541891799958,0.46556844617890686,0.10060720841203302,1.1385542762221672,1.1163966324900962,1.0959105796539361,1.129901512794104,1.11714605900809,1.114042008856019,1.1176036105149196,1.1237500063885253,0.6465101987653963,0.7930509072461395,0.5668336575060413,0.5756584729479993,0.7922165161402268,0.6521741756461877,0.6080733342031752,0.6144594786110511
a8818670.qasm,512,0.18732309999999996,success,1,0.21609541891799958,0.46556844617890686,0.10060720841203302,0.2650812023016475,0.27551482094593155,0.3201897456622973,0.23534806601991687,0.29568581382975423,0.2565350278803452,0.24894555722721273,0.2863188104325415,0.19633733246896778,0.21105026138391633,0.21798162584091918,0.21721170250074487,0.20851445461261922,0.20942521362324806,0.21351254495366812,0.21062502128042965
a8b40b61.qasm,16,1.6559996,success,21,1.0,0.8690806814957193,0.8690806814957193,1.6249072022459494,1.634091808056134,1.629064497176914,1.6332063010527225,1.6515151103916952,1.6292429651695228,1.6336026907826704,1.617550058538582,7.673454847738298,9.455248590044661,5.522924649979936,6.78508424733189,9.856582479283345,5.674838437837627,5.496597083746527,7.221794620569117
a8b40b61.qasm,64,9.471062,success,21,1.0,0.8690806814957193,0.8690806814957193,9.666029855577868,9.418756055550372,9.365531867470349,9.465099579621503,9.589327022107616,9.359181029579009,9.528312136862176,9.404061748982768,6.940966839119054,7.92723763845478,7.120448814704676,7.525602924575084,8.021772406740496,6.1245706345853375,5.382708970551209,9.050528912654057
a8b40b61.qasm,512,344.19865939999994,success,21,1.0,0.8690806814957193,0.8690806814957193,348.13615326352726,340.60919508954146,347.6071867362017,348.74838141288353,342.48996012738684,343.9933417844354,344.54730352070254,345.4945272094539,81.0069129349843,89.78067570631327,57.144955289262015,87.79796164524231,63.286321835304534,65.09959819922231,64.77358158300935,141.24673314232524
a8dfab96.qasm,16,1.0960489,success,10,1.0,0.8687709438355558,0.8687709438355558,1.0863680790401309,1.0746935038280787,1.0938832129522338,1.0867095629742642,1.0844914268009649,1.0877330826921645,1.1131821208553547,1.0992621958639952,2.7561317221367023,2.470534696904677,1.7645203384216799,1.8429045484420998,2.3159107774965393,1.7982041333011696,1.7714226339672154,2.1154561823658633
a8dfab96.qasm,64,2.5684272,success,10,1.0,0.8687709438355558,0.8687709438355558,2.599775343122695,2.533569708354498,2.572663821322117,2.5903878359199286,2.5663623928364157,2.5315753607242097,2.5949911763220137,2.593516488763172,3.1633430408775127,2.6126230498227225,2.2601449896961623,2.4186457785476003,2.402839926508047,2.0557865782416704,2.1744842916582403,2.7005162751442224
a8dfab96.qasm,512,34.62364469999999,success,10,1.0,0.8687709438355558,0.8687709438355558,33.79099836864965,33.50492277106775,32.583340270791474,32.4855721243384,33.0875647485129,33.0462052425224,33.21256434726112,32.66429535629518,21.891878269047936,15.781019657578462,14.240213084035261,20.584769313496302,14.02098448705668,13.437408050214703,10.246857915640776,15.246141881047244
a9091180.qasm,16,2.1176052,success,24,1.0,0.8693576408015953,0.8693576408015953,2.1257572667464117,2.132627883446689,2.1248660839789784,2.1267354885620677,2.1257487431396345,2.125515763398879,2.1249884972200968,2.1273681841416683,12.65600853979858,12.300196928856964,9.12927058188237,11.837608745130506,15.48613984518528,11.130698839421122,9.961447196620453,11.569493536371736
a9091180.qasm,64,12.155388299999998,success,24,1.0,0.8693576408015953,0.8693576408015953,12.175690874796908,12.159124042481462,12.165123259556506,12.157202310537823,12.155263583653825,12.157185667874748,12.178253438595846,12.136084485255482,11.911367831193854,11.32430970285689,12.001049865594272,12.237185365144416,14.444757604864893,11.294221409754995,9.091168024759154,14.583454531057415
a9091180.qasm,512,497.33829909999974,success,24,1.0,0.8693576408015953,0.8693576408015953,489.2978472426358,490.3450138185815,494.145582050381,495.02829968285386,493.0363153408722,495.4370934373437,495.06220684802577,493.58223256918586,161.33155910106646,156.7974616619485,131.0505661445271,194.5736163614661,143.11326994219968,211.2401225353237,125.45627219636508,367.34069458098185
aa41f5f1.qasm,16,2.0768734,success,25,1.0,0.8694037972666605,0.8694037972666605,2.066127813737767,2.0654185275386943,2.0701811201100013,2.066751901671465,2.066398970581492,2.065513741554557,2.0660654194712658,2.0657677320819987,10.462638046181237,9.426755348401503,6.749108171513019,8.874845487565372,10.981010663412885,8.352104365442067,8.102916768985205,9.891124350931886
aa41f5f1.qasm,64,12.550837200000002,success,25,1.0,0.8694037972666605,0.8694037972666605,12.318229044974295,12.381759027861746,12.331361150369933,12.399017106898969,12.423445328026116,12.382300637467752,12.459326222665876,12.32875591742535,8.739864721989708,7.57121288432688,8.356493011293965,8.842058777883125,9.518086184597763,7.9354954381623894,7.554581591613061,11.68146864057463
aa41f5f1.qasm,512,497.82790249999994,success,25,1.0,0.8694037972666605,0.8694037972666605,510.71223158891837,510.7335885298675,509.4305772045656,508.5225122225092,510.35474171723206,506.70128762058636,504.04443814349287,506.80750344070856,107.24617890815772,100.39018212710344,72.14941839293671,105.53008090647094,84.73800629168024,109.3786281710048,86.63536453264273,195.97298478295073
aac529b2.qasm,16,1231.2409277000006,success,64,1.0,0.6228558047912345,0.6228558047912345,17.489958558426665,20.206245461515973,20.102803484265245,22.676736442062587,17.11924055603631,21.14690519330756,22.510323499717746,16.17132106803822,26.28548357340932,29.64757640371705,35.78455374830719,34.72232374944736,34.56132920940747,32.1132699431463,25.876693747013068,35.91682736810703
aac529b2.qasm,64,49.33276260000001,success,64,1.0,0.6228558047912345,0.6228558047912345,21.83075478745096,22.152228117731706,18.263381828610175,25.82212712954946,16.86272016403896,23.605719894039552,21.2138195346595,17.1581164819123,24.626092381830905,27.286769737762057,30.175458286617154,22.835772663569895,33.706370622011995,26.172604369377016,21.328441866399842,34.45121987458524
aac529b2.qasm,512,4142.797545899999,success,64,1.0,0.6228558047912345,0.6228558047912345,334.4690647686774,280.1525252682953,287.32235131556047,351.29722334125154,355.87426246648874,561.7081888581915,427.6084396380644,473.1770637866121,1074.2034685010356,1407.8384690333282,812.6536518720809,1122.1803371975495,1591.3993627082775,1236.3717160833128,1438.7807209448467,1388.94931626668
aaf05f5c.qasm,16,1.1518439,success,14,1.0,0.8687754674397441,0.8687754674397441,1.105465759678086,1.1140050423209422,1.102709654569241,1.1085213002940102,1.110085172228711,1.1222489023521467,1.1167294520539812,1.1171742041938613,4.437730211927177,5.168008272260248,3.0282257091658447,3.3591206129587743,5.673212359896816,3.3127842872299205,3.1727136905711437,3.630378790536887
aaf05f5c.qasm,64,5.0934963,success,14,1.0,0.8687754674397441,0.8687754674397441,5.1339781467612084,5.08262722401183,5.119135903447295,5.081391463366637,5.103457944394102,5.10400304293487,5.104703997903587,5.104648243447326,5.414051078564346,6.125559325059505,4.420001321937248,4.7872088874866465,5.558566199262008,4.070827696804609,3.8628731043595956,4.9515265705614
aaf05f5c.qasm,512,144.77378309999997,success,14,1.0,0.8687754674397441,0.8687754674397441,146.53215868872638,145.46763076128266,146.04874364068644,145.90635752591152,145.2182877081393,145.39531365681327,146.5476915671544,145.12045588750263,44.37906459346655,44.00796155006612,36.925815572153645,57.73218533563519,28.65941613389279,35.489780854344936,27.631511325821958,49.16822569847565
ab65fd24.qasm,16,2.6866797,success,26,1.0,0.869344844035927,0.869344844035927,2.6728427272694972,2.668920812387542,2.6811789352503697,2.662440270908627,2.698138086346594,2.689831409825276,2.6742735336466823,2.663167993936874,25.165343191689523,21.76376934020504,15.61958661057475,17.68266903412915,22.976099866895836,19.260985633961365,16.28280754705651,19.653915250307872
ab65fd24.qasm,64,21.016287900000002,success,26,1.0,0.869344844035927,0.869344844035927,21.11006928771663,21.039989439114038,21.019215636840666,21.218462701722384,21.29139353775371,20.993669814129365,21.241685617920883,21.156512560519605,21.178983091409844,20.343376774014583,17.36047642690887,17.48534305301894,22.956593552652887,20.382827781467434,15.858255552023094,22.150285539310424
ab65fd24.qasm,512,969.4532298999997,success,26,1.0,0.869344844035927,0.869344844035927,1028.3097354262702,1011.449387311314,906.4280583556535,949.9593416828051,1008.1512838557932,931.3770886176623,923.979907273023,901.6920319408483,310.01105868774096,338.42128756018053,238.66937205343106,255.11336759073234,285.37117830910995,368.28873452586066,266.8115953949205,677.2106397757735
ab8a1b3c.qasm,16,5.4734568,success,28,1.0,0.7694864101496433,0.7694864101496433,3.030502683786898,2.9397143476900838,2.9121847026832675,3.2573660647320666,3.2862648392280116,3.0825498298527982,3.324450408114617,3.137384912671425,0.60523273607801,0.5525981128413741,0.575957567772226,0.6269404792134186,0.619519615368228,0.6416809064552822,0.7328620661752496,0.6318578328883022
ab8a1b3c.qasm,64,0.17588040000000002,success,28,1.0,0.7694864101496433,0.7694864101496433,2.6964704188976953,2.5343680715513086,1.9176774992034984,1.7025846335985153,1.5342827968540165,1.6302784427111947,1.7210700310361295,1.322411793112753,0.8504712196108172,0.8328667514392815,0.9694789851584528,1.005525989162208,0.9167569602648876,0.910350914867586,1.222892961596007,0.9695800032667903
ab8a1b3c.qasm,512,7.0257582,success,28,1.0,0.7694864101496433,0.7694864101496433,197.70308337764473,201.0265142692997,161.7850732143161,160.3791139886309,176.6726858771468,153.0315900472292,157.82454573139248,137.88835652032645,1.5441400808842949,1.929245071923854,1.5675849660336287,2.440625825727458,1.716490783828076,2.220310213744761,2.7215444440627734,2.7124535349024574
ab964bf6.qasm,16,1.1127641,success,14,1.0,0.8682952240043348,0.8682952240043348,1.1316422242510638,1.1374995131810537,1.1292477745493772,1.1406558667500841,1.1283186774618443,1.1303779694985059,1.1210396062196184,1.1366497063041865,4.414853619382332,5.142906861200388,3.0016971380175415,3.3591206129587743,5.7825528111414135,3.3063948908579475,3.1727136905711437,3.6142855721713834
ab964bf6.qasm,64,5.0798998,success,14,1.0,0.8682952240043348,0.8682952240043348,5.109028934933989,5.103830306086157,5.2369296855945615,5.086260654513225,5.122935126617727,5.06675333725271,5.07221902616458,5.1261837632184974,5.3900509641750585,6.058643396511305,4.362488069762113,4.7872088874866465,5.675204381204665,4.138327847917886,3.8689461237626595,4.929576795361536
ab964bf6.qasm,512,144.58527109999997,success,14,1.0,0.8682952240043348,0.8682952240043348,147.09212848116678,143.95712381940473,144.60306618435519,143.08279568971452,140.24058771970493,143.1924605926843,144.3367228350769,139.165282293275,44.963686969774905,44.03669518891995,37.04483364450625,57.73218533563519,30.3764537371252,35.86551878184422,27.58823122963799,48.675810548431755
aceda861.qasm,16,307.34320260000015,success,2,0.058748568496670275,0.7237205778416569,0.042517547939780374,44.412607519547436,47.440753182153976,44.95520056685,47.27949366606101,51.65339808098981,42.47956285216367,49.154879641872,46.33076672620549,1.2046082881475788,1.2009732371485546,1.2425254157928258,1.2643531427634631,1.6616651602751844,1.3401847316142834,1.7717743935043704,1.228712739809202
aceda861.qasm,64,142.41094300000003,success,2,0.058748568496670275,0.7237205778416569,0.042517547939780374,40.252854131908215,44.7269365218342,39.68536017770754,42.234033375603644,43.105025698979006,40.39221306618974,42.709868062375165,48.6368206918713,7.335041930079063,7.43617886413196,7.193602321849688,7.3693496188264564,8.701380130165992,8.237774528748353,10.841465311492398,8.155729454995104
aceda861.qasm,512,304.2419227000001,success,2,0.058748568496670275,0.7237205778416569,0.042517547939780374,49.47797703730897,50.070837736932866,53.61483913889206,52.722172952870686,39.801369816141154,51.97750777302367,48.85021277984782,57.45361009462613,2.514355908151167,1.7298479847686972,3.1152302788018966,2.3558623046356733,2.2510973707911504,2.6164062074701167,2.6243261199489174,2.379165424032749
ad2439c7.qasm,16,2.2632372,success,26,1.0,0.8693070691149416,0.8693070691149416,2.3685143730448033,2.3662195289335504,2.355281379062191,2.3582540621838843,2.3523442556558574,2.352908107304111,2.344540862411791,2.350571989289678,13.023068844189394,13.219087442455113,8.709983855481614,10.009372530929747,13.909715144543831,10.534507383719836,10.38602133411711,11.914461454651526
ad2439c7.qasm,64,16.262889900000005,success,26,1.0,0.8693070691149416,0.8693070691149416,16.335308418799176,16.362368887238027,16.351056834822625,16.39082987539717,16.366292540644295,16.255673572537425,16.39574711879289,16.324120280449854,10.543881624119338,10.196302112779051,10.676073143832644,9.613103885676116,11.439975625942164,10.06029590151857,10.186891187896968,12.271430598806056
ad2439c7.qasm,512,666.6881105000001,success,26,1.0,0.8693070691149416,0.8693070691149416,484.9820287005069,500.991296478057,475.8721306626306,459.2410154295649,483.1574564897355,467.33534603789263,468.42302574726097,466.0513173647349,134.4467408071085,135.31065839721492,91.51165411030637,125.63137923307812,104.59505072653151,117.59313801585238,121.88449608538697,221.01912921637
ad74d7c1.qasm,16,4.0893965,success,16,1.0,0.549567927873306,0.549567927873306,0.8492807819116236,1.0084714613868373,1.179681107161248,1.0526478698849693,0.9194936717136004,0.9832242449194061,0.8734835373576951,0.984133927786705,1.1793231022327966,1.5616013590025808,1.2944711694434379,1.2413233602723082,1.5891394459315213,1.8734054993866658,1.9431261400574367,1.697505480423185
ad74d7c1.qasm,64,17.206083600000003,success,16,1.0,0.549567927873306,0.549567927873306,1.666018418193834,1.6182098633633637,1.815171371161705,1.6483765579212462,1.5143467311911087,1.5201417169301878,1.4714032511170494,1.5418777675075361,1.8530575338727464,2.6959893191705753,1.8352247997410631,1.7103769597544887,2.224919597135683,2.3977408165708063,2.475068423303641,2.2874609721588106
ad74d7c1.qasm,512,690.9794292999997,success,16,1.0,0.549567927873306,0.549567927873306,2.9060050808958335,3.556330919802751,4.290905857969821,6.083645386614516,3.7016239081543865,4.31558036977309,4.281354626287466,4.178911673566989,3.114376768209739,7.987537805801029,4.515796727184605,6.718431116765339,10.78683740373289,6.386658419727688,9.901345641407053,7.065626090631964
aed3c1af.qasm,16,1.7608045,success,21,1.0,0.8683655402431127,0.8683655402431127,1.7318230425142307,1.738588914607787,1.7187661252981556,1.727990192185491,1.734365768347975,1.7232106010491726,1.730395172693515,1.7298246254484915,8.80485844700359,11.947280321182548,6.862999327901892,8.186142833127636,13.58693072300126,6.542934607475728,6.664067351318317,8.699505638640007
aed3c1af.qasm,64,10.090619899999998,success,21,1.0,0.8683655402431127,0.8683655402431127,9.993291493958015,10.015768294626668,10.030587983283946,10.052065318769396,10.057114839583468,10.054453155679026,10.031469291485497,10.077366269572725,8.683190096161377,10.607130894003232,8.974200257839968,9.207076912724618,12.02560719885452,7.535767325244519,6.38386942161147,10.94849853809755
aed3c1af.qasm,512,402.51049830000005,success,21,1.0,0.8683655402431127,0.8683655402431127,402.40432198192116,402.50309533407057,401.49486565924855,402.06121640646904,400.1375964114063,403.66677501118636,398.5679242100949,403.36577110990083,125.15241554737034,148.64572564153985,95.92160612746174,127.17855855879081,109.4005975700508,97.48645087479967,79.30702350476359,208.37144560731247
af2659f0.qasm,16,0.16919179999999998,success,1,0.8333333333333334,0.8345170885545109,0.6954309071287591,0.19338501822043194,0.1876515021477563,0.18933522595590196,0.18584234238782602,0.19557801035385222,0.1874603990728328,0.1855045392029504,0.18859541969875607,0.18934271518193801,0.20228246829593946,0.19073354463017264,0.1982206499377827,0.18737709398724878,0.2001450376534639,0.19421958174880097,0.19043966160522455
af2659f0.qasm,64,0.1564611,success,1,0.8333333333333334,0.8345170885545109,0.6954309071287591,0.22570010291915393,0.22672392995427945,0.2244365199540471,0.2247128691272448,0.22643742510950388,0.22249524389467126,0.21550572286012676,0.2269440576067406,0.2365161790035064,0.3074319689377545,0.23315130111449806,0.27780838367128163,0.23099663537880605,0.26071175126639834,0.26929802589314955,0.27271880567132833
af88ad19.qasm,16,0.17483530000000003,success,8,1.0,0.7033705476493726,0.7033705476493726,0.2232715863974751,0.23105238400642017,0.2140618257105491,0.21832894179748757,0.23210890924553557,0.22673391797911432,0.2135578434002557,0.22349473998410588,0.6388295102157245,0.843305379564292,0.7464400546046102,0.678707599300388,1.0825985703034662,0.8160517971373041,1.0199193874327297,0.670090957644133
af88ad19.qasm,64,0.1752695,success,8,1.0,0.7033705476493726,0.7033705476493726,0.27336910749545146,0.27909819001719355,0.24408293040252502,0.25367353467728493,0.2574091358619747,0.262421415317077,0.23725235349361257,0.2683141643216677,0.8459022053139412,1.0614432578313266,0.9853264747031756,0.844502963747572,1.221849615711461,0.9318724101444524,1.0464766377833092,0.8066558722318544
af88ad19.qasm,512,0.17989700000000003,success,8,1.0,0.7033705476493726,0.7033705476493726,0.23500170934204723,0.24870634492130272,0.23830898227587732,0.21142627523899502,0.22287953103109312,0.2428371466128431,0.2261339932880315,0.24519490030340627,1.0310182376364148,1.571426187720563,1.2143822296625655,0.9784696795464713,1.3911632824654756,1.0072339354040687,1.284022931073184,0.9538898867634962
af8b17d0.qasm,16,0.1818541,success,1,0.8333333333333334,0.7482506459811703,0.6235422049843086,0.18291222990411704,0.18104049184141194,0.18262749216825164,0.18207210377516914,0.18221043361627143,0.18315462050197304,0.18096500459934772,0.18352523431813406,0.2872909238518299,0.2918382072388278,0.3425639808169646,0.39891943002924785,0.2819703467869872,0.32766931375865926,0.3490167825610853,0.3553083142974294
af8b17d0.qasm,64,0.1684462,success,1,0.8333333333333334,0.7482506459811703,0.6235422049843086,0.1795073073831128,0.17692804755903532,0.1773626249104603,0.1785321927554366,0.179842933042374,0.18403566833350932,0.17701612030653555,0.18419162228614228,0.5134047078919698,0.5184897822532124,0.5062134308605354,0.5908839566037194,0.4736883992093106,0.5889897877424735,0.5334653166606617,0.5687157652728657
b06c81ca.qasm,16,1.5398947,success,18,1.0,0.8685150341341084,0.8685150341341084,1.4887114950922138,1.506227597909362,1.5054023852743836,1.5015412744943086,1.5080093694920018,1.5149120793240878,1.4784271017423194,1.500754093528394,6.338485116091051,6.214632779061353,3.471888980762771,4.517531590362432,7.776794386487866,4.185552271429123,4.201965099985588,5.401039764331892
b06c81ca.qasm,64,6.921094199999999,success,18,1.0,0.8685150341341084,0.8685150341341084,6.975899751048968,6.889240640893751,6.919883165792321,6.863340009212158,6.863384503269809,6.956507960284676,6.798521268455516,6.9025037725983,6.417073679754629,6.268127724695416,5.05216602668656,5.650929986776243,6.876780123435434,4.664606380220157,4.782843154349999,6.904469598296515
b06c81ca.qasm,512,202.7487235,success,18,1.0,0.8685150341341084,0.8685150341341084,207.17797463069607,208.06608889012176,207.56579462750364,203.13838512915444,210.1439192191531,207.31619173653417,206.78044624939793,206.32146815592083,67.96186428734269,49.81620713716789,35.878337837609465,65.16804618487828,43.31417926704432,41.353718288570285,41.37768690495873,85.18465061087471
b11883af.qasm,16,0.1776531,success,4,1.0,0.7717332771379337,0.7717332771379337,1.6822716593148812,2.5246808563108467,1.8262948508335208,2.573722077318373,2.3980784449844195,1.7536326872974946,2.1733358169739585,1.7881024722116774,0.9218096652745091,1.250538301493704,0.935206651753211,1.1839376459756978,1.3328856786868115,1.5712600915195232,1.1214175480061466,1.6763815534074613
b11883af.qasm,64,0.3563139,success,4,1.0,0.7717332771379337,0.7717332771379337,1.954616434326283,2.970177968947206,2.0555515516101943,2.7277053070475534,2.8703430108898864,2.0442302150392244,2.766905923062134,1.914131445482882,1.3327936064323953,1.853712957968601,1.3670182206107107,1.588345102530931,1.8501645941995057,2.2125665486150266,1.727306404700671,2.533194331827803
b11883af.qasm,512,0.1822348,success,4,1.0,0.7717332771379337,0.7717332771379337,4.341005337445343,4.057332938272279,5.367626194265977,4.726427904156678,6.234998390798387,4.051638368653173,3.6574520735895177,3.0420374010430327,1.1195611760274298,1.3771524726424744,1.2460738314680893,1.4829928161632346,1.8535326766515272,1.966222086310043,1.6409149528743032,2.1080609330887867
b1ea1d60.qasm,16,0.2114184,success,3,0.18438165686798907,0.8774892324811308,0.16179291856869094,0.19789897227403813,0.19247515121628728,0.2028444077279313,0.20847832986993006,0.190595211282128,0.19954115293942137,0.2048376254513532,0.19675605978204846,4.083807733549519,3.626457851773537,3.6706094581417226,4.1894690709795395,3.8265451636071566,3.791717594045091,2.271802848095423,3.2181414030897315
b1ea1d60.qasm,64,4.7274893,success,3,0.18438165686798907,0.8774892324811308,0.16179291856869094,4.6985678636864705,4.719299877103817,4.642483592508656,4.600594548277456,4.607926672458304,4.5996301625241385,4.786115654447246,4.796808131238443,6.013165377753394,6.154801966008154,5.006297962986394,6.16744202338624,5.338033654193094,5.019902820119594,3.8177389143184706,4.785702453652267
b1ea1d60.qasm,512,0.2223113,success,3,0.18438165686798907,0.8774892324811308,0.16179291856869094,0.21085581266025155,0.2088107944760209,0.21398181483619952,0.2160209090482222,0.21186059775321023,0.22016625025869338,0.21536077954121613,0.21514133748704514,18.837418961713553,12.105163432981906,31.109758914230568,15.034691755931266,11.7283796759894,7.747824157526326,5.400762295563947,9.021772058177802
b2346111.qasm,16,5166.543143199999,success,10,1.0,0.749268649966837,0.749268649966837,3506.675707888092,3121.006711359581,2959.0179914354458,3097.8884736905916,3024.147721216584,3168.113442701316,3092.171249438424,3339.435230766627,51.702712212713784,60.350492690694736,43.70040070471623,41.27633884684151,44.96618082223963,71.57323041102806,43.744979325361086,51.396269401719515
b2346111.qasm,64,3106.2406232999992,success,10,1.0,0.749268649966837,0.749268649966837,1265.4256230762842,1463.3815224259554,1478.1659808336103,1577.333439783692,1283.3283273643876,1597.9523607514814,1580.8954407068006,1646.9166712427832,23.650195830849558,25.087775367059248,28.965573947363207,26.656976129951826,28.952134889591036,37.5935165169013,21.40307555738781,27.629118931308387
b2346111.qasm,512,3112.5309232000013,success,10,1.0,0.749268649966837,0.749268649966837,2073.3903788543726,2341.4256314531112,2498.494084193957,1735.3857591929957,2039.3936878307948,2260.471747662809,2174.6442365294497,2068.157494844342,261.3008169355008,296.9619074222787,340.5835484872885,122.48303291639698,154.98186007626273,170.18998706628474,78.91142324113042,153.51308679910386
b38d732e.qasm,16,0.1849359,success,14,1.0,0.7542233918859798,0.7542233918859798,0.513842263342442,0.7638511247631664,0.5732684756243747,0.6810055202656894,0.8934937822199849,0.5952777539718911,0.8507591068762911,0.6346615155399451,0.6466377411218931,0.5636130722139664,0.589320669066951,0.5797066145182435,0.6838571020070822,0.568438269090049,0.621777481195999,0.5490447206443735
b38d732e.qasm,64,0.284838,success,14,1.0,0.7542233918859798,0.7542233918859798,0.5998965272113912,0.7394028994521888,0.6654032348549722,0.6152221096732934,0.6892177097999351,0.5994293871710936,0.6947900613821203,0.6294983846780946,0.723437289681453,0.6433161504326762,0.6559324074890797,0.6699117866619675,0.7563265048830577,0.6337228746472306,0.7058593306920813,0.6215330965563999
b38d732e.qasm,512,0.1656216,success,14,1.0,0.7542233918859798,0.7542233918859798,0.764285425357012,1.1333787834879965,0.919382939676187,1.1196169861335232,1.2707131260788187,0.6813677069172419,1.1960780853315183,0.7489862562511078,0.8455597684686791,0.7544627339946329,0.7340228053879131,0.8884606469208879,0.9164376350732165,0.8602054717709022,0.960192351842072,0.9243313921013138
b469b640.qasm,16,0.1815829,success,2,1.0,0.8610388873458036,0.8610388873458036,0.5434974277219702,0.5398194524888437,0.5790670108889313,0.46818345114479787,0.6782997920559048,0.44322871278501963,0.39192937294379265,0.4011262421906123,0.6770734380140327,0.5558055392494403,0.5990215231965758,0.47613098708644175,0.6080221853267599,0.466107933918852,0.48755089202827934,0.42879582872667593
b469b640.qasm,64,0.1756312,success,2,1.0,0.8610388873458036,0.8610388873458036,0.5486857481485135,0.5518523648089803,0.6126400422956407,0.4972957496879511,0.7638410522936258,0.4838350952395513,0.4320680599062693,0.4411598552521637,0.7608855138444813,0.5862379276490837,0.6712908698198871,0.5370268410384761,0.6567633631942303,0.5172667359683207,0.484804174766691,0.4324366862733348
b4976343.qasm,16,0.17541639999999997,success,16,1.0,0.6871790799264131,0.6871790799264131,0.18767357076878605,0.18723000934931588,0.188661223051303,0.18863873465651101,0.1871585757273056,0.18877199632604652,0.1863807493429305,0.18874924366768323,0.2107423948094089,0.23494232797895545,0.2106691465983868,0.224330486515191,0.20619229232190295,0.21881235789566603,0.23041750794110438,0.22616626703989784
b4976343.qasm,64,0.2803895,success,16,1.0,0.6871790799264131,0.6871790799264131,0.26694753681304473,0.26711733069187765,0.26458260764772695,0.2650168852644276,0.2693509397328007,0.2630323650086139,0.2719467775940002,0.2630736124506622,0.5468120427736122,0.5208375135986416,0.4943565511705707,0.47868447488693444,0.46769194935339153,0.42701351481317773,0.4553342082609841,0.4091747984459881
b4976343.qasm,512,0.1761288,success,16,1.0,0.6871790799264131,0.6871790799264131,0.18519383746639134,0.18763724330921747,0.18497711755651586,0.1888872636185188,0.18364787888317421,0.18470724375612463,0.18479523554783026,0.18532650240215748,0.2281075189222107,0.2924586468491475,0.23127514493304477,0.2776559482497279,0.24416690038552386,0.2458018922509083,0.3045128625532066,0.252309553659533
b4c090da.qasm,16,0.1804214,success,9,1.0,0.6510990108680447,0.6510990108680447,0.187312714992516,0.19053393032242488,0.1900517386638348,0.19119012060087903,0.18961102847184205,0.19069609763555997,0.19721870855231632,0.1933672564904159,0.2464731073942543,0.2929584483841918,0.24407454282071409,0.2759544872632304,0.2486034037665254,0.27504595750328864,0.28452980818919305,0.26289374669748306
b4c090da.qasm,64,0.16996559999999997,success,9,1.0,0.6510990108680447,0.6510990108680447,0.18842793423353713,0.18844483463831443,0.18594657304544088,0.18673891397494224,0.18922147661711103,0.18516647914277495,0.19622624495453267,0.18842672896025545,0.4284284120017992,0.4274173158752933,0.41784317019568534,0.38946957231250773,0.3745939477798456,0.3706739899727332,0.40863348139505534,0.3495179272706642
b5baa095.qasm,16,0.6978439,success,41,1.0,0.5680680211178275,0.5680680211178275,0.8581247707393913,0.8636667652678863,0.7708749650564286,0.7876282342605494,0.8215337987714734,0.8258506737556902,0.866952881817672,0.8174808488753966,0.35725046346453343,0.5230179730215251,0.4123260634180982,0.5910013554095906,0.5026634247599088,0.6293489172903328,0.6018545069197945,0.5661788958399394
b5baa095.qasm,64,2.8962337,success,41,1.0,0.5680680211178275,0.5680680211178275,3.2113899333510374,3.4439887788003056,3.18306565219818,3.3169243114769213,3.3041193310924983,3.3725532905426334,3.2831840136613155,3.1506185188608464,0.5431592695445642,0.7463197477009893,0.5406864990541344,0.813130394848827,0.8240993077696475,0.8002457431257601,0.8151380975525472,0.7455932508508439
b5be0645.qasm,16,14399.999999999989,timeout,10,1.0,0.7501708414814501,0.7501708414814501,1335.161456085176,1499.8123425434367,990.7208494431039,1669.5912907296465,1791.2823735496524,1287.2775518581461,1234.117601173642,1986.5941075760938,399.42985514996025,383.17348700203735,243.2661081358318,446.7351359589235,439.6038456279404,420.38311353678273,335.87606894086855,270.8000613213789
b5be0645.qasm,64,14399.999999999989,timeout,10,1.0,0.7501708414814501,0.7501708414814501,1012.6406189841713,1104.6102958211588,860.8898285819876,1367.1878949365944,1640.4740660561156,928.3025162863141,1021.2977420390897,1449.681111427579,347.6385164007277,320.3876686191002,201.1051608171059,405.19838019853347,366.1000440583054,382.9134482066337,249.13392057792103,224.04131889182315
b601af0f.qasm,16,0.1732445,success,3,1.0,0.7953633036203435,0.7953633036203435,0.2653953601148569,0.2379055553786509,0.25177481171147587,0.2739481090480193,0.24269979712376435,0.2661094745001026,0.2420863324136081,0.23314900128292304,0.3049635825921675,0.348389843069876,0.3618275628122413,0.37149928622658607,0.3091646196436517,0.34213690887437376,0.3369713973163327,0.3232645669844269
b601af0f.qasm,64,0.2902428,success,3,1.0,0.7953633036203435,0.7953633036203435,0.3020083527028424,0.2848246874808713,0.29311357834940044,0.3232758182434507,0.3071909674077618,0.2984367660743589,0.29099841305247237,0.2852181368667055,0.39435263440966734,0.37642709730532076,0.4115915382925183,0.40667265295909316,0.3623705028932071,0.3979537453032573,0.3791329529453039,0.3694543492767048
b601af0f.qasm,512,0.1780364,success,3,1.0,0.7953633036203435,0.7953633036203435,0.2785591505057479,0.2608991377766584,0.2694387882281042,0.3159284761216007,0.2531605279974311,0.2603887103236149,0.24319176640307288,0.2597628249631421,0.39466615718588943,0.4297302426031689,0.48737918006449676,0.3986568721616906,0.35045283949266354,0.42234902081192494,0.3643851131089389,0.3907839077115181
b630efea.qasm,16,1.1978284,success,12,1.0,0.8682733835372278,0.8682733835372278,1.1824952600128311,1.1761423021143296,1.177587229169565,1.177041502862518,1.1717675983186941,1.1780567038593273,1.1674496639585468,1.1838365847923806,3.3374057669502584,3.7473943439887725,2.3177126341551046,2.646552779211681,4.012800966470214,2.5182220398845985,2.228539735130273,2.6885658654767095
b630efea.qasm,64,4.1749277,success,12,1.0,0.8682733835372278,0.8682733835372278,4.21983121499273,4.213723667261549,4.1992306850401855,4.2200127604062905,4.163451527208451,4.151069956609296,4.134582883343733,4.157012879187606,4.063995880322391,4.296428442985356,3.500199100073632,3.6153012847908546,4.173974064007075,2.9878563078019433,2.790176297830189,3.493939441640948
b630efea.qasm,512,91.48293179999997,success,12,1.0,0.8682733835372278,0.8682733835372278,93.713767031169,93.23200854911416,91.36028619143804,93.23837379857568,94.18146353497427,95.21273708276178,91.15521875530116,94.31183325686506,30.737798431621602,27.382756560582624,26.101239417302384,36.46563908107264,21.209536540992733,22.744642613140492,17.46074046393077,27.74227721298351
b680d160.qasm,16,2.0660882,success,25,1.0,0.8691966545479244,0.8691966545479244,2.0576694619276505,2.060187870834312,2.0591392889905786,2.058483912909905,2.057660815464031,2.0588123453699136,2.0587117887021726,2.05887428239482,10.462638046181237,9.426755348401503,6.749108171513019,8.874845487565372,10.981010663412885,8.352104365442067,8.102916768985205,9.891124350931886
b680d160.qasm,64,12.521304800000003,success,25,1.0,0.8691966545479244,0.8691966545479244,12.587635565028146,12.554758094852422,12.540244022770418,12.538256196941093,12.553858753748804,12.537097608580188,12.534382646191764,12.544972584327336,8.739864721989708,7.57121288432688,8.356493011293965,8.842058777883125,9.518086184597763,7.9354954381623894,7.554581591613061,11.68146864057463
b680d160.qasm,512,503.3593403000002,success,25,1.0,0.8691966545479244,0.8691966545479244,510.0106534076901,506.787626359433,507.8705429547347,507.249632474404,509.299003328944,509.22810000318776,508.53488404091155,508.41382356238176,107.24617890815772,100.39018212710344,72.14941839293671,105.53008090647094,84.73800629168024,109.3786281710048,86.63536453264273,195.97298478295073
b7694c8e.qasm,16,4.6260506,success,44,0.9731800766283526,0.7759546832875364,0.7551436381418937,3.871826283892114,4.139172705929905,4.036815543073659,3.8290476112362777,3.6957979266636802,3.9332286594863377,3.967927002505024,3.9883721304031483,6.13243962947651,4.454001805004885,3.3940958536699233,3.59804165837392,3.7949287363505078,3.0394535893693146,4.203120936907924,4.608669134042782
b7694c8e.qasm,64,0.3332834,success,44,0.9731800766283526,0.7759546832875364,0.7551436381418937,0.2142378324086552,0.19834238750490732,0.2147489643037645,0.21377476083758182,0.2064858034360172,0.20672229495602726,0.21559461740284344,0.2143723275121101,6.237857515042981,4.859146789959417,4.17027947125565,3.759166098258759,5.177620127541557,3.8551095978716168,5.099895075419737,5.058170695184148
b792cc98.qasm,16,0.1753902,success,1,1.0,0.5796202968452523,0.5796202968452523,0.1857271473101339,0.1844728497591975,0.18647510131982245,0.18532592859877908,0.18777469532552724,0.1869493710709033,0.185598434986777,0.18755079614327239,0.22069686622175264,0.22201089816854574,0.21701394038781585,0.20749009169427077,0.2063551645615992,0.2272895579403776,0.2144529184537557,0.22967942471043815
b792cc98.qasm,64,0.1814324,success,1,1.0,0.5796202968452523,0.5796202968452523,0.17450321465124605,0.17493037580527793,0.1749791422610225,0.17495272998058942,0.17500045636314254,0.1759537745987374,0.1758898574008125,0.17890105986423394,0.2489760972415676,0.24284600116493854,0.24621511734504012,0.23693079488896782,0.24943504845916978,0.29510567204035243,0.2617839380291944,0.29447186653718194
b792cc98.qasm,512,0.16917660000000004,success,1,1.0,0.5796202968452523,0.5796202968452523,0.179772676215822,0.18160213240616416,0.1802181475659801,0.18003155674824065,0.179601845038436,0.18105549536860044,0.18012158487126717,0.18262467134812957,0.2587645387659521,0.25591392641323446,0.22979227140411287,0.2285919251867326,0.23237912542836775,0.28655648175507553,0.25545857114120146,0.2947790060687145
b97c72bf.qasm,16,0.22274159999999998,success,16,1.0,0.6939700759085389,0.6939700759085389,0.23977005902845747,0.23414200459062684,0.24598757766763488,0.22171263206433095,0.23888280416617916,0.23811237591816536,0.2296959347304966,0.2396083235784489,0.22201006543835192,0.21531591766387598,0.2054229062005451,0.2160649073605479,0.22943998121779652,0.22212247149336536,0.236862470395589,0.21750993724263545
b97c72bf.qasm,64,0.2894879,success,16,1.0,0.6939700759085389,0.6939700759085389,0.5548269005624942,0.4437832482415329,0.5737419137462864,0.4659794216127365,0.47221086815531454,0.4655694976833523,0.4411165260835737,0.48079539344650163,0.5228498632734612,0.5023243216239582,0.49764322190088933,0.49525064510677874,0.4876387419323432,0.4509518840253303,0.45278694900387584,0.44829021661146534
b97c72bf.qasm,512,0.2054503,success,16,1.0,0.6939700759085389,0.6939700759085389,0.28881761928219873,0.26581692734351786,0.2953690311902841,0.24515838511080162,0.31060578345266987,0.3174081890288042,0.27371400806043344,0.31318424878756335,0.2531219200601853,0.26440533818808465,0.22713157072159842,0.24961732475157877,0.2571982337098519,0.26316910261610743,0.2836083928942842,0.25519562322357525
b9ba0e84.qasm,16,6.7821621,success,28,1.0,0.8428726124400833,0.8428726124400833,4.446847541647471,4.475486175494129,4.517781756144689,4.3936892168438275,4.537883752089037,4.825356481093329,4.177894573945798,4.503893532245804,0.6912424026239142,0.5728588443576232,0.536909039233554,0.5589503328635945,0.6681737076671335,0.5306572938542362,0.6655392884742484,0.536502462269512
b9ba0e84.qasm,64,28.735752399999996,success,28,1.0,0.8428726124400833,0.8428726124400833,1.1660330805460126,1.2362221369607187,1.545289079342685,1.8655774364702256,1.760950034063092,2.0867335199848775,1.8930956508975292,1.7684607142018332,0.8878859764771971,0.8134433218153934,0.7698062785071103,0.8536907663919204,1.0350090038978212,0.777570746811079,1.1623879739977117,0.8076263289984631
b9ba0e84.qasm,512,2299.937497400001,success,28,1.0,0.8428726124400833,0.8428726124400833,216.77465247806072,232.85456773907475,297.24255050088163,270.4149544548471,338.6724689103156,320.7105791267726,280.26162485642215,288.0266918356509,1.540089725363501,1.971561483484742,1.5093715755959758,2.1272590016734325,2.0607346307724153,1.5900753616944536,2.7908261032533908,2.6586409246697245
ba0c09b8.qasm,16,1.6862829,success,23,1.0,0.8686204566816014,0.8686204566816014,1.6953540114399888,1.6948695621749863,1.7027956257450052,1.6996834760187218,1.699562992883484,1.701781239082374,1.6983510138648217,1.7007659161443667,9.72793320858165,10.169102329989578,6.141393087921928,7.535099339334404,10.784227143828053,6.885041414902507,7.240973349022342,8.619150892432453
ba0c09b8.qasm,64,10.520238199999998,success,23,1.0,0.8686204566816014,0.8686204566816014,10.531575565563264,10.532795870563264,10.531134208058957,10.578154105066641,10.583867007072964,10.524709147130993,10.574777066172429,10.565522226636721,8.690105040794096,8.55095462200207,7.9514889878613015,8.198510722996392,8.525494853717843,6.749777566065188,6.408376213855921,9.58626961492775
ba0c09b8.qasm,512,404.0949175,success,23,1.0,0.8686204566816014,0.8686204566816014,407.4182909311697,405.83539598814224,406.3955184549946,406.5782656573623,411.39033529373995,405.8751578900924,409.334648124734,404.21848284787103,108.72070265200442,95.42919021036943,66.25202090710677,99.90253489973969,76.3728843499841,91.67930551342315,78.72295824857895,192.09807960478906
bb291a8b.qasm,16,2.2330537,success,25,1.0,0.8689725605912024,0.8689725605912024,2.249594608949396,2.2504611595751483,2.247766509910888,2.251658216112917,2.2530309471420087,2.2496403813714054,2.2510489709870707,2.244005718159788,13.540676999231499,13.014292190358308,10.062832724309859,12.06643600141271,16.04801740123422,12.366054746127293,10.574351777338086,12.226614360787428
bb291a8b.qasm,64,13.046995199999998,success,25,1.0,0.8689725605912024,0.8689725605912024,12.985427213933376,12.92810940270396,13.015435705079954,12.995478501363568,12.831600120545074,13.008945317729536,12.783998724220552,12.889687517570533,12.212199118203428,12.234417901260903,12.704709970576324,12.24500820584341,15.60967358726065,12.309441247971822,9.70871608014832,15.089664738953928
bb291a8b.qasm,512,564.3548563,success,25,1.0,0.8689725605912024,0.8689725605912024,521.7543382585758,527.5825023199048,524.871991489822,528.8020653414586,533.9947264105306,523.7027777066793,538.8747369807579,534.8512667325812,179.50682566774213,181.89023322676923,141.68113825295305,194.96676988964296,179.3254166481726,218.80219046264497,139.4936961743465,375.7073426172243
bb50273f.qasm,16,461.99817259999986,success,128,1.0,0.4470532165146059,0.4470532165146059,65.29575677236475,56.393263621377784,71.30624498457914,76.98302394319968,62.332146167255665,70.34124632682789,65.38921136770463,67.43168053043665,6.738590071496578,8.305500113978274,12.134401682637442,17.653478717083605,5.067380934527508,12.85549219406442,15.761124365540994,15.788701624640462
bb50273f.qasm,64,61.829867500000006,success,128,1.0,0.4470532165146059,0.4470532165146059,10.678580932819845,11.287030895007373,13.057910991157362,12.779023763644464,10.867775446573848,11.781618946741874,12.80274491506241,12.184565547467397,5.130490948677734,5.651190894425436,10.173381311636383,12.433971747002829,4.201587052183131,11.172272780258199,13.663225682638497,10.83757958937625
bb50273f.qasm,512,565.4078366999998,success,128,1.0,0.4470532165146059,0.4470532165146059,130.16656471414896,130.85093817687982,101.6065001327504,111.49291108291582,116.84475710158881,109.61688934191758,153.04769950549166,118.17267342360417,25.7838928987131,30.57903353727998,39.07723126141535,27.03581280838205,11.852197508484405,35.16433543926584,28.950525061585665,29.280428694923376
bc99b330.qasm,16,125.21808419999999,success,19,1.0,0.8686370178754894,0.8686370178754894,154.9045595489016,152.26787582979028,150.0845073478074,154.897613964764,148.8122937614621,157.00826235855516,154.1579727077252,155.86785878599375,33.847089455647115,41.06274222561256,17.84979616458676,34.12319165019475,21.062839629083566,32.395163897841954,38.88105875186302,20.195375133226197
bc99b330.qasm,64,175.69860989999995,success,19,1.0,0.8686370178754894,0.8686370178754894,220.17078168650286,216.90771108593367,222.9826083364743,218.80729317947447,214.78313113502884,218.11851656473306,214.28067554999575,220.71875083106931,6.595248012375671,6.8937835365154525,4.265810539099303,5.5635692921790945,3.8366018096191365,6.492009185139729,4.939831967835441,3.8537128779004433
bc9dd950.qasm,16,1.1235861,success,10,1.0,0.8690897821317686,0.8690897821317686,1.0804075109893572,1.0730591315150877,1.0795448862291832,1.07385065875341,1.0830137739067367,1.0756684780748806,1.0973408413965784,1.0909064763392793,2.752251492281469,2.465031376446932,1.7512288720387075,1.8513945141497608,2.309448334230801,1.8071451592549461,1.7326605551079506,2.091867296749964
bc9dd950.qasm,64,2.5736842,success,10,1.0,0.8690897821317686,0.8690897821317686,2.584007086891347,2.5315926419978583,2.581172907484869,2.591738379107461,2.570746360174391,2.528857403492021,2.610147763242735,2.5866671885186365,3.197253808247892,2.601337588998139,2.221111865620548,2.438303634075973,2.3427783183216118,2.0702611357897878,2.0975057379073045,2.6410331023984615
bc9dd950.qasm,512,34.4556024,success,10,1.0,0.8690897821317686,0.8690897821317686,33.53577433490392,33.25889016097728,32.8924294464373,33.073984232350455,33.09937877441512,33.32173378465232,33.54942101900006,32.89594631106477,22.35180466669653,15.781019657578462,14.240213084035261,20.817435945695795,14.02098448705668,13.437408050214703,10.326718287945072,15.246141881047244
bd32080b.qasm,16,1675.8850690999998,success,128,1.0,0.4457799128148099,0.4457799128148099,166.35609468987263,155.2725423601821,153.97826668480056,156.25934739816233,130.30075608825226,175.51894193623986,160.8108172522771,154.95028038532416,10.360596364508266,14.951019721741202,14.094772624398036,17.311831411203435,12.128368660858271,16.855208437655424,16.22334303065442,18.341460456252054
bd32080b.qasm,64,6223.237383199999,success,128,1.0,0.4457799128148099,0.4457799128148099,109.11605544655748,106.25533908144632,120.88086910533312,93.27631323329501,90.89618358923718,105.26213425388545,104.17050947464251,97.8465592304969,11.439054759836663,15.118392455620487,15.398206982787595,12.201123925713144,12.01668398951478,11.457850375171327,8.197155540919965,11.89335163323745
bd32080b.qasm,512,14399.999999999989,timeout,128,1.0,0.4457799128148099,0.4457799128148099,1496.2658814928923,1803.237237017611,1994.438146494386,1442.8731970204885,1252.7444861283784,1570.1297138626505,1500.5837764886594,1556.7694759016479,103.54508394998741,128.39217550589427,105.72099032232842,89.1328313466477,91.89972727360198,135.95157161757726,95.99336383416437,116.44212329302555
bd462bd7.qasm,16,8.4452683,success,30,1.0,0.7025336659088108,0.7025336659088108,7.569091575959985,7.757484383373741,7.605060240771735,7.634008300398186,7.659569410783478,7.630045079265858,7.681907091241359,7.5704296381751215,6.47706962245737,5.6324118938470535,5.026978508911608,4.509452179872062,5.0857871813526065,4.29856080207531,4.318525334803397,5.063977826820248
bd462bd7.qasm,64,0.18212130000000004,success,30,1.0,0.7025336659088108,0.7025336659088108,0.2861655476299125,0.29612191974437235,0.2717080158299727,0.2764633524721162,0.28942559405916646,0.2746904962648432,0.27518866772526573,0.2785081091321466,4.986958931590988,4.386953879668585,3.9266464002689365,3.4418653343459362,3.761764048784459,3.4012773429347702,3.5356465022060926,4.06413307872777
bdd2c3ff.qasm,16,8.5620839,success,28,1.0,0.8320992251626518,0.8320992251626518,9.424258195196177,8.151430297191427,8.673464065065644,7.824599535690922,7.612763902887633,8.564057530217697,8.550858475608191,8.137077389344176,0.718308217340644,0.6500293159546014,0.6086242116891919,0.8204343441988627,0.7531973824641516,0.6372685371161606,0.6488779853700304,0.5810387702862112
bdd2c3ff.qasm,64,71.33639449999998,success,28,1.0,0.8320992251626518,0.8320992251626518,12.083784168962131,9.623227853953685,14.354386345989658,13.631799836196118,12.429971105866592,14.568394575792228,16.121537428830937,15.294732071119814,1.3873137965348075,1.1571825192642236,1.4338271905189452,1.6512977720350033,1.3270466603067852,1.2140441362779986,1.333468566279779,1.2303596574557478
bdd2c3ff.qasm,512,2554.6987554,success,28,1.0,0.8320992251626518,0.8320992251626518,1267.8958698921238,1425.21725529184,1459.9934138207893,1458.718830584349,1485.4087496965042,1612.4995139759694,1420.5953758798253,1611.8912073428103,2.6925555264696523,4.448858763338421,3.0401010093036267,4.098363751740618,3.534768662033657,3.5141444734254303,3.289434591885905,3.425557963568808
be527b4d.qasm,16,327.64276280000007,success,7,1.0,0.7713385225116053,0.7713385225116053,451.94014319796963,332.07024287036006,364.57644569606896,277.25515448639936,445.32791729088785,333.98534455818753,317.2203881165905,326.5691550224355,41.416928030859005,36.18864693721746,22.92763183313964,30.578667770557946,28.620639489212678,41.37524236428485,26.009116466562457,26.46745765624792
be527b4d.qasm,64,16.115476700000002,success,7,1.0,0.7713385225116053,0.7713385225116053,125.25222841010465,76.27630805895254,90.27005144741334,65.29940742505542,124.26836229238332,95.46081698483022,81.50269959679632,89.44243705787936,6.695889342187689,5.883210217678989,3.842661244242366,5.557897631592284,7.303581237581256,9.086192125006942,6.791007485015459,5.7170512938184475
bf029799.qasm,16,1.7939698,success,22,1.0,0.8688341959477937,0.8688341959477937,1.7916369441665003,1.7923426967414686,1.7882026672864224,1.7889271688619228,1.7867429350313908,1.7889919607314604,1.7890123759234149,1.7873526820423955,9.340756467356682,10.149150766234557,6.074591689530893,6.929334986727053,10.437790313894588,5.997262780564224,6.986450770380705,7.874941701538816
bf029799.qasm,64,9.9905934,success,22,1.0,0.8688341959477937,0.8688341959477937,9.98711475020933,9.993300838792594,9.988939850017722,9.978380117383072,9.986995501152983,9.922565886306474,9.986819936228851,9.979689912538273,8.37962189207646,8.283954161298901,7.640298799775562,7.670801115935307,8.50062369916191,6.2412264368516315,6.056846483518344,9.454438491100941
bf029799.qasm,512,373.7508546999999,success,22,1.0,0.8688341959477937,0.8688341959477937,381.91022190934024,381.67028422753083,383.26117483502776,382.53225478597903,382.75019161587863,382.6784630143265,382.4719278529203,382.40168510092275,108.27487158882252,91.28201104972165,66.04374344158431,91.09173906496164,68.8291172303036,69.67191196258541,72.142875946717,165.70311246663795
bf0f8df9.qasm,16,0.54735,success,8,1.0,0.8693238122419986,0.8693238122419986,0.5433931194279855,0.533011663891206,0.544711301412676,0.5330810461759321,0.5399793714562322,0.5256831345839115,0.5513921285592462,0.5380252135213285,2.096415109333387,1.4069972770612496,1.2694416127494594,1.29779300785049,1.5644312970048575,1.1223273448561517,1.2489770130927373,1.4539264703099521
bf0f8df9.qasm,64,1.3424396,success,8,1.0,0.8693238122419986,0.8693238122419986,1.3330267504789162,1.4796288985078125,1.3209083428538078,1.367210701440293,1.3422378428886106,1.3982636364160999,1.4145318602774457,1.3719247192440318,2.0854631184871932,1.6696197181196413,1.5279285754566876,1.5835712545379246,1.560991894359672,1.2631916678777066,1.4518073590243323,1.9212761175629578
bf0f8df9.qasm,512,3.4726905999999995,success,8,1.0,0.8693238122419986,0.8693238122419986,3.153622414631184,2.9826751076300906,3.5512932516840525,2.8152230922776136,3.24260096917467,3.3711196234388066,3.1736831692665732,2.9972690198607346,10.645741747191092,7.052009528678044,7.619946836330876,7.942199558535532,7.559636198112544,4.702821616522152,4.725563432667864,6.277464710549726
bf9674e9.qasm,16,0.1775753,success,1,0.12834508556941335,0.4310027097846004,0.055317079667953566,0.18600129644404018,0.1720214799032437,0.17514885576937012,0.17346651471150215,0.17226644143655265,0.16958788151847065,0.16937901977430475,0.17275866725705746,1.4491894640951608,1.3256259884281185,1.1788195583914447,1.439625737503654,1.128599990244112,1.1722394576317863,1.1128781850985656,1.0753953997633134
bf9674e9.qasm,64,2.4674081,success,1,0.12834508556941335,0.4310027097846004,0.055317079667953566,2.586897425288201,2.5822170927603825,2.62415632081117,2.6525700047913086,2.5827619717887065,2.6325834830447756,2.6205589849433664,2.612910642835003,2.4884521171812186,2.843391155073065,2.061887661888631,2.3981585530286633,2.6768133064038735,2.0846379168757205,2.024001242660267,2.1850643365590887
bf9674e9.qasm,512,0.17353109999999997,success,1,0.12834508556941335,0.4310027097846004,0.055317079667953566,0.23749052174518365,0.2062197974411011,0.2076409176967712,0.19621918762620824,0.19033554978505368,0.17807881527764796,0.18026581468615585,0.18513080900599815,2.660224430598251,2.2144311534113728,2.9004975843471135,2.2459022359191816,2.294928006673765,1.4858076736093946,1.3672690631383775,1.5676933960569028
c05aa9cf.qasm,16,3.0019963,success,26,1.0,0.8696981178287326,0.8696981178287326,3.1348983708723734,3.0628722513193516,3.1313913162713694,3.1430697385398023,3.151016286310447,3.1251341467900766,3.128412810290181,3.1463235024079603,26.800087366122117,27.52290579422221,17.286164422684696,19.622191472082775,24.71891003541043,19.989457973844246,20.384888262097995,20.833460898026175
c05aa9cf.qasm,64,23.5731577,success,26,1.0,0.8696981178287326,0.8696981178287326,24.9139284971257,24.60353270934026,24.365147863689234,24.34307106131432,24.661802061553878,24.22093286567167,24.228047480102987,24.658368522854147,22.62205397162554,25.17542337887349,20.792281047901703,18.623751843310327,22.923080523558966,20.41517730487854,19.4260784726277,24.100695875927045
c05aa9cf.qasm,512,448.6712298999999,success,26,1.0,0.8696981178287326,0.8696981178287326,1135.6776146781688,1140.0448490177882,1164.6830683493117,1145.3958588106502,1144.676161371589,1141.1128162685384,1141.2719899066474,1138.1385592742577,299.6697268810958,414.67726454029906,262.2572289707945,262.2084686076803,273.6947096424631,389.6860348309296,355.21428040542503,750.0171753581302
c0a1d157.qasm,16,0.18243549999999997,success,6,0.3104955972005451,0.5410963643912667,0.16800803880471013,0.5990807833160074,0.5767129942021343,0.5956785485712229,0.4882069034260849,0.6199281087183746,0.5099273060922411,0.4593602998228985,0.5062445445282769,7.988366563682488,8.063087286043444,7.1889143239564515,9.02810017738227,7.929049905772757,6.478283213880415,7.196849690497033,6.527629535804484
c0a1d157.qasm,64,4.6466562,success,6,0.3104955972005451,0.5410963643912667,0.16800803880471013,3.990031554732704,4.093820060804517,3.729325490100294,3.1267000603950414,3.664823353425631,3.830417579082524,3.312737947899369,3.5415987317417716,8.443356310743686,8.24178449144642,9.354965434941864,10.660091850657285,9.654410580898151,8.373606099979956,9.03470023343681,8.419475129511515
c0a1d157.qasm,512,0.1828232,success,6,0.3104955972005451,0.5410963643912667,0.16800803880471013,1.4450945400558024,1.0183019798451431,1.3095850573224062,0.7569934441621586,1.3937905327094984,0.923720202063047,0.6922759891192292,1.1218431715808685,51.01061916503727,30.162082732930287,49.7701159005408,33.46274088441384,42.34798740508694,21.081846986433515,31.022893350505562,24.66575282203741
c0ffe57a.qasm,16,0.3998301,success,2,1.0,0.8323647398589571,0.8323647398589571,0.2000175124490501,0.21237754065206635,0.20363595870392398,0.21528557430204182,0.20229305744826118,0.21181868329834125,0.21559951111371845,0.21137512084308824,0.20717662727187794,0.20084872996653996,0.20938943789799144,0.1940091985291245,0.2011818563850464,0.20123058076611142,0.1951071596307254,0.19683710831433004
c0ffe57a.qasm,64,0.1699738,success,2,1.0,0.8323647398589571,0.8323647398589571,0.1831037159164407,0.19549342810686643,0.1912607208959627,0.20019751798583024,0.1846536079239496,0.19474751433650786,0.19598431519906417,0.19775659816067923,0.21760009094751118,0.20713835456950647,0.2161397255906871,0.2067376270772755,0.21224986557914619,0.20367971055513603,0.20677937388921588,0.20668110794013508
c20bb346.qasm,16,0.3509667,success,63,1.0,0.7512672954519443,0.7512672954519443,1.4566757371907104,2.096417804976491,1.6048942083305637,1.2858386207817358,1.3491041110521331,1.1238701977599284,1.6709575033700617,1.1457793191624563,5.611706067736967,6.960708163281807,5.010574059537558,7.359147167510207,5.686761754961836,5.062215419776875,6.260329596864605,5.716074227179549
c20bb346.qasm,64,1.1472027,success,63,1.0,0.7512672954519443,0.7512672954519443,1.34658910855158,1.7741018846514227,1.1720202835647675,1.235315517468778,1.3851017555627332,1.1141260286770602,1.390738185876911,1.1369861911533834,3.2347162524135817,2.813335079605543,2.8990450777235073,2.7602741372498083,3.3623875209233796,2.1012533032797838,2.9750968080235105,2.001838778820341
c20bb346.qasm,512,0.3426731,success,63,1.0,0.7512672954519443,0.7512672954519443,3.4317678214376532,5.001567810879515,3.478713972797165,3.139759124857285,3.2718019543718353,3.4737120862741877,3.220069987480461,2.858690552275102,17.508341982332105,38.1178218869283,20.90273265538906,22.30603251045678,23.286872030337676,21.44837824564936,37.44297940617855,30.49817357985512
c246552a.qasm,16,4.088997,success,28,1.0,0.7211206426399059,0.7211206426399059,5.0599278967546315,5.16257404396049,5.163933849096927,5.10496192735718,4.8914552894976415,5.048857905594536,5.596879288143055,4.899081298097082,0.7531944543273253,0.6063690923392979,0.6484806113708828,1.01262627216795,0.6970083724015854,0.6691299180555493,0.702052787595395,0.6973224731542237
c246552a.qasm,64,0.4388426,success,28,1.0,0.7211206426399059,0.7211206426399059,2.203067647205541,2.2296566555280024,2.4804066426989926,2.274158945623183,2.0610285095538545,1.8155595932192357,2.1487822605693294,1.718358601547493,1.2304392423939263,1.0001177798483858,1.3649175631983947,1.7464819826024633,1.0705364985033161,1.2064916072222815,1.238387160703981,1.2280585748463613
c246552a.qasm,512,816.6656867,success,28,1.0,0.7211206426399059,0.7211206426399059,942.220158091487,901.230265302692,860.7381281060389,800.7581277969591,893.1788343670992,860.3102431603382,741.1012302272691,844.6960876490454,1.8839995778412182,2.692367294482467,2.3331021179513494,2.8889809176435204,2.216663938063547,2.8507286893957864,2.1409234816615403,2.7739980800079374
c39fa73b.qasm,16,0.17802479999999998,success,4,1.0,0.7363609426770044,0.7363609426770044,0.18045642100762335,0.18104822408030696,0.18177878571844272,0.1815971043161934,0.18084243314083245,0.18110954305617066,0.18181276173689023,0.18157665082538374,0.2196409227897677,0.2159669361498056,0.20924177944026176,0.2150458269833464,0.2063586608828329,0.21381573277669227,0.2296393190770274,0.2183912216772144
c39fa73b.qasm,64,0.1641723,success,4,1.0,0.7363609426770044,0.7363609426770044,0.17815206502481595,0.17427993551510101,0.17596282039916147,0.1759229083337509,0.1762528988358106,0.17478659561609716,0.17927509447247086,0.17601893063372814,0.2728803557496498,0.27485617986707833,0.2663187640787187,0.26354259553633974,0.25282302731344564,0.24527418106701676,0.2857661872055701,0.2493343531388241
c39fa73b.qasm,512,0.1729059,success,4,1.0,0.7363609426770044,0.7363609426770044,0.17903453479521939,0.17970411656855517,0.1801210955875392,0.18003384552918142,0.18007245901003469,0.18058683030819256,0.1804032177965647,0.18123891087391059,0.22320161491087412,0.23715401404652003,0.2157259825152008,0.22470028916166365,0.21165235962828513,0.22205019346168978,0.2583647979253035,0.2238423318127916
c3c0513f.qasm,16,0.1795263,success,8,1.0,0.6871559529638324,0.6871559529638324,0.5622044453054229,0.6346397385473571,0.5634667189624427,0.593690634190738,0.5704422966668083,0.5540132867305931,0.5645033199087499,0.5747254870800212,0.7158474559798353,0.7027388288634185,0.6974350252393937,0.6740113553272902,0.6961452689628462,0.6418661110542332,0.6694412904100594,0.6253551401953197
c3c0513f.qasm,64,0.1589828,success,8,1.0,0.6871559529638324,0.6871559529638324,0.4435806382531986,0.43477902684532266,0.44176458347617564,0.42223143015421705,0.44165760208230964,0.43295113684341663,0.42697235255460275,0.43138260967612735,0.5685343615623489,0.5975799783203256,0.5998856279589639,0.5883461885952697,0.5395501287273871,0.5630853165184793,0.5128733049735146,0.5696902378054501
c3c0513f.qasm,512,0.17359960000000002,success,8,1.0,0.6871559529638324,0.6871559529638324,0.5415325830308482,0.5225330571343897,0.5464970671602493,0.5096448336863574,0.5414574417537803,0.5242594837506175,0.5121296119772716,0.5032916022859458,0.7897706783116373,0.6359822900330849,0.7487108643548332,0.6339328034718077,0.6605688091250788,0.6865391014608544,0.6229991879943295,0.6436155360454331
c40ecada.qasm,16,1.5196586,success,18,1.0,0.8685161415355949,0.8685161415355949,1.5265813091600924,1.511271417283154,1.5263489709406797,1.508694425897632,1.513502453801312,1.516350885159591,1.507394967635049,1.5175159818137698,6.338485116091051,6.214632779061353,3.471888980762771,4.510305772791704,7.756390317313832,4.185552271429123,4.175687974937361,5.401039764331892
c40ecada.qasm,64,6.9018752999999995,success,18,1.0,0.8685161415355949,0.8685161415355949,6.939478888250025,6.9200376013542,6.9513009394492125,6.91918103261367,6.956593307336297,6.94790153259504,6.980108190212836,6.949585352146396,6.417073679754629,6.268127724695416,5.05216602668656,5.6715705525949796,6.777084685960722,4.664606380220157,4.738836259691743,6.904469598296515
c40ecada.qasm,512,208.56807320000001,success,18,1.0,0.8685161415355949,0.8685161415355949,199.55204130841915,203.63244673559834,203.55197380705786,204.07515342405512,201.20468178604224,203.9532233420497,207.3517935222142,202.03655660140203,67.96186428734269,49.81620713716789,35.878337837609465,65.16804618487828,43.31417926704432,41.353718288570285,41.37768690495873,85.18465061087471
c4c36286.qasm,16,1.7383957,success,21,1.0,0.8690063711583385,0.8690063711583385,1.7349727352601578,1.7292424696180133,1.7433890022940506,1.7286835955735878,1.7371219675964369,1.7314831963663968,1.7300388133770241,1.7294896181872306,8.84184132198989,11.947280321182548,6.960805669799208,8.184889874711043,13.58693072300126,6.601704424326433,6.684951605762652,8.801292707142025
c4c36286.qasm,64,10.072573800000002,success,21,1.0,0.8690063711583385,0.8690063711583385,10.11645606896955,10.148926193204364,10.069957912040701,10.058374388985511,10.143564454733415,10.09567224661068,10.082265958225896,10.07992339707408,8.683190096161377,10.448031946235535,9.12340162690819,9.293040181292815,12.02560719885452,7.652057722788275,6.562430881039213,10.933153630237978
c4c36286.qasm,512,401.72131759999985,success,21,1.0,0.8690063711583385,0.8690063711583385,403.31645441383404,405.95225500098616,402.3881051934924,402.7930640744348,404.5612471874257,406.6960977531696,408.7167103707563,405.46037856811904,125.15241554737034,152.63145623188984,97.75127752728768,130.45887088764508,109.4005975700508,100.3863577483888,79.30702350476359,211.20972006809276
c4ff2c11.qasm,16,1.1621505,success,64,1.0,0.5209833217425073,0.5209833217425073,0.6846840690678758,0.6741925993476865,0.6364835041273346,0.6839047043897256,0.753547249344657,0.7419167298558985,0.7187969502634443,0.6863393837962704,0.40303668693460043,0.6735741361459703,0.4848260116128334,0.6697671803670201,0.6701076807457694,0.8334468938777023,0.7495857056924137,0.7698494185294185
c4ff2c11.qasm,64,5.589186999999999,success,64,1.0,0.5209833217425073,0.5209833217425073,3.069175801176239,3.196321237615796,3.0342118790494657,3.208479665834957,3.0615210504974226,3.1407317184371655,2.903148088041811,3.123748062633054,0.6900004026330097,1.0555826408807907,0.7206021866540074,1.0206668430045467,1.1762399768465606,1.1830834302174358,1.29395761088301,1.1571134392594498
c4ff2c11.qasm,512,1.1551765,success,64,1.0,0.5209833217425073,0.5209833217425073,3.700126443914837,9.657031164205717,2.6066474130076576,5.331577996809815,7.897682819292437,5.568533788098049,12.874191140846742,8.147207503912634,2.6889448167848373,7.6950194987370955,1.8853889103952668,6.407863720669612,7.157644537468712,8.58101278848662,12.586882726744891,9.477131823625841
c6678d16.qasm,16,516.0462371999998,success,21,1.0,0.8757548347915134,0.8757548347915134,694.7697210380165,703.335982168967,683.7962188781529,624.3041651189491,691.4501913904218,640.9545554305553,669.4839553179437,640.8014855408595,42.926895930012684,42.75766992183448,22.145680351628076,48.69091757636542,26.583759067841445,36.82647384416907,44.65778076774307,27.988421205807782
c6678d16.qasm,64,821.4442047999996,success,21,1.0,0.8757548347915134,0.8757548347915134,605.0237822767958,573.553405014259,573.6170808936388,551.8759967716064,561.2975412645201,562.3349672137383,525.0896197407694,501.7857773627563,8.888615711240686,8.162297387453979,5.361290256302448,6.994148926813668,4.90858684606098,7.251776434567026,6.254997267315647,5.542724704854306
c6678d16.qasm,512,14399.999999999989,timeout,21,1.0,0.8757548347915134,0.8757548347915134,13368.49343302716,14109.3920806381,13812.943720974708,13670.902035672783,13890.988421561595,13621.591929198927,13763.170851509325,13890.857431605002,705.0938966950613,650.5240765636368,1086.8812685909118,882.1795470833187,935.6419710558555,819.1978911074698,617.0184430200067,785.5565634411564
c676cfb4.qasm,16,0.23532530000000002,success,4,1.0,0.7981971326398022,0.7981971326398022,0.17969716827330945,0.18057284046519528,0.1793352196753691,0.1794188399481613,0.1796162955339764,0.18029771064165334,0.17941201478379484,0.17931051093085557,0.30486972348082897,0.3113111621215806,0.3416142674044149,0.3424033835752587,0.31633629824892123,0.3479007411458241,0.3426706368878289,0.3243049036354752
c676cfb4.qasm,64,0.2578355,success,4,1.0,0.7981971326398022,0.7981971326398022,0.1730402032586602,0.17368231274723064,0.17331086746235613,0.17324750009874923,0.17235411144556348,0.17330106077119098,0.17296448735391556,0.17232337045828738,0.3477347818200118,0.3231660699304349,0.3673667768763506,0.38504172226924904,0.335546272176993,0.36780513886640614,0.34121552644233755,0.3503964968107593
c676cfb4.qasm,512,0.24538750000000004,success,4,1.0,0.7981971326398022,0.7981971326398022,0.17451976912018105,0.17519104889030598,0.1747486257232249,0.1752781156348689,0.17554684589143763,0.17508259231492987,0.17473456862422887,0.1740199803380809,0.3537071415068567,0.33815185101070755,0.3660923361382778,0.33532089250663405,0.34242518713847364,0.34111701202215794,0.3455035338872826,0.34811956373315756
c7670b0a.qasm,16,0.5437697,success,1,1.0,0.6498244533420179,0.6498244533420179,0.8486638333028923,0.9035272159431474,0.9571033821908234,0.9812509458196986,0.9654806223603565,0.8372146034399692,0.9854393123706572,0.9843570502428928,0.7955774799418736,0.7978010410516134,0.8232627369828117,0.7514892700702924,0.8118408237288356,0.7277541121966039,0.8128425747748428,0.7153487280411144
c7670b0a.qasm,64,0.550425,success,1,1.0,0.6498244533420179,0.6498244533420179,0.8582084500467774,0.8936407214613186,0.961526629519936,0.9642713051534284,0.9573093904936154,0.8329815866752096,0.9760640888268122,0.9776702547505887,0.9068332123953757,0.8566845122245845,0.8834075289587593,0.7756078531875482,0.9015813595921407,0.7930716721217761,0.8510024733079229,0.7551876386201863
c7670b0a.qasm,512,0.5097197,success,1,1.0,0.6498244533420179,0.6498244533420179,0.8451053480441562,0.9020748015401925,0.9652263923562651,0.9722811217219398,0.9600952314056784,0.8343014060438096,0.9779822924683943,0.9839740981371723,0.9283610698123337,0.8558276707743347,0.859214701127863,0.7976849606548467,0.8942554464315075,0.7754224026357602,0.8347999688678107,0.7404723745403479
c7a93f95.qasm,16,1.3009129,success,16,1.0,0.8687273730834408,0.8687273730834408,1.2977485616320261,1.2955305707876597,1.295765423350304,1.3057556880921712,1.304280050191902,1.2971875953610288,1.3107243505268202,1.3035868780220636,5.9668584411111345,7.003575617651086,3.646236555014425,4.669202675765521,7.843091888425717,4.352556091144315,4.35362853003978,4.89843033827473
c7a93f95.qasm,64,6.5205913,success,16,1.0,0.8687273730834408,0.8687273730834408,6.53969223765853,6.538684422138517,6.5981093905144625,6.56649990916743,6.540221233188784,6.534288850083842,6.5621830771803165,6.579592069957393,6.860042316186486,7.991831196514602,5.3705786892722704,5.87651639366688,8.043536951818027,5.249031150533827,5.197699530618691,6.744846946648515
c7a93f95.qasm,512,209.0101838,success,16,1.0,0.8687273730834408,0.8687273730834408,203.09557279969897,207.45921166196499,205.90631484113484,203.839921832751,207.8117132289178,206.33332295490467,208.03145924607193,204.13876216790635,61.62120406938677,59.219973967151674,45.41539551175776,78.04551518835544,52.20808565172643,48.12332218822546,44.36061022216558,70.38134485715275
c7bddf55.qasm,16,0.5527257,success,8,1.0,0.8692941720575713,0.8692941720575713,0.5800381896125101,0.5795621767553543,0.5805877994017447,0.5774344724988587,0.5884894734602499,0.5799565083659508,0.5831152317115769,0.5780722389052805,1.6467254758048524,1.2749018739459836,1.1361141792734095,1.2065749301195776,1.3232065821326235,1.0051316497644667,1.1448200577517678,1.4037594193903826
c7bddf55.qasm,64,1.1093257,success,8,1.0,0.8692941720575713,0.8692941720575713,1.128500452245609,1.129651386134671,1.1284527269665863,1.1233990438762436,1.121804053393344,1.1194577283262561,1.120257451685776,1.1332482784421543,1.8630865527683766,1.5615122440478146,1.375094436927603,1.4537597439087449,1.501020269045623,1.151932932109003,1.3412947171037446,1.7895764858320287
c7bddf55.qasm,512,2.7514677,success,8,1.0,0.8692941720575713,0.8692941720575713,2.8136155864724777,2.6990255519391573,2.8070051526041295,2.6004759888270743,2.7221852820380117,2.678587466223952,2.69076131635087,2.684084351521026,7.997662223071234,5.3297848899461115,6.140206664283147,6.430956202915708,5.688466491648534,4.1984042931238745,4.116079917561463,5.298309827716818
c82bb473.qasm,16,1.3014825,success,16,1.0,0.8689006411496392,0.8689006411496392,1.3006877674694968,1.30008471331385,1.3012665259225524,1.2966150276471538,1.299851181773387,1.3008685966900093,1.299596726768638,1.2997815133388375,5.9668584411111345,7.003575617651086,3.633356165329459,4.616212486706336,7.843091888425717,4.352556091144315,4.35362853003978,4.89843033827473
c82bb473.qasm,64,6.4765742,success,16,1.0,0.8689006411496392,0.8689006411496392,6.503294703899357,6.537472619990441,6.506958585358461,6.566581122175521,6.537804907612695,6.540526689926184,6.527042835995515,6.509816130284165,6.860042316186486,7.991831196514602,5.3705786892722704,5.87196902845447,8.043536951818027,5.249031150533827,5.197699530618691,6.744846946648515
c82bb473.qasm,512,210.21006139999997,success,16,1.0,0.8689006411496392,0.8689006411496392,209.11589596054841,207.78404165762754,206.2938418100512,206.5950230872038,206.56506054811416,207.91310550659176,208.41062607011736,207.10428056700678,61.62120406938677,59.219973967151674,44.802618289476015,78.04551518835544,51.55035304197152,48.12332218822546,44.36061022216558,68.77521185629006
c84ad65b.qasm,16,1.132833,success,14,1.0,0.8688121462231453,0.8688121462231453,1.1485303595812542,1.1598350512450857,1.1379320555646708,1.154716699111487,1.1367905299325711,1.1553460761176912,1.1552645434441384,1.1434022207329866,3.716121302374414,4.111322299170878,2.6617026784273516,2.8208224913939532,4.575153375597242,2.6098563354057696,2.7531008921162554,3.1833726486884233
c84ad65b.qasm,64,4.321362400000001,success,14,1.0,0.8688121462231453,0.8688121462231453,4.231114275135728,4.310176788325296,4.2691992173279205,4.251475230423657,4.2175303128462724,4.202803351860779,4.27393884201341,4.251867226366652,4.356379610843247,4.533876619959859,3.794950650568595,4.078560570744779,4.468038179610296,3.2290971511109574,3.328257286967969,4.334889109575275
c84ad65b.qasm,512,96.38189569999999,success,14,1.0,0.8688121462231453,0.8688121462231453,91.78848979133038,93.17781080270163,92.81136777674301,93.25086265975149,92.74955617947396,90.57245762869076,94.85529304749356,92.91164990186671,32.71406424104642,29.332427377803626,25.163567959180206,36.44622561134702,20.269046523904432,22.020521641407775,21.98595740089829,33.80794818996911
c8afe1ad.qasm,16,0.172325,success,1,0.2832783618497904,0.48584251928336264,0.13762867297956616,0.18674734152704692,0.1884833434550326,0.1956874599974232,0.17942830021677963,0.18434449558233443,0.18231164729669297,0.1809826120892366,0.18185141613304645,0.20040189693685076,0.20375428815411972,0.2144803287117115,0.21980548351496226,0.20586282977668713,0.21012204724160125,0.21453814291241108,0.20531914390648007
c8afe1ad.qasm,64,0.7844303,success,1,0.2832783618497904,0.48584251928336264,0.13762867297956616,0.7801223712810063,0.8304370496693979,0.7389206296182069,0.8522085071912233,0.8196874207767072,0.7992206837653927,0.8603036012240216,0.8285230619585523,0.4294623141106926,0.539273224052808,0.3794084492796771,0.4208293710608035,0.45561465784113775,0.4732682398062451,0.4244695632008251,0.4444213933760532
c945995d.qasm,16,1.6418214,success,19,1.0,0.868761516850398,0.868761516850398,1.6344047466239267,1.640674844751095,1.6449504772133068,1.6480658644783013,1.6475375493032496,1.6488895078666423,1.6323090580888382,1.649807000630936,6.81406022605526,9.717185994824632,4.897323503769382,6.247389466522387,11.398746759083382,6.084772186344206,5.091591763103558,7.505294461722966
c945995d.qasm,64,8.8522282,success,19,1.0,0.868761516850398,0.868761516850398,9.002073026361128,9.035929648082593,8.902944054451588,8.73069756027765,8.895505191579398,8.890725670678295,8.96214924441386,8.918304854229932,7.236963800247437,9.538993111547567,7.053113808316585,7.859296059960468,10.597289348418048,7.28750335776853,5.497236438528039,10.016041222858963
c945995d.qasm,512,341.62067240000016,success,19,1.0,0.868761516850398,0.868761516850398,331.3966780340661,335.28263120714337,335.1302876271484,332.3086656170114,335.58958801429634,336.4625467485445,327.58409262638054,326.7962735281,89.50322877498705,114.40468186021947,68.78897557744794,106.1017706889657,87.11506413945224,84.61536451881912,68.70142586429685,167.63182393547376
c95f41f8.qasm,16,0.1763965,success,1,0.5595238095238095,0.7780796942083925,0.43535411461660056,0.18419386139599245,0.1820158073464168,0.18888131685396062,0.18415932172176447,0.18458118369886303,0.18416894117684754,0.1835791480636956,0.1852053191449705,0.2176405125621867,0.20025265772670942,0.20599261553595363,0.2077760019715598,0.20982553852422628,0.20488587761353644,0.21530560800193577,0.20823402390503548
c95f41f8.qasm,64,0.4365802,success,1,0.5595238095238095,0.7780796942083925,0.43535411461660056,0.20582871800477862,0.217682383546935,0.2126893774463775,0.22443384183546572,0.19693662537653756,0.228852545921453,0.213787979386904,0.22370937308733116,0.2590209870896923,0.24063445494315808,0.24055203230226246,0.24600822526103688,0.2377176633411293,0.2369856215164897,0.26266800380587074,0.25207256925551136
c95f41f8.qasm,512,0.17736769999999996,success,1,0.5595238095238095,0.7780796942083925,0.43535411461660056,0.18206737144155247,0.17900229723405467,0.18672488734886186,0.181138171080722,0.18184012051047907,0.17975571003459162,0.18175424318153344,0.18142940488075154,0.22915880070492745,0.2213006200181818,0.22559987367574902,0.21868658245366046,0.22060484048346665,0.20937683752783287,0.2148627194727899,0.222113749842476
c96fe790.qasm,16,291.6478196,success,128,1.0,0.42372320005808606,0.42372320005808606,36.2790050438953,35.41314205075187,40.09267860827249,32.54136074290455,34.255112181283955,35.39714097919441,37.93549527667818,35.51611211908737,4.067309250334457,4.520687118957285,9.121406525222692,11.231134942400827,3.359125591490067,10.484431106855832,12.86081398071769,10.048026156119285
c96fe790.qasm,64,29.968277999999994,success,128,1.0,0.42372320005808606,0.42372320005808606,13.299353254910182,13.418619770796793,14.325064126597256,12.481948053059309,13.975071645665196,12.737465153113284,13.229372751125013,13.558620483891827,3.762455137633893,3.3711095421750508,9.251416615083814,9.19818820628025,3.2625018506630408,9.385002399241928,11.600314547357994,7.9817969129691955
c96fe790.qasm,512,292.8521848999999,success,128,1.0,0.42372320005808606,0.42372320005808606,27.534708817705592,30.013518724456734,33.3045143267181,26.457385362809585,25.67049935984409,31.625239116385988,33.701082730037655,27.63244587373151,8.526314856433862,7.965219713700118,15.520292487318867,9.37023846695386,5.511746009719862,9.509513620309237,11.837856684727692,9.467304620025637
c999af32.qasm,16,1.1311006,success,14,1.0,0.8687183995555909,0.8687183995555909,1.1387975531165992,1.125667793400363,1.1277201695645283,1.133771969607102,1.1280933354724687,1.1319673616670445,1.1370727030305432,1.1381381727324338,4.437730211927177,5.168008272260248,3.0282257091658447,3.397680457607584,5.673212359896816,3.3127842872299205,3.1727136905711437,3.590370715482457
c999af32.qasm,64,5.0753012,success,14,1.0,0.8687183995555909,0.8687183995555909,5.160228573556019,5.120816011193491,5.170289589146309,5.092288558155449,5.151278352415182,5.0879442004143485,5.133672081980282,5.119877713771175,5.414051078564346,6.125559325059505,4.420001321937248,4.790916193682236,5.558566199262008,4.070827696804609,3.8628731043595956,4.905773050463846
c999af32.qasm,512,144.16692230000007,success,14,1.0,0.8687183995555909,0.8687183995555909,142.00014189922948,145.04064256107927,146.45410409484512,147.43611089628567,147.2424986509821,147.94095235576842,141.9617618193055,148.64023666332926,44.37906459346655,44.00796155006612,36.925815572153645,57.73218533563519,28.65941613389279,35.489780854344936,27.631511325821958,50.44452883628004
ca0a2ce5.qasm,16,3.3426185000000004,success,29,1.0,0.7685896363076454,0.7685896363076454,3.336451647939273,3.2620791613577147,3.2596789999828815,3.2574057798458926,3.2940858586147033,3.324218079150762,3.1537704804947126,3.3851323806525566,5.105596485340027,4.14647514091526,2.756205669527728,3.210893571182422,3.7970646563631725,2.71183439261816,3.4745612701306268,4.119440411022543
ca0a2ce5.qasm,64,0.1686469,success,29,1.0,0.7685896363076454,0.7685896363076454,0.18702832227907712,0.1985545828215084,0.18697570898623828,0.19684629255292552,0.18794674501629424,0.1961334899829563,0.19272961988843143,0.19073895341740266,5.409368832481522,4.814164978619807,3.2851441241871706,3.5549657873280083,4.961820143087389,3.377078488494906,4.7305014417791185,4.820729164180061
ca634f4d.qasm,16,1.1346432,success,10,1.0,0.8684124988644117,0.8684124988644117,1.0667859773095507,1.059510056694783,1.0584362153979854,1.059336903928586,1.063812034535742,1.0395009199493506,1.0502237540038222,1.061271645784047,2.57963614632098,1.9989068502200424,1.5581301627077986,1.6387603417844219,2.093388475735342,1.6821619471391402,1.6258729639188838,1.9796778805754711
ca634f4d.qasm,64,2.3053915,success,10,1.0,0.8684124988644117,0.8684124988644117,2.261355808564878,2.2510465852689894,2.2734434519933853,2.2083855002258597,2.2690456755894948,2.2663777891079353,2.2246307073893776,2.2596840803244684,2.904258272527366,2.0983280439311414,2.0627110132089617,2.134283834478647,2.200383457820378,1.8940482366907543,1.9888720581227508,2.594134043803314
ca634f4d.qasm,512,24.028526199999998,success,10,1.0,0.8684124988644117,0.8684124988644117,22.53791089555896,23.310688120593724,23.485039027797633,20.863503697888614,23.09085497394816,22.64853964585176,21.82071172809586,22.77967922414976,18.779798098767056,11.923410317324453,11.730034627687438,15.371335510139575,12.687114887346564,11.390429248937833,8.981564824834557,13.62096149062792
ca8c6d9a.qasm,16,2.1916357,success,25,1.0,0.8687108844874374,0.8687108844874374,2.2277530161494177,2.2282555996360394,2.252190380794282,2.2471129352908945,2.2320846546310653,2.2507163907069128,2.251739284928288,2.252149804361856,13.383775429553094,12.628309369516723,9.383938565735054,11.900279919054878,15.396228872500913,11.840302115827168,10.302102072989044,12.05958115121635
ca8c6d9a.qasm,64,12.676150400000001,success,25,1.0,0.8687108844874374,0.8687108844874374,12.667008684599576,12.641731997510714,12.633766234121977,12.62085165174309,12.677474453803427,12.675025417555457,12.61732197340061,12.709175150643206,12.3069552448725,11.67066608324068,11.97479999925259,12.260956181380383,15.176122236947247,12.304622453275522,9.317140692373682,15.019748854818504
ca8c6d9a.qasm,512,522.5552257,success,25,1.0,0.8687108844874374,0.8687108844874374,486.10446404333743,485.4233462637368,459.9315998871712,464.2725601004222,481.10476105866286,465.52025328235277,459.4694726296127,458.97122689387487,175.90169178460786,174.56909237770975,129.6141367871276,181.6672465319619,159.9751812148111,210.8936753376203,135.1838030275026,381.7065208682651
ca980007.qasm,16,1.3004284,success,16,1.0,0.8688276372902584,0.8688276372902584,1.3022873833472337,1.2997765173679243,1.3056347924910106,1.2965959554630944,1.3036854047408688,1.3008151680120001,1.299761734177206,1.2994426187780628,5.9668584411111345,7.003575617651086,3.633356165329459,4.616212486706336,7.843091888425717,4.352556091144315,4.35362853003978,4.89843033827473
ca980007.qasm,64,6.5013756,success,16,1.0,0.8688276372902584,0.8688276372902584,6.510559226891537,6.513577210067908,6.51119908244526,6.5007863803522135,6.539684905941163,6.530543961261812,6.507351998001805,6.541740428649887,6.860042316186486,7.991831196514602,5.3705786892722704,5.87196902845447,8.043536951818027,5.249031150533827,5.197699530618691,6.744846946648515
ca980007.qasm,512,203.21602670000007,success,16,1.0,0.8688276372902584,0.8688276372902584,211.18210672648968,210.3362782799508,210.71221821544975,209.5784164506846,210.09974178943366,209.40148018572353,210.37467736687248,209.8054954293273,61.62120406938677,59.219973967151674,44.802618289476015,78.04551518835544,51.55035304197152,48.12332218822546,43.403439041366816,68.77521185629006
cab2b6e9.qasm,16,1.5307986,success,18,1.0,0.8682613875959297,0.8682613875959297,1.503154962310637,1.4977494017006052,1.4994866778227711,1.5001813289826846,1.50386714883595,1.503573826066732,1.5003250166530906,1.5045395671489512,6.345773797962867,6.2672025914291245,3.560614992264098,4.5120190538863945,7.856973951727228,4.122532810599791,4.253501244066225,5.477247571740299
cab2b6e9.qasm,64,6.8686035,success,18,1.0,0.8682613875959297,0.8682613875959297,6.932369120803366,6.956313221126215,6.892548196579806,6.991757328949214,6.958823962061194,6.805129358541324,6.871489954259246,6.9291667000029475,6.417073679754629,6.374827266624783,5.211566366961461,5.480042362319182,7.129885329167651,4.60505800201681,4.890880525590168,7.14440358712828
cab2b6e9.qasm,512,204.01155880000002,success,18,1.0,0.8682613875959297,0.8682613875959297,207.0823922441783,201.34151541010283,201.01468425874762,204.0233333551032,200.28478269076857,201.37189957783252,199.95257856168243,195.55658466568735,68.48988625636842,51.218705935030755,35.8566265230813,65.16804618487828,42.87521927666207,41.353718288570285,41.17184857933163,85.42499745266275
cb2b300f.qasm,16,1.648719,success,19,1.0,0.8683497216299175,0.8683497216299175,1.654829170868541,1.6516369756383322,1.6457740169102761,1.642458667746358,1.6590354909229785,1.6476914269757656,1.6440668860775138,1.646154297460244,6.824198445592196,9.717185994824632,4.882507205532464,6.247389466522387,11.398746759083382,6.100077655187668,5.127475756039479,7.505294461722966
cb2b300f.qasm,64,8.9312101,success,19,1.0,0.8683497216299175,0.8683497216299175,8.930991379910306,8.954118945313374,8.921786730900536,8.932757352532027,8.966656170453266,8.922596246781065,8.935919998011876,8.889002547787388,7.220566775948946,9.504874891377504,7.051846590992258,7.859296059960468,10.597289348418048,7.4022963848637175,5.571729677977509,10.016041222858963
cb2b300f.qasm,512,336.9242883,success,19,1.0,0.8683497216299175,0.8683497216299175,340.9184313011388,343.85356519603323,344.06790614799166,346.7104373438122,342.7545296185831,341.6248849203174,342.36110881096306,344.55878374008313,91.28271781007591,116.3991977361163,69.39384625215452,106.1017706889657,87.11506413945224,84.61536451881912,68.3596622828627,167.63182393547376
cc5bc6eb.qasm,16,0.23998150000000001,success,2,0.3391234629049755,0.7936558983435441,0.2691473366012219,0.23455644291263847,0.20903316493688995,0.23268029284018193,0.2038239690462489,0.22014423919080597,0.19902570893136193,0.2012437632588872,0.20221253080947196,0.2772217825294564,0.24710124849558718,0.2945711314696597,0.23891909038740763,0.25830848487179403,0.231266976306231,0.2414568233123045,0.2450025791948176
cc5bc6eb.qasm,64,1.4279914,success,2,0.3391234629049755,0.7936558983435441,0.2691473366012219,1.273514461537242,1.2697568748051,1.1979128772404264,1.2442178356791365,1.3084457189260834,1.3173908370560836,1.3487444889833788,1.2925946319351043,1.323978360814887,1.4322853517302605,1.1762620471685694,1.3451949846180462,1.236185604441398,1.188651340729472,1.2040323156959887,1.3691981131979167
cc5bc6eb.qasm,512,0.2081356,success,2,0.3391234629049755,0.7936558983435441,0.2691473366012219,0.29116062769341156,0.24205165897017497,0.2871195799389409,0.22547931753244813,0.24117680887922072,0.2255093178828014,0.22233248935108854,0.21208834172995625,0.45615025282505606,0.3023855682212054,0.4883866825365879,0.2964033433342147,0.30737061185881875,0.26590194152100066,0.30324438996980324,0.2957702795434688
ccfd978a.qasm,16,42.34227140000001,success,34,1.0,0.7637753772710634,0.7637753772710634,57.24692211688075,58.86421094184297,58.32732260124603,57.00675032826597,59.84489040511176,57.765564383404076,57.74833405136594,59.829049705641005,46.83772371549028,50.063206109911015,24.930466918490122,61.74629161368949,33.055783777682706,48.179568398613355,59.55200287242335,36.38849438491327
ccfd978a.qasm,64,2.7107435,success,34,1.0,0.7637753772710634,0.7637753772710634,3.5543857905303704,3.5148030016674703,3.4639401532956375,3.593268205387486,3.493302698913545,3.471512827870663,3.5170051316025086,3.450120390602426,4.151398569414326,4.723927030275626,2.5131706725376026,4.813793201882343,3.0697765384187785,5.441861070654802,5.0028729198543465,3.406505513394511
cd51d9b8.qasm,16,1.7485021,success,26,1.0,0.8697318175593411,0.8697318175593411,1.7437570867955015,1.757745363781504,1.757120409694587,1.7408687132047862,1.755622535081779,1.7268914163921791,1.7339276353785844,1.7602802321484872,11.148390090542279,12.467208338510021,8.590427743657232,10.534478858671195,13.957059636319777,8.805721258735241,9.00847348895186,10.565975436866536
cd51d9b8.qasm,64,13.210056200000002,success,26,1.0,0.8697318175593411,0.8697318175593411,10.984185503588728,11.157131556109196,10.711206808295888,10.61277525642404,11.170830361805457,10.45862207545514,10.634944437692594,10.607625543366035,11.023698143051652,11.787111079995535,11.597831726607767,10.335845242406362,15.363883111293044,9.998933071549104,9.188759076986136,14.384209253636719
cd51d9b8.qasm,512,574.3465174000002,success,26,1.0,0.8697318175593411,0.8697318175593411,582.9463405860682,576.9430696379128,572.2154813975973,566.6379792204337,572.1078400753207,572.1006797698483,563.9108087743108,568.1512440004029,163.4523620102943,161.74314641282973,128.82666417116133,187.22605323079102,160.96983561835987,169.92349297833704,147.01921706004345,373.7838513305887
cd592018.qasm,16,2.3526015,success,26,1.0,0.8688322890177691,0.8688322890177691,2.3303963150100895,2.3214506758230455,2.3469499164461545,2.328586099690651,2.332999849350299,2.334787067360737,2.3273897104886143,2.332866676870885,13.019552593219219,13.219087442455113,8.827534727375959,10.009372530929747,13.82792701606906,10.710734846422808,10.397853061362548,12.075906262335602
cd592018.qasm,64,16.3234668,success,26,1.0,0.8688322890177691,0.8688322890177691,16.11495587857974,16.283104724711166,16.27832524227386,16.07462858817225,16.31632088004572,15.748146887037135,16.049104076198667,15.89415458909755,10.543881624119338,10.196302112779051,10.676073143832644,9.613103885676116,11.396920352475052,10.282006797134967,10.208330208147867,12.332220770487385
cd592018.qasm,512,666.1303829000001,success,26,1.0,0.8688322890177691,0.8688322890177691,538.3365681940004,539.4151810380525,567.5620497867284,568.7492162368729,546.9408396249225,588.7654925543476,583.7829492125665,575.2222582388888,134.4467408071085,136.79695289723247,91.51165411030637,125.63137923307812,104.5623258298543,122.06744033903733,121.88449608538697,230.0699641117632
cd5b55b6.qasm,16,0.256669,success,8,1.0,0.7145834551789275,0.7145834551789275,0.1800516881858825,0.18136650448822955,0.18174417714442032,0.18665831860262916,0.18074441265230026,0.18117397655956402,0.18194721211838744,0.18696562185599105,0.22367416683642002,0.2739664991477313,0.23040387556627562,0.259097434916614,0.22111022054281915,0.2507756329858102,0.2629323110222605,0.2668173359709821
cd5b55b6.qasm,64,0.1625885,success,8,1.0,0.7145834551789275,0.7145834551789275,0.17480419945735262,0.1754967235389068,0.17985741060545457,0.18749573653499188,0.17773185960115204,0.17590727127228498,0.17813452916776648,0.1883225996137628,0.4576398803324822,0.4547510684571444,0.4332408481318318,0.44386838071224677,0.4128443018284172,0.3884761400699613,0.43576279032877374,0.40290664059378456
cd5b55b6.qasm,512,0.2338264,success,8,1.0,0.7145834551789275,0.7145834551789275,0.18262437209837443,0.18378902076586018,0.1850733261636447,0.18903773720726413,0.18486213624027284,0.18453391036775615,0.18453641530197434,0.19122706406847417,0.2613915846820026,0.29901468752229216,0.2602210885900344,0.2858270258486654,0.26114047451549377,0.2713620831147436,0.29985224335405786,0.27164046533728825
ce4f4dde.qasm,16,0.1818813,success,2,0.1420420229064576,0.7690102309916197,0.10923176884581189,0.21546429013165405,0.20131481475034316,0.20930947026343885,0.2073875874863499,0.1990957743748021,0.2136385321247799,0.20023941482268737,0.21302035112052167,3.323392441570397,2.734577510890217,3.03643655991642,2.5221482868696956,2.3535765887158244,2.8598812343949387,1.7661636409400125,2.493361593603119
ce4f4dde.qasm,64,4.050673899999999,success,2,0.1420420229064576,0.7690102309916197,0.10923176884581189,3.698985310006786,4.377349321109658,3.829006718753123,4.165294293153187,4.234164402051353,4.296717964390821,4.347775149699173,4.150665963777253,4.740987119625272,5.523734454645003,4.30580169943836,4.2278119140477886,4.005334624892648,4.5246787364532315,3.63472837957703,4.125154282035211
ce4f4dde.qasm,512,0.1800354,success,2,0.1420420229064576,0.7690102309916197,0.10923176884581189,0.24428716717995358,0.19607875816125767,0.2247600267831867,0.20960058711044866,0.2013287069772223,0.21486025674332546,0.1960427822338056,0.21906012077335202,8.831041421067608,7.202229847387335,13.63701378484426,8.972652983501687,6.476181437613586,5.679529672781945,4.271247574611368,5.076907042853957
ce7207a3.qasm,16,3.4724855,success,29,1.0,0.7695828071413587,0.7695828071413587,3.309949504447539,3.3067822678530248,3.259608477149103,3.1864974651013305,3.2526993793789853,3.3066351356167063,3.1249825476124107,3.305526095291465,5.03565776299228,4.153151516557172,2.8148551839105256,3.252348217137418,3.798141397039955,2.6850517457353758,3.4917526562463346,4.069629602198219
ce7207a3.qasm,64,0.1853343,success,29,1.0,0.7695828071413587,0.7695828071413587,0.20555501655482067,0.21558624021691697,0.19356968336510133,0.204987510207837,0.19849974581122365,0.21314289583728083,0.2022324354916133,0.20318939215472517,5.332685093757957,4.894547782446145,3.36388734277803,3.5330581648190025,4.991140031826596,3.3511485263958867,4.640480660709435,4.763223414584609
cee426fe.qasm,16,60.8826121,success,64,1.0,0.2573529176035128,0.2573529176035128,37.44399119378003,45.25391952048128,47.942121424647276,62.417654556580885,40.68048292756692,58.69089381592349,57.12912087553189,58.81175523390091,28.894807844699557,39.16648655520923,46.57544603748627,37.66384399359332,43.51635685598016,38.648287816397264,47.8239472011285,43.607217048853734
cee426fe.qasm,64,142.56026650000004,success,64,1.0,0.2573529176035128,0.2573529176035128,43.922836002989946,56.960578072688584,39.289598787293635,60.69285607413813,36.51005435689308,57.23413536388475,54.33042957476185,53.20542022538058,29.668013851743652,33.81334441760472,58.51929994979097,30.612447704299314,42.751836201103444,31.14283143321392,38.137952697665476,39.996991758695266
cee426fe.qasm,512,11992.309916099994,success,64,1.0,0.2573529176035128,0.2573529176035128,1346.7261881901284,1469.5192073903208,1450.2776977890173,1719.141323031829,1542.8738616901217,1281.0479928807827,1476.0782447102265,1081.6051451804806,1600.3489823512216,1702.1601519130766,1020.7333659534222,2020.646129829949,1713.605809620315,1734.2647332273618,1648.4201653245166,1657.685519605746
cf2c4cc9.qasm,16,0.1780009,success,3,0.9642857142857143,0.8984140808780724,0.8663278637038555,0.19233571711138353,0.19449797814879344,0.21588825738723588,0.19747540456242657,0.19456527085773156,0.20684525460688008,0.2044161077457357,0.2070523093942008,0.23738296702775305,0.21727603999269457,0.23520252395600313,0.23433746608545947,0.2402701171858852,0.2299727898544359,0.23572463278599687,0.2263310318882838
cf2c4cc9.qasm,64,0.3343455,success,3,0.9642857142857143,0.8984140808780724,0.8663278637038555,0.27085855086973,0.2607714978884499,0.27798900195062826,0.25692793816778525,0.254079608629692,0.27108515571681,0.26655085614215573,0.2734994068775484,0.29197942691149054,0.2815637323673029,0.30793173073518526,0.27657266228287136,0.2886564854869473,0.27122794599796923,0.27884937459431686,0.27038859391085046
cf2c4cc9.qasm,512,0.1702461,success,3,0.9642857142857143,0.8984140808780724,0.8663278637038555,0.18794335663093167,0.18756592650748363,0.20908910645317696,0.1931422706683211,0.18787444963709224,0.19934808297467296,0.19805175180270937,0.19829338596255985,0.2588732008776007,0.23452895918549088,0.252901123127422,0.242275998929778,0.2787114788095797,0.23149695054656644,0.25384395031727586,0.23302781638576686
cf5bfeb1.qasm,16,2.2799182,success,25,1.0,0.8686919294019962,0.8686919294019962,2.2206005129700097,2.2239277331557816,2.2144764027383452,2.215460196966401,2.222592776380894,2.233493905767238,2.2193021111068663,2.2226714186726024,13.27926031638502,13.014292190358308,10.062832724309859,12.204948413227973,16.020247287959343,12.397159980610551,10.697470140942396,12.226614360787428
cf5bfeb1.qasm,64,13.079453599999999,success,25,1.0,0.8686919294019962,0.8686919294019962,13.103942749999039,13.137955769985064,12.993762184052905,12.987881165893477,13.085576152971557,13.045628243890688,12.977045840021823,13.039894545663616,12.184529541402117,12.304516882840268,12.704709970576324,12.25449097458267,15.582662001164744,12.569268103498153,9.870877139505893,15.089664738953928
cf5bfeb1.qasm,512,361.00468059999986,success,25,1.0,0.8686919294019962,0.8686919294019962,571.6824045212877,570.123914291848,568.6496846300744,565.1812242265612,569.5434495723291,567.2734473320999,566.4673170737383,565.9288749273022,183.07575197767886,183.97399891635692,141.68113825295305,194.96676988964296,179.3254166481726,218.80219046264497,140.8435988341284,375.7073426172243
d168a391.qasm,16,0.17140079999999996,success,6,0.4938800372260038,0.5408929156462338,0.26713621331464366,0.24006526265858064,0.2626854463601637,0.23676852896840755,0.24997133853990197,0.28043588857719803,0.24640935945321496,0.24128189127710328,0.244030357132392,3.832129681072114,2.926771171697357,2.649013573701925,2.24403322057221,2.349711377077979,2.0766899497646913,2.00751318700448,2.007725096769276
d168a391.qasm,64,2.6421047,success,6,0.4938800372260038,0.5408929156462338,0.26713621331464366,1.7550339939952044,1.8937451561169405,1.7831667607928154,1.7879397537747561,2.086332243953244,1.8414368167404964,1.7862587651879276,1.650464846524138,4.607433533299555,3.918874374849883,3.3026622670041075,3.3175840016618,3.616417109936272,2.85296070817379,2.8789563519711976,2.823639086377348
d168a391.qasm,512,0.16305370000000002,success,6,0.4938800372260038,0.5408929156462338,0.26713621331464366,0.29518941778809776,0.3251509903421784,0.293213882311618,0.30110924766476793,0.40603682372861183,0.28003325585690175,0.2677797794458858,0.2691550015906893,16.982357106890237,9.422567207167194,16.53590214141827,6.9935656009035405,12.071970443906695,4.66197176104045,7.327288217547049,5.63513660629998
d20d9d2e.qasm,16,7.2601546,success,30,1.0,0.7027787347120248,0.7027787347120248,8.233018561985258,8.260716313500499,8.230477777769233,8.22977271555315,8.2780403244302,8.28615766145049,8.207867020687441,8.206504374137497,6.320363816413578,5.566408530597167,4.9610760297561045,4.4160022550678155,5.0857871813526065,4.29856080207531,4.481932462340849,5.063977826820248
d20d9d2e.qasm,64,0.21048460000000002,success,30,1.0,0.7027787347120248,0.7027787347120248,0.25766890568254464,0.2506234740316137,0.2521724848614139,0.2520330618571093,0.2519883128246905,0.2548910256765177,0.2552216501287942,0.2509554031213579,4.854665757118091,4.309394502577652,3.8585247045105735,3.3827794452662205,3.761764048784459,3.4077301221747556,3.681269378597475,4.06413307872777
d21812d8.qasm,16,5.7262911999999995,success,15,1.0,0.6902683752994848,0.6902683752994848,6.397748187506437,6.317546998732814,6.030987509177993,6.269403938696232,6.238275138624637,6.158669157460377,6.327237001128768,6.275036333669639,4.414341261137441,4.065134413878572,3.601812299384907,3.171296844006376,3.4301724848959267,2.366188998004933,2.58580906484721,3.2476685706240582
d21812d8.qasm,64,0.17260249999999996,success,15,1.0,0.6902683752994848,0.6902683752994848,0.2346204811878332,0.23945863484043217,0.248337851681873,0.24442376633035742,0.23798634301050195,0.24513500421407458,0.2501309820625158,0.23918306328350675,3.891824923856427,3.726062254321684,3.293311340279749,2.775848700103613,2.985910790175505,2.2578780058712637,2.3870468167967624,3.1172346810936697
d2ffaf7e.qasm,16,0.2321556,success,1,0.12834508556941335,0.88151499000179,0.11313811682250029,0.20690826041257632,0.18894322022153126,0.21043621661315742,0.1893646820068039,0.18363957537195155,0.18590723256549974,0.18329511669245196,0.193742118921625,1.2926218187773397,1.1833614747310868,1.2382982223027805,1.038078329579928,0.9989113927103612,1.0271678291858046,0.8328193551101646,1.0406877231417184
d2ffaf7e.qasm,64,2.5454339,success,1,0.12834508556941335,0.88151499000179,0.11313811682250029,2.2556974536651673,2.5117352438270926,2.4520369822996897,2.470028894598348,2.494152856921096,2.5776845884473696,2.479988657748406,2.5360257400414095,3.3256473489140763,3.1243515932236896,2.745125660531839,2.702792640651707,2.830809062737404,2.6092320674652556,2.294920490290646,2.8925490855895615
d2ffaf7e.qasm,512,0.2593566,success,1,0.12834508556941335,0.88151499000179,0.11313811682250029,0.20256727526491014,0.196490309064865,0.221441910908401,0.20355307961122981,0.17847446841166462,0.18356283107448718,0.18444395693661336,0.20438488310731637,2.4772085042207093,1.9145784186764727,3.8890450017736455,2.5754864344139095,1.7013882152125748,1.6509988333892633,1.5727967484560748,1.8398181567158005
d3f98c63.qasm,16,2.2281586,success,25,1.0,0.8691729759067668,0.8691729759067668,2.2505901882648636,2.250639630947453,2.2505934910196816,2.251742345471141,2.2512242858350815,2.2502529461344003,2.2510489709870707,2.250874990338811,13.33503693416341,13.014292190358308,10.062832724309859,12.06643600141271,16.04801740123422,12.367889142728249,10.697470140942396,12.314182730809165
d3f98c63.qasm,64,13.029918900000004,success,25,1.0,0.8691729759067668,0.8691729759067668,12.848954362136736,12.869686496001446,12.85941115556574,12.921378239582044,12.833912675966129,12.944321700738582,12.882624011862724,12.964448413917,12.184529541402117,12.119958427927966,12.704709970576324,12.24500820584341,15.60967358726065,12.82945640711836,9.891764586893855,15.24332828167212
d3f98c63.qasm,512,562.6930221000001,success,25,1.0,0.8691729759067668,0.8691729759067668,544.0926345902465,540.3303110312872,550.155193413314,543.4258837628033,556.1210506675163,547.4132103198048,551.220342171725,547.0959072727524,183.07575197767886,183.97399891635692,141.68113825295305,194.96676988964296,179.3254166481726,224.76374572165912,141.922920728831,386.76237299787084
d3f998bc.qasm,16,1.6935747,success,26,1.0,0.8696045812089256,0.8696045812089256,1.7543358296840255,1.7429486189675387,1.7510004175500216,1.7490230188717857,1.747113178690501,1.7589722481303902,1.757175855524286,1.7585206377550682,9.779694240685947,9.91943288468921,6.112586864529184,7.8186759865702715,10.352387295482192,6.863465657591144,7.386323723850003,8.461297315221278
d3f998bc.qasm,64,12.235003299999997,success,26,1.0,0.8696045812089256,0.8696045812089256,12.271387970305431,12.248259303755669,12.162530049716771,12.241266220215635,12.20839085322537,12.142414068831632,12.252282161285155,12.111638264947716,9.004062122709314,8.303036311050086,7.840040404871162,7.913956115537677,10.034042338464292,7.568900530721838,7.389264224311461,10.924374275926011
d3f998bc.qasm,512,467.8785964000001,success,26,1.0,0.8696045812089256,0.8696045812089256,458.8522438821098,455.4566871215704,468.315702722046,466.88422699108247,458.133611682483,465.67479753733016,465.56406666710546,465.2017994390051,123.91023382440882,103.893092595779,71.43272875558465,110.38351858707296,89.3841170431535,93.68026993044177,96.96733708872323,196.7159441349946
d49ba491.qasm,16,1.0047482,success,14,1.0,0.8684488865537012,0.8684488865537012,1.1363130470862555,1.1572455479914303,1.1370284422123325,1.1485457697984718,1.1425436174088452,1.1548698233395036,1.155692219626273,1.1433103560047029,3.701360900784779,4.111322299170878,2.655063681243412,2.82513107565553,4.5851506588784945,2.5997954708366757,2.7531008921162554,3.1833726486884233
d49ba491.qasm,64,4.3270887,success,14,1.0,0.8684488865537012,0.8684488865537012,4.291985915077855,4.285638804868677,4.260121298980368,4.263480740993758,4.276699653317723,4.208411151674677,4.29240784912079,4.260580273494658,4.4581223463251,4.490135033239513,3.7806392728215963,4.017538809253957,4.4511884790307,3.2398659930439324,3.289511806392039,4.318541535851441
d49ba491.qasm,512,96.86097500000001,success,14,1.0,0.8684488865537012,0.8684488865537012,92.0805231201799,94.2063634835186,93.57445984297081,93.06930777240188,92.3509139012346,91.7214005083951,94.16789998754147,93.54739275821717,32.71406424104642,29.756558526878827,24.216203511489415,37.78856565821187,19.996845388839745,22.020521641407775,21.88569564789971,33.668759482334735
d4a7f2c7.qasm,16,0.560587,success,8,1.0,0.8693143276119986,0.8693143276119986,0.5826216362872547,0.5832857761732396,0.5781344289298673,0.57551605326604,0.5876131554990393,0.5824767742645572,0.5874404589895388,0.5841313240038983,1.6493913362766215,1.2713242964855476,1.1365020002095452,1.2018896289669694,1.3266971592948982,1.0047647189342648,1.144982040573019,1.402049580328989
d4a7f2c7.qasm,64,1.1167891,success,8,1.0,0.8693143276119986,0.8693143276119986,1.1381984713735984,1.133619165597317,1.1255030301534417,1.112945378943194,1.1200396641165828,1.1176798439201807,1.1108338616034823,1.1316773726043798,1.858171973985647,1.5564628460014922,1.3577660496370054,1.453262358423692,1.4665321941727907,1.1512015000422988,1.3412947171037446,1.7869141048863317
d4a7f2c7.qasm,512,2.7529107,success,8,1.0,0.8693143276119986,0.8693143276119986,2.7428683130777474,2.662056577715448,2.7311244116544766,2.5914496298183862,2.76275778083643,2.6343921342017995,2.641665570601418,2.6187263654710042,7.989905456022299,5.356088734588471,6.140206664283147,6.529046611440691,5.785962502608679,4.201989837710244,4.116079917561463,5.298309827716818
d706049b.qasm,16,0.2326287,success,20,1.0,0.5831518010177411,0.5831518010177411,0.3286724573042899,0.33755105839551436,0.346237779950062,0.382693060551336,0.3377752190691906,0.3556127170281076,0.3679403681572332,0.3719065121668572,0.2909588558073648,0.36789806305422607,0.35074054412497246,0.4254511529903565,0.32446449741719446,0.4255483565473652,0.40301304289632855,0.3697678302419612
d706049b.qasm,64,1.7873514,success,20,1.0,0.5831518010177411,0.5831518010177411,1.4439901521620941,1.3311814263232256,1.2828499176193218,1.48706075829463,1.315533966388148,1.4329301089082114,1.3789551458112708,1.4396455345992893,0.34429477344817677,0.45982273729761247,0.40032913672619685,0.5052788569853002,0.3854111425105949,0.4972726014264594,0.4422466085420219,0.4249376535650749
d70a0bd6.qasm,16,580.3384012000004,success,24,1.0,0.7887396282160573,0.7887396282160573,326.02573788223384,355.2314791554642,312.5918545985257,351.6239142277957,306.75827409398744,339.5427970643054,336.6229642620427,328.5516774471606,42.675625292825075,46.509367218716946,22.951086876668644,53.43761560071913,30.492894548322823,42.679983573360104,47.140992917529836,31.72567873613478
d70a0bd6.qasm,64,50.607107000000006,success,24,1.0,0.7887396282160573,0.7887396282160573,63.23119571143131,68.50848911470909,56.652847308608564,73.1004469869932,59.536840293349,60.598058661652864,58.693937442559566,61.17901158055198,4.675633532348308,5.200162911501462,3.1423636061114686,5.010183332724461,3.618116096938036,6.182601423021832,5.256510596094303,3.8081411615020984
d70a0bd6.qasm,512,14399.999999999989,timeout,24,1.0,0.7887396282160573,0.7887396282160573,8876.13122442583,9369.582768417247,8387.23697662737,8650.2023025016,8946.40858740292,9306.574706144962,9216.628257338,9190.499931476894,192.78557826158624,194.89087936878073,141.38725381291079,143.8339326425543,171.92885958475486,136.18221729932452,134.6089205881463,120.79176334786588
d7fe8918.qasm,16,178.36455989999996,success,28,0.3570435268615496,0.6911417956484615,0.2467677042797511,35.178914804722204,27.502427689841422,27.649200751689715,31.331980760194423,29.457644560599004,22.970437224207814,23.87487315697043,24.603250135552273,1.4347588070178663,1.34464201373881,1.4404198973971587,0.975131910186896,1.5177394003390126,1.1787551176941846,1.3768855941229783,1.1421259058099982
d7fe8918.qasm,64,70.26249630000001,success,28,0.3570435268615496,0.6911417956484615,0.2467677042797511,38.58632065760635,30.251701290858374,26.8762069753973,32.0703534947195,29.22183041143038,25.23275761287041,21.77928938504506,25.175733748313288,4.048297265899447,3.7477446045740224,3.9167796438835274,3.159323309054412,4.242501253012345,3.932537277692996,4.066614327133571,4.642429824994025
d7fe8918.qasm,512,177.67851409999994,success,28,0.3570435268615496,0.6911417956484615,0.2467677042797511,55.49026935005586,30.704537145748592,38.14476496580119,33.284277341786094,44.590965093845476,30.69475347169201,24.530756897525496,29.680905313299466,3.901332469254672,2.5075014163181115,4.562605973762484,2.010853862460094,4.427947618384417,2.7643428875555647,2.2244874151462155,2.174352277904949
d87e1b4b.qasm,16,0.17300719999999997,success,2,0.07732142498179094,0.7345266553511692,0.05679464767886124,1.4340946592078272,0.5295169937879648,1.0327465138593843,0.4907516689944804,0.36464778346219,0.4665942187477691,0.2418346924222622,0.41739536826101786,13.657514635172792,10.36927878297841,12.824048753198184,11.369618796657031,10.923563138881853,7.79118941796593,7.721296730404371,8.01024417634957
d87e1b4b.qasm,64,10.563292899999999,success,2,0.07732142498179094,0.7345266553511692,0.05679464767886124,13.93745953231198,9.360499861999976,12.032816604707275,10.51414120371942,7.299169501412032,9.146986404799415,6.858053814275193,8.699224417426413,10.213063503798134,9.954551668437723,7.846118322870259,9.866391663038337,9.045373433112982,8.510005487676436,8.907959480311844,7.672991129942849
d87e1b4b.qasm,512,0.1801242,success,2,0.07732142498179094,0.7345266553511692,0.05679464767886124,1.969134010551205,0.5459015981062917,1.128054170930134,0.5611354689151209,0.3853207963184719,0.48315276354358677,0.27754612167967957,0.44703462365963276,20.659887577198173,13.918049294406456,28.875107718988296,17.763043953530005,10.542616116952154,8.396328551946407,9.013983306307303,6.981418934550086
d9b603b5.qasm,16,1.2477177,success,12,1.0,0.8688287754285394,0.8688287754285394,1.1329256980764866,1.125531346479306,1.142344932229496,1.1366794173774413,1.143712767873128,1.1551055845825347,1.1350537300603027,1.1374389919632655,3.1828239819487987,3.3391571270715548,2.0983299120941834,2.3190444193059196,3.5189166686296507,2.177261227864374,2.0955256889380722,2.6220752239482636
d9b603b5.qasm,64,3.4265954,success,12,1.0,0.8688287754285394,0.8688287754285394,3.406296093856201,3.4092984510367836,3.3464236023517926,3.32606823376041,3.448575433918131,3.3954197190226623,3.3808584774288972,3.4148283016218883,3.719646742950231,3.584916381294662,2.9405357930719145,3.0580287764364233,3.5131261853374687,2.5099382010296356,2.5811321910973093,3.301607939300591
d9b603b5.qasm,512,71.4677438,success,12,1.0,0.8688287754285394,0.8688287754285394,72.6084464745111,72.42250570611183,71.28009753267112,70.72840425677549,68.98729845835258,70.49627886997033,69.80221658580791,69.29102310000049,25.005051075843696,22.68469918582896,17.659217032019033,25.45467685323385,17.312155079608768,18.961719035050077,15.793553340443287,24.165296363316546
d9c77e07.qasm,16,0.1766356,success,4,1.0,0.731761391349376,0.731761391349376,0.20250025500907567,0.20465022629374943,0.20022959411744845,0.2036638968872471,0.20242595559186943,0.2034065822905313,0.19867012663869432,0.2018764583592085,0.26095685318326306,0.25944810819752623,0.28010659855599046,0.2829799665961894,0.2659556587554286,0.31005680323883056,0.30481625376989013,0.3054944982498909
d9c77e07.qasm,64,0.176099,success,4,1.0,0.731761391349376,0.731761391349376,0.22640176704957737,0.21329522394442815,0.2230911563649029,0.20872379069258515,0.22122376734883445,0.20675845726252118,0.20474451800040688,0.20899415015144096,0.40250384877862416,0.3754754125226352,0.3635322483586993,0.3830650847789583,0.40206743733554157,0.4423926349710379,0.414620712631983,0.41170494813053443
d9c77e07.qasm,512,0.1867367,success,4,1.0,0.731761391349376,0.731761391349376,0.19493532840154396,0.19194382498324644,0.19706399188432203,0.19340348894894055,0.19430151029364967,0.19650801317557334,0.19288014084017502,0.19408988969629423,0.3393488328420927,0.3201662987940524,0.3721923138088721,0.3712237441224696,0.43363939834833715,0.5034325500378098,0.41211274775770795,0.4806629103962807
da0e58a0.qasm,16,5.1639064999999995,success,17,1.0,0.8252340574852431,0.8252340574852431,7.421200797106565,7.129625032373726,7.1341510388698754,6.996913216302726,7.622664957441673,7.370005625172473,7.284539878255985,7.654668530235616,8.532777318520262,7.983850651508425,8.156331646118444,7.620085157276401,8.34607535881247,6.115259005276121,8.002432677564954,6.595255261517983
da0e58a0.qasm,64,0.3444672,success,17,1.0,0.8252340574852431,0.8252340574852431,0.5920013084098751,0.5832139933317654,0.6907999052273588,0.649420573729237,0.6005260817421104,0.6275127868591811,0.6740725106935949,0.6981900907473887,4.6519581854992795,4.4862134465896935,4.585166144457079,4.312864644185772,4.343017438952069,3.5351993833350006,4.960563059953959,3.9516886201248953
da213329.qasm,16,2.1257089,success,24,1.0,0.8690859754259652,0.8690859754259652,2.1143118434186348,2.109281187110402,2.1149740295196797,2.1134007885222728,2.1146463015163652,2.113528350750704,2.113137744922574,2.1125445947160757,12.65600853979858,12.300196928856964,9.12927058188237,11.837608745130506,15.307175413193542,11.130698839421122,9.961447196620453,11.569493536371736
da213329.qasm,64,12.139482200000002,success,24,1.0,0.8690859754259652,0.8690859754259652,12.210276338912124,12.259422124755437,12.21848371658291,12.19047302583633,12.23647052309725,12.197044913315345,12.202180480299718,12.191329550739464,11.911367831193854,11.32430970285689,12.001049865594272,12.237185365144416,14.342684296134175,11.294221409754995,9.091168024759154,14.583454531057415
da213329.qasm,512,495.7341519999999,success,24,1.0,0.8690859754259652,0.8690859754259652,498.2678702492606,497.5270636175505,496.14294083576806,495.5545667919955,497.80372799333037,495.46687095556763,495.24967940454184,495.73701662837686,161.33155910106646,156.7974616619485,131.94768371764638,194.5736163614661,140.76184531867014,211.2401225353237,125.45627219636508,367.34069458098185
da3a2f77.qasm,16,2.3491533,success,26,1.0,0.8696136154617641,0.8696136154617641,2.3660010172447103,2.367574220948476,2.39177483960143,2.377357528130591,2.390906775128527,2.390028242263779,2.3957683244295023,2.3896291580532023,18.909453720259965,18.508805048838123,12.702798177357263,15.249380754147776,20.027404616258025,15.940634949144652,14.596156846351148,15.09455156687118
da3a2f77.qasm,64,18.0994781,success,26,1.0,0.8696136154617641,0.8696136154617641,18.155132784410764,18.120996610709255,18.044829741478583,18.140124237402052,18.173160800925356,18.122919792066437,18.095490669959162,18.138527828409753,16.707557397434577,17.12555978678387,15.467827019629478,15.668979497813611,20.70920437468862,18.491107253352716,15.310671854843228,17.604204003929528
da3a2f77.qasm,512,815.0945250000003,success,26,1.0,0.8696136154617641,0.8696136154617641,793.618954120932,793.8796343238758,696.6459550774148,678.3533993382895,735.7834380866847,661.7793400339374,680.4534197051825,693.7958042099215,265.6440683624742,265.446916492543,186.58707902880772,243.03734803363028,250.73208459690605,313.8889623782135,233.91441013214987,492.1905882658958
da4d0871.qasm,16,56.542467900000005,success,34,1.0,0.7638008715385136,0.7638008715385136,50.415624605165775,50.363930298284146,48.53705085289638,49.60509736537828,50.19841721390164,50.49833617127342,49.95441867735835,49.85244671420906,48.368898557441966,49.94521473759665,25.02005260620401,62.4132503159,33.08525421181722,48.95651389905352,60.25487088465299,36.44545726044977
da4d0871.qasm,64,3.6433298,success,34,1.0,0.7638008715385136,0.7638008715385136,3.1235882623075995,3.0580987558678596,3.069183491581507,3.0894056682415805,3.114824876031841,3.0311325758874923,3.08587898801768,3.074744173260947,4.219938495047869,4.871762407827978,2.6129235171393277,4.904205475782377,3.1822153278628336,5.644035659415154,5.135978866269417,3.610665123820525
da505823.qasm,16,1.3033438,success,16,1.0,0.8684046572124199,0.8684046572124199,1.2900986220896378,1.3084414607351063,1.2924260013736155,1.2961496955642997,1.29400665095715,1.3006287206135463,1.2972881313852402,1.29733140321225,5.968469938252241,7.003575617651086,3.6434016930296194,4.616212486706336,7.843091888425717,4.352556091144315,4.35362853003978,4.89843033827473
da505823.qasm,64,6.5001772,success,16,1.0,0.8684046572124199,0.8684046572124199,6.558218575630759,6.571221946721218,6.540096819526639,6.502688955490602,6.520334327109602,6.498980984514686,6.576111708277657,6.529200545886282,6.855688252604901,7.991831196514602,5.3792578906304405,5.87196902845447,8.043536951818027,5.249031150533827,5.197699530618691,6.744846946648515
da505823.qasm,512,202.88012400000008,success,16,1.0,0.8684046572124199,0.8684046572124199,209.144841861857,207.02755183360702,206.91981356893052,207.81012745081958,207.27721051990684,207.0857751557579,206.51190668372297,209.3720378937618,61.62120406938677,59.219973967151674,44.103560226280244,78.04551518835544,50.90090673845711,48.12332218822546,43.403439041366816,68.04396486367628
da601912.qasm,16,136.53217920000003,success,24,1.0,0.7905371124873196,0.7905371124873196,120.75286280833966,142.35103718488944,139.44759834250587,120.87859665859652,134.06549179841747,135.57041319693522,125.87080085428023,134.12762118070523,43.57797825624061,50.960966444472895,24.846620811995347,54.31047927113083,31.26603444447792,47.306010937999,46.21306620029907,32.99893771685368
da601912.qasm,64,15.833468599999998,success,24,1.0,0.7905371124873196,0.7905371124873196,25.63405860480573,31.35887497344016,29.961663351735726,22.766634981250466,29.15272246373962,26.354824338037897,25.690862362207827,26.248738047743934,4.615378006386069,5.307517997399532,3.065391721955914,4.727327427733512,3.471191737036869,5.7088849896746074,5.176929729601164,3.5254623429746133
da601912.qasm,512,6845.365393099999,success,24,1.0,0.7905371124873196,0.7905371124873196,2931.415146799372,4405.459146134273,3937.4527677085607,3766.773875351359,5106.294022232202,3105.1890291672985,3002.5128050366875,4184.498876493222,186.48286155936322,181.76466311048688,138.4844821139929,137.35149209935278,155.85271262181988,138.47826217023547,131.23890269495493,123.40953401570486
dae23358.qasm,16,1.3884339,success,16,1.0,0.8690806275848023,0.8690806275848023,1.3911921520163812,1.3941558814106148,1.3914200321242252,1.3923746523320855,1.3951005788453064,1.3919890864349207,1.3942133544239919,1.3914550984486562,5.027251291726729,5.614221038668955,2.888306809435615,4.015360326989575,6.047125359239528,3.4811103853865126,3.8927540129753817,4.1357153364818675
dae23358.qasm,64,5.7483908,success,16,1.0,0.8690806275848023,0.8690806275848023,5.717866214130115,5.7444156779312685,5.715308191004686,5.69819554411366,5.713693385824478,5.737979998009262,5.751460884646195,5.700947282234444,5.5143715560604285,6.10200477769592,4.210633624499723,5.078109307991963,5.676862281959218,4.072272412519874,4.388171370607317,5.430890250904776
dae23358.qasm,512,133.9679896,success,16,1.0,0.8690806275848023,0.8690806275848023,134.0156367937147,133.85557814699143,133.3867925981452,133.90088206068665,135.28237971791006,136.39715989729794,135.175789707702,133.62784794695906,45.070436196757875,41.518885010068544,30.133771076352723,58.3090045820422,33.48959837283666,26.72452454633846,34.82866361023301,44.17424310054999
db12c1f0.qasm,16,4.704939,success,16,1.0,0.5912635422115832,0.5912635422115832,0.2023661570718085,0.20117262736357872,0.1993286010658821,0.19680184287368005,0.19292013410555303,0.19691347791883645,0.19812488119296054,0.20179544861010473,0.6854456194897327,0.6730318444983374,0.9667329396508769,0.8980476662141536,0.6005759232860861,0.8461142967809074,0.7457032109371167,0.9152037555203685
db12c1f0.qasm,64,0.5786665,success,16,1.0,0.5912635422115832,0.5912635422115832,0.31013610782688866,0.3145516342276692,0.3048117731571184,0.30328391173580155,0.3071521972283055,0.30057986376940377,0.3092933301439348,0.2984021850937214,0.8244762091730053,0.7886127342914184,1.2095147964240103,1.1611346544844254,0.9547313885382979,1.073566621781679,1.0160849848038915,1.2379834222015391
db12c1f0.qasm,512,4.6964082,success,16,1.0,0.5912635422115832,0.5912635422115832,0.21245226354872004,0.22624973416124336,0.21167694320192929,0.21218601466768597,0.21595497705115133,0.20678068022628246,0.211064025149423,0.21397908749862576,1.3003651783278998,1.3501591739594563,1.9495593744911468,2.4363457978722,1.5928335607980295,1.690781309335684,1.666522357485905,1.8136421708477486
db6ca211.qasm,16,0.2941825,success,3,0.10813900021778446,0.8581646268850047,0.09280106477361244,0.30483907077596634,0.3398814483332351,0.3557024837062054,0.33056379370981104,0.3351524212611542,0.34332682523228375,0.3316174163657468,0.35049629852767156,19.08337126706637,13.625817071892891,16.83678160159376,18.12155681376873,14.687634427326524,12.48684078520724,10.54463259089004,12.50913899991052
db6ca211.qasm,64,9.5803355,success,3,0.10813900021778446,0.8581646268850047,0.09280106477361244,6.860981315123767,6.338514250340635,6.405578125765424,7.251497433395477,5.584776278771178,6.294399948619524,5.452804225980713,6.311169657944379,17.206959869111028,13.560121977071146,12.432519297324607,15.147773397375971,12.775402148247657,11.337262578975167,11.034686646003825,11.743716863578076
db6ca211.qasm,512,0.2892399,success,3,0.10813900021778446,0.8581646268850047,0.09280106477361244,0.46767484234797635,0.487475887292778,0.5064774651066776,0.42355903065604983,0.42125432235555904,0.4039239459872218,0.44055112499319804,0.3698939859619261,52.123958988141595,21.754892038669823,56.57602728546421,24.50142023924823,24.62716901435724,14.843531430932757,12.731121444395797,18.36444053206343
dbcc99b4.qasm,16,0.16612960000000002,success,64,1.0,0.5900996383026766,0.5900996383026766,0.18342375242892175,0.18588086858149802,0.18456082799487677,0.18341180265285387,0.18251001732070188,0.18294392081967265,0.18199727979837485,0.1829376934839786,2.3206020708549224,2.32475840704081,2.469546536161729,2.6110833381574605,2.5176201480229925,2.0593901786790747,2.578656069963672,1.988907096889587
dbcc99b4.qasm,64,1.0593415,success,64,1.0,0.5900996383026766,0.5900996383026766,1.0583731218506722,1.034308666551306,1.0213925327132978,1.0530244494514938,1.0451138872608807,1.034561937299553,1.0339058899079254,1.0609009449043076,3.4194503765293747,3.900113334273102,3.7333357619410443,4.669500570443126,4.5327816686917854,3.8178184629101874,5.717184788751588,3.969367561501798
dbcc99b4.qasm,512,0.1705503,success,64,1.0,0.5900996383026766,0.5900996383026766,0.17765513717387194,0.17670147079578474,0.17860831353747836,0.17673564162488875,0.17775914363663628,0.17705451295409572,0.17543567987115263,0.1748553754331216,5.805878833336943,8.788775994421144,7.603371327057676,16.855484163874944,12.437018695753736,8.237391866892406,13.543062961808824,8.239870413489243
dc86453a.qasm,16,81.20216329999998,success,16,1.0,0.6325659072362009,0.6325659072362009,423.9472260011994,281.33755118064,404.21381955191464,278.9419283476406,359.4349939176037,399.1913747536224,333.74421273395444,397.549954734426,32.323849364077525,43.80611568791028,32.57695960318606,44.92234947931042,46.10934262783621,45.16714241782391,43.46190025154179,39.22388185868623
dc86453a.qasm,64,13.8824137,success,16,1.0,0.6325659072362009,0.6325659072362009,313.6409906960716,208.98834898251812,287.97155691538995,188.76952344470067,217.48295580884152,303.2511292252538,238.7123732456701,258.2790045333776,6.223398693130535,8.739319752021023,6.297486954379937,7.774238380020058,8.643279471571242,9.1539359841755,8.758907588153948,7.048863600620059
dc86453a.qasm,512,232.4684939,success,16,1.0,0.6325659072362009,0.6325659072362009,2557.6583758100132,1865.4493487078832,2257.3071786518494,2347.014616757378,2107.3033473402024,1676.3068998273511,2389.9010244828232,2277.439030277415,14.552483173795611,13.480544397439184,12.506468815917371,8.303433991019839,16.67941429772777,13.202390865748077,11.86857579894282,10.612529731081985
de690b52.qasm,16,1.2104143,success,12,1.0,0.868646786841356,0.868646786841356,1.200442134818977,1.2076920699859555,1.1837650189848867,1.203387495231843,1.1985558841587112,1.1933032480178258,1.2074544408373977,1.2089834167951485,3.326540232820464,3.7480965878633405,2.301667555048671,2.576632007004965,4.048794278179621,2.5005446561063285,2.2338638699288524,2.6687925556194
de690b52.qasm,64,4.174748,success,12,1.0,0.868646786841356,0.868646786841356,4.144749400495023,4.1624956696854944,4.111851507882718,4.0805973547014265,4.180762242091042,4.102729091171236,4.183239290380409,4.184962845334842,3.9524723771253725,4.1819486626901,3.3959778559610156,3.4938165249616557,4.193608161222735,2.9127063077158164,2.7546714079587598,3.5555666204282286
de690b52.qasm,512,92.09334020000001,success,12,1.0,0.868646786841356,0.868646786841356,93.06033893301266,91.06316611250858,92.39469541807993,92.83077934962358,91.2155188093218,91.63621065017257,91.89088206005628,93.28216957044378,29.301859847468187,26.023614825871757,24.94759043180925,36.07882764166118,20.73983691314345,22.526666387530014,17.412405913516185,27.357543262088384
deb00fe1.qasm,16,0.16799240000000001,success,6,0.9642857142857142,0.5315827946137407,0.5125976948061071,0.30742473543384513,0.28149588998843805,0.2812611503600414,0.2703573752476912,0.27613884787246545,0.3067932694932409,0.2791941592638542,0.30146814183879395,0.29410946500547513,0.3231447544389419,0.21662038285778587,0.25239340874916155,0.24449686445302315,0.2526104552394234,0.22651524173522436,0.22841365338198272
deb00fe1.qasm,64,0.5832587,success,6,0.9642857142857142,0.5315827946137407,0.5125976948061071,0.5658211093886552,0.5194989367268468,0.562946122295172,0.5329443300132498,0.523587770812336,0.5392239372115982,0.507787899223581,0.5992409048438626,0.4937800407870265,0.4693814376006418,0.5719870904940311,0.5190002875136068,0.4901434939053276,0.48016182898201726,0.4642357640663591,0.4778792314671715
deb00fe1.qasm,512,0.19616600000000003,success,6,0.9642857142857142,0.5315827946137407,0.5125976948061071,0.3160862752468261,0.30586706541928493,0.3211951722731794,0.3118347293763183,0.30431217950002976,0.3496882741342716,0.3000317570405344,0.35230011335659284,0.23156658263554378,0.2760742472869211,0.21968795530733548,0.2658258912246265,0.22938530274176153,0.23413617614339766,0.21293578873362393,0.2194122599727475
df1a7a89.qasm,16,14399.999999999989,timeout,12,1.0,0.736011289433544,0.736011289433544,8198.236143294087,7591.3099886516075,7276.328591967969,7914.473891726274,7973.059609318901,7677.339179797644,7707.558729561273,7783.204748537513,55.40204267611553,65.43543230157113,47.23701078100548,44.621934406157926,52.78688262392203,74.41609294531213,52.95818332762622,50.432055810822135
df1a7a89.qasm,512,14399.999999999989,timeout,12,1.0,0.736011289433544,0.736011289433544,8500.056359287308,7607.459387181221,9188.072508625763,7993.039142176772,7984.916549676208,8608.181718696773,8130.897111521841,8283.435150812591,302.8606104749296,348.5131549825549,451.9482564597312,166.62358608176893,215.55670792703512,178.83560726701953,113.14826227391933,192.00277782917206
df43c2c2.qasm,16,1.8799254,success,23,1.0,0.868847020060346,0.868847020060346,1.8837016992036273,1.8737213702991422,1.8820437694415757,1.8861620779606618,1.8705650602556114,1.8849234248676872,1.8870926452989538,1.883231233480412,10.97798283472585,12.349323396760548,8.329819403706107,9.772920322663387,14.853146820688211,9.2191942792914,8.679285547234882,11.13482257959326
df43c2c2.qasm,64,11.393904200000001,success,23,1.0,0.868847020060346,0.868847020060346,11.314028720448402,11.29614478949456,11.331705043728517,11.330225079432767,11.288949167722718,11.319196102341163,11.374876070920099,11.262881540358626,10.639830017380048,11.05854388757687,10.81274268682018,11.123403407959543,12.933948334783837,9.706171377575986,7.856307018461563,13.198333503970726
df43c2c2.qasm,512,464.5924747999998,success,23,1.0,0.868847020060346,0.868847020060346,463.9174789972816,466.01823125839866,464.48737272066546,463.08017032160706,465.32725863908405,466.25393019476775,463.18997352283077,464.81689375853904,162.5477990825578,157.80619969126604,121.994200251273,168.376123630006,136.06162168717884,171.82496179197236,106.18757417702396,310.90327112250543
df458745.qasm,16,1.3833654,success,64,1.0,0.46648833522962824,0.46648833522962824,19.18973000430249,17.06100214277356,25.94830495619445,21.938022307523127,23.496233004932183,15.551045161413555,23.330553795308372,19.46653832302122,6.6184041262370625,7.1352246002496855,8.425027232612246,9.611429042738035,7.886126727982328,6.716047913820869,7.148100573867943,6.28002866201208
df458745.qasm,64,2.1396599,success,64,1.0,0.46648833522962824,0.46648833522962824,16.23694487763736,12.165644506180671,20.1424249101089,17.17408856014882,16.00025892476159,13.526426673203893,14.660715335006739,13.350878380164167,6.60134873359822,6.341388917853742,5.884084808217437,6.294406657103211,7.091378350371404,6.388769282124263,6.3084554749329405,5.095299929219867
df458745.qasm,512,1.372099,success,64,1.0,0.46648833522962824,0.46648833522962824,74.64024971177163,41.70818209844706,48.12447550588155,61.17374492173928,56.83180039748185,39.593361955690604,49.99547514052511,47.549896129694,12.050545781199585,13.23778272337809,9.389247042600282,19.1217522053053,15.850383854380416,12.268674062187571,11.18173305988771,11.543171546015389
df75e229.qasm,16,2.3211752,success,26,1.0,0.869328183035348,0.869328183035348,2.3145638535032256,2.308001292221143,2.3217495645639783,2.324841725783668,2.329291299857702,2.322061612727813,2.334316822136167,2.320729038545794,12.954919281313513,13.219087442455113,8.709983855481614,10.009372530929747,13.800776830578554,10.495912588851963,10.35151643111642,11.914461454651526
df75e229.qasm,64,16.271500999999997,success,26,1.0,0.869328183035348,0.869328183035348,16.345945211093856,16.217085680491767,16.26996527255703,16.372414765186218,16.257438196460363,16.289959243644304,16.262982710065916,16.312894976512183,10.504118927120947,10.196302112779051,10.676073143832644,9.613103885676116,11.357185165921843,9.999003974020798,10.168897774071183,12.344183863588004
df75e229.qasm,512,651.6184142999999,success,26,1.0,0.869328183035348,0.869328183035348,612.3546478971533,596.967238323146,525.5793760087772,543.5394830294877,586.0898807839114,532.8781232263082,533.4005799890649,538.8403772036665,134.4467408071085,135.31065839721492,91.51165411030637,125.63137923307812,104.59505072653151,117.699221290591,121.88449608538697,223.14248428035415
e10d312f.qasm,16,7.8625378,success,128,1.0,0.4255209087921518,0.4255209087921518,243.24996080310993,268.5232887996555,171.56489093124463,151.4493227261418,212.97497080764018,177.26088845277846,172.91402167951406,170.754699626035,6.880305877208784,7.191085694352075,5.573384191746365,6.305007606509842,6.362779936156352,5.975182021558468,5.671254585863129,5.355128817561992
e10d312f.qasm,64,7.698335700000001,success,128,1.0,0.4255209087921518,0.4255209087921518,125.60496192487173,169.60606778399912,102.2967712177533,91.64774709532699,115.20288935155708,106.53820816501077,104.35821254082259,95.94247845551041,4.103640046943133,4.312807999634343,3.607929822791415,3.8035885758322694,4.185295152161177,3.676817039735506,4.191234956733213,4.03313858094089
e10d312f.qasm,512,7.852639099999999,success,128,1.0,0.4255209087921518,0.4255209087921518,1662.7985628556744,1208.8039538066191,1161.9140835255903,1804.1038440030625,1476.582652760576,1174.639435030776,962.2931309647087,1153.8960899783183,8.847735403982991,9.036871884848473,8.749933500773265,6.508394594979515,8.662419613100406,7.658392421034481,6.063040867393652,7.135098486079819
e260fc6a.qasm,16,0.1742876,success,16,1.0,0.6947441602030736,0.6947441602030736,2.6664893595038848,1.85696367156689,1.5753447693684355,1.7731725180187816,1.6875243769542545,1.8068663020729736,2.0057790800223674,1.7322822359069765,1.2742509739288708,1.4905133764516725,1.8803422369282123,1.4785275772989948,1.952741218507733,1.872832692536667,1.7299877568352766,1.587851720823773
e260fc6a.qasm,64,0.369846,success,16,1.0,0.6947441602030736,0.6947441602030736,2.836836229047711,2.9629380221818686,2.796330358925635,2.4634429536729785,1.8563480918296098,2.603783434640641,2.7228699201495847,2.5319955850128957,1.6792498853631017,2.0629660314600025,3.2603101796229543,2.331557105148809,2.1358551907970043,2.463068163682256,2.8466259822068123,2.1735382536213246
e260fc6a.qasm,512,0.1705179,success,16,1.0,0.6947441602030736,0.6947441602030736,12.07206315737032,10.273537822437659,6.4953547869451365,10.589641092624529,8.339642167464007,10.7760894612249,7.935585131703564,9.18171696092095,5.277808827700789,7.639687067296273,7.2822423275428045,6.3097623225442,7.57376423881661,4.507731919799713,7.72612870234685,6.648412898866584
e3863462.qasm,16,9.1420229,success,28,1.0,0.8392817508634642,0.8392817508634642,6.933838280108107,6.85033705833169,6.98461619642252,6.640127567348557,7.040838790046898,6.693056636346154,6.82978361452875,6.604415491449462,0.8437860092865654,0.6389681243906743,0.6502515228681576,0.6455814694534822,0.7579624257834686,0.5790932436250502,0.6803829381528878,0.62036215042714
e3863462.qasm,64,36.23688700000001,success,28,1.0,0.8392817508634642,0.8392817508634642,10.014724413464752,12.629241091724337,14.138691516223371,15.16667911058645,13.854112093018164,16.56339673681668,16.167603198728454,14.54328405279813,1.115496463231751,0.9004954611343426,0.9254862440180902,1.0215451510569815,1.1334812736279285,0.9121225214732838,1.1428079164691232,0.953037361170008
e3863462.qasm,512,3105.4514809999987,success,28,1.0,0.8392817508634642,0.8392817508634642,1236.7214208751477,1134.3276539512417,1475.5171175085707,1331.4318636256496,1206.60219176281,1433.7549132197646,1530.2741626312018,1293.829724767931,2.2279408985338516,3.062744288643935,2.5801003108840974,3.0031034931620932,2.7390145598385707,2.0161847247318367,3.197599666203726,4.2404673310332734
e3b97044.qasm,16,2.6052131,success,26,1.0,0.8687617001608356,0.8687617001608356,2.5659009887311415,2.564471812986865,2.5669550554238545,2.5632838548548786,2.56934795157023,2.5723087630593824,2.570824836525674,2.5736317342615997,15.025879738938222,14.918335595045884,9.811019602791882,10.583110695902542,14.934515880846808,11.924345756333386,11.597015342062956,13.556597975246863
e3b97044.qasm,64,18.3742898,success,26,1.0,0.8687617001608356,0.8687617001608356,18.458901955873536,18.459221487144852,18.46649341599901,18.46991707866872,18.471788911844808,18.457224932106808,18.435332166581805,18.592329033706957,11.891446645449106,11.9135617305704,10.949687519094006,9.509144959815476,12.995743856862937,10.645094172024459,10.946348776950972,14.187659755465067
e3b97044.qasm,512,703.2050625,success,26,1.0,0.8687617001608356,0.8687617001608356,711.6602227874679,710.5598852757975,700.686560998028,707.9756887027875,713.2441799517021,706.5350202536043,707.891639570854,708.9089925511603,133.9899594436609,151.98355533667907,96.85450490028623,108.51948007198253,119.53738781933303,122.72146691112637,137.0250788098954,259.27028992321345
e4a4359e.qasm,16,137.77012070000004,success,50,1.0,0.7394019947897874,0.7394019947897874,199.76251041407312,199.78367932709068,197.76209559152673,196.7296431184097,198.63154425000647,204.04256561099587,203.00387572029052,203.76377826219468,56.78233957592087,48.34767386971223,28.780932717821948,64.15543609479859,39.860157947690894,49.82900182447542,64.83128033846633,38.371721008195905
e4a4359e.qasm,64,6.0091114,success,50,1.0,0.7394019947897874,0.7394019947897874,8.183457161943565,8.292360292384899,8.226740235101932,8.211613841793103,8.315076246452744,8.282296650992816,8.367663315096653,8.122214775274074,4.9083733114705295,5.118995649787334,2.996759173204785,4.831099235571578,3.53974049804096,5.66789764489073,5.366206818132076,3.673817922649845
e4b50619.qasm,16,0.17564289999999996,success,1,0.5595238095238095,0.6270733437172544,0.35086246612751143,0.18669821053756286,0.1850931517312871,0.19058225311917593,0.18614412730980517,0.1863024047539198,0.18676500444700092,0.18794653524740879,0.18720525007530417,0.25130557293851136,0.23165646077829932,0.23378874144638562,0.23515428796057491,0.23143510426610964,0.22927977140491118,0.24701583485509684,0.23869349454516797
e4b50619.qasm,64,0.2854015,success,1,0.5595238095238095,0.6270733437172544,0.35086246612751143,0.19209522543751692,0.2083603500725708,0.19785623305135527,0.21036379345673153,0.19986193197185204,0.21632742036769445,0.20450050082371804,0.2189338155429497,0.5212135699798095,0.5344155887799259,0.4656631498087294,0.5407438447057682,0.4935505384161456,0.5667803980744037,0.5269118729356519,0.5670667473347408
e4b50619.qasm,512,0.1787359,success,1,0.5595238095238095,0.6270733437172544,0.35086246612751143,0.18681434291940033,0.18579296033425327,0.19365250856578065,0.19097161314087968,0.1883968986245393,0.18716430114648214,0.1869514032741491,0.18898614631820929,0.3509330695525894,0.2828379402995166,0.2955229299608006,0.26758663034602864,0.30721298333877134,0.2990307412408304,0.26920792577127695,0.2891922010383853
e61acd2b.qasm,16,0.5875065,success,6,1.0,0.8718472902625239,0.8718472902625239,0.46549688998695166,0.46597263977749437,0.46840406579885113,0.4691833593915071,0.4663123798068392,0.46711189610621134,0.46736124628266645,0.4682972530655408,0.8586340649768728,0.7873538672392048,0.7598547716818059,0.8217550478056677,0.7901728241496917,0.6005273484942063,0.7982364616297066,0.8073777086517894
e61acd2b.qasm,64,0.340524,success,6,1.0,0.8718472902625239,0.8718472902625239,0.344816507544659,0.34525043644181486,0.3429439587954988,0.3446488253954829,0.343389979725126,0.34381234426103074,0.3440622187229013,0.3425114529109006,0.9495195815259143,0.9999881015528056,0.8150832207224448,0.9506185554176982,0.8063971403231374,0.6728074957028303,0.7553181032265491,0.9401579693181816
e61acd2b.qasm,512,0.3418323,success,6,1.0,0.8718472902625239,0.8718472902625239,0.3456909617155464,0.34384089400962226,0.34561936998014464,0.34429759153634293,0.3443199740894414,0.3443232095769076,0.34465750178996796,0.34356114669707427,2.8793694167646895,2.695690718166421,2.6337078295791887,2.791118806868581,2.3477603954908504,1.5790516042734446,2.0203003964444135,2.1121126196175126
e66c3381.qasm,16,2.1967006,success,25,1.0,0.8693092474774202,0.8693092474774202,2.189621925883214,2.1898609806352756,2.1954350128321565,2.194754641165481,2.189193652681948,2.1942850245568692,2.197655246909261,2.1959980325057344,13.388293002465016,12.58002651054663,9.407403141049123,11.771392723446446,15.396228872500913,11.840302115827168,10.302102072989044,12.05958115121635
e66c3381.qasm,64,12.685679599999999,success,25,1.0,0.8693092474774202,0.8693092474774202,12.607378057358257,12.60869686607151,12.645423199069729,12.65397355445119,12.621212563466896,12.605320081212577,12.623527501444235,12.587065577929756,12.3069552448725,11.646578112165695,11.97479999925259,12.017819915758546,15.176122236947247,12.304622453275522,9.317140692373682,15.019748854818504
e66c3381.qasm,512,524.5309873999998,success,25,1.0,0.8693092474774202,0.8693092474774202,524.8128506120304,524.5371961743059,524.3903481898368,524.496848567996,524.7084443783906,524.851551934862,525.5149796723313,522.2083314014606,175.90169178460786,173.77496260590218,129.6141367871276,181.6672465319619,163.16285378373018,210.8936753376203,131.4529702810409,383.1297526786847
e698c12d.qasm,16,0.22370250000000003,success,2,1.0,0.7435401024680521,0.7435401024680521,0.19467766628470984,0.19872891376383267,0.18863609899773331,0.1891440044902755,0.19744260619246096,0.18908348591071963,0.19261295555225752,0.19068004554079473,0.19139452771786358,0.1863454872617191,0.1871880945890285,0.18978688757843626,0.18869734835727875,0.19051015324000095,0.18966854442841638,0.19071314239591222
e698c12d.qasm,64,0.1696466,success,2,1.0,0.7435401024680521,0.7435401024680521,0.1844663988944453,0.1866717612534116,0.18014507836022525,0.18307809994578875,0.18744113314778957,0.1840705937040606,0.18169919995336575,0.18450052588094418,0.2011436079240853,0.1915241403779665,0.19145847302324942,0.1933448202040039,0.19729353455528872,0.19183587685060144,0.19487212660428177,0.19601634341470192
e7296260.qasm,16,2.4096041,success,26,1.0,0.8695918106135307,0.8695918106135307,2.3687170038881034,2.3682307915286094,2.373982099703419,2.3648355522648736,2.367589089110918,2.3679502044868346,2.3738533274149956,2.3706159852001516,18.909453720259965,18.508805048838123,12.702798177357263,15.249380754147776,20.027404616258025,15.940634949144652,14.534367429169203,14.892749985950369
e7296260.qasm,64,18.1512398,success,26,1.0,0.8695918106135307,0.8695918106135307,18.2019988465194,18.164028638255054,18.187566976885403,18.16116163234003,18.162720172570832,18.101823048834667,18.210938046208945,18.152707160004102,16.707557397434577,17.12555978678387,15.467827019629478,15.668979497813611,20.70920437468862,18.491107253352716,14.994809222777569,17.517426236678318
e7296260.qasm,512,839.2742018,success,26,1.0,0.8695918106135307,0.8695918106135307,720.4387666202726,703.2972310126784,735.3556641660863,716.3298758722304,700.9447749678184,723.8656377100712,717.2983612133124,705.1775134215769,265.6440683624742,265.446916492543,186.58707902880772,243.03734803363028,250.73208459690605,313.8889623782135,233.91441013214987,474.04114261213385
e751ad87.qasm,16,6.030250200000001,success,128,1.0,0.46089979628828087,0.46089979628828087,90.1919059369954,69.87658504361917,80.73333569468465,89.39596103830742,100.92929186479645,74.93037715581538,104.47729618753169,69.35881289210636,3.610042822465476,3.7147444713406563,6.673246917171315,6.894012209764667,3.155747677740439,5.731474457013485,8.692328512583083,6.789546677432959
e751ad87.qasm,64,3.9561276000000003,success,128,1.0,0.46089979628828087,0.46089979628828087,17.822951765073153,16.229940910953374,17.37490919391646,19.940298256957853,18.66413143149673,17.449258586331194,17.189900103660886,15.373473834424614,3.5507001858695943,3.352894187385548,6.551562448758336,6.704078267115287,3.4437805874735963,6.618392333545489,7.545681613028781,5.56136908632749
e751ad87.qasm,512,5.8737042,success,128,1.0,0.46089979628828087,0.46089979628828087,29.59988826984999,24.756469908797484,27.797093244635157,27.767846915574697,30.531472149107497,25.5727085711568,23.972362050735548,24.70599078900943,9.77696824516048,6.878528781835411,11.85199088658249,7.786183959621916,5.097711489237487,8.161098884674557,8.978163868040067,8.566784184527041
e7540ce6.qasm,16,2.967996,success,26,1.0,0.8693386279209554,0.8693386279209554,3.1619870631825187,3.1753935810952703,3.1522247804466934,3.1380143155403903,3.1707556965038872,3.1378522216439166,3.208645698373227,3.1518460005069517,26.443156138531137,27.52290579422221,17.286164422684696,19.385480891851014,24.71891003541043,19.989457973844246,20.353112379260914,20.833460898026175
e7540ce6.qasm,64,23.462013599999995,success,26,1.0,0.8693386279209554,0.8693386279209554,25.334344654740644,25.583566166710057,25.620725979551917,25.409423706772746,25.36759120747449,24.484301304515633,24.769951805823634,24.52130342776379,22.167684864901293,25.17542337887349,20.792281047901703,18.399085851685765,22.923080523558966,20.41517730487854,19.546195531418654,24.100695875927045
e7540ce6.qasm,512,1121.9413080999996,success,26,1.0,0.8693386279209554,0.8693386279209554,877.7960101511565,878.6584174473743,852.1933810550701,845.4335894760934,911.8011542118727,861.7391674381219,875.4709385684802,864.2234097032025,299.6697268810958,414.67726454029906,263.1238226982167,259.0453398188232,269.63118280371134,394.33349732571844,355.21428040542503,750.0171753581302
e815593a.qasm,16,0.18724260000000004,success,16,1.0,0.6772410510701898,0.6772410510701898,0.34218384751187164,0.37667793682686723,0.4560518081911322,0.3965975930483607,0.4089893787121411,0.34356937423597017,0.3826174651156347,0.36702388218232984,0.42624983814956824,0.4125671658716684,0.49178878349312316,0.4139387029813879,0.39376112885667797,0.4597748763877634,0.4331963142911643,0.4467727201142724
e815593a.qasm,64,0.2779193,success,16,1.0,0.6772410510701898,0.6772410510701898,0.6172174904825659,0.7109047214017469,0.7861512283729494,0.706617700758994,0.72743184861133,0.6066251111899119,0.6527618743960304,0.680815819157564,0.55561916103142,0.5048482610130554,0.6398999257959654,0.508954116569091,0.5421914433183547,0.5796623633154708,0.5249006642711824,0.56216781801086
e815593a.qasm,512,0.17562649999999996,success,16,1.0,0.6772410510701898,0.6772410510701898,0.607335930126999,0.7341298260330476,0.6931676246858458,0.6340930340982287,0.7450779089718617,0.6756872542012115,0.5943511767512173,0.730395586653624,0.41010056419264684,0.3888093761434887,0.503037822608054,0.436240954945388,0.3693167917314322,0.5203408590973928,0.47934029380696613,0.48664095347271663
e893b1a5.qasm,16,29.4305108,success,33,1.0,0.7621289636336767,0.7621289636336767,21.87906782674605,20.76670002254405,20.861216854827695,22.288124899145984,21.79988012839938,22.01225803512892,22.285015838968256,21.79441184825578,41.432028355696346,46.04786170117952,22.21701730473368,46.73586780730369,26.478429467669645,44.98595909660087,57.29006691335847,36.22302444242319
e893b1a5.qasm,64,2.0071979,success,33,1.0,0.7621289636336767,0.7621289636336767,5.354782443213354,5.144408379378635,5.026766319098575,5.931070490635873,5.786917802621012,5.51135585633212,4.963201233297294,4.757077461626932,3.468290421964052,4.125196756286978,2.178273954558384,3.5808560187127,2.543441961856199,4.5536257044423865,4.6448914980572775,3.870199273232378
ea801020.qasm,16,309.4653601,success,128,1.0,0.45737719889676054,0.45737719889676054,107.17399271366115,102.5380654104996,102.79034258921956,104.91422524985272,105.02582132027933,101.97941012753128,101.55960972558688,98.85989586105589,4.688886233152501,4.910041726139211,7.951513251733066,9.19683976875836,3.402549485356456,8.690325017328725,9.058354139582292,8.655231835072716
ea801020.qasm,64,36.0080199,success,128,1.0,0.45737719889676054,0.45737719889676054,14.980204165144977,14.513662541779974,15.18076989437634,14.59269002141529,14.157123710938052,14.133047834989224,14.418004248291995,14.267544626802028,4.173241769627876,3.531092293660931,8.147448216855889,7.317633536374034,3.2198915543662308,7.764198161407446,8.160723040527088,7.047094609328805
ea801020.qasm,512,230.80005270000004,success,128,1.0,0.45737719889676054,0.45737719889676054,119.88747286754892,119.98957471256054,111.4430929983117,113.25739431525487,126.77933610473315,108.57295826090825,109.51818765719936,111.37402740485068,8.784858899267576,8.801703363661678,16.074275615413754,8.768412236792807,6.0514376162424295,10.213376302946115,11.952125615112939,9.895157940086342
eb153d64.qasm,16,0.181782,success,1,0.07505183974136141,0.406677633203598,0.030521904553592598,0.1762690937651933,0.17784627786061089,0.17775756040822133,0.1791374171072065,0.17614730793271843,0.17592147931086663,0.17904631814314623,0.1763975655672385,2.7068628031909863,2.580934401901844,2.3166725142571525,3.2189581535742753,2.4432179114316384,2.286095431244488,2.0230026656817124,1.8865817205131392
eb153d64.qasm,64,4.883056699999999,success,1,0.07505183974136141,0.406677633203598,0.030521904553592598,4.437393739858664,4.53318986628066,4.405373978704914,4.340740896901563,4.557304736871246,4.482882599682122,4.433870158299005,4.490419737700075,4.12881804874373,4.734272345839506,3.539477887401687,4.606334630209196,4.967102875047158,3.651402678591584,3.2582322673474753,3.4313137641067266
eb153d64.qasm,512,0.17385960000000003,success,1,0.07505183974136141,0.406677633203598,0.030521904553592598,0.18032001923310154,0.17760189181221947,0.1806290297439133,0.17977382087883786,0.17766061471594666,0.17421029340562846,0.17968733865145603,0.17908384369607364,4.988505898710241,4.365704006186036,5.054097311117067,4.456370096820214,4.411981357798129,2.650378872044093,2.392862115593735,2.8533623806296498
ebb0ac17.qasm,16,1.1353584,success,8,1.0,0.6649049477329522,0.6649049477329522,0.2738580637621402,0.2894355694613727,0.26983977291574424,0.2638823299301146,0.25972879513086816,0.28636493616352904,0.2671406920032043,0.28736184261483166,0.6047403498850601,0.6389774023153644,0.5654748266611828,0.6139998869816053,0.7153242444960037,0.5697682982430986,0.5480628444558866,0.5851211983593768
ebb0ac17.qasm,64,1.2178021,success,8,1.0,0.6649049477329522,0.6649049477329522,0.32013738585202584,0.3338711947102806,0.3260300790431763,0.282686841253401,0.2986175659304251,0.32457481254451703,0.30922757249792604,0.31539630432422405,0.7808390608769226,0.8082082099394581,0.6785531524421822,0.7537276929705903,0.7722508640333524,0.6839222720695789,0.5764021349182116,0.614649174566626
ebb0ac17.qasm,512,3.070161,success,8,1.0,0.6649049477329522,0.6649049477329522,0.3032682566925833,0.32189349730560646,0.2847592250204193,0.262823067471729,0.2828262306616007,0.31681297971881306,0.30082486717786616,0.29839887664802933,0.9258789603696569,1.0801321842419,0.8116047257442988,0.8565211633553665,1.0339496486429673,0.8237423499608943,0.7554368928187128,0.776671503107089
ebc18fd7.qasm,16,7.6774203000000005,success,127,1.0,0.7377934437809908,0.7377934437809908,17.797364493203496,24.92771254656063,15.7252574068229,12.329885734919413,19.97773550256487,16.90546852426156,17.035634404280184,19.482260474587953,24.309551628025453,19.63473226840733,20.041088875307125,19.10739424622779,21.72105858071835,16.057045055512145,20.565641137751857,21.498792791411187
ebc18fd7.qasm,64,2.5845105,success,127,1.0,0.7377934437809908,0.7377934437809908,5.321526955213772,7.229676159256016,4.38712649944222,3.708615904864455,7.1438366894978484,4.612336380816228,5.220006734954433,7.109515064487824,7.495693405184036,6.006853280598099,4.459173021384409,4.2602924897535415,5.904275139262575,4.254194501273675,5.296357252508769,5.613130457867453
ebc18fd7.qasm,512,7.634144,success,127,1.0,0.7377934437809908,0.7377934437809908,25.81599804207844,48.22910629566172,49.18238112481554,41.55153137856615,41.952704300396704,45.52501670532723,48.48979280854225,37.18572424028715,28.769756324081392,43.076177206402605,23.569365275599683,31.41715500894129,35.68939696791117,24.414180068489294,50.218906864495565,49.864724221406355
ebc3e166.qasm,16,5179.478907899998,success,37,1,0,0,1083.476861081913,953.4509052146657,1394.855629978344,1301.9740008682102,1143.6555861346699,1374.6094574588535,1211.8751386728793,1032.3046825634422,37.029260241850416,59.40883475181685,51.963688347703226,79.80851970486198,29.08933001887845,98.33410315582454,71.93709606963647,61.9410535269876
ebc3e166.qasm,64,595.4877102000002,success,37,1,0,0,353.78172484907213,323.87599761486763,499.0361141829661,469.50285617866217,427.2266245553999,454.64024317352795,462.62646977132897,399.8413407782022,8.57719491613145,14.002749143153581,6.736706181946682,12.710035964905122,8.110113892756905,14.793702162983477,13.337166453797233,13.595291830716109
ebc3e166.qasm,512,14399.999999999989,timeout,37,1,0,0,4167.626067650501,3845.179867289161,4033.496496266622,4598.159242793962,4233.80643487618,5087.874192474259,4327.147098034212,3866.1272527957394,250.48930381123935,313.4663858460266,254.6602945836808,217.01540148599364,52.29398293512165,216.74145362366997,91.08053399720578,154.77881651789892
ec70915a.qasm,16,1.0359822,success,28,1.0,0.8715192362969626,0.8715192362969626,1.7342607158047592,1.63763384942161,1.7212953420197656,1.5987590579203024,1.7584588318656327,1.6367215018719026,1.7079674167636643,1.725744992183994,0.4506290156729564,0.4306693760941631,0.4021825547224442,0.44440565401296617,0.5606415031245594,0.435509858889101,0.4983225554445271,0.4019630552097465
ec70915a.qasm,64,6.390665599999999,success,28,1.0,0.8715192362969626,0.8715192362969626,2.6334066442809325,2.636523353654822,2.2293753068708946,2.3939094227247946,2.6640854890675665,2.516979435057179,2.763067090544777,2.796853068173957,0.7537305649862215,0.707264214076219,0.6246289728785138,0.7238761633753232,0.8755194552250148,0.7884730197007109,1.10080512334199,0.6945561628839821
ec70915a.qasm,512,196.3373207,success,28,1.0,0.8715192362969626,0.8715192362969626,267.9865246322951,258.41677211115655,237.27857944540074,261.9561339941687,288.63397957445665,262.00915376129956,285.39831607520705,271.4933101572877,0.9022891732286142,1.2584502912317796,0.8178268501242724,1.3537342812234843,1.5817268401896745,1.3558017191983414,2.493287813903045,1.6593988118405059
eca6fb66.qasm,16,2.0567893,success,25,1.0,0.8691634132798365,0.8691634132798365,2.0735295687843047,2.0761656195075164,2.0733826999539255,2.0693125206414678,2.072484904272144,2.073625749589014,2.071537885482907,2.0723123092201585,10.462638046181237,9.426755348401503,6.749108171513019,8.874845487565372,10.981010663412885,8.352104365442067,8.102916768985205,9.891124350931886
eca6fb66.qasm,64,12.525143000000002,success,25,1.0,0.8691634132798365,0.8691634132798365,12.507985559368523,12.518186575185364,12.500645013612607,12.420973946809847,12.543835496610223,12.453425645783353,12.484258313554154,12.468599409161474,8.739864721989708,7.57121288432688,8.356493011293965,8.842058777883125,9.518086184597763,7.9354954381623894,7.554581591613061,11.68146864057463
eca6fb66.qasm,512,519.2628030999998,success,25,1.0,0.8691634132798365,0.8691634132798365,498.1825860257526,499.89669925057336,498.77765293047844,500.34200611940605,499.84977722271867,497.1573938531676,500.14763264153504,500.51007488102607,107.24617890815772,100.39018212710344,72.14941839293671,105.53008090647094,84.73800629168024,109.3786281710048,86.63536453264273,195.97298478295073
ed52defd.qasm,16,0.5929218,success,6,1.0,0.8715120286798537,0.8715120286798537,0.58074537046544,0.580188814285879,0.5608830449432501,0.5663523088901838,0.5732750158275839,0.5523944078187106,0.5706693193747853,0.5639633514348157,0.9717019795540298,0.8976523575584106,0.8697342959993776,0.9737471028209891,0.916050379367295,0.7300991215525028,0.8809830934901037,0.951706988509651
ed52defd.qasm,64,0.4510283,success,6,1.0,0.8715120286798537,0.8715120286798537,0.4497033862963818,0.45079031920775775,0.45653198967300634,0.4531425509802588,0.4450538046550734,0.4543964590387447,0.4519743494288525,0.4489691704232597,1.1301104522169962,1.1171406513437052,0.9752570577295393,1.1466108075797323,0.9475988232547778,0.8259571997822498,0.9383331401381112,1.2191256948875668
ed52defd.qasm,512,0.4499749,success,6,1.0,0.8715120286798537,0.8715120286798537,0.46765279333909754,0.4742038291773507,0.4653353838640183,0.46895453093374173,0.47268118164632944,0.46858837228467426,0.4750086517311979,0.46535749656480396,3.850009259006752,3.3843820466477146,3.869585683245688,3.831997967287897,3.181512639717051,2.2443992884467416,2.660071235019312,2.889756800354409
eefd994e.qasm,16,2.240148,success,25,1.0,0.8694094136498731,0.8694094136498731,2.234866623103811,2.231519860655018,2.21633587937304,2.216298833460303,2.2290124408798877,2.2174445853982796,2.213075141282448,2.218779293995003,13.315226031381268,13.014292190358308,10.055009111793444,11.979924594629342,15.98555907158549,12.367889142728249,10.697470140942396,12.282828881366264
eefd994e.qasm,64,13.1561919,success,25,1.0,0.8694094136498731,0.8694094136498731,13.003843123361424,12.945110317876818,12.625736210425725,12.755152686773028,12.933451210308458,12.56910173433123,12.57554612359133,12.611277725688666,12.331955107561045,12.048585391855239,12.725241600855204,12.1842298740129,15.348657992701877,12.82945640711836,9.891764586893855,15.56534316630989
eefd994e.qasm,512,565.6982321,success,25,1.0,0.8694094136498731,0.8694094136498731,558.164176414747,557.8734769014809,558.7895684559346,551.6621300951301,555.8342478061059,554.983829847785,555.8975602577236,553.5313615250233,180.92146356241014,183.97399891635692,139.26494769484813,194.96676988964296,176.0103394482135,224.76374572165912,141.922920728831,386.76237299787084
ef8d10d7.qasm,16,3.2810824999999997,success,28,1.0,0.7209893175420519,0.7209893175420519,3.6583266887019903,3.6804772087766113,3.612765956734022,3.441644230094405,3.414808486453867,3.321055680400467,3.4674999172637735,3.4521272501038514,0.6506269027220957,0.5560460434181403,0.5916827290662863,0.7797442925820034,0.6055885569111076,0.6372774402545867,0.6317228088750931,0.6952770517564719
ef8d10d7.qasm,64,0.3767518,success,28,1.0,0.7209893175420519,0.7209893175420519,0.5066264474684877,0.5281819740065149,0.4912865828616982,0.4886460949963001,0.4899504529550468,0.46718026317084366,0.45215787337962693,0.46967469988000027,1.1011619005387054,0.9582180072500465,1.2395775571777152,1.4111876683072018,0.9669112513414273,1.1039930800076916,1.1762635833420683,1.1377971659008852
ef8d10d7.qasm,512,630.5900887999998,success,28,1.0,0.7209893175420519,0.7209893175420519,651.9641926962538,631.3975374683637,600.6502825750681,579.4123898279872,556.3736784837837,446.2292596531716,561.6228112314056,609.385562949552,1.5229647359320149,1.9589013245286357,1.6608549725903736,2.3905909411623756,1.7292872736921636,1.9831950877907176,2.0604322142360987,2.262340709298405
efafd44f.qasm,16,4.6616661,success,2,0.2820180267760913,0.7433162470698773,0.20962858126925635,4.078070708376081,4.0234169982933565,3.0410677440589264,3.4440495035898833,3.47586856209699,3.6129256252987725,3.2031424966450355,3.580051853102146,0.4208242910913152,0.3531303482614534,0.43198815293149095,0.4010310934411172,0.4011223167057317,0.4105401509755593,0.41499436251574534,0.4449605162210763
efafd44f.qasm,64,3.6616828,success,2,0.2820180267760913,0.7433162470698773,0.20962858126925635,3.9018138357147945,3.810230094459106,3.030162962477651,3.270083803336595,3.3997461880573585,3.3795865786350494,3.2141757431100726,3.380640081541417,0.9614415566041686,1.143700822406497,1.062005445419182,1.114520478026903,1.111821706835839,1.0837838551698826,1.0701454223030313,1.2732398698252942
efafd44f.qasm,512,4.7884434,success,2,0.2820180267760913,0.7433162470698773,0.20962858126925635,4.373775893578686,4.197664678784935,3.331759660872133,3.5622586540930623,4.072159286557064,3.831676029641363,3.3466898555005637,3.632230898897019,0.5243737198021687,0.4377431377327968,0.5842624124083566,0.48785812724540134,0.40091020843945135,0.4895003354201714,0.4511363072480849,0.47338273007297943
f030e083.qasm,16,18.2983299,success,28,1.0,0.790926789039244,0.790926789039244,7.253302020943282,7.159374297896953,7.366945380461841,7.106953654967931,7.393983211465042,6.738395229215947,6.968212961368449,6.881310246285749,0.7854004881362651,0.6472091597179279,0.621902990079473,0.7453638125368547,0.6981402063204356,0.5966563951936215,0.6162706914700194,0.5576126116742943
f030e083.qasm,64,89.51382609999997,success,28,1.0,0.790926789039244,0.790926789039244,14.558546064698902,15.328685660674623,10.501569938901788,11.450540589680699,11.056080035040912,9.2183803324891,9.39680274158354,6.266835484275795,1.2149310410047418,1.0733211618286487,1.2207802642603933,1.4427240456001142,1.0782704472097575,1.0569076319977304,1.1230097170726123,0.9838120424420649
f030e083.qasm,512,6472.491164400003,success,28,1.0,0.790926789039244,0.790926789039244,1420.8869539827672,1452.820332147676,1223.064392936296,1295.3976636591765,1060.490258763076,1427.250446787874,1301.0651195425005,1261.5503902551386,2.3321322837718044,4.160450179871965,2.641268334883926,3.7646672470683544,2.587997678715311,3.190228613352496,2.435101463150899,3.046811008805846
f05a6196.qasm,16,104.72650230000006,success,128,1.0,0.4573832109462782,0.4573832109462782,307.1865524533896,275.24923710004447,283.9943309627442,272.98715253945255,295.27939021467,282.65042983141706,271.3875410776901,289.77944314178313,4.688886233152501,4.910041726139211,7.951513251733066,9.19683976875836,3.402549485356456,8.690325017328725,9.058354139582292,8.655231835072716
f05a6196.qasm,64,12.820418699999998,success,128,1.0,0.4573832109462782,0.4573832109462782,37.035435337416764,36.98816903771429,37.709106198320235,37.02258181560762,37.70851063675867,37.53092666640441,35.40883799078734,39.87509689629909,4.173241769627876,3.531092293660931,8.147448216855889,7.317633536374034,3.2198915543662308,7.764198161407446,8.160723040527088,7.047094609328805
f05a6196.qasm,512,104.12417669999996,success,128,1.0,0.4573832109462782,0.4573832109462782,174.45683627520975,152.44768940828266,166.1389498677833,159.1231412059908,167.40475268327705,173.01804740622742,169.29991001396368,151.0706519339911,8.784858899267576,8.801703363661678,16.074275615413754,8.768412236792807,6.0514376162424295,10.213376302946115,11.952125615112939,9.895157940086342
f0c5e28f.qasm,16,0.1777949,success,9,1.0,0.649134340078026,0.649134340078026,0.24907896768410398,0.23980227562736503,0.2375542157758987,0.23633150286190052,0.2336733631209282,0.2386203314146656,0.24022227708524363,0.24112998542422842,0.2878484088313209,0.34441762154979705,0.23647935591278366,0.2967028508822688,0.2734304100444139,0.2880727020864001,0.2957510453602866,0.279417526849875
f0c5e28f.qasm,64,0.16618189999999997,success,9,1.0,0.649134340078026,0.649134340078026,0.26713257717720024,0.24578238697155963,0.2653260012398597,0.25649282273562074,0.25710403776697405,0.2532619453377616,0.2631040123149154,0.2510381882766064,0.5045666225895251,0.5314744226845849,0.429176736566271,0.48637742929341765,0.4598467929670644,0.4653172745663257,0.43083386120200323,0.467064193962814
f0c5e28f.qasm,512,0.1739449,success,9,1.0,0.649134340078026,0.649134340078026,0.22757793257864464,0.24999071627551428,0.23960322334852938,0.24693334830711497,0.23134120702729782,0.25269608574702834,0.25894946626240123,0.2664105407085373,0.3854448958192714,0.5309147004219749,0.2623707742991043,0.4094092259294016,0.31779472723712393,0.34814265632606733,0.3494286541728731,0.33392778231126424
f0e878db.qasm,16,2.1514548,success,16,1.0,0.8983045020230442,0.8983045020230442,2.0789255218070157,2.0154799493874465,1.6472395532633552,1.9921536001541147,1.865815037477886,1.9391598022198713,1.6314178441369267,2.118736104113682,2.156863932081908,2.17712026913037,1.6603568483422562,1.6101637325176668,2.6444536927366205,1.5391062137599878,2.050286731933346,2.156634633991233
f0e878db.qasm,64,13.338250099999998,success,16,1.0,0.8983045020230442,0.8983045020230442,2.7600107041606483,2.6461339250555147,2.278369213004703,2.7573164764828437,2.440862273221975,2.925518559151066,2.357165114381353,2.9403122776108463,2.7301066305409645,2.455389447031249,2.1947049792955435,1.8833744389179983,2.833278872479012,2.131735447610596,2.283047348208058,2.4665692687067606
f0e878db.qasm,512,505.65583810000004,success,16,1.0,0.8983045020230442,0.8983045020230442,20.86232340202624,34.934328241782424,17.29148667959892,17.717040587333063,23.76712798606468,27.11591134632447,33.63990261277974,22.054509687148876,3.8560516538920684,3.5841637909792197,3.2226312414959,2.8289102316507213,4.033300454161624,3.5086867708751726,4.082061659175117,3.4575281975093928
f0e91b40.qasm,16,1.7400719,success,28,1.0,0.8117666049944045,0.8117666049944045,3.646716602783066,3.4919815069850766,4.004380893704051,3.670351984902419,3.7125055212814844,3.7199355719039473,3.845707245208215,3.6115291763840514,0.5779152975676664,0.5361311612048489,0.4692751482811307,0.5036898824975843,0.640502205269004,0.5283126735355356,0.5427387325715273,0.46053833727965293
f0e91b40.qasm,64,8.277378,success,28,1.0,0.8117666049944045,0.8117666049944045,0.43089973444423274,0.5656575721657451,0.762902261492167,0.7374881242301989,0.6096707454303464,0.7434227646180318,1.104879707162179,0.8250475669117914,0.8881311551133949,0.8181527228559192,0.7501187078818513,0.8016597769876527,0.9483604476950298,0.796622475776695,0.9390998047313537,0.7603995317763308
f0e91b40.qasm,512,402.45571770000015,success,28,1.0,0.8117666049944045,0.8117666049944045,41.62198107554888,54.41314537068591,59.2087884960965,72.25699346227454,74.1822932285692,80.9659981597638,74.9591334876812,68.92188991335138,1.2421123224188642,1.7197313656699882,1.1541754711407557,1.8492348083358314,1.7647301490508096,1.703512316055708,2.520408147080847,2.0735259031837914
f1167cc3.qasm,16,1.4061182,success,16,1.0,0.8688846059459682,0.8688846059459682,1.3916797868408564,1.3759407318558474,1.3834554310825533,1.381837239228159,1.3922249185552937,1.3901186886216088,1.387726246028721,1.3947168290760856,5.028948195143591,5.638434192691723,2.913396959752233,4.000747212624409,6.13129950044283,3.4811103853865126,3.917250667082415,4.16886393094495
f1167cc3.qasm,64,5.718801399999999,success,16,1.0,0.8688846059459682,0.8688846059459682,5.685512674288233,5.70149208728701,5.716795631366177,5.704616312505974,5.711855511165644,5.78247498650713,5.702020454151962,5.7137175078652165,5.5143715560604285,6.205876482809044,4.247210566472016,5.059628527679995,5.855801760791715,4.093977362118973,4.428921838584293,5.487425893336971
f1167cc3.qasm,512,134.19674820000006,success,16,1.0,0.8688846059459682,0.8688846059459682,129.5371551495971,133.86353162862875,134.03794487726725,133.14623814134453,132.88267735913206,134.42480938804644,133.3207961401052,130.00904893836025,45.070436196757875,41.518885010068544,30.39553718909475,59.14720604915806,33.48959837283666,26.72452454633846,34.82866361023301,44.17424310054999
f163436d.qasm,16,0.18145439999999996,success,6,1.0,0.8048818243861244,0.8048818243861244,0.2981200444008568,0.29980037187023,0.2667207607040333,0.2819869865594125,0.2998097186933921,0.29683192036972783,0.28337653489039644,0.3061847054688343,0.37370565750051554,0.44397742429305376,0.27106726819748717,0.28520094786410666,0.46041598148090696,0.3363913138056214,0.3073167173574612,0.32133937988199146
f163436d.qasm,64,0.2191586,success,6,1.0,0.8048818243861244,0.8048818243861244,0.25505278137527243,0.2479331412521363,0.2541965887805,0.2681208347856936,0.28205787162819884,0.26243495215310536,0.27786990820431673,0.272501090619892,0.23081893454819752,0.2458403393252405,0.22987145823847485,0.24403955977146308,0.23319518121217483,0.23146228332318,0.2488842642308639,0.22964587492578906
f1bcea54.qasm,16,1.8772476000000002,success,22,1.0,0.8684652060085852,0.8684652060085852,1.852221270502488,1.8512293343195938,1.8471086407317208,1.8538141446033425,1.8437089576827772,1.8519834190827353,1.8496021044982782,1.8503970792228006,9.996945020835048,11.990302465582243,7.713435484724427,8.80242379494902,13.870347963046013,7.2194897870738215,7.838666728880284,9.311898856676317
f1bcea54.qasm,64,10.650654699999999,success,22,1.0,0.8684652060085852,0.8684652060085852,10.659098322685573,10.679587927297852,10.699948778071839,10.691128482324306,10.652772526864865,10.69029641918637,10.711109085345383,10.66870419155441,10.214307497882258,10.634901111955275,10.307915843074632,10.267624149927917,12.365472382695243,7.859128543321611,7.075281053571427,12.08898047751806
f1bcea54.qasm,512,446.20097660000005,success,22,1.0,0.8684652060085852,0.8684652060085852,440.7474085290685,443.01683541748116,442.5745684554758,436.5357995075382,441.74907017335084,439.78098218349606,443.89611177597635,445.87628649628925,143.20121619708178,151.60954014389827,107.6456986783037,141.08689157894065,110.56260916162658,109.21331353464147,96.96064395615356,256.3347941848077
f27a09cf.qasm,16,0.177527,success,1,0.04204436435845423,0.39356818336232,0.01654732410118031,0.17624675866529613,0.17994497490305014,0.17774237332309833,0.176451270746395,0.17908183258564292,0.1802497656739116,0.18187908469981443,0.17894419789187374,8.563641048197617,9.004451415713781,10.058482411739204,9.029492586734444,7.277668220160872,6.491832392032119,6.675555640745057,5.045235283092388
f27a09cf.qasm,64,9.6810114,success,1,0.04204436435845423,0.39356818336232,0.01654732410118031,9.346480464819898,9.216345224614988,9.349356647300619,9.44402362410492,9.3210479848666,9.155157278626163,9.31528612165014,9.578293507528103,10.761997701660023,10.75186987204689,10.773060109300777,10.234898725626515,10.91410953693354,8.384750717265463,7.98699946726724,6.926222095401364
f2a5a67a.qasm,16,0.4595018,success,6,1.0,0.8713894762348886,0.8713894762348886,0.506719949626035,0.5019561846020956,0.5070025924805348,0.508886987677112,0.5041681759818107,0.49974316264444796,0.5084332976170576,0.504800575527607,0.8589361389419408,0.7873538672392048,0.7600242853122541,0.8217550478056677,0.790326395525322,0.6107201963521716,0.8000434923897032,0.8074239754650736
f2a5a67a.qasm,64,0.341567,success,6,1.0,0.8713894762348886,0.8713894762348886,0.34920070670246145,0.3465092258966597,0.3589937453268459,0.3561127218903659,0.34967158634639145,0.36406134456958167,0.35690992244140407,0.35696911641374857,0.9498478395774163,0.9999881015528056,0.8163318394804531,0.9506185554176982,0.8010263304917539,0.6819261688701346,0.7525523909219741,0.9327808492448859
f2a5a67a.qasm,512,0.3407394,success,6,1.0,0.8713894762348886,0.8713894762348886,0.3546446119601865,0.3453046734549862,0.34532826226018365,0.3489851112504764,0.35075332177377727,0.3517185365559806,0.3531657472340788,0.34418586007244345,2.9179506774873185,2.7078857142761814,2.633970561698117,2.791118806868581,2.3879210437214162,1.613555492604267,2.030395039034345,2.113546012343411
f5398281.qasm,16,2.3567967,success,26,1.0,0.8697671783295581,0.8697671783295581,2.396853541473946,2.4144674890439948,2.406087190167451,2.4074252612862983,2.388953165902549,2.4094603148275824,2.4063287879449633,2.4084433455219707,18.909453720259965,18.508805048838123,12.702798177357263,15.249380754147776,20.027404616258025,15.940634949144652,14.596156846351148,14.892749985950369
f5398281.qasm,64,18.203299199999996,success,26,1.0,0.8697671783295581,0.8697671783295581,18.31625178731585,18.546338025905932,19.137409727339307,18.33959362623515,18.227813618187366,18.195264802604292,18.72475409252342,18.478354529056105,16.707557397434577,17.12555978678387,15.467827019629478,15.668979497813611,20.70920437468862,18.491107253352716,15.310671854843228,17.517426236678318
f5398281.qasm,512,322.2864782000001,success,26,1.0,0.8697671783295581,0.8697671783295581,869.9515682173219,855.0761100099656,891.4605730801794,883.0666315191166,905.0031546884545,872.5410486806778,881.020932823879,897.5645508157293,265.6440683624742,265.446916492543,186.58707902880772,243.03734803363028,250.73208459690605,313.8889623782135,233.91441013214987,474.04114261213385
f5aeb6f0.qasm,16,2.2514043,success,25,1.0,0.869056662390532,0.869056662390532,2.188319214162523,2.1865518697177158,2.18808730845513,2.188606298576091,2.18858576259704,2.188579073080702,2.1883084236873773,2.1831579633042035,13.383775429553094,12.58002651054663,9.407403141049123,11.900279919054878,15.396228872500913,11.810594071868602,10.234084728176958,12.05958115121635
f5aeb6f0.qasm,64,12.647261799999999,success,25,1.0,0.869056662390532,0.869056662390532,12.649247546168866,12.612753308155972,12.635267336991282,12.603032236549636,12.662556576360378,12.601719888162929,12.554316541134224,12.56382484081846,12.3069552448725,11.646578112165695,11.97479999925259,12.260956181380383,15.176122236947247,12.050266246203796,9.313440306823194,15.019748854818504
f5aeb6f0.qasm,512,525.0129456,success,25,1.0,0.869056662390532,0.869056662390532,524.9907703751244,524.8266189107144,520.9567833432502,523.1008919992424,525.9769665715056,521.982398772135,523.2962920202111,521.9604708809703,172.47261846937724,170.7973052981894,129.6141367871276,181.6672465319619,163.16285378373018,210.8936753376203,130.19307124631393,383.1297526786847
f5d72dae.qasm,16,0.28022519999999995,success,16,1.0,0.8034311332089966,0.8034311332089966,0.2248030257247397,0.27211211206015457,0.2362038960025117,0.2814098948437253,0.2841384935868247,0.28935006058653595,0.3145281186792831,0.29823251175399673,0.24223604459552658,0.24469654852772374,0.24609644679815823,0.2427560230557539,0.3556708045359565,0.27622867828814507,0.38261247807242693,0.3005881012156016
f5d72dae.qasm,64,2.0205184,success,16,1.0,0.8034311332089966,0.8034311332089966,0.4516046084821693,0.5000021263049443,0.4577853391292117,0.458168005524529,0.5344590123284892,0.5166553374675275,0.5509249846364258,0.5212813086100774,0.5419721077648306,0.4336571624573087,0.5540882022137436,0.4504965282432767,0.6713791541684196,0.4983259300351084,0.5966202409273459,0.5569500250714675
f5d72dae.qasm,512,34.9589754,success,16,1.0,0.8034311332089966,0.8034311332089966,0.33264456039706836,0.5884093873360673,0.31711115559368563,0.651650124793864,0.7887926924598956,0.6646429788478058,1.393429466291141,0.6595590770721069,0.23599988489852614,0.25079534175934154,0.2368268999253893,0.28821190522213697,0.43274413273994894,0.35416447947147384,0.5417265508377809,0.38291602448289846
f67ec297.qasm,16,1.3940487,success,18,1.0,0.8681291204370106,0.8681291204370106,1.3964862857591052,1.3955227862724164,1.3910632795101245,1.394171010853548,1.3910097649907596,1.3859973917330861,1.3916304750013688,1.3939750999964051,6.754000422469346,8.392886300780063,4.456672038798491,5.143302626488213,9.553360900978719,5.371029944935761,4.891904045873322,6.042995616374462
f67ec297.qasm,64,7.96335,success,18,1.0,0.8681291204370106,0.8681291204370106,7.9496117515752935,7.994314487881202,7.958750250511785,7.965180137397657,7.954479476981235,7.967563026051954,7.976040067116505,7.9941792380248575,7.335672048004988,8.997636939972573,6.478742417379153,6.582237394947075,9.179133692775316,6.405717820577258,5.6158251509938335,8.208968270000938
f67ec297.qasm,512,284.6133111999999,success,18,1.0,0.8681291204370106,0.8681291204370106,287.4863118646745,284.7564292612814,284.6727220854072,285.2007689862306,289.31927566299885,285.98288698115596,284.8188859436095,287.9384005212798,88.25850938543117,79.38492218260959,54.12010223869692,89.29316701185817,67.32434466121487,70.99726213303312,55.850581058947164,121.09867097800557
f7ff0727.qasm,16,0.1900845,success,1,0.5,0.5297342172797636,0.2648671086398818,0.18432714683503057,0.19543400268587036,0.1908706297046668,0.19444287371585972,0.19182129566046316,0.1917308561091841,0.19626981647192485,0.19522548938267614,0.291861834322529,0.25276639061578243,0.2544230007135275,0.2711457417772921,0.270029235063645,0.23544793977630893,0.25810546761923214,0.2395581658220751
f7ff0727.qasm,64,0.172657,success,1,0.5,0.5297342172797636,0.2648671086398818,0.18955190378006487,0.21237496629891253,0.2057346409644467,0.21804942352208653,0.214397326783995,0.23079256799572043,0.23242466777605403,0.22807519702004483,0.4870152953178895,0.4847735006494554,0.4438087876179401,0.5144886594003633,0.46272953987239385,0.5137687217864203,0.5110837294111354,0.5412293150455628
f8a38627.qasm,16,168.1454513,success,18,1.0,0.8712795563775106,0.8712795563775106,158.05441923087787,175.94163237510756,170.5412800822494,166.6846040455236,164.6804754146497,163.15612258640198,165.01740499829384,165.422977229346,33.996098302773916,41.70943944206854,18.778150787243543,39.29182008397737,23.64107110332556,32.773870094377976,41.2930374267752,26.267795644097557
f8a38627.qasm,64,293.6294401000001,success,18,1.0,0.8712795563775106,0.8712795563775106,190.49275782829434,217.15151013484393,215.04189339813104,205.19900171779094,196.81609394831156,209.93971954617945,202.35098532832248,212.528056253367,6.313843236988791,7.333303826720851,4.38949344144276,5.72668921976073,3.7137431384341424,5.95545462425113,5.7230171697535575,5.010095940942771
f8a38627.qasm,512,13907.117731399987,success,18,1.0,0.8712795563775106,0.8712795563775106,7479.327859996246,8105.886646314261,7292.56108044336,7777.286237920828,8198.79396143828,7018.535988706019,8120.908450250725,7935.660009095016,560.0691499334196,531.3777077898519,852.8281234004629,598.743541067594,813.8690387599773,554.8359400391092,432.0137451335663,588.3166903197015
f8d235ae.qasm,16,0.1790703,success,2,1.0,0.8438716582425374,0.8438716582425374,0.22711122232476347,0.21208194955008094,0.22356011885887764,0.21608672234724402,0.21234767126314041,0.21157411019352595,0.20992688311140248,0.20741062344209404,0.2269151519148106,0.2200345907629418,0.21183774430447377,0.20575791687140432,0.21141842023112498,0.2082040635673288,0.19420109936143626,0.20171220898299522
f8d235ae.qasm,64,0.2438151,success,2,1.0,0.8438716582425374,0.8438716582425374,0.22381607139130702,0.2065223037975424,0.2299457538344468,0.20397129906840755,0.2068656270912482,0.2056694875074507,0.20815474052537192,0.20680757632838717,0.26275722256657613,0.24253451811297227,0.24870684626063555,0.2280169136593657,0.254072825054722,0.22212644404998158,0.21468805808165908,0.2149705133794391
f98536e0.qasm,16,0.1788549,success,1,1.0,0.785612050894013,0.785612050894013,0.18350498070435384,0.18431638646477283,0.18251308207653114,0.18252026794513707,0.18286003456746824,0.18196587803887546,0.18239637181637525,0.18175895565880168,0.19334422222217265,0.18772528048003095,0.19232875122455215,0.19154202468890225,0.1910467417012064,0.19215516929676763,0.18973180564515416,0.1953202769136384
f98536e0.qasm,64,0.1664448,success,1,1.0,0.785612050894013,0.785612050894013,0.17930054495826095,0.17795317475019837,0.1783123764333797,0.17937552898480136,0.17693660068597547,0.17663561204318332,0.17704769072353152,0.17679790265784678,0.20430971294206446,0.19081833668203946,0.20178354707712978,0.19577854618593257,0.20022279398945525,0.19567856911288262,0.195136350400177,0.19966174905775858
f9fee41b.qasm,16,2.5416661,success,26,1.0,0.8686518475093232,0.8686518475093232,2.5920839972966148,2.59706424610432,2.6069670234667113,2.597338176398522,2.597869200765313,2.6146506937652534,2.5998779824082545,2.607684784263066,15.025879738938222,14.918335595045884,9.810527917264698,10.583110695902542,14.934515880846808,11.825227173910971,11.597015342062956,13.499782895701555
f9fee41b.qasm,64,18.3950709,success,26,1.0,0.8686518475093232,0.8686518475093232,18.459021454423716,18.409113042742458,18.422767435420322,18.397479131112707,18.454639688752717,18.556378645041125,18.447585881881118,18.45067954910626,11.891446645449106,11.9135617305704,10.864890535532174,9.509144959815476,12.995743856862937,10.600713579986682,10.946348776950972,13.993618989229283
f9fee41b.qasm,512,708.6173386,success,26,1.0,0.8686518475093232,0.8686518475093232,702.9014535769076,701.1433424589782,707.6331869360363,705.1077864780776,704.4383871168149,711.3853574568961,701.9703558110521,707.5324106478787,133.9899594436609,151.48337128133542,96.85450490028623,108.51948007198253,119.53738781933303,117.99752262207716,136.2850748089068,261.91691083137914
fabdaac7.qasm,16,0.17383599999999996,success,6,0.7352821909273523,0.5377318761856431,0.3953846720532554,0.29707990995057665,0.26722090053788244,0.294043185462977,0.2833331460342811,0.29750190338649246,0.26131477110746854,0.2570008071326308,0.25548304020082235,0.3051266949602315,0.2753717512853924,0.29014491778487644,0.2758105126801178,0.2784228124653462,0.2747007935165703,0.2769279223820534,0.28804639252476666
fabdaac7.qasm,64,1.2635249,success,6,0.7352821909273523,0.5377318761856431,0.3953846720532554,0.9069983276024477,0.8822147276316114,0.9637660910476016,0.9755672897185984,0.984640718468023,0.956722099707756,0.9087076179751801,0.9658929258279401,0.9534966206654262,0.8326890765680993,0.8848832055107917,0.9117263858490102,0.9035758865712755,0.8707733872248662,0.8629901651849868,0.8955202177938992
fabdaac7.qasm,512,0.1686687,success,6,0.7352821909273523,0.5377318761856431,0.3953846720532554,0.3729854154394389,0.30983518873766225,0.35606308197253234,0.3088266362513685,0.3977342455140674,0.3251739267163461,0.31115660097983666,0.3071002876469766,0.35093647503315123,0.3488623498835728,0.35165678000369244,0.3469903616341408,0.36578579160243246,0.3318357963622579,0.31417393122940523,0.3390432372045165
fadf1f0d.qasm,16,189.90480990000003,success,50,1.0,0.7394075740729571,0.7394075740729571,163.28077467381615,162.97120767544615,163.37978212326345,166.13066531838692,165.3041833036394,162.56672163842225,165.20100390760695,163.01502701288842,56.78233957592087,48.34767386971223,28.780932717821948,64.15543609479859,39.860157947690894,49.82900182447542,65.15487871812935,38.29396860795895
fadf1f0d.qasm,64,6.8785139,success,50,1.0,0.7394075740729571,0.7394075740729571,7.612698279073679,7.5684268755785045,7.550071154130286,7.675478205281453,7.390346818756442,7.52613803112534,7.451428001793341,7.437601443013466,4.9083733114705295,5.118995649787334,2.996759173204785,4.831099235571578,3.53974049804096,5.66789764489073,5.366206818132076,3.673817922649845
fb107df5.qasm,16,17.846512699999998,success,2,0.17177780616693789,0.7349215518557812,0.12624321188258758,5.372741490133418,6.819032491647676,5.741306954627367,8.177192039796655,7.057563197892305,8.191817308391107,7.374760421583057,7.5966013832198716,0.43844035228765454,0.42313817421593947,0.4586833746442244,0.4863710577608236,0.45124561657044787,0.5360071257950371,0.5370178714642272,0.5606336934090322
fb107df5.qasm,64,11.952432699999996,success,2,0.17177780616693789,0.7349215518557812,0.12624321188258758,8.788531476932219,9.585785780320572,9.05539399927024,10.161897447166659,9.37783025499396,9.770604814905523,8.8404004088864,9.190455074440413,2.0305643609466015,2.4226083104928358,1.9683435367492674,2.429434760439263,2.5546199417902162,2.5968076024829876,2.7679897140265024,2.9729893571964507
fb107df5.qasm,512,18.1957599,success,2,0.17177780616693789,0.7349215518557812,0.12624321188258758,8.498395121120913,8.04288310581549,8.706223752051018,9.933338419606784,8.378414458814872,8.63150481593696,7.941217665817847,9.326506373457383,0.5995879744376654,0.5284763391162929,0.6950824712617625,0.6728897898457983,0.52410463986952,0.6674944119831246,0.5507380531580172,0.7097543293047522
fb7e6eb0.qasm,16,3.5610047999999996,success,55,0.9477333941812772,0.6210777318100897,0.5886161068187854,3.0013022406748266,2.7994489401860205,2.9892927077725195,3.003858102553069,2.965625399777961,3.110359296068593,3.06929161948117,2.828696827685482,2.841614603872518,2.253775373239853,2.7051473467816667,2.774439340784453,2.6028532310212125,2.6892261983953225,3.027904683627921,2.3373676944851383
fb7e6eb0.qasm,64,13.2631154,success,55,0.9477333941812772,0.6210777318100897,0.5886161068187854,9.056012839548751,9.81636489748159,8.715245462913305,10.188772072760123,10.878315876839034,9.517655923333178,10.421832668483399,9.703112169597865,3.5417440154316004,3.987786976357034,3.0819385428737034,3.5290585120459257,3.968551926852597,3.869554561332893,4.555263267620064,3.307342684458789
fb7e6eb0.qasm,512,543.1701861,success,55,0.9477333941812772,0.6210777318100897,0.5886161068187854,350.63462493768554,451.118157174227,392.5045028941495,410.05631794569547,392.2922239326491,423.89291203234995,431.07536571881445,380.494863178382,15.524045336191202,18.12186929476998,15.373753020696151,16.910373914111037,30.361031654262977,17.040938732062695,23.073771315573598,16.84867946910164
fb8a2851.qasm,16,0.1633197,success,2,0.36767470880374103,0.786758593103908,0.2892712366183204,0.26095527895214415,0.2294238191900594,0.24043381936503314,0.22752872921449607,0.22688417183966594,0.23733538180987504,0.2227634547052536,0.23067706153616094,0.27027902678110954,0.2477380331599933,0.2682847554868501,0.2337509634605817,0.24761989179591132,0.22986875580765326,0.24928907901180836,0.24024096553220955
fb8a2851.qasm,64,1.2676421,success,2,0.36767470880374103,0.786758593103908,0.2892712366183204,1.1767176191772322,1.1507614880523054,1.1470547476470307,1.1392804824727014,1.1438576953465545,1.1619138980894577,1.175840942485179,1.0994579567713618,1.1461039739064263,1.1975830687369171,1.0164711177138062,1.1211984209810513,1.0898455508145253,0.9905947051137538,0.9632749197996736,1.1238495717908885
fb8a2851.qasm,512,0.1731245,success,2,0.36767470880374103,0.786758593103908,0.2892712366183204,0.27873454720491797,0.2269657862087513,0.2680299403252772,0.23579111705501316,0.23210645977674196,0.2330075994872967,0.22675571923384039,0.23489246175451453,0.40024924674641044,0.29752479328344056,0.3878635787752265,0.31738448992559193,0.30004593005897784,0.24528650493901544,0.2949863725447165,0.2767719585682228
fb9223a1.qasm,16,0.1798739,success,8,1.0,0.7187630868257913,0.7187630868257913,0.20806588711864518,0.21370084445557305,0.2100618883485583,0.21291169565615933,0.21213688689961044,0.21320353256828842,0.21271213704552594,0.20731933033756011,0.2340718888564071,0.2858151965413475,0.24471533575570392,0.26263522658563376,0.2359002437238134,0.26801110441158393,0.28910353812929396,0.2726732069092055
fb9223a1.qasm,64,0.16640830000000004,success,8,1.0,0.7187630868257913,0.7187630868257913,0.1981371100228876,0.18789131853029648,0.19340444823996236,0.18902463297213082,0.1929542343600221,0.1862935774465998,0.18804003121493604,0.18415901894628317,0.4852749315861368,0.4820886597968202,0.4446736665152294,0.4299924427285557,0.4175621918527812,0.3972021617127784,0.45948164431516225,0.40138589058497964
fb9223a1.qasm,512,0.1863105,success,8,1.0,0.7187630868257913,0.7187630868257913,0.20435497236895456,0.20669405410917377,0.20462476040210226,0.20293327045528073,0.20660819114985393,0.20536276382490057,0.20539543082857006,0.20367471134039503,0.2749880725422683,0.31542453814833155,0.26166043279085577,0.28553892644858,0.27733985830345714,0.2897509349745492,0.3152310244856129,0.27802198582178195
fb9be929.qasm,16,0.23531889999999997,success,2,0.5714285714285714,0.7555770903083975,0.43175833731908425,0.201735437558863,0.1960389315982935,0.19846841568976295,0.19875249319460397,0.19509517943022922,0.19722708252983637,0.19143974414006257,0.19652210521125002,0.2830268801591268,0.25248657293992516,0.34129547745884137,0.3452503387767324,0.25856300070407495,0.3192836817187527,0.31610193847554946,0.31825162203250085
fb9be929.qasm,64,0.1624003,success,2,0.5714285714285714,0.7555770903083975,0.43175833731908425,0.2124011087673509,0.2067966147230542,0.2048206831694935,0.21834412316585886,0.21201383397426285,0.21111510274749085,0.20867716177213233,0.20936448496404148,0.44684607714523117,0.44576041913233594,0.47234662616477463,0.5281687360507981,0.40488335713493795,0.5755705476545029,0.5324008169038613,0.5651626644170903
fb9be929.qasm,512,0.22522469999999997,success,2,0.5714285714285714,0.7555770903083975,0.43175833731908425,0.20996367796382753,0.20375210026248194,0.20338918217556207,0.20633242350687386,0.20183673415440612,0.19952599036113677,0.19551977590248162,0.198425230390513,0.4096343155092957,0.32206403994887106,0.6473458495668014,0.6561282537298705,0.4176536653639725,0.6503321207108651,0.5061317719040873,0.5597781601743219
fbcf0ea3.qasm,16,2.0731039,success,25,1.0,0.8689570425062529,0.8689570425062529,2.0624688464671532,2.0627756815390343,2.058101740483105,2.0571885643719368,2.0609040835428454,2.053903061825227,2.0580278872185644,2.0580217930236833,10.462638046181237,9.426755348401503,6.749108171513019,8.874845487565372,10.981010663412885,8.352104365442067,8.102916768985205,9.891124350931886
fbcf0ea3.qasm,64,12.510124499999996,success,25,1.0,0.8689570425062529,0.8689570425062529,12.55105503037259,12.573915309527935,12.581215987028578,12.593133913256091,12.56871787192734,12.592729844802216,12.561607154836725,12.576144250590948,8.592263314824992,7.57121288432688,8.356493011293965,8.842058777883125,9.518086184597763,7.9354954381623894,7.554581591613061,11.68146864057463
fbcf0ea3.qasm,512,498.21153809999976,success,25,1.0,0.8689570425062529,0.8689570425062529,499.76633267411705,501.5848296335907,503.929591649625,503.43564907839226,500.87712693920133,504.12998588252475,502.69016711035215,504.0013551450728,107.24617890815772,100.39018212710344,71.40668210282402,105.53008090647094,84.73800629168024,109.3786281710048,86.63536453264273,195.97298478295073
fbdc2a1f.qasm,16,0.5656909,success,6,1.0,0.8715743742390236,0.8715743742390236,0.5855569965185532,0.5922951969225073,0.5953696611870156,0.5833779881216847,0.5952929677092291,0.5973060324920766,0.5966012386406149,0.5975240650456991,0.9717019795540298,0.8976523575584106,0.8636258138071424,0.9808735041092524,0.9121165799878523,0.7315736156876823,0.8803398283219668,0.9517891668373629
fbdc2a1f.qasm,64,0.4538723,success,6,1.0,0.8715743742390236,0.8715743742390236,0.4561858272707782,0.4580992428422922,0.45530614718929174,0.4570741704889474,0.4635193622981518,0.4590766692991572,0.4600251159122571,0.4558459163570875,1.1299069264180355,1.1213695186606276,0.961847093799336,1.1550023177702124,0.9317382585452925,0.8324022522258202,0.9299436643531817,1.2200981327535054
fbdc2a1f.qasm,512,0.4505086,success,6,1.0,0.8715743742390236,0.8715743742390236,0.46331784017118255,0.4701165229501558,0.47788349402626373,0.4737155481376695,0.4663734212187929,0.46348580593794453,0.4708790854291467,0.4761736109886259,3.8372543327453896,3.3833612562582975,3.8691997015415938,3.7788753185496207,3.181512639717051,2.2447243617799684,2.6081894001377917,2.8901753456997685
fbe1d41c.qasm,16,0.22265400000000002,success,7,1.0,0.7148067562178726,0.7148067562178726,0.3604796714650758,0.38026053158513556,0.36741482510518864,0.35845998126587986,0.4576119454652476,0.33688868353634327,0.39611978049527036,0.36777991475648486,0.2947737157477702,0.34269701703524624,0.3009212509746744,0.30423056533708287,0.2890332664181447,0.3078483877859699,0.2955531111198021,0.33605050942731723
fbe1d41c.qasm,64,0.1667608,success,7,1.0,0.7148067562178726,0.7148067562178726,0.30286845969951864,0.27719932292653104,0.2774419171097303,0.2673730443623314,0.3101140724145926,0.2544184108606971,0.2821002763254276,0.27236030898079977,0.2867881646250092,0.324612758444408,0.29432240658890907,0.3028066879396533,0.27049359638548676,0.29541448948871374,0.304214002694312,0.3308526446904451
fbe1d41c.qasm,512,0.21397250000000004,success,7,1.0,0.7148067562178726,0.7148067562178726,0.3790164435879375,0.3148417047366603,0.3185393970532213,0.30386861174804014,0.36240945002169095,0.296327299771638,0.3432886524517974,0.33687486033571945,0.3591370374520605,0.30962510171535745,0.34805217101685454,0.318793524149084,0.3184321398430277,0.3468592936319164,0.2949132279375095,0.39051486409014186
fc1ce5ab.qasm,16,62.19422269999998,success,49,1.0,0.7347540275248813,0.7347540275248813,78.88706837940296,77.56651538236225,79.68922377837286,79.6442688832806,77.90180174463167,77.5128455668392,78.28692261348593,78.46147588268019,47.66260324795124,46.76080991310148,27.564139594311712,57.81836873714015,36.14933238935936,47.8816824271239,60.1282723700115,37.872081170009544
fc1ce5ab.qasm,64,3.1473689,success,49,1.0,0.7347540275248813,0.7347540275248813,4.279002356877768,4.184982403106047,4.176218726716175,4.264541956456751,4.203123235995818,4.25201784369301,4.3012435772193225,4.167125659286711,4.039469051828106,4.457576281458218,2.5571709910550466,4.12913037220456,3.077123917921204,5.141003552291443,4.700316861020701,3.6220558121891573
fc330f35.qasm,16,1.8849809,success,23,1.0,0.8684746399227592,0.8684746399227592,1.8715460813989135,1.8743897993181957,1.8719961231330626,1.8746883973595958,1.8741405024643005,1.8641991259223214,1.8699220927373013,1.8827439967676003,11.039039490126585,12.349323396760548,8.306852561560387,9.772920322663387,14.831927015909608,9.2191942792914,8.650450837937795,10.952673687848
fc330f35.qasm,64,11.3087631,success,23,1.0,0.8684746399227592,0.8684746399227592,11.352051780872731,11.415023009219457,11.35770989697634,11.406026753118525,11.388049493240558,11.397059978828445,11.35524225329994,11.34174302944887,10.754434319314022,11.05854388757687,10.795296791322876,11.123403407959543,12.921452002455903,9.706171377575986,7.7949749458001545,13.093367705917586
fc330f35.qasm,512,463.7660308,success,23,1.0,0.8684746399227592,0.8684746399227592,460.5453197404252,462.27191416469435,461.3758613611357,459.4604727549555,462.4502907624453,461.8653971835835,463.1625190822417,460.62012787468313,162.57614297737183,157.80619969126604,121.994200251273,168.376123630006,131.7226418778529,171.82496179197236,105.89362738432835,310.90327112250543
fc56714f.qasm,16,0.1707354,success,4,1.0,0.4049405519636054,0.4049405519636054,0.21263014064386596,0.22347169554718968,0.22889617326317788,0.2110032159366033,0.22524989220550917,0.2117143023556015,0.21495914283472245,0.21342659579261275,0.28992672631941024,0.26507564947513673,0.2952975321628205,0.3044050823702321,0.2803547162112623,0.2970396780898791,0.28345724106420606,0.29792003937197264
fc56714f.qasm,64,0.18016170000000004,success,4,1.0,0.4049405519636054,0.4049405519636054,0.22804373365657354,0.22896670394853988,0.25911823154189795,0.23037486512591349,0.24415016594145852,0.22632848248544463,0.24051158093916808,0.22691158446289963,0.4012620519650133,0.34420394308504404,0.4739776273080815,0.4021637132802966,0.3627339591129139,0.3751936859842395,0.3926959235368133,0.37235576168828655
fc56714f.qasm,512,0.1801311,success,4,1.0,0.4049405519636054,0.4049405519636054,0.22295803010875814,0.23348035275593235,0.2631074627469721,0.24652741747526716,0.265101605169465,0.22096344729658665,0.2347552021168974,0.21868508927379934,0.7251886051905053,0.49901255933789535,0.672410357878736,0.4558756884723361,0.5157530920242454,0.4905803874156778,0.4603486556042797,0.45453015606292435
fc5872f2.qasm,16,440.7522683000002,success,21,1.0,0.6447820843687411,0.6447820843687411,114.50765754169689,116.64642409204738,129.50481928265359,116.41811604638941,112.69101626628719,126.68512316337731,142.76692323344216,113.53648531577922,28.20783979013476,35.09131472620701,23.484988624142623,42.678480465243226,22.655548608035332,32.71342669409577,37.570279605468464,26.97880384187301
fc5872f2.qasm,64,97.44292890000001,success,21,1.0,0.6447820843687411,0.6447820843687411,15.562042692810568,18.590786836553455,15.873007703733737,15.659387705157606,16.087257332491365,14.76574129311493,17.012109598288628,16.593660301944297,3.6769175756377996,5.377390376204624,2.379492443308432,5.070016904809458,3.2598508317169115,4.196903117613097,6.140760623143075,3.671645391562008
fc5872f2.qasm,512,3531.155154499999,success,21,1.0,0.6447820843687411,0.6447820843687411,196.1204223483764,206.45933898868665,159.7602654619102,193.8897355124321,114.85364510391392,109.44388589558933,186.34396751444604,200.6231308668857,26.86486554401929,36.77970481293626,22.76236107542988,24.20884359900206,26.832581130417346,24.505221022271957,19.913742955715957,20.242444134101785
fc66bdd4.qasm,16,0.7283128,success,64,1.0,0.5119923006852496,0.5119923006852496,3.835111707763199,4.248409569421036,5.209324587657034,3.949771450488185,4.340952676695358,4.0870248329830945,4.668447804971485,4.276075477739342,1.4427259892465498,1.1850672574521182,2.086536761410636,2.1041228993488086,1.4953088026853585,1.9471877369886794,2.2547921187507036,2.3689137246072547
fc66bdd4.qasm,64,1.3749575,success,64,1.0,0.5119923006852496,0.5119923006852496,2.268031045737279,2.238373596772311,2.343398246736138,2.172536967739001,2.4695238874098275,2.1042591310233347,2.2144546128195612,2.2229991983076007,2.25640167184467,1.8532531871099671,3.4276878813523926,3.163025099612967,2.0164817824298495,2.6641016554515957,3.1075683369978537,2.562486353134176
fc66bdd4.qasm,512,0.727108,success,64,1.0,0.5119923006852496,0.5119923006852496,3.817080184129595,3.0173345270518745,4.651528011869973,3.10499285024912,3.3333736649876315,3.842728166257243,3.9373993276273387,4.203591847434356,3.60192623021911,2.979834336543239,3.8458141852968772,3.8478725914591974,2.653614647752405,3.870040471496817,4.02424032178255,3.5767525285528277
fdf0b97e.qasm,16,1.9983464,success,24,1.0,0.8694493039697788,0.8694493039697788,1.9938836433963585,1.9960653785522526,1.9950860486831694,1.9972733242653975,1.9948923631331443,1.9955536913138763,1.994249841503488,1.9964410315671361,10.937423836450332,10.2094091631919,6.767082264199262,8.78751150320834,13.26914294301745,8.403341267831765,7.7377809079344155,9.840426968469517
fdf0b97e.qasm,64,11.459351800000002,success,24,1.0,0.8694493039697788,0.8694493039697788,11.472538510231056,11.462925432042711,11.493785611773937,11.473360554916358,11.473215118912595,11.465848169180765,11.474579242787325,11.461564174648396,9.617653366565545,8.545867879066297,8.498746988077276,8.597503743203161,11.318629325596275,8.067196085925712,6.818723046570144,11.392780291477312
fdf0b97e.qasm,512,436.84951509999985,success,24,1.0,0.8694493039697788,0.8694493039697788,442.6454210762953,442.6428036740213,442.6045145328985,443.39953429845525,442.41234164025866,443.74046749949923,444.3398265675946,444.2218902421385,125.29168903675063,103.44525342097413,73.1912861083987,119.95598043520106,107.60793015085957,117.95422765347466,87.53897354425938,243.9794071020084
ffe82f32.qasm,16,0.2051507,success,15,1.0,0.561656057394274,0.561656057394274,0.1999761224864885,0.19985661061813964,0.203481827615917,0.20102122673396208,0.20301585712578982,0.19887518432544743,0.20903040870637818,0.20533793852824253,0.2913356305812831,0.35758858648271774,0.3028933660454219,0.35669875145114827,0.32454457721603497,0.3766713027542433,0.34677859619565315,0.3450565258777405
ffe82f32.qasm,64,1.3167689,success,15,1.0,0.561656057394274,0.561656057394274,1.270399368292945,1.272410586961904,1.3213216793410396,1.2783931864358082,1.274819142791742,1.3027247096057317,1.290384597102704,1.3017977854637472,0.33301265542581454,0.41449355019606554,0.3218082813982316,0.37978324008235625,0.3530688557950866,0.43441399712291884,0.4069916191333148,0.404828434703906
