filename,threshold,status,actual_s,matched_global_pred_s,matched_specialist_pred_s,matched_timeout_probability,matched_full_union_pred_s,matched_reset_floor_pred_s,matched_both_floors_pred_s,matched_template_pred_s,matched_basis_pred_s,structural_global_pred_s,structural_specialist_pred_s,structural_timeout_probability,structural_full_union_pred_s,structural_reset_floor_pred_s,structural_both_floors_pred_s,structural_template_pred_s,structural_basis_pred_s
0071a13b.qasm,16,success,1.8681457999999997,1.8725644037487799,1.8684565420971948,0.0,1.8705093452540513,1.8705093452540513,1.8705093452540513,1.8685516,1.8685516,9.380098188988734,13.215811973243666,0.0,11.133984639662414,11.133984639662414,11.133984639662414,11.133984639662414,11.133984639662414
0071a13b.qasm,64,success,11.326891999999999,11.07074554834808,11.337123437025703,0.0,11.203142810012066,11.203142810012066,11.203142810012066,11.3251936,11.3251936,11.956840467914786,7.744046698417816,0.0,9.622594813721715,9.622594813721715,9.622594813721715,9.622594813721715,9.622594813721715
0071a13b.qasm,512,success,464.3260994999999,464.2288889045735,469.35248758613204,0.0,466.78365847221767,466.78365847221767,466.78365847221767,463.7660308,463.7660308,288.96692543775345,900.299126626064,0.006396011396011396,510.0555563812913,510.0555563812913,510.0555563812913,510.0555563812913,510.0555563812913
00c20ece.qasm,16,success,161.77874129999995,64.1640523294235,54.18721853041319,0.01,58.9650025470307,58.9650025470307,58.9650025470307,58.9650025470307,58.9650025470307,8.263569093929245,12.004389463349625,0.0,9.959874585597243,9.959874585597243,9.959874585597243,9.959874585597243,9.959874585597243
00c20ece.qasm,64,success,167.99894330000006,55.60907232661725,49.14545327266491,0.0,52.27746230990953,52.27746230990953,52.27746230990953,52.27746230990953,52.27746230990953,9.078621918025563,5.984036939220176,0.013303834808259588,7.370672215929758,7.370672215929758,7.370672215929758,7.370672215929758,7.370672215929758
00c20ece.qasm,512,success,161.38951989999995,62.732495396805795,52.27885114588321,0.019093932887036334,57.26764172601674,57.26764172601674,57.26764172601674,57.26764172601674,57.26764172601674,6.8917785576057335,4.421304764842453,0.15292982456140358,5.520022950584651,5.520022950584651,5.520022950584651,5.520022950584651,5.520022950584651
03042ac9.qasm,16,success,1.8659897,1.8680708080795192,1.8694641664467397,0.0,1.8687673574016284,1.8687673574016284,1.8687673574016284,1.8742298722543722,1.8742298722543722,9.380098188988734,13.215811973243666,0.0,11.133984639662414,11.133984639662414,11.133984639662414,11.133984639662414,11.133984639662414
03042ac9.qasm,64,success,11.3251936,10.97300133869201,11.047325846165583,0.0,11.01010087596575,11.01010087596575,11.01010087596575,11.333648284999459,11.333648284999459,11.956840467914786,7.776766702929918,0.0,9.64290199178259,9.64290199178259,9.64290199178259,9.64290199178259,9.64290199178259
03042ac9.qasm,512,success,463.7429635000002,466.4674335313055,465.40972428669096,0.0,465.9382787757677,465.9382787757677,465.9382787757677,464.4592680536541,464.4592680536541,288.96692543775345,899.6450045619982,0.006396011396011396,509.87022952288,509.87022952288,509.87022952288,509.87022952288,509.87022952288
03934028.qasm,16,success,1794.6356796999994,870.7490029320676,4641.186472417621,0.4959212295294128,14400.0,14400.0,14400.0,14400.0,14400.0,20.74216849578588,35.75568504629422,0.5099926090169993,14400.0,14400.0,14400.0,14400.0,14400.0
03934028.qasm,64,success,1229.5821331999996,498.0239123440119,705.8100203832072,0.1461635220125786,592.8830135219353,592.8830135219353,592.8830135219353,592.8830135219353,592.8830135219353,9.520960772716926,76.92547184542292,0.5487831858407077,14400.0,14400.0,14400.0,14400.0,14400.0
03934028.qasm,512,timeout,14399.999999999989,2123.0972882969277,7798.356654326264,0.7744409027979012,14400.0,14400.0,14400.0,14400.0,14400.0,18.140627979802158,65.87528393785811,0.4122368881521382,14400.0,14400.0,14400.0,14400.0,14400.0
03ee478e.qasm,16,success,0.17734449999999996,0.18203038091767387,0.19774014440642984,0.0,0.1897227287623132,0.1897227287623132,0.1897227287623132,0.1897227287623132,0.1897227287623132,0.22870289381134337,0.21283058416743705,0.0,0.22062404785211323,0.22062404785211323,0.22062404785211323,0.22062404785211323,0.22062404785211323
03ee478e.qasm,64,success,1.1159592,1.1384319382635242,1.2312813105039353,0.0,1.1839467761958926,1.1839467761958926,1.1839467761958926,1.1839467761958926,1.1839467761958926,0.6780921249936479,1.0108032293637184,0.0,0.8278995770923461,0.8278995770923461,0.8278995770923461,0.8278995770923461,0.8278995770923461
03ee478e.qasm,512,success,0.18746530000000003,0.18933276180592995,0.19823869588973275,0.0,0.19373456013217918,0.19373456013217918,0.19373456013217918,0.19373456013217918,0.19373456013217918,0.2644732672291099,0.23989842207818327,0.0,0.2518863225546897,0.2518863225546897,0.2518863225546897,0.2518863225546897,0.2518863225546897
04276362.qasm,16,success,0.17990670000000003,0.19755312491472757,0.18889814629303947,0.0,0.19317717021115438,0.19317717021115438,0.19317717021115438,0.19317717021115438,0.19317717021115438,0.19700047552550104,0.19353483172437086,0.0,0.19525996486850267,0.19525996486850267,0.19525996486850267,0.19525996486850267,0.19525996486850267
04276362.qasm,64,success,0.21635210000000002,0.19477207883906186,0.1734601221869628,0.0,0.1838074769807595,0.1838074769807595,0.1838074769807595,0.1838074769807595,0.1838074769807595,0.1910049617054453,0.18621252066571362,0.0,0.188593518920532,0.188593518920532,0.188593518920532,0.188593518920532,0.188593518920532
0491d461.qasm,16,success,0.5425538,0.5402610627626735,0.5405280711085061,0.0,0.5403945504445242,0.5403945504445242,0.5403945504445242,0.5416298499985577,0.5416298499985577,2.02912959976253,2.5952986156728683,0.0,2.294819653324534,2.294819653324534,2.294819653324534,2.294819653324534,2.294819653324534
0491d461.qasm,64,success,1.3414259,1.3386954741019081,1.3419134900824143,0.0,1.340303516301298,1.340303516301298,1.340303516301298,1.3394544309552454,1.3394544309552454,1.8579833850075929,0.9435886828346528,0.0,1.3240740519276044,1.3240740519276044,1.3240740519276044,1.3240740519276044,1.3240740519276044
0491d461.qasm,512,success,3.4521178,3.5570953183669465,3.4716668613439206,0.0,3.5141215032232633,3.5141215032232633,3.5141215032232633,3.4680011037745415,3.4680011037745415,2.6009951019740836,2.0586216296429427,0.0,2.313971645357652,2.313971645357652,2.313971645357652,2.313971645357652,2.313971645357652
0525d9ee.qasm,16,success,0.5416311,0.5395374630613955,0.5429021652376326,0.0,0.5412171993967402,0.5412171993967402,0.5412171993967402,0.5420910026173466,0.5420910026173466,2.02912959976253,2.596003279880652,0.0,2.295131171912935,2.295131171912935,2.295131171912935,2.295131171912935,2.295131171912935
0525d9ee.qasm,64,success,1.3424445,1.3319038043629259,1.3403539401133007,0.0,1.3361221920280129,1.3361221920280129,1.3361221920280129,1.3389486125261902,1.3389486125261902,1.8579833850075929,0.9451737100294925,0.0,1.3251856659279035,1.3251856659279035,1.3251856659279035,1.3251856659279035,1.3251856659279035
0525d9ee.qasm,512,success,3.4716296,3.5155702788069316,3.444640652963784,0.0,3.4799247550384735,3.4799247550384735,3.4799247550384735,3.463824456032181,3.463824456032181,2.6009951019740836,2.0586216296429427,0.0,2.313971645357652,2.313971645357652,2.313971645357652,2.313971645357652,2.313971645357652
0534bf07.qasm,16,timeout,14399.999999999989,1202.6127074696144,1600.4362240036035,0.0033333333333333335,1387.33735640666,1387.33735640666,1387.33735640666,1387.33735640666,1387.33735640666,2.850391280694883,4.9775253528624175,0.41331855136733187,14400.0,14400.0,14400.0,14400.0,14400.0
0534bf07.qasm,64,success,1767.644607299999,492.82127762180454,685.5100084689393,0.5099135220125788,14400.0,14400.0,14400.0,14400.0,14400.0,3.6298392500846166,15.441957618782281,0.6286061946902652,14400.0,14400.0,14400.0,14400.0,14400.0
0534bf07.qasm,512,timeout,14399.999999999989,2100.6796152148036,4172.514396757454,0.8674683842136144,14400.0,14400.0,14400.0,14400.0,14400.0,2.8504293218029937,14.468650987637753,0.41888601095915573,14400.0,14400.0,14400.0,14400.0,14400.0
055dc894.qasm,16,success,4.6650311,4.906616633078427,5.240728533541336,0.0,5.0709215919912065,5.0709215919912065,5.0709215919912065,5.0709215919912065,5.0709215919912065,1.768703015499283,1.5497460448071538,0.0,1.6556088012294754,1.6556088012294754,1.6556088012294754,1.6556088012294754,1.6556088012294754
055dc894.qasm,64,success,3.8863319000000005,8.916828335094273,10.142647567899242,0.0,9.510007740602475,9.510007740602475,9.510007740602475,9.510007740602475,9.510007740602475,4.930705965678944,6.604264880832185,0.0,5.706460220385594,5.706460220385594,5.706460220385594,5.706460220385594,5.706460220385594
055dc894.qasm,512,success,1383.5908082999997,1476.206692949955,1563.6266562381552,0.0,1519.2880356317307,1519.2880356317307,1519.2880356317307,1519.2880356317307,1519.2880356317307,118.98925569210004,295.2956389598202,0.0,187.44868174770414,187.44868174770414,187.44868174770414,187.44868174770414,187.44868174770414
056c2b99.qasm,16,success,0.5823536,0.5781454812021242,0.573117065299103,0.0,0.57562578252064,0.57562578252064,0.57562578252064,0.5791627676158145,0.5791627676158145,1.2767509449278704,1.542045074007005,0.0,1.4031420118290991,1.4031420118290991,1.4031420118290991,1.4031420118290991,1.4031420118290991
056c2b99.qasm,64,success,0.4523345,0.4579770738682098,0.45523293507579254,0.0,0.4566029429761137,0.4566029429761137,0.4566029429761137,0.45458733676055035,0.45458733676055035,0.992707013353337,0.5607761917116199,0.0,0.7461142395328617,0.7461142395328617,0.7461142395328617,0.7461142395328617,0.7461142395328617
056c2b99.qasm,512,success,0.4509034,0.45888194495261814,0.4549292248290834,0.0,0.4569013104657905,0.4569013104657905,0.4569013104657905,0.45177786199195286,0.45177786199195286,0.8802459511741529,1.1526095169548596,0.0,1.007263550707714,1.007263550707714,1.007263550707714,1.007263550707714,1.007263550707714
058c7d32.qasm,16,success,0.21540330000000002,0.571109605604554,0.4792841968632936,0.0,0.5231862083838708,0.5231862083838708,0.5231862083838708,0.5231862083838708,0.5231862083838708,0.6948289489733024,0.9171280536553592,0.0,0.79827759682662,0.79827759682662,0.79827759682662,0.79827759682662,0.79827759682662
058c7d32.qasm,64,success,0.6617786,0.7180316932133632,0.8657074472334367,0.0,0.7884195483145018,0.7884195483145018,0.7884195483145018,0.7884195483145018,0.7884195483145018,0.8184537146146432,0.6356505714979248,0.0,0.7212839742011447,0.7212839742011447,0.7212839742011447,0.7212839742011447,0.7212839742011447
067475b0.qasm,16,success,1.4051409,1.3977207257388873,1.3774311514409687,0.0,1.387538853022654,1.387538853022654,1.387538853022654,1.3855922921427322,1.3855922921427322,4.841352880557585,7.770294131038738,0.0,6.1334114385131615,6.1334114385131615,6.1334114385131615,6.1334114385131615,6.1334114385131615
067475b0.qasm,64,success,5.705375600000001,5.7073944455508245,5.729270122367841,0.0,5.7183218231805135,5.7183218231805135,5.7183218231805135,5.730032069012604,5.730032069012604,5.0074924017367,4.573448220423787,0.0,4.785551923603832,4.785551923603832,4.785551923603832,4.785551923603832,4.785551923603832
067475b0.qasm,512,success,134.09611699999996,132.67380440181302,134.23641775931887,0.0,133.45282399934425,133.45282399934425,133.45282399934425,134.0823201142173,134.0823201142173,79.73072118874646,514.9411467345772,0.0030626780626780625,202.62435440713432,202.62435440713432,202.62435440713432,202.62435440713432,202.62435440713432
06857ab2.qasm,16,success,86.8517603,91.53806741163923,84.30917629804931,0.0,87.84929745530475,87.84929745530475,87.84929745530475,87.84929745530475,87.84929745530475,12.077332169340174,138.06887616517153,0.27,40.83507903377034,40.83507903377034,40.83507903377034,40.83507903377034,40.83507903377034
06857ab2.qasm,64,success,144.50145770000006,135.08664258268504,164.92004317165288,0.0,149.25982355158422,149.25982355158422,149.25982355158422,149.25982355158422,149.25982355158422,5.493409175591926,12.088160821974812,0.4290486725663716,14400.0,14400.0,14400.0,14400.0,14400.0
06857ab2.qasm,512,success,5763.222492099998,3570.4252415852393,6258.137540056235,0.31630918256235296,4726.966494309956,4726.966494309956,4726.966494309956,4726.966494309956,4726.966494309956,346.041957350554,63.783495578486345,0.292552677625823,148.5656947503017,148.5656947503017,148.5656947503017,148.5656947503017,148.5656947503017
06a7dabf.qasm,16,success,1.4427283,1.4569970165619404,1.4682721170312514,0.0,1.4626237021242399,1.4626237021242399,1.4626237021242399,1.4607700718263263,1.4607700718263263,6.6566224597572745,10.533734543724842,0.0,8.373714465449597,8.373714465449597,8.373714465449597,8.373714465449597,8.373714465449597
06a7dabf.qasm,64,success,8.5008263,8.387753445319493,8.463828404537812,0.0,8.425705066091208,8.425705066091208,8.425705066091208,8.445409002521579,8.445409002521579,7.829289718928872,6.497395874330574,0.0,7.132320430176089,7.132320430176089,7.132320430176089,7.132320430176089,7.132320430176089
06a7dabf.qasm,512,success,307.49403430000007,309.86662920186274,313.59829548658206,0.0,311.72687844630434,311.72687844630434,311.72687844630434,311.7794704853539,311.7794704853539,146.2837779820087,732.9396617106421,0.006396011396011396,327.44034990802237,327.44034990802237,327.44034990802237,327.44034990802237,327.44034990802237
06e45cf2.qasm,16,success,0.5780354,0.560332822793276,0.5630051769128662,0.0,0.5616674105080462,0.5616674105080462,0.5616674105080462,0.5656399280703237,0.5656399280703237,1.8936286995961906,2.2975511775112953,0.0,2.0858352879665283,2.0858352879665283,2.0858352879665283,2.0858352879665283,2.0858352879665283
06e45cf2.qasm,64,success,1.1292338,1.1137933175795467,1.1190863532894315,0.0,1.1164366986480838,1.1164366986480838,1.1164366986480838,1.1210222732898842,1.1210222732898842,1.479570372362725,0.8084238567141975,0.0,1.0936727054770707,1.0936727054770707,1.0936727054770707,1.0936727054770707,1.0936727054770707
06e45cf2.qasm,512,success,2.769683,2.6933784361748403,2.7644520687122625,0.0,2.7286838566804574,2.7286838566804574,2.7286838566804574,2.7446923744587175,2.7446923744587175,2.413631909832828,1.9088630614094886,0.0,2.146460527594002,2.146460527594002,2.146460527594002,2.146460527594002,2.146460527594002
0732491c.qasm,16,success,5.4931465,13.392903480499683,12.324417353857394,0.006572549019607844,12.847557436089064,12.847557436089064,12.847557436089064,12.847557436089064,12.847557436089064,2.9497041931742554,1.9431997184977388,0.07332594235033259,2.3941312323738253,2.3941312323738253,2.3941312323738253,2.3941312323738253,2.3941312323738253
0732491c.qasm,64,success,1.8221959,10.024669797784034,3.5001399821759827,0.0,5.9234911637763,5.9234911637763,5.9234911637763,5.9234911637763,5.9234911637763,3.7782343109392187,4.287082504176578,0.17627581120943947,4.024624480756828,4.024624480756828,4.024624480756828,4.024624480756828,4.024624480756828
0732491c.qasm,512,success,5.6868296,13.666316358198943,14.760250430650972,0.057292255511588494,14.202755081726869,14.202755081726869,14.202755081726869,14.202755081726869,14.202755081726869,4.281566980788517,3.154244072489015,0.43550881797669966,14400.0,14400.0,14400.0,14400.0,14400.0
07fc5b22.qasm,16,success,0.5416286,0.5351035295225985,0.545581713211994,0.0,0.5403172219934547,0.5403172219934547,0.5403172219934547,0.5425538,0.5425538,2.02912959976253,2.593238909875422,0.0,2.2939088541797243,2.2939088541797243,2.2939088541797243,2.2939088541797243,2.2939088541797243
07fc5b22.qasm,64,success,1.3364759,1.335458242156776,1.3407559536157065,0.0,1.338104476106729,1.338104476106729,1.338104476106729,1.3424396,1.3424396,1.8579833850075929,0.9435886828346528,0.0,1.3240740519276044,1.3240740519276044,1.3240740519276044,1.3240740519276044,1.3240740519276044
07fc5b22.qasm,512,success,3.4643763999999995,3.5245958738925207,3.45915560913818,0.0,3.4917224384421797,3.4917224384421797,3.4917224384421797,3.4716296,3.4716296,2.6009951019740836,2.059302580998019,0.0,2.3143543217619977,2.3143543217619977,2.3143543217619977,2.3143543217619977,2.3143543217619977
08239e90.qasm,16,success,63.96641979999998,47.88466852426165,50.51152991149575,0.0,49.18056390959036,49.18056390959036,49.18056390959036,49.055079057765774,49.055079057765774,13.432166799602049,166.5295416036223,0.22333333333333333,47.29537588264972,47.29537588264972,47.29537588264972,47.29537588264972,47.29537588264972
08239e90.qasm,64,success,3.2675198000000005,3.0747066777688934,3.459457278813728,0.0,3.2614132514333067,3.2614132514333067,3.2614132514333067,3.201471525673076,3.201471525673076,7.309313236622736,3.400754828620736,0.48226401179940986,14400.0,14400.0,14400.0,14400.0,14400.0
0885b672.qasm,16,success,1.6545858,1.6506702288951014,1.6401119370986834,0.0,1.6453826140519023,1.6453826140519023,1.6453826140519023,1.6418214,1.6418214,7.7718990688495015,11.103627039103813,0.0,9.289578496684502,9.289578496684502,9.289578496684502,9.289578496684502,9.289578496684502
0885b672.qasm,64,success,8.9290951,8.913841296661872,8.849029302647825,0.0,8.881376179022773,8.881376179022773,8.881376179022773,8.898883499999998,8.898883499999998,10.013044802171402,6.575521615269983,0.0,8.114246270069993,8.114246270069993,8.114246270069993,8.114246270069993,8.114246270069993
0885b672.qasm,512,success,332.10055049999994,335.64179927844566,338.7095074485272,0.0,337.1721644987018,337.1721644987018,337.1721644987018,336.9242883,336.9242883,198.4976269190605,722.1304509145197,0.006396011396011396,378.60425358482604,378.60425358482604,378.60425358482604,378.60425358482604,378.60425358482604
0a0f4c36.qasm,16,success,0.1840534,0.2651906206827292,0.23698505787373006,0.0,0.2506914729105619,0.2506914729105619,0.2506914729105619,0.2506914729105619,0.2506914729105619,0.30728154811195546,0.2698274729610466,0.0,0.2879461818024459,0.2879461818024459,0.2879461818024459,0.2879461818024459,0.2879461818024459
0a0f4c36.qasm,64,success,0.2601157,0.31918886035006605,0.3356275986210701,0.0,0.3273050422860741,0.3273050422860741,0.3273050422860741,0.3273050422860741,0.3273050422860741,0.3455977039080344,0.3295077485150453,0.0,0.3374568436210854,0.3374568436210854,0.3374568436210854,0.3374568436210854,0.3374568436210854
0a0f4c36.qasm,512,success,0.1663742,0.3294015973295004,0.3723686767691558,0.0,0.35022683638355345,0.35022683638355345,0.35022683638355345,0.35022683638355345,0.35022683638355345,0.6386223129528187,0.8760171626696228,0.0,0.7479599632403061,0.7479599632403061,0.7479599632403061,0.7479599632403061,0.7479599632403061
0b0e43d6.qasm,16,success,1.78757,1.7848270008899572,1.7894085397790487,0.0,1.7871163021529175,1.7871163021529175,1.7871163021529175,1.790238108806272,1.790238108806272,7.684893262409685,12.008778982090472,0.0,9.606569871147249,9.606569871147249,9.606569871147249,9.606569871147249,9.606569871147249
0b0e43d6.qasm,64,success,9.9584508,9.927584232015048,10.013781249089925,0.0,9.970589592963554,9.970589592963554,9.970589592963554,9.987170632031416,9.987170632031416,9.495411226700904,6.8761265333993,0.0,8.080324812868334,8.080324812868334,8.080324812868334,8.080324812868334,8.080324812868334
0b0e43d6.qasm,512,success,373.94553460000003,378.4665309689838,378.6530417170808,0.0,378.5597748566501,378.5597748566501,378.5597748566501,379.2252035258902,379.2252035258902,175.91426132087386,837.1335519779484,0.006396011396011396,383.7495673262972,383.7495673262972,383.7495673262972,383.7495673262972,383.7495673262972
0b325fdd.qasm,16,success,204.4226061999999,168.03536234502735,187.1243659231881,0.0,177.32318131447573,177.32318131447573,177.32318131447573,169.35791877125973,169.35791877125973,19.804598174734092,25.51894501550977,0.27,22.480935298054316,22.480935298054316,22.480935298054316,22.480935298054316,22.480935298054316
0b325fdd.qasm,64,success,7.9006322,7.364690086095077,6.842976553449369,0.0,7.099042300378948,7.099042300378948,7.099042300378948,6.755789366944323,6.755789366944323,8.717506167633166,26.162679678671708,0.4057669616519172,14400.0,14400.0,14400.0,14400.0,14400.0
0bde3200.qasm,16,success,0.23376710000000003,0.34117361621452524,0.43416222733899207,0.0033333333333333335,0.38486971448140306,0.38486971448140306,0.38486971448140306,0.38486971448140306,0.38486971448140306,0.3486992209002699,0.5437338234563763,0.0033333333333333335,0.4354303166022817,0.4354303166022817,0.4354303166022817,0.4354303166022817,0.4354303166022817
0bde3200.qasm,64,success,0.232663,0.3555641556181262,0.3640570839348453,0.0,0.35978556064146117,0.35978556064146117,0.35978556064146117,0.35978556064146117,0.35978556064146117,0.5570045213877547,0.7195460962419918,0.0,0.633080112587418,0.633080112587418,0.633080112587418,0.633080112587418,0.633080112587418
0c0ce4a1.qasm,16,success,0.5861573,0.5818466607194679,0.5840308837071345,0.0,0.5829377491997204,0.5829377491997204,0.5829377491997204,0.5823536,0.5823536,1.2767509449278704,1.542045074007005,0.0,1.4031420118290991,1.4031420118290991,1.4031420118290991,1.4031420118290991,1.4031420118290991
0c0ce4a1.qasm,64,success,0.4553035,0.456921969780381,0.45188364766535866,0.0,0.45439582568813214,0.45439582568813214,0.45439582568813214,0.4523345,0.4523345,0.992707013353337,0.5602393972161825,0.0,0.7457570507701221,0.7457570507701221,0.7457570507701221,0.7457570507701221,0.7457570507701221
0c0ce4a1.qasm,512,success,0.4561859,0.45365148686743706,0.45047140942434866,0.0,0.45205865181038823,0.45205865181038823,0.45205865181038823,0.4509034,0.4509034,0.8802459511741529,1.1526095169548596,0.0,1.007263550707714,1.007263550707714,1.007263550707714,1.007263550707714,1.007263550707714
0c676248.qasm,16,success,0.1680261,0.17447524699488393,0.17523105532947544,0.0,0.1748527427859924,0.1748527427859924,0.1748527427859924,0.1748527427859924,0.1748527427859924,15.552990802956868,13.265932194392734,0.0,14.364014808264427,14.364014808264427,14.364014808264427,14.364014808264427,14.364014808264427
0c676248.qasm,64,success,10.329901000000001,9.702620275006051,9.941876994454475,0.0,9.821520111368208,9.821520111368208,9.821520111368208,9.821520111368208,9.821520111368208,15.459968614760095,8.700649571009988,0.0,11.597920904017249,11.597920904017249,11.597920904017249,11.597920904017249,11.597920904017249
0c676248.qasm,512,success,0.18101140000000002,0.1809493532071808,0.17436224558525776,0.0,0.17762526724090807,0.17762526724090807,0.17762526724090807,0.17762526724090807,0.17762526724090807,24.74701463009938,48.238374902340865,0.0,34.55077089502415,34.55077089502415,34.55077089502415,34.55077089502415,34.55077089502415
0cc92082.qasm,16,success,0.2225849,0.5180518435472464,0.44734328977848353,0.0,0.4814010967667538,0.4814010967667538,0.4814010967667538,0.4814010967667538,0.4814010967667538,1.316123480593646,0.5098451874234432,0.0,0.8191576299074933,0.8191576299074933,0.8191576299074933,0.8191576299074933,0.8191576299074933
0cc92082.qasm,64,success,0.5742476,0.40850412768748884,0.2527021272330927,0.0,0.32129404297329783,0.32129404297329783,0.32129404297329783,0.32129404297329783,0.32129404297329783,0.7121605341185858,0.346515727298314,0.0,0.4967643560414309,0.4967643560414309,0.4967643560414309,0.4967643560414309,0.4967643560414309
0cc92082.qasm,512,success,0.18362350000000002,0.47256618413169155,0.4719822045396247,0.0,0.47227410407236387,0.47227410407236387,0.47227410407236387,0.47227410407236387,0.47227410407236387,0.7113812353620631,0.5489729423220922,0.0,0.6249232351972812,0.6249232351972812,0.6249232351972812,0.6249232351972812,0.6249232351972812
0cd81bd7.qasm,16,success,1.4029748,1.3929776372920035,1.3998261778576986,0.0,1.3963977090541622,1.3963977090541622,1.3963977090541622,1.3970083,1.3970083,6.666034763873783,10.336287400370153,0.0,8.300725940558332,8.300725940558332,8.300725940558332,8.300725940558332,8.300725940558332
0cd81bd7.qasm,64,success,7.957766299999999,8.016968187778614,7.950276209748674,0.0,7.9835525587051945,7.9835525587051945,7.9835525587051945,7.96335,7.96335,8.152262895549812,5.87075500449028,0.0,6.918087755440045,6.918087755440045,6.918087755440045,6.918087755440045,6.918087755440045
0cd81bd7.qasm,512,success,285.46857679999994,285.1159317632897,292.10069629041834,0.0,288.587182999433,288.587182999433,288.587182999433,284.6133111999999,284.6133111999999,178.12707622057752,744.2540110299892,0.006396011396011396,364.1040935642022,364.1040935642022,364.1040935642022,364.1040935642022,364.1040935642022
0d08bd43.qasm,16,success,2469.4623289000006,6215.69596656398,5594.935927469412,0.3791208603085986,14400.0,14400.0,14400.0,14400.0,14400.0,3.621618898586664,3.1563724726504776,0.27,3.3810025433190205,3.3810025433190205,100.0,100.0,100.0
0d08bd43.qasm,64,success,188.07979880000005,1472.5271529939998,595.0365407239827,0.0,936.0595404351603,936.0595404351603,936.0595404351603,936.0595404351603,936.0595404351603,2.551200556976353,7.331270798431545,0.40909292035398215,14400.0,14400.0,14400.0,14400.0,14400.0
0d08bd43.qasm,512,timeout,14399.999999999989,11155.637682349838,12880.691187030077,0.9866666666666667,14400.0,14400.0,14400.0,14400.0,14400.0,4.540294345085534,23.128796608866004,0.44548250218722607,14400.0,14400.0,14400.0,14400.0,14400.0
0d094263.qasm,16,success,0.17983059999999998,0.20617017934767948,0.19416258551692958,0.0,0.2000763231335345,0.2000763231335345,0.2000763231335345,0.2000763231335345,0.2000763231335345,0.2342752575504722,0.19878770570633497,0.0,0.21580324592604974,0.21580324592604974,0.21580324592604974,0.21580324592604974,0.21580324592604974
0d094263.qasm,64,success,0.354708,0.1982586419019042,0.23215082392743974,0.0,0.21453649355823426,0.21453649355823426,0.21453649355823426,0.21453649355823426,0.21453649355823426,0.30610361559462484,0.36464588665495057,0.0,0.33409493309056354,0.33409493309056354,0.33409493309056354,0.33409493309056354,0.33409493309056354
0d094263.qasm,512,success,0.17570120000000003,0.19522786890464452,0.21939937011160307,0.0,0.20696103852152856,0.20696103852152856,0.20696103852152856,0.20696103852152856,0.20696103852152856,0.24172982717014352,0.3078667465821833,0.0,0.27280134794891603,0.27280134794891603,0.27280134794891603,0.27280134794891603,0.27280134794891603
0d6f51b4.qasm,16,success,0.1818558,0.20644820072812237,0.22092526368344947,0.0,0.2135640961932369,0.2135640961932369,0.2135640961932369,0.2135640961932369,0.2135640961932369,0.19192335133221447,0.2053138502210275,0.0,0.1985057233667078,0.1985057233667078,0.1985057233667078,0.1985057233667078,0.1985057233667078
0d6f51b4.qasm,64,success,0.2284205,0.22395468734863058,0.21852996510318906,0.0,0.22122569925528965,0.22122569925528965,0.22122569925528965,0.22122569925528965,0.22122569925528965,0.2261254182608427,0.31071203142410786,0.0,0.26506581836301046,0.26506581836301046,0.26506581836301046,0.26506581836301046,0.26506581836301046
0d6f51b4.qasm,512,success,0.1679753,0.2100596527439742,0.2244359322660765,0.0,0.21712884192359647,0.21712884192359647,0.21712884192359647,0.21712884192359647,0.21712884192359647,0.19931204382455459,0.2174774306427853,0.0,0.2081967127193087,0.2081967127193087,0.2081967127193087,0.2081967127193087,0.2081967127193087
0e8ddfa3.qasm,16,success,1.1595966,1.1764339061185363,1.169050881898916,0.0,1.1727365839964494,1.1727365839964494,1.1727365839964494,1.2333624181779053,1.2333624181779053,4.053883970653504,4.191071316967994,0.0,4.12190694117689,4.12190694117689,4.12190694117689,4.12190694117689,4.12190694117689
0e8ddfa3.qasm,64,success,3.4204512,3.4014962438615877,3.4044724993837643,0.0,3.4029840462429366,3.4029840462429366,3.4029840462429366,3.425881159788447,3.425881159788447,4.782434819797299,3.1630023848796003,0.0,3.8893254865786298,3.8893254865786298,3.8893254865786298,3.8893254865786298,3.8893254865786298
0e8ddfa3.qasm,512,success,72.21635219999999,69.77027538851975,72.21762835906014,0.0,70.98340523331771,70.98340523331771,70.98340523331771,72.08044281047725,72.08044281047725,46.69980100236826,324.88842552628415,0.0,123.17558532456907,123.17558532456907,123.17558532456907,123.17558532456907,123.17558532456907
0ee54ab9.qasm,16,success,0.17814269999999996,0.21433532630531815,0.20504739072705033,0.0,0.20963992797064304,0.20963992797064304,0.20963992797064304,0.20963992797064304,0.20963992797064304,0.213646766484372,0.23785390142155802,0.0,0.22542563504270857,0.22542563504270857,0.22542563504270857,0.22542563504270857,0.22542563504270857
0ee54ab9.qasm,64,success,0.2257454,0.2714351025414312,0.3217931466136762,0.0,0.2955434921432259,0.2955434921432259,0.2955434921432259,0.2955434921432259,0.2955434921432259,0.3062677774766035,0.37317306276965556,0.0,0.33806934872685435,0.33806934872685435,0.33806934872685435,0.33806934872685435,0.33806934872685435
0ee54ab9.qasm,512,success,0.1782451,0.21917078790802175,0.22847832552004127,0.0,0.22377617081390258,0.22377617081390258,0.22377617081390258,0.22377617081390258,0.22377617081390258,0.22360618279940883,0.2584507968364166,0.0,0.24039799525382208,0.24039799525382208,0.24039799525382208,0.24039799525382208,0.24039799525382208
0f6ae53c.qasm,16,success,0.17492429999999998,0.5703905638404331,0.26294200190644773,0.0,0.38727204485316385,0.38727204485316385,0.38727204485316385,0.38727204485316385,0.38727204485316385,3.263181059423526,4.383053396930795,0.0,3.781890641902079,3.781890641902079,3.781890641902079,3.781890641902079,3.781890641902079
0f6ae53c.qasm,64,success,0.6351061,1.3258934935571836,0.7632713060320668,0.0,1.0059902874714106,1.0059902874714106,1.0059902874714106,1.0059902874714106,1.0059902874714106,2.991683065598715,1.5649822448412587,0.0,2.163776994020931,2.163776994020931,2.163776994020931,2.163776994020931,2.163776994020931
0f6ae53c.qasm,512,success,0.1797566,0.43823216301934853,0.2790998492092468,0.0,0.3497292247115506,0.3497292247115506,0.3497292247115506,0.3497292247115506,0.3497292247115506,103.06406558896451,27.27679183750517,0.0029940627650551313,53.021288771560094,53.021288771560094,53.021288771560094,53.021288771560094,53.021288771560094
10761caa.qasm,16,success,1.2039713,1.2190545243195252,1.2168517104939531,0.0,1.2179526194001171,1.2179526194001171,1.2179526194001171,1.1978284,1.1978284,4.504563760429876,4.544803099025345,0.0,4.524638696974486,4.524638696974486,4.524638696974486,4.524638696974486,4.524638696974486
10761caa.qasm,64,success,4.1564553,4.175540948423776,4.1601779925371405,0.0,4.167852391888447,4.167852391888447,4.167852391888447,4.174748,4.174748,5.1851985253917725,3.432720858288338,0.0,4.218926300906223,4.218926300906223,4.218926300906223,4.218926300906223,4.218926300906223
10761caa.qasm,512,success,91.75166269999998,92.72292929842139,93.88156478437774,0.0,93.30044851943117,93.30044851943117,93.30044851943117,92.09334020000001,92.09334020000001,57.67869130403423,364.79964877567613,0.0030626780626780625,145.05573525218617,145.05573525218617,145.05573525218617,145.05573525218617,145.05573525218617
10ea3498.qasm,16,success,0.1689698,0.5309870869664992,0.5498638518232496,0.0,0.5403430437303751,0.5403430437303751,0.5403430437303751,0.5403430437303751,0.5403430437303751,6.679930387502728,18.750739861780527,0.00993478260869565,11.191677130388745,11.191677130388745,11.191677130388745,11.191677130388745,11.191677130388745
10ea3498.qasm,64,success,1.1595227,2.4877187067088724,2.9710484720063275,0.0,2.7186638009045825,2.7186638009045825,2.7186638009045825,2.7186638009045825,2.7186638009045825,5.445890912250584,6.177720344739803,0.0,5.800275086911314,5.800275086911314,5.800275086911314,5.800275086911314,5.800275086911314
10ea3498.qasm,512,success,0.1702938,0.5193249706972379,0.6601687702731545,0.0,0.5855272216364817,0.5855272216364817,0.5855272216364817,0.5855272216364817,0.5855272216364817,25.768112555735684,15.690528647534288,0.006487935656836461,20.10759329827065,20.10759329827065,20.10759329827065,20.10759329827065,20.10759329827065
1154e9d9.qasm,16,timeout,14399.999999999989,8511.986354625891,12960.401227889652,0.9544407931510369,14400.0,14400.0,14400.0,14400.0,14400.0,9.45684845993944,19.63291283880629,0.1333259423503326,13.62591213621277,13.62591213621277,100.0,100.0,100.0
1154e9d9.qasm,512,timeout,14399.999999999989,8744.027162481281,12687.38028498096,0.9826130856683523,14400.0,14400.0,14400.0,14400.0,14400.0,9.503106984238794,3.5123385131086278,0.1396228530644196,5.7773807780804525,5.7773807780804525,100.0,100.0,100.0
12157215.qasm,16,success,2000.5838667,1412.0959962183767,1491.171928031362,0.0,1451.0954170027298,1451.0954170027298,1451.0954170027298,1451.0954170027298,1451.0954170027298,52.46916631376871,33.91689005346492,0.27,42.18519817496486,42.18519817496486,42.18519817496486,42.18519817496486,42.18519817496486
12157215.qasm,64,success,851.9857254999997,1218.018839930401,946.0261371856991,0.0,1073.4419677647988,1073.4419677647988,1073.4419677647988,1073.4419677647988,1073.4419677647988,25.465986565132493,71.74519746338103,0.44235250737463117,14400.0,14400.0,14400.0,14400.0,14400.0
12157215.qasm,512,timeout,14399.999999999989,14320.499335695446,14394.468257198854,1.0,14400.0,14400.0,14400.0,14400.0,14400.0,2520.5907195144764,1652.4009449220887,0.5551930285030167,14400.0,14400.0,14400.0,14400.0,14400.0
125f60d7.qasm,16,success,1463.3105540000001,1143.6941575080605,1747.741535454317,0.036509875471894035,1413.8181576614693,1413.8181576614693,1413.8181576614693,1413.8181576614693,1413.8181576614693,15.063877598278616,29.373791269677227,0.27,21.035284554381537,21.035284554381537,100.0,100.0,100.0
125f60d7.qasm,64,success,804.1303602000003,589.1954095459735,263.3784137873239,0.0,393.93064412024523,393.93064412024523,393.93064412024523,393.93064412024523,393.93064412024523,8.761848505279609,19.788287815926406,0.41574483775811194,14400.0,14400.0,14400.0,14400.0,14400.0
138d2c7b.qasm,16,success,1.5629332,1.578346596889018,1.5722371821042536,0.0,1.575288927745202,1.575288927745202,1.575288927745202,1.5884683408005085,1.5884683408005085,6.516686649309961,10.050619596239601,0.0,8.093005531945945,8.093005531945945,8.093005531945945,8.093005531945945,8.093005531945945
138d2c7b.qasm,64,success,7.723485,7.702243684296243,7.7363706431847845,0.0,7.719288304361021,7.719288304361021,7.719288304361021,7.735448859198405,7.735448859198405,7.968367885469574,6.0633957967246515,0.0,6.950925718457356,6.950925718457356,6.950925718457356,6.950925718457356,6.950925718457356
138d2c7b.qasm,512,success,266.476829,262.25188306217024,264.6901727100651,0.0,263.46820723052264,263.46820723052264,263.46820723052264,261.5519423486538,261.5519423486538,149.16143156186368,716.3083227339482,0.006396011396011396,326.8724137315247,326.8724137315247,326.8724137315247,326.8724137315247,326.8724137315247
13b8e3f8.qasm,16,success,1.15246,1.0763418515650742,1.1115208898672346,0.0,1.093789949054643,1.093789949054643,1.093789949054643,1.1168596,1.1168596,4.569134349333799,6.291528283075578,0.0,5.361607780135146,5.361607780135146,5.361607780135146,5.361607780135146,5.361607780135146
13b8e3f8.qasm,64,success,5.056893600000001,5.095643430341704,5.074120352706143,0.0,5.084870503762135,5.084870503762135,5.084870503762135,5.0798998,5.0798998,5.234595727661448,4.2048949208938,0.0,4.691580222928732,4.691580222928732,4.691580222928732,4.691580222928732,4.691580222928732
13b8e3f8.qasm,512,success,143.3873458,145.8577385961722,145.3862151258209,0.0,145.6217860119455,145.6217860119455,145.6217860119455,144.58527109999997,144.58527109999997,90.03382323826563,499.5843676397512,0.0030626780626780625,212.08368784203572,212.08368784203572,212.08368784203572,212.08368784203572,212.08368784203572
13eb49aa.qasm,16,success,0.1763388,0.21010332773843116,0.2056327864873703,0.0,0.20785603848125944,0.20785603848125944,0.20785603848125944,0.20785603848125944,0.20785603848125944,0.28968507227012924,0.24560108309758064,0.0,0.26673388893566685,0.26673388893566685,0.26673388893566685,0.26673388893566685,0.26673388893566685
13eb49aa.qasm,64,success,1.03723,1.090524722799036,1.1374605540682972,0.0,1.1137454176876185,1.1137454176876185,1.1137454176876185,1.1137454176876185,1.1137454176876185,0.379443845694398,0.2748291681028328,0.0,0.32292760249618035,0.32292760249618035,0.32292760249618035,0.32292760249618035,0.32292760249618035
14019fed.qasm,16,success,85.55772610000001,27.780423900004415,24.898260947859246,0.0,26.299890560693505,26.299890560693505,26.299890560693505,26.299890560693505,26.299890560693505,8.226606987019604,8.510529689839467,0.01966666666666667,8.367364161411356,8.367364161411356,8.367364161411356,8.367364161411356,8.367364161411356
14019fed.qasm,64,success,7.701556400000001,8.373278520063373,4.01577138970311,0.0,5.798721610741983,5.798721610741983,5.798721610741983,5.798721610741983,5.798721610741983,7.457628060916963,7.785539654418298,0.0,7.619820141983119,7.619820141983119,7.619820141983119,7.619820141983119,7.619820141983119
14019fed.qasm,512,success,125.55042679999998,43.29056039557541,29.561372439481943,0.022311231951121495,35.77329141926266,35.77329141926266,35.77329141926266,35.77329141926266,35.77329141926266,41.29499619796194,422.20900444070816,0.06335224445107993,132.04211158991797,132.04211158991797,132.04211158991797,132.04211158991797,132.04211158991797
149b1e7c.qasm,16,success,5.221844600000001,4.344091606316359,4.3075716173326155,0.0,4.325793072543021,4.325793072543021,4.325793072543021,4.350116339774292,4.350116339774292,2.936262481023428,1.687132444540537,0.0,2.2257276781811646,2.2257276781811646,2.2257276781811646,2.2257276781811646,2.2257276781811646
149b1e7c.qasm,64,success,0.1728306,0.2189098581445887,0.21040245221170853,0.0,0.2146140045918223,0.2146140045918223,0.2146140045918223,0.227096124073372,0.227096124073372,3.392895810001591,1.948093594935521,0.0,2.570929519793894,2.570929519793894,2.570929519793894,2.570929519793894,2.570929519793894
15434610.qasm,16,success,1.5159936,1.625433897334464,1.5871026572314668,0.0,1.606153933349362,1.606153933349362,1.606153933349362,1.6095052929052935,1.6095052929052935,6.516686649309961,10.050619596239601,0.0,8.093005531945945,8.093005531945945,8.093005531945945,8.093005531945945,8.093005531945945
15434610.qasm,64,success,7.743600700000001,7.713377700629466,7.739315530426005,0.0,7.726335731155052,7.726335731155052,7.726335731155052,7.7328732842594405,7.7328732842594405,7.968367885469574,6.090771703056522,0.0,6.966599574854466,6.966599574854466,6.966599574854466,6.966599574854466,6.966599574854466
15434610.qasm,512,success,260.9629377999999,266.4886556624827,266.95775888156237,0.0,266.72310414176127,266.72310414176127,266.72310414176127,266.8513581668334,266.8513581668334,149.16143156186368,716.3083227339482,0.006396011396011396,326.8724137315247,326.8724137315247,326.8724137315247,326.8724137315247,326.8724137315247
159b3481.qasm,16,success,0.5732643,0.5599722759225673,0.5780324443135452,0.0,0.5689307017549154,0.5689307017549154,0.5689307017549154,0.5692855113131108,0.5692855113131108,1.8936286995961906,2.2973910183222515,0.0,2.085762586319338,2.085762586319338,2.085762586319338,2.085762586319338,2.085762586319338
159b3481.qasm,64,success,1.1235271,1.1178532614508985,1.1338526699922395,0.0,1.1258245445697275,1.1258245445697275,1.1258245445697275,1.1257256091391492,1.1257256091391492,1.479570372362725,0.8097818359069955,0.0,1.0945908881794533,1.0945908881794533,1.0945908881794533,1.0945908881794533,1.0945908881794533
159b3481.qasm,512,success,2.7779996,2.7084086456644285,2.7666954126321825,0.0,2.7373968976918777,2.7373968976918777,2.7373968976918777,2.7490709610371824,2.7490709610371824,2.413631909832828,1.8933531566195665,0.0,2.137722525352553,2.137722525352553,2.137722525352553,2.137722525352553,2.137722525352553
15c28669.qasm,16,success,0.2514302,1.0398779943805292,0.856886722003219,0.0,0.9439584979690651,0.9439584979690651,0.9439584979690651,0.9439584979690651,0.9439584979690651,0.661634366667372,1.1286299756612108,0.0,0.8641414115458282,0.8641414115458282,0.8641414115458282,0.8641414115458282,0.8641414115458282
15c28669.qasm,64,success,0.3990744,1.1930470341298183,0.7558336856199327,0.0,0.9496026205335947,0.9496026205335947,0.9496026205335947,0.9496026205335947,0.9496026205335947,1.1467066929284928,1.2878594928064495,0.0,1.2152354092737134,1.2152354092737134,1.2152354092737134,1.2152354092737134,1.2152354092737134
15c28669.qasm,512,success,0.2419986,2.1782403575412435,1.9594001035744883,0.0,2.0659245828869075,2.0659245828869075,2.0659245828869075,2.0659245828869075,2.0659245828869075,1.7372533004196047,1.8476936519790041,0.0,1.7916226988584616,1.7916226988584616,1.7916226988584616,1.7916226988584616,1.7916226988584616
1619b169.qasm,16,success,0.17318939999999997,0.2518131326712087,0.24563602414528263,0.0,0.2487054015033133,0.2487054015033133,0.2487054015033133,0.2487054015033133,0.2487054015033133,0.22031912821788696,0.5466506180048948,0.0,0.3470411900604992,0.3470411900604992,0.3470411900604992,0.3470411900604992,0.3470411900604992
1619b169.qasm,64,success,0.1710901,0.3090003906548306,0.26086412326778596,0.0,0.2839139235711693,0.2839139235711693,0.2839139235711693,0.2839139235711693,0.2839139235711693,0.38696840375032016,0.45384392050369027,0.0,0.4190742863372796,0.4190742863372796,0.4190742863372796,0.4190742863372796,0.4190742863372796
1619b169.qasm,512,success,0.18216660000000004,0.28154363874836397,0.2538992079443924,0.0,0.2673643709995626,0.2673643709995626,0.2673643709995626,0.2673643709995626,0.2673643709995626,0.27785098731172464,0.5675197280521076,0.0,0.397096860675276,0.397096860675276,0.397096860675276,0.397096860675276,0.397096860675276
166e9d3a.qasm,16,success,0.18061239999999998,0.5435540821685334,0.5292721732745221,0.0,0.5363655939390388,0.5363655939390388,0.5363655939390388,0.5363655939390388,0.5363655939390388,0.6413576078691687,0.6179079044828993,0.0,0.6295235781943382,0.6295235781943382,0.6295235781943382,0.6295235781943382,0.6295235781943382
166e9d3a.qasm,64,success,0.16925800000000002,0.46339600106557566,0.2809237970488943,0.0,0.3608032208235051,0.3608032208235051,0.3608032208235051,0.3608032208235051,0.3608032208235051,0.49651746958226106,0.37581085939684844,0.003325958702064897,0.4319683517912604,0.4319683517912604,0.4319683517912604,0.4319683517912604,0.4319683517912604
166e9d3a.qasm,512,success,0.169438,0.45675641166886544,0.3451590549135235,0.0,0.39705618163846523,0.39705618163846523,0.39705618163846523,0.39705618163846523,0.39705618163846523,0.47733791716341306,0.3096790968198314,0.0,0.38447571453217333,0.38447571453217333,0.38447571453217333,0.38447571453217333,0.38447571453217333
1688d759.qasm,16,success,1.9672979,1.9503484460072107,1.9815965229972134,0.0,1.9659103995963059,1.9659103995963059,1.9659103995963059,1.9424587,1.9424587,8.137799954749374,13.890334538561124,0.0,10.631874894831881,10.631874894831881,10.631874894831881,10.631874894831881,10.631874894831881
1688d759.qasm,64,success,14.099032299999998,14.114399231593541,13.895566164770802,0.0,14.004555273145886,14.004555273145886,14.004555273145886,14.129976999999997,14.129976999999997,10.173549978543086,8.811799472377526,0.0,9.468224877617365,9.468224877617365,9.468224877617365,9.468224877617365,9.468224877617365
1688d759.qasm,512,success,559.5118791999997,527.0072120274442,537.5520551579675,0.0,532.253520334458,532.253520334458,532.253520334458,556.7358081999998,556.7358081999998,186.81971302969387,855.3903244299294,0.009588290534838418,399.754643423158,399.754643423158,399.754643423158,399.754643423158,399.754643423158
16ff70bb.qasm,16,success,2.1233068,2.1164436319239703,2.1104999317995357,0.0,2.113469692433062,2.113469692433062,2.113469692433062,2.121653180971452,2.121653180971452,9.880795481426928,13.71580966996107,0.0,11.641439353063829,11.641439353063829,11.641439353063829,11.641439353063829,11.641439353063829
16ff70bb.qasm,64,success,12.121247399999998,12.212920450060029,12.138975094910212,0.0,12.17589163796222,12.17589163796222,12.17589163796222,12.168969412968432,12.168969412968432,11.934112603913636,8.013885321845153,0.0,9.779499467035658,9.779499467035658,9.779499467035658,9.779499467035658,9.779499467035658
16ff70bb.qasm,512,success,493.81017920000016,475.8516939321418,497.12953257464585,0.0,486.3742696518177,486.3742696518177,486.3742696518177,496.26263370374187,496.26263370374187,288.16376997240917,935.9248347582899,0.006396011396011396,519.3261295128068,519.3261295128068,519.3261295128068,519.3261295128068,519.3261295128068
17253376.qasm,16,success,1.7846797,1.7416007413908439,1.7747463952973608,0.0,1.7580954575422265,1.7580954575422265,1.7580954575422265,1.725612202955635,1.725612202955635,7.2279775986609085,12.26660801156372,0.0,9.416090904358189,9.416090904358189,9.416090904358189,9.416090904358189,9.416090904358189
17253376.qasm,64,success,12.199884,11.935115173998952,11.732644209450392,0.0,11.83344666339196,11.83344666339196,11.83344666339196,12.238581376803017,12.238581376803017,9.539778942276591,7.875900175419319,0.0,8.6680070745782,8.6680070745782,8.6680070745782,8.6680070745782,8.6680070745782
17253376.qasm,512,success,464.4622878000001,469.76613524657756,471.3806139995195,0.0,470.5726822380505,470.5726822380505,470.5726822380505,466.63489260803374,466.63489260803374,183.96527763833186,812.1819701936355,0.006396011396011396,386.54014233908424,386.54014233908424,386.54014233908424,386.54014233908424,386.54014233908424
173d4b8b.qasm,16,success,0.4365735,0.6998559577701814,0.6526167646090727,0.0,0.6758237424449954,0.6758237424449954,0.6758237424449954,0.6758237424449954,0.6758237424449954,1.214106581214442,1.2596066970897428,0.0,1.236647395452092,1.236647395452092,1.236647395452092,1.236647395452092,1.236647395452092
173d4b8b.qasm,64,success,0.4759959,0.7090497674728201,0.5814695786612015,0.0,0.6420988004522697,0.6420988004522697,0.6420988004522697,0.6420988004522697,0.6420988004522697,1.2654241538118782,0.9012296255194151,0.0,1.0679127943156697,1.0679127943156697,1.0679127943156697,1.0679127943156697,1.0679127943156697
173d4b8b.qasm,512,success,0.4571515,0.6970194862733678,0.7240048002596684,0.0,0.7103840186381211,0.7103840186381211,0.7103840186381211,0.7103840186381211,0.7103840186381211,1.2179229845793227,1.2294656786157945,0.0,1.2236807217316088,1.2236807217316088,1.2236807217316088,1.2236807217316088,1.2236807217316088
175f2997.qasm,16,success,1.5397053,1.521757340202889,1.5328978627354886,0.0,1.5273174438861916,1.5273174438861916,1.5273174438861916,1.53320021609448,1.53320021609448,6.0909773341701525,9.92404318450418,0.0,7.774774729864574,7.774774729864574,7.774774729864574,7.774774729864574,7.774774729864574
175f2997.qasm,64,success,6.911357399999999,6.933433570701802,6.881989875145332,0.0,6.90766383327696,6.90766383327696,6.90766383327696,6.911478069700667,6.911478069700667,7.363021883733328,5.552906518258877,0.0,6.394229602717247,6.394229602717247,6.394229602717247,6.394229602717247,6.394229602717247
175f2997.qasm,512,success,203.2557665999999,204.99064984971963,205.80741573785733,0.0,205.39862681136586,205.39862681136586,205.39862681136586,204.11764961513882,204.11764961513882,139.51020495895614,718.452178493814,0.006396011396011396,316.593446986637,316.593446986637,316.593446986637,316.593446986637,316.593446986637
17e5a14b.qasm,16,success,85.25765730000002,62.12670101922254,69.23446272896582,0.0,65.58436373243978,65.58436373243978,65.58436373243978,65.58436373243978,65.58436373243978,16.57941780088738,166.68091190479547,0.15,52.56874050139023,52.56874050139023,52.56874050139023,52.56874050139023,52.56874050139023
17e5a14b.qasm,64,success,4.9438845,3.846175159055235,3.587686051885419,0.0,3.7146828897297075,3.7146828897297075,3.7146828897297075,3.7146828897297075,3.7146828897297075,8.30076985656432,3.1232360462376656,0.4589823008849556,14400.0,14400.0,14400.0,14400.0,14400.0
195099c8.qasm,16,success,0.3044958,0.8157589410402826,0.5255836020663189,0.0033333333333333335,0.6547896781789994,0.6547896781789994,0.6547896781789994,0.6547896781789994,0.6547896781789994,18.646128376446235,17.847044474238256,0.019611198665059792,18.242211554709915,18.242211554709915,18.242211554709915,18.242211554709915,18.242211554709915
195099c8.qasm,64,success,10.437987799999998,4.401705540815885,8.726362805242667,0.0,6.1976511285329945,6.1976511285329945,6.1976511285329945,6.1976511285329945,6.1976511285329945,17.995535020469443,19.30673975071232,0.0,18.639611350965264,18.639611350965264,18.639611350965264,18.639611350965264,18.639611350965264
195099c8.qasm,512,success,0.2926443,0.8392260216122709,0.4909842219085802,0.009507418306356341,0.641908665798129,0.641908665798129,0.641908665798129,0.641908665798129,0.641908665798129,22.275695782799815,16.77042003240383,0.035676260533681926,19.328030804807803,19.328030804807803,19.328030804807803,19.328030804807803,19.328030804807803
19550378.qasm,16,success,0.7261901,0.3805265435661692,0.5072672284266412,0.12151604401575873,0.4393502533259543,0.4393502533259543,0.4393502533259543,0.4393502533259543,0.4393502533259543,0.47002641708060766,0.7073454560396145,0.0,0.5766030266487928,0.5766030266487928,0.5766030266487928,0.5766030266487928,0.5766030266487928
19550378.qasm,64,success,0.7177524,0.4923069808368082,0.6865960852515877,0.0,0.5813914737804304,0.5813914737804304,0.5813914737804304,0.5813914737804304,0.5813914737804304,0.43685921227401986,0.38382931003223236,0.0,0.40948671532585956,0.40948671532585956,0.40948671532585956,0.40948671532585956,0.40948671532585956
19550378.qasm,512,success,0.7171464,0.503720638478199,0.837263190534467,0.0031704980842911876,0.6494203175989458,0.6494203175989458,0.6494203175989458,0.6494203175989458,0.6494203175989458,0.39660187439770783,0.2815550225755452,0.0,0.33416350743243967,0.33416350743243967,0.33416350743243967,0.33416350743243967,0.33416350743243967
1959a985.qasm,16,success,4.8913162,4.993139027201691,4.9767667973092005,0.0,4.984946190775397,4.984946190775397,4.984946190775397,4.984946190775397,4.984946190775397,1.7831739819882715,1.5545166671714121,0.0,1.6649245254566898,1.6649245254566898,1.6649245254566898,1.6649245254566898,1.6649245254566898
1959a985.qasm,64,success,31.2692711,9.24702770238712,10.882345593544844,0.0,10.031418203347899,10.031418203347899,10.031418203347899,10.031418203347899,10.031418203347899,4.998482508471136,6.604147023072064,0.0,5.7454950507504075,5.7454950507504075,5.7454950507504075,5.7454950507504075,5.7454950507504075
1959a985.qasm,512,success,1435.4921207999998,1459.0857877902536,1517.3578363771303,0.0,1487.936575950078,1487.936575950078,1487.936575950078,1487.936575950078,1487.936575950078,119.77581460661564,300.76799716873626,0.0,189.80182261634278,189.80182261634278,189.80182261634278,189.80182261634278,189.80182261634278
19d587f3.qasm,16,success,0.17350479999999996,0.19079770952522407,0.1882318093155434,0.0,0.18951041680391717,0.18951041680391717,0.18951041680391717,0.18951041680391717,0.18951041680391717,0.21996592715829577,0.18471806380300052,0.0,0.20157301448188006,0.20157301448188006,0.20157301448188006,0.20157301448188006,0.20157301448188006
19d587f3.qasm,64,success,1.2004384,1.0372623282736868,1.2736009449128156,0.0,1.149372994902801,1.149372994902801,1.149372994902801,1.149372994902801,1.149372994902801,0.6773570118041516,1.3321970443594624,0.0,0.9499331603337408,0.9499331603337408,0.9499331603337408,0.9499331603337408,0.9499331603337408
19d587f3.qasm,512,success,0.172592,0.19287403193325664,0.1889718175216091,0.0,0.19091295494844868,0.19091295494844868,0.19091295494844868,0.19091295494844868,0.19091295494844868,0.23436763096784483,0.18383688143042815,0.0,0.20757026373102197,0.20757026373102197,0.20757026373102197,0.20757026373102197,0.20757026373102197
1a554de5.qasm,16,success,0.17159249999999998,0.3443978628749583,0.37289798241019534,0.0033333333333333335,0.3583647139611475,0.3583647139611475,0.3583647139611475,0.3583647139611475,0.3583647139611475,2.0351305251170673,2.6658723353717098,0.01980370352694125,2.329248412209417,2.329248412209417,2.329248412209417,2.329248412209417,2.329248412209417
1a554de5.qasm,64,success,0.1756577,0.6706096496334473,1.0146373603122003,0.0,0.8248791455140386,0.8248791455140386,0.8248791455140386,0.8248791455140386,0.8248791455140386,1.782775732461452,1.2634624043677094,0.0,1.5008231452720038,1.5008231452720038,1.5008231452720038,1.5008231452720038,1.5008231452720038
1a554de5.qasm,512,success,0.1775085,0.6861985278992712,0.43165679235275994,0.0,0.5442446650819696,0.5442446650819696,0.5442446650819696,0.5442446650819696,0.5442446650819696,4.830009888997023,2.8234142987724904,0.0,3.692847002490994,3.692847002490994,3.692847002490994,3.692847002490994,3.692847002490994
1aa22822.qasm,16,success,20.512900800000004,25.29600811931514,27.144368402156058,0.0,26.203895960231204,26.203895960231204,26.203895960231204,26.203895960231204,26.203895960231204,12.761526211031681,132.50779779224007,0.07,41.12179148203248,41.12179148203248,41.12179148203248,41.12179148203248,41.12179148203248
1aa22822.qasm,64,success,1.1141745,2.747499528124596,3.090616585589961,0.0,2.9140122872977847,2.9140122872977847,2.9140122872977847,2.9140122872977847,2.9140122872977847,6.478832306072035,2.577178422425482,0.382485250737463,14400.0,14400.0,14400.0,14400.0,14400.0
1af5b336.qasm,16,success,1.0828512,1.0926717649495084,1.1041996828978144,0.0,1.0984206008486195,1.0984206008486195,1.0984206008486195,1.1123936426428191,1.1123936426428191,2.909227648843023,3.4216194623417295,0.0,3.15503881809146,3.15503881809146,3.15503881809146,3.15503881809146,3.15503881809146
1af5b336.qasm,64,success,2.2817078,2.2586872745488704,2.2915444754406056,0.0,2.2750565588003435,2.2750565588003435,2.2750565588003435,2.295085373422122,2.295085373422122,2.771084714266157,1.4275249772606766,0.0,1.9889174552304087,1.9889174552304087,1.9889174552304087,1.9889174552304087,1.9889174552304087
1af5b336.qasm,512,success,23.957207000000007,23.027755125847516,23.97472339033633,0.0,23.496469084579356,23.496469084579356,23.496469084579356,24.010285026137478,24.010285026137478,20.4269559632165,185.68487270418774,0.0,61.5871473423141,61.5871473423141,61.5871473423141,61.5871473423141,61.5871473423141
1b91945f.qasm,16,success,0.5788403,0.5636399095734953,0.5535429970849746,0.0,0.5585686393112459,0.5585686393112459,0.5585686393112459,0.5732643,0.5732643,1.878996465840232,2.30425283406613,0.0,2.080789016602259,2.080789016602259,2.080789016602259,2.080789016602259,2.080789016602259
1b91945f.qasm,64,success,1.1345342,1.0915616164380786,1.108433058915363,0.0,1.0999649910351954,1.0999649910351954,1.0999649910351954,1.1235271,1.1235271,1.4681376033349745,0.8067005231809329,0.0,1.0882772499284936,1.0882772499284936,1.0882772499284936,1.0882772499284936,1.0882772499284936
1b91945f.qasm,512,success,2.7687015,2.7333578338978275,2.752534052765655,0.0,2.7429291854142974,2.7429291854142974,2.7429291854142974,2.769683,2.769683,2.413631909832828,1.907117078538559,0.0,2.1454786497534357,2.1454786497534357,2.1454786497534357,2.1454786497534357,2.1454786497534357
1cb3c32c.qasm,16,success,8.074354699999999,6.792797683841192,7.109853256126877,0.0,6.94951758978056,6.94951758978056,6.94951758978056,6.94951758978056,6.94951758978056,5.301194872776492,5.235606656292031,0.0,5.268298697132669,5.268298697132669,5.268298697132669,5.268298697132669,5.268298697132669
1cb3c32c.qasm,64,success,0.3971776,0.2745090351072835,0.25661235881518035,0.0,0.2654098924587386,0.2654098924587386,0.2654098924587386,0.2654098924587386,0.2654098924587386,4.051695616183922,3.008921947412251,0.0,3.4915950314676825,3.4915950314676825,3.4915950314676825,3.4915950314676825,3.4915950314676825
1d1dc1d8.qasm,16,success,2.091032,2.047596173391171,2.045628573725804,0.0,2.046612137103803,2.046612137103803,2.046612137103803,2.043842954631761,2.043842954631761,9.17060759598992,13.641599022852965,0.0,11.184889432641883,11.184889432641883,11.184889432641883,11.184889432641883,11.184889432641883
1d1dc1d8.qasm,64,success,12.1915016,11.589740298628657,11.917205449872865,0.0,11.752332374870472,11.752332374870472,11.752332374870472,11.950703897829907,11.950703897829907,11.114618528041458,7.738768779692931,0.0,9.274344336016634,9.274344336016634,9.274344336016634,9.274344336016634,9.274344336016634
1d1dc1d8.qasm,512,success,477.1889418,491.26251657034504,487.787966805405,0.0,489.5221589729674,489.5221589729674,489.5221589729674,489.69805935250196,489.69805935250196,227.046523072125,931.6972018445691,0.006396011396011396,459.9332671538742,459.9332671538742,459.9332671538742,459.9332671538742,459.9332671538742
1d4b1889.qasm,16,success,0.4623995,0.46602826362388194,0.4767230257396339,0.0,0.4713453128174341,0.4713453128174341,0.4713453128174341,0.47220964994623055,0.47220964994623055,0.9449751759442863,1.1680605097849186,0.0,1.0506132427052195,1.0506132427052195,1.0506132427052195,1.0506132427052195,1.0506132427052195
1d4b1889.qasm,64,success,0.339699,0.3451567386583417,0.3511533404747108,0.0,0.3481421286877436,0.3481421286877436,0.3481421286877436,0.34818040298859493,0.34818040298859493,0.7407120080783944,0.5071769850895999,0.0,0.612920943578259,0.612920943578259,0.612920943578259,0.612920943578259,0.612920943578259
1d4b1889.qasm,512,success,0.3409897,0.3464168490288215,0.35074509785829083,0.0,0.3485742555215098,0.3485742555215098,0.3485742555215098,0.3483999978621132,0.3483999978621132,0.8186199452032049,1.0913159421678342,0.0,0.9451841073446042,0.9451841073446042,0.9451841073446042,0.9451841073446042,0.9451841073446042
1db5f683.qasm,16,success,2.0087796,2.0008931472862805,1.999493080778994,0.0,2.0001929915328227,2.0001929915328227,2.0001929915328227,1.9975783362865367,1.9975783362865367,8.729851618428423,13.531926648622388,0.0,10.86884132527156,10.86884132527156,10.86884132527156,10.86884132527156,10.86884132527156
1db5f683.qasm,64,success,11.511427700000002,11.432687657832597,11.452687624371102,0.0,11.442683271512836,11.442683271512836,11.442683271512836,11.441402561674606,11.441402561674606,10.453044080360794,7.420524372577079,0.0,8.807216834275163,8.807216834275163,8.807216834275163,8.807216834275163,8.807216834275163
1db5f683.qasm,512,success,436.8524219,444.5586365330743,448.18302470713587,0.0,446.36715199606,446.36715199606,446.36715199606,445.21314323266944,445.21314323266944,215.40297839117912,907.0142332098796,0.006396011396011396,442.0108225785875,442.0108225785875,442.0108225785875,442.0108225785875,442.0108225785875
1f1383d7.qasm,16,success,0.2250921,0.18136052214069037,0.17600730004303164,0.0,0.17866386270417803,0.17866386270417803,0.17866386270417803,0.17866386270417803,0.17866386270417803,10.608710895587762,13.779036205259636,0.023107253327081145,12.090401627796993,12.090401627796993,12.090401627796993,12.090401627796993,12.090401627796993
1f1383d7.qasm,64,success,2.1631353,1.960739352205136,2.820094473697875,0.0,2.3514825560730097,2.3514825560730097,2.3514825560730097,2.3514825560730097,2.3514825560730097,7.468597074405779,5.093525963259808,0.0,6.167778620185072,6.167778620185072,6.167778620185072,6.167778620185072,6.167778620185072
1f1383d7.qasm,512,success,0.2264848,0.1825181967429095,0.17785380620619087,0.0,0.18017090773101202,0.18017090773101202,0.18017090773101202,0.18017090773101202,0.18017090773101202,18.954145759411187,15.279468194356513,0.016487935656836462,17.01791019138721,17.01791019138721,17.01791019138721,17.01791019138721,17.01791019138721
1fd34b96.qasm,16,success,2.6722234,2.6801548083465883,2.684100543083022,0.0,2.682126950132982,2.682126950132982,2.682126950132982,2.674391427688522,2.674391427688522,13.579793048799326,17.224835226573443,0.0,15.294106632181428,15.294106632181428,15.294106632181428,15.294106632181428,15.294106632181428
1fd34b96.qasm,64,success,21.079753,21.01234913140396,21.021534047722966,0.0,21.016941087809393,21.016941087809393,21.016941087809393,20.967028138590337,20.967028138590337,17.810542906723196,11.347073253794123,0.0,14.216101260628085,14.216101260628085,14.216101260628085,14.216101260628085,14.216101260628085
1fd34b96.qasm,512,success,961.0837074000003,944.3935933588232,898.0011656883087,0.0,920.9052870435671,920.9052870435671,920.9052870435671,972.9109080258111,972.9109080258111,401.72671650629763,1238.8104609212521,0.009588290534838418,705.452520613222,705.452520613222,705.452520613222,705.452520613222,705.452520613222
20448412.qasm,16,success,147.65277569999995,19.760736313405058,26.762554895726677,0.019814083231445002,22.99669085689249,22.99669085689249,22.99669085689249,22.99669085689249,22.99669085689249,7.234770049594841,18.104604486181632,0.016666666666666666,11.444765191841519,11.444765191841519,11.444765191841519,11.444765191841519,11.444765191841519
20448412.qasm,64,success,184.3939734999999,16.90193844334055,7.982673317551769,0.0,11.615621077951753,11.615621077951753,11.615621077951753,11.615621077951753,11.615621077951753,6.290450455058889,1.251717379452978,0.029933628318584073,2.8060410116719794,2.8060410116719794,2.8060410116719794,2.8060410116719794,2.8060410116719794
20448412.qasm,512,success,148.94883800000002,21.564483012983096,17.603347155304792,0.003199233716475096,19.483507915727458,19.483507915727458,19.483507915727458,19.483507915727458,19.483507915727458,5.974548821721928,9.048093002166544,0.12300877192982455,7.352433160860733,7.352433160860733,7.352433160860733,7.352433160860733,7.352433160860733
2059c310.qasm,16,success,0.4773265,0.5884865161822537,0.5004803994031756,0.0,0.5427024660550914,0.5427024660550914,0.5427024660550914,0.5427024660550914,0.5427024660550914,0.4044646018571471,0.31555959201084344,0.0,0.35725716892019055,0.35725716892019055,0.35725716892019055,0.35725716892019055,0.35725716892019055
2059c310.qasm,64,success,3.3123999,2.375707087228477,2.548352932665401,0.0,2.4605162309752533,2.4605162309752533,2.4605162309752533,2.4605162309752533,2.4605162309752533,0.8385872144969625,0.6544805200320443,0.0,0.7408366866160149,0.7408366866160149,0.7408366866160149,0.7408366866160149,0.7408366866160149
2078a631.qasm,16,success,2.4060191,2.3331515366080335,2.3579523382956964,0.0,2.345519158170129,2.345519158170129,2.345519158170129,2.3211752,2.3211752,9.241943821398863,15.37673354481858,0.0,11.921027958101295,11.921027958101295,11.921027958101295,11.921027958101295,11.921027958101295
2078a631.qasm,64,success,16.260589,16.15284932445463,16.339276880840647,0.0,16.24579568770837,16.24579568770837,16.24579568770837,16.271500999999997,16.271500999999997,12.269652009039426,9.610786053741911,0.0,10.85914363164714,10.85914363164714,10.85914363164714,10.85914363164714,10.85914363164714
2078a631.qasm,512,success,646.7251833,447.3163490623139,328.1736855696549,0.0,383.14155985398094,383.14155985398094,383.14155985398094,651.6184142999999,651.6184142999999,216.0320498466549,929.886707600669,0.009588290534838418,448.202333291706,448.202333291706,448.202333291706,448.202333291706,448.202333291706
208334f1.qasm,16,success,0.1715742,0.449925050918782,0.3438884531839859,0.0032705882352941176,0.39334975506435244,0.39334975506435244,0.39334975506435244,0.39334975506435244,0.39334975506435244,7.275703010183869,12.727411921976008,0.003268115942028985,9.622934543712272,9.622934543712272,9.622934543712272,9.622934543712272,9.622934543712272
208334f1.qasm,64,success,1.1387004,1.2949748070958507,1.6896690714665341,0.0,1.4792156299465606,1.4792156299465606,1.4792156299465606,1.4792156299465606,1.4792156299465606,5.115197734929459,3.5291193569091126,0.0,4.248781394795125,4.248781394795125,4.248781394795125,4.248781394795125,4.248781394795125
208334f1.qasm,512,success,0.18524460000000004,0.37175832032384365,0.21806360644631081,0.0,0.28472260194132853,0.28472260194132853,0.28472260194132853,0.28472260194132853,0.28472260194132853,264.0639096078705,57.44905871390467,0.012815331755224925,123.1674593684784,123.1674593684784,123.1674593684784,123.1674593684784,123.1674593684784
2190b5a7.qasm,16,success,0.21629669999999998,0.18308772867584613,0.1799831295173761,0.0,0.18152879216065704,0.18152879216065704,0.18152879216065704,0.18152879216065704,0.18152879216065704,0.25745658378884667,0.2630590935285185,0.0,0.26024276273211344,0.26024276273211344,0.26024276273211344,0.26024276273211344,0.26024276273211344
2190b5a7.qasm,64,success,0.1627301,0.17817978914322166,0.17258090423205572,0.0,0.17535800274357088,0.17535800274357088,0.17535800274357088,0.17535800274357088,0.17535800274357088,0.31528881371726214,0.267271025708715,0.0,0.2902887607825984,0.2902887607825984,0.2902887607825984,0.2902887607825984,0.2902887607825984
2190b5a7.qasm,512,success,0.2115168,0.1814518329802746,0.18353058338811634,0.0,0.18248824828934287,0.18248824828934287,0.18248824828934287,0.18248824828934287,0.18248824828934287,0.26589637011749495,0.29416373309023397,0.0,0.2796731464565464,0.2796731464565464,0.2796731464565464,0.2796731464565464,0.2796731464565464
231bbda3.qasm,16,success,4.4113397,3.7866128087495845,6.282120062078696,0.0,4.877289851256529,4.877289851256529,4.877289851256529,4.877289851256529,4.877289851256529,2.2360088879433544,4.438667498744586,0.016333333333333335,3.150380925827572,3.150380925827572,3.150380925827572,3.150380925827572,3.150380925827572
231bbda3.qasm,64,success,1.1731902,1.858741898895215,1.5974825714579504,0.0,1.723167951281523,1.723167951281523,1.723167951281523,1.723167951281523,1.723167951281523,2.390481277969613,3.5829992971257765,0.0,2.926617969390172,2.926617969390172,2.926617969390172,2.926617969390172,2.926617969390172
231bbda3.qasm,512,success,4.424197,11.677396153421299,28.42024628898377,0.0033333333333333335,18.217422284567732,18.217422284567732,18.217422284567732,18.217422284567732,18.217422284567732,13.411074643684831,176.88757090738522,0.009483337405105097,48.70577395934732,48.70577395934732,48.70577395934732,48.70577395934732,48.70577395934732
235dda60.qasm,16,success,2.3659587,2.3638498761860185,2.3846284207994812,0.0,2.3742164175273732,2.3742164175273732,2.3742164175273732,2.3526015,2.3526015,9.257529309503056,15.427850621804525,0.0,11.950890314700004,11.950890314700004,11.950890314700004,11.950890314700004,11.950890314700004
235dda60.qasm,64,success,16.3526073,16.337019994774728,16.274524904892857,0.0,16.3057425092111,16.3057425092111,16.3057425092111,16.271500999999997,16.271500999999997,12.269652009039426,9.610786053741911,0.0,10.85914363164714,10.85914363164714,10.85914363164714,10.85914363164714,10.85914363164714
235dda60.qasm,512,success,307.20749069999994,636.6570916580782,650.3106019515656,0.0,643.4476330773919,643.4476330773919,643.4476330773919,651.6184142999999,651.6184142999999,216.0320498466549,927.8631961686167,0.009588290534838418,447.7144047778395,447.7144047778395,447.7144047778395,447.7144047778395,447.7144047778395
24ca3082.qasm,16,success,2771.0450235,5981.660925628147,2885.2256142454657,0.4747836054066376,14400.0,14400.0,14400.0,14400.0,14400.0,2.8760931167763055,2.7927276613388767,0.07332594235033259,2.8341038802075573,2.8341038802075573,100.0,100.0,100.0
24ca3082.qasm,64,success,1988.8930581999996,1181.4276643801124,517.186348851516,0.0,781.6765700549838,781.6765700549838,781.6765700549838,781.6765700549838,781.6765700549838,3.7369592769936695,10.275760109204157,0.26940265486725656,6.1967811860878195,6.1967811860878195,100.0,100.0,100.0
24ca3082.qasm,512,success,2669.2542047999996,10403.057415412311,8555.356366575781,0.9852956968264713,14400.0,14400.0,14400.0,14400.0,14400.0,2.921490859670944,15.199046176142003,0.40226320394161197,14400.0,14400.0,14400.0,14400.0,14400.0
25e26219.qasm,16,success,2.1708568,1.644051823980954,1.5862421782557186,0.0,1.614888338689965,1.614888338689965,1.614888338689965,1.614888338689965,1.614888338689965,1.2297580358006446,1.448032961748382,0.0,1.3344400214375618,1.3344400214375618,1.3344400214375618,1.3344400214375618,1.3344400214375618
25e26219.qasm,64,success,19.4090902,1.7451118200680023,3.104585034205631,0.0,2.327627126409741,2.327627126409741,2.327627126409741,2.327627126409741,2.327627126409741,3.9458492960146114,3.981091072249818,0.0,3.9634310142611286,3.9634310142611286,3.9634310142611286,3.9634310142611286,3.9634310142611286
25e26219.qasm,512,success,705.1982490999998,234.98454844278078,228.62556458959205,0.0,231.78325016610032,231.78325016610032,231.78325016610032,231.78325016610032,231.78325016610032,66.21596744251073,98.1038912457253,0.0,80.59804010464867,80.59804010464867,80.59804010464867,80.59804010464867,80.59804010464867
25e5b703.qasm,16,success,0.17933479999999996,0.1930650680139822,0.1848551713609766,0.0,0.18891552670848227,0.18891552670848227,0.18891552670848227,0.18891552670848227,0.18891552670848227,0.22482240549287352,0.2062129320665425,0.0,0.2153167142396024,0.2153167142396024,0.2153167142396024,0.2153167142396024,0.2153167142396024
25e5b703.qasm,64,success,0.21299800000000002,0.21977803942578372,0.20574322594328087,0.0,0.21264487490402945,0.21264487490402945,0.21264487490402945,0.21264487490402945,0.21264487490402945,0.2825282878791642,0.28277842133591363,0.0,0.28265332693815687,0.28265332693815687,0.28265332693815687,0.28265332693815687,0.28265332693815687
25e5b703.qasm,512,success,0.17741980000000002,0.19345392296302466,0.27459048019143806,0.0,0.23047907844603685,0.23047907844603685,0.23047907844603685,0.23047907844603685,0.23047907844603685,0.22721788157095502,0.2538983950090131,0.0,0.24018795858288466,0.24018795858288466,0.24018795858288466,0.24018795858288466,0.24018795858288466
264ca70e.qasm,16,success,1.6579639,1.6456943503828632,1.6515275394651567,0.0,1.6486083650156333,1.6486083650156333,1.6486083650156333,1.6559996,1.6559996,7.108867690690212,11.372908188562137,0.0,8.991579370213863,8.991579370213863,8.991579370213863,8.991579370213863,8.991579370213863
264ca70e.qasm,64,success,9.2260978,9.494466883054812,9.524652717481633,0.0,9.50954782304224,9.50954782304224,9.50954782304224,9.5001241,9.5001241,8.526517641822348,6.716520519641876,0.0,7.567597419418416,7.567597419418416,7.567597419418416,7.567597419418416,7.567597419418416
264ca70e.qasm,512,success,351.8730803,345.67446789497666,350.19928338865935,0.0,347.92952007924964,347.92952007924964,347.92952007924964,344.19865939999994,344.19865939999994,151.1168559846269,791.2776991925375,0.006396011396011396,345.7967583895571,345.7967583895571,345.7967583895571,345.7967583895571,345.7967583895571
27a012bc.qasm,16,success,0.5722517,0.5823678234432668,0.5737087928045275,0.0,0.5780220938301899,0.5780220938301899,0.5780220938301899,0.5842523545705913,0.5842523545705913,1.2767509449278704,1.5445980201050085,0.0,1.4043030234613851,1.4043030234613851,1.4043030234613851,1.4043030234613851,1.4043030234613851
27a012bc.qasm,64,success,0.4555887,0.45255020544882146,0.4536942822449609,0.0,0.4531218827654571,0.4531218827654571,0.4531218827654571,0.45310274760185465,0.45310274760185465,0.992707013353337,0.5607761917116199,0.0,0.7461142395328617,0.7461142395328617,0.7461142395328617,0.7461142395328617,0.7461142395328617
27a012bc.qasm,512,success,0.4530507,0.4633603908716435,0.4504078301790585,0.0,0.4568382079504924,0.4568382079504924,0.4568382079504924,0.4507059567714187,0.4507059567714187,0.8802459511741529,1.1526095169548596,0.0,1.007263550707714,1.007263550707714,1.007263550707714,1.007263550707714,1.007263550707714
27dbf314.qasm,16,success,4101.517750300001,3113.420969416748,2263.7688307296926,0.016171661459040892,2654.8192683318107,2654.8192683318107,2654.8192683318107,2654.8192683318107,2654.8192683318107,53.627384205014664,33.92939091080884,0.27,42.65611893053654,42.65611893053654,100.0,100.0,100.0
27dbf314.qasm,64,success,781.3788183,2964.4209480706454,2469.745859674027,0.0,2705.8023510279604,2705.8023510279604,2705.8023510279604,2705.8023510279604,2705.8023510279604,24.540675754269195,75.64938013310895,0.44235250737463117,14400.0,14400.0,14400.0,14400.0,14400.0
27dbf314.qasm,512,timeout,14399.999999999989,14017.586604872486,14398.32838036813,0.9956061991095764,14400.0,14400.0,14400.0,14400.0,14400.0,2769.1149594977596,1721.977646797924,0.5551930285030167,14400.0,14400.0,14400.0,14400.0,14400.0
27e0ec8e.qasm,16,success,0.18189549999999996,0.1812231227895433,0.17613122029639225,0.0,0.17865903213340542,0.17865903213340542,0.17865903213340542,0.17865903213340542,0.17865903213340542,1.1590618785309723,1.9311417267138793,0.0033333333333333335,1.4960991803602242,1.4960991803602242,1.4960991803602242,1.4960991803602242,1.4960991803602242
27e0ec8e.qasm,64,success,0.5226683,0.502615293977596,0.585912213192313,0.0,0.5426678904069396,0.5426678904069396,0.5426678904069396,0.5426678904069396,0.5426678904069396,1.046114349050494,1.3236465623656481,0.0,1.1767266725803678,1.1767266725803678,1.1767266725803678,1.1767266725803678,1.1767266725803678
27e0ec8e.qasm,512,success,0.17007229999999998,0.1799010538687123,0.17554193076323266,0.0,0.17770812683288878,0.17770812683288878,0.17770812683288878,0.17770812683288878,0.17770812683288878,3.201892336548191,3.0496832292323104,0.0,3.1248611746089576,3.1248611746089576,3.1248611746089576,3.1248611746089576,3.1248611746089576
2818a462.qasm,16,success,0.1707319,0.26417552190490184,0.19776086921130512,0.0,0.2285685473468814,0.2285685473468814,0.2285685473468814,0.2285685473468814,0.2285685473468814,1.628585493010379,2.5455328098401564,0.0,2.0360790274661804,2.0360790274661804,2.0360790274661804,2.0360790274661804,2.0360790274661804
2818a462.qasm,64,success,0.532209,0.5584685732540711,0.9036835277363909,0.0,0.7104075241776004,0.7104075241776004,0.7104075241776004,0.7104075241776004,0.7104075241776004,1.806531039083914,1.5160377154132512,0.0,1.6549227140008393,1.6549227140008393,1.6549227140008393,1.6549227140008393,1.6549227140008393
2818a462.qasm,512,success,0.1782918,0.3125892862929901,0.2923792464719263,0.0,0.30231543126599025,0.30231543126599025,0.30231543126599025,0.30231543126599025,0.30231543126599025,3.2369040888430987,5.420327085946067,0.0,4.1886846273461344,4.1886846273461344,4.1886846273461344,4.1886846273461344,4.1886846273461344
28f914b0.qasm,16,success,0.17556589999999997,0.4305049280988453,0.4353099630229057,0.0,0.4329007788534077,0.4329007788534077,0.4329007788534077,0.4329007788534077,0.4329007788534077,0.5236669974388797,0.5747920602358111,0.0,0.5486343339013653,0.5486343339013653,0.5486343339013653,0.5486343339013653,0.5486343339013653
28f914b0.qasm,64,success,0.3044709,0.30062455504295843,0.23173882059032003,0.0,0.26394389522424067,0.26394389522424067,0.26394389522424067,0.26394389522424067,0.26394389522424067,0.4684045899615265,0.3979909661471305,0.0,0.4317647453261306,0.4317647453261306,0.4317647453261306,0.4317647453261306,0.4317647453261306
28f914b0.qasm,512,success,0.18904039999999997,0.44945431346840964,0.2812685784928006,0.0,0.355552212546508,0.355552212546508,0.355552212546508,0.355552212546508,0.355552212546508,0.5285812199862365,0.4174805797466924,0.0,0.4697578037276954,0.4697578037276954,0.4697578037276954,0.4697578037276954,0.4697578037276954
29886bb3.qasm,16,success,1.1166224,1.0786032378929231,1.1128724946853719,0.0,1.0956038865071704,1.0956038865071704,1.0956038865071704,1.1081809,1.1081809,2.909227648843023,3.4216194623417295,0.0,3.15503881809146,3.15503881809146,3.15503881809146,3.15503881809146,3.15503881809146
29886bb3.qasm,64,success,2.2984934,2.232387204555115,2.2944586904834954,0.0,2.263210158605612,2.263210158605612,2.263210158605612,2.2914262,2.2914262,2.771084714266157,1.4275249772606766,0.0,1.9889174552304087,1.9889174552304087,1.9889174552304087,1.9889174552304087,1.9889174552304087
29886bb3.qasm,512,success,24.0384279,22.205359657688884,23.985201635720646,0.0,23.0781287972696,23.0781287972696,23.0781287972696,23.9661902,23.9661902,20.4269559632165,185.44766089211475,0.0,61.54779608178295,61.54779608178295,61.54779608178295,61.54779608178295,61.54779608178295
29a887f9.qasm,16,success,1.282956,2.5176054472983016,2.2569255454463364,0.0,2.3837046896296505,2.3837046896296505,2.3837046896296505,2.3837046896296505,2.3837046896296505,1.7139580453100092,1.4839767510354775,0.0,1.5948272293544103,1.5948272293544103,1.5948272293544103,1.5948272293544103,1.5948272293544103
29a887f9.qasm,64,success,0.1893478,1.077661492141256,0.596445396868086,0.0,0.8017270335779162,0.8017270335779162,0.8017270335779162,0.8017270335779162,0.8017270335779162,4.566125917566565,5.433909295203395,0.0,4.981155896630228,4.981155896630228,4.981155896630228,4.981155896630228,4.981155896630228
29a887f9.qasm,512,success,115.45068950000004,466.5583465372649,467.4930594269605,0.0,467.02546913834345,467.02546913834345,467.02546913834345,467.02546913834345,467.02546913834345,74.43635489862308,216.35576836501104,0.0,126.90443159473297,126.90443159473297,126.90443159473297,126.90443159473297,126.90443159473297
2a04dd73.qasm,16,success,2475.065750599999,2107.659322372338,3084.334584185137,0.01635294117647059,2549.6522389677407,2549.6522389677407,2549.6522389677407,2549.6522389677407,2549.6522389677407,55.74822280782804,33.86799042458016,0.27,43.45204570837698,43.45204570837698,100.0,100.0,100.0
2a04dd73.qasm,64,success,4965.618169699998,767.9187415028434,838.4726112242561,0.0,802.4206081575508,802.4206081575508,802.4206081575508,802.4206081575508,802.4206081575508,25.52041723045378,67.46108953044343,0.44235250737463117,14400.0,14400.0,14400.0,14400.0,14400.0
2a04dd73.qasm,512,timeout,14399.999999999989,13588.610811504615,14377.885775605144,1.0,14400.0,14400.0,14400.0,14400.0,14400.0,2794.5628366853643,1722.0858017309656,0.5551930285030167,14400.0,14400.0,14400.0,14400.0,14400.0
2a0e53ef.qasm,16,success,2.3114425,2.905561222146266,2.6222147188225984,0.0,2.760254590278244,2.760254590278244,2.760254590278244,2.760254590278244,2.760254590278244,3.102728269769285,8.581496723717644,0.0,5.160043844931091,5.160043844931091,5.160043844931091,5.160043844931091,5.160043844931091
2a0e53ef.qasm,64,success,7.718355099999999,8.720084501866424,10.460267889848602,0.0,9.550624058753426,9.550624058753426,9.550624058753426,9.550624058753426,9.550624058753426,3.608366019211034,3.8859907125766413,0.0,3.7446063662595064,3.7446063662595064,3.7446063662595064,3.7446063662595064,3.7446063662595064
2a48defb.qasm,16,success,1.2252849,1.29612953548408,1.0606600594763382,0.0,1.1724985416603224,1.1724985416603224,1.1724985416603224,1.1724985416603224,1.1724985416603224,3.7606801179290503,4.536835209332447,0.0,4.130567269765379,4.130567269765379,4.130567269765379,4.130567269765379,4.130567269765379
2a48defb.qasm,64,success,1.1154698,1.3345767884628534,1.1349654279720436,0.0,1.2307308868632891,1.2307308868632891,1.2307308868632891,1.2307308868632891,1.2307308868632891,3.7075854028968447,0.7506101345481824,0.0,1.6682179648107371,1.6682179648107371,1.6682179648107371,1.6682179648107371,1.6682179648107371
2a48defb.qasm,512,success,1.0666831,1.3812467021286785,1.340744492023146,0.0,1.360844924304074,1.360844924304074,1.360844924304074,1.360844924304074,1.360844924304074,3.9144701716347896,3.0751264133107106,0.0,3.4695086999330402,3.4695086999330402,3.4695086999330402,3.4695086999330402,3.4695086999330402
2af6859b.qasm,16,success,1.6940842,1.6893118463610757,1.6886929907295263,0.0,1.6890023902014772,1.6890023902014772,1.6890023902014772,1.6951456113392,1.6951456113392,8.101699618884144,12.403209937656268,0.0,10.024324477232858,10.024324477232858,10.024324477232858,10.024324477232858,10.024324477232858
2af6859b.qasm,64,success,10.535087,10.506383444471286,10.50454072818835,0.0,10.505462045926985,10.505462045926985,10.505462045926985,10.517696392935509,10.517696392935509,9.731618440598057,7.09019102514163,0.0,8.306565699952726,8.306565699952726,8.306565699952726,8.306565699952726,8.306565699952726
2af6859b.qasm,512,success,406.7180611000001,404.76206931482926,407.2211415496511,0.0,405.9897436172296,405.9897436172296,405.9897436172296,406.10318173608704,406.10318173608704,187.29838335156174,834.2130624635694,0.006396011396011396,395.280606620388,395.280606620388,395.280606620388,395.280606620388,395.280606620388
2afe3d2e.qasm,16,timeout,14399.999999999989,4170.329207420517,2929.7841347237395,0.9889685538873219,14400.0,14400.0,14400.0,14400.0,14400.0,10459.196459679575,11066.679190372868,0.9998521803399854,14400.0,14400.0,14400.0,14400.0,14400.0
2afe3d2e.qasm,64,success,42993.98471110003,2655.593392010555,5175.27294776491,0.5306918238993703,14400.0,14400.0,14400.0,14400.0,14400.0,7215.735242584639,6588.468202392022,0.9379203539823006,14400.0,14400.0,14400.0,14400.0,14400.0
2b148d98.qasm,16,success,1.743242,1.748133895642309,1.7190369899291833,0.0,1.7335243955474444,1.7335243955474444,1.7335243955474444,1.744451883003905,1.744451883003905,7.2279775986609085,12.286063958628077,0.0,9.423555330589346,9.423555330589346,9.423555330589346,9.423555330589346,9.423555330589346
2b148d98.qasm,64,success,12.223726400000002,12.094745762501471,12.2150229345821,0.0,12.154735574124812,12.154735574124812,12.154735574124812,12.238581376803017,12.238581376803017,9.539778942276591,7.793538909393321,0.0,8.622565649135044,8.622565649135044,8.622565649135044,8.622565649135044,8.622565649135044
2b148d98.qasm,512,success,463.92748639999985,472.7905969798753,468.53065840195484,0.0,470.65580809040705,470.65580809040705,470.65580809040705,466.63489260803374,466.63489260803374,183.62363159805886,814.4902331257688,0.006396011396011396,386.7294332058309,386.7294332058309,386.7294332058309,386.7294332058309,386.7294332058309
2b2951ed.qasm,16,success,2.0077434,2.0045569474854505,2.000918844901558,0.0,2.0027370700873295,2.0027370700873295,2.0027370700873295,1.9969795825660512,1.9969795825660512,8.729851618428423,13.531926648622388,0.0,10.86884132527156,10.86884132527156,10.86884132527156,10.86884132527156,10.86884132527156
2b2951ed.qasm,64,success,11.446549900000003,11.244896827505439,11.453598858249178,0.0,11.348768103395459,11.348768103395459,11.348768103395459,11.48434524399749,11.48434524399749,10.453044080360794,7.420524372577079,0.0,8.807216834275163,8.807216834275163,8.807216834275163,8.807216834275163,8.807216834275163
2b2951ed.qasm,512,success,452.89710410000015,438.77904597719487,436.8186492487094,0.0,437.79775031673677,437.79775031673677,437.79775031673677,436.850968497582,436.850968497582,215.40297839117912,906.6398132556582,0.006396011396011396,441.9195810362913,441.9195810362913,441.9195810362913,441.9195810362913,441.9195810362913
2bc3295c.qasm,16,success,1.2265953,1.6890477629852338,1.6396466378259302,0.0,1.6641638998927202,1.6641638998927202,1.6641638998927202,1.6641638998927202,1.6641638998927202,1.3550363725694383,1.5460034943238652,0.0,1.4473738172733008,1.4473738172733008,1.4473738172733008,1.4473738172733008,1.4473738172733008
2bc3295c.qasm,64,success,2.2849539,2.580910740024409,2.387099601630052,0.0,2.4821142196432033,2.4821142196432033,2.4821142196432033,2.4821142196432033,2.4821142196432033,4.155519438633013,5.510697131323161,0.0,4.785374494188786,4.785374494188786,4.785374494188786,4.785374494188786,4.785374494188786
2bc3295c.qasm,512,success,247.46428770000006,224.85581158331283,253.3926291103413,0.0,238.69814676246477,238.69814676246477,238.69814676246477,238.69814676246477,238.69814676246477,80.53284128319919,202.03908021267466,0.0,127.55697228991792,127.55697228991792,127.55697228991792,127.55697228991792,127.55697228991792
2cbfff1b.qasm,16,success,1.6880952,1.625833217330913,1.5970298528294489,0.0,1.611367178454128,1.611367178454128,1.611367178454128,1.612115238248738,1.612115238248738,6.516686649309961,10.050619596239601,0.0,8.093005531945945,8.093005531945945,8.093005531945945,8.093005531945945,8.093005531945945
2cbfff1b.qasm,64,success,7.727305599999999,7.717076828501831,7.739099871654125,0.0,7.7280805050803885,7.7280805050803885,7.7280805050803885,7.733746360095566,7.733746360095566,7.968367885469574,6.090771703056522,0.0,6.966599574854466,6.966599574854466,6.966599574854466,6.966599574854466,6.966599574854466
2cbfff1b.qasm,512,success,262.0564581000001,266.3209044246768,267.0436383843574,0.0,266.68202656980543,266.68202656980543,266.68202656980543,266.8308087135362,266.8308087135362,149.16143156186368,716.3083227339482,0.006396011396011396,326.8724137315247,326.8724137315247,326.8724137315247,326.8724137315247,326.8724137315247
2cedce95.qasm,16,success,2.0571062,2.04597132939219,2.0403753143196077,0.0,2.043171406000362,2.043171406000362,2.043171406000362,2.042124194140419,2.042124194140419,9.17060759598992,13.641599022852965,0.0,11.184889432641883,11.184889432641883,11.184889432641883,11.184889432641883,11.184889432641883
2cedce95.qasm,64,success,12.120102900000001,12.076070637314137,12.121911432769894,0.0,12.098969324756345,12.098969324756345,12.098969324756345,12.125667106317623,12.125667106317623,11.114618528041458,7.8194854186395375,0.0,9.322585344943807,9.322585344943807,9.322585344943807,9.322585344943807,9.322585344943807
2cedce95.qasm,512,success,487.45001670000016,489.5533479210406,494.94481495084517,0.0,492.2416999760851,492.2416999760851,492.2416999760851,491.05643446079586,491.05643446079586,227.046523072125,932.3746287114604,0.006396011396011396,460.10044300087407,460.10044300087407,460.10044300087407,460.10044300087407,460.10044300087407
2d399444.qasm,16,success,0.24198299999999998,0.23336724874902876,0.18559636809008442,0.0,0.20811562603272976,0.20811562603272976,0.20811562603272976,0.20811562603272976,0.20811562603272976,0.22257179398627355,0.20054423951079267,0.0,0.21127113186976124,0.21127113186976124,0.21127113186976124,0.21127113186976124,0.21127113186976124
2d399444.qasm,64,success,0.174648,0.22837717439835462,0.1872265826681103,0.0,0.20678074843177008,0.20678074843177008,0.20678074843177008,0.20678074843177008,0.20678074843177008,0.2811853880665349,0.2760396580241621,0.0,0.2786006431494328,0.2786006431494328,0.2786006431494328,0.2786006431494328,0.2786006431494328
2ea1bf91.qasm,16,success,4.1367724,4.760685242772955,4.95818574441656,0.0,4.858432021174234,4.858432021174234,4.858432021174234,4.886598369650292,4.886598369650292,2.9370408435142044,1.7163651899867194,0.0,2.245224858533553,2.245224858533553,2.245224858533553,2.245224858533553,2.245224858533553
2ea1bf91.qasm,64,success,0.1732643,0.21629960913167712,0.21071072135953856,0.0,0.21348687704381722,0.21348687704381722,0.21348687704381722,0.22635712659912288,0.22635712659912288,3.3855455056421646,2.3979095550089986,0.0,2.8492511150997415,2.8492511150997415,2.8492511150997415,2.8492511150997415,2.8492511150997415
3026aed7.qasm,16,success,2.6565661,2.677315410974829,2.6639560057281084,0.0,2.6706273548166197,2.6706273548166197,2.6706273548166197,2.6708907324572775,2.6708907324572775,13.579793048799326,17.19551836797803,0.0,15.281085720719231,15.281085720719231,15.281085720719231,15.281085720719231,15.281085720719231
3026aed7.qasm,64,success,20.9371593,21.144873073355466,20.962299365784705,0.0,21.05338831198431,21.05338831198431,21.05338831198431,21.031949565067585,21.031949565067585,17.9073195212993,11.347073253794123,0.0,14.25467173902229,14.25467173902229,14.25467173902229,14.25467173902229,14.25467173902229
3026aed7.qasm,512,success,976.3809184000002,971.7800391496129,958.0026559640752,0.0,964.8667568727825,964.8667568727825,964.8667568727825,962.6378184943939,962.6378184943939,401.72671650629763,1250.9848295547731,0.009588290534838418,708.910451309775,708.910451309775,708.910451309775,708.910451309775,708.910451309775
306ac152.qasm,16,success,0.1732208,0.20912324368598967,0.19940836512996796,0.0,0.20420804130616182,0.20420804130616182,0.20420804130616182,0.20420804130616182,0.20420804130616182,3.1780211491217454,3.328288641775658,0.0,3.2522871481381728,3.2522871481381728,3.2522871481381728,3.2522871481381728,3.2522871481381728
306ac152.qasm,64,success,4.8258445,4.70279434532875,5.1101690464415,0.0,4.902251941228551,4.902251941228551,4.902251941228551,4.902251941228551,4.902251941228551,3.9321432900527165,5.816621211729929,0.0,4.782445824939593,4.782445824939593,4.782445824939593,4.782445824939593,4.782445824939593
306ac152.qasm,512,success,0.19620739999999998,0.21770002905418562,0.19946370877678532,0.0,0.20838247334159798,0.20838247334159798,0.20838247334159798,0.20838247334159798,0.20838247334159798,11.125811385013881,16.905686612076014,0.0033333333333333335,13.714571833641473,13.714571833641473,13.714571833641473,13.714571833641473,13.714571833641473
3099a023.qasm,16,success,0.1891862,0.2281430919568297,0.25529848169480585,0.0,0.24133914930184264,0.24133914930184264,0.24133914930184264,0.24133914930184264,0.24133914930184264,0.184540571062604,0.19028488935894447,0.0,0.18739072054636013,0.18739072054636013,0.18739072054636013,0.18739072054636013,0.18739072054636013
3099a023.qasm,64,success,0.1662113,0.23980409040551492,0.22547705426582193,0.0,0.2325302558927125,0.2325302558927125,0.2325302558927125,0.2325302558927125,0.2325302558927125,0.21186712052610138,0.22553704682941744,0.0,0.21859525311339484,0.21859525311339484,0.21859525311339484,0.21859525311339484,0.21859525311339484
31b8fb3c.qasm,16,success,0.4341455,1.11666285106076,1.709436490030208,0.0,1.3816165259088466,1.3816165259088466,1.3816165259088466,1.3816165259088466,1.3816165259088466,0.6407865963825056,0.9150365713139167,0.016333333333333335,0.7657304813691058,0.7657304813691058,0.7657304813691058,0.7657304813691058,0.7657304813691058
31b8fb3c.qasm,64,success,0.7438204,1.301549822466973,1.0276507685462286,0.0,1.1565200713171355,1.1565200713171355,1.1565200713171355,1.1565200713171355,1.1565200713171355,1.4444184761798726,1.5473946651722215,0.0,1.4950202153539343,1.4950202153539343,1.4950202153539343,1.4950202153539343,1.4950202153539343
31b8fb3c.qasm,512,success,0.4242436,2.111354186144285,1.2150046222910953,0.0,1.6016569843318387,1.6016569843318387,1.6016569843318387,1.6016569843318387,1.6016569843318387,1.915327638909294,0.870349318561729,0.009483337405105097,1.291125131560512,1.291125131560512,1.291125131560512,1.291125131560512,1.291125131560512
31fd025e.qasm,16,success,1.6643892,1.54847226130569,1.5381865100961525,0.0,1.5433208168098094,1.5433208168098094,1.5433208168098094,1.5392931164310195,1.5392931164310195,6.516686649309961,10.06473118658228,0.0,8.098685038479664,8.098685038479664,8.098685038479664,8.098685038479664,8.098685038479664
31fd025e.qasm,64,success,7.7553806,7.738905298487823,7.747593990589798,0.0,7.743248425842207,7.743248425842207,7.743248425842207,7.72612711013437,7.72612711013437,7.968367885469574,6.0633957967246515,0.0,6.950925718457356,6.950925718457356,6.950925718457356,6.950925718457356,6.950925718457356
31fd025e.qasm,512,success,267.4834676,262.59040356126013,264.358558776834,0.0,263.47299792214375,263.47299792214375,263.47299792214375,261.5519423486538,261.5519423486538,149.16143156186368,716.3083227339482,0.006396011396011396,326.8724137315247,326.8724137315247,326.8724137315247,326.8724137315247,326.8724137315247
320de9fb.qasm,16,success,31.2115921,72.8769221582414,105.34855311989323,0.0,87.62122063291413,87.62122063291413,87.62122063291413,87.62122063291413,87.62122063291413,54.360658529736654,111.77889961757249,0.0,77.95110385966689,77.95110385966689,77.95110385966689,77.95110385966689,77.95110385966689
320de9fb.qasm,64,success,323.8165090000001,50.6397533630523,27.367004997770614,0.0,37.22711892387757,37.22711892387757,37.22711892387757,37.22711892387757,37.22711892387757,37.75997390181558,32.61245469011368,0.0,35.09195688434652,35.09195688434652,35.09195688434652,35.09195688434652,35.09195688434652
320de9fb.qasm,512,timeout,14399.999999999989,1190.0471732181588,1714.1561308429818,0.03547014246099787,1428.2600106298107,1428.2600106298107,1428.2600106298107,1428.2600106298107,1428.2600106298107,460.95164105691657,863.0074263142459,0.10922004606327254,630.7175987744893,630.7175987744893,630.7175987744893,630.7175987744893,630.7175987744893
32de9cc1.qasm,16,success,1.1081809,1.083245940531001,1.0923897824444175,0.0,1.0878082539264256,1.0878082539264256,1.0878082539264256,1.1006977963940512,1.1006977963940512,2.909227648843023,3.398929063140904,0.0,3.144560129325822,3.144560129325822,3.144560129325822,3.144560129325822,3.144560129325822
32de9cc1.qasm,64,success,2.2914262,2.255951384289702,2.2880111331705066,0.0,2.271924708951917,2.271924708951917,2.271924708951917,2.295085373422122,2.295085373422122,2.771084714266157,1.4275249772606766,0.0,1.9889174552304087,1.9889174552304087,1.9889174552304087,1.9889174552304087,1.9889174552304087
32de9cc1.qasm,512,success,23.9661902,23.479898725076325,23.84437936987809,0.0,23.66143725066245,23.66143725066245,23.66143725066245,24.010285026137478,24.010285026137478,20.4269559632165,185.44766089211475,0.0,61.54779608178295,61.54779608178295,61.54779608178295,61.54779608178295,61.54779608178295
32f44532.qasm,16,success,9.8694186,6.141317729210244,7.228748465728043,0.0,6.662885344396748,6.662885344396748,6.662885344396748,6.662885344396748,6.662885344396748,5.984579679355546,5.500856879852343,0.0,5.737622879050825,5.737622879050825,5.737622879050825,5.737622879050825,5.737622879050825
32f44532.qasm,64,success,0.2578694,0.4051412206455557,0.332947196378501,0.0,0.3672746023771606,0.3672746023771606,0.3672746023771606,0.3672746023771606,0.3672746023771606,3.8795264738531006,3.566591129669301,0.0,3.719769442984564,3.719769442984564,3.719769442984564,3.719769442984564,3.719769442984564
336f664c.qasm,16,success,0.1830161,0.42484406771607536,0.47858253305634474,0.0,0.45091346185440123,0.45091346185440123,0.45091346185440123,0.45091346185440123,0.45091346185440123,5.966881982898489,9.022094830749964,0.00653623188405797,7.3371503387625605,7.3371503387625605,7.3371503387625605,7.3371503387625605,7.3371503387625605
336f664c.qasm,64,success,0.9599532,2.6617260126970543,2.310717061757102,0.0,2.480019296550288,2.480019296550288,2.480019296550288,2.480019296550288,2.480019296550288,4.320618705119098,7.577652397842916,0.0,5.721900618763898,5.721900618763898,5.721900618763898,5.721900618763898,5.721900618763898
33a2f9be.qasm,16,success,1.0288815,1.0825713152982412,1.0239959104799332,0.0,1.0528763458584685,1.0528763458584685,1.0528763458584685,1.0766319124888448,1.0766319124888448,3.863370549243308,5.46917328013003,0.0,4.596677384716354,4.596677384716354,4.596677384716354,4.596677384716354,4.596677384716354
33a2f9be.qasm,64,success,4.3299639,4.295345829210933,4.314621398513459,0.0,4.30497282555059,4.30497282555059,4.30497282555059,4.311918512218322,4.311918512218322,4.35625310686452,3.9428018594982843,0.0,4.144374844314955,4.144374844314955,4.144374844314955,4.144374844314955,4.144374844314955
33a2f9be.qasm,512,success,94.16065650000002,95.07828842202919,96.14676312603333,0.0,95.61103323017446,95.61103323017446,95.61103323017446,95.58301625051104,95.58301625051104,67.17003488261871,400.4383144370698,0.0030626780626780625,164.00443758958176,164.00443758958176,164.00443758958176,164.00443758958176,164.00443758958176
33c62fb8.qasm,16,success,30.588287800000003,33.65991615847103,77.36388498787963,0.0,51.030009625568596,51.030009625568596,51.030009625568596,51.030009625568596,51.030009625568596,5.5204291652303,8.86075049755918,0.01966666666666667,6.993936336038139,6.993936336038139,6.993936336038139,6.993936336038139,6.993936336038139
33c62fb8.qasm,64,success,12.3254206,14.560472083944248,11.61221615095576,0.0,13.003051530264655,13.003051530264655,13.003051530264655,13.003051530264655,13.003051530264655,6.4559916610768155,13.39372926146515,0.0,9.298914152885784,9.298914152885784,9.298914152885784,9.298914152885784,9.298914152885784
33c62fb8.qasm,512,success,30.066362499999993,20.450109894981676,5.646887075929707,0.0,10.746137039295295,10.746137039295295,10.746137039295295,10.746137039295295,10.746137039295295,10.62627442566784,3.593308649643347,0.10862907968909759,6.179278583073929,6.179278583073929,6.179278583073929,6.179278583073929,6.179278583073929
3436484d.qasm,16,success,1.3751076,1.4053888071849039,1.404564053897688,0.0,1.4049763700226652,1.4049763700226652,1.4049763700226652,1.4051409,1.4051409,4.841352880557585,7.770294131038738,0.0,6.1334114385131615,6.1334114385131615,6.1334114385131615,6.1334114385131615,6.1334114385131615
3436484d.qasm,64,success,5.724491800000001,5.672808841190057,5.726296821110318,0.0,5.699490085443884,5.699490085443884,5.699490085443884,5.718801399999999,5.718801399999999,5.0074924017367,4.573448220423787,0.0,4.785551923603832,4.785551923603832,4.785551923603832,4.785551923603832,4.785551923603832
3436484d.qasm,512,success,133.89079619999998,131.5762763431987,134.1337351718484,0.0,132.84885172976308,132.84885172976308,132.84885172976308,134.09611699999996,134.09611699999996,79.73072118874646,514.9411467345772,0.0030626780626780625,202.62435440713432,202.62435440713432,202.62435440713432,202.62435440713432,202.62435440713432
36d0ea8f.qasm,16,success,0.21199920000000003,0.181258206851251,0.17469896132802207,0.0,0.17794836461483235,0.17794836461483235,0.17794836461483235,0.17794836461483235,0.17794836461483235,1.1743410818125908,2.011750493698897,0.0033333333333333335,1.5370365158666128,1.5370365158666128,1.5370365158666128,1.5370365158666128,1.5370365158666128
36d0ea8f.qasm,64,success,0.4986337,0.49968799263211927,0.5817678291344462,0.0,0.5391682471345445,0.5391682471345445,0.5391682471345445,0.5391682471345445,0.5391682471345445,1.0516518429937762,1.3253053994711044,0.0,1.180576073738321,1.180576073738321,1.180576073738321,1.180576073738321,1.180576073738321
36d0ea8f.qasm,512,success,0.24181749999999996,0.1799267234112835,0.17556060789898476,0.0,0.17773025893009164,0.17773025893009164,0.17773025893009164,0.17773025893009164,0.17773025893009164,3.2390865900612833,3.0494952559663977,0.0,3.142861624388872,3.142861624388872,3.142861624388872,3.142861624388872,3.142861624388872
36e23777.qasm,16,success,1.4011911,1.38146764126682,1.39348202266643,0.0,1.387461827583271,1.387461827583271,1.387461827583271,1.3917382237699865,1.3917382237699865,6.666034763873783,10.336287400370153,0.0,8.300725940558332,8.300725940558332,8.300725940558332,8.300725940558332,8.300725940558332
36e23777.qasm,64,success,7.946151799999999,7.861535290057751,7.904984986680988,0.0,7.8832302034235475,7.8832302034235475,7.8832302034235475,7.910672797192534,7.910672797192534,8.152262895549812,5.87075500449028,0.0,6.918087755440045,6.918087755440045,6.918087755440045,6.918087755440045,6.918087755440045
36e23777.qasm,512,success,294.89537780000006,282.1956867207836,284.89313315531297,0.0,283.5412022137156,283.5412022137156,283.5412022137156,284.33540840729114,284.33540840729114,178.12707622057752,744.2540110299892,0.006396011396011396,364.1040935642022,364.1040935642022,364.1040935642022,364.1040935642022,364.1040935642022
371eea68.qasm,16,success,0.1772997,0.26264264618912836,0.18709525809887267,0.0,0.221673619712689,0.221673619712689,0.221673619712689,0.221673619712689,0.221673619712689,0.31780579660406294,0.19405068507904422,0.0,0.24833532280589848,0.24833532280589848,0.24833532280589848,0.24833532280589848,0.24833532280589848
371eea68.qasm,64,success,0.2752777,0.4371029502265651,0.691179802247583,0.0,0.5496514629284929,0.5496514629284929,0.5496514629284929,0.5496514629284929,0.5496514629284929,0.6749552148249361,0.7068180258724301,0.0,0.6907029118911134,0.6907029118911134,0.6907029118911134,0.6907029118911134,0.6907029118911134
376d7d92.qasm,16,success,0.1843133,0.2088480528455915,0.19064532492798825,0.0,0.19953923146921623,0.19953923146921623,0.19953923146921623,0.19953923146921623,0.19953923146921623,1.158807149890509,1.0129906151890766,0.0,1.083448553302411,1.083448553302411,1.083448553302411,1.083448553302411,1.083448553302411
376d7d92.qasm,64,success,2.6315011,2.488785225698268,2.6290027114633503,0.0,2.55793336633515,2.55793336633515,2.55793336633515,2.55793336633515,2.55793336633515,1.7913108178073587,2.386984469772788,0.0,2.067808284789032,2.067808284789032,2.067808284789032,2.067808284789032,2.067808284789032
376d7d92.qasm,512,success,0.17325090000000004,0.22063724782390803,0.19253944956873673,0.0,0.20611010225211235,0.20611010225211235,0.20611010225211235,0.20611010225211235,0.20611010225211235,2.521480053798202,2.565555040650484,0.0,2.543422077029613,2.543422077029613,2.543422077029613,2.543422077029613,2.543422077029613
37bd268c.qasm,16,success,0.2436995,0.40457966469240836,0.2691111558519071,0.0,0.32996499996143686,0.32996499996143686,0.32996499996143686,0.32996499996143686,0.32996499996143686,14.060342823486547,23.881858973328956,0.0298695652173913,18.32449520251959,18.32449520251959,18.32449520251959,18.32449520251959,18.32449520251959
37bd268c.qasm,64,success,1.1299787,1.9331242690959969,2.0839721474757806,0.0,2.0071315687830564,2.0071315687830564,2.0071315687830564,2.0071315687830564,2.0071315687830564,9.800123143806168,12.133254276971915,0.0,10.904466334921562,10.904466334921562,10.904466334921562,10.904466334921562,10.904466334921562
37bd268c.qasm,512,success,0.2388701,0.3194764431654848,0.19818609978476162,0.0,0.2516262908443303,0.2516262908443303,0.2516262908443303,0.2516262908443303,0.2516262908443303,28.678339276007964,50.54137639046748,0.0033333333333333335,38.07154763865328,38.07154763865328,38.07154763865328,38.07154763865328,38.07154763865328
3814b0b9.qasm,16,success,133.23585000000006,133.823959045084,121.12101258296563,0.0,127.31415250239024,127.31415250239024,127.31415250239024,127.31415250239024,127.31415250239024,28.663867192935058,251.39253967306732,0.27,84.88746886604324,84.88746886604324,84.88746886604324,84.88746886604324,84.88746886604324
3814b0b9.qasm,64,success,255.78723799999995,170.03131571990374,169.83745568089842,0.0,169.9343580561153,169.9343580561153,169.9343580561153,169.9343580561153,169.9343580561153,12.948920895157464,20.82951479956322,0.4922418879056046,14400.0,14400.0,14400.0,14400.0,14400.0
383bbcad.qasm,16,success,0.18195030000000004,0.1995037537112549,0.1783611391475521,0.0,0.18863646724891797,0.18863646724891797,0.18863646724891797,0.18863646724891797,0.18863646724891797,0.24394566374016202,0.1893647869382091,0.0,0.21492956669256974,0.21492956669256974,0.21492956669256974,0.21492956669256974,0.21492956669256974
383bbcad.qasm,64,success,0.6394028,0.5035112120754894,0.580127462557006,0.0,0.5404633954583383,0.5404633954583383,0.5404633954583383,0.5404633954583383,0.5404633954583383,0.49920858820732444,0.5488482114697912,0.0,0.5234402934317816,0.5234402934317816,0.5234402934317816,0.5234402934317816,0.5234402934317816
383bbcad.qasm,512,success,0.1866326,0.20914002930626677,0.18597497748312572,0.0,0.1972176773036667,0.1972176773036667,0.1972176773036667,0.1972176773036667,0.1972176773036667,0.28202260238826693,0.18915019739588804,0.0,0.2309645663556268,0.2309645663556268,0.2309645663556268,0.2309645663556268,0.2309645663556268
3841ff5b.qasm,16,success,2.0053667,2.0013894866479687,1.9988531804957823,0.0,2.0001209315431687,2.0001209315431687,2.0001209315431687,1.9908197,1.9908197,10.770714267487378,15.355501218442146,0.0,12.860393308833698,12.860393308833698,12.860393308833698,12.860393308833698,12.860393308833698
3841ff5b.qasm,64,success,15.528729499999997,12.56018327129215,13.602877308251873,0.0,13.071137364764585,13.071137364764585,13.071137364764585,15.381964099999996,15.381964099999996,14.761358552826255,9.407672948969342,0.0,11.784313028236344,11.784313028236344,11.784313028236344,11.784313028236344,11.784313028236344
3841ff5b.qasm,512,success,698.9163240000001,696.7127215410726,688.1767678429746,0.0,692.4315914407847,692.4315914407847,692.4315914407847,691.5553226999999,691.5553226999999,368.542672567036,1000.1738740546247,0.009588290534838418,607.1299305550807,607.1299305550807,607.1299305550807,607.1299305550807,607.1299305550807
385fa1b6.qasm,16,success,3.8934353,2.864274869781908,2.8866644017641776,0.0,2.8754478439831175,2.8754478439831175,2.8754478439831175,2.8754478439831175,2.8754478439831175,6.041449457408174,7.0816206291414,0.0,6.540890849685296,6.540890849685296,6.540890849685296,6.540890849685296,6.540890849685296
385fa1b6.qasm,64,success,3.5853261,2.897896227613774,1.9694536921559826,0.0,2.3889898335821442,2.3889898335821442,2.3889898335821442,2.3889898335821442,2.3889898335821442,6.304106463781533,0.9970140571719394,0.0,2.507046621484865,2.507046621484865,2.507046621484865,2.507046621484865,2.507046621484865
385fa1b6.qasm,512,success,3.8160909999999997,2.643578184348389,3.0257539790551236,0.0,2.828218027351402,2.828218027351402,2.828218027351402,2.828218027351402,2.828218027351402,6.335355977560434,3.5026314646655576,0.043219298245614025,4.71067056658181,4.71067056658181,4.71067056658181,4.71067056658181,4.71067056658181
386534f5.qasm,16,success,1.7916922,1.7956145774011345,1.7963690783092119,0.0,1.7959917882341947,1.7959917882341947,1.7959917882341947,1.794504870204865,1.794504870204865,7.684893262409685,11.985947860500742,0.0,9.597433508847868,9.597433508847868,9.597433508847868,9.597433508847868,9.597433508847868
386534f5.qasm,64,success,10.0276048,9.977149061836169,9.984933902683904,0.0,9.981040723274244,9.981040723274244,9.981040723274244,9.984411629474891,9.984411629474891,9.495411226700904,6.930166809210503,0.0,8.112014775817865,8.112014775817865,8.112014775817865,8.112014775817865,8.112014775817865
386534f5.qasm,512,success,387.70292720000015,372.7407395173507,372.3646957458955,0.0,372.5526701856779,372.5526701856779,372.5526701856779,372.9936847868343,372.9936847868343,175.91426132087386,837.59913147383,0.006396011396011396,383.85626541222973,383.85626541222973,383.85626541222973,383.85626541222973,383.85626541222973
3a8d3e53.qasm,16,success,0.2819158,6.08295031460003,2.1903146181653517,0.06623019641229803,3.6501472567064974,3.6501472567064974,3.6501472567064974,3.6501472567064974,3.6501472567064974,3.6752082814635605,2.13486794171964,0.0033259423503325947,2.8010862784354016,2.8010862784354016,2.8010862784354016,2.8010862784354016,2.8010862784354016
3a8d3e53.qasm,64,success,1.254632,3.6629315723547937,2.297953504563808,0.0,2.9012491178232382,2.9012491178232382,2.9012491178232382,2.9012491178232382,2.9012491178232382,2.3074675332595778,1.8413193734366466,0.003325958702064897,2.061258031534851,2.061258031534851,2.061258031534851,2.061258031534851,2.061258031534851
3a8d3e53.qasm,512,success,0.2745265,4.79257793081198,1.6732014335684928,0.00304029304029304,2.8317747552238908,2.8317747552238908,2.8317747552238908,2.8317747552238908,2.8317747552238908,2.7863611281503093,0.9441404859752754,0.0,1.621948319039312,1.621948319039312,1.621948319039312,1.621948319039312,1.621948319039312
3be98d6c.qasm,16,success,2.6949336,3.6157704590503554,3.0333992417114266,0.0,3.31180847403438,3.31180847403438,3.31180847403438,3.31180847403438,3.31180847403438,5.041792215409028,14.544012704250383,0.01,8.563170559617483,8.563170559617483,8.563170559617483,8.563170559617483,8.563170559617483
3be98d6c.qasm,64,success,18.448310400000004,8.957303324309297,4.866785023034204,0.0,6.602519948135179,6.602519948135179,6.602519948135179,6.602519948135179,6.602519948135179,3.3664567487671455,7.460435305878099,0.0,5.0115100303415545,5.0115100303415545,5.0115100303415545,5.0115100303415545,5.0115100303415545
3be98d6c.qasm,512,success,485.3121658,294.10558975117124,566.8243176086876,0.0,408.29670610428406,408.29670610428406,408.29670610428406,408.29670610428406,408.29670610428406,69.92799174467434,88.84458855672885,0.006487935656836461,78.820832621547,78.820832621547,78.820832621547,78.820832621547,78.820832621547
3c1f4948.qasm,16,success,0.1785881,0.21360622214342329,0.22469881257244295,0.006541176470588235,0.21908232350811116,0.21908232350811116,0.21908232350811116,0.21908232350811116,0.21908232350811116,0.24223192717334416,0.3456893492613054,0.0,0.28937345641033707,0.28937345641033707,0.28937345641033707,0.28937345641033707,0.28937345641033707
3c1f4948.qasm,64,success,0.21056039999999998,0.19516849987329715,0.17654137266560324,0.0,0.18562142890495834,0.18562142890495834,0.18562142890495834,0.18562142890495834,0.18562142890495834,0.23060789243126348,0.2949475676304951,0.003325958702064897,0.2608011444549199,0.2608011444549199,0.2608011444549199,0.2608011444549199,0.2608011444549199
3c1f4948.qasm,512,success,0.17540579999999997,0.18884128658649713,0.19141654995440782,0.0,0.1901245580332506,0.1901245580332506,0.1901245580332506,0.1901245580332506,0.1901245580332506,0.1994767264235354,0.30048451083328104,0.0,0.2448257881882549,0.2448257881882549,0.2448257881882549,0.2448257881882549,0.2448257881882549
3c2f55c1.qasm,16,timeout,14399.999999999989,20.999004271262788,103.36392451771005,0.37300392156862744,14400.0,14400.0,14400.0,14400.0,14400.0,149.55371556891362,211.0553269348236,0.24545398590565498,177.6629064653471,1893.0017334220277,1893.0017334220277,1893.0017334220277,1893.0017334220277
3c2f55c1.qasm,64,success,10512.19065499999,33.84874422554774,261.665337151436,0.2194786729857821,94.11186466078904,3763.145143386647,3763.145143386647,3763.145143386647,3763.145143386647,103.6181343438047,106.26826802933901,0.15218579234972665,104.93483536532325,1893.0017334220277,1893.0017334220277,1893.0017334220277,1893.0017334220277
3c890561.qasm,16,success,16.929373900000005,4.7265332943446845,7.613139406611986,0.0,5.998646253934223,5.998646253934223,5.998646253934223,5.998646253934223,5.998646253934223,2.3686285093256636,3.6396664102603067,0.016333333333333335,2.936156948083253,2.936156948083253,2.936156948083253,2.936156948083253,2.936156948083253
3c890561.qasm,64,success,1.2557023,1.9327416228645087,1.4643503551093215,0.0,1.682323061060571,1.682323061060571,1.682323061060571,1.682323061060571,1.682323061060571,2.4783216714024934,3.0548744879455345,0.0,2.751538051143399,2.751538051143399,2.751538051143399,2.751538051143399,2.751538051143399
3c890561.qasm,512,success,17.211887000000004,10.933452649205543,10.809684505110653,0.0,10.871392444828684,10.871392444828684,10.871392444828684,10.871392444828684,10.871392444828684,13.30841033779703,106.72863548837606,0.006150004071771764,37.68804154997278,37.68804154997278,37.68804154997278,37.68804154997278,37.68804154997278
3ccd19ee.qasm,16,success,2.046703,2.055655330716069,2.0711939126208985,0.0,2.0634099949902884,2.0634099949902884,2.0634099949902884,2.0554772050102867,2.0554772050102867,9.17060759598992,13.626529098518967,0.0,11.178709731353424,11.178709731353424,11.178709731353424,11.178709731353424,11.178709731353424
3ccd19ee.qasm,64,success,12.164556399999997,12.045709213115877,12.138444621029,0.0,12.091988017047727,12.091988017047727,12.091988017047727,12.165875517464217,12.165875517464217,11.114618528041458,7.835788960147868,0.0,9.332299028550372,9.332299028550372,9.332299028550372,9.332299028550372,9.332299028550372
3ccd19ee.qasm,512,success,483.04813420000016,482.2306907470512,489.60265037366764,0.0,485.9026901358754,485.9026901358754,485.9026901358754,484.17837115680226,484.17837115680226,227.046523072125,930.6980275327301,0.006396011396011396,459.68657929222934,459.68657929222934,459.68657929222934,459.68657929222934,459.68657929222934
3db115f1.qasm,16,success,0.2136195,0.2716983318506518,0.21286404375431564,0.0,0.24048868081269795,0.24048868081269795,0.24048868081269795,0.24048868081269795,0.24048868081269795,0.2969012280568363,0.20671768624312878,0.0,0.24773924781239795,0.24773924781239795,0.24773924781239795,0.24773924781239795,0.24773924781239795
3db115f1.qasm,64,success,0.2706139,0.5257248347198524,0.4608341202988041,0.0,0.4922112775296371,0.4922112775296371,0.4922112775296371,0.4922112775296371,0.4922112775296371,0.5709867690732975,0.5345140074043927,0.0,0.5524494783346752,0.5524494783346752,0.5524494783346752,0.5524494783346752,0.5524494783346752
3db115f1.qasm,512,success,0.17478360000000004,0.34291793809708426,0.39152643200803483,0.0,0.3664170257707788,0.3664170257707788,0.3664170257707788,0.3664170257707788,0.3664170257707788,0.3657164516710207,0.3488173897340672,0.0,0.357166989032708,0.357166989032708,0.357166989032708,0.357166989032708,0.357166989032708
3e2fde05.qasm,16,success,1.4735673,1.4381283163084742,1.4460687237679866,0.0,1.442093054895834,1.442093054895834,1.442093054895834,1.4435718533900452,1.4435718533900452,6.6566224597572745,10.533734543724842,0.0,8.373714465449597,8.373714465449597,8.373714465449597,8.373714465449597,8.373714465449597
3e2fde05.qasm,64,success,8.440909600000001,8.48827569355951,8.491637906735537,0.0,8.48995663370855,8.48995663370855,8.48995663370855,8.495150305071359,8.495150305071359,7.829289718928872,6.497395874330574,0.0,7.132320430176089,7.132320430176089,7.132320430176089,7.132320430176089,7.132320430176089
3e2fde05.qasm,512,success,314.5541481999999,308.07173241653265,307.6153160888035,0.0,307.8434396659073,307.8434396659073,307.8434396659073,308.3294568268771,308.3294568268771,146.2837779820087,732.9396617106421,0.006396011396011396,327.44034990802237,327.44034990802237,327.44034990802237,327.44034990802237,327.44034990802237
3e730381.qasm,16,success,0.1677842,0.19217686468362788,0.17040896333673095,0.0,0.1809659091874496,0.1809659091874496,0.1809659091874496,0.1809659091874496,0.1809659091874496,0.582777519296709,0.662563434851612,0.0,0.6213912414409533,0.6213912414409533,0.6213912414409533,0.6213912414409533,0.6213912414409533
3e730381.qasm,64,success,1.4118832,1.7184357038027416,1.3998685757136062,0.0,1.5509945651541635,1.5509945651541635,1.5509945651541635,1.5509945651541635,1.5509945651541635,1.0583273884514963,1.1817810196516074,0.0,1.1183520108845122,1.1183520108845122,1.1183520108845122,1.1183520108845122,1.1183520108845122
3eb6cff0.qasm,16,success,13.542158100000002,39.96709108853359,434.42615935574025,0.0,131.76778772603217,131.76778772603217,131.76778772603217,131.76778772603217,131.76778772603217,6.312892579428464,7.767507650561386,0.0033259423503325947,7.002531071539976,7.002531071539976,7.002531071539976,7.002531071539976,7.002531071539976
3eb6cff0.qasm,64,success,12.568248899999999,31.965929749692727,71.49261389978781,0.01,47.8051030073414,47.8051030073414,47.8051030073414,47.8051030073414,47.8051030073414,6.877650616663233,14.243522150715396,0.25277286135693205,9.897573889763299,9.897573889763299,9.897573889763299,9.897573889763299,9.897573889763299
3eb6cff0.qasm,512,success,13.965547100000002,7.995816149401011,54.007093696042006,0.10999192552484087,20.780538779276785,20.780538779276785,20.780538779276785,20.780538779276785,20.780538779276785,7.163953079082194,4.672702607520422,0.35239478288898063,14400.0,14400.0,14400.0,14400.0,14400.0
3eca4614.qasm,16,success,1.7950401,1.7977586884192076,1.7924301458113927,0.0,1.7950924399642874,1.7950924399642874,1.7950924399642874,1.7928306383190689,1.7928306383190689,7.684893262409685,11.985947860500742,0.0,9.597433508847868,9.597433508847868,9.597433508847868,9.597433508847868,9.597433508847868
3eca4614.qasm,64,success,9.9800103,9.968966917011597,10.012801764188968,0.0,9.99086029998394,9.99086029998394,9.99086029998394,9.989704110420972,9.989704110420972,9.495411226700904,6.930166809210503,0.0,8.112014775817865,8.112014775817865,8.112014775817865,8.112014775817865,8.112014775817865
3eca4614.qasm,512,success,372.2380488000001,378.03085771201904,386.52853148877176,0.0,382.2560820822446,382.2560820822446,382.2560820822446,373.8481819776557,373.8481819776557,175.91426132087386,837.1335519779484,0.006396011396011396,383.7495673262972,383.7495673262972,383.7495673262972,383.7495673262972,383.7495673262972
3ee85ccf.qasm,16,success,1.0895266,1.1059905466426676,1.115831002584046,0.0,1.110899878705892,1.110899878705892,1.110899878705892,1.1003622145333236,1.1003622145333236,3.1643913729221107,3.7947323148662213,0.0,3.4652587493160483,3.4652587493160483,3.4652587493160483,3.4652587493160483,3.4652587493160483
3ee85ccf.qasm,64,success,2.564209,2.5792832954492675,2.56491897269037,0.0,2.572091106559246,2.572091106559246,2.572091106559246,2.5671231189360277,2.5671231189360277,3.293673857481939,1.5725613045845508,0.0,2.2758523805813566,2.2758523805813566,2.2758523805813566,2.2758523805813566,2.2758523805813566
3ee85ccf.qasm,512,success,34.452299200000006,34.06181584968728,34.46900223050379,0.0,34.264804194652555,34.264804194652555,34.264804194652555,34.43123193137634,34.43123193137634,39.32111049575651,324.5904760748704,0.0,112.9745899554859,112.9745899554859,112.9745899554859,112.9745899554859,112.9745899554859
3f072f57.qasm,16,success,1.2063047,1.1308005028258514,1.1420073010473675,0.0,1.136390087186243,1.136390087186243,1.136390087186243,1.0796068341250438,1.0796068341250438,3.863370549243308,5.486110618221332,0.0,4.60378954691972,4.60378954691972,4.60378954691972,4.60378954691972,4.60378954691972
3f072f57.qasm,64,success,4.3106777,4.324401834742348,4.300616673017806,0.0,4.312492855799501,4.312492855799501,4.312492855799501,4.324224602127517,4.324224602127517,4.35625310686452,3.951022558218717,0.0,4.148693082710758,4.148693082710758,4.148693082710758,4.148693082710758,4.148693082710758
3f072f57.qasm,512,success,94.2666482,97.20611645765088,95.91893363400966,0.0,96.56038024635795,96.56038024635795,96.56038024635795,95.37285179536482,95.37285179536482,67.17003488261871,400.4383144370698,0.0030626780626780625,164.00443758958176,164.00443758958176,164.00443758958176,164.00443758958176,164.00443758958176
3f858470.qasm,16,success,0.4377763,1.8280977560759382,2.309481454253079,0.0,2.0547403398529576,2.0547403398529576,2.0547403398529576,2.0547403398529576,2.0547403398529576,1.3671962525621881,4.022847395654975,0.0,2.3452125455849497,2.3452125455849497,2.3452125455849497,2.3452125455849497,2.3452125455849497
3f858470.qasm,64,success,0.7186984,1.343885179467672,3.476274669427571,0.0,2.161414816272571,2.161414816272571,2.161414816272571,2.161414816272571,2.161414816272571,1.2428276661163349,1.0976754111160856,0.0,1.167998873865336,1.167998873865336,1.167998873865336,1.167998873865336,1.167998873865336
3f858470.qasm,512,success,0.4335088,2.316928103883598,3.3230990232437514,0.0,2.774775940313304,2.774775940313304,2.774775940313304,2.774775940313304,2.774775940313304,1.5100405998817383,1.8565602474762648,0.0030626780626780625,1.6743599821471031,1.6743599821471031,1.6743599821471031,1.6743599821471031,1.6743599821471031
40b719e2.qasm,16,success,240.8145595,259.3658069299911,225.10849041810818,0.0,241.63080363249384,241.63080363249384,241.63080363249384,241.63080363249384,241.63080363249384,36.309184722638165,235.30828241386772,0.27,92.43295891040074,92.43295891040074,92.43295891040074,92.43295891040074,92.43295891040074
40b719e2.qasm,64,success,419.87369199999995,277.7435006187565,283.7671953712733,0.0,280.73919249578256,280.73919249578256,280.73919249578256,280.73919249578256,280.73919249578256,18.3128314852403,21.080324132143204,0.5388053097345131,14400.0,14400.0,14400.0,14400.0,14400.0
40b719e2.qasm,512,timeout,14399.999999999989,12767.13951337952,12126.037712662179,0.06901550151448732,12442.460175626837,12442.460175626837,12442.460175626837,12442.460175626837,12442.460175626837,1356.8834455199258,221.54315237882003,0.4887018004328405,14400.0,14400.0,14400.0,14400.0,14400.0
40e78b26.qasm,16,success,0.1820556,0.2129178981499187,0.2045732799536608,0.0,0.20870388780606933,0.20870388780606933,0.20870388780606933,0.20870388780606933,0.20870388780606933,0.2377089697955848,0.2113556479598982,0.0,0.22414533976200732,0.22414533976200732,0.22414533976200732,0.22414533976200732,0.22414533976200732
40e78b26.qasm,64,success,0.1782775,0.2339795017807312,0.2783975391692849,0.0,0.25522405355258126,0.25522405355258126,0.25522405355258126,0.25522405355258126,0.25522405355258126,0.3269256055355007,0.3879018890290615,0.0,0.3561110219569039,0.3561110219569039,0.3561110219569039,0.3561110219569039,0.3561110219569039
41bd27aa.qasm,16,success,1.101841,1.7588074514290206,1.802573129586221,0.0,1.7805558267187174,1.7805558267187174,1.7805558267187174,1.7805558267187174,1.7805558267187174,2.6182928999817974,4.022758893171122,0.0,3.245421551713826,3.245421551713826,3.245421551713826,3.245421551713826,3.245421551713826
41bd27aa.qasm,64,success,4.6966688,5.0458945628299245,4.5425126581087465,0.0,4.787592288733141,4.787592288733141,4.787592288733141,4.787592288733141,4.787592288733141,2.9114043547794264,2.706800016125402,0.0,2.8072387419784084,2.8072387419784084,2.8072387419784084,2.8072387419784084,2.8072387419784084
41bd27aa.qasm,512,success,153.17248469999996,205.77059902336114,220.246803419489,0.0,212.88568921514832,212.88568921514832,212.88568921514832,212.88568921514832,212.88568921514832,39.647392718112165,79.79303400950664,0.0,56.24576211186574,56.24576211186574,56.24576211186574,56.24576211186574,56.24576211186574
42a256ea.qasm,16,success,1.735077,1.7386062820979928,1.7289862059282248,0.0,1.7337895718014875,1.7337895718014875,1.7337895718014875,1.7393687776569062,1.7393687776569062,8.39408729801479,12.056929129185196,0.0,10.060164792703842,10.060164792703842,10.060164792703842,10.060164792703842,10.060164792703842
42a256ea.qasm,64,success,10.099978700000001,10.097523973919353,10.075483767348743,0.0,10.086497850574263,10.086497850574263,10.086497850574263,10.07095386973667,10.07095386973667,10.8121755992216,7.02429279753925,0.0,8.714808499751552,8.714808499751552,8.714808499751552,8.714808499751552,8.714808499751552
42a256ea.qasm,512,success,403.5172516000002,404.9830261354493,403.8183878876887,0.0,404.4002877544659,404.4002877544659,404.4002877544659,403.16150653953525,403.16150653953525,216.8882633346104,825.7687806155812,0.006396011396011396,423.2015556961627,423.2015556961627,423.2015556961627,423.2015556961627,423.2015556961627
42a71e24.qasm,16,success,16.5057448,5.481737473219426,3.1766310274302083,0.0,4.172943486515927,4.172943486515927,4.172943486515927,4.172943486515927,4.172943486515927,4.618092116470916,6.930665692920134,0.0,5.657424555252144,5.657424555252144,5.657424555252144,5.657424555252144,5.657424555252144
42a71e24.qasm,64,success,30.1654734,11.880153523480251,25.061080672493,0.0,17.25483949080781,17.25483949080781,17.25483949080781,17.25483949080781,17.25483949080781,9.820607241780571,9.143955191179518,0.0,9.476243589577816,9.476243589577816,9.476243589577816,9.476243589577816,9.476243589577816
42a71e24.qasm,512,success,1844.9185097000002,669.5763458618618,1571.7636656791021,0.0978723980443202,1025.8731753115778,1025.8731753115778,1025.8731753115778,1025.8731753115778,1025.8731753115778,119.085895792898,2711.36728225295,0.16294251079571118,568.2302364628686,568.2302364628686,568.2302364628686,568.2302364628686,568.2302364628686
42fa6cae.qasm,16,success,1.9149404,1.940642133266911,1.9084056656843749,0.0,1.9244564017385233,1.9244564017385233,1.9244564017385233,1.9548388479224392,1.9548388479224392,8.137799954749374,13.88857801490007,0.0,10.631202638515878,10.631202638515878,10.631202638515878,10.631202638515878,10.631202638515878
42fa6cae.qasm,64,success,14.109905799999998,14.122516933455142,14.119130008823083,0.0,14.120823369593525,14.120823369593525,14.120823369593525,14.114496169585967,14.114496169585967,10.173549978543086,8.772493914721597,0.0,9.447084485590526,9.447084485590526,9.447084485590526,9.447084485590526,9.447084485590526
42fa6cae.qasm,512,success,563.9146286000002,559.663427805701,535.494520360929,0.0,547.4456126743252,547.4456126743252,547.4456126743252,556.7010265635217,556.7010265635217,186.81971302969387,870.1964827202045,0.009588290534838418,403.1995252740727,403.1995252740727,403.1995252740727,403.1995252740727,403.1995252740727
43168c33.qasm,16,success,0.17956979999999997,0.1980096342373926,0.18147212932522877,0.0,0.18956062342155705,0.18956062342155705,0.18956062342155705,0.18956062342155705,0.18956062342155705,0.21020793818342975,0.1884718426648541,0.0,0.19904340595008607,0.19904340595008607,0.19904340595008607,0.19904340595008607,0.19904340595008607
43168c33.qasm,64,success,0.1776479,0.19268910703515313,0.18484147261952938,0.0,0.1887245037140642,0.1887245037140642,0.1887245037140642,0.1887245037140642,0.1887245037140642,0.22336011451500853,0.2741222964722515,0.0,0.247442897516092,0.247442897516092,0.247442897516092,0.247442897516092,0.247442897516092
43168c33.qasm,512,success,0.1781855,0.18680296080039235,0.19301210343099048,0.0,0.18988215395665964,0.18988215395665964,0.18988215395665964,0.18988215395665964,0.18988215395665964,0.19990620997588407,0.1954944445897816,0.0,0.19768802060135995,0.19768802060135995,0.19768802060135995,0.19768802060135995,0.19768802060135995
4318a3ef.qasm,16,success,1.5160106,1.6340728599748684,1.6289478668657336,0.0,1.6315083510540944,1.6315083510540944,1.6315083510540944,1.6221592111918075,1.6221592111918075,6.516686649309961,10.050619596239601,0.0,8.093005531945945,8.093005531945945,8.093005531945945,8.093005531945945,8.093005531945945
4318a3ef.qasm,64,success,7.7249488,7.709570202055685,7.7536732164978455,0.0,7.731590262448538,7.731590262448538,7.731590262448538,7.735502326023685,7.735502326023685,7.968367885469574,6.0633957967246515,0.0,6.950925718457356,6.950925718457356,6.950925718457356,6.950925718457356,6.950925718457356
4318a3ef.qasm,512,success,261.0483979000001,266.0261672300941,267.27560492496355,0.0,266.65015427014646,266.65015427014646,266.65015427014646,266.81486319647104,266.81486319647104,149.16143156186368,716.3083227339482,0.006396011396011396,326.8724137315247,326.8724137315247,326.8724137315247,326.8724137315247,326.8724137315247
4327c91d.qasm,16,success,1.7815141,1.7335267051929109,1.7476626325530191,0.0,1.7405803185140305,1.7405803185140305,1.7405803185140305,1.725612202955635,1.725612202955635,7.2279775986609085,12.26660801156372,0.0,9.416090904358189,9.416090904358189,9.416090904358189,9.416090904358189,9.416090904358189
4327c91d.qasm,64,success,12.242160500000002,12.154000924281489,12.206763930589483,0.0,12.180353857539215,12.180353857539215,12.180353857539215,12.229363550172883,12.229363550172883,9.539778942276591,7.930832832808117,0.0,8.698183261643702,8.698183261643702,8.698183261643702,8.698183261643702,8.698183261643702
4327c91d.qasm,512,success,470.9695791000001,459.9439936375549,465.5989860895386,0.0,462.7628518967558,462.7628518967558,462.7628518967558,464.92815765915225,464.92815765915225,183.96527763833186,812.1819701936355,0.006396011396011396,386.54014233908424,386.54014233908424,386.54014233908424,386.54014233908424,386.54014233908424
432efc30.qasm,16,success,0.1794426,0.23843319334230414,0.23395676441870414,0.0,0.23618437383617227,0.23618437383617227,0.23618437383617227,0.23618437383617227,0.23618437383617227,0.35520384927075876,0.2986708270193679,0.0,0.32571310600305975,0.32571310600305975,0.32571310600305975,0.32571310600305975,0.32571310600305975
432efc30.qasm,64,success,0.1695758,0.24005750507397022,0.25211789150558783,0.0,0.24601380453003308,0.24601380453003308,0.24601380453003308,0.24601380453003308,0.24601380453003308,0.40331168146820207,0.3410619585674114,0.0,0.3708830974777106,0.3708830974777106,0.3708830974777106,0.3708830974777106,0.3708830974777106
432efc30.qasm,512,success,0.17470619999999998,0.21773114214379752,0.2405005531500849,0.0,0.22883282134253174,0.22883282134253174,0.22883282134253174,0.22883282134253174,0.22883282134253174,0.295461897698684,0.3661902386201852,0.0,0.3289304832657713,0.3289304832657713,0.3289304832657713,0.3289304832657713,0.3289304832657713
445caba2.qasm,16,success,0.18654210000000002,0.18782014760549487,0.17881550729138435,0.0,0.18326253019539823,0.18326253019539823,0.18326253019539823,0.18326253019539823,0.18326253019539823,0.30815564010911145,0.2786368419100798,0.0,0.2930247675142529,0.2930247675142529,0.2930247675142529,0.2930247675142529,0.2930247675142529
445caba2.qasm,64,success,0.1677918,0.18601592021487362,0.20991656735245345,0.0,0.19760522119725005,0.19760522119725005,0.19760522119725005,0.19760522119725005,0.19760522119725005,0.4048400604501919,0.3311169990854328,0.0,0.36612760880030987,0.36612760880030987,0.36612760880030987,0.36612760880030987,0.36612760880030987
445caba2.qasm,512,success,0.1767249,0.18627109739083883,0.184908084672912,0.0,0.1855883397427259,0.1855883397427259,0.1855883397427259,0.1855883397427259,0.1855883397427259,0.3055951526646079,0.384705286768729,0.0,0.34287617421012434,0.34287617421012434,0.34287617421012434,0.34287617421012434,0.34287617421012434
448ebca1.qasm,16,success,0.1762951,0.2356221157641476,0.23833308892017466,0.0,0.23697372569121727,0.23697372569121727,0.23697372569121727,0.23697372569121727,0.23697372569121727,0.28021154218843736,0.25397878981084865,0.0033333333333333335,0.2667729153719524,0.2667729153719524,0.2667729153719524,0.2667729153719524,0.2667729153719524
448ebca1.qasm,64,success,0.2993708,0.214134470429696,0.2556644430852321,0.0,0.2339798498327566,0.2339798498327566,0.2339798498327566,0.2339798498327566,0.2339798498327566,0.2693647159561702,0.3722552942100126,0.0,0.31665824099186274,0.31665824099186274,0.31665824099186274,0.31665824099186274,0.31665824099186274
448ebca1.qasm,512,success,0.18492459999999997,0.1927527249933916,0.5546600861570988,0.0,0.32697437675122215,0.32697437675122215,0.32697437675122215,0.32697437675122215,0.32697437675122215,0.22546116735846086,0.2684350936571246,0.0,0.24601156390688853,0.24601156390688853,0.24601156390688853,0.24601156390688853,0.24601156390688853
46073cb3.qasm,16,success,81.2164082,38.01500135801897,328.2998697835678,0.023145539906103282,111.71535255129345,111.71535255129345,111.71535255129345,111.71535255129345,111.71535255129345,6.115713362714909,2.863482434265889,0.07332594235033259,4.184762572373648,4.184762572373648,4.184762572373648,4.184762572373648,4.184762572373648
46073cb3.qasm,64,success,28.287276099999993,18.427679671988127,46.25061205280167,0.0,29.19403129994935,29.19403129994935,29.19403129994935,29.19403129994935,29.19403129994935,5.937044931721076,11.960297033911175,0.26940265486725656,8.42667318026877,8.42667318026877,8.42667318026877,8.42667318026877,8.42667318026877
46073cb3.qasm,512,success,82.40704189999998,25.396819687218724,10.565781542202593,0.08859079617700309,16.38100267632794,16.38100267632794,16.38100267632794,16.38100267632794,16.38100267632794,10.18238559408828,3.2136172557917453,0.3989386425381032,14400.0,14400.0,14400.0,14400.0,14400.0
46188cf9.qasm,16,success,2.0354675,2.057850392540648,2.057415020233126,0.0,2.057632694871892,2.057632694871892,2.057632694871892,2.0554772050102867,2.0554772050102867,9.17060759598992,13.641065613935034,0.0,11.184670756734395,11.184670756734395,11.184670756734395,11.184670756734395,11.184670756734395
46188cf9.qasm,64,success,12.1403033,12.151557161213253,12.128080432307273,0.0,12.139813121665991,12.139813121665991,12.139813121665991,12.178021547603295,12.178021547603295,11.114618528041458,7.835788960147868,0.0,9.332299028550372,9.332299028550372,9.332299028550372,9.332299028550372,9.332299028550372
46188cf9.qasm,512,success,496.7963674000002,485.53519303138046,484.7287742699947,0.0,485.1318160902731,485.1318160902731,485.1318160902731,481.98724416499505,481.98724416499505,227.046523072125,944.6468673491727,0.006396011396011396,463.1185450428484,463.1185450428484,463.1185450428484,463.1185450428484,463.1185450428484
46de7f9b.qasm,16,success,7.0660452,5.917935376256699,5.857948316128099,0.0,5.887865451273308,5.887865451273308,5.887865451273308,5.887865451273308,5.887865451273308,3.9228345203820485,5.1687406680057455,0.0,4.502900656172142,4.502900656172142,4.502900656172142,4.502900656172142,4.502900656172142
46de7f9b.qasm,64,success,0.17458329999999997,0.19550828870086867,0.17888263933270385,0.0,0.1870107983359026,0.1870107983359026,0.1870107983359026,0.1870107983359026,0.1870107983359026,2.9511103454659087,1.7974816424537456,0.0,2.3031644906150976,2.3031644906150976,2.3031644906150976,2.3031644906150976,2.3031644906150976
4737100f.qasm,16,success,118.890095,158.25279196075786,78.40106476512169,0.0,111.38755492323506,111.38755492323506,111.38755492323506,111.38755492323506,111.38755492323506,32.61224684219155,25.123988849104833,0.0,28.624285598202714,28.624285598202714,28.624285598202714,28.624285598202714,28.624285598202714
4737100f.qasm,64,success,214.64638220000006,213.11673848653996,311.41053836591374,0.0,257.6175426225494,257.6175426225494,257.6175426225494,257.6175426225494,257.6175426225494,83.63083388739338,70.79835395203737,0.05321533923303834,76.94754953124705,76.94754953124705,76.94754953124705,76.94754953124705,76.94754953124705
4737100f.qasm,512,timeout,14399.999999999989,7537.854529120616,10928.148530115988,0.5810921601166439,14400.0,14400.0,14400.0,14400.0,14400.0,4877.822642075803,5939.4951380554985,0.4654298706082789,14400.0,14400.0,14400.0,14400.0,14400.0
474aa01a.qasm,16,success,1.7337241,1.7438640799270058,1.7478765703786612,0.0,1.7458691724265465,1.7458691724265465,1.7458691724265465,1.7544678,1.7544678,8.989429915547445,13.535462683454417,0.0,11.030688698690632,11.030688698690632,11.030688698690632,11.030688698690632,11.030688698690632
474aa01a.qasm,64,success,13.154595900000004,11.628002358283048,11.085825587768598,0.0,11.353678085893039,11.353678085893039,11.353678085893039,13.180583699999998,13.180583699999998,12.561772410095355,8.430602932248698,0.0,10.290933646408897,10.290933646408897,10.290933646408897,10.290933646408897,10.290933646408897
474aa01a.qasm,512,success,584.1059148999998,573.9851746860223,574.4015769845705,0.0,574.1933380886752,574.1933380886752,574.1933380886752,577.6552693999998,577.6552693999998,330.53506854811724,892.3175163686808,0.006396011396011396,543.0858416858312,543.0858416858312,543.0858416858312,543.0858416858312,543.0858416858312
4846208f.qasm,16,success,4.935263999999999,0.312393763400754,0.3475076327469088,0.0,0.32948325785128135,0.32948325785128135,0.32948325785128135,0.32948325785128135,0.32948325785128135,0.46315051815544106,0.3192490278796367,0.0,0.38452614044181,0.38452614044181,0.38452614044181,0.38452614044181,0.38452614044181
4846208f.qasm,64,success,0.23925899999999997,0.29574974240230056,0.2176225363108707,0.0,0.25369629294665563,0.25369629294665563,0.25369629294665563,0.25369629294665563,0.25369629294665563,0.4613001402678797,0.34463402188443476,0.0,0.39872261365060957,0.39872261365060957,0.39872261365060957,0.39872261365060957,0.39872261365060957
4a262567.qasm,16,success,1.8019782,1.7888485290829548,1.7906293373927327,0.0,1.789738711747549,1.789738711747549,1.789738711747549,1.7915511225672478,1.7915511225672478,7.684893262409685,11.991941675025888,0.0,9.599832903838292,9.599832903838292,9.599832903838292,9.599832903838292,9.599832903838292
4a262567.qasm,64,success,9.9888149,9.935879816660474,10.015778405051565,0.0,9.975749119885467,9.975749119885467,9.975749119885467,9.98975435141664,9.98975435141664,9.495411226700904,6.858630161690786,0.0,8.070038031949299,8.070038031949299,8.070038031949299,8.070038031949299,8.070038031949299
4a262567.qasm,512,success,371.86355819999983,379.2601282968896,385.67006542992414,0.0,382.4516681820369,382.4516681820369,382.4516681820369,381.1695860865022,381.1695860865022,175.91426132087386,837.59913147383,0.006396011396011396,383.85626541222973,383.85626541222973,383.85626541222973,383.85626541222973,383.85626541222973
4a5eba47.qasm,16,success,0.1833999,0.17856447676936196,0.17831350458760112,0.0,0.17843894655482645,0.17843894655482645,0.17843894655482645,0.17843894655482645,0.17843894655482645,2.7681345824033965,2.5253845636687484,0.0,2.6439751028629552,2.6439751028629552,2.6439751028629552,2.6439751028629552,2.6439751028629552
4a5eba47.qasm,64,success,5.2547247,4.0373672040172925,4.3051147293119705,0.0,4.1690921095192826,4.1690921095192826,4.1690921095192826,4.1690921095192826,4.1690921095192826,3.582362124210143,4.659696178503731,0.0,4.085672417142436,4.085672417142436,4.085672417142436,4.085672417142436,4.085672417142436
4a5eba47.qasm,512,success,0.1847617,0.1812192508209239,0.1783569410095758,0.0,0.1797823996626673,0.1797823996626673,0.1797823996626673,0.1797823996626673,0.1797823996626673,6.3957593443378595,12.224805947728306,0.0,8.84233661838885,8.84233661838885,8.84233661838885,8.84233661838885,8.84233661838885
4ae57e38.qasm,16,success,16.3446989,1.6057239640482392,1.9862240725498133,0.0,1.7858688617204577,1.7858688617204577,1.7858688617204577,1.7858688617204577,1.7858688617204577,1.3322785149134495,1.6251699586038304,0.0,1.4714547288077413,1.4714547288077413,1.4714547288077413,1.4714547288077413,1.4714547288077413
4ae57e38.qasm,64,success,2.3998315,2.4195817257979986,1.7668531743971438,0.0,2.0676183528251806,2.0676183528251806,2.0676183528251806,2.0676183528251806,2.0676183528251806,2.0066915110444077,2.906889205846167,0.0,2.415208043402912,2.415208043402912,2.415208043402912,2.415208043402912,2.415208043402912
4ae57e38.qasm,512,success,37.56116829999999,29.975165837613275,115.37530816744463,0.0,58.808111650391325,58.808111650391325,58.808111650391325,58.808111650391325,58.808111650391325,44.62058100154711,222.78371772620582,0.0033333333333333335,99.70325432315626,99.70325432315626,99.70325432315626,99.70325432315626,99.70325432315626
4cbdcf4f.qasm,16,success,1.1965732,1.2093383994866787,1.2025643534808883,0.0,1.2059466200948987,1.2059466200948987,1.2059466200948987,1.2071885015645196,1.2071885015645196,4.504563760429876,4.53922145920282,0.0,4.521859405785483,4.521859405785483,4.521859405785483,4.521859405785483,4.521859405785483
4cbdcf4f.qasm,64,success,4.1559375,4.16211010810215,4.170218104708541,0.0,4.166162133978706,4.166162133978706,4.166162133978706,4.165793897510053,4.165793897510053,5.1851985253917725,3.432720858288338,0.0,4.218926300906223,4.218926300906223,4.218926300906223,4.218926300906223,4.218926300906223
4cbdcf4f.qasm,512,success,94.93661020000002,92.33021645199835,91.5994476848417,0.0,91.96410621337512,91.96410621337512,91.96410621337512,91.8529027451716,91.8529027451716,57.67869130403423,368.32112416415043,0.0030626780626780625,145.7541780581912,145.7541780581912,145.7541780581912,145.7541780581912,145.7541780581912
4d59437e.qasm,16,timeout,14399.999999999989,6873.433708645633,3748.5104134043886,0.9998821856704766,14400.0,14400.0,14400.0,14400.0,14400.0,4938.830743331639,346.74672505048375,0.9798521803399853,14400.0,14400.0,14400.0,14400.0,14400.0
4d59437e.qasm,64,timeout,14399.999999999989,6532.455396989608,10784.015403234105,0.9926066350710903,14400.0,14400.0,14400.0,14400.0,14400.0,3092.8801833663224,864.6857836330032,0.8780530973451325,14400.0,14400.0,14400.0,14400.0,14400.0
4d78cdd5.qasm,16,success,0.1960339,0.18340284330203974,0.19626285079655978,0.0,0.18972391749764458,0.18972391749764458,0.18972391749764458,0.18972391749764458,0.18972391749764458,0.18514665038796096,0.18614443887242774,0.0,0.1856448742776825,0.1856448742776825,0.1856448742776825,0.1856448742776825,0.1856448742776825
4d78cdd5.qasm,64,success,0.17771010000000004,0.17305410461534398,0.16826088101616204,0.0,0.17064066369432832,0.17064066369432832,0.17064066369432832,0.17064066369432832,0.17064066369432832,0.18071107793043167,0.19206528107893003,0.0,0.18630170148655323,0.18630170148655323,0.18630170148655323,0.18630170148655323,0.18630170148655323
4dc2ff13.qasm,16,success,0.179415,0.1861471199897319,0.18749247892400062,0.0,0.18681858839911572,0.18681858839911572,0.18681858839911572,0.18681858839911572,0.18681858839911572,0.22241183221796632,0.19949456098223445,0.0,0.21064175945328972,0.21064175945328972,0.21064175945328972,0.21064175945328972,0.21064175945328972
4dc2ff13.qasm,64,success,0.6179387,0.5545158524547594,0.6489506272208598,0.0,0.5998778294406503,0.5998778294406503,0.5998778294406503,0.5998778294406503,0.5998778294406503,0.464848789611856,0.5272440328955326,0.0,0.4950643902782363,0.4950643902782363,0.4950643902782363,0.4950643902782363,0.4950643902782363
4dc2ff13.qasm,512,success,0.18002370000000004,0.19723747022399762,0.1872936045086635,0.0,0.1922012402208235,0.1922012402208235,0.1922012402208235,0.1922012402208235,0.1922012402208235,0.25941192579049416,0.22945081985700858,0.0,0.24397188168580897,0.24397188168580897,0.24397188168580897,0.24397188168580897,0.24397188168580897
4e8df7a8.qasm,16,timeout,14399.999999999989,9685.412402627608,12167.58504179709,0.882630757220921,14400.0,14400.0,14400.0,14400.0,14400.0,2559.5831529030306,250.29280945107297,0.9798521803399853,14400.0,14400.0,14400.0,14400.0,14400.0
4e8df7a8.qasm,64,timeout,14399.999999999989,9110.858757388116,12041.921269020839,0.9963522012578617,14400.0,14400.0,14400.0,14400.0,14400.0,2341.370187389871,749.1299834631019,0.8780530973451325,14400.0,14400.0,14400.0,14400.0,14400.0
4f476879.qasm,16,success,1.1168596,1.1395090677132171,1.132751675485712,0.0,1.1361253476986193,1.1361253476986193,1.1361253476986193,1.1414251295623117,1.1414251295623117,4.569134349333799,6.275888650763257,0.0,5.354939626811543,5.354939626811543,5.354939626811543,5.354939626811543,5.354939626811543
4f476879.qasm,64,success,5.087435700000001,5.070235051484455,5.073179335463509,0.0,5.071706979817909,5.071706979817909,5.071706979817909,5.077599979401663,5.077599979401663,5.234595727661448,4.207047880200113,0.0,4.69278114339063,4.69278114339063,4.69278114339063,4.69278114339063,4.69278114339063
4f476879.qasm,512,success,148.26441930000004,141.58047903973383,144.37341141357376,0.0,142.97012537077225,142.97012537077225,142.97012537077225,144.37594517231096,144.37594517231096,90.03382323826563,491.89041682232755,0.0030626780626780625,210.44423213948681,210.44423213948681,210.44423213948681,210.44423213948681,210.44423213948681
4f48ab57.qasm,16,success,0.5463127,0.6863997677406434,0.5569187954484334,0.0,0.618279008091172,0.618279008091172,0.618279008091172,0.618279008091172,0.618279008091172,0.6375253867377407,0.7508507858362463,0.0,0.6918716915892639,0.6918716915892639,0.6918716915892639,0.6918716915892639,0.6918716915892639
4f48ab57.qasm,64,success,0.4028144,0.773273319271028,0.7017655952027421,0.0,0.7366523000389213,0.7366523000389213,0.7366523000389213,0.7366523000389213,0.7366523000389213,0.7772811771053144,0.9607237043861491,0.0,0.8641483968730395,0.8641483968730395,0.8641483968730395,0.8641483968730395,0.8641483968730395
4f48ab57.qasm,512,success,0.9204006,1.5910321412085897,0.5695085675015944,0.0,0.9518962315235303,0.9518962315235303,0.9518962315235303,0.9518962315235303,0.9518962315235303,1.3374666163766282,1.1122658178528049,0.0,1.2196796300319908,1.2196796300319908,1.2196796300319908,1.2196796300319908,1.2196796300319908
4f9a3ab1.qasm,16,success,0.1827227,0.18216046480285097,0.18031575844085293,0.0,0.1812357645964625,0.1812357645964625,0.1812357645964625,0.1812357645964625,0.1812357645964625,0.20485932046734298,0.20455985471443214,0.0,0.20470953283053767,0.20470953283053767,0.20470953283053767,0.20470953283053767,0.20470953283053767
4f9a3ab1.qasm,64,success,0.2759283,0.26516652225600745,0.27360062974066374,0.0,0.2693505661315479,0.2693505661315479,0.2693505661315479,0.2693505661315479,0.2693505661315479,0.40391064501226975,0.436566257108204,0.0,0.41992113366579575,0.41992113366579575,0.41992113366579575,0.41992113366579575,0.41992113366579575
4f9a3ab1.qasm,512,success,0.17816029999999997,0.18188971310180949,0.19047756382420597,0.0,0.18613411679838932,0.18613411679838932,0.18613411679838932,0.18613411679838932,0.18613411679838932,0.2123117650787773,0.20994225312108983,0.0,0.2111236848976306,0.2111236848976306,0.2111236848976306,0.2111236848976306,0.2111236848976306
4fd60583.qasm,16,success,69.0350985,75.33564954871164,82.94907407491414,0.0,79.05075821836154,79.05075821836154,79.05075821836154,79.05075821836154,79.05075821836154,16.632980691751854,167.09373773324944,0.15,52.71875295784023,52.71875295784023,52.71875295784023,52.71875295784023,52.71875295784023
4fd60583.qasm,64,success,3.5823552,4.121002985448345,4.743423057529065,0.0,4.42127363791496,4.42127363791496,4.42127363791496,4.42127363791496,4.42127363791496,8.310010610616454,3.0989917182857276,0.4589823008849556,14400.0,14400.0,14400.0,14400.0,14400.0
4ffb1090.qasm,16,success,1.9565706999999999,17.853913835428838,6.348221358401316,0.16391130813644877,10.646154100947724,10.646154100947724,10.646154100947724,10.646154100947724,10.646154100947724,6.270048663198001,6.949912635770522,0.0033259423503325947,6.601234008218149,6.601234008218149,6.601234008218149,6.601234008218149,6.601234008218149
4ffb1090.qasm,64,success,2.7308021,9.436381527152056,8.088709217296799,0.0,8.736598092885128,8.736598092885128,8.736598092885128,8.736598092885128,8.736598092885128,5.288907634293413,8.191517433511025,0.2028834808259586,6.582110534664703,6.582110534664703,6.582110534664703,6.582110534664703,6.582110534664703
4ffb1090.qasm,512,success,1.9538451,5.376745975847092,7.345010949362402,0.06512801147370559,6.284286599490599,6.284286599490599,6.284286599490599,6.284286599490599,6.284286599490599,5.8167922318567,2.9702345262448904,0.33245614035087695,4.1565896019518025,4.1565896019518025,4.1565896019518025,4.1565896019518025,4.1565896019518025
5050d142.qasm,16,success,0.21214299999999997,0.2745494809992077,0.2385402547877211,0.0,0.25591229581516317,0.25591229581516317,0.25591229581516317,0.25591229581516317,0.25591229581516317,0.33022659418987826,0.273224209436383,0.0,0.3003762642626723,0.3003762642626723,0.3003762642626723,0.3003762642626723,0.3003762642626723
5050d142.qasm,64,success,1.9698752999999998,1.671921891949977,1.7972802610787173,0.0,1.7334682617420711,1.7334682617420711,1.7334682617420711,1.7334682617420711,1.7334682617420711,0.6452805712505555,0.43051641891277226,0.0,0.5270710395466414,0.5270710395466414,0.5270710395466414,0.5270710395466414,0.5270710395466414
51b16166.qasm,16,success,1.2138746,1.1845366267643624,1.2024967768802692,0.0,1.1934829180934146,1.1934829180934146,1.1934829180934146,1.1978284,1.1978284,4.504563760429876,4.573273180174658,0.0,4.538788454418277,4.538788454418277,4.538788454418277,4.538788454418277,4.538788454418277
51b16166.qasm,64,success,4.156859,4.177916619342724,4.177755622062777,0.0,4.177836119927226,4.177836119927226,4.177836119927226,4.174748,4.174748,5.1851985253917725,3.432720858288338,0.0,4.218926300906223,4.218926300906223,4.218926300906223,4.218926300906223,4.218926300906223
51b16166.qasm,512,success,91.95425450000003,92.8115391670515,92.15846803686611,0.0,92.48442715278645,92.48442715278645,92.48442715278645,92.09334020000001,92.09334020000001,57.67869130403423,364.79964877567613,0.0030626780626780625,145.05573525218617,145.05573525218617,145.05573525218617,145.05573525218617,145.05573525218617
51b543de.qasm,16,success,2.9811427,3.0949383420232146,2.9921834360773363,0.0,3.043127214344237,3.043127214344237,3.043127214344237,2.989781,2.989781,14.8699891236335,17.908035632565234,0.0,16.31846485064959,16.31846485064959,16.31846485064959,16.31846485064959,16.31846485064959
51b543de.qasm,64,success,23.505974599999995,24.014264947859214,23.539773629610345,0.0,23.775835647860884,23.775835647860884,23.775835647860884,23.563448199999996,23.563448199999996,19.643952924592703,11.47799606621152,0.0,15.015765528048158,15.015765528048158,15.015765528048158,15.015765528048158,15.015765528048158
51b543de.qasm,512,success,1080.9138732999998,776.0012418329576,550.0075107655143,0.0,653.3043022753585,653.3043022753585,653.3043022753585,1083.7143292999995,1083.7143292999995,479.06329760870824,1344.5577367852459,0.009458689458689457,802.5760170909923,802.5760170909923,802.5760170909923,802.5760170909923,802.5760170909923
52b00428.qasm,16,success,2.009074,1.998842324073128,1.9999882062245016,0.0,1.9994151830594438,1.9994151830594438,1.9994151830594438,2.0015231,2.0015231,10.770714267487378,15.344108588459228,0.0,12.855621700080997,12.855621700080997,12.855621700080997,12.855621700080997,12.855621700080997
52b00428.qasm,64,success,7.728845400000001,15.658421597477012,15.516497924961492,0.0,15.58729823367168,15.58729823367168,15.58729823367168,15.542053600000003,15.542053600000003,14.761358552826255,9.42941541991411,0.0,11.79792278144339,11.79792278144339,11.79792278144339,11.79792278144339,11.79792278144339
52b00428.qasm,512,success,691.5553226999999,666.052252124389,676.8362610649227,0.0,671.4226061146163,671.4226061146163,671.4226061146163,695.6832452000001,695.6832452000001,368.542672567036,1000.1738740546247,0.009588290534838418,607.1299305550807,607.1299305550807,607.1299305550807,607.1299305550807,607.1299305550807
53442dc5.qasm,16,success,0.1755131,0.21963162614827433,0.19897274390440262,0.0,0.20904714134115318,0.20904714134115318,0.20904714134115318,0.20904714134115318,0.20904714134115318,0.36859417347526313,0.27720670216243726,0.0,0.3196510210610425,0.3196510210610425,0.3196510210610425,0.3196510210610425,0.3196510210610425
53442dc5.qasm,64,success,0.2352298,0.24641154806256316,0.21002706314737207,0.0,0.22749306311441164,0.22749306311441164,0.22749306311441164,0.22749306311441164,0.22749306311441164,0.4543880514824888,0.3661609249369195,0.0,0.4078960029359355,0.4078960029359355,0.4078960029359355,0.4078960029359355,0.4078960029359355
53442dc5.qasm,512,success,0.18592699999999998,0.20203803202677845,0.18659357699118226,0.0,0.19416230088288416,0.19416230088288416,0.19416230088288416,0.19416230088288416,0.19416230088288416,0.32778872695704475,0.3866915556146247,0.0,0.35602406202384285,0.35602406202384285,0.35602406202384285,0.35602406202384285,0.35602406202384285
5357322a.qasm,16,success,1.9833841000000003,2.132747698973985,2.1216766554253335,0.0,2.1272049748026634,2.1272049748026634,2.1272049748026634,2.1493701895001878,2.1493701895001878,2.416581172874179,1.3130053583432095,0.0,1.781287183150183,1.781287183150183,1.781287183150183,1.781287183150183,1.781287183150183
5357322a.qasm,64,success,0.1795194,0.17608982556613373,0.1689470977643223,0.0,0.17248149168888832,0.17248149168888832,0.17248149168888832,0.1725525131927949,0.1725525131927949,1.610378616539938,0.9461809512671681,0.0,1.2343863136385078,1.2343863136385078,1.2343863136385078,1.2343863136385078,1.2343863136385078
5385a9e9.qasm,16,success,1.7063132,1.689245282746271,1.695200928780145,0.0,1.6922204857077452,1.6922204857077452,1.6922204857077452,1.690588042411344,1.690588042411344,8.101699618884144,12.403209937656268,0.0,10.024324477232858,10.024324477232858,10.024324477232858,10.024324477232858,10.024324477232858
5385a9e9.qasm,64,success,10.5206042,10.469251810790787,10.519346613807711,0.0,10.494269321155345,10.494269321155345,10.494269321155345,10.517696392935509,10.517696392935509,9.731618440598057,7.09019102514163,0.0,8.306565699952726,8.306565699952726,8.306565699952726,8.306565699952726,8.306565699952726
5385a9e9.qasm,512,success,406.11038670000005,406.9735356600529,406.12072441696495,0.0,406.5469064213797,406.5469064213797,406.5469064213797,406.4068999725259,406.4068999725259,187.29838335156174,834.2130624635694,0.006396011396011396,395.280606620388,395.280606620388,395.280606620388,395.280606620388,395.280606620388
53e971c2.qasm,16,success,0.1748129,0.2183756511784503,0.2262375570511572,0.0,0.22227184671493658,0.22227184671493658,0.22227184671493658,0.22227184671493658,0.22227184671493658,0.392232932847557,0.24377890376073605,0.0,0.30922178834686903,0.30922178834686903,0.30922178834686903,0.30922178834686903,0.30922178834686903
53e971c2.qasm,64,success,0.1728286,0.237104816459135,0.2111274916239059,0.0,0.2237394581895732,0.2237394581895732,0.2237394581895732,0.2237394581895732,0.2237394581895732,0.436027111838695,0.34436948252202154,0.0,0.3874976527276817,0.3874976527276817,0.3874976527276817,0.3874976527276817,0.3874976527276817
53e971c2.qasm,512,success,0.1791764,0.2089569272403614,0.18831622964287087,0.0,0.19836829559096528,0.19836829559096528,0.19836829559096528,0.19836829559096528,0.19836829559096528,0.3433974716459863,0.23551512459735705,0.0,0.28438582651236655,0.28438582651236655,0.28438582651236655,0.28438582651236655,0.28438582651236655
54c8f710.qasm,16,success,0.5430322,0.8967829908076724,0.8098697067289076,0.0,0.8522190902372947,0.8522190902372947,0.8522190902372947,0.8522190902372947,0.8522190902372947,1.0394737628202881,0.9549202863817411,0.0,0.9963004482979296,0.9963004482979296,0.9963004482979296,0.9963004482979296,0.9963004482979296
54c8f710.qasm,64,success,0.5765128,0.9177427170890526,0.5169150543091108,0.0,0.6887634038230244,0.6887634038230244,0.6887634038230244,0.6887634038230244,0.6887634038230244,1.0134642547783548,0.7191851056354708,0.0,0.8537378972088242,0.8537378972088242,0.8537378972088242,0.8537378972088242,0.8537378972088242
54c8f710.qasm,512,success,0.5371048,0.9439660716033583,0.9770745873457785,0.0,0.960377665233978,0.960377665233978,0.960377665233978,0.960377665233978,0.960377665233978,0.9767803983875895,0.9224440563141102,0.0,0.9492235104635581,0.9492235104635581,0.9492235104635581,0.9492235104635581,0.9492235104635581
54f0b8c5.qasm,16,success,0.18011680000000002,0.8038839132090003,0.322827586066826,0.0,0.5094270342053074,0.5094270342053074,0.5094270342053074,0.5094270342053074,0.5094270342053074,0.6014503513023444,0.27084970653201895,0.0,0.40361200569831873,0.40361200569831873,0.40361200569831873,0.40361200569831873,0.40361200569831873
54f0b8c5.qasm,64,success,0.2660724,1.1252361445165426,0.4210016836173778,0.0,0.6882777864413404,0.6882777864413404,0.6882777864413404,0.6882777864413404,0.6882777864413404,0.9620014129591191,0.609031268783581,0.0,0.7654338254258758,0.7654338254258758,0.7654338254258758,0.7654338254258758,0.7654338254258758
54f0b8c5.qasm,512,success,0.1865154,2.526050681050676,0.9106586530238058,0.0,1.5166970398452935,1.5166970398452935,1.5166970398452935,1.5166970398452935,1.5166970398452935,1.8768136020872321,0.8742786618612707,0.0,1.2809598294231777,1.2809598294231777,1.2809598294231777,1.2809598294231777,1.2809598294231777
551cc6ea.qasm,16,success,4.0511647,3.4883328305076935,3.9948221646572732,0.0,3.732997362577929,3.732997362577929,3.732997362577929,3.732997362577929,3.732997362577929,1.92778251033168,1.830017964118968,0.0,1.8782642585167122,1.8782642585167122,1.8782642585167122,1.8782642585167122,1.8782642585167122
551cc6ea.qasm,64,success,0.6177918,4.854667445757068,1.7274128430576452,0.0,2.8958616842961638,2.8958616842961638,2.8958616842961638,2.8958616842961638,2.8958616842961638,5.3260469768097245,5.738446800985486,0.0,5.528402774398061,5.528402774398061,5.528402774398061,5.528402774398061,5.528402774398061
551cc6ea.qasm,512,success,903.4430423000003,743.4839843813137,664.2593316434541,0.0,702.7561273676265,702.7561273676265,702.7561273676265,702.7561273676265,702.7561273676265,79.46407773431163,252.28366450808588,0.0,141.58915469614024,141.58915469614024,141.58915469614024,141.58915469614024,141.58915469614024
568c1ef9.qasm,16,success,0.1891656,0.1895116901964223,0.18230611351999093,0.0,0.18587398878356898,0.18587398878356898,0.18587398878356898,0.18587398878356898,0.18587398878356898,0.20746317414646664,0.19870167616071913,0.0,0.203035170461982,0.203035170461982,0.203035170461982,0.203035170461982,0.203035170461982
568c1ef9.qasm,64,success,0.24343100000000004,0.2648380028152834,0.284387241522658,0.0,0.27443860710732443,0.27443860710732443,0.27443860710732443,0.27443860710732443,0.27443860710732443,0.4207773991538991,0.4231420780540216,0.0,0.42195808213156366,0.42195808213156366,0.42195808213156366,0.42195808213156366,0.42195808213156366
568c1ef9.qasm,512,success,0.1862508,0.19146713569977236,0.18052666614816276,0.0,0.18591644275001012,0.18591644275001012,0.18591644275001012,0.18591644275001012,0.18591644275001012,0.21722719507290708,0.19765854105924024,0.0,0.2072119939976974,0.2072119939976974,0.2072119939976974,0.2072119939976974,0.2072119939976974
574915eb.qasm,16,success,1.6900419,1.2005152489274447,1.1014537637459203,0.0,1.1499182750811052,1.1499182750811052,1.1499182750811052,1.1499182750811052,1.1499182750811052,2.7500134792499358,4.390752812886495,0.0,3.474856748053426,3.474856748053426,3.474856748053426,3.474856748053426,3.474856748053426
574915eb.qasm,64,success,6.495244199999999,4.575483320342461,5.906964413203024,0.0,5.198770734170427,5.198770734170427,5.198770734170427,5.198770734170427,5.198770734170427,3.5728362667407687,3.612748350272921,0.0,3.5927368855042774,3.5927368855042774,3.5927368855042774,3.5927368855042774,3.5927368855042774
574915eb.qasm,512,success,257.82087350000006,152.21170401821402,203.55387568404674,0.0,176.02068707223154,176.02068707223154,176.02068707223154,176.02068707223154,176.02068707223154,30.684958900652912,80.43264222977771,0.0,49.679697272544345,49.679697272544345,49.679697272544345,49.679697272544345,49.679697272544345
577f5adb.qasm,16,success,1.1850882,0.9708716016869889,0.9660708455377375,0.0,0.9684682489118199,0.9684682489118199,0.9684682489118199,0.9684682489118199,0.9684682489118199,0.4428848303736951,0.3427049351795565,0.0,0.38958800942178146,0.38958800942178146,0.38958800942178146,0.38958800942178146,0.38958800942178146
577f5adb.qasm,64,success,5.6904274,3.4793786562418942,4.248057175497752,0.0,3.8445545212575807,3.8445545212575807,3.8445545212575807,3.8445545212575807,3.8445545212575807,1.0447394735859805,1.0975362440934247,0.0,1.0708125129525237,1.0708125129525237,1.0708125129525237,1.0708125129525237,1.0708125129525237
587be285.qasm,16,success,1.3891152,1.3916256731952792,1.395220456800794,0.0,1.3934219057597845,1.3934219057597845,1.3934219057597845,1.3970083,1.3970083,6.666034763873783,10.336287400370153,0.0,8.300725940558332,8.300725940558332,8.300725940558332,8.300725940558332,8.300725940558332
587be285.qasm,64,success,7.918703600000001,8.017897458695153,7.96299217491461,0.0,7.990397657367075,7.990397657367075,7.990397657367075,7.96335,7.96335,8.152262895549812,5.87075500449028,0.0,6.918087755440045,6.918087755440045,6.918087755440045,6.918087755440045,6.918087755440045
587be285.qasm,512,success,284.79549880000013,285.5259808909497,283.1144809372122,0.0,284.3176742202807,284.3176742202807,284.3176742202807,284.6133111999999,284.6133111999999,178.12707622057752,744.2540110299892,0.006396011396011396,364.1040935642022,364.1040935642022,364.1040935642022,364.1040935642022,364.1040935642022
588e0101.qasm,16,success,0.22066920000000004,0.538219320588973,0.7051704506709799,0.0,0.6160652245173028,0.6160652245173028,0.6160652245173028,0.6160652245173028,0.6160652245173028,0.4141781454879834,0.3196681176305223,0.0,0.36386748704967337,0.36386748704967337,0.36386748704967337,0.36386748704967337,0.36386748704967337
588e0101.qasm,64,success,0.48802539999999994,0.8134240880763108,1.168218724073925,0.0,0.9748113921695334,0.9748113921695334,0.9748113921695334,0.9748113921695334,0.9748113921695334,0.4578009606238958,0.6367055044033999,0.0,0.5398929445273374,0.5398929445273374,0.5398929445273374,0.5398929445273374,0.5398929445273374
588e0101.qasm,512,success,9.7979156,3.3016079132975884,12.889731751037383,0.0,6.523560404373383,6.523560404373383,6.523560404373383,6.523560404373383,6.523560404373383,0.6194159390051207,1.357042692194317,0.0,0.9168281591746514,0.9168281591746514,0.9168281591746514,0.9168281591746514,0.9168281591746514
591d39f6.qasm,16,success,2.6787045,2.6778147447836327,2.6701728019001134,0.0,2.673991043374744,2.673991043374744,2.673991043374744,2.672572213305127,2.672572213305127,13.579793048799326,17.19551836797803,0.0,15.281085720719231,15.281085720719231,15.281085720719231,15.281085720719231,15.281085720719231
591d39f6.qasm,64,success,20.992547700000003,21.120089220293245,20.974397983371524,0.0,21.047117540194083,21.047117540194083,21.047117540194083,21.028817138681664,21.028817138681664,17.9073195212993,11.347073253794123,0.0,14.25467173902229,14.25467173902229,14.25467173902229,14.25467173902229,14.25467173902229
591d39f6.qasm,512,success,981.4918502999997,970.5683670193376,956.3717406116795,0.0,963.4439052425,963.4439052425,963.4439052425,961.9277742785434,961.9277742785434,401.72671650629763,1240.749260245702,0.009588290534838418,706.004338744546,706.004338744546,706.004338744546,706.004338744546,706.004338744546
59267ce4.qasm,16,success,0.2185542,0.22568359291823226,0.19560250404187066,0.0,0.2101053923533911,0.2101053923533911,0.2101053923533911,0.2101053923533911,0.2101053923533911,0.23934869035887946,0.23050425667035404,0.0,0.23488484828995723,0.23488484828995723,0.23488484828995723,0.23488484828995723,0.23488484828995723
59267ce4.qasm,64,success,0.2873506,0.34048341384493486,0.3625939689701603,0.0,0.3513648138253809,0.3513648138253809,0.3513648138253809,0.3513648138253809,0.3513648138253809,0.2920558019984796,0.2892029963911066,0.0,0.2906258987966627,0.2906258987966627,0.2906258987966627,0.2906258987966627,0.2906258987966627
59267ce4.qasm,512,success,0.2381152,0.2544659882229689,0.24669244101991672,0.0,0.2505490686298186,0.2505490686298186,0.2505490686298186,0.2505490686298186,0.2505490686298186,0.2491190743577854,0.2624094585015079,0.0,0.25567792514142346,0.25567792514142346,0.25567792514142346,0.25567792514142346,0.25567792514142346
5a4964e2.qasm,16,success,3.0040687,3.0949383420232146,2.994104757118943,0.0,3.0441040739175658,3.0441040739175658,3.0441040739175658,2.989781,2.989781,14.8699891236335,17.908035632565234,0.0,16.31846485064959,16.31846485064959,16.31846485064959,16.31846485064959,16.31846485064959
5a4964e2.qasm,64,success,23.571399400000004,24.014264947859214,23.545877878641353,0.0,23.778918179926325,23.778918179926325,23.778918179926325,23.563448199999996,23.563448199999996,19.643952924592703,11.526492685318042,0.0,15.04745425964305,15.04745425964305,15.04745425964305,15.04745425964305,15.04745425964305
5a4964e2.qasm,512,success,1113.7247560999997,755.6670113722694,543.5238607321754,0.0,640.8767833593292,640.8767833593292,640.8767833593292,1083.7143292999995,1083.7143292999995,479.06329760870824,1344.5577367852459,0.009458689458689457,802.5760170909923,802.5760170909923,802.5760170909923,802.5760170909923,802.5760170909923
5a741dbe.qasm,16,success,1607.2905075999995,0.7006007674703778,0.694443214493379,0.04660392156862745,0.6975151962779431,255.30028809928345,255.30028809928345,255.30028809928345,255.30028809928345,0.6796877825516713,0.7190031297868277,0.03326666666666667,0.6990691260043748,255.30028809928345,255.30028809928345,255.30028809928345,255.30028809928345
5a741dbe.qasm,64,success,63.61018129999999,0.8132275013943627,0.6426996776459452,0.15666666666666668,0.7229530088456472,186.37259047056216,186.37259047056216,186.37259047056216,186.37259047056216,0.9181875715040594,0.6880128573020584,0.08666666666666667,0.7948112068974279,186.37259047056216,186.37259047056216,186.37259047056216,186.37259047056216
5a9f20b0.qasm,16,success,1.9873639,1.9140583823234905,1.9218694037578823,0.0,1.9179599166806962,1.9179599166806962,1.9179599166806962,1.9149404,1.9149404,8.137799954749374,13.88857801490007,0.0,10.631202638515878,10.631202638515878,10.631202638515878,10.631202638515878,10.631202638515878
5a9f20b0.qasm,64,success,14.174923699999999,13.924277322195959,14.090882098958692,0.0,14.00733201078162,14.00733201078162,14.00733201078162,14.099032299999998,14.099032299999998,10.173549978543086,8.811799472377526,0.0,9.468224877617365,9.468224877617365,9.468224877617365,9.468224877617365,9.468224877617365
5a9f20b0.qasm,512,success,556.7358081999998,541.8769145442647,549.898887756722,0.0,545.8731653130928,545.8731653130928,545.8731653130928,559.5118791999997,559.5118791999997,186.81971302969387,870.5715802034563,0.009588290534838418,403.2864153246633,403.2864153246633,403.2864153246633,403.2864153246633,403.2864153246633
5b419375.qasm,16,success,5.069990999999999,3.348181492183312,3.715171948714268,0.0,3.526906570773278,3.526906570773278,3.526906570773278,3.526906570773278,3.526906570773278,4.291523258232156,12.352162092038606,0.0,7.2807685657104395,7.2807685657104395,7.2807685657104395,7.2807685657104395,7.2807685657104395
5b419375.qasm,64,success,18.199755699999997,12.169015677184955,12.804678701462851,0.0,12.48280160298231,12.48280160298231,12.48280160298231,12.48280160298231,12.48280160298231,3.6936389261716056,5.289137517829628,0.0,4.419973328169546,4.419973328169546,4.419973328169546,4.419973328169546,4.419973328169546
5b419375.qasm,512,success,735.2598270999999,475.0003556553732,512.6186546843426,0.0,493.4511559320146,493.4511559320146,493.4511559320146,493.4511559320146,493.4511559320146,82.50324138889427,162.30883152220696,0.009660729431721799,115.71950875555083,115.71950875555083,115.71950875555083,115.71950875555083,115.71950875555083
5b482142.qasm,16,success,0.18248999999999999,0.1861480003910439,0.18893585961330775,0.0,0.18753674964971592,0.18753674964971592,0.18753674964971592,0.18753674964971592,0.18753674964971592,0.20436666614716198,0.1876742474576732,0.0,0.1958426926760408,0.1958426926760408,0.1958426926760408,0.1958426926760408,0.1958426926760408
5b482142.qasm,64,success,0.176904,0.19628781510870805,0.1950277758939911,0.0,0.195656781164728,0.195656781164728,0.195656781164728,0.195656781164728,0.195656781164728,0.19910778683228447,0.17656172789613658,0.0,0.1874961729761004,0.1874961729761004,0.1874961729761004,0.1874961729761004,0.1874961729761004
5b58ce32.qasm,16,success,0.23533430000000002,0.19596691743787278,0.22367682589319174,0.0,0.20936393689596244,0.20936393689596244,0.20936393689596244,0.20936393689596244,0.20936393689596244,0.19738582907884483,0.1896368502285095,0.0,0.19347254819807141,0.19347254819807141,0.19347254819807141,0.19347254819807141,0.19347254819807141
5b58ce32.qasm,64,success,0.1714296,0.19458654369516573,0.22046647458140095,0.0,0.20712269139196923,0.20712269139196923,0.20712269139196923,0.20712269139196923,0.20712269139196923,0.22210565030068674,0.2685739264424932,0.0,0.2442371523464822,0.2442371523464822,0.2442371523464822,0.2442371523464822,0.2442371523464822
5c176f37.qasm,16,success,2.1709223,2.191259026963214,1.7788398668055627,0.0,1.9743097314402647,1.9743097314402647,1.9743097314402647,1.9743097314402647,1.9743097314402647,1.3245979486775605,1.4826816930083826,0.0,1.4014125477890784,1.4014125477890784,1.4014125477890784,1.4014125477890784,1.4014125477890784
5c176f37.qasm,64,success,0.177055,9.111461199341424,6.1933348688055965,0.0,7.51201240358737,7.51201240358737,7.51201240358737,7.51201240358737,7.51201240358737,4.007893915543106,5.330473218763732,0.0,4.622117607812315,4.622117607812315,4.622117607812315,4.622117607812315,4.622117607812315
5c176f37.qasm,512,success,218.88470399999989,408.7851873842084,471.02446743681315,0.0,438.80271783992504,438.80271783992504,438.80271783992504,438.80271783992504,438.80271783992504,67.10030573750083,200.02217894789305,0.0,115.85141070217799,115.85141070217799,115.85141070217799,115.85141070217799,115.85141070217799
5c2359c8.qasm,16,success,18.8537477,7.571203338595672,8.448358397868708,0.0,7.997764644423862,7.997764644423862,7.997764644423862,7.997764644423862,7.997764644423862,3.34527179390866,3.0636039648622604,0.016333333333333335,3.2013415830492784,3.2013415830492784,3.2013415830492784,3.2013415830492784,3.2013415830492784
5c2359c8.qasm,64,success,0.8920383,2.5266720324865295,1.4229727259973872,0.0,1.8961501495843402,1.8961501495843402,1.8961501495843402,1.8961501495843402,1.8961501495843402,3.0843530689180834,2.908702389927306,0.0,2.995240414881859,2.995240414881859,2.995240414881859,2.995240414881859,2.995240414881859
5c2359c8.qasm,512,success,26.214138599999995,14.119857611932794,14.589424050831168,0.0,14.3527206563022,14.3527206563022,14.3527206563022,14.3527206563022,14.3527206563022,13.247561222605226,92.81621674326102,0.006150004071771764,35.06548892796087,35.06548892796087,35.06548892796087,35.06548892796087,35.06548892796087
5cfcb9cd.qasm,16,success,45.6465889,22.607456524865857,19.980139536069935,0.0,21.253238245558126,21.253238245558126,21.253238245558126,21.253238245558126,21.253238245558126,9.15382264660868,11.177840115263479,0.0,10.115333211875413,10.115333211875413,10.115333211875413,10.115333211875413,10.115333211875413
5cfcb9cd.qasm,64,success,42.3598636,21.829913979834366,24.197636851313266,0.0,22.98330548418653,22.98330548418653,22.98330548418653,22.98330548418653,22.98330548418653,10.10928462975419,2.966765783002094,0.003325958702064897,5.4764842490583066,5.4764842490583066,5.4764842490583066,5.4764842490583066,5.4764842490583066
5cfcb9cd.qasm,512,success,45.74182770000001,24.68223719504128,22.549643971316208,0.0,23.591855822799513,23.591855822799513,23.591855822799513,23.591855822799513,23.591855822799513,7.74012333679179,3.7588166176313957,0.09973684210526311,5.393858008962559,5.393858008962559,5.393858008962559,5.393858008962559,5.393858008962559
5d14d092.qasm,16,success,1.8427508,1.8298984231496378,1.8588854509137274,0.0,1.8443349900283388,1.8443349900283388,1.8443349900283388,1.8443349900283388,1.8443349900283388,8.948949469396144,13.015410069681915,0.0,10.792323523553822,10.792323523553822,10.792323523553822,10.792323523553822,10.792323523553822
5d14d092.qasm,64,success,10.707354900000002,10.638957335085113,10.696011928271624,0.0,10.667446487348474,10.667446487348474,10.667446487348474,10.667446487348474,10.667446487348474,11.671640152525637,7.186817297211178,0.0,9.158708715479259,9.158708715479259,9.158708715479259,9.158708715479259,9.158708715479259
5d14d092.qasm,512,success,449.6638395999999,435.57225246651694,435.3911052560278,0.0,435.481669442302,435.481669442302,435.481669442302,435.481669442302,435.481669442302,270.1506305131917,866.3817601824746,0.006396011396011396,483.7908419745297,483.7908419745297,483.7908419745297,483.7908419745297,483.7908419745297
5d2b11a2.qasm,16,success,1.7544678,1.7562229335329005,1.765010393716937,0.0,1.760611181200897,1.760611181200897,1.760611181200897,1.7579763,1.7579763,9.011189041510344,13.540896088703228,0.0,11.046247075217577,11.046247075217577,11.046247075217577,11.046247075217577,11.046247075217577
5d2b11a2.qasm,64,success,6.910084599999999,12.722859283153733,12.955637343471368,0.0,12.838720763555767,12.838720763555767,12.838720763555767,13.180583699999998,13.180583699999998,12.701162955952206,8.394869358525511,0.0,10.325919025276274,10.325919025276274,10.325919025276274,10.325919025276274,10.325919025276274
5d2b11a2.qasm,512,success,578.8071934000002,570.9524901816891,573.074756026655,0.0,572.0126388583408,572.0126388583408,572.0126388583408,577.6552693999998,577.6552693999998,330.53506854811724,894.3568378843864,0.006396011396011396,543.706077505662,543.706077505662,543.706077505662,543.706077505662,543.706077505662
5d565485.qasm,16,success,1.7579763,1.744543027773677,1.7507382591404914,0.0,1.7476378982615848,1.7476378982615848,1.7476378982615848,1.7514824100408146,1.7514824100408146,9.011189041510344,13.48535997598878,0.0,11.023571473730836,11.023571473730836,11.023571473730836,11.023571473730836,11.023571473730836
5d565485.qasm,64,success,13.180583699999998,12.19543248535252,12.996485898126371,0.0,12.589589600834348,12.589589600834348,12.589589600834348,13.182296883596946,13.182296883596946,12.561772410095355,8.35954874601621,0.0,10.24747524020203,10.24747524020203,10.24747524020203,10.24747524020203,10.24747524020203
5d565485.qasm,512,success,577.6552693999998,578.6501128375204,574.0871075411504,0.0,576.3640946114291,576.3640946114291,576.3640946114291,576.5725416418635,576.5725416418635,330.53506854811724,892.8137869320285,0.006396011396011396,543.2368417773984,543.2368417773984,543.2368417773984,543.2368417773984,543.2368417773984
5da1db4b.qasm,16,success,1.6695542,1.6469088958489264,1.6527844695095149,0.0,1.6498440671033636,1.6498440671033636,1.6498440671033636,1.6559996,1.6559996,7.108867690690212,11.372908188562137,0.0,8.991579370213863,8.991579370213863,8.991579370213863,8.991579370213863,8.991579370213863
5da1db4b.qasm,64,success,9.5052925,9.496342972324799,9.526323669733442,0.0,9.511321508242927,9.511321508242927,9.511321508242927,9.5001241,9.5001241,8.526517641822348,6.716520519641876,0.0,7.567597419418416,7.567597419418416,7.567597419418416,7.567597419418416,7.567597419418416
5da1db4b.qasm,512,success,340.80459760000014,347.1747006291941,350.2687535492918,0.0,348.71829555278026,348.71829555278026,348.71829555278026,344.19865939999994,344.19865939999994,151.1168559846269,791.2776991925375,0.006396011396011396,345.7967583895571,345.7967583895571,345.7967583895571,345.7967583895571,345.7967583895571
5e3dc35d.qasm,16,success,0.1754587,0.19883748829297915,0.21067302820595032,0.0,0.20466972365141628,0.20466972365141628,0.20466972365141628,0.20466972365141628,0.20466972365141628,0.2522251744045474,0.27016399301995414,0.0,0.2610405337438744,0.2610405337438744,0.2610405337438744,0.2610405337438744,0.2610405337438744
5e3dc35d.qasm,64,success,0.1674483,0.18238551571754325,0.16804394537690606,0.0,0.17506793435914433,0.17506793435914433,0.17506793435914433,0.17506793435914433,0.17506793435914433,0.2795457608778002,0.2624797836123652,0.0,0.270878405977588,0.270878405977588,0.270878405977588,0.270878405977588,0.270878405977588
5e3dc35d.qasm,512,success,0.1802698,0.19521934338682034,0.19288605331567635,0.0,0.19404919138394147,0.19404919138394147,0.19404919138394147,0.19404919138394147,0.19404919138394147,0.24256743064880443,0.27572783544200996,0.0,0.25861669049294694,0.25861669049294694,0.25861669049294694,0.25861669049294694,0.25861669049294694
5e4c8439.qasm,16,success,1.1020779,1.08976789394576,1.1174664646300356,0.0,1.1035302785673295,1.1035302785673295,1.1035302785673295,1.0973482797844447,1.0973482797844447,3.1643913729221107,3.8017593137532932,0.0,3.4684657089795783,3.4684657089795783,3.4684657089795783,3.4684657089795783,3.4684657089795783
5e4c8439.qasm,64,success,2.5658197,2.5610670763759398,2.5769770317007947,0.0,2.569009737713328,2.569009737713328,2.569009737713328,2.5663172333296598,2.5663172333296598,3.293673857481939,1.5725613045845508,0.0,2.2758523805813566,2.2758523805813566,2.2758523805813566,2.2758523805813566,2.2758523805813566
5e4c8439.qasm,512,success,34.3699009,34.40722786812751,34.34974129672845,0.0,34.378472566531606,34.378472566531606,34.378472566531606,34.45395076041408,34.45395076041408,39.32111049575651,319.3668047551437,0.0,112.06184639944892,112.06184639944892,112.06184639944892,112.06184639944892,112.06184639944892
5e6b0a76.qasm,16,success,0.9429384,0.7769728471048241,1.7584777885019194,0.0,1.1688838667305366,1.1688838667305366,1.1688838667305366,1.1688838667305366,1.1688838667305366,0.8519962069459169,1.5867126338456798,0.0,1.1627007979483306,1.1627007979483306,1.1627007979483306,1.1627007979483306,1.1627007979483306
5e6b0a76.qasm,64,success,0.8332049,0.5948087283076957,0.52299930565304,0.0,0.5577495422690121,0.5577495422690121,0.5577495422690121,0.5577495422690121,0.5577495422690121,0.6945510589904044,0.4445772721263387,0.0,0.5556812172085842,0.5556812172085842,0.5556812172085842,0.5556812172085842,0.5556812172085842
5eaee29f.qasm,16,success,0.9021112,0.4558410154179587,0.5417948107618984,0.0,0.49696307376492727,0.49696307376492727,0.49696307376492727,0.49696307376492727,0.49696307376492727,0.5354893539744168,0.5871048522529726,0.0,0.560703484961695,0.560703484961695,0.560703484961695,0.560703484961695,0.560703484961695
5eaee29f.qasm,64,success,0.1723742,0.3674845601139035,0.23111524178120393,0.0,0.29142972216571217,0.29142972216571217,0.29142972216571217,0.29142972216571217,0.29142972216571217,0.42025203922022286,0.26254058775782924,0.0,0.3321644432857069,0.3321644432857069,0.3321644432857069,0.3321644432857069,0.3321644432857069
5eaee29f.qasm,512,success,0.8121324,0.45094533603461473,0.24554207106296158,0.0,0.33275524300320564,0.33275524300320564,0.33275524300320564,0.33275524300320564,0.33275524300320564,0.5056161619211653,0.33894865729871204,0.0,0.41397816269908144,0.41397816269908144,0.41397816269908144,0.41397816269908144,0.41397816269908144
5ed4dd47.qasm,16,success,0.1778839,0.18884579983131974,0.21398407452996981,0.0,0.2010223711574831,0.2010223711574831,0.2010223711574831,0.2010223711574831,0.2010223711574831,0.1986560587638726,0.19772843401063933,0.0,0.19819170367627922,0.19819170367627922,0.19819170367627922,0.19819170367627922,0.19819170367627922
5ed4dd47.qasm,64,success,0.1692181,0.1762540465160742,0.1668040092020704,0.0,0.17146393672422602,0.17146393672422602,0.17146393672422602,0.17146393672422602,0.17146393672422602,0.2050858233102482,0.22428822336583,0.0,0.21447222418712888,0.21447222418712888,0.21447222418712888,0.21447222418712888,0.21447222418712888
5ed4dd47.qasm,512,success,0.1719626,0.1850037956872199,0.1894063204943316,0.0,0.18719211580245954,0.18719211580245954,0.18719211580245954,0.18719211580245954,0.18719211580245954,0.19768070991138995,0.1904754757981652,0.0,0.19404465279025618,0.19404465279025618,0.19404465279025618,0.19404465279025618,0.19404465279025618
5ee9c404.qasm,16,success,0.6110617,0.18696316128956303,0.17947108535370804,0.0,0.18317882377010247,0.18317882377010247,0.18317882377010247,0.18317882377010247,0.18317882377010247,0.5572451479346264,0.5458353040443719,0.0,0.5515107204308433,0.5515107204308433,0.5515107204308433,0.5515107204308433,0.5515107204308433
5ee9c404.qasm,64,success,0.3699508,0.1733901997849926,0.1601245028513702,0.0,0.16662538684087635,0.16662538684087635,0.16662538684087635,0.16662538684087635,0.16662538684087635,0.4887062399752628,0.41533587024062024,0.0,0.45052994514476746,0.45052994514476746,0.45052994514476746,0.45052994514476746,0.45052994514476746
5ee9c404.qasm,512,success,0.602949,0.18137458333248468,0.1745936651266423,0.0,0.1779518284953434,0.1779518284953434,0.1779518284953434,0.1779518284953434,0.1779518284953434,0.5086319200758697,0.4253236021016462,0.0,0.46511628695472007,0.46511628695472007,0.46511628695472007,0.46511628695472007,0.46511628695472007
5ef5ff7c.qasm,16,success,1.9424587,1.9210950040608783,1.9057021032292445,0.0,1.9133830744892697,1.9133830744892697,1.9133830744892697,1.9149404,1.9149404,8.137799954749374,13.890334538561124,0.0,10.631874894831881,10.631874894831881,10.631874894831881,10.631874894831881,10.631874894831881
5ef5ff7c.qasm,64,success,14.129976999999997,14.184618866132672,14.087075179263213,0.0,14.13576288554694,14.13576288554694,14.13576288554694,14.099032299999998,14.099032299999998,10.173549978543086,8.774724666161813,0.0,9.448285555546677,9.448285555546677,9.448285555546677,9.448285555546677,9.448285555546677
5ef5ff7c.qasm,512,success,549.4164624999999,560.7337543581016,557.5881303523577,0.0,559.1587303422813,559.1587303422813,559.1587303422813,559.5118791999997,559.5118791999997,186.81971302969387,870.5715802034563,0.009588290534838418,403.2864153246633,403.2864153246633,403.2864153246633,403.2864153246633,403.2864153246633
5f0ad979.qasm,16,success,1.4398049,1.4531663375585946,1.4569000584490124,0.0,1.4550320003784294,1.4550320003784294,1.4550320003784294,1.4569740994311406,1.4569740994311406,6.6566224597572745,10.533734543724842,0.0,8.373714465449597,8.373714465449597,8.373714465449597,8.373714465449597,8.373714465449597
5f0ad979.qasm,64,success,8.5335451,8.387753445319493,8.473419679208636,0.0,8.430477750870365,8.430477750870365,8.430477750870365,8.447800586866913,8.447800586866913,7.829289718928872,6.470058700612235,0.0,7.117300335490252,7.117300335490252,7.117300335490252,7.117300335490252,7.117300335490252
5f0ad979.qasm,512,success,314.93001089999996,308.3652122302491,311.1638254619865,0.0,309.7613582694937,309.7613582694937,309.7613582694937,310.7949902878417,310.7949902878417,146.2837779820087,726.3368241304994,0.006396011396011396,325.96210626584076,325.96210626584076,325.96210626584076,325.96210626584076,325.96210626584076
5f39af5c.qasm,16,success,1.206501,1.6806307931061304,1.6364818396385692,0.0,1.6584094102650129,1.6584094102650129,1.6584094102650129,1.6584094102650129,1.6584094102650129,4.667125384804214,5.185714666024988,0.0,4.919591502976312,4.919591502976312,4.919591502976312,4.919591502976312,4.919591502976312
5f39af5c.qasm,64,success,1.2441665,1.666930158922436,1.2622385638727438,0.0,1.4505390480350469,1.4505390480350469,1.4505390480350469,1.4505390480350469,1.4505390480350469,4.632861492817037,0.675323448444581,0.0,1.768807507756373,1.768807507756373,1.768807507756373,1.768807507756373,1.768807507756373
5f39af5c.qasm,512,success,1.2038937,1.6897179319254623,1.4672507185857226,0.0,1.5745602083835397,1.5745602083835397,1.5745602083835397,1.5745602083835397,1.5745602083835397,4.735550051399596,6.249108665646369,0.0,5.4399418069316985,5.4399418069316985,5.4399418069316985,5.4399418069316985,5.4399418069316985
5f6a8a9b.qasm,16,success,0.21687830000000002,0.19290368593524163,0.18543846296759461,0.0,0.18913424602809192,0.18913424602809192,0.18913424602809192,0.18913424602809192,0.18913424602809192,0.25916326003298196,0.23121727820084234,0.0,0.244791796419903,0.244791796419903,0.244791796419903,0.244791796419903,0.244791796419903
5f6a8a9b.qasm,64,success,0.1669181,0.22577816824152666,0.20645962148665092,0.0,0.21590292993633733,0.21590292993633733,0.21590292993633733,0.21590292993633733,0.21590292993633733,0.2949656621922223,0.3045183796876669,0.0,0.2997039631274089,0.2997039631274089,0.2997039631274089,0.2997039631274089,0.2997039631274089
5f6a8a9b.qasm,512,success,0.2251206,0.18671693872355577,0.180933460762243,0.0,0.1838024534824947,0.1838024534824947,0.1838024534824947,0.1838024534824947,0.1838024534824947,0.21938652594421745,0.19510402849399164,0.0,0.2068893303411716,0.2068893303411716,0.2068893303411716,0.2068893303411716,0.2068893303411716
5f79d6db.qasm,16,success,1.4444159,1.4507424701525269,1.448301822122355,0.0,1.449521632454028,1.449521632454028,1.449521632454028,1.4483747506551576,1.4483747506551576,6.6566224597572745,10.533734543724842,0.0,8.373714465449597,8.373714465449597,8.373714465449597,8.373714465449597,8.373714465449597
5f79d6db.qasm,64,success,8.4894781,8.49429862450985,8.481017965671128,0.0,8.487655697555336,8.487655697555336,8.487655697555336,8.475603631106608,8.475603631106608,7.829289718928872,6.520907642236191,0.0,7.145213444078807,7.145213444078807,7.145213444078807,7.145213444078807,7.145213444078807
5f79d6db.qasm,512,success,309.13355079999997,313.50394252868773,310.8781794081497,0.0,312.1883003743024,312.1883003743024,312.1883003743024,311.02095824382377,311.02095824382377,146.2837779820087,726.3368241304994,0.006396011396011396,325.96210626584076,325.96210626584076,325.96210626584076,325.96210626584076,325.96210626584076
613afa2d.qasm,16,success,1.1619439,1.1240292567697594,1.1412330500772414,0.0,1.1325984889092018,1.1325984889092018,1.1325984889092018,1.116648670334975,1.116648670334975,3.863370549243308,5.477690586173184,0.0,4.6002552634053675,4.6002552634053675,4.6002552634053675,4.6002552634053675,4.6002552634053675
613afa2d.qasm,64,success,4.2897754,4.281030608032994,4.303005738799907,0.0,4.292004109311177,4.292004109311177,4.292004109311177,4.305418793382195,4.305418793382195,4.35625310686452,3.951022558218717,0.0,4.148693082710758,4.148693082710758,4.148693082710758,4.148693082710758,4.148693082710758
613afa2d.qasm,512,success,94.37437180000002,94.5877584854646,95.23498540855422,0.0,94.91082024295791,94.91082024295791,94.91082024295791,95.23236917305958,95.23236917305958,67.17003488261871,400.4383144370698,0.0030626780626780625,164.00443758958176,164.00443758958176,164.00443758958176,164.00443758958176,164.00443758958176
622c4417.qasm,16,success,1.8900389,1.9489817995793095,1.9525215663758126,0.0,1.9507508800850364,1.9507508800850364,1.9507508800850364,1.9424587,1.9424587,8.137799954749374,13.88857801490007,0.0,10.631202638515878,10.631202638515878,10.631202638515878,10.631202638515878,10.631202638515878
622c4417.qasm,64,success,14.084895399999999,14.31776536936939,14.139290276412632,0.0,14.228247983047039,14.228247983047039,14.228247983047039,14.129976999999997,14.129976999999997,10.173549978543086,8.774724666161813,0.0,9.448285555546677,9.448285555546677,9.448285555546677,9.448285555546677,9.448285555546677
622c4417.qasm,512,success,556.6662470999999,557.8815700879213,546.7090507354823,0.0,552.2670582296101,552.2670582296101,552.2670582296101,556.7358081999998,556.7358081999998,186.81971302969387,870.5715802034563,0.009588290534838418,403.2864153246633,403.2864153246633,403.2864153246633,403.2864153246633,403.2864153246633
635bd24f.qasm,16,success,9.4363397,6.2544205843596075,6.844844418735612,0.0,6.542976068218421,6.542976068218421,6.542976068218421,6.542976068218421,6.542976068218421,5.9897749547753705,5.591572949949131,0.0,5.787250090794829,5.787250090794829,5.787250090794829,5.787250090794829,5.787250090794829
635bd24f.qasm,64,success,0.2822097,0.4021085146522727,0.3807836053548251,0.0,0.39130081772616565,0.39130081772616565,0.39130081772616565,0.39130081772616565,0.39130081772616565,3.9058163980617557,3.8276309418515444,0.0,3.866526050398772,3.866526050398772,3.866526050398772,3.866526050398772,3.866526050398772
637811d8.qasm,16,success,1.9822721,1.998079925758086,1.9917256031251194,0.0,1.9949002344033944,1.9949002344033944,1.9949002344033944,2.0030393894064487,2.0030393894064487,8.729851618428423,13.503352336061736,0.0,10.85735981927364,10.85735981927364,10.85735981927364,10.85735981927364,10.85735981927364
637811d8.qasm,64,success,11.433697700000002,11.426689369476438,11.495679492890911,0.0,11.461132520668494,11.461132520668494,11.461132520668494,11.48434524399749,11.48434524399749,10.453044080360794,7.420524372577079,0.0,8.807216834275163,8.807216834275163,8.807216834275163,8.807216834275163,8.807216834275163
637811d8.qasm,512,success,435.3994821999999,438.9121736065067,438.34556473139077,0.0,438.6287776776923,438.6287776776923,438.6287776776923,437.3794727136141,437.3794727136141,215.40297839117912,907.0142332098796,0.006396011396011396,442.0108225785875,442.0108225785875,442.0108225785875,442.0108225785875,442.0108225785875
63aaa50d.qasm,16,success,0.1790994,0.362066673532329,0.3537574872777319,0.0,0.3578879666261547,0.3578879666261547,0.3578879666261547,0.3578879666261547,0.3578879666261547,0.3938273693686995,0.4255700407683219,0.0,0.4093911694674403,0.4093911694674403,0.4093911694674403,0.4093911694674403,0.4093911694674403
63aaa50d.qasm,64,success,0.3013606,0.4355653652116338,0.42848636992959094,0.0,0.43201136814508656,0.43201136814508656,0.43201136814508656,0.43201136814508656,0.43201136814508656,0.6290303500311565,0.7007501606005758,0.0,0.6639225247022195,0.6639225247022195,0.6639225247022195,0.6639225247022195,0.6639225247022195
63aaa50d.qasm,512,success,0.1729242,0.4673780597972177,0.37975802534239456,0.0,0.42129629606365043,0.42129629606365043,0.42129629606365043,0.42129629606365043,0.42129629606365043,0.9972529416273179,0.582404219540045,0.0,0.7621051903461045,0.7621051903461045,0.7621051903461045,0.7621051903461045,0.7621051903461045
64273f69.qasm,16,success,1.3970083,1.3813652453545466,1.3944696411345678,0.0,1.3879019770737842,1.3879019770737842,1.3879019770737842,1.391958959318697,1.391958959318697,6.666034763873783,10.336287400370153,0.0,8.300725940558332,8.300725940558332,8.300725940558332,8.300725940558332,8.300725940558332
64273f69.qasm,64,success,7.9696109,7.861535290057751,7.90491608863228,0.0,7.883195849129207,7.883195849129207,7.883195849129207,7.910655560230605,7.910655560230605,8.152262895549812,5.87075500449028,0.0,6.918087755440045,6.918087755440045,6.918087755440045,6.918087755440045,6.918087755440045
64273f69.qasm,512,success,282.52643209999997,282.1956867207836,284.7071886368332,0.0,283.4486560414687,283.4486560414687,283.4486560414687,284.2890019220547,284.2890019220547,178.12707622057752,744.2540110299892,0.006396011396011396,364.1040935642022,364.1040935642022,364.1040935642022,364.1040935642022,364.1040935642022
6457f235.qasm,16,success,0.22334520000000002,1.3176963489068259,0.6693116626944101,0.0,0.9391216823251294,0.9391216823251294,0.9391216823251294,0.9391216823251294,0.9391216823251294,0.9037454110145043,1.384166460827291,0.0,1.1184516471680177,1.1184516471680177,1.1184516471680177,1.1184516471680177,1.1184516471680177
6457f235.qasm,64,success,1.0101255,2.726042119304606,1.8230046435225056,0.0,2.22925715024764,2.22925715024764,2.22925715024764,2.22925715024764,2.22925715024764,1.549528361296853,1.886991892962754,0.0,1.7099553958168097,1.7099553958168097,1.7099553958168097,1.7099553958168097,1.7099553958168097
6457f235.qasm,512,success,20.677099000000002,22.77331213575646,6.130197280506815,0.0,11.815451583530233,11.815451583530233,11.815451583530233,11.815451583530233,11.815451583530233,2.067576716967273,2.627863644992335,0.0,2.3309460928453287,2.3309460928453287,2.3309460928453287,2.3309460928453287,2.3309460928453287
64731b8d.qasm,16,success,2.0507906,2.0717227598561987,2.0702447183948935,0.0,2.0709836072675194,2.0709836072675194,2.0709836072675194,2.0660882,2.0660882,8.270867692211711,13.951121310810871,0.0,10.741875000190236,10.741875000190236,10.741875000190236,10.741875000190236,10.741875000190236
64731b8d.qasm,64,success,12.590871699999997,12.549063610566893,12.53143134676966,0.0,12.540244379678747,12.540244379678747,12.540244379678747,12.521304800000003,12.521304800000003,9.972930036395418,7.748436384922082,0.0,8.79059804326694,8.79059804326694,8.79059804326694,8.79059804326694,8.79059804326694
64731b8d.qasm,512,success,496.20632519999975,505.0022277589433,501.17311620458264,0.0,503.0840289416931,503.0840289416931,503.0840289416931,503.3593403000002,503.3593403000002,183.866570578801,843.2423263962185,0.006396011396011396,393.75636467409976,393.75636467409976,393.75636467409976,393.75636467409976,393.75636467409976
64f32748.qasm,16,success,1.9956137,1.999789006000161,1.997241684442973,0.0,1.9985149393673045,1.9985149393673045,1.9985149393673045,1.996740231161982,1.996740231161982,8.729851618428423,13.480112046212517,0.0,10.848012627353679,10.848012627353679,10.848012627353679,10.848012627353679,10.848012627353679
64f32748.qasm,64,success,11.509393199999998,11.542970324071726,11.457643432303522,0.0,11.500227742217755,11.500227742217755,11.500227742217755,11.47013549803604,11.47013549803604,10.453044080360794,7.420524372577079,0.0,8.807216834275163,8.807216834275163,8.807216834275163,8.807216834275163,8.807216834275163
64f32748.qasm,512,success,437.9071593999999,446.14721066423107,445.889912923038,0.0,446.0185432399984,446.0185432399984,446.0185432399984,445.039255532087,445.039255532087,215.40297839117912,906.6398132556582,0.006396011396011396,441.9195810362913,441.9195810362913,441.9195810362913,441.9195810362913,441.9195810362913
6533abd6.qasm,16,success,9723.491495600001,387.69229272959956,868.2827106901294,0.0,580.1952385576151,580.1952385576151,580.1952385576151,580.1952385576151,580.1952385576151,291.5958249857809,708.4576064556474,0.0,454.5143344514958,454.5143344514958,454.5143344514958,454.5143344514958,454.5143344514958
6533abd6.qasm,64,success,232.80990819999994,242.85019966069072,70.95987889613797,0.0,131.27307704866809,131.27307704866809,131.27307704866809,131.27307704866809,131.27307704866809,99.30625334915108,59.01763350155638,0.2461209439528023,76.55599300233067,76.55599300233067,76.55599300233067,76.55599300233067,76.55599300233067
6533abd6.qasm,512,timeout,14399.999999999989,2954.0478376713663,5053.541590506011,0.5915930533650345,14400.0,14400.0,14400.0,14400.0,14400.0,4600.550648514968,4308.734794143426,0.28590355481880547,4452.252536803763,4452.252536803763,4452.252536803763,4452.252536803763,4452.252536803763
65dcd512.qasm,16,success,0.5612492,2.445081526828175,2.7544677063541205,0.0,2.595168222880982,2.595168222880982,2.595168222880982,2.595168222880982,2.595168222880982,1.1742775112820638,2.1111517106574658,0.0,1.5745088049070162,1.5745088049070162,1.5745088049070162,1.5745088049070162,1.5745088049070162
65dcd512.qasm,64,success,0.5177774,0.6356666216981187,0.44430440635776014,0.0,0.5314409477966724,0.5314409477966724,0.5314409477966724,0.5314409477966724,0.5314409477966724,1.3778006475279259,1.298981755202501,0.0,1.3378108623587144,1.3378108623587144,1.3378108623587144,1.3378108623587144,1.3378108623587144
65dcd512.qasm,512,success,0.5506512,3.058534302319721,6.17427722967041,0.0,4.345599923943589,4.345599923943589,4.345599923943589,4.345599923943589,4.345599923943589,7.812639905208568,49.46250743881745,0.0,19.657893056687968,19.657893056687968,19.657893056687968,19.657893056687968,19.657893056687968
661be484.qasm,16,success,879.1681902999999,674.3976687675182,579.6100199864916,0.0,625.210081711087,625.210081711087,625.210081711087,625.210081711087,625.210081711087,42.4362966470237,33.36270435869235,0.27,37.62697993610992,37.62697993610992,37.62697993610992,37.62697993610992,37.62697993610992
661be484.qasm,64,success,505.07029809999983,833.4433191784373,883.3755021813281,0.0,858.0462753365495,858.0462753365495,858.0462753365495,858.0462753365495,858.0462753365495,21.92409871860854,65.83200274654486,0.44235250737463117,14400.0,14400.0,14400.0,14400.0,14400.0
661be484.qasm,512,timeout,14399.999999999989,14032.940642488418,14362.461078799146,0.9954570173368836,14400.0,14400.0,14400.0,14400.0,14400.0,1511.7257354130393,1260.8786335163622,0.5352456600819638,14400.0,14400.0,14400.0,14400.0,14400.0
66343f14.qasm,16,success,0.1837175,0.19233714843643768,0.19336487782852782,0.0,0.192850328517478,0.192850328517478,0.192850328517478,0.192850328517478,0.192850328517478,0.2129544848495259,0.20494714684890192,0.0,0.2089124555372131,0.2089124555372131,0.2089124555372131,0.2089124555372131,0.2089124555372131
66343f14.qasm,64,success,0.17714659999999996,0.18717547873755402,0.1861744855017098,0.0,0.18667431117457045,0.18667431117457045,0.18667431117457045,0.18667431117457045,0.18667431117457045,0.2531214685530309,0.33115318647443465,0.01988095238095238,0.2895202598721281,0.2895202598721281,0.2895202598721281,0.2895202598721281,0.2895202598721281
6694b099.qasm,16,success,13.838370900000003,8.438752644637521,11.95955808517712,0.0,10.046081446015876,10.046081446015876,10.046081446015876,10.046081446015876,10.046081446015876,8.346281565837648,12.946620355588603,0.0,10.395005474445297,10.395005474445297,10.395005474445297,10.395005474445297,10.395005474445297
6694b099.qasm,64,success,13.804308500000001,7.3640933775493345,4.447978554606814,0.0,5.72322718555375,5.72322718555375,5.72322718555375,5.72322718555375,5.72322718555375,8.236225799988091,0.7193133733594523,0.0,2.43401465976267,2.43401465976267,2.43401465976267,2.43401465976267,2.43401465976267
6694b099.qasm,512,success,13.781358199999998,9.022696068564803,7.64886324803081,0.0,8.307428504477027,8.307428504477027,8.307428504477027,8.307428504477027,8.307428504477027,8.14028437199452,9.791609096630376,0.06981578947368418,8.92784870537016,8.92784870537016,8.92784870537016,8.92784870537016,8.92784870537016
67346cae.qasm,16,success,0.179131,0.2091846884815404,0.20634120411953913,0.0,0.2077580816831243,0.2077580816831243,0.2077580816831243,0.2077580816831243,0.2077580816831243,0.2025057326978511,0.19724766055127052,0.0,0.19985940564024518,0.19985940564024518,0.19985940564024518,0.19985940564024518,0.19985940564024518
67346cae.qasm,64,success,0.1538984,0.20824083564187487,0.2505118103217308,0.0,0.22840050069900475,0.22840050069900475,0.22840050069900475,0.22840050069900475,0.22840050069900475,0.3378650163424905,0.6135200534202275,0.0331547619047619,0.45528778028327405,0.45528778028327405,0.45528778028327405,0.45528778028327405,0.45528778028327405
6740a375.qasm,16,success,0.1709286,0.17476063765225522,0.17505483739437422,0.0,0.17490767566677198,0.17490767566677198,0.17490767566677198,0.17490767566677198,0.17490767566677198,15.76103766314296,9.090409852440096,0.0,11.96972397583646,11.96972397583646,11.96972397583646,11.96972397583646,11.96972397583646
6740a375.qasm,64,success,10.014619999999999,10.017177707683118,10.080517104215613,0.0,10.048797501107636,10.048797501107636,10.048797501107636,10.048797501107636,10.048797501107636,15.708456673144925,8.811365886953613,0.0,11.764903708336847,11.764903708336847,11.764903708336847,11.764903708336847,11.764903708336847
6785591a.qasm,16,success,0.21514669999999997,0.17840940973466418,0.19354667096838757,0.0,0.18582396864661804,0.18582396864661804,0.18582396864661804,0.18582396864661804,0.18582396864661804,0.2372267285330701,0.18954788558635813,0.0,0.21205146733284447,0.21205146733284447,0.21205146733284447,0.21205146733284447,0.21205146733284447
6785591a.qasm,64,success,1.0548189,1.015677676344416,1.0640272116652816,0.0,1.0395713952929935,1.0395713952929935,1.0395713952929935,1.0395713952929935,1.0395713952929935,0.6286747271845731,0.8883922387740172,0.0,0.7473350977601328,0.7473350977601328,0.7473350977601328,0.7473350977601328,0.7473350977601328
6785591a.qasm,512,success,0.22718,0.18581849363663336,0.18938700910672154,0.0,0.18759426629446424,0.18759426629446424,0.18759426629446424,0.18759426629446424,0.18759426629446424,0.26776786016609216,0.1860986929063224,0.0,0.22322913962839322,0.22322913962839322,0.22322913962839322,0.22322913962839322,0.22322913962839322
67b5fe45.qasm,16,success,397.968539,366.6306582401759,238.23317172174922,0.11906505502634791,295.53948054869045,295.53948054869045,295.53948054869045,295.53948054869045,295.53948054869045,16.745017498289833,190.69373129179607,0.5033259423503326,14400.0,14400.0,14400.0,14400.0,14400.0
67b5fe45.qasm,64,success,113.48249140000004,166.06521829469247,53.62760070710106,0.1261635220125786,94.36990631576012,94.36990631576012,94.36990631576012,94.36990631576012,94.36990631576012,7.311177373028217,16.327668805414813,0.6452359882005897,14400.0,14400.0,14400.0,14400.0,14400.0
67b5fe45.qasm,512,success,1642.6080189999993,1806.8648759002738,331.9129878099334,0.07357699366218637,774.4171482662845,774.4171482662845,774.4171482662845,774.4171482662845,774.4171482662845,14.86450924683868,6.169505174304796,0.38896495832757694,14400.0,14400.0,14400.0,14400.0,14400.0
67f3547d.qasm,16,success,1.4342771,1.8154872594777414,2.074624423796405,0.0,1.9407354816161124,1.9407354816161124,1.9407354816161124,1.9407354816161124,1.9407354816161124,0.4890245241419141,0.6571778601554252,0.0033333333333333335,0.5669004236540207,0.5669004236540207,0.5669004236540207,0.5669004236540207,0.5669004236540207
67f3547d.qasm,64,success,1.2461029,1.9442322246325396,1.0797486738581907,0.0,1.4488899772651285,1.4488899772651285,1.4488899772651285,1.4488899772651285,1.4488899772651285,0.6003031768018481,0.659970714261099,0.0,0.629430310969469,0.629430310969469,0.629430310969469,0.629430310969469,0.629430310969469
67f3547d.qasm,512,success,1.4320807,1.949536592246929,2.5622668653302325,0.0,2.235001792630852,2.235001792630852,2.235001792630852,2.235001792630852,2.235001792630852,0.4823864909512625,0.4752302498074824,0.0,0.4787950005989237,0.4787950005989237,0.4787950005989237,0.4787950005989237,0.4787950005989237
68528bdf.qasm,16,success,0.18044680000000002,0.2116349153230899,0.19799188632551692,0.0,0.20469977063289446,0.20469977063289446,0.20469977063289446,0.20469977063289446,0.20469977063289446,0.2642000531851598,0.29956851796624046,0.0,0.2813290215731044,0.2813290215731044,0.2813290215731044,0.2813290215731044,0.2813290215731044
68528bdf.qasm,64,success,0.16605900000000004,0.23125270267284914,0.21454866079630278,0.0,0.2227441529288376,0.2227441529288376,0.2227441529288376,0.2227441529288376,0.2227441529288376,0.32850944142344884,0.2725160291108225,0.0,0.2992057628157129,0.2992057628157129,0.2992057628157129,0.2992057628157129,0.2992057628157129
68528bdf.qasm,512,success,0.1813397,0.21977078621400378,0.20029542649118368,0.0,0.2098072528656639,0.2098072528656639,0.2098072528656639,0.2098072528656639,0.2098072528656639,0.3203747563649322,0.4526014813868706,0.0,0.38079139870764683,0.38079139870764683,0.38079139870764683,0.38079139870764683,0.38079139870764683
699bd83c.qasm,16,success,724.0946028,373.02277211038376,364.4459323645266,0.05657254901960784,368.70941400372345,368.70941400372345,368.70941400372345,368.70941400372345,368.70941400372345,71.14347814225727,93.99734490771976,0.0,81.77590141889344,81.77590141889344,81.77590141889344,81.77590141889344,81.77590141889344
699bd83c.qasm,64,success,1079.0000190999995,296.71891610901156,249.9561333401673,0.0,272.33566229837385,272.33566229837385,272.33566229837385,272.33566229837385,272.33566229837385,142.01025792143287,79.65191854163774,0.10975663716814156,106.35501631815458,106.35501631815458,106.35501631815458,106.35501631815458,106.35501631815458
699bd83c.qasm,512,timeout,14399.999999999989,12633.683303141474,14007.522934635608,0.984713852634106,14400.0,14400.0,14400.0,14400.0,14400.0,4932.554692982511,5216.500824058041,0.531921098678455,14400.0,14400.0,14400.0,14400.0,14400.0
69c7223c.qasm,16,success,0.9718195,1.3894919879298853,1.2845227463906532,0.0,1.3359768203166942,1.3359768203166942,1.3359768203166942,1.3359768203166942,1.3359768203166942,1.0252437676468744,1.1886332959339483,0.0,1.1039197790935007,1.1039197790935007,1.1039197790935007,1.1039197790935007,1.1039197790935007
69c7223c.qasm,64,success,5.8605898,4.100927039923239,8.319864191963815,0.0,5.841160503984933,5.841160503984933,5.841160503984933,5.841160503984933,5.841160503984933,3.1711879469381903,3.458240699441812,0.0,3.3116055356399214,3.3116055356399214,3.3116055356399214,3.3116055356399214,3.3116055356399214
69c7223c.qasm,512,success,278.43948709999995,162.98947239812225,153.7252651527998,0.0,158.2896075600552,158.2896075600552,158.2896075600552,158.2896075600552,158.2896075600552,48.632796407548284,54.23663264137845,0.0,51.35834024848492,51.35834024848492,51.35834024848492,51.35834024848492,51.35834024848492
69c8191e.qasm,16,success,0.1765269,0.17282563297852932,0.16708601267534334,0.0,0.16993159183175677,0.16993159183175677,0.16993159183175677,0.16993159183175677,0.16993159183175677,2.575315389243194,5.152243173370158,0.0066337358214416395,3.6426159739263424,3.6426159739263424,3.6426159739263424,3.6426159739263424,3.6426159739263424
69c8191e.qasm,64,success,1.0784193,1.0333990522809442,1.058538638746208,0.0,1.0458933148668137,1.0458933148668137,1.0458933148668137,1.0458933148668137,1.0458933148668137,1.9036385834935425,3.0637285320219823,0.0,2.4150014167505316,2.4150014167505316,2.4150014167505316,2.4150014167505316,2.4150014167505316
69c8191e.qasm,512,success,0.1721093,0.1775335655730653,0.17086730855568177,0.0,0.17416854632155404,0.17416854632155404,0.17416854632155404,0.17416854632155404,0.17416854632155404,8.366382098777404,9.930830119670889,0.01,9.115103912694247,9.115103912694247,9.115103912694247,9.115103912694247,9.115103912694247
69cf1b12.qasm,16,success,1.8664405,1.8757960273032546,1.8733215124949725,0.0,1.8745583615880819,1.8745583615880819,1.8745583615880819,1.8580611107067064,1.8580611107067064,8.948949469396144,13.015410069681915,0.0,10.792323523553822,10.792323523553822,10.792323523553822,10.792323523553822,10.792323523553822
69cf1b12.qasm,64,success,10.711429399999998,10.660765293467705,10.639196507982627,0.0,10.649975440473277,10.649975440473277,10.649975440473277,10.659817058983013,10.659817058983013,11.671640152525637,7.246448029093109,0.0,9.196626217236046,9.196626217236046,9.196626217236046,9.196626217236046,9.196626217236046
69cf1b12.qasm,512,success,436.15847559999986,443.80729989994813,443.5698293861432,0.0,443.68854875570645,443.68854875570645,443.68854875570645,441.17787317955134,441.17787317955134,270.1506305131917,866.3817601824746,0.006396011396011396,483.7908419745297,483.7908419745297,483.7908419745297,483.7908419745297,483.7908419745297
69e799fa.qasm,16,success,1.7161594,1.7457440536061972,1.7439627088460752,0.0,1.7448531539012078,1.7448531539012078,1.7448531539012078,1.7383957,1.7383957,8.39408729801479,12.056929129185196,0.0,10.060164792703842,10.060164792703842,10.060164792703842,10.060164792703842,10.060164792703842
69e799fa.qasm,64,success,10.0683018,10.107697361994129,10.088357162522419,0.0,10.098022632103897,10.098022632103897,10.098022632103897,10.090619899999998,10.090619899999998,10.8121755992216,7.02429279753925,0.0,8.714808499751552,8.714808499751552,8.714808499751552,8.714808499751552,8.714808499751552
69e799fa.qasm,512,success,403.8135676999998,402.89958748987164,403.35403395367706,0.0,403.12674668435506,403.12674668435506,403.12674668435506,402.51049830000005,402.51049830000005,216.8882633346104,825.7687806155812,0.006396011396011396,423.2015556961627,423.2015556961627,423.2015556961627,423.2015556961627,423.2015556961627
6a5034af.qasm,16,success,6.6179706,23.781992443577927,35.90927951649209,0.0033333333333333335,29.223179397792133,29.223179397792133,29.223179397792133,29.223179397792133,29.223179397792133,7.166328525897831,18.79531634856519,0.0,11.60574907974477,11.60574907974477,11.60574907974477,11.60574907974477,11.60574907974477
6a5034af.qasm,64,success,4.0574428,18.545716728981862,15.023152641569972,0.0,16.691768428384464,16.691768428384464,16.691768428384464,16.691768428384464,16.691768428384464,7.107040175028033,21.521127179977984,0.26275073746312677,12.367356851000594,12.367356851000594,12.367356851000594,12.367356851000594,12.367356851000594
6a5034af.qasm,512,success,6.5558647,21.490498249124194,6.446670761367891,0.1468489747800093,11.770393651439905,11.770393651439905,11.770393651439905,11.770393651439905,11.770393651439905,5.717825213013034,7.033952969156489,0.26263162499424414,6.341838348159851,6.341838348159851,6.341838348159851,6.341838348159851,6.341838348159851
6bc3891b.qasm,16,success,0.17711910000000003,0.30315487374870304,0.2364288384969916,0.0,0.2677210389287849,0.2677210389287849,0.2677210389287849,0.2677210389287849,0.2677210389287849,0.22684690942999186,0.23810976035617767,0.0,0.23241011863065453,0.23241011863065453,0.23241011863065453,0.23241011863065453,0.23241011863065453
6bc3891b.qasm,64,success,0.31236659999999994,0.269485312656593,0.27666537674077474,0.0,0.27305174519171593,0.27305174519171593,0.27305174519171593,0.27305174519171593,0.27305174519171593,0.25600803459891064,0.3186141758388705,0.0,0.2856007509651558,0.2856007509651558,0.2856007509651558,0.2856007509651558,0.2856007509651558
6bc3891b.qasm,512,success,0.17175660000000004,0.2252230285846407,0.22191636996583303,0.0,0.22356358589049002,0.22356358589049002,0.22356358589049002,0.22356358589049002,0.22356358589049002,0.1972564387405518,0.19654061519985053,0.0,0.1968982016733512,0.1968982016733512,0.1968982016733512,0.1968982016733512,0.1968982016733512
6c69bcc7.qasm,16,success,1.8685516,1.8646147114254985,1.8706490990672675,0.0,1.867629468078634,1.867629468078634,1.867629468078634,1.8740263446182714,1.8740263446182714,9.380098188988734,13.191051724926925,0.0,11.123549810912154,11.123549810912154,11.123549810912154,11.123549810912154,11.123549810912154
6c69bcc7.qasm,64,success,11.340408599999998,11.320440306157161,11.321010973630628,0.0,11.320725636298045,11.320725636298045,11.320725636298045,11.326042768164493,11.326042768164493,11.956840467914786,7.76374535127537,0.0,9.63482561330067,9.63482561330067,9.63482561330067,9.63482561330067,9.63482561330067
6c69bcc7.qasm,512,success,472.5519850000001,463.946961680425,464.9734508623332,0.0,464.4599226947807,464.4599226947807,464.4599226947807,464.0459806548927,464.0459806548927,288.96692543775345,908.9123926270415,0.006396011396011396,512.489628763069,512.489628763069,512.489628763069,512.489628763069,512.489628763069
6c848dc7.qasm,16,success,0.1774831,0.2908544926486662,0.29654963871391316,0.0,0.2936882611090891,0.2936882611090891,0.2936882611090891,0.2936882611090891,0.2936882611090891,0.45953046438755096,0.3727674125236517,0.0,0.4138816040675636,0.4138816040675636,0.4138816040675636,0.4138816040675636,0.4138816040675636
6c848dc7.qasm,64,success,0.3084388,0.28918925676397234,0.3219940589268938,0.0,0.30515114711153085,0.30515114711153085,0.30515114711153085,0.30515114711153085,0.30515114711153085,0.5198349733184366,0.4089274683865524,0.0,0.46105834730313616,0.46105834730313616,0.46105834730313616,0.46105834730313616,0.46105834730313616
6c848dc7.qasm,512,success,0.1831113,0.1990663326187393,0.28908797312963613,0.0,0.23989098068727244,0.23989098068727244,0.23989098068727244,0.23989098068727244,0.23989098068727244,0.34959491851088126,0.4220333010359019,0.0,0.38411026735108805,0.38411026735108805,0.38411026735108805,0.38411026735108805,0.38411026735108805
6d2833ea.qasm,16,success,1.8673472,1.8287690672344075,1.858039490264355,0.0,1.8433461816749015,1.8433461816749015,1.8433461816749015,1.8433461816749015,1.8433461816749015,8.948949469396144,13.015410069681915,0.0,10.792323523553822,10.792323523553822,10.792323523553822,10.792323523553822,10.792323523553822
6d2833ea.qasm,64,success,10.6146131,10.601806595755283,10.701587658891539,0.0,10.651580287783107,10.651580287783107,10.651580287783107,10.651580287783107,10.651580287783107,11.671640152525637,7.246448029093109,0.0,9.196626217236046,9.196626217236046,9.196626217236046,9.196626217236046,9.196626217236046
6d2833ea.qasm,512,success,436.21131729999996,435.28283068750096,437.5505529192543,0.0,436.4152188496343,436.4152188496343,436.4152188496343,436.4152188496343,436.4152188496343,270.1506305131917,866.3817601824746,0.006396011396011396,483.7908419745297,483.7908419745297,483.7908419745297,483.7908419745297,483.7908419745297
6da6ce61.qasm,16,success,2.6050772,2.5586316051222755,2.562379681728066,0.0,2.5605049576192167,2.5605049576192167,2.5605049576192167,2.5668699,2.5668699,10.376367283912943,15.721601251472878,0.0,12.77235721691607,12.77235721691607,12.77235721691607,12.77235721691607,12.77235721691607
6da6ce61.qasm,64,success,18.417722099999995,18.425625228185563,18.42186979674126,0.0,18.423747416776674,18.423747416776674,18.423747416776674,18.3950709,18.3950709,13.023014596034022,10.479955061067207,0.0,11.682491503359156,11.682491503359156,11.682491503359156,11.682491503359156,11.682491503359156
6da6ce61.qasm,512,success,709.6141829000002,681.6394417115142,665.1063780164135,0.0,673.3221667150692,673.3221667150692,673.3221667150692,704.7077987999999,704.7077987999999,216.8834884633256,1038.319724107687,0.009588290534838418,474.5465244891729,474.5465244891729,474.5465244891729,474.5465244891729,474.5465244891729
6de17b5a.qasm,16,success,10.0667903,3.128234832541385,2.3770483428490814,0.0,2.7268966655770575,2.7268966655770575,2.7268966655770575,2.7268966655770575,2.7268966655770575,17.814905265018254,58.73509078293941,0.006601449275362318,32.3474895166582,32.3474895166582,32.3474895166582,32.3474895166582,32.3474895166582
6de17b5a.qasm,64,success,53.133645300000005,10.747833377515363,14.189463377842008,0.0,12.349331483987388,12.349331483987388,12.349331483987388,12.349331483987388,12.349331483987388,11.38144778118388,13.734098991115198,0.0,12.50255695803814,12.50255695803814,12.50255695803814,12.50255695803814,12.50255695803814
6de17b5a.qasm,512,success,1966.0381447999994,366.93353575428824,420.4287582414637,0.006391184573002755,392.77144854778476,392.77144854778476,392.77144854778476,392.77144854778476,392.77144854778476,149.97857839284498,166.6378225004378,0.013154602323503128,158.08891082265984,158.08891082265984,158.08891082265984,158.08891082265984,158.08891082265984
6ee18f92.qasm,16,success,0.172242,0.20081003113221146,0.17816264100093704,0.0,0.18914768168284588,0.18914768168284588,0.18914768168284588,0.18914768168284588,0.18914768168284588,0.2847953855917555,0.24489277397164644,0.0,0.2640915219992676,0.2640915219992676,0.2640915219992676,0.2640915219992676,0.2640915219992676
6ee18f92.qasm,64,success,1.1563193,1.0198182778398954,1.012805199827902,0.0,1.0163056895815266,1.0163056895815266,1.0163056895815266,1.0163056895815266,1.0163056895815266,0.37617227459740976,0.2674919122344224,0.0,0.31721135077678636,0.31721135077678636,0.31721135077678636,0.31721135077678636,0.31721135077678636
6f16ddc6.qasm,16,success,0.18066420000000002,0.18076750931806443,0.1851334602978963,0.0,0.18293746065113478,0.18293746065113478,0.18293746065113478,0.18293746065113478,0.18293746065113478,0.19667423563183759,0.2000587104909261,0.0,0.198359254806258,0.198359254806258,0.198359254806258,0.198359254806258,0.198359254806258
6f16ddc6.qasm,64,success,0.1723963,0.17426102949840244,0.1686161077529683,0.0,0.17141533340703746,0.17141533340703746,0.17141533340703746,0.17141533340703746,0.17141533340703746,0.20745490347607135,0.23571425221057643,0.01,0.22113361897341496,0.22113361897341496,0.22113361897341496,0.22113361897341496,0.22113361897341496
6f6328cc.qasm,16,success,6.304043,6.294556802813493,5.931690214659454,0.0,6.11043050798116,6.11043050798116,6.11043050798116,6.11043050798116,6.11043050798116,3.968336793347778,5.2678591182845205,0.0,4.572159135601149,4.572159135601149,4.572159135601149,4.572159135601149,4.572159135601149
6f6328cc.qasm,64,success,0.2283101,0.2351712193834033,0.2216627727227289,0.0,0.2283171140171283,0.2283171140171283,0.2283171140171283,0.2283171140171283,0.2283171140171283,3.0762857563130956,1.9392099092225141,0.0,2.44245037252396,2.44245037252396,2.44245037252396,2.44245037252396,2.44245037252396
6fef948c.qasm,16,success,10.714402200000004,5.2240896325860495,8.921179782126359,0.0,6.826788616197413,6.826788616197413,6.826788616197413,6.826788616197413,6.826788616197413,10.474238250765906,12.567384028714331,0.0,11.473176304128868,11.473176304128868,11.473176304128868,11.473176304128868,11.473176304128868
6fef948c.qasm,64,success,0.5896737,2.597208511985929,2.1014761491831693,0.0,2.3362302417343073,2.3362302417343073,2.3362302417343073,2.3362302417343073,2.3362302417343073,6.376947432998688,2.006507443314266,0.0,3.577064786935745,3.577064786935745,3.577064786935745,3.577064786935745,3.577064786935745
6fef948c.qasm,512,success,7.8826795,58.30081435003641,83.70881841722759,0.009597701149425288,69.85908875732417,69.85908875732417,69.85908875732417,69.85908875732417,34.92954437866209,18.255655529630882,258.39362438613836,0.0033333333333333335,68.68147492480175,68.68147492480175,68.68147492480175,68.68147492480175,34.340737462400874
700c376b.qasm,16,success,2.0538495,2.0455794415524666,2.042731418909202,0.0,2.0441549342292924,2.0441549342292924,2.0441549342292924,2.042615647068985,2.042615647068985,9.17060759598992,13.633708468704272,0.0,11.181654190888374,11.181654190888374,11.181654190888374,11.181654190888374,11.181654190888374
700c376b.qasm,64,success,12.202639099999999,11.857952486165631,12.118118561374756,0.0,11.987329732784682,11.987329732784682,11.987329732784682,12.069594489409127,12.069594489409127,11.114618528041458,7.738768779692931,0.0,9.274344336016634,9.274344336016634,9.274344336016634,9.274344336016634,9.274344336016634
700c376b.qasm,512,success,480.9286841000001,492.2701035208111,489.5708867635582,0.0,490.9186400085783,490.9186400085783,490.9186400085783,490.3960533247372,490.3960533247372,227.046523072125,929.601001970541,0.006396011396011396,459.4155802122679,459.4155802122679,459.4155802122679,459.4155802122679,459.4155802122679
7063be19.qasm,16,success,1.984057,1.9979367801152363,1.9891479225365372,0.0,1.993537507930453,1.993537507930453,1.993537507930453,2.0015231,2.0015231,10.770714267487378,15.338733805499018,0.0,12.853369948930872,12.853369948930872,12.853369948930872,12.853369948930872,12.853369948930872
7063be19.qasm,64,success,15.381964099999996,15.644905644298886,15.492132272513082,0.0,15.568331562260132,15.568331562260132,15.568331562260132,15.542053600000003,15.542053600000003,14.761358552826255,9.412805785367192,0.0,11.787527356741213,11.787527356741213,11.787527356741213,11.787527356741213,11.787527356741213
7063be19.qasm,512,success,699.658068,711.271383274816,690.8480457556349,0.0,700.9853387463352,700.9853387463352,700.9853387463352,695.6832452000001,695.6832452000001,368.542672567036,1002.2344388547776,0.009588290534838418,607.7550153098393,607.7550153098393,607.7550153098393,607.7550153098393,607.7550153098393
70d5d461.qasm,16,success,7.1855928,2.2338288199080836,1.4290944089322186,0.0,1.7867154997487142,1.7867154997487142,1.7867154997487142,1.7867154997487142,1.7867154997487142,0.44011720568503576,0.6115845459500314,0.0,0.5188148816328221,0.5188148816328221,0.5188148816328221,0.5188148816328221,0.5188148816328221
70d5d461.qasm,64,success,0.1600138,2.6676169648105503,2.2759267441000377,0.0,2.464000972651452,2.464000972651452,2.464000972651452,2.464000972651452,2.464000972651452,1.05101188144582,2.4598375784034796,0.0,1.6078925714515167,1.6078925714515167,1.6078925714515167,1.6078925714515167,1.6078925714515167
70d5d461.qasm,512,success,8.8462365,8.35126730015184,62.166450121075414,0.0,22.78527248164168,22.78527248164168,22.78527248164168,22.78527248164168,11.39263624082084,0.42095616488274396,0.7786539990289815,0.0,0.572520044366878,0.572520044366878,0.572520044366878,0.572520044366878,0.572520044366878
711cdd0b.qasm,16,success,1.5356056,1.5257211605155188,1.5129253996941434,0.0,1.5193098092866884,1.5193098092866884,1.5193098092866884,1.5272568658047494,1.5272568658047494,6.0909773341701525,9.92404318450418,0.0,7.774774729864574,7.774774729864574,7.774774729864574,7.774774729864574,7.774774729864574
711cdd0b.qasm,64,success,6.9356012,6.931529830547811,6.927412781812953,0.0,6.92947100041949,6.92947100041949,6.92947100041949,6.909680884425092,6.909680884425092,7.363021883733328,5.552906518258877,0.0,6.394229602717247,6.394229602717247,6.394229602717247,6.394229602717247,6.394229602717247
711cdd0b.qasm,512,success,204.2237956,204.95972226025407,204.3277280800974,0.0,204.64348119929312,204.64348119929312,204.64348119929312,204.1377717802656,204.1377717802656,139.51020495895614,718.452178493814,0.006396011396011396,316.593446986637,316.593446986637,316.593446986637,316.593446986637,316.593446986637
72b5f996.qasm,16,success,0.1764023,0.2544754779000444,0.22722764076379717,0.0,0.24046592788889423,0.24046592788889423,0.24046592788889423,0.24046592788889423,0.24046592788889423,5.739570027606387,6.249057096930738,0.016666666666666666,5.9888981302360325,5.9888981302360325,5.9888981302360325,5.9888981302360325,5.9888981302360325
72b5f996.qasm,64,success,0.6280924,0.8464605941792903,1.1488579850765492,0.0,0.9861353926695451,0.9861353926695451,0.9861353926695451,0.9861353926695451,0.9861353926695451,5.711114151208507,4.464551666046734,0.0,5.049511283160086,5.049511283160086,5.049511283160086,5.049511283160086,5.049511283160086
72b5f996.qasm,512,success,0.1757353,0.22945509305584003,0.2144708896904066,0.0,0.22183651176413915,0.22183651176413915,0.22183651176413915,0.22183651176413915,0.22183651176413915,11.345571461825307,24.9207131642277,0.0033333333333333335,16.814866401027277,16.814866401027277,16.814866401027277,16.814866401027277,16.814866401027277
72cc2f13.qasm,16,success,15.445616199999996,10.184776826925043,11.188283783229977,0.0,10.67474465308196,10.67474465308196,10.67474465308196,10.67474465308196,10.67474465308196,8.463036072185496,41.369949637533146,0.0,18.711370235419434,18.711370235419434,18.711370235419434,18.711370235419434,18.711370235419434
72cc2f13.qasm,64,success,25.191536599999996,0.7889098534148603,0.5687809822051242,0.0,0.6698633601687771,0.6698633601687771,0.6698633601687771,0.6698633601687771,0.6698633601687771,2.393621120641863,1.122758572639716,0.03991150442477876,1.6393470141651327,1.6393470141651327,1.6393470141651327,1.6393470141651327,1.6393470141651327
72d8892d.qasm,16,success,0.955442,1.3380935662184599,0.7529263799905516,0.0,1.0037359936265673,1.0037359936265673,1.0037359936265673,1.0037359936265673,1.0037359936265673,2.188035431647199,3.746359796657778,0.006666666666666667,2.8630696769002695,2.8630696769002695,2.8630696769002695,2.8630696769002695,2.8630696769002695
72d8892d.qasm,64,success,5.2796491,3.1569612273309766,1.1535006408489115,0.0,1.9082863513795427,1.9082863513795427,1.9082863513795427,1.9082863513795427,1.9082863513795427,2.8983492670069517,2.854365881617654,0.0,2.8762735024256956,2.8762735024256956,2.8762735024256956,2.8762735024256956,2.8762735024256956
72d8892d.qasm,512,success,142.81771470000007,36.770939467570486,45.233494951873965,0.0,40.78330669259191,40.78330669259191,40.78330669259191,40.78330669259191,40.78330669259191,15.737763092312093,16.131959335157426,0.0,15.933642214871027,15.933642214871027,15.933642214871027,15.933642214871027,15.933642214871027
73191d24.qasm,16,success,0.1741543,0.3001295709174497,0.221132112839502,0.0,0.25762043036721444,0.25762043036721444,0.25762043036721444,0.25762043036721444,0.25762043036721444,0.36556846929762593,0.21970829293034058,0.0,0.2834050534809481,0.2834050534809481,0.2834050534809481,0.2834050534809481,0.2834050534809481
73191d24.qasm,64,success,0.1658449,0.35695626079208737,0.2753131196009248,0.0,0.3134880248426578,0.3134880248426578,0.3134880248426578,0.3134880248426578,0.3134880248426578,0.5201716756471143,0.5250661633959163,0.0,0.5226131896912432,0.5226131896912432,0.5226131896912432,0.5226131896912432,0.5226131896912432
73191d24.qasm,512,success,0.1710847,0.38453722201705615,0.27429771842756034,0.0,0.32477327884194956,0.32477327884194956,0.32477327884194956,0.32477327884194956,0.32477327884194956,0.49057615309835795,0.234755659167964,0.0,0.33936046940191644,0.33936046940191644,0.33936046940191644,0.33936046940191644,0.33936046940191644
7337baba.qasm,16,success,0.17470819999999998,0.1825624592385981,0.186114129070847,0.0,0.18432974014581505,0.18432974014581505,0.18432974014581505,0.18432974014581505,0.18432974014581505,0.20529302603794042,0.19503738192091385,0.0,0.20009951105652884,0.20009951105652884,0.20009951105652884,0.20009951105652884,0.20009951105652884
7337baba.qasm,64,success,0.1769813,0.18270285630452593,0.18065254979820372,0.0,0.18167481071086167,0.18167481071086167,0.18167481071086167,0.18167481071086167,0.18167481071086167,0.2889039468734174,0.4020664038082142,0.0,0.3408204380100969,0.3408204380100969,0.3408204380100969,0.3408204380100969,0.3408204380100969
733f4518.qasm,16,success,280.2611961999999,251.22732978213986,432.8211752520057,0.0033333333333333335,329.752192004434,329.752192004434,329.752192004434,329.752192004434,329.752192004434,12.02018237202299,26.94453825620953,0.27,17.99661812034664,17.99661812034664,17.99661812034664,17.99661812034664,17.99661812034664
733f4518.qasm,64,success,27.346887899999995,44.30133111055449,32.05428232522056,0.0,37.683515955929465,37.683515955929465,37.683515955929465,37.683515955929465,37.683515955929465,6.7622739737204505,10.61108474112476,0.4190707964601768,14400.0,14400.0,14400.0,14400.0,14400.0
733f4518.qasm,512,success,11435.180826499996,9983.680929248076,14256.866584258276,0.9933333333333333,14400.0,14400.0,14400.0,14400.0,14400.0,227.09470394939964,570.6627848580171,0.4853772390293317,14400.0,14400.0,14400.0,14400.0,14400.0
73f498a0.qasm,16,success,0.586508,0.3822074754434864,0.36387245142680635,0.0,0.372927299943665,0.372927299943665,0.372927299943665,0.372927299943665,0.372927299943665,0.5043873886606346,0.5998469773523467,0.0,0.5500502254364823,0.5500502254364823,0.5500502254364823,0.5500502254364823,0.5500502254364823
73f498a0.qasm,64,success,0.9841235,0.42864159542117336,0.5702416759016297,0.0,0.4943979184160449,0.4943979184160449,0.4943979184160449,0.4943979184160449,0.4943979184160449,0.7462122857121022,0.7765036790727532,0.0,0.7612073207902929,0.7612073207902929,0.7612073207902929,0.7612073207902929,0.7612073207902929
73f498a0.qasm,512,success,1.3402632,0.3006650693340544,0.19050640055209078,0.0,0.23932952206231375,0.23932952206231375,0.23932952206231375,0.23932952206231375,0.23932952206231375,0.7259754661142107,0.49001567609169405,0.0,0.5964388978377733,0.5964388978377733,0.5964388978377733,0.5964388978377733,0.5964388978377733
742bfb51.qasm,16,timeout,14399.999999999989,7326.618940094981,5265.022088655113,0.9998347923055477,14400.0,14400.0,14400.0,14400.0,14400.0,3053.4481178723595,276.4294368160637,0.9798521803399853,14400.0,14400.0,14400.0,14400.0,14400.0
742bfb51.qasm,64,timeout,14399.999999999989,7173.017088171852,13077.250659846983,0.9959399684044237,14400.0,14400.0,14400.0,14400.0,14400.0,2681.183351221901,778.2173471779756,0.8780530973451325,14400.0,14400.0,14400.0,14400.0,14400.0
749ea355.qasm,16,success,0.22915330000000003,0.5976507072824722,0.5273458359454517,0.023286274509803924,0.561398799281995,0.561398799281995,0.561398799281995,0.561398799281995,0.561398799281995,56.66663820822631,74.07432649649326,0.05941554649114675,64.78844850816242,64.78844850816242,64.78844850816242,64.78844850816242,64.78844850816242
749ea355.qasm,64,success,2.3689134,2.1469819333694447,4.086654185830074,0.0,2.9620892466139144,2.9620892466139144,2.9620892466139144,2.9620892466139144,2.9620892466139144,32.46125508050513,24.824249464964208,0.0,28.38707970299685,28.38707970299685,28.38707970299685,28.38707970299685,28.38707970299685
749ea355.qasm,512,success,0.2225618,0.4813878055631231,0.4073112950132186,0.00633879781420765,0.442803218695943,0.442803218695943,0.442803218695943,0.442803218695943,0.442803218695943,66.52985687935175,74.80973571801012,0.01,70.54843024831482,70.54843024831482,70.54843024831482,70.54843024831482,70.54843024831482
7513561e.qasm,16,success,1.7643061,1.75627059799695,1.7559715749431397,0.0,1.7561210801055358,1.7561210801055358,1.7561210801055358,1.7544678,1.7544678,9.011189041510344,13.528517572731532,0.0,11.041196914251575,11.041196914251575,11.041196914251575,11.041196914251575,11.041196914251575
7513561e.qasm,64,success,13.212665399999999,10.716024999531882,9.1845128570142,0.0,9.920759516503066,9.920759516503066,9.920759516503066,13.180583699999998,13.180583699999998,12.701162955952206,8.394869358525511,0.0,10.325919025276274,10.325919025276274,10.325919025276274,10.325919025276274,10.325919025276274
7513561e.qasm,512,success,574.2641708,577.032909714756,577.764799221226,0.0,577.398738503459,577.398738503459,577.398738503459,577.6552693999998,577.6552693999998,330.53506854811724,894.3568378843864,0.006396011396011396,543.706077505662,543.706077505662,543.706077505662,543.706077505662,543.706077505662
75137edd.qasm,16,success,4.2534029,1.630048686555054,2.0265690513124714,0.0,1.8175275019391084,1.8175275019391084,1.8175275019391084,1.8175275019391084,1.8175275019391084,1.5161456529363642,2.5194695185607854,0.0,1.9544520352957269,1.9544520352957269,1.9544520352957269,1.9544520352957269,1.9544520352957269
75137edd.qasm,64,success,0.1687236,0.9901344828259343,0.5040175746902957,0.0,0.7064312993144893,0.7064312993144893,0.7064312993144893,0.7064312993144893,0.7064312993144893,1.29701404212219,0.668442798769384,0.0,0.9311174449871232,0.9311174449871232,0.9311174449871232,0.9311174449871232,0.9311174449871232
75137edd.qasm,512,success,6.0661241,3.3210843818590585,3.8413542616421883,0.0,3.571758900531727,3.571758900531727,3.571758900531727,3.571758900531727,3.571758900531727,6.585315307464039,21.338584802738126,0.0,11.854168428915242,11.854168428915242,11.854168428915242,11.854168428915242,11.854168428915242
751d7ced.qasm,16,success,2.1812843,2.20058655207027,2.1972464476752287,0.0,2.1989158656797856,2.1989158656797856,2.1989158656797856,2.1967006,2.1967006,10.265375457757392,14.759199928194606,0.0,12.308888199956305,12.308888199956305,12.308888199956305,12.308888199956305,12.308888199956305
751d7ced.qasm,64,success,12.570806900000001,12.69007116039562,12.681148263694759,0.0,12.685608927513643,12.685608927513643,12.685608927513643,12.6793433,12.6793433,12.255321219267003,8.314241194731924,0.0,10.0942407607458,10.0942407607458,10.0942407607458,10.0942407607458,10.0942407607458
751d7ced.qasm,512,success,525.1337435000002,522.665921330753,524.415346548574,0.0,523.5399032201808,523.5399032201808,523.5399032201808,524.4238940999999,524.4238940999999,309.74350252410056,962.5868189114692,0.009588290534838418,546.0357248140189,546.0357248140189,546.0357248140189,546.0357248140189,546.0357248140189
752a65aa.qasm,16,success,1.7403424,1.7509478355400014,1.7561657106575772,0.0,1.7535548323121957,1.7535548323121957,1.7535548323121957,1.7383957,1.7383957,8.374075053498377,12.05258357854579,0.0,10.046354536611997,10.046354536611997,10.046354536611997,10.046354536611997,10.046354536611997
752a65aa.qasm,64,success,10.069334200000002,10.135812364726991,10.083381762247793,0.0,10.10956307384517,10.10956307384517,10.10956307384517,10.090619899999998,10.090619899999998,10.786398418908357,7.02429279753925,0.0,8.704413864547499,8.704413864547499,8.704413864547499,8.704413864547499,8.704413864547499
752a65aa.qasm,512,success,411.4862542999999,402.89039248434517,403.2413631144593,0.0,403.0658395983304,403.0658395983304,403.0658395983304,402.51049830000005,402.51049830000005,216.8882633346104,827.6929918159433,0.006396011396011396,423.69434214913474,423.69434214913474,423.69434214913474,423.69434214913474,423.69434214913474
7548d858.qasm,16,success,0.5394256,0.5351035295225985,0.5456537347563741,0.0,0.5403528841093787,0.5403528841093787,0.5403528841093787,0.5425538,0.5425538,2.02912959976253,2.593238909875422,0.0,2.2939088541797243,2.2939088541797243,2.2939088541797243,2.2939088541797243,2.2939088541797243
7548d858.qasm,64,success,1.3349159,1.3406317607931582,1.3403518684945555,0.0,1.3404918073387302,1.3404918073387302,1.3404918073387302,1.3424396,1.3424396,1.8579833850075929,0.9435886828346528,0.0,1.3240740519276044,1.3240740519276044,1.3240740519276044,1.3240740519276044,1.3240740519276044
7548d858.qasm,512,success,3.4632725999999994,3.5245958738925207,3.4540151691247547,0.0,3.4891270560785386,3.4891270560785386,3.4891270560785386,3.4716296,3.4716296,2.6009951019740836,2.059302580998019,0.0,2.3143543217619977,2.3143543217619977,2.3143543217619977,2.3143543217619977,2.3143543217619977
758554e0.qasm,16,success,755.0281160999999,729.3788868803895,613.9695321036871,0.3105369839957074,669.1908650783133,669.1908650783133,669.1908650783133,669.1908650783133,669.1908650783133,8.405578376915821,7.665896537852993,0.06,8.027222071068607,8.027222071068607,100.0,100.0,100.0
758554e0.qasm,64,success,590.6946547999999,484.4911611775181,512.7290958127777,0.0,498.41018749603387,498.41018749603387,498.41018749603387,498.41018749603387,498.41018749603387,3.428505590124261,1.2757659031401818,0.13303834808259582,2.0914039616023583,2.0914039616023583,100.0,100.0,100.0
758554e0.qasm,512,success,592.4959399000002,106.0395494378151,1.3785974815694642,0.10911961880619508,12.090734295390526,12.090734295390526,100.0,100.0,100.0,5.411377901006729,1.000706864025046,0.1396228530644196,2.3270588753555157,2.3270588753555157,100.0,100.0,100.0
75bd5cbf.qasm,16,success,42.215876699999995,5.543566632780779,14.219811572299816,0.0,8.878540023935875,8.878540023935875,8.878540023935875,8.878540023935875,8.878540023935875,1.2012766591533584,1.2789867099731227,0.006538461538461539,1.2395228445083448,1.2395228445083448,1.2395228445083448,1.2395228445083448,1.2395228445083448
75bd5cbf.qasm,64,success,15.9747854,5.290178866813072,4.830582730274282,0.0,5.055160400431345,5.055160400431345,5.055160400431345,5.055160400431345,5.055160400431345,2.5460455650878493,2.960317515932379,0.0,2.745378531767798,2.745378531767798,2.745378531767798,2.745378531767798,2.745378531767798
75bd5cbf.qasm,512,success,41.622736499999995,14.429913859758685,48.51723101005319,0.0,26.459392740368784,26.459392740368784,26.459392740368784,26.459392740368784,26.459392740368784,40.47916538377479,72.98424831763289,0.0,54.353854123327324,54.353854123327324,54.353854123327324,54.353854123327324,54.353854123327324
76034335.qasm,16,success,0.16997750000000003,0.3937350488089553,0.315564091912632,0.0,0.3524892099505655,0.3524892099505655,0.3524892099505655,0.3524892099505655,0.3524892099505655,0.5452792954095719,0.36027814178039763,0.0,0.4432292987850477,0.4432292987850477,0.4432292987850477,0.4432292987850477,0.4432292987850477
76034335.qasm,64,success,0.7581466,0.4737013153151822,0.36762846464966914,0.0,0.4173081442433747,0.4173081442433747,0.4173081442433747,0.4173081442433747,0.4173081442433747,0.6426976725502644,0.500572104103794,0.0,0.56720060494599,0.56720060494599,0.56720060494599,0.56720060494599,0.56720060494599
76034335.qasm,512,success,0.246009,0.26963721589740164,0.4772135136880207,0.0,0.3587123126120073,0.3587123126120073,0.3587123126120073,0.3587123126120073,0.3587123126120073,0.38460336040420007,0.4072748915881028,0.0,0.39577682083851323,0.39577682083851323,0.39577682083851323,0.39577682083851323,0.39577682083851323
76d0b692.qasm,16,success,22.912727,23.0683686406956,28.683261338232402,0.0,25.72306448243981,25.72306448243981,25.72306448243981,25.72306448243981,25.72306448243981,12.815717089549269,132.73031440837588,0.07,41.24359536539789,41.24359536539789,41.24359536539789,41.24359536539789,41.24359536539789
76d0b692.qasm,64,success,4.2618177,1.5368690839161905,1.8503581840317234,0.0,1.6863446525576142,1.6863446525576142,1.6863446525576142,1.6863446525576142,1.6863446525576142,6.579769463755368,2.495781828738263,0.382485250737463,14400.0,14400.0,14400.0,14400.0,14400.0
77a3a480.qasm,16,success,1.6496207,1.6299707562561192,1.6449907067098066,0.0,1.637463509898792,1.637463509898792,1.637463509898792,1.6418214,1.6418214,7.7718990688495015,11.072330602767343,0.0,9.276477558946679,9.276477558946679,9.276477558946679,9.276477558946679,9.276477558946679
77a3a480.qasm,64,success,8.934466900000002,8.911993488842736,8.89117078614741,0.0,8.901576048899118,8.901576048899118,8.901576048899118,8.898883499999998,8.898883499999998,10.013044802171402,6.575521615269983,0.0,8.114246270069993,8.114246270069993,8.114246270069993,8.114246270069993,8.114246270069993
77a3a480.qasm,512,success,343.5808607,334.9964254089701,339.3385022294182,0.0,337.1604740334919,337.1604740334919,337.1604740334919,336.9242883,336.9242883,198.4976269190605,722.2225740298479,0.006396011396011396,378.62840233175893,378.62840233175893,378.62840233175893,378.62840233175893,378.62840233175893
78adf5c7.qasm,16,success,4.0229352,3.449494593987739,3.714839753313998,0.0,3.579709436055863,3.579709436055863,3.579709436055863,3.579709436055863,3.579709436055863,4.146311116111741,9.97161163675269,0.0,6.430039204780705,6.430039204780705,6.430039204780705,6.430039204780705,6.430039204780705
78adf5c7.qasm,64,success,10.8530249,9.735050786049882,11.678865929214886,0.0,10.662755410510671,10.662755410510671,10.662755410510671,10.662755410510671,10.662755410510671,3.8095115785775433,4.730204364547153,0.0,4.24496976382405,4.24496976382405,4.24496976382405,4.24496976382405,4.24496976382405
78adf5c7.qasm,512,success,527.2902871999997,321.9791752397928,395.96561522072057,0.0,357.06117432743196,357.06117432743196,357.06117432743196,357.06117432743196,357.06117432743196,79.60431974852598,159.6625625962652,0.006327396098388465,112.73788043413866,112.73788043413866,112.73788043413866,112.73788043413866,112.73788043413866
78f96e37.qasm,16,success,1.3827565,1.4080702125157232,1.4128266218854264,0.0,1.410446412213553,1.410446412213553,1.410446412213553,1.4051409,1.4051409,4.841352880557585,7.770294131038738,0.0,6.1334114385131615,6.1334114385131615,6.1334114385131615,6.1334114385131615,6.1334114385131615
78f96e37.qasm,64,success,5.7355776999999994,5.678090907045064,5.730857600748423,0.0,5.704413241726068,5.704413241726068,5.704413241726068,5.718801399999999,5.718801399999999,5.0074924017367,4.573448220423787,0.0,4.785551923603832,4.785551923603832,4.785551923603832,4.785551923603832,4.785551923603832
78f96e37.qasm,512,success,134.27502299999998,133.42615123774323,135.1103878294424,0.0,134.26562866318886,134.26562866318886,134.26562866318886,134.09611699999996,134.09611699999996,79.73072118874646,514.9411467345772,0.0030626780626780625,202.62435440713432,202.62435440713432,202.62435440713432,202.62435440713432,202.62435440713432
79b12d71.qasm,16,success,1.6729174,1.6496269113330861,1.6605195097506322,0.0,1.6550642495318018,1.6550642495318018,1.6550642495318018,1.6569814589229537,1.6569814589229537,7.108867690690212,11.372908188562137,0.0,8.991579370213863,8.991579370213863,8.991579370213863,8.991579370213863,8.991579370213863
79b12d71.qasm,64,success,9.5001241,9.505496002222863,9.552044137312155,0.0,9.528741646213156,9.528741646213156,9.528741646213156,9.488161813314262,9.488161813314262,8.526517641822348,6.668346549402604,0.0,7.540409438171544,7.540409438171544,7.540409438171544,7.540409438171544,7.540409438171544
79b12d71.qasm,512,success,344.1290951000001,346.96567443120006,342.0405228113609,0.0,344.49429702107403,344.49429702107403,344.49429702107403,348.01471595064555,348.01471595064555,152.27747697208184,791.2776991925375,0.006396011396011396,347.12212781283966,347.12212781283966,347.12212781283966,347.12212781283966,347.12212781283966
7a0c7e70.qasm,16,success,408.48818259999985,445.2232022587433,306.4123466779195,0.0,369.3533351677761,369.3533351677761,369.3533351677761,369.3533351677761,369.3533351677761,43.40430858226151,273.6893689396056,0.27,108.99219157875055,108.99219157875055,108.99219157875055,108.99219157875055,108.99219157875055
7a0c7e70.qasm,64,success,280.2108366999999,474.26223931834505,457.20845926345174,0.0,465.65728570009,465.65728570009,465.65728570009,465.65728570009,465.65728570009,22.559703810782626,23.917393555921546,0.5388053097345131,14400.0,14400.0,14400.0,14400.0,14400.0
7a1c98cc.qasm,16,success,3.4877635,0.31160814591644,0.26633030861401896,0.0,0.28808105399100387,0.28808105399100387,0.28808105399100387,0.28808105399100387,0.28808105399100387,0.3396009713099,0.3094589172943635,0.0,0.32417980950959274,0.32417980950959274,0.32417980950959274,0.32417980950959274,0.32417980950959274
7a1c98cc.qasm,64,success,0.6781891,0.374620129629696,0.3529058484892156,0.0,0.36360092781524606,0.36360092781524606,0.36360092781524606,0.36360092781524606,0.36360092781524606,0.3473571462728935,0.39748152996795777,0.0,0.37157509327974797,0.37157509327974797,0.37157509327974797,0.37157509327974797,0.37157509327974797
7a79f013.qasm,16,success,438.9453946999999,200.91683829730593,227.93069438792048,0.04985882352941177,213.9979309884338,213.9979309884338,213.9979309884338,213.9979309884338,213.9979309884338,120.19906504027,262.1936056294279,0.0,177.52584672715832,177.52584672715832,177.52584672715832,177.52584672715832,177.52584672715832
7a79f013.qasm,64,success,923.3542458999998,141.1122203295145,116.95390988606135,0.0,128.46643880889707,128.46643880889707,128.46643880889707,128.46643880889707,128.46643880889707,164.59316243126736,110.27498831890588,0.0898008849557522,134.72382515531461,134.72382515531461,134.72382515531461,134.72382515531461,134.72382515531461
7a79f013.qasm,512,timeout,14399.999999999989,8676.057537141087,11656.565463719304,0.7645360527338241,14400.0,14400.0,14400.0,14400.0,14400.0,5275.654577144809,9042.020802888508,0.21941232674863032,6906.705324204685,6906.705324204685,6906.705324204685,6906.705324204685,6906.705324204685
7aad2132.qasm,16,success,2.6700853,2.6668768057864405,2.6746399041218587,0.0,2.670755534326093,2.670755534326093,2.670755534326093,2.6754619875052046,2.6754619875052046,13.637124963932338,17.19551836797803,0.0,15.31330900895395,15.31330900895395,15.31330900895395,15.31330900895395,15.31330900895395
7aad2132.qasm,64,success,20.941539600000002,21.041877903825874,20.95957814666733,0.0,21.000687709641106,21.000687709641106,21.000687709641106,21.00441444596071,21.00441444596071,17.9073195212993,11.348342780836552,0.0,14.255469133412287,14.255469133412287,14.255469133412287,14.255469133412287,14.255469133412287
7aad2132.qasm,512,success,959.7448176000003,998.8538156007525,914.2953342664784,0.0,955.6397769128473,955.6397769128473,955.6397769128473,972.9109080258111,972.9109080258111,401.72671650629763,1250.9848295547731,0.009588290534838418,708.910451309775,708.910451309775,708.910451309775,708.910451309775,708.910451309775
7afdbe61.qasm,16,success,2.2713569,1.9803791565568711,2.058014002834956,0.0,2.018823428414808,2.018823428414808,2.018823428414808,2.0241191835018593,2.0241191835018593,2.4852910711485756,1.3306446767444873,0.0,1.8185266932284656,1.8185266932284656,1.8185266932284656,1.8185266932284656,1.8185266932284656
7afdbe61.qasm,64,success,0.1793947,0.19913810745678256,0.18397407992313144,0.0,0.1914059823960454,0.1914059823960454,0.1914059823960454,0.18180391789410127,0.18180391789410127,1.7118447028715453,0.9711741634044883,0.0,1.289379442673753,1.289379442673753,1.289379442673753,1.289379442673753,1.289379442673753
7b19558f.qasm,16,success,3.3083295000000006,3.793572147440986,5.161023890410579,0.0,4.424784343099571,4.424784343099571,4.424784343099571,4.424784343099571,4.424784343099571,2.3904198749336443,2.874999258127193,0.016333333333333335,2.6215368330516977,2.6215368330516977,2.6215368330516977,2.6215368330516977,2.6215368330516977
7b19558f.qasm,64,success,2.444386,3.517167470857301,2.887330521800446,0.0,3.186726374963807,3.186726374963807,3.186726374963807,3.186726374963807,3.186726374963807,4.152286176462876,6.109828805275534,0.0,5.036840049942055,5.036840049942055,5.036840049942055,5.036840049942055,5.036840049942055
7b19558f.qasm,512,success,3.3641784,4.998099806367594,6.648442583982568,0.0,5.764510351421824,5.764510351421824,5.764510351421824,5.764510351421824,5.764510351421824,5.5313752100914515,2.0042022055186264,0.03825366233249183,3.329563694482559,3.329563694482559,3.329563694482559,3.329563694482559,3.329563694482559
7bab61ca.qasm,16,success,75.00299399999999,13.936387958466309,22.446935389020325,0.0,17.686978262552763,17.686978262552763,17.686978262552763,17.686978262552763,17.686978262552763,0.36659441876408133,1.1179471214327987,0.0033333333333333335,0.6401821421991046,0.6401821421991046,0.6401821421991046,0.6401821421991046,0.6401821421991046
7bab61ca.qasm,64,success,43.55957699999999,19.895422798147433,15.619920519235654,0.0,17.628525826161752,17.628525826161752,17.628525826161752,17.628525826161752,17.628525826161752,4.288253319204059,4.648327224866002,0.0,4.464661762191872,4.464661762191872,4.464661762191872,4.464661762191872,4.464661762191872
7bab61ca.qasm,512,success,74.85026579999999,13.381674085520656,16.97251821694807,0.0,15.07052444972507,15.07052444972507,15.07052444972507,15.07052444972507,15.07052444972507,0.3554709507904233,0.6183590953785396,0.0,0.4688376004163014,0.4688376004163014,0.4688376004163014,0.4688376004163014,0.4688376004163014
7be7d477.qasm,16,success,2.4134915,2.3720337637476745,2.379060660285473,0.0,2.3755446138098475,2.3755446138098475,2.3755446138098475,2.3529718963970034,2.3529718963970034,12.019293900215937,16.38968158990509,0.0,14.035398104793025,14.035398104793025,14.035398104793025,14.035398104793025,14.035398104793025
7be7d477.qasm,64,success,18.077428899999997,18.182601729864746,18.18324357639163,0.0,18.182922650296092,18.182922650296092,18.182922650296092,18.12534047260763,18.12534047260763,16.85656188520631,10.093141873849584,0.0,13.043606503291668,13.043606503291668,13.043606503291668,13.043606503291668,13.043606503291668
7be7d477.qasm,512,success,843.0826304,616.7132600217824,525.9092575345875,0.0,569.5043570419723,569.5043570419723,569.5043570419723,827.0399194721975,827.0399194721975,396.9808210121163,1129.3073033952926,0.009588290534838418,669.5620512520421,669.5620512520421,669.5620512520421,669.5620512520421,669.5620512520421
7bf0f1bc.qasm,16,success,2.098813,2.122520195208467,2.1222821292487217,0.0,2.122401158890665,2.122401158890665,2.122401158890665,2.124507510504616,2.124507510504616,9.880795481426928,13.71580966996107,0.0,11.641439353063829,11.641439353063829,11.641439353063829,11.641439353063829,11.641439353063829
7bf0f1bc.qasm,64,success,12.182565699999998,12.16506083087646,12.15249152092574,0.0,12.158774551687847,12.158774551687847,12.158774551687847,12.147432646528163,12.147432646528163,11.934112603913636,8.041784295682257,0.0,9.796507506303273,9.796507506303273,9.796507506303273,9.796507506303273,9.796507506303273
7bf0f1bc.qasm,512,success,495.0731022999998,495.24526332980554,496.87077642643277,0.0,496.0573540551469,496.0573540551469,496.0573540551469,496.26263370374187,496.26263370374187,288.88285455025215,936.3282643940132,0.006396011396011396,520.0857446750738,520.0857446750738,520.0857446750738,520.0857446750738,520.0857446750738
7c9f6bae.qasm,16,success,2.2005587,2.2148779754816457,2.2282199415100257,0.0,2.2215389424854917,2.2215389424854917,2.2215389424854917,2.1967006,2.1967006,10.219065908342657,14.759199928194606,0.0,12.281092655811486,12.281092655811486,12.281092655811486,12.281092655811486,12.281092655811486
7c9f6bae.qasm,64,success,12.6793433,12.652204378997759,12.58557089620813,0.0,12.618843655628327,12.618843655628327,12.618843655628327,12.647261799999999,12.647261799999999,12.23313292986111,8.299829896255,0.0,10.076354619410871,10.076354619410871,10.076354619410871,10.076354619410871,10.076354619410871
7c9f6bae.qasm,512,success,524.4238940999999,524.5087137921032,525.2015692354948,0.0,524.8550271849392,524.8550271849392,524.8550271849392,525.0129456,525.0129456,312.12206103110435,961.8874410511479,0.009588290534838418,547.9290926578178,547.9290926578178,547.9290926578178,547.9290926578178,547.9290926578178
7d6d9a38.qasm,16,success,2.989781,3.101882775837302,2.993372258713056,0.0,3.047144540544677,3.047144540544677,3.047144540544677,3.0019963,3.0019963,14.8699891236335,17.908035632565234,0.0,16.31846485064959,16.31846485064959,16.31846485064959,16.31846485064959,16.31846485064959
7d6d9a38.qasm,64,success,23.563448199999996,24.69555104441715,23.36587877085703,0.0,24.021516435965545,24.021516435965545,24.021516435965545,23.571399400000004,23.571399400000004,19.643952924592703,11.526492685318042,0.0,15.04745425964305,15.04745425964305,15.04745425964305,15.04745425964305,15.04745425964305
7d6d9a38.qasm,512,success,1083.7143292999995,717.9932340660075,471.0286474493005,0.0,581.5456834332626,581.5456834332626,581.5456834332626,1080.9138732999998,1080.9138732999998,479.06329760870824,1343.5808338248514,0.009458689458689457,802.2844039715537,802.2844039715537,802.2844039715537,802.2844039715537,802.2844039715537
7db40afb.qasm,16,success,0.17392759999999996,0.18401366115389847,0.1880196753791896,0.0,0.18600588387331238,0.18600588387331238,0.18600588387331238,0.18600588387331238,0.18600588387331238,0.19602793876492636,0.22676788553708527,0.0,0.21083842434413036,0.21083842434413036,0.21083842434413036,0.21083842434413036,0.21083842434413036
7db40afb.qasm,64,success,0.1741671,0.17742668383745933,0.18015089178376334,0.0,0.17878359913469166,0.17878359913469166,0.17878359913469166,0.17878359913469166,0.17878359913469166,0.26086561943089026,0.3181715821371305,0.0,0.2880972524331132,0.2880972524331132,0.2880972524331132,0.2880972524331132,0.2880972524331132
7fdad0c4.qasm,16,success,2.0015231,2.001398286881353,2.0003743796803644,0.0,2.0008862677857606,2.0008862677857606,2.0008862677857606,1.9908197,1.9908197,10.770714267487378,15.355501218442146,0.0,12.860393308833698,12.860393308833698,12.860393308833698,12.860393308833698,12.860393308833698
7fdad0c4.qasm,64,success,15.542053600000003,12.978581723323058,9.499387458765643,0.0,11.10353891581869,11.10353891581869,11.10353891581869,15.381964099999996,15.381964099999996,14.761358552826255,9.447422076696267,0.0,11.809182218680512,11.809182218680512,11.809182218680512,11.809182218680512,11.809182218680512
7fdad0c4.qasm,512,success,695.6832452000001,642.7438533820743,596.7548143293614,0.0,619.3226048565949,619.3226048565949,619.3226048565949,691.5553226999999,691.5553226999999,368.542672567036,999.4471869130155,0.009588290534838418,606.909332070721,606.909332070721,606.909332070721,606.909332070721,606.909332070721
81af3d74.qasm,16,success,0.24346440000000003,0.19955975886644545,0.1860618617204346,0.0,0.1926926575123501,0.1926926575123501,0.1926926575123501,0.1926926575123501,0.1926926575123501,0.3725645476736506,0.20726538308869097,0.0,0.27788438908805957,0.27788438908805957,0.27788438908805957,0.27788438908805957,0.27788438908805957
81af3d74.qasm,64,success,0.1806651,0.2138458005601772,0.19109649948200758,0.0,0.2021513886075913,0.2021513886075913,0.2021513886075913,0.2021513886075913,0.2021513886075913,0.42033580154635186,0.31215222291610284,0.0,0.362227490430966,0.362227490430966,0.362227490430966,0.362227490430966,0.362227490430966
81af3d74.qasm,512,success,0.23417009999999996,0.20177585946498533,0.1926789435634348,0.0,0.19717494627441248,0.19717494627441248,0.19717494627441248,0.19717494627441248,0.19717494627441248,0.2765236783176605,0.23288294026055442,0.0,0.25376691521607087,0.25376691521607087,0.25376691521607087,0.25376691521607087,0.25376691521607087
81f388c7.qasm,16,success,0.17924560000000003,0.22500621000641305,0.19651068018276244,0.0,0.21027630245395157,0.21027630245395157,0.21027630245395157,0.21027630245395157,0.21027630245395157,0.29056715411735773,0.3075172216190101,0.0,0.2989220699913483,0.2989220699913483,0.2989220699913483,0.2989220699913483,0.2989220699913483
81f388c7.qasm,64,success,0.16809340000000003,0.25610590551410106,0.29464419880571235,0.0,0.27470005340300496,0.27470005340300496,0.27470005340300496,0.27470005340300496,0.27470005340300496,0.3676475793631719,0.34568263706684865,0.0,0.3564959813875954,0.3564959813875954,0.3564959813875954,0.3564959813875954,0.3564959813875954
81f388c7.qasm,512,success,0.18503920000000001,0.23369438389121272,0.2267126991484475,0.0,0.2301770721592624,0.2301770721592624,0.2301770721592624,0.2301770721592624,0.2301770721592624,0.4014243987264309,0.37252128698806947,0.0,0.38670290100021487,0.38670290100021487,0.38670290100021487,0.38670290100021487,0.38670290100021487
81fdeb0a.qasm,16,success,0.1736968,0.19515933803133403,0.1882802764581057,0.0,0.19168895147587528,0.19168895147587528,0.19168895147587528,0.19168895147587528,0.19168895147587528,0.19736360854218238,0.1959701952278356,0.0,0.1966656678143941,0.1966656678143941,0.1966656678143941,0.1966656678143941,0.1966656678143941
81fdeb0a.qasm,64,success,0.1638945,0.18556077827406467,0.2062499578069148,0.0,0.19563205946276827,0.19563205946276827,0.19563205946276827,0.19563205946276827,0.19563205946276827,0.2473791508851672,0.2763311427899404,0.0,0.26145470633840834,0.26145470633840834,0.26145470633840834,0.26145470633840834,0.26145470633840834
827a3442.qasm,16,success,0.18011539999999998,0.19334314071782271,0.19015699150902104,0.0,0.19174344830477644,0.19174344830477644,0.19174344830477644,0.19174344830477644,0.19174344830477644,0.18488483138002432,0.1979129558558801,0.0,0.1912880118338224,0.1912880118338224,0.1912880118338224,0.1912880118338224,0.1912880118338224
827a3442.qasm,64,success,0.1755154,0.18774557688956675,0.19752366989239845,0.0,0.19257257165363062,0.19257257165363062,0.19257257165363062,0.19257257165363062,0.19257257165363062,0.2032064818298611,0.20548673267090992,0.0,0.20434342663459665,0.20434342663459665,0.20434342663459665,0.20434342663459665,0.20434342663459665
827a3442.qasm,512,success,0.18864619999999999,0.18084278052231348,0.22246555971706364,0.0,0.20057739251891418,0.20057739251891418,0.20057739251891418,0.20057739251891418,0.20057739251891418,0.1848815101421804,0.23228966175798454,0.0,0.20723432016978383,0.20723432016978383,0.20723432016978383,0.20723432016978383,0.20723432016978383
82b89c68.qasm,16,success,3.2725359,3.3086143437022564,3.3724013899720777,0.0,3.34035561154543,3.34035561154543,3.34035561154543,3.373480198615624,3.373480198615624,2.8663411310279,1.4774834851354077,0.0,2.057904682889387,2.057904682889387,2.057904682889387,2.057904682889387,2.057904682889387
82b89c68.qasm,64,success,0.1596555,0.1770560471666598,0.17845149052900028,0.0,0.1777523994889054,0.1777523994889054,0.1777523994889054,0.17727246234270957,0.17727246234270957,3.267582795578568,1.597354964868217,0.0,2.2846202313810045,2.2846202313810045,2.2846202313810045,2.2846202313810045,2.2846202313810045
831c33e1.qasm,16,success,2.3401965,2.348741058531356,2.3663932849457763,0.0,2.3575506503540993,2.3575506503540993,2.3575506503540993,2.3567967,2.3567967,12.019293900215937,16.38968158990509,0.0,14.035398104793025,14.035398104793025,14.035398104793025,14.035398104793025,14.035398104793025
831c33e1.qasm,64,success,18.073409800000004,18.098862365885235,18.07348912664907,0.0,18.086171296726807,18.086171296726807,18.086171296726807,18.0994781,18.0994781,16.85656188520631,10.093141873849584,0.0,13.043606503291668,13.043606503291668,13.043606503291668,13.043606503291668,13.043606503291668
831c33e1.qasm,512,success,839.1603764000004,685.1100063182138,809.1124024576968,0.0,744.534084619326,744.534084619326,744.534084619326,815.0945250000003,815.0945250000003,396.9808210121163,1129.3073033952926,0.009588290534838418,669.5620512520421,669.5620512520421,669.5620512520421,669.5620512520421,669.5620512520421
8335b01d.qasm,16,success,0.1701279,0.21119110046874756,0.17204084258065494,0.0,0.19061346980258004,0.19061346980258004,0.19061346980258004,0.19061346980258004,0.19061346980258004,0.21369383208870618,0.19088180401566368,0.0,0.20196599757412773,0.20196599757412773,0.20196599757412773,0.20196599757412773,0.20196599757412773
8335b01d.qasm,64,success,0.9557037,0.6279552627844346,0.8161946685302803,0.0,0.7159146161101801,0.7159146161101801,0.7159146161101801,0.7159146161101801,0.7159146161101801,0.43205896958541445,0.42696924179026186,0.0,0.4295065664836409,0.4295065664836409,0.4295065664836409,0.4295065664836409,0.4295065664836409
834596bc.qasm,16,success,204.27585150000007,28.569972121565453,89.00824186888003,0.09652615144418424,50.42779976147539,50.42779976147539,50.42779976147539,50.42779976147539,50.42779976147539,20.280957244755758,19.740762999859808,0.09665927568366592,20.00903721769274,20.00903721769274,20.00903721769274,20.00903721769274,20.00903721769274
834596bc.qasm,64,success,835.9329551000003,31.777810297454668,97.83956658305799,0.0,55.75954793989636,55.75954793989636,55.75954793989636,55.75954793989636,55.75954793989636,13.291293275853516,38.53557225495255,0.1463421828908554,22.631561863764908,22.631561863764908,22.631561863764908,22.631561863764908,22.631561863764908
834596bc.qasm,512,timeout,14399.999999999989,222.41205963049504,971.0945793393021,0.3671473019451975,14400.0,14400.0,14400.0,14400.0,14400.0,45.227759791609984,104.79259371316036,0.1928158355205601,68.84427540760811,68.84427540760811,68.84427540760811,68.84427540760811,68.84427540760811
83b22dc5.qasm,16,success,1.2476565,1.194444487656367,1.1876018741097085,0.0,1.191018266887923,1.191018266887923,1.191018266887923,1.1890405366390415,1.1890405366390415,4.053883970653504,4.191071316967994,0.0,4.12190694117689,4.12190694117689,4.12190694117689,4.12190694117689,4.12190694117689
83b22dc5.qasm,64,success,3.4044359999999996,3.4097236338422854,3.4235256089167447,0.0,3.416617651975083,3.416617651975083,3.416617651975083,3.425881159788447,3.425881159788447,4.782434819797299,3.1630023848796003,0.0,3.8893254865786298,3.8893254865786298,3.8893254865786298,3.8893254865786298,3.8893254865786298
83b22dc5.qasm,512,success,72.29796490000001,70.51903532333162,72.1990700116997,0.0,71.35410828022971,71.35410828022971,71.35410828022971,72.0675255958258,72.0675255958258,46.69980100236826,324.88842552628415,0.0,123.17558532456907,123.17558532456907,123.17558532456907,123.17558532456907,123.17558532456907
8400dcc1.qasm,16,success,0.1777404,0.19461466424064428,0.18776928324583803,0.0,0.19116133503822158,0.19116133503822158,0.19116133503822158,0.19116133503822158,0.19116133503822158,9.020933074039613,8.397868782928835,0.0,8.70382744862095,8.70382744862095,8.70382744862095,8.70382744862095,8.70382744862095
8400dcc1.qasm,64,success,9.1855849,9.636076013965582,9.73113695434588,0.0,9.683489835507984,9.683489835507984,9.683489835507984,9.683489835507984,9.683489835507984,10.066268840831832,8.526950730262554,0.0,9.26469526985913,9.26469526985913,9.26469526985913,9.26469526985913,9.26469526985913
8400dcc1.qasm,512,success,0.1613232,0.21295240618018568,0.19094401339409856,0.0,0.20164817653025008,0.20164817653025008,0.20164817653025008,0.20164817653025008,0.20164817653025008,14.281349484355147,23.851520185079227,0.013062774958948491,18.4562156331212,18.4562156331212,18.4562156331212,18.4562156331212,18.4562156331212
8422040e.qasm,16,success,0.1669148,0.17955787742752205,0.17955103721052174,0.0,0.1795544572864492,0.1795544572864492,0.1795544572864492,0.1795544572864492,0.1795544572864492,1.523924211097793,1.4049495880806755,0.0,1.4632281751825353,1.4632281751825353,1.4632281751825353,1.4632281751825353,1.4632281751825353
8422040e.qasm,64,success,2.531916,2.1644776131566825,2.6115362083022493,0.0,2.3775221678920904,2.3775221678920904,2.3775221678920904,2.3775221678920904,2.3775221678920904,2.073388498253486,2.192971032310094,0.0,2.13234165071989,2.13234165071989,2.13234165071989,2.13234165071989,2.13234165071989
84fe3fba.qasm,16,success,6.975659199999999,5.155294549627294,5.310200093718344,0.0,5.232174079727903,5.232174079727903,5.232174079727903,5.232174079727903,5.232174079727903,8.254725800222218,10.899752969755173,0.0,9.485487444274371,9.485487444274371,9.485487444274371,9.485487444274371,9.485487444274371
84fe3fba.qasm,64,success,0.3869507,0.4395060491335134,0.3586117735119942,0.0,0.3970038334185438,0.3970038334185438,0.3970038334185438,0.3970038334185438,0.3970038334185438,3.4475726278752314,1.577657885669734,0.0,2.3321857007507973,2.3321857007507973,2.3321857007507973,2.3321857007507973,2.3321857007507973
85317608.qasm,16,success,0.1957883,0.19357440302952358,0.19487557213739623,0.0,0.19422389796709708,0.19422389796709708,0.19422389796709708,0.19422389796709708,0.19422389796709708,0.23053171178676612,0.19792414733228456,0.0,0.21360663025394988,0.21360663025394988,0.21360663025394988,0.21360663025394988,0.21360663025394988
85317608.qasm,64,success,1.2040827,1.0417651685532414,1.3240390401353082,0.0,1.174452107928472,1.174452107928472,1.174452107928472,1.174452107928472,1.174452107928472,0.6890698595063536,1.3338932475854697,0.0,0.9587208314781698,0.9587208314781698,0.9587208314781698,0.9587208314781698,0.9587208314781698
85317608.qasm,512,success,0.1699598,0.20015596482895318,0.20077322886765245,0.0,0.2004643592657538,0.2004643592657538,0.2004643592657538,0.2004643592657538,0.2004643592657538,0.24365554916499896,0.19958668914923458,0.0,0.22052302453639777,0.22052302453639777,0.22052302453639777,0.22052302453639777,0.22052302453639777
85863407.qasm,16,success,1.6870991,1.701215180103846,1.697224308645475,0.0,1.6992185727295173,1.6992185727295173,1.6992185727295173,1.7032305,1.7032305,8.101699618884144,12.403209937656268,0.0,10.024324477232858,10.024324477232858,10.024324477232858,10.024324477232858,10.024324477232858
85863407.qasm,64,success,10.459693000000001,10.526471012552248,10.532921146450938,0.0,10.529695585609986,10.529695585609986,10.529695585609986,10.5206042,10.5206042,9.731618440598057,7.017002527638377,0.0,8.26358222538439,8.26358222538439,8.26358222538439,8.26358222538439,8.26358222538439
85863407.qasm,512,success,408.0020963999999,406.37768381726795,406.2618791885761,0.0,406.3197773772575,406.3197773772575,406.3197773772575,406.11038670000005,406.11038670000005,187.29838335156174,834.2130624635694,0.006396011396011396,395.280606620388,395.280606620388,395.280606620388,395.280606620388,395.280606620388
860cc392.qasm,16,success,1.7032305,1.6993809486644484,1.7093834919269935,0.0,1.7043748825133047,1.7043748825133047,1.7043748825133047,1.690588042411344,1.690588042411344,8.101699618884144,12.413732061911464,0.0,10.02857558753575,10.02857558753575,10.02857558753575,10.02857558753575,10.02857558753575
860cc392.qasm,64,success,10.515155199999999,10.372891407725952,10.462936954734268,0.0,10.417816894020623,10.417816894020623,10.417816894020623,10.520421198408382,10.520421198408382,9.731618440598057,7.017002527638377,0.0,8.26358222538439,8.26358222538439,8.26358222538439,8.26358222538439,8.26358222538439
860cc392.qasm,512,success,406.09597690000015,404.2434645660484,406.698587146957,0.0,405.46916763473257,405.46916763473257,405.46916763473257,406.4141103249186,406.4141103249186,188.73688889230925,834.2130624635694,0.006396011396011396,396.7956376810359,396.7956376810359,396.7956376810359,396.7956376810359,396.7956376810359
86464ad3.qasm,16,success,0.18273949999999997,0.30261828203306373,0.28713614856387565,0.0,0.2947755891996327,0.2947755891996327,0.2947755891996327,0.2947755891996327,0.2947755891996327,0.35574279099439726,0.303231105325106,0.0,0.32843915680787705,0.32843915680787705,0.32843915680787705,0.32843915680787705,0.32843915680787705
86464ad3.qasm,64,success,0.17549750000000003,0.22781140653119278,0.19938804949313318,0.0,0.21312642257716838,0.21312642257716838,0.21312642257716838,0.21312642257716838,0.21312642257716838,0.3440080181192275,0.277028833134267,0.0,0.3087072073152834,0.3087072073152834,0.3087072073152834,0.3087072073152834,0.3087072073152834
86464ad3.qasm,512,success,0.16250770000000003,0.21740288318858178,0.31144621852285526,0.0,0.2602101186830555,0.2602101186830555,0.2602101186830555,0.2602101186830555,0.2602101186830555,0.2923417184040682,0.36463518260523425,0.0,0.32649360770679015,0.32649360770679015,0.32649360770679015,0.32649360770679015,0.32649360770679015
871618c1.qasm,16,success,1.3089816,1.2983688606183779,1.3007201767549321,0.0,1.299543986895648,1.299543986895648,1.299543986895648,1.3014825,1.3014825,5.449047309750887,8.536717302909192,0.0,6.820335508867668,6.820335508867668,6.820335508867668,6.820335508867668,6.820335508867668
871618c1.qasm,64,success,6.5168705,6.582030008624129,6.474158263836389,0.0,6.527871320204849,6.527871320204849,6.527871320204849,6.5001772,6.5001772,5.751144596522097,4.951525652490963,0.0,5.336378922159103,5.336378922159103,5.336378922159103,5.336378922159103,5.336378922159103
871618c1.qasm,512,success,209.71884079999995,208.45823837118155,207.9455485034317,0.0,208.2017356271423,208.2017356271423,208.2017356271423,209.0101838,209.0101838,107.01295945238844,570.5240740319662,0.0030626780626780625,247.09000303734317,247.09000303734317,247.09000303734317,247.09000303734317,247.09000303734317
8732dc00.qasm,16,success,0.1784655,0.1960194443440478,0.18166951749758306,0.0,0.1887081287971652,0.1887081287971652,0.1887081287971652,0.1887081287971652,0.1887081287971652,1.3930749943631926,1.2139478559476766,0.0,1.3004308526721131,1.3004308526721131,1.3004308526721131,1.3004308526721131,1.3004308526721131
8732dc00.qasm,64,success,2.5046016,2.497874385770661,2.659779465576084,0.0,2.5775560127495343,2.5775560127495343,2.5775560127495343,2.5775560127495343,2.5775560127495343,2.1159948359767546,2.9253573284659065,0.0,2.487979300641509,2.487979300641509,2.487979300641509,2.487979300641509,2.487979300641509
8732dc00.qasm,512,success,0.168138,0.215979945382428,0.1869078878353092,0.0,0.20091877813239623,0.20091877813239623,0.20091877813239623,0.20091877813239623,0.20091877813239623,6.009940347547675,4.089139050441739,0.0,4.9573664143356,4.9573664143356,4.9573664143356,4.9573664143356,4.9573664143356
884b47f6.qasm,16,success,7.955765699999999,2.3721964459233664,1.4624873806240404,0.0,1.8626076791756556,1.8626076791756556,1.8626076791756556,1.8626076791756556,1.8626076791756556,0.46933684126690456,0.6731827574111451,0.0,0.5620938257610483,0.5620938257610483,0.5620938257610483,0.5620938257610483,0.5620938257610483
884b47f6.qasm,64,success,0.160642,2.655587923584248,2.360283431824023,0.0,2.5035854644465125,2.5035854644465125,2.5035854644465125,2.5035854644465125,2.5035854644465125,1.0504786817940064,2.5683756974876846,0.0,1.6425662595611248,1.6425662595611248,1.6425662595611248,1.6425662595611248,1.6425662595611248
884b47f6.qasm,512,success,9.740085399999998,8.192183198849902,61.03937261621313,0.0,22.361702144847563,22.361702144847563,22.361702144847563,22.361702144847563,11.180851072423781,0.4339825622544772,0.8680092937147192,0.0,0.6137596413475008,0.6137596413475008,0.6137596413475008,0.6137596413475008,0.6137596413475008
885efe5b.qasm,16,success,1.0773573,1.1805581671258771,1.1765294754139648,0.0,1.1785420998268497,1.1785420998268497,1.1785420998268497,1.2333624181779053,1.2333624181779053,4.01621669120233,4.156381994518295,0.0,4.085698317472451,4.085698317472451,4.085698317472451,4.085698317472451,4.085698317472451
885efe5b.qasm,64,success,3.4264061,3.3896298751489082,3.4211079940799,0.0,3.4053325627380335,3.4053325627380335,3.4053325627380335,3.422902871359712,3.422902871359712,4.726773525746781,3.1564212810577503,0.0,3.86260126694531,3.86260126694531,3.86260126694531,3.86260126694531,3.86260126694531
885efe5b.qasm,512,success,71.9190057,71.15781775310089,72.11883831379645,0.0,71.636716516731,71.636716516731,71.636716516731,72.22929608998372,72.22929608998372,46.27892072041256,324.3110699646168,0.0,122.51027016395274,122.51027016395274,122.51027016395274,122.51027016395274,122.51027016395274
8930abda.qasm,16,success,0.1753091,0.19070875211078048,0.19430222897192947,0.0,0.19249710548364046,0.19249710548364046,0.19249710548364046,0.19249710548364046,0.19249710548364046,2.4290227551614283,3.08462767626622,0.0,2.7372670342608827,2.7372670342608827,2.7372670342608827,2.7372670342608827,2.7372670342608827
8930abda.qasm,64,success,4.584768,4.714950219175504,4.878412870977857,0.0,4.795985178797538,4.795985178797538,4.795985178797538,4.795985178797538,4.795985178797538,3.273420081643093,5.769549367854757,0.0,4.345820838779133,4.345820838779133,4.345820838779133,4.345820838779133,4.345820838779133
8930abda.qasm,512,success,0.17470540000000004,0.1815351226291144,0.19410776705297206,0.0,0.1877162147903714,0.1877162147903714,0.1877162147903714,0.1877162147903714,0.1877162147903714,7.022591478805295,12.209024544073081,0.0033333333333333335,9.25953517881607,9.25953517881607,9.25953517881607,9.25953517881607,9.25953517881607
896404d8.qasm,16,success,5.552108800000001,6.185207146592365,7.022336822458155,0.0,6.590493752371434,6.590493752371434,6.590493752371434,6.590493752371434,6.590493752371434,8.115678471723339,10.429663710652635,0.0,9.200206369634202,9.200206369634202,9.200206369634202,9.200206369634202,9.200206369634202
896404d8.qasm,64,success,0.4324345,0.7513491224046229,0.42014527077584485,0.0,0.5618503185723789,0.5618503185723789,0.5618503185723789,0.5618503185723789,0.5618503185723789,3.394318247528077,1.5292362712284908,0.0,2.278313977530898,2.278313977530898,2.278313977530898,2.278313977530898,2.278313977530898
8a146ce3.qasm,16,success,117.96490089999998,147.99611086451114,122.53280202476151,0.0,134.66394526002802,134.66394526002802,134.66394526002802,134.66394526002802,134.66394526002802,17.16955485463875,230.9015571670778,0.27,62.964092559185254,62.964092559185254,62.964092559185254,62.964092559185254,62.964092559185254
8a146ce3.qasm,64,success,201.1105238000001,185.71301765327587,206.653697326911,0.0,195.90375631872735,195.90375631872735,195.90375631872735,195.90375631872735,195.90375631872735,7.594569259793074,14.24130848684973,0.5088716814159291,14400.0,14400.0,14400.0,14400.0,14400.0
8a1c1c3f.qasm,16,success,0.1880215,0.19442641371500874,0.17769610649342168,0.0,0.18587311994109382,0.18587311994109382,0.18587311994109382,0.18587311994109382,0.18587311994109382,0.23234405815322098,0.18775057476177606,0.0,0.20886055266792428,0.20886055266792428,0.20886055266792428,0.20886055266792428,0.20886055266792428
8a1c1c3f.qasm,64,success,0.2685849,0.30181908615874836,0.3443267772616875,0.0,0.3223730653344188,0.3223730653344188,0.3223730653344188,0.3223730653344188,0.3223730653344188,0.33502813566369866,0.3792710375877169,0.0,0.35646383916780305,0.35646383916780305,0.35646383916780305,0.35646383916780305,0.35646383916780305
8a1c1c3f.qasm,512,success,0.1869095,0.19184409818271053,0.18012816134271986,0.0,0.18589385323378468,0.18589385323378468,0.18589385323378468,0.18589385323378468,0.18589385323378468,0.24233484404526587,0.22148438057402156,0.0,0.2316751666123666,0.2316751666123666,0.2316751666123666,0.2316751666123666,0.2316751666123666
8a2ab626.qasm,16,success,1.7081607,1.7603142216125314,1.7573914799438384,0.0,1.7588522436764926,1.7588522436764926,1.7588522436764926,1.7815141,1.7815141,7.2279775986609085,12.26660801156372,0.0,9.416090904358189,9.416090904358189,9.416090904358189,9.416090904358189,9.416090904358189
8a2ab626.qasm,64,success,12.2454582,12.48274234990722,12.26373336677097,0.0,12.372753285561066,12.372753285561066,12.372753285561066,12.223726400000002,12.223726400000002,9.539778942276591,7.897464609742299,0.0,8.679865585445098,8.679865585445098,8.679865585445098,8.679865585445098,8.679865585445098
8a2ab626.qasm,512,success,465.39449480000013,498.85594028299744,476.12258595507745,0.0,487.3567279792005,487.3567279792005,487.3567279792005,464.4622878000001,464.4622878000001,183.96527763833186,812.1819701936355,0.006396011396011396,386.54014233908424,386.54014233908424,386.54014233908424,386.54014233908424,386.54014233908424
8b77bf87.qasm,16,success,0.30872999999999995,0.32131257593487034,0.3223304074656344,0.0,0.32182108931037967,0.32182108931037967,0.32182108931037967,0.32182108931037967,0.32182108931037967,14.398082062272193,8.813049787676224,0.0,11.264591162658892,11.264591162658892,11.264591162658892,11.264591162658892,11.264591162658892
8b77bf87.qasm,64,success,10.140678399999999,7.53258773666437,9.478458735838284,0.0,8.449693606046003,8.449693606046003,8.449693606046003,8.449693606046003,8.449693606046003,14.32881138513865,12.06871877464739,0.0,13.150300186011123,13.150300186011123,13.150300186011123,13.150300186011123,13.150300186011123
8b77bf87.qasm,512,success,0.2988881,0.3154887513771008,0.30761582952150457,0.00304029304029304,0.31152742087907864,0.31152742087907864,0.31152742087907864,0.31152742087907864,0.31152742087907864,19.719920194132126,22.019929272831583,0.009821268990169794,20.838216045061845,20.838216045061845,20.838216045061845,20.838216045061845,20.838216045061845
8bd576fc.qasm,16,success,5.323393299999999,5.392599765692462,5.887073481463207,0.0,5.634414883264526,5.634414883264526,5.634414883264526,5.634414883264526,5.634414883264526,2.251929165210435,1.8338580970960103,0.0,2.0321708918562473,2.0321708918562473,2.0321708918562473,2.0321708918562473,2.0321708918562473
8bd576fc.qasm,64,success,13.2989912,2.8594407573672087,3.1916384899277386,0.0,3.020976858713305,3.020976858713305,3.020976858713305,3.020976858713305,3.020976858713305,4.989969393575128,7.035844320855717,0.0,5.925255084722464,5.925255084722464,5.925255084722464,5.925255084722464,5.925255084722464
8bd576fc.qasm,512,success,1464.9315561000008,1173.3047988306807,1451.015918858178,0.0,1304.7926811474733,1304.7926811474733,1304.7926811474733,1304.7926811474733,1304.7926811474733,106.69483230189208,357.6053702286135,0.0031550802139037435,195.33214022991174,195.33214022991174,195.33214022991174,195.33214022991174,195.33214022991174
8c01a935.qasm,16,success,2.698982,2.77131635418936,2.6765790591599345,0.0,2.723535812125608,2.723535812125608,2.723535812125608,2.723535812125608,2.723535812125608,3.162979703800082,9.61932682779228,0.0,5.515952820730667,5.515952820730667,5.515952820730667,5.515952820730667,5.515952820730667
8c01a935.qasm,64,success,14.733067500000002,9.332458127433004,13.555022668721332,0.0,11.247296629512666,11.247296629512666,11.247296629512666,11.247296629512666,11.247296629512666,3.5976712671683204,4.969440554363238,0.0,4.22828730059035,4.22828730059035,4.22828730059035,4.22828730059035,4.22828730059035
8c01a935.qasm,512,success,483.89700409999983,349.954418749308,337.84795748022475,0.0,343.84791054423044,343.84791054423044,343.84791054423044,343.84791054423044,343.84791054423044,53.19587425758013,118.23530917248222,0.0,79.3071916004184,79.3071916004184,79.3071916004184,79.3071916004184,79.3071916004184
8d5010bc.qasm,16,success,0.21662629999999997,0.2185695535571494,0.20681278182184448,0.0,0.21260991837803025,0.21260991837803025,0.21260991837803025,0.21260991837803025,0.21260991837803025,0.3210340745086939,0.2120541573143111,0.0,0.2609149480944334,0.2609149480944334,0.2609149480944334,0.2609149480944334,0.2609149480944334
8d5010bc.qasm,64,success,0.1708347,0.22717959186867667,0.353133910100953,0.0,0.2832398587270592,0.2832398587270592,0.2832398587270592,0.2832398587270592,0.2832398587270592,0.42293711032006914,0.42515447521773075,0.0,0.4240443434220441,0.4240443434220441,0.4240443434220441,0.4240443434220441,0.4240443434220441
8d5010bc.qasm,512,success,0.2035061,0.22250958337913604,0.48845594901138756,0.0,0.3296757948554676,0.3296757948554676,0.3296757948554676,0.3296757948554676,0.3296757948554676,0.2723064444599395,0.3818940168703533,0.0,0.3224782192559523,0.3224782192559523,0.3224782192559523,0.3224782192559523,0.3224782192559523
8d9d4033.qasm,16,success,1.0986492,1.0805108821331368,1.0946490268408084,0.0,1.0875569804005405,1.0875569804005405,1.0875569804005405,1.0960489,1.0960489,3.1643913729221107,3.799533754716513,0.0,3.467450336277549,3.467450336277549,3.467450336277549,3.467450336277549,3.467450336277549
8d9d4033.qasm,64,success,2.5595098,2.5618312926715965,2.567354069787022,0.0,2.5645911945860242,2.5645911945860242,2.5645911945860242,2.5658197,2.5658197,3.293673857481939,1.5725613045845508,0.0,2.2758523805813566,2.2758523805813566,2.2758523805813566,2.2758523805813566,2.2758523805813566
8d9d4033.qasm,512,success,34.40687870000001,34.264433514309076,34.515217694477435,0.0,34.3895970014818,34.3895970014818,34.3895970014818,34.452299200000006,34.452299200000006,39.32111049575651,319.7975098213364,0.0,112.13738546957727,112.13738546957727,112.13738546957727,112.13738546957727,112.13738546957727
8e84b85a.qasm,16,success,0.18267619999999998,0.19517423559637945,0.18973089261874163,0.0,0.19243331815431977,0.19243331815431977,0.19243331815431977,0.19243331815431977,0.19243331815431977,0.20677715999596272,0.2241559953829014,0.0,0.21529129132722596,0.21529129132722596,0.21529129132722596,0.21529129132722596,0.21529129132722596
8e84b85a.qasm,64,success,0.1524136,0.20673117607743063,0.19255097087301737,0.0,0.19951513392078798,0.19951513392078798,0.19951513392078798,0.19951513392078798,0.19951513392078798,0.22020650765160604,0.25891371656161577,0.0,0.23877706193671785,0.23877706193671785,0.23877706193671785,0.23877706193671785,0.23877706193671785
8e84b85a.qasm,512,success,0.1863533,0.18896851141603688,0.18984246750962486,0.0,0.18940498538539358,0.18940498538539358,0.18940498538539358,0.18940498538539358,0.18940498538539358,0.20377199844065566,0.28450591414190085,0.0,0.2407786092926046,0.2407786092926046,0.2407786092926046,0.2407786092926046,0.2407786092926046
8e9564e3.qasm,16,success,1.4540433,1.4536797402658523,1.449014161467514,0.0,1.451345076087571,1.451345076087571,1.451345076087571,1.45512700589515,1.45512700589515,6.665146015908297,10.533734543724842,0.0,8.379073864499778,8.379073864499778,8.379073864499778,8.379073864499778,8.379073864499778
8e9564e3.qasm,64,success,8.4504558,8.399876565260008,8.505190584189375,0.0,8.4523695536342,8.4523695536342,8.4523695536342,8.45876186844427,8.45876186844427,7.775695440112366,6.548459661972919,0.0,7.135742983975991,7.135742983975991,7.135742983975991,7.135742983975991,7.135742983975991
8e9564e3.qasm,512,success,307.52745439999995,308.63623788145986,311.1566556906353,0.0,309.89388442519225,309.89388442519225,309.89388442519225,310.86146736716245,310.86146736716245,143.0497316390327,732.9396617106421,0.006396011396011396,323.80058973897945,323.80058973897945,323.80058973897945,323.80058973897945,323.80058973897945
8f4e1b64.qasm,16,success,11.0098067,16.492519376402885,15.475339002922071,0.0,15.975835764118745,15.975835764118745,15.975835764118745,15.975835764118745,15.975835764118745,8.4540024204391,40.97932158369188,0.0,18.6128795154453,18.6128795154453,18.6128795154453,18.6128795154453,18.6128795154453
8f4e1b64.qasm,64,success,0.5562086,13.422037385705945,20.829226173678578,0.0,16.72036639605839,16.72036639605839,16.72036639605839,16.72036639605839,16.72036639605839,2.3442955164921595,1.047771460149134,0.03991150442477876,1.567254266651094,1.567254266651094,1.567254266651094,1.567254266651094,1.567254266651094
8f564e3e.qasm,16,success,1.9908197,2.003352964334499,1.9953399861155445,0.0,1.9993424609205235,1.9993424609205235,1.9993424609205235,2.0034439782586313,2.0034439782586313,10.770714267487378,15.355501218442146,0.0,12.860393308833698,12.860393308833698,12.860393308833698,12.860393308833698,12.860393308833698
8f564e3e.qasm,64,success,15.576776499999996,14.452228776091175,15.225736123133796,0.0,14.833941544172443,14.833941544172443,14.833941544172443,15.455172586794719,15.455172586794719,14.761358552826255,9.407672948969342,0.0,11.784313028236344,11.784313028236344,11.784313028236344,11.784313028236344,11.784313028236344
8f564e3e.qasm,512,success,689.9786613999997,696.3359309797816,698.8230939634334,0.0,697.5784039985747,697.5784039985747,697.5784039985747,697.2979107982289,697.2979107982289,368.542672567036,1000.1738740546247,0.009588290534838418,607.1299305550807,607.1299305550807,607.1299305550807,607.1299305550807,607.1299305550807
8f8fbcbd.qasm,16,success,712.1879557000002,766.4976064124767,785.1144341113178,0.0032101616628175517,775.7501753181953,775.7501753181953,775.7501753181953,775.7501753181953,775.7501753181953,44.81172589737228,33.594434349285045,0.27,38.79980133631394,38.79980133631394,38.79980133631394,38.79980133631394,38.79980133631394
8f8fbcbd.qasm,64,success,1437.2253333000003,721.820187953305,844.4781585948642,0.0,780.744121437623,780.744121437623,780.744121437623,780.744121437623,780.744121437623,24.368488817403247,73.84877284463197,0.44235250737463117,14400.0,14400.0,14400.0,14400.0,14400.0
8fb9e9ac.qasm,16,success,0.1811224,0.9235255558464532,0.490046679329878,0.0,0.6727337005969258,0.6727337005969258,0.6727337005969258,0.6727337005969258,0.6727337005969258,6.495041793547221,2.8479504233409663,0.009804347826086956,4.300878634133969,4.300878634133969,4.300878634133969,4.300878634133969,4.300878634133969
8fb9e9ac.qasm,64,success,0.5304693,1.0372958869664108,0.7443935826949638,0.0,0.8787243035296547,0.8787243035296547,0.8787243035296547,0.8787243035296547,0.8787243035296547,1.8732838715371751,0.7983434954252333,0.0,1.222916184342452,1.222916184342452,1.222916184342452,1.222916184342452,1.222916184342452
8fb9e9ac.qasm,512,success,0.1635519,1.7086293871480005,0.6594173062466857,0.0,1.061461157012851,1.061461157012851,1.061461157012851,1.061461157012851,0.5307305785064255,50.912812934164705,12.454843874403197,0.0,25.181563420520924,25.181563420520924,25.181563420520924,25.181563420520924,12.590781710260462
9143d50f.qasm,16,success,0.1758806,0.216696250898285,0.224042257539271,0.003270735524256651,0.2203386422113653,0.2203386422113653,0.2203386422113653,0.2203386422113653,0.2203386422113653,10.608710895587762,14.020179600818018,0.01977391999374781,12.19573827569678,12.19573827569678,12.19573827569678,12.19573827569678,12.19573827569678
9143d50f.qasm,64,success,2.8306142,2.0794328384226337,2.1450479553624833,0.0,2.1119855961563934,2.1119855961563934,2.1119855961563934,2.1119855961563934,2.1119855961563934,7.498707842249503,5.0982959750916,0.0,6.183092431019323,6.183092431019323,6.183092431019323,6.183092431019323,6.183092431019323
9143d50f.qasm,512,success,0.17785990000000002,0.21097667964759065,0.22608393545502437,0.0,0.21839972075064848,0.21839972075064848,0.21839972075064848,0.21839972075064848,0.21839972075064848,18.954145759411187,15.095584748903196,0.016487935656836462,16.915197712538145,16.915197712538145,16.915197712538145,16.915197712538145,16.915197712538145
917fa943.qasm,16,success,1.7270749,1.4398971336974327,0.9840783774855377,0.0,1.1903661768863587,1.1903661768863587,1.1903661768863587,1.1903661768863587,1.1903661768863587,0.28919620878170527,0.3804407366241489,0.0,0.3316956718105063,0.3316956718105063,0.3316956718105063,0.3316956718105063,0.3316956718105063
917fa943.qasm,64,success,0.6866674,0.48024681679964015,0.31847520779457267,0.0,0.39108401242309493,0.39108401242309493,0.39108401242309493,0.39108401242309493,0.39108401242309493,0.9472492592425797,2.25772689754705,0.0,1.4624055973885939,1.4624055973885939,1.4624055973885939,1.4624055973885939,1.4624055973885939
917fa943.qasm,512,success,166.3146686,2.618630628511029,5.397308787669193,0.0,3.759462475264553,3.759462475264553,3.759462475264553,3.759462475264553,3.759462475264553,0.30209551677817315,0.6443145074237786,0.0,0.4411853625040845,0.4411853625040845,0.4411853625040845,0.4411853625040845,0.4411853625040845
92f98bb3.qasm,16,success,0.4699449,0.47489205921606503,0.47861213340272457,0.0,0.47674846785009584,0.47674846785009584,0.47674846785009584,0.46926237109579755,0.46926237109579755,0.9449751759442863,1.1682035619743754,0.0,1.0506775749560266,1.0506775749560266,1.0506775749560266,1.0506775749560266,1.0506775749560266
92f98bb3.qasm,64,success,0.345261,0.34104002906354763,0.347505608925884,0.0,0.3442576403913634,0.3442576403913634,0.3442576403913634,0.3410451012813408,0.3410451012813408,0.7407120080783944,0.5003771317920821,0.0,0.6087982835769337,0.6087982835769337,0.6087982835769337,0.6087982835769337,0.6087982835769337
92f98bb3.qasm,512,success,0.3467309,0.3466028246113571,0.34325706910266385,0.0,0.3449258901833829,0.3449258901833829,0.3449258901833829,0.3414107400585254,0.3414107400585254,0.8186199452032049,1.0910454948981634,0.0,0.9450669834714035,0.9450669834714035,0.9450669834714035,0.9450669834714035,0.9450669834714035
933b305c.qasm,16,success,1.8488212,1.829118962790695,1.8602354020314154,0.0,1.8446115713369668,1.8446115713369668,1.8446115713369668,1.8446115713369668,1.8446115713369668,8.948949469396144,13.015410069681915,0.0,10.792323523553822,10.792323523553822,10.792323523553822,10.792323523553822,10.792323523553822
933b305c.qasm,64,success,10.668987299999998,10.523233982620653,10.685069181632931,0.0,10.60384284676137,10.60384284676137,10.60384284676137,10.60384284676137,10.60384284676137,11.671640152525637,7.246448029093109,0.0,9.196626217236046,9.196626217236046,9.196626217236046,9.196626217236046,9.196626217236046
933b305c.qasm,512,success,433.02179139999976,436.6902262056283,438.87503468069826,0.0,437.7812674963572,437.7812674963572,437.7812674963572,437.7812674963572,437.7812674963572,270.1506305131917,865.7522811476972,0.006396011396011396,483.6150583059678,483.6150583059678,483.6150583059678,483.6150583059678,483.6150583059678
93865be7.qasm,16,success,0.1846872,0.22932008307032,0.24564124423165992,0.0,0.2373404106609345,0.2373404106609345,0.2373404106609345,0.2373404106609345,0.2373404106609345,0.25759621020910906,0.2289740096765577,0.0,0.24286382424944464,0.24286382424944464,0.24286382424944464,0.24286382424944464,0.24286382424944464
93865be7.qasm,64,success,0.2199938,0.28889350358568233,0.26583694317626616,0.0,0.2771255417616707,0.2771255417616707,0.2771255417616707,0.2771255417616707,0.2771255417616707,0.5129534856173353,0.6660422844053937,0.0,0.5845072380683402,0.5845072380683402,0.5845072380683402,0.5845072380683402,0.5845072380683402
9395edc6.qasm,16,success,8.2267604,1.6323597363995086,1.7415217596256187,0.0,1.68605753178131,1.68605753178131,1.68605753178131,1.68605753178131,1.68605753178131,0.6561977695892497,0.6461209245025112,0.0,0.6511398540586284,0.6511398540586284,0.6511398540586284,0.6511398540586284,0.6511398540586284
9395edc6.qasm,64,success,3.4462506000000004,1.2944080784442116,0.542315222766728,0.0,0.8378407995630941,0.8378407995630941,0.8378407995630941,0.8378407995630941,0.8378407995630941,0.5859707724054777,0.5454032561239613,0.0,0.5653232413968315,0.5653232413968315,0.5653232413968315,0.5653232413968315,0.5653232413968315
9395edc6.qasm,512,success,8.1534394,1.2514074134625008,0.5506555477292928,0.0,0.8301171210694855,0.8301171210694855,0.8301171210694855,0.8301171210694855,0.8301171210694855,0.4645640254534734,0.6441326957655807,0.0,0.5470291382285368,0.5470291382285368,0.5470291382285368,0.5470291382285368,0.5470291382285368
93c78575.qasm,16,success,2.2330659,2.2477768402608698,2.2373431262427355,0.0,2.2425539152683203,2.2425539152683203,2.2425539152683203,2.240148,2.240148,10.603647501005035,15.141917108602396,0.0,12.67120955193533,12.67120955193533,12.67120955193533,12.67120955193533,12.67120955193533
93c78575.qasm,64,success,13.131851600000001,13.094474029452174,13.05847626855522,0.0,13.076462761879213,13.076462761879213,13.076462761879213,13.079453599999999,13.079453599999999,13.555189191359858,8.336833932860884,0.0,10.63049204961266,10.63049204961266,10.63049204961266,10.63049204961266,10.63049204961266
93c78575.qasm,512,success,575.9143289000002,539.6792743562736,551.4330300947723,0.0,545.524497651231,545.524497651231,545.524497651231,562.6930221000001,562.6930221000001,333.3087629664964,991.7242752102981,0.009588290534838418,574.9351192736357,574.9351192736357,574.9351192736357,574.9351192736357,574.9351192736357
9429600a.qasm,16,success,2.1292974,2.1133345376876047,2.104987699624744,0.0,2.109156989658321,2.109156989658321,2.109156989658321,2.1233068,2.1233068,9.880795481426928,13.71580966996107,0.0,11.641439353063829,11.641439353063829,11.641439353063829,11.641439353063829,11.641439353063829
9429600a.qasm,64,success,12.183755600000001,11.972233256169659,12.140255273398937,0.0,12.05595155608116,12.05595155608116,12.05595155608116,12.139482200000002,12.139482200000002,11.934112603913636,8.013885321845153,0.0,9.779499467035658,9.779499467035658,9.779499467035658,9.779499467035658,9.779499467035658
9429600a.qasm,512,success,496.7916787999999,495.1730729487746,495.3036806471643,0.0,495.2383724923737,495.2383724923737,495.2383724923737,495.0731022999998,495.0731022999998,288.88285455025215,935.6479649703718,0.006396011396011396,519.8967733836932,519.8967733836932,519.8967733836932,519.8967733836932,519.8967733836932
94f4e26a.qasm,16,success,2.5668699,2.5902601816568374,2.565704543340171,0.0,2.5779531253516,2.5779531253516,2.5779531253516,2.6050772,2.6050772,10.376367283912943,15.703863202826138,0.0,12.765149915643354,12.765149915643354,12.765149915643354,12.765149915643354,12.765149915643354
94f4e26a.qasm,64,success,18.503752099999996,18.356109884629007,18.38883598578656,0.0,18.3724656485056,18.3724656485056,18.3724656485056,18.3950709,18.3950709,13.023014596034022,10.524307069545022,0.0,11.707186023115412,11.707186023115412,11.707186023115412,11.707186023115412,11.707186023115412
94f4e26a.qasm,512,success,704.7077987999999,700.0884460617968,710.473710246811,0.0,705.2619625177937,705.2619625177937,705.2619625177937,708.6173386,708.6173386,216.8834884633256,1040.4235965268974,0.009588290534838418,475.02705090795945,475.02705090795945,475.02705090795945,475.02705090795945,475.02705090795945
950704f2.qasm,16,success,11.708849200000001,52.4421780525416,90.36805097186685,0.0,68.84110268820365,68.84110268820365,68.84110268820365,68.84110268820365,68.84110268820365,4.181114597359072,5.48339152980167,0.016333333333333335,4.788182156966133,4.788182156966133,4.788182156966133,4.788182156966133,4.788182156966133
950704f2.qasm,64,success,2.5663469,6.491716520753948,5.015019963693805,0.0,5.705794243593256,5.705794243593256,5.705794243593256,5.705794243593256,5.705794243593256,5.355214825541272,9.20617218681094,0.0,7.021469203898546,7.021469203898546,7.021469203898546,7.021469203898546,7.021469203898546
950704f2.qasm,512,success,11.827260099999998,68.88356695913514,90.08668939999906,0.003199233716475096,78.77494843801324,78.77494843801324,78.77494843801324,78.77494843801324,78.77494843801324,26.534464120038173,406.5717276228399,0.03160509242921904,103.86608165724836,103.86608165724836,103.86608165724836,103.86608165724836,103.86608165724836
954ad251.qasm,16,success,0.19984290000000002,0.17867655416480335,0.18359121673905066,0.0,0.1811172161387678,0.1811172161387678,0.1811172161387678,0.1811172161387678,0.1811172161387678,0.1962361434570989,0.19440801900451474,0.0,0.19531994241904835,0.19531994241904835,0.19531994241904835,0.19531994241904835,0.19531994241904835
954ad251.qasm,64,success,0.17667839999999999,0.17495577229615034,0.17478740739460702,0.0,0.17487156958283795,0.17487156958283795,0.17487156958283795,0.17487156958283795,0.17487156958283795,0.26782421001551815,0.3833527422944334,0.0,0.3204233845434648,0.3204233845434648,0.3204233845434648,0.3204233845434648,0.3204233845434648
954ad251.qasm,512,success,0.18874259999999998,0.1749567254656946,0.19559025870851338,0.0,0.18498602973367895,0.18498602973367895,0.18498602973367895,0.18498602973367895,0.18498602973367895,0.20492138504008717,0.2446234303771836,0.0,0.2238941092707662,0.2238941092707662,0.2238941092707662,0.2238941092707662,0.2238941092707662
957c248b.qasm,16,success,0.1746251,3.653845748502119,4.69026561449867,0.0,4.139747223548999,4.139747223548999,4.139747223548999,4.139747223548999,4.139747223548999,1.1550032088862914,2.1566864297697466,0.0,1.578283797973475,1.578283797973475,1.578283797973475,1.578283797973475,1.578283797973475
957c248b.qasm,64,success,0.2911975,0.609696162269652,0.5775498752086482,0.0,0.5934053778270207,0.5934053778270207,0.5934053778270207,0.5934053778270207,0.5934053778270207,1.2620075872166077,1.0539866831808027,0.0,1.1533166048399024,1.1533166048399024,1.1533166048399024,1.1533166048399024,1.1533166048399024
957c248b.qasm,512,success,0.1866839,4.190863502624026,4.674742528779522,0.0,4.42619564050511,4.42619564050511,4.42619564050511,4.42619564050511,4.42619564050511,7.043372731118582,33.91011491387727,0.0,15.45450027317288,15.45450027317288,15.45450027317288,15.45450027317288,15.45450027317288
964382be.qasm,16,success,2.6285394,2.5651156288072143,2.5704720119726057,0.0,2.5677924237216794,2.5677924237216794,2.5677924237216794,2.5668699,2.5668699,10.38561821770303,15.72942694174796,0.0,12.781229322731303,12.781229322731303,12.781229322731303,12.781229322731303,12.781229322731303
964382be.qasm,64,success,18.324990700000004,18.424264753960184,18.42737333202717,0.0,18.425818977438535,18.425818977438535,18.425818977438535,18.3950709,18.3950709,12.942895227286378,10.504247884750175,0.0,11.659990558047898,11.659990558047898,11.659990558047898,11.659990558047898,11.659990558047898
964382be.qasm,512,success,696.1004410999997,674.7120355142484,661.5407833620026,0.0,668.0939518644569,668.0939518644569,668.0939518644569,704.7077987999999,704.7077987999999,216.8834884633256,1039.6676655142646,0.009588290534838418,474.8544515314728,474.8544515314728,474.8544515314728,474.8544515314728,474.8544515314728
965eb08c.qasm,16,success,1.6469743,1.6692162357888838,1.663043941137272,0.0,1.6661272302488388,1.6661272302488388,1.6661272302488388,1.6637489572328452,1.6637489572328452,7.108867690690212,11.372908188562137,0.0,8.991579370213863,8.991579370213863,8.991579370213863,8.991579370213863,8.991579370213863
965eb08c.qasm,64,success,9.5513858,9.45218124254009,9.480326934635745,0.0,9.46624362800322,9.46624362800322,9.46624362800322,9.485581919882101,9.485581919882101,8.526517641822348,6.716520519641876,0.0,7.567597419418416,7.567597419418416,7.567597419418416,7.567597419418416,7.567597419418416
965eb08c.qasm,512,success,354.3248175000001,343.5753196014077,344.18626916554234,0.0,343.880658704393,343.880658704393,343.880658704393,344.16387549241,344.16387549241,152.27747697208184,791.2776991925375,0.006396011396011396,347.12212781283966,347.12212781283966,347.12212781283966,347.12212781283966,347.12212781283966
96876fa5.qasm,16,success,8.5948081,24.777168449577236,14.684892737472596,0.05302265204127995,19.074854154628074,19.074854154628074,19.074854154628074,19.074854154628074,19.074854154628074,15.490301421932415,17.4721069025889,0.016518046709129514,16.451389071969825,16.451389071969825,16.451389071969825,16.451389071969825,16.451389071969825
96876fa5.qasm,64,success,0.9619184,10.096378574776725,5.141552820634799,0.0,7.204933291803611,7.204933291803611,7.204933291803611,7.204933291803611,7.204933291803611,12.358249617944148,10.61838338375661,0.0,11.455332050861493,11.455332050861493,11.455332050861493,11.455332050861493,11.455332050861493
96876fa5.qasm,512,success,7.9138945,14.39881452744462,5.5936173035053605,0.022873563218390805,8.974489294142513,8.974489294142513,8.974489294142513,8.974489294142513,8.974489294142513,28.425950695022795,13.036565664208402,0.009228685967816402,19.25037071859176,19.25037071859176,19.25037071859176,19.25037071859176,19.25037071859176
96f82da7.qasm,16,success,0.17470950000000002,0.5074365693557581,0.28820014276277367,0.0,0.38241769275411613,0.38241769275411613,0.38241769275411613,0.38241769275411613,0.38241769275411613,14.400408197383852,32.8319215869248,0.009869565217391303,21.74380538811492,21.74380538811492,21.74380538811492,21.74380538811492,21.74380538811492
96f82da7.qasm,64,success,2.1292088,2.2370283791361856,2.6368965930075383,0.0,2.4287471073385523,2.4287471073385523,2.4287471073385523,2.4287471073385523,2.4287471073385523,12.322963267645571,8.522600124900242,0.0,10.248106570678175,10.248106570678175,10.248106570678175,10.248106570678175,10.248106570678175
96f82da7.qasm,512,success,0.1789396,1.0757597758650272,0.41436952841752783,0.0,0.6676541552448668,0.6676541552448668,0.6676541552448668,0.6676541552448668,0.6676541552448668,27.084807572621937,35.29823303626556,0.006487935656836461,30.919991097036544,30.919991097036544,30.919991097036544,30.919991097036544,30.919991097036544
981d8651.qasm,16,success,0.17745339999999998,0.17837695340788942,0.1797690647383066,0.0,0.1790716562859817,0.1790716562859817,0.1790716562859817,0.1790716562859817,0.1790716562859817,3.6475173553121403,4.237882327645046,0.0,3.9316344361926525,3.9316344361926525,3.9316344361926525,3.9316344361926525,3.9316344361926525
981d8651.qasm,64,success,4.6828124,4.435816755890813,4.78098614952876,0.0,4.605168669197859,4.605168669197859,4.605168669197859,4.605168669197859,4.605168669197859,4.060630534965947,4.398947214101205,0.0,4.226405018367589,4.226405018367589,4.226405018367589,4.226405018367589,4.226405018367589
981d8651.qasm,512,success,0.17061470000000004,0.17543315524568862,0.1750142679093976,0.0,0.17522358640422778,0.17522358640422778,0.17522358640422778,0.17522358640422778,0.17522358640422778,7.124636930339555,16.650882648355726,0.0,10.891808547675875,10.891808547675875,10.891808547675875,10.891808547675875,10.891808547675875
9a442b56.qasm,16,success,9.1980982,6.120533836480375,6.905011148069406,0.0,6.500950266925059,6.500950266925059,6.500950266925059,6.500950266925059,6.500950266925059,6.0373519172590004,5.659252062729512,0.0,5.845245614272507,5.845245614272507,5.845245614272507,5.845245614272507,5.845245614272507
9a442b56.qasm,64,success,1.1185776,0.48305043367575795,0.41052348071453487,0.0,0.4453128623712072,0.4453128623712072,0.4453128623712072,0.4453128623712072,0.4453128623712072,4.193898877173943,3.943535181645013,0.0,4.066790844191149,4.066790844191149,4.066790844191149,4.066790844191149,4.066790844191149
9c6b6510.qasm,16,success,0.2886272,0.9122381957237538,0.5915376640837606,0.009905882352941176,0.7345905331451078,0.7345905331451078,0.7345905331451078,0.7345905331451078,0.7345905331451078,17.388258539260544,29.32388796882522,0.033202898550724634,22.58077379936845,22.58077379936845,22.58077379936845,22.58077379936845,22.58077379936845
9c6b6510.qasm,64,success,2.4669897,2.3397651954756613,2.972648166441816,0.0,2.637290033014022,2.637290033014022,2.637290033014022,2.637290033014022,2.637290033014022,18.86979369645713,5.357251175592021,0.0,10.054363453920088,10.054363453920088,10.054363453920088,10.054363453920088,10.054363453920088
9c6b6510.qasm,512,success,0.2779434,1.6799093389121966,0.5886882765668597,0.0033333333333333335,0.994456099339128,0.994456099339128,0.994456099339128,0.994456099339128,0.994456099339128,534.6209427508252,92.14014325510102,0.029303267412061386,221.94605257187655,221.94605257187655,221.94605257187655,221.94605257187655,221.94605257187655
9ccf974e.qasm,16,success,0.3430253,0.23577000027760056,0.6198231872445915,0.0,0.3822770108556367,0.3822770108556367,0.3822770108556367,0.3822770108556367,0.3822770108556367,0.24109719738046625,0.21083377671597053,0.0,0.2254582725902057,0.2254582725902057,0.2254582725902057,0.2254582725902057,0.2254582725902057
9ccf974e.qasm,64,success,0.17092409999999997,0.21119668269887532,0.20070349762736364,0.0,0.205883250666393,0.205883250666393,0.205883250666393,0.205883250666393,0.205883250666393,0.2891080868313348,0.2852630167034366,0.0,0.2871791165855652,0.2871791165855652,0.2871791165855652,0.2871791165855652,0.2871791165855652
9d76010e.qasm,16,success,0.1707674,0.18104508679329598,0.17987110023651398,0.0,0.18045713882782616,0.18045713882782616,0.18045713882782616,0.18045713882782616,0.18045713882782616,1.8500701694508368,1.8375186960072922,0.0,1.8437837523124265,1.8437837523124265,1.8437837523124265,1.8437837523124265,1.8437837523124265
9d76010e.qasm,64,success,3.0336689,2.6193124518538533,2.8718298475514046,0.0,2.7426665271769637,2.7426665271769637,2.7426665271769637,2.7426665271769637,2.7426665271769637,2.374594948557826,2.5046112339807713,0.0,2.438736800950837,2.438736800950837,2.438736800950837,2.438736800950837,2.438736800950837
9d76010e.qasm,512,success,0.1692022,0.18036788520501404,0.1776016222745593,0.0,0.17897940948232563,0.17897940948232563,0.17897940948232563,0.17897940948232563,0.17897940948232563,3.375616860517919,5.595185280876551,0.0,4.345940838512251,4.345940838512251,4.345940838512251,4.345940838512251,4.345940838512251
9d7cbc78.qasm,16,success,0.4762271,0.47534554586550964,0.5154777854800127,0.0,0.49500512049931433,0.49500512049931433,0.49500512049931433,0.4661569336474038,0.4661569336474038,0.9449751759442863,1.1680605097849186,0.0,1.0506132427052195,1.0506132427052195,1.0506132427052195,1.0506132427052195,1.0506132427052195
9d7cbc78.qasm,64,success,0.3512017,0.34223223430316874,0.34078168973168205,0.0,0.3415061918713667,0.3415061918713667,0.3415061918713667,0.3410451012813408,0.3410451012813408,0.7407120080783944,0.5044814427032573,0.0,0.6112899986610407,0.6112899986610407,0.6112899986610407,0.6112899986610407,0.6112899986610407
9d7cbc78.qasm,512,success,0.3497272,0.33791444205875076,0.3420168682478989,0.0,0.3399594670084509,0.3399594670084509,0.3399594670084509,0.3414107400585254,0.3414107400585254,0.8186199452032049,1.0911301113338523,0.0,0.9451036302700805,0.9451036302700805,0.9451036302700805,0.9451036302700805,0.9451036302700805
9d7e60b6.qasm,16,success,0.18949259999999998,0.1914403358030003,0.18365155641133096,0.0,0.18750550826610096,0.18750550826610096,0.18750550826610096,0.18750550826610096,0.18750550826610096,8.314329922752105,13.82482960059801,0.01980620653982713,10.721203030686484,10.721203030686484,10.721203030686484,10.721203030686484,10.721203030686484
9d7e60b6.qasm,64,success,2.0476432,1.7912938683619493,2.613250821968965,0.0,2.1635850281153344,2.1635850281153344,2.1635850281153344,2.1635850281153344,2.1635850281153344,5.8952059174132865,4.017119417070963,0.0,4.866389437609012,4.866389437609012,4.866389437609012,4.866389437609012,4.866389437609012
9d7e60b6.qasm,512,success,0.17087999999999998,0.19016940627232676,0.18121487534895533,0.0,0.18563815678040044,0.18563815678040044,0.18563815678040044,0.18563815678040044,0.18563815678040044,17.837114635483495,15.801959478269191,0.013333333333333334,16.788727250126865,16.788727250126865,16.788727250126865,16.788727250126865,16.788727250126865
9e3be92a.qasm,16,success,90.3924556,12.20252399124182,11.708849200000216,0.0,11.953138218594946,11.953138218594946,11.953138218594946,11.953138218594946,11.953138218594946,4.181114597359072,5.48339152980167,0.016333333333333335,4.788182156966133,4.788182156966133,4.788182156966133,4.788182156966133,4.788182156966133
9e3be92a.qasm,64,success,5.0076162,3.0375149447086836,2.566346899999989,0.0,2.792009502501159,2.792009502501159,2.792009502501159,2.792009502501159,2.792009502501159,5.355214825541272,9.20617218681094,0.0,7.021469203898546,7.021469203898546,7.021469203898546,7.021469203898546,7.021469203898546
9e3be92a.qasm,512,success,90.08668939999998,16.95875447828528,11.82726009999992,0.0,14.162471542309214,14.162471542309214,14.162471542309214,14.162471542309214,14.162471542309214,26.534464120038173,406.5717276228399,0.03160509242921904,103.86608165724836,103.86608165724836,103.86608165724836,103.86608165724836,103.86608165724836
9ea3bed5.qasm,16,success,3.9805098,4.157427632829645,3.739245859746593,0.0,3.942796477533976,3.942796477533976,3.942796477533976,3.942796477533976,3.942796477533976,7.6735434163032865,9.577062604875774,0.0,8.572631200464004,8.572631200464004,8.572631200464004,8.572631200464004,8.572631200464004
9ea3bed5.qasm,64,success,3.8935624,4.167517670043315,2.34383921705177,0.0,3.12537859351531,3.12537859351531,3.12537859351531,3.12537859351531,3.12537859351531,7.59308916853981,0.6981794927866126,0.0,2.302463711847517,2.302463711847517,2.302463711847517,2.302463711847517,2.302463711847517
9ea3bed5.qasm,512,success,3.9776184000000003,4.212566047792901,4.034408877616127,0.0,4.12252518012443,4.12252518012443,4.12252518012443,4.12252518012443,4.12252518012443,8.045423849331822,9.038736566128229,0.039894736842105254,8.52762960833523,8.52762960833523,8.52762960833523,8.52762960833523,8.52762960833523
9f744e04.qasm,16,success,52.217373299999984,35.685406327869664,30.04428711810644,0.0,32.74358858831464,32.74358858831464,32.74358858831464,32.74358858831464,32.74358858831464,7.883903264269975,51.187754447315704,0.27,20.08878553765365,20.08878553765365,20.08878553765365,20.08878553765365,20.08878553765365
9f744e04.qasm,64,success,104.66313360000004,39.08153964423553,50.62031295051276,0.0,44.47830670539373,44.47830670539373,44.47830670539373,44.47830670539373,44.47830670539373,2.8218340474630543,8.488268441884927,0.2294911504424778,4.894127592668284,4.894127592668284,4.894127592668284,4.894127592668284,4.894127592668284
9f744e04.qasm,512,success,4128.416998699998,1560.4692709021351,1969.6590795794514,0.07763049974464685,1753.1664119065017,1753.1664119065017,1753.1664119065017,1753.1664119065017,1753.1664119065017,272.7453610729611,70.10015004996468,0.12300877192982455,138.27324664101278,138.27324664101278,138.27324664101278,138.27324664101278,138.27324664101278
a0a79499.qasm,16,success,1.8720441,0.40557835696799893,0.6465309342388966,0.0,0.5120731920708183,0.5120731920708183,0.5120731920708183,0.5120731920708183,0.5120731920708183,0.38534818323386305,0.4739799391554899,0.0,0.4273725639800302,0.4273725639800302,0.4273725639800302,0.4273725639800302,0.4273725639800302
a0a79499.qasm,64,success,0.7155789,0.44772683352800335,0.4721279656204901,0.0,0.45976554793424884,0.45976554793424884,0.45976554793424884,0.45976554793424884,0.45976554793424884,0.4884076831859171,0.5989958963223646,0.0,0.5408827950311212,0.5408827950311212,0.5408827950311212,0.5408827950311212,0.5408827950311212
a0a79499.qasm,512,success,1.9413185,0.46057143352573826,0.21355515689170446,0.0,0.3136198411236545,0.3136198411236545,0.3136198411236545,0.3136198411236545,0.3136198411236545,0.5432273662779802,0.3377078083637848,0.0,0.4283131136318005,0.4283131136318005,0.4283131136318005,0.4283131136318005,0.4283131136318005
a0b53b67.qasm,16,success,0.17763,0.4002772154239255,0.245503980098547,0.0,0.3134799029113944,0.3134799029113944,0.3134799029113944,0.3134799029113944,0.3134799029113944,2.578924509896002,2.945632063552803,0.0,2.7561862647201223,2.7561862647201223,2.7561862647201223,2.7561862647201223,2.7561862647201223
a0b53b67.qasm,64,success,0.5182719,1.6024140815179944,0.969952750001428,0.0,1.2467020273543277,1.2467020273543277,1.2467020273543277,1.2467020273543277,1.2467020273543277,2.111406105487013,2.885735899255967,0.0,2.468392269577934,2.468392269577934,2.468392269577934,2.468392269577934,2.468392269577934
a169a3ba.qasm,16,success,1.6347612,1.6514204866060116,1.6417081596643497,0.0,1.6465571620499422,1.6465571620499422,1.6465571620499422,1.6496207,1.6496207,7.7718990688495015,11.072330602767343,0.0,9.276477558946679,9.276477558946679,9.276477558946679,9.276477558946679,9.276477558946679
a169a3ba.qasm,64,success,8.898883499999998,8.940610545962329,8.841344949526967,0.0,8.890839212145925,8.890839212145925,8.890839212145925,8.9290951,8.9290951,10.013044802171402,6.575521615269983,0.0,8.114246270069993,8.114246270069993,8.114246270069993,8.114246270069993,8.114246270069993
a169a3ba.qasm,512,success,330.86148350000013,332.3514001373383,339.5596230557494,0.0,335.93617868977026,335.93617868977026,335.93617868977026,341.62067240000016,341.62067240000016,199.43533508596522,722.2225740298479,0.006396011396011396,379.5216740296803,379.5216740296803,379.5216740296803,379.5216740296803,379.5216740296803
a1b3d3aa.qasm,16,success,2.1666266,2.073582106786416,1.6778227157156134,0.0,1.865235417224241,1.865235417224241,1.865235417224241,1.865235417224241,1.865235417224241,1.250185568935649,1.528955508956838,0.00653623188405797,1.3825621551461977,1.3825621551461977,1.3825621551461977,1.3825621551461977,1.3825621551461977
a1b3d3aa.qasm,64,success,6.827168100000001,2.0583126563107386,1.413642661282364,0.0,1.705789723623133,1.705789723623133,1.705789723623133,1.705789723623133,1.705789723623133,1.355154353266041,1.9415533043799107,0.0,1.6220679432528413,1.6220679432528413,1.6220679432528413,1.6220679432528413,1.6220679432528413
a1b3d3aa.qasm,512,success,212.50459400000003,31.70990908925983,48.575191911112185,0.0,39.246845981488974,39.246845981488974,39.246845981488974,39.246845981488974,39.246845981488974,23.75433230399142,102.49129274783729,0.0,49.341789856041835,49.341789856041835,49.341789856041835,49.341789856041835,49.341789856041835
a1bc8d56.qasm,16,success,1.0850003,1.070480053802818,1.0905025216386572,0.0,1.0804449074505644,1.0804449074505644,1.0804449074505644,1.1081809,1.1081809,2.909227648843023,3.4216194623417295,0.0,3.15503881809146,3.15503881809146,3.15503881809146,3.15503881809146,3.15503881809146
a1bc8d56.qasm,64,success,2.2916824,2.2232240096390483,2.2835402024250717,0.0,2.253180286840676,2.253180286840676,2.253180286840676,2.2914262,2.2914262,2.771084714266157,1.4275249772606766,0.0,1.9889174552304087,1.9889174552304087,1.9889174552304087,1.9889174552304087,1.9889174552304087
a1bc8d56.qasm,512,success,23.992057699999997,22.373538303445795,23.957536324525606,0.0,23.151994657328498,23.151994657328498,23.151994657328498,23.9661902,23.9661902,20.4269559632165,184.6688160619012,0.0,61.41841558910312,61.41841558910312,61.41841558910312,61.41841558910312,61.41841558910312
a3cb01ca.qasm,16,success,1.2192321,1.1913131039359337,1.2089333535047708,0.0,1.2000908906476402,1.2000908906476402,1.2000908906476402,1.1595966,1.1595966,4.053883970653504,4.16574680579485,0.0,4.109434778873219,4.109434778873219,4.109434778873219,4.109434778873219,4.109434778873219
a3cb01ca.qasm,64,success,3.4253563,3.3411855139743367,3.410154441588597,0.0,3.3754938335969547,3.3754938335969547,3.3754938335969547,3.4204512,3.4204512,4.782434819797299,3.1630023848796003,0.0,3.8893254865786298,3.8893254865786298,3.8893254865786298,3.8893254865786298,3.8893254865786298
a3cb01ca.qasm,512,success,72.2422423,70.54240990575423,72.2368070284139,0.0,71.38458133015308,71.38458133015308,71.38458133015308,72.21635219999999,72.21635219999999,46.69980100236826,320.0910596930608,0.0,122.26278579479177,122.26278579479177,122.26278579479177,122.26278579479177,122.26278579479177
a409aaa1.qasm,16,success,2.5722586,2.463134342774844,2.4055903880631124,0.0,2.4341923300116033,2.4341923300116033,2.4341923300116033,2.4341923300116033,2.4341923300116033,1.5326970022302229,1.9875037899202006,0.0,1.7453484181480494,1.7453484181480494,1.7453484181480494,1.7453484181480494,1.7453484181480494
a409aaa1.qasm,64,success,6.2227107,4.051018573137461,3.258545083659945,0.0,3.6332391409473996,3.6332391409473996,3.6332391409473996,3.6332391409473996,3.6332391409473996,3.4827451636938433,3.9353420470887914,0.0,3.702133639130214,3.702133639130214,3.702133639130214,3.702133639130214,3.702133639130214
a409aaa1.qasm,512,success,194.3047202,111.15340545220948,156.29102392108564,0.006379310344827586,131.8039436073192,131.8039436073192,131.8039436073192,131.8039436073192,131.8039436073192,26.37494843101168,473.1651345367463,0.01,111.71260458318658,111.71260458318658,111.71260458318658,111.71260458318658,111.71260458318658
a440a477.qasm,16,success,16.169895400000005,4.975970567255376,7.794330638151509,0.0,6.227709036788626,6.227709036788626,6.227709036788626,6.227709036788626,6.227709036788626,0.7274364011969492,0.7269222585336809,0.0,0.7271792844255803,0.7271792844255803,0.7271792844255803,0.7271792844255803,0.7271792844255803
a440a477.qasm,64,success,6.606882699999999,4.637863008564891,1.8137252489165452,0.0,2.9003119210957626,2.9003119210957626,2.9003119210957626,2.9003119210957626,2.9003119210957626,0.7559139475805714,0.8228471516214131,0.0,0.7886708049861941,0.7886708049861941,0.7886708049861941,0.7886708049861941,0.7886708049861941
a440a477.qasm,512,success,16.634451100000003,7.9771579237290435,10.389713535566532,0.0,9.103866522281589,9.103866522281589,9.103866522281589,9.103866522281589,9.103866522281589,6.269863007769088,10.02253752546694,0.0,7.92716451670474,7.92716451670474,7.92716451670474,7.92716451670474,7.92716451670474
a44fdc9f.qasm,16,success,0.1848667,0.1768020902056669,0.1827432710336233,0.0,0.1797481357059519,0.1797481357059519,0.1797481357059519,0.1797481357059519,0.1797481357059519,2.226502070415328,4.884243782994025,0.009934138309549947,3.2976929655820584,3.2976929655820584,3.2976929655820584,3.2976929655820584,3.2976929655820584
a44fdc9f.qasm,64,success,1.0295765,1.005776589886083,1.0672432800953613,0.0,1.0360542007217335,1.0360542007217335,1.0360542007217335,1.0360542007217335,1.0360542007217335,1.6339348505396336,2.5226832302948687,0.0,2.030246302016257,2.030246302016257,2.030246302016257,2.030246302016257,2.030246302016257
a44fdc9f.qasm,512,success,0.17738700000000002,0.1753925097529564,0.17314400041875846,0.0,0.17426462860291808,0.17426462860291808,0.17426462860291808,0.17426462860291808,0.17426462860291808,8.480031367006568,9.585523390454659,0.01,9.015849323287888,9.015849323287888,9.015849323287888,9.015849323287888,9.015849323287888
a4f95806.qasm,16,success,0.16642549999999998,0.19526611316920778,0.18483751779179672,0.0,0.18998027178380508,0.18998027178380508,0.18998027178380508,0.18998027178380508,0.18998027178380508,0.2354829695035314,0.1984946270569822,0.0,0.21619922342569642,0.21619922342569642,0.21619922342569642,0.21619922342569642,0.21619922342569642
a4f95806.qasm,64,success,0.6707554,0.533091031058437,0.6496776597168097,0.0,0.5885043189935538,0.5885043189935538,0.5885043189935538,0.5885043189935538,0.5885043189935538,0.5441329328287831,0.6613665149487972,0.0,0.5998927416245675,0.5998927416245675,0.5998927416245675,0.5998927416245675,0.5998927416245675
a4f95806.qasm,512,success,0.17320600000000003,0.20526678541770477,0.1907171827286859,0.0,0.19785829025501653,0.19785829025501653,0.19785829025501653,0.19785829025501653,0.19785829025501653,0.2721693469224505,0.24210254472429513,0.0,0.25669610726669534,0.25669610726669534,0.25669610726669534,0.25669610726669534,0.25669610726669534
a75c691c.qasm,16,success,2.0765425,2.107229005300048,2.0326023015689048,0.0,2.069579311383266,2.069579311383266,2.069579311383266,2.095868783185756,2.095868783185756,2.4567081766507854,1.3051365489057052,0.0,1.7906254860641388,1.7906254860641388,1.7906254860641388,1.7906254860641388,1.7906254860641388
a75c691c.qasm,64,success,0.166108,0.1789406561073724,0.17812707850505655,0.0,0.17853340387217245,0.17853340387217245,0.17853340387217245,0.17899462576178557,0.17899462576178557,1.6210460586877726,0.8771366223997425,0.0,1.192425622280823,1.192425622280823,1.192425622280823,1.192425622280823,1.192425622280823
a8818670.qasm,16,success,0.1796637,0.19759337129828144,0.16915729970487214,0.0,0.18282330575831812,0.18282330575831812,0.18282330575831812,0.18282330575831812,0.18282330575831812,0.20533140606183958,0.18763437783141376,0.0,0.19628354649756727,0.19628354649756727,0.19628354649756727,0.19628354649756727,0.19628354649756727
a8818670.qasm,64,success,1.156165,0.8106572700273141,0.9838667942289213,0.0,0.89307265632766,0.89307265632766,0.89307265632766,0.89307265632766,0.89307265632766,0.5437441109362676,0.5023511174486869,0.0,0.5226379834407148,0.5226379834407148,0.5226379834407148,0.5226379834407148,0.5226379834407148
a8818670.qasm,512,success,0.18732309999999996,0.22342366411490808,0.1813446598636255,0.0,0.2012875763041597,0.2012875763041597,0.2012875763041597,0.2012875763041597,0.2012875763041597,0.20900332223795534,0.1862605567271644,0.0,0.1973045239163778,0.1973045239163778,0.1973045239163778,0.1973045239163778,0.1973045239163778
a8b40b61.qasm,16,success,1.6559996,1.6443426451197982,1.6476848739515557,0.0,1.6460129112365378,1.6460129112365378,1.6460129112365378,1.6637489572328452,1.6637489572328452,7.108867690690212,11.356962425244001,0.0,8.985273688052013,8.985273688052013,8.985273688052013,8.985273688052013,8.985273688052013
a8b40b61.qasm,64,success,9.471062,9.453500854141195,9.482384314651252,0.0,9.467931570192652,9.467931570192652,9.467931570192652,9.502707948621765,9.502707948621765,8.526517641822348,6.668346549402604,0.0,7.540409438171544,7.540409438171544,7.540409438171544,7.540409438171544,7.540409438171544
a8b40b61.qasm,512,success,344.19865939999994,349.8554752172,352.85889467637304,0.0,351.35397575894655,351.35397575894655,351.35397575894655,347.97954640134907,347.97954640134907,152.27747697208184,791.2776991925375,0.006396011396011396,347.12212781283966,347.12212781283966,347.12212781283966,347.12212781283966,347.12212781283966
a8dfab96.qasm,16,success,1.0960489,1.0911911715373155,1.1023344786462992,0.0,1.0967486727505218,1.0967486727505218,1.0967486727505218,1.1003622145333236,1.1003622145333236,3.1349889492218757,3.796761509149459,0.0,3.45004425681969,3.45004425681969,3.45004425681969,3.45004425681969,3.45004425681969
a8dfab96.qasm,64,success,2.5684272,2.56884143432281,2.5632248046722275,0.0,2.566031582760822,2.566031582760822,2.566031582760822,2.565014223570173,2.565014223570173,3.2553397962776143,1.5725613045845508,0.0,2.2625696446519235,2.2625696446519235,2.2625696446519235,2.2625696446519235,2.2625696446519235
a8dfab96.qasm,512,success,34.62364469999999,34.3389631450713,34.44677039604497,0.0,34.39282452920261,34.39282452920261,34.39282452920261,34.42958145999611,34.42958145999611,39.06396807194023,323.8912070922618,0.0,112.48322440539434,112.48322440539434,112.48322440539434,112.48322440539434,112.48322440539434
a9091180.qasm,16,success,2.1176052,2.1129695503441686,2.102292205500845,0.0,2.1076241164280627,2.1076241164280627,2.1076241164280627,2.1233068,2.1233068,9.880795481426928,13.71580966996107,0.0,11.641439353063829,11.641439353063829,11.641439353063829,11.641439353063829,11.641439353063829
a9091180.qasm,64,success,12.155388299999998,12.13855045735407,12.176467615041785,0.0,12.157494254060843,12.157494254060843,12.157494254060843,12.139482200000002,12.139482200000002,11.934112603913636,8.041784295682257,0.0,9.796507506303273,9.796507506303273,9.796507506303273,9.796507506303273,9.796507506303273
a9091180.qasm,512,success,497.33829909999974,495.4700553377248,495.3360926039396,0.0,495.4030694426979,495.4030694426979,495.4030694426979,495.0731022999998,495.0731022999998,288.88285455025215,936.3282643940132,0.006396011396011396,520.0857446750738,520.0857446750738,520.0857446750738,520.0857446750738,520.0857446750738
aa41f5f1.qasm,16,success,2.0768734,2.0714900935835208,2.0727813403479023,0.0,2.0721356163860154,2.0721356163860154,2.0721356163860154,2.0660882,2.0660882,8.270867692211711,13.951121310810871,0.0,10.741875000190236,10.741875000190236,10.741875000190236,10.741875000190236,10.741875000190236
aa41f5f1.qasm,64,success,12.550837200000002,12.31934120213039,12.443502621432682,0.0,12.381266273811944,12.381266273811944,12.381266273811944,12.521304800000003,12.521304800000003,9.972930036395418,7.708730420954692,0.0,8.768045914433507,8.768045914433507,8.768045914433507,8.768045914433507,8.768045914433507
aa41f5f1.qasm,512,success,497.82790249999994,511.76802680391995,516.5214660530802,0.0,514.139253008222,514.139253008222,514.139253008222,503.3593403000002,503.3593403000002,183.866570578801,830.1872257306921,0.006396011396011396,390.69640148513184,390.69640148513184,390.69640148513184,390.69640148513184,390.69640148513184
aac529b2.qasm,16,success,1231.2409277000006,79.94137193944842,118.1415546910653,0.006526800418543288,97.18229244601683,97.18229244601683,97.18229244601683,97.18229244601683,97.18229244601683,71.2826815139416,157.8601641098243,0.0,106.07872454917228,106.07872454917228,106.07872454917228,106.07872454917228,106.07872454917228
aac529b2.qasm,64,success,49.33276260000001,134.08364367695353,74.38665487504208,0.0,99.87008424240797,99.87008424240797,99.87008424240797,99.87008424240797,99.87008424240797,101.16102326321871,73.01039607748157,0.0,85.94071430963864,85.94071430963864,85.94071430963864,85.94071430963864,85.94071430963864
aac529b2.qasm,512,success,4142.797545899999,5601.099644391776,7193.27592872904,0.450387758028718,14400.0,14400.0,14400.0,14400.0,14400.0,6998.923984605763,6300.163739415923,0.573174026396059,14400.0,14400.0,14400.0,14400.0,14400.0
aaf05f5c.qasm,16,success,1.1518439,1.1118121075917966,1.128086790860564,0.0,1.1199198866406248,1.1199198866406248,1.1199198866406248,1.1168596,1.1168596,4.569134349333799,6.27398494365533,0.0,5.354127390458566,5.354127390458566,5.354127390458566,5.354127390458566,5.354127390458566
aaf05f5c.qasm,64,success,5.0934963,5.093112962961354,5.075929429660901,0.0,5.084513937170687,5.084513937170687,5.084513937170687,5.0798998,5.0798998,5.234595727661448,4.206100808247851,0.0,4.6922529046256205,4.6922529046256205,4.6922529046256205,4.6922529046256205,4.6922529046256205
aaf05f5c.qasm,512,success,144.77378309999997,146.12490760552816,144.95783281951907,0.0,145.54020038274587,145.54020038274587,145.54020038274587,144.58527109999997,144.58527109999997,90.03382323826563,490.6831143312529,0.0030626780626780625,210.1858148917326,210.1858148917326,210.1858148917326,210.1858148917326,210.1858148917326
ab65fd24.qasm,16,success,2.6866797,2.6780114809724838,2.671321625818642,0.0,2.6746644618180437,2.6746644618180437,2.6746644618180437,2.6729087226822377,2.6729087226822377,13.579793048799326,17.19551836797803,0.0,15.281085720719231,15.281085720719231,15.281085720719231,15.281085720719231,15.281085720719231
ab65fd24.qasm,64,success,21.016287900000002,21.120089220293245,21.037732159559788,0.0,21.078870467900675,21.078870467900675,21.078870467900675,21.044673819672333,21.044673819672333,17.9073195212993,11.347073253794123,0.0,14.25467173902229,14.25467173902229,14.25467173902229,14.25467173902229,14.25467173902229
ab65fd24.qasm,512,success,969.4532298999997,963.0721531037176,947.1780362188322,0.0,955.0920325883897,955.0920325883897,955.0920325883897,957.7493342527007,957.7493342527007,401.72671650629763,1239.8477804562665,0.009588290534838418,705.747814598329,705.747814598329,705.747814598329,705.747814598329,705.747814598329
ab8a1b3c.qasm,16,success,5.4734568,2.1270655553410833,1.408365798422199,0.0,1.730805124542998,1.730805124542998,1.730805124542998,1.730805124542998,1.730805124542998,0.3808685645114729,0.5331518271076173,0.0,0.4506226481848723,0.4506226481848723,0.4506226481848723,0.4506226481848723,0.4506226481848723
ab8a1b3c.qasm,64,success,0.17588040000000002,2.4527992012798014,1.8761093740269474,0.0,2.145161899280995,2.145161899280995,2.145161899280995,2.145161899280995,2.145161899280995,0.9823360849041628,2.3766461000193044,0.0,1.5279611333720864,1.5279611333720864,1.5279611333720864,1.5279611333720864,1.5279611333720864
ab8a1b3c.qasm,512,success,7.0257582,8.487896247964352,74.68413242166072,0.0,25.177592564903563,25.177592564903563,25.177592564903563,25.177592564903563,12.588796282451781,0.38213017303505914,0.6875537123545215,0.0,0.5125768421153365,0.5125768421153365,0.5125768421153365,0.5125768421153365,0.5125768421153365
ab964bf6.qasm,16,success,1.1127641,1.0993170151109901,1.1216821317649353,0.0,1.1104432686973076,1.1104432686973076,1.1104432686973076,1.1518439,1.1518439,4.512891758704931,6.26625647466485,0.0,5.317794392644982,5.317794392644982,5.317794392644982,5.317794392644982,5.317794392644982
ab964bf6.qasm,64,success,5.0798998,5.130291180226865,5.073119497596832,0.0,5.1016252522855865,5.1016252522855865,5.1016252522855865,5.087435700000001,5.087435700000001,5.243692047895063,4.216799932740794,0.0,4.70229734011763,4.70229734011763,4.70229734011763,4.70229734011763,4.70229734011763
ab964bf6.qasm,512,success,144.58527109999997,146.67028895678118,147.59087982854552,0.0,147.12986437782888,147.12986437782888,147.12986437782888,144.77378309999997,144.77378309999997,90.03382323826563,499.2626260980763,0.0030626780626780625,212.01538394085105,212.01538394085105,212.01538394085105,212.01538394085105,212.01538394085105
aceda861.qasm,16,success,307.34320260000015,40.95461276219838,61.81963053768053,0.0033333333333333335,50.31698549965886,50.31698549965886,50.31698549965886,50.31698549965886,50.31698549965886,0.71631971507996,1.3760985170322335,0.006666666666666667,0.9928375988259535,0.9928375988259535,0.9928375988259535,0.9928375988259535,0.9928375988259535
aceda861.qasm,64,success,142.41094300000003,43.950934823686204,33.8804964036704,0.0,38.588592734535595,38.588592734535595,38.588592734535595,38.588592734535595,38.588592734535595,7.2626002305647965,12.873794852936614,0.0,9.669396334165919,9.669396334165919,9.669396334165919,9.669396334165919,9.669396334165919
aceda861.qasm,512,success,304.2419227000001,37.957914186381366,55.195339363976544,0.0,45.77226185219623,45.77226185219623,45.77226185219623,45.77226185219623,45.77226185219623,0.8013261772581866,0.7864518653976745,0.0,0.7938541849084682,0.7938541849084682,0.7938541849084682,0.7938541849084682,0.7938541849084682
ad2439c7.qasm,16,success,2.2632372,2.349318659431831,2.364341426741862,0.0,2.35681807340158,2.35681807340158,2.35681807340158,2.3526015,2.3526015,9.257529309503056,15.427850621804525,0.0,11.950890314700004,11.950890314700004,11.950890314700004,11.950890314700004,11.950890314700004
ad2439c7.qasm,64,success,16.262889900000005,16.337019994774728,16.278469678211774,0.0,16.307718559543513,16.307718559543513,16.307718559543513,16.271500999999997,16.271500999999997,12.269652009039426,9.570349587655716,0.0,10.836275146257112,10.836275146257112,10.836275146257112,10.836275146257112,10.836275146257112
ad2439c7.qasm,512,success,666.6881105000001,653.4694150051652,651.9312673912516,0.0,652.6998880999881,652.6998880999881,652.6998880999881,651.6184142999999,651.6184142999999,216.0320498466549,927.561342106246,0.009588290534838418,447.6415732410548,447.6415732410548,447.6415732410548,447.6415732410548,447.6415732410548
ad74d7c1.qasm,16,success,4.0893965,1.2570371892030083,1.3005326482978536,0.013147416564778336,1.2785999783681676,1.2785999783681676,1.2785999783681676,1.2785999783681676,1.2785999783681676,2.586314857516426,3.0360642462178236,0.0,2.8021809485412548,2.8021809485412548,2.8021809485412548,2.8021809485412548,2.8021809485412548
ad74d7c1.qasm,64,success,17.206083600000003,2.033531982469545,2.6510567484212717,0.0,2.3218545788348535,2.3218545788348535,2.3218545788348535,2.3218545788348535,2.3218545788348535,1.9714044699677489,2.873798839695632,0.0,2.380214250516978,2.380214250516978,2.380214250516978,2.380214250516978,2.380214250516978
ad74d7c1.qasm,512,success,690.9794292999997,15.522529405269642,19.829005288021122,0.09291187739463604,17.544124875882385,17.544124875882385,17.544124875882385,17.544124875882385,17.544124875882385,5.932623171438328,6.833488925692332,0.0,6.367143373784632,6.367143373784632,6.367143373784632,6.367143373784632,6.367143373784632
aed3c1af.qasm,16,success,1.7608045,1.7328656797336877,1.732774304923771,0.0,1.7328199917264338,1.7328199917264338,1.7328199917264338,1.7367355572938847,1.7367355572938847,8.39408729801479,12.060189042572175,0.0,10.06152471814845,10.06152471814845,10.06152471814845,10.06152471814845,10.06152471814845
aed3c1af.qasm,64,success,10.090619899999998,10.095887988864396,10.067331453601701,0.0,10.08159961029668,10.08159961029668,10.08159961029668,10.07095386973667,10.07095386973667,10.660106632225263,6.985290751243696,0.0,8.62924934541555,8.62924934541555,8.62924934541555,8.62924934541555,8.62924934541555
aed3c1af.qasm,512,success,402.51049830000005,408.8457593619214,410.66752642049556,0.0,409.7556304490144,409.7556304490144,409.7556304490144,403.6653824606397,403.6653824606397,216.8882633346104,826.2280394897311,0.006396011396011396,423.3192230495656,423.3192230495656,423.3192230495656,423.3192230495656,423.3192230495656
af2659f0.qasm,16,success,0.16919179999999998,0.19816015282103502,0.19142432263947715,0.0,0.19476312029720083,0.19476312029720083,0.19476312029720083,0.19476312029720083,0.19476312029720083,0.18632624073441897,0.19581135816820155,0.0,0.1910099323610735,0.1910099323610735,0.1910099323610735,0.1910099323610735,0.1910099323610735
af2659f0.qasm,64,success,0.1564611,0.18662800528304185,0.19644379063638356,0.0,0.1914730080108101,0.1914730080108101,0.1914730080108101,0.1914730080108101,0.1914730080108101,0.20660387089346482,0.25494150933107934,0.0,0.22950360058008543,0.22950360058008543,0.22950360058008543,0.22950360058008543,0.22950360058008543
af88ad19.qasm,16,success,0.17483530000000003,0.26771085385579896,0.2575491464202039,0.0,0.2625808483076878,0.2625808483076878,0.2625808483076878,0.2625808483076878,0.2625808483076878,0.7678512413918236,1.6093632796389927,0.0,1.1116436443938396,1.1116436443938396,1.1116436443938396,1.1116436443938396,1.1116436443938396
af88ad19.qasm,64,success,0.1752695,0.26665615486492233,0.24486375257773596,0.0,0.2555277416019145,0.2555277416019145,0.2555277416019145,0.2555277416019145,0.2555277416019145,0.5820803721177042,0.6679187082095168,0.003325958702064897,0.6235241536772829,0.6235241536772829,0.6235241536772829,0.6235241536772829,0.6235241536772829
af88ad19.qasm,512,success,0.17989700000000003,0.2115564570790988,0.18669533722299939,0.0,0.19873752563641658,0.19873752563641658,0.19873752563641658,0.19873752563641658,0.19873752563641658,0.49785386964059286,0.6292658787448305,0.0,0.5597164038742316,0.5597164038742316,0.5597164038742316,0.5597164038742316,0.5597164038742316
af8b17d0.qasm,16,success,0.1818541,0.192495953161463,0.17956185568416727,0.0,0.18591646124365868,0.18591646124365868,0.18591646124365868,0.18591646124365868,0.18591646124365868,0.20650534325669065,0.19374278420510538,0.0,0.20002229914632577,0.20002229914632577,0.20002229914632577,0.20002229914632577,0.20002229914632577
af8b17d0.qasm,64,success,0.1684462,0.2033382808487713,0.1928590386804824,0.0,0.19802935482255143,0.19802935482255143,0.19802935482255143,0.19802935482255143,0.19802935482255143,0.2705321187330408,0.3712451947629692,0.0,0.31691284150170757,0.31691284150170757,0.31691284150170757,0.31691284150170757,0.31691284150170757
b06c81ca.qasm,16,success,1.5398947,1.513688723435352,1.5135471619181315,0.0,1.5136179410217945,1.5136179410217945,1.5136179410217945,1.5243933609992764,1.5243933609992764,6.0909773341701525,9.92404318450418,0.0,7.774774729864574,7.774774729864574,7.774774729864574,7.774774729864574,7.774774729864574
b06c81ca.qasm,64,success,6.921094199999999,6.95256093426778,6.904300429018812,0.0,6.928388661243281,6.928388661243281,6.928388661243281,6.909141239308835,6.909141239308835,7.363021883733328,5.452732979410471,0.0,6.336291679961847,6.336291679961847,6.336291679961847,6.336291679961847,6.336291679961847
b06c81ca.qasm,512,success,202.7487235,204.77876592501525,203.86978514467484,0.0,204.3237700594929,204.3237700594929,204.3237700594929,203.97824891177217,203.97824891177217,139.44803258664876,718.452178493814,0.006396011396011396,316.5228945882968,316.5228945882968,316.5228945882968,316.5228945882968,316.5228945882968
b11883af.qasm,16,success,0.1776531,0.5798852183787521,0.516440279032482,0.0033333333333333335,0.5472440808143424,0.5472440808143424,0.5472440808143424,0.5472440808143424,0.5472440808143424,1.2647231252864009,3.410158784719767,0.0,2.0767538794796216,2.0767538794796216,2.0767538794796216,2.0767538794796216,2.0767538794796216
b11883af.qasm,64,success,0.3563139,0.6122960634194351,0.4937668215967267,0.0,0.5498467796675746,0.5498467796675746,0.5498467796675746,0.5498467796675746,0.5498467796675746,0.9902440058722005,4.705176030730207,0.0,2.1585347717848187,2.1585347717848187,2.1585347717848187,2.1585347717848187,2.1585347717848187
b11883af.qasm,512,success,0.1822348,0.598546610790108,0.6499284118941715,0.0,0.6237086244356844,0.6237086244356844,0.6237086244356844,0.6237086244356844,0.6237086244356844,0.962977295196596,1.697586243702541,0.0,1.278568343626426,1.278568343626426,1.278568343626426,1.278568343626426,0.639284171813213
b1ea1d60.qasm,16,success,0.2114184,0.17790798149469858,0.18273792272281553,0.0,0.1803067801668876,0.1803067801668876,0.1803067801668876,0.1803067801668876,0.1803067801668876,2.9570581857270106,3.284366404228113,0.0,3.1164182261932574,3.1164182261932574,3.1164182261932574,3.1164182261932574,3.1164182261932574
b1ea1d60.qasm,64,success,4.7274893,4.925859882925304,4.765378258478608,0.0,4.844954653080277,4.844954653080277,4.844954653080277,4.844954653080277,4.844954653080277,3.683667244920793,6.1570711130150295,0.0,4.762415477849604,4.762415477849604,4.762415477849604,4.762415477849604,4.762415477849604
b1ea1d60.qasm,512,success,0.2223113,0.1922935206630693,0.19091629368255256,0.0,0.19160366975651202,0.19160366975651202,0.19160366975651202,0.19160366975651202,0.19160366975651202,10.369739270954462,19.506651261945006,0.006666666666666667,14.222478252252827,14.222478252252827,14.222478252252827,14.222478252252827,14.222478252252827
b2346111.qasm,16,success,5166.543143199999,2725.991943724475,2919.64865665058,0.5106674026505271,14400.0,14400.0,14400.0,14400.0,14400.0,9.708801497618062,9.825544044660939,0.11333333333333333,9.766998348301096,9.766998348301096,100.0,100.0,100.0
b2346111.qasm,64,success,3106.2406232999992,1750.9077685766133,645.4511623309761,0.006666666666666667,1063.0735884039782,1063.0735884039782,1063.0735884039782,1063.0735884039782,1063.0735884039782,5.007816420890999,2.2640383035851657,0.1563200589970501,3.367178075810662,3.367178075810662,100.0,100.0,100.0
b2346111.qasm,512,success,3112.5309232000013,4078.989592992716,2872.857169477897,0.4228516197782375,14400.0,14400.0,14400.0,14400.0,14400.0,9.198235505570143,2.8456050348930306,0.1396228530644196,5.116106455771053,5.116106455771053,100.0,100.0,100.0
b38d732e.qasm,16,success,0.1849359,0.3173299120193038,0.4536664754219035,0.0,0.37942317105277096,0.37942317105277096,0.37942317105277096,0.37942317105277096,0.37942317105277096,0.32212148991603157,0.5921417938324339,0.0,0.4367397358506038,0.4367397358506038,0.4367397358506038,0.4367397358506038,0.4367397358506038
b38d732e.qasm,64,success,0.284838,0.3625388913920302,0.600195128806399,0.0,0.4664698024699656,0.4664698024699656,0.4664698024699656,0.4664698024699656,0.4664698024699656,0.4115472274699711,0.5940785045568686,0.0,0.4944606773545151,0.4944606773545151,0.4944606773545151,0.4944606773545151,0.4944606773545151
b38d732e.qasm,512,success,0.1656216,0.3638389727395678,0.34924092504349374,0.0,0.3564652288883744,0.3564652288883744,0.3564652288883744,0.3564652288883744,0.3564652288883744,0.3502896785437391,0.4944207598138943,0.0,0.4161616140642482,0.4161616140642482,0.4161616140642482,0.4161616140642482,0.4161616140642482
b469b640.qasm,16,success,0.1815829,0.2701743019766434,0.5122902278704339,0.0,0.37203179262577823,0.37203179262577823,0.37203179262577823,0.37203179262577823,0.37203179262577823,0.3411192096537799,0.3758868325391288,0.00326797385620915,0.35808130254875126,0.35808130254875126,0.35808130254875126,0.35808130254875126,0.35808130254875126
b469b640.qasm,64,success,0.1756312,0.3129436109316622,1.3407039185242864,0.0,0.6477381611833745,0.6477381611833745,0.6477381611833745,0.6477381611833745,0.6477381611833745,0.40653352346883403,0.6557647344477681,0.0,0.5163238790349091,0.5163238790349091,0.5163238790349091,0.5163238790349091,0.5163238790349091
b4976343.qasm,16,success,0.17541639999999997,0.1911850006319507,0.18262635237802083,0.0,0.1868566811618005,0.1868566811618005,0.1868566811618005,0.1868566811618005,0.1868566811618005,0.20590775033550796,0.18743541785780768,0.0,0.19645458819863965,0.19645458819863965,0.19645458819863965,0.19645458819863965,0.19645458819863965
b4976343.qasm,64,success,0.2803895,0.25748041980895015,0.2770084453542012,0.0,0.26706600457644236,0.26706600457644236,0.26706600457644236,0.26706600457644236,0.26706600457644236,0.40591265790797804,0.4428136030045099,0.0,0.4239618456339778,0.4239618456339778,0.4239618456339778,0.4239618456339778,0.4239618456339778
b4976343.qasm,512,success,0.1761288,0.19177563859530447,0.17839923556639026,0.0,0.18496655731688,0.18496655731688,0.18496655731688,0.18496655731688,0.18496655731688,0.21175976877160188,0.20991216482227507,0.0,0.21083394291506136,0.21083394291506136,0.21083394291506136,0.21083394291506136,0.21083394291506136
b4c090da.qasm,16,success,0.1804214,0.19139111903664607,0.18224418390159275,0.0,0.18676166173721565,0.18676166173721565,0.18676166173721565,0.18676166173721565,0.18676166173721565,0.20285540507964767,0.18888782903514806,0.0,0.1957470742400514,0.1957470742400514,0.1957470742400514,0.1957470742400514,0.1957470742400514
b4c090da.qasm,64,success,0.16996559999999997,0.19291723331517904,0.22714334087283145,0.009937106918238993,0.20933194903586327,0.20933194903586327,0.20933194903586327,0.20933194903586327,0.20933194903586327,0.2305156621026847,0.3049660542741162,0.036491611962071485,0.2651404381075078,0.2651404381075078,0.2651404381075078,0.2651404381075078,0.2651404381075078
b5baa095.qasm,16,success,0.6978439,0.7933807584274423,0.6811277250139902,0.0,0.7351147060544755,0.7351147060544755,0.7351147060544755,0.7351147060544755,0.7351147060544755,0.40311735414536665,0.32546668999749845,0.0,0.36221715991134634,0.36221715991134634,0.36221715991134634,0.36221715991134634,0.36221715991134634
b5baa095.qasm,64,success,2.8962337,3.453207636298389,3.759864392416926,0.0,3.6032752366896057,3.6032752366896057,3.6032752366896057,3.6032752366896057,3.6032752366896057,0.8849422746973047,0.7747697538231705,0.0,0.82802566887443,0.82802566887443,0.82802566887443,0.82802566887443,0.82802566887443
b5be0645.qasm,16,timeout,14399.999999999989,641.2462773404575,1564.0086272534681,0.7522337631174089,14400.0,14400.0,14400.0,14400.0,14400.0,654.6016159656091,947.3683881072858,0.5018575878543262,14400.0,14400.0,14400.0,14400.0,14400.0
b5be0645.qasm,64,timeout,14399.999999999989,615.6754473046236,332.43560427208234,0.02996069182389937,452.4073820796886,7243.734674752733,7243.734674752733,7243.734674752733,7243.734674752733,555.7590281472955,1289.937208450677,0.3253551912568308,846.6960784954559,7243.734674752733,7243.734674752733,7243.734674752733,7243.734674752733
b601af0f.qasm,16,success,0.1732445,0.21186839639606356,0.1948921042427883,0.0,0.20320304524335753,0.20320304524335753,0.20320304524335753,0.20320304524335753,0.20320304524335753,0.24692911931533154,0.24180335527845345,0.0,0.24435279733696674,0.24435279733696674,0.24435279733696674,0.24435279733696674,0.24435279733696674
b601af0f.qasm,64,success,0.2902428,0.2686248345776107,0.22618639759779782,0.0,0.24649398296594205,0.24649398296594205,0.24649398296594205,0.24649398296594205,0.24649398296594205,0.34146656298185635,0.3122735306863995,0.0,0.3265439774880163,0.3265439774880163,0.3265439774880163,0.3265439774880163,0.3265439774880163
b601af0f.qasm,512,success,0.1780364,0.20884406578958525,0.3255834816686538,0.0,0.2607607678804666,0.2607607678804666,0.2607607678804666,0.2607607678804666,0.2607607678804666,0.27203110184378876,0.23357232628329913,0.0,0.25206931046651193,0.25206931046651193,0.25206931046651193,0.25206931046651193,0.25206931046651193
b630efea.qasm,16,success,1.1978284,1.1803436523784372,1.1919123913782952,0.0,1.1861139175284026,1.1861139175284026,1.1861139175284026,1.2071885015645196,1.2071885015645196,4.504563760429876,4.567656575198476,0.0,4.536000471641102,4.536000471641102,4.536000471641102,4.536000471641102,4.536000471641102
b630efea.qasm,64,success,4.1749277,4.150790558729513,4.154254386588381,0.0,4.152522111489802,4.152522111489802,4.152522111489802,4.156657145099015,4.156657145099015,5.1851985253917725,3.432720858288338,0.0,4.218926300906223,4.218926300906223,4.218926300906223,4.218926300906223,4.218926300906223
b630efea.qasm,512,success,91.48293179999997,94.20283049244134,95.13517525470165,0.0,94.66785509552521,94.66785509552521,94.66785509552521,92.02377107305419,92.02377107305419,57.67869130403423,373.84133825077276,0.0030626780626780625,146.84236155024672,146.84236155024672,146.84236155024672,146.84236155024672,146.84236155024672
b680d160.qasm,16,success,2.0660882,2.0590116769301376,2.056905419475207,0.0,2.0579582787414163,2.0579582787414163,2.0579582787414163,2.0649304877666634,2.0649304877666634,8.270867692211711,13.951121310810871,0.0,10.741875000190236,10.741875000190236,10.741875000190236,10.741875000190236,10.741875000190236
b680d160.qasm,64,success,12.521304800000003,12.503644802546928,12.530765908815757,0.0,12.517198010245602,12.517198010245602,12.517198010245602,12.537983518082951,12.537983518082951,9.972930036395418,7.748436384922082,0.0,8.79059804326694,8.79059804326694,8.79059804326694,8.79059804326694,8.79059804326694
b680d160.qasm,512,success,503.3593403000002,504.68290082273194,513.1872157703173,0.0,508.9172945775224,508.9172945775224,508.9172945775224,498.0196833596253,498.0196833596253,183.866570578801,830.790845801833,0.006396011396011396,390.83841122111386,390.83841122111386,390.83841122111386,390.83841122111386,390.83841122111386
b7694c8e.qasm,16,success,4.6260506,4.729861330161083,4.658208933568461,0.0,4.693898412055417,4.693898412055417,4.693898412055417,4.670767349724659,4.670767349724659,2.9183638851899474,1.7233939168328376,0.0,2.2426525738154366,2.2426525738154366,2.2426525738154366,2.2426525738154366,2.2426525738154366
b7694c8e.qasm,64,success,0.3332834,0.19809143702700976,0.18707171822361726,0.0,0.192502741513019,0.192502741513019,0.192502741513019,0.18251597842784786,0.18251597842784786,3.73464060187343,2.5561197512908826,0.0,3.0896906975329332,3.0896906975329332,3.0896906975329332,3.0896906975329332,3.0896906975329332
b792cc98.qasm,16,success,0.1753902,0.19130777874213434,0.18486279301793476,0.0,0.1880576781318116,0.1880576781318116,0.1880576781318116,0.1880576781318116,0.1880576781318116,0.19897157418613234,0.19393402600090298,0.0,0.19643665249045045,0.19643665249045045,0.19643665249045045,0.19643665249045045,0.19643665249045045
b792cc98.qasm,64,success,0.1814324,0.1851667734151939,0.20596718531602654,0.0,0.19529024331588596,0.19529024331588596,0.19529024331588596,0.19529024331588596,0.19529024331588596,0.22024387878117815,0.27200079268612193,0.0,0.24475806342743156,0.24475806342743156,0.24475806342743156,0.24475806342743156,0.24475806342743156
b792cc98.qasm,512,success,0.16917660000000004,0.19028912362293998,0.20023259770891655,0.0,0.19519755515573045,0.19519755515573045,0.19519755515573045,0.19519755515573045,0.19519755515573045,0.1937088443506954,0.23685225513322136,0.0,0.21419705092207122,0.21419705092207122,0.21419705092207122,0.21419705092207122,0.21419705092207122
b97c72bf.qasm,16,success,0.22274159999999998,0.5375298549694079,0.26267896114267825,0.0,0.37576293575409825,0.37576293575409825,0.37576293575409825,0.37576293575409825,0.37576293575409825,0.3447024379714508,0.21716391301044136,0.0,0.2735999456398323,0.2735999456398323,0.2735999456398323,0.2735999456398323,0.2735999456398323
b97c72bf.qasm,64,success,0.2894879,0.7122741721806785,0.3535191867584001,0.0,0.501799348443505,0.501799348443505,0.501799348443505,0.501799348443505,0.501799348443505,0.5926702589682304,0.5499881672026324,0.0,0.5709304944434538,0.5709304944434538,0.5709304944434538,0.5709304944434538,0.5709304944434538
b97c72bf.qasm,512,success,0.2054503,0.6125530270490765,0.36139930166353673,0.0,0.4705063614951681,0.4705063614951681,0.4705063614951681,0.4705063614951681,0.4705063614951681,0.3412110209005991,0.28414357038902127,0.0,0.31137263485216427,0.31137263485216427,0.31137263485216427,0.31137263485216427,0.31137263485216427
b9ba0e84.qasm,16,success,6.7821621,4.5565674601098936,4.890513474548031,0.0,4.720588370251587,4.720588370251587,4.720588370251587,4.720588370251587,4.720588370251587,1.778751465723744,1.5121612766917374,0.0,1.6400485015163775,1.6400485015163775,1.6400485015163775,1.6400485015163775,1.6400485015163775
b9ba0e84.qasm,64,success,28.735752399999996,9.12385425693643,9.238436972305465,0.0,9.180966860696543,9.180966860696543,9.180966860696543,9.180966860696543,9.180966860696543,4.512057418637671,4.50952471982623,0.0,4.510790891475895,4.510790891475895,4.510790891475895,4.510790891475895,4.510790891475895
b9ba0e84.qasm,512,success,2299.937497400001,1149.4795917561055,1135.0381927045553,0.0,1142.236069460958,1142.236069460958,1142.236069460958,1142.236069460958,1142.236069460958,82.95960549061573,149.08512693796328,0.0,111.21170493833732,111.21170493833732,111.21170493833732,111.21170493833732,111.21170493833732
ba0c09b8.qasm,16,success,1.6862829,1.702300375479595,1.6964538641391966,0.0,1.6993746055263872,1.6993746055263872,1.6993746055263872,1.7032305,1.7032305,8.101699618884144,12.403209937656268,0.0,10.024324477232858,10.024324477232858,10.024324477232858,10.024324477232858,10.024324477232858
ba0c09b8.qasm,64,success,10.520238199999998,10.526329846010379,10.528050634861872,0.0,10.527190205275815,10.527190205275815,10.527190205275815,10.5206042,10.5206042,9.731618440598057,7.09019102514163,0.0,8.306565699952726,8.306565699952726,8.306565699952726,8.306565699952726,8.306565699952726
ba0c09b8.qasm,512,success,404.0949175,406.27483260480165,407.8105461727679,0.0,407.0419651348173,407.0419651348173,407.0419651348173,406.11038670000005,406.11038670000005,187.29838335156174,834.2130624635694,0.006396011396011396,395.280606620388,395.280606620388,395.280606620388,395.280606620388,395.280606620388
bb291a8b.qasm,16,success,2.2330537,2.2493441290372065,2.249839456439032,0.0,2.249591779105133,2.249591779105133,2.249591779105133,2.240148,2.240148,10.603647501005035,15.117938693813905,0.0,12.66117264912722,12.66117264912722,12.66117264912722,12.66117264912722,12.66117264912722
bb291a8b.qasm,64,success,13.046995199999998,13.097801083099345,13.075934321518682,0.0,13.086863135179618,13.086863135179618,13.086863135179618,13.079453599999999,13.079453599999999,13.555189191359858,8.360384312388724,0.0,10.645496280911765,10.645496280911765,10.645496280911765,10.645496280911765,10.645496280911765
bb291a8b.qasm,512,success,564.3548563,499.9181578146762,498.94944457297777,0.0,499.43356632647243,499.43356632647243,499.43356632647243,562.6930221000001,562.6930221000001,333.3087629664964,988.4876447306096,0.009588290534838418,573.9961620715117,573.9961620715117,573.9961620715117,573.9961620715117,573.9961620715117
bb50273f.qasm,16,success,461.99817259999986,95.09069456295873,112.48775453856922,0.006619607843137255,103.42407219260012,103.42407219260012,103.42407219260012,103.42407219260012,103.42407219260012,13.83657022820591,17.935104736358934,0.032933333333333335,15.753105606033964,15.753105606033964,15.753105606033964,15.753105606033964,15.753105606033964
bb50273f.qasm,64,success,61.829867500000006,22.95628260499094,19.202813568791758,0.0,20.99583804224395,20.99583804224395,20.99583804224395,20.99583804224395,20.99583804224395,11.339948845857469,15.1434809947655,0.0,13.104438172957112,13.104438172957112,13.104438172957112,13.104438172957112,13.104438172957112
bb50273f.qasm,512,success,565.4078366999998,160.3693894643395,212.0232542245503,0.15014515808974957,184.39642033465165,184.39642033465165,184.39642033465165,184.39642033465165,184.39642033465165,59.10693204074818,720.4350962255525,0.25573076520374227,206.35578080677448,206.35578080677448,206.35578080677448,206.35578080677448,206.35578080677448
bc99b330.qasm,16,success,125.21808419999999,139.52897252630476,132.00297130372778,0.0,135.7138126957917,135.7138126957917,135.7138126957917,135.7138126957917,135.7138126957917,28.663867192935058,243.35259391557082,0.27,83.51901839133514,83.51901839133514,83.51901839133514,83.51901839133514,83.51901839133514
bc99b330.qasm,64,success,175.69860989999995,224.4568531738413,253.8125384203091,0.0,238.68381526590196,238.68381526590196,238.68381526590196,238.68381526590196,238.68381526590196,12.989076967115237,20.360003829208434,0.48226401179940986,14400.0,14400.0,14400.0,14400.0,14400.0
bc9dd950.qasm,16,success,1.1235861,1.0807854338783967,1.0951148646021134,0.0,1.0879265573032384,1.0879265573032384,1.0879265573032384,1.0960489,1.0960489,3.1643913729221107,3.814244533023318,0.0,3.4741563716266883,3.4741563716266883,3.4741563716266883,3.4741563716266883,3.4741563716266883
bc9dd950.qasm,64,success,2.5736842,2.5618312926715965,2.565647993684479,0.0,2.5637389329260882,2.5637389329260882,2.5637389329260882,2.5658197,2.5658197,3.293673857481939,1.5725613045845508,0.0,2.2758523805813566,2.2758523805813566,2.2758523805813566,2.2758523805813566,2.2758523805813566
bc9dd950.qasm,512,success,34.4556024,34.264433514309076,34.40233000119202,0.0,34.33331252680353,34.33331252680353,34.33331252680353,34.452299200000006,34.452299200000006,39.32111049575651,319.7975098213364,0.0,112.13738546957727,112.13738546957727,112.13738546957727,112.13738546957727,112.13738546957727
bd32080b.qasm,16,success,1675.8850690999998,215.0735380874558,376.78816248788905,0.14643247462919595,284.6702710430815,284.6702710430815,284.6702710430815,284.6702710430815,284.6702710430815,24.97911517852518,133.29319061146614,0.15998521803399854,57.70221798853945,57.70221798853945,57.70221798853945,57.70221798853945,57.70221798853945
bd32080b.qasm,64,success,6223.237383199999,151.1870149724053,381.61749406752233,0.0,240.1991044723487,240.1991044723487,240.1991044723487,240.1991044723487,240.1991044723487,18.49744199291388,67.62711149826256,0.44567846607669603,14400.0,14400.0,14400.0,14400.0,14400.0
bd32080b.qasm,512,timeout,14399.999999999989,489.2927966322918,1539.1949983075704,0.4887101648414878,14400.0,14400.0,14400.0,14400.0,14400.0,55.9071626813419,130.40156257137892,0.6216842565731928,14400.0,14400.0,14400.0,14400.0,14400.0
bd462bd7.qasm,16,success,8.4452683,6.960656551031416,7.27325166380881,0.0,7.115237651757736,7.115237651757736,7.115237651757736,7.115237651757736,7.115237651757736,5.348592463397821,5.154792479035909,0.0,5.250798434881235,5.250798434881235,5.250798434881235,5.250798434881235,5.250798434881235
bd462bd7.qasm,64,success,0.18212130000000004,0.23829569925345817,0.21460250827687669,0.0,0.22613901647301904,0.22613901647301904,0.22613901647301904,0.22613901647301904,0.22613901647301904,3.694379503314046,2.5159292367671404,0.0,3.0487370178651148,3.0487370178651148,3.0487370178651148,3.0487370178651148,3.0487370178651148
bdd2c3ff.qasm,16,success,8.5620839,6.2242261700998585,7.038905277396059,0.0,6.619043619468189,6.619043619468189,6.619043619468189,6.619043619468189,6.619043619468189,2.5950608050995663,2.168661320486313,0.0,2.3723001480271213,2.3723001480271213,2.3723001480271213,2.3723001480271213,2.3723001480271213
bdd2c3ff.qasm,64,success,71.33639449999998,7.0544724520928055,6.144438624461401,0.0,6.583750679501614,6.583750679501614,6.583750679501614,6.583750679501614,6.583750679501614,5.812771612588565,7.608232761133671,0.0,6.650181908480708,6.650181908480708,6.650181908480708,6.650181908480708,6.650181908480708
bdd2c3ff.qasm,512,success,2554.6987554,1443.2183863062266,1307.106839319572,0.003189655172413793,1373.4775656604752,1373.4775656604752,1373.4775656604752,1373.4775656604752,1373.4775656604752,109.56774142135764,329.092039861575,0.0,189.88910323496765,189.88910323496765,189.88910323496765,189.88910323496765,189.88910323496765
be527b4d.qasm,16,success,327.64276280000007,392.5801265687843,710.486706144271,0.0231928181108509,528.1315754843265,528.1315754843265,528.1315754843265,528.1315754843265,528.1315754843265,8.9081671046369,22.74393603784137,0.27,14.234000942892486,14.234000942892486,14.234000942892486,14.234000942892486,14.234000942892486
be527b4d.qasm,64,success,16.115476700000002,166.99438416632367,128.6989079065708,0.0033254716981132074,146.60148317372568,146.60148317372568,146.60148317372568,146.60148317372568,146.60148317372568,3.501596505038797,4.391801571155676,0.4190707964601768,14400.0,14400.0,14400.0,14400.0,14400.0
bf029799.qasm,16,success,1.7939698,1.7871976964016474,1.790473921612524,0.0,1.7888350589624318,1.7888350589624318,1.7888350589624318,1.791098781519812,1.791098781519812,7.684893262409685,12.002776751939368,0.0,9.604168792310265,9.604168792310265,9.604168792310265,9.604168792310265,9.604168792310265
bf029799.qasm,64,success,9.9905934,9.928948195868086,10.024439263290565,0.0,9.976579480856056,9.976579480856056,9.976579480856056,9.990170106133897,9.990170106133897,9.495411226700904,6.930166809210503,0.0,8.112014775817865,8.112014775817865,8.112014775817865,8.112014775817865,8.112014775817865
bf029799.qasm,512,success,373.7508546999999,379.02314999265246,382.9323370763801,0.0,380.97272951320014,380.97272951320014,380.97272951320014,380.4318817890823,380.4318817890823,175.91426132087386,837.59913147383,0.006396011396011396,383.85626541222973,383.85626541222973,383.85626541222973,383.85626541222973,383.85626541222973
bf0f8df9.qasm,16,success,0.54735,0.5385988253714362,0.541499028200411,0.0,0.5400469799272242,0.5400469799272242,0.5400469799272242,0.5416298499985577,0.5416298499985577,2.02912959976253,2.593238909875422,0.0,2.2939088541797243,2.2939088541797243,2.2939088541797243,2.2939088541797243,2.2939088541797243
bf0f8df9.qasm,64,success,1.3424396,1.3357635587164138,1.3377569221398256,0.0,1.3367598688676325,1.3367598688676325,1.3367598688676325,1.3389486125261902,1.3389486125261902,1.8579833850075929,0.9435886828346528,0.0,1.3240740519276044,1.3240740519276044,1.3240740519276044,1.3240740519276044,1.3240740519276044
bf0f8df9.qasm,512,success,3.4726905999999995,3.4959442871610826,3.4474545404338777,0.0,3.4716147548190524,3.4716147548190524,3.4716147548190524,3.463824456032181,3.463824456032181,2.6009951019740836,2.059302580998019,0.0,2.3143543217619977,2.3143543217619977,2.3143543217619977,2.3143543217619977,2.3143543217619977
bf9674e9.qasm,16,success,0.1775753,0.17120441817447127,0.16803869180530775,0.0,0.16961416940022142,0.16961416940022142,0.16961416940022142,0.16961416940022142,0.16961416940022142,1.2912312709898122,1.5819453454467352,0.0,1.4292156237032974,1.4292156237032974,1.4292156237032974,1.4292156237032974,1.4292156237032974
bf9674e9.qasm,64,success,2.4674081,2.5441589991480518,2.1941811361318058,0.0,2.3626988134865243,2.3626988134865243,2.3626988134865243,2.3626988134865243,2.3626988134865243,1.8507036933833263,1.765958130235564,0.0,1.8078344044705177,1.8078344044705177,1.8078344044705177,1.8078344044705177,1.8078344044705177
bf9674e9.qasm,512,success,0.17353109999999997,0.19609564708826088,0.1841522730272103,0.0,0.1900301532442809,0.1900301532442809,0.1900301532442809,0.1900301532442809,0.1900301532442809,2.4094655465162016,3.2370052475737023,0.0,2.7927500099222957,2.7927500099222957,2.7927500099222957,2.7927500099222957,2.7927500099222957
c05aa9cf.qasm,16,success,3.0019963,3.0704568942438053,2.999617353662312,0.0,3.0348304373796244,3.0348304373796244,3.0348304373796244,2.98545872568165,2.98545872568165,14.8699891236335,17.908035632565234,0.0,16.31846485064959,16.31846485064959,16.31846485064959,16.31846485064959,16.31846485064959
c05aa9cf.qasm,64,success,23.5731577,24.412770493561517,23.56756250687989,0.0,23.98644397515238,23.98644397515238,23.98644397515238,23.534693855616975,23.534693855616975,19.643952924592703,11.526492685318042,0.0,15.04745425964305,15.04745425964305,15.04745425964305,15.04745425964305,15.04745425964305
c05aa9cf.qasm,512,success,448.6712298999999,1155.046903086252,1106.8353664631443,0.0,1130.6842009418863,1130.6842009418863,1130.6842009418863,1098.6170748180268,1098.6170748180268,479.06329760870824,1344.5577367852459,0.009458689458689457,802.5760170909923,802.5760170909923,802.5760170909923,802.5760170909923,802.5760170909923
c0a1d157.qasm,16,success,0.18243549999999997,0.27846052453442693,0.2333245763336036,0.003270735524256651,0.25489543721421964,0.25489543721421964,0.25489543721421964,0.25489543721421964,0.25489543721421964,5.991029905083585,7.166994169646156,0.0033333333333333335,6.552684671179425,6.552684671179425,6.552684671179425,6.552684671179425,6.552684671179425
c0a1d157.qasm,64,success,4.6466562,3.1836960749366856,5.350440434097556,0.0,4.127248018864257,4.127248018864257,4.127248018864257,4.127248018864257,4.127248018864257,6.073335049455655,9.838428871801343,0.0,7.729946629743801,7.729946629743801,7.729946629743801,7.729946629743801,7.729946629743801
c0a1d157.qasm,512,success,0.1828232,0.2712886345413964,0.21698785259070208,0.0,0.2426238616488522,0.2426238616488522,0.2426238616488522,0.2426238616488522,0.2426238616488522,12.16974594553885,11.378037391919106,0.006666666666666667,11.767235207069545,11.767235207069545,11.767235207069545,11.767235207069545,11.767235207069545
c0ffe57a.qasm,16,success,0.3998301,0.19567161700793384,0.19043908559124237,0.0,0.19303762280744838,0.19303762280744838,0.19303762280744838,0.19303762280744838,0.19303762280744838,0.19016339333967625,0.1907314822242416,0.0,0.1904472259615979,0.1904472259615979,0.1904472259615979,0.1904472259615979,0.1904472259615979
c0ffe57a.qasm,64,success,0.1699738,0.18159926961009745,0.19869399197367774,0.0,0.18995442563503082,0.18995442563503082,0.18995442563503082,0.18995442563503082,0.18995442563503082,0.1864684071831362,0.19669130998351728,0.0,0.19151165833805253,0.19151165833805253,0.19151165833805253,0.19151165833805253,0.19151165833805253
c20bb346.qasm,16,success,0.3509667,2.127247085496029,1.995941520584028,0.006603921568627451,2.0605486605472065,2.0605486605472065,2.0605486605472065,2.0605486605472065,2.0605486605472065,10.174754006199374,6.160116112835877,0.016340579710144926,7.916922766942352,7.916922766942352,7.916922766942352,7.916922766942352,7.916922766942352
c20bb346.qasm,64,success,1.1472027,1.2329960763658063,0.9491477470560774,0.0,1.0818019449102447,1.0818019449102447,1.0818019449102447,1.0818019449102447,1.0818019449102447,3.7195871498777815,1.1089690443701115,0.0,2.030986707748554,2.030986707748554,2.030986707748554,2.030986707748554,2.030986707748554
c20bb346.qasm,512,success,0.3426731,7.124095430143304,1.1700056080489247,0.009526662467852831,2.887080117617691,2.887080117617691,2.887080117617691,2.887080117617691,1.4435400588088454,104.98772174023888,34.44569035914752,0.022636600745394718,60.13629980782497,60.13629980782497,60.13629980782497,60.13629980782497,30.068149903912484
c246552a.qasm,16,success,4.088997,4.246400033665078,4.8243010780332165,0.0,4.526136571091368,4.526136571091368,4.526136571091368,4.526136571091368,4.526136571091368,2.861847638763946,2.203405298443163,0.0,2.511137242483878,2.511137242483878,2.511137242483878,2.511137242483878,2.511137242483878
c246552a.qasm,64,success,0.4388426,5.055784342268541,2.4669844461716934,0.0,3.531648529451207,3.531648529451207,3.531648529451207,3.531648529451207,3.531648529451207,5.933161226680957,6.722194209087116,0.0,6.315367134187444,6.315367134187444,6.315367134187444,6.315367134187444,6.315367134187444
c246552a.qasm,512,success,816.6656867,872.9168014567125,1046.323341141732,0.0,955.6951523571423,955.6951523571423,955.6951523571423,955.6951523571423,955.6951523571423,89.96180334809075,328.527011269963,0.0,171.9153349250857,171.9153349250857,171.9153349250857,171.9153349250857,171.9153349250857
c39fa73b.qasm,16,success,0.17802479999999998,0.18051364047838103,0.17922621488222237,0.0,0.17986877582713057,0.17986877582713057,0.17986877582713057,0.17986877582713057,0.17986877582713057,0.20188127392292532,0.18623037444577603,0.0,0.19389797635936448,0.19389797635936448,0.19389797635936448,0.19389797635936448,0.19389797635936448
c39fa73b.qasm,64,success,0.1641723,0.17573622297785052,0.16921500623296618,0.0,0.17244479135814716,0.17244479135814716,0.17244479135814716,0.17244479135814716,0.17244479135814716,0.22015706385361797,0.22965520285126917,0.0,0.22485598759748973,0.22485598759748973,0.22485598759748973,0.22485598759748973,0.22485598759748973
c39fa73b.qasm,512,success,0.1729059,0.17791383965575275,0.1795158855519831,0.0,0.17871306745102883,0.17871306745102883,0.17871306745102883,0.17871306745102883,0.17871306745102883,0.19394773707435367,0.1955230879421751,0.0,0.1947338194874601,0.1947338194874601,0.1947338194874601,0.1947338194874601,0.1947338194874601
c3c0513f.qasm,16,success,0.1795263,0.5783125110479018,0.6116693410378339,0.0,0.5947571206354786,0.5947571206354786,0.5947571206354786,0.5947571206354786,0.5947571206354786,0.5573077128518343,0.5467381567899439,0.0,0.551997637394791,0.551997637394791,0.551997637394791,0.551997637394791,0.551997637394791
c3c0513f.qasm,64,success,0.1589828,0.3394855279258842,0.36440107004543215,0.0,0.35172274541338755,0.35172274541338755,0.35172274541338755,0.35172274541338755,0.35172274541338755,0.48911933477373454,0.4147350175479697,0.0,0.45039417834873935,0.45039417834873935,0.45039417834873935,0.45039417834873935,0.45039417834873935
c3c0513f.qasm,512,success,0.17359960000000002,0.586001534228859,0.5947623939731549,0.0,0.5903657132404437,0.5903657132404437,0.5903657132404437,0.5903657132404437,0.5903657132404437,0.5123059321544982,0.4241181365437325,0.0,0.4661311374341619,0.4661311374341619,0.4661311374341619,0.4661311374341619,0.4661311374341619
c40ecada.qasm,16,success,1.5196586,1.513688723435352,1.5198895398947239,0.0,1.5167859629512626,1.5167859629512626,1.5167859629512626,1.525987814643778,1.525987814643778,6.0909773341701525,9.92404318450418,0.0,7.774774729864574,7.774774729864574,7.774774729864574,7.774774729864574,7.774774729864574
c40ecada.qasm,64,success,6.9018752999999995,6.95256093426778,6.905095107715243,0.0,6.928787375385722,6.928787375385722,6.928787375385722,6.90934003969571,6.90934003969571,7.363021883733328,5.452732979410471,0.0,6.336291679961847,6.336291679961847,6.336291679961847,6.336291679961847,6.336291679961847
c40ecada.qasm,512,success,208.56807320000001,204.79665288908626,203.8260505246518,0.0,204.31077533759796,204.31077533759796,204.31077533759796,203.97176243503452,203.97176243503452,139.44803258664876,718.452178493814,0.006396011396011396,316.5228945882968,316.5228945882968,316.5228945882968,316.5228945882968,316.5228945882968
c4c36286.qasm,16,success,1.7383957,1.7318572743133323,1.73147425830292,0.0,1.7316657557185202,1.7316657557185202,1.7316657557185202,1.7377077056757273,1.7377077056757273,8.39408729801479,12.056929129185196,0.0,10.060164792703842,10.060164792703842,10.060164792703842,10.060164792703842,10.060164792703842
c4c36286.qasm,64,success,10.072573800000002,10.065532493590075,10.096144980448011,0.0,10.080827116893524,10.080827116893524,10.080827116893524,10.079971431421347,10.079971431421347,10.8121755992216,7.02429279753925,0.0,8.714808499751552,8.714808499751552,8.714808499751552,8.714808499751552,8.714808499751552
c4c36286.qasm,512,success,401.72131759999985,403.1903223644965,403.20660096704165,0.0,403.1984615836157,403.1984615836157,403.1984615836157,403.6653824606397,403.6653824606397,216.8882633346104,825.7687806155812,0.006396011396011396,423.2015556961627,423.2015556961627,423.2015556961627,423.2015556961627,423.2015556961627
c4ff2c11.qasm,16,success,1.1621505,1.052633255000328,0.9412501181662388,0.0,0.9953849384307416,0.9953849384307416,0.9953849384307416,0.9953849384307416,0.9953849384307416,0.4798695409310123,0.34878251908958335,0.0,0.4091089186515987,0.4091089186515987,0.4091089186515987,0.4091089186515987,0.4091089186515987
c4ff2c11.qasm,64,success,5.589186999999999,4.500136300480645,5.583636920746319,0.0,5.012696599212291,5.012696599212291,5.012696599212291,5.012696599212291,5.012696599212291,1.143496086082998,1.3609567658556587,0.0,1.2474969880060316,1.2474969880060316,1.2474969880060316,1.2474969880060316,1.2474969880060316
c4ff2c11.qasm,512,success,1.1551765,4.1039938251625445,2.0659366442391756,0.0033333333333333335,2.911802059058034,2.911802059058034,2.911802059058034,2.911802059058034,2.911802059058034,2.06761168588856,2.03136909196144,0.0,2.0494102744185474,2.0494102744185474,2.0494102744185474,2.0494102744185474,2.0494102744185474
c6678d16.qasm,16,success,516.0462371999998,722.6391224052452,762.3086221853544,0.0,742.2088882100353,742.2088882100353,742.2088882100353,742.2088882100353,742.2088882100353,40.800067976749986,32.770261646972166,0.27,36.565405820424694,36.565405820424694,36.565405820424694,36.565405820424694,36.565405820424694
c6678d16.qasm,64,success,821.4442047999996,584.634235342939,764.925266897832,0.0,668.7312603036496,668.7312603036496,668.7312603036496,668.7312603036496,668.7312603036496,21.644384885333377,54.85681130835288,0.44235250737463117,14400.0,14400.0,14400.0,14400.0,14400.0
c6678d16.qasm,512,timeout,14399.999999999989,14263.13821443598,13904.616536333137,0.9841065883030375,14400.0,14400.0,14400.0,14400.0,14400.0,1533.8453307426494,1257.684678766269,0.5518684670995079,14400.0,14400.0,14400.0,14400.0,14400.0
c676cfb4.qasm,16,success,0.23532530000000002,0.18432700165056207,0.18095136911123821,0.0,0.18263138643956758,0.18263138643956758,0.18263138643956758,0.18263138643956758,0.18263138643956758,0.35523536685055235,0.2915329316168193,0.0,0.3218117585047473,0.3218117585047473,0.3218117585047473,0.3218117585047473,0.3218117585047473
c676cfb4.qasm,64,success,0.2578355,0.17707512083481572,0.17208118002290285,0.0,0.17456029258096817,0.17456029258096817,0.17456029258096817,0.17456029258096817,0.17456029258096817,0.40636053778309744,0.3402094156561259,0.0,0.3718167305338702,0.3718167305338702,0.3718167305338702,0.3718167305338702,0.3718167305338702
c676cfb4.qasm,512,success,0.24538750000000004,0.1765220997702045,0.19418357138123063,0.0,0.18514235539468604,0.18514235539468604,0.18514235539468604,0.18514235539468604,0.18514235539468604,0.2953206165192694,0.363085512917038,0.0,0.3274547869918453,0.3274547869918453,0.3274547869918453,0.3274547869918453,0.3274547869918453
c7670b0a.qasm,16,success,0.5437697,0.871696116391055,0.7013887177759148,0.0,0.7819193189618522,0.7819193189618522,0.7819193189618522,0.7819193189618522,0.7819193189618522,1.153227566712646,1.3548221809929377,0.0,1.2499673144185832,1.2499673144185832,1.2499673144185832,1.2499673144185832,1.2499673144185832
c7670b0a.qasm,64,success,0.550425,0.8678064078244843,0.732808437583501,0.0,0.7974558657648778,0.7974558657648778,0.7974558657648778,0.7974558657648778,0.7974558657648778,1.1496666131247282,0.9137684975611159,0.0,1.0249532349191155,1.0249532349191155,1.0249532349191155,1.0249532349191155,1.0249532349191155
c7670b0a.qasm,512,success,0.5097197,0.8650996787397074,0.7115260314733027,0.0,0.7845641728007297,0.7845641728007297,0.7845641728007297,0.7845641728007297,0.7845641728007297,1.1499185157562961,1.2755101953659929,0.0,1.2110874413878157,1.2110874413878157,1.2110874413878157,1.2110874413878157,1.2110874413878157
c7a93f95.qasm,16,success,1.3009129,1.3055465936784105,1.3021146263915893,0.0,1.303829480823461,1.303829480823461,1.303829480823461,1.3024128174981617,1.3024128174981617,5.449047309750887,8.536717302909192,0.0,6.820335508867668,6.820335508867668,6.820335508867668,6.820335508867668,6.820335508867668
c7a93f95.qasm,64,success,6.5205913,6.516797923103216,6.479560645893048,0.0,6.498152611302473,6.498152611302473,6.498152611302473,6.500776372384788,6.500776372384788,5.751144596522097,4.951525652490963,0.0,5.336378922159103,5.336378922159103,5.336378922159103,5.336378922159103,5.336378922159103
c7a93f95.qasm,512,success,209.0101838,207.47224100452874,206.31380882928627,0.0,206.89221413091386,206.89221413091386,206.89221413091386,206.44183091492337,206.44183091492337,107.01295945238844,570.9388958594782,0.0030626780626780625,247.17981493722695,247.17981493722695,247.17981493722695,247.17981493722695,247.17981493722695
c7bddf55.qasm,16,success,0.5527257,0.5618585944350097,0.5708689058627433,0.0,0.5663458316741572,0.5663458316741572,0.5663458316741572,0.5679907979860682,0.5679907979860682,1.878996465840232,2.303293043086528,0.0,2.080355615695062,2.080355615695062,2.080355615695062,2.080355615695062,2.080355615695062
c7bddf55.qasm,64,success,1.1093257,1.1015531594651273,1.1220684041784226,0.0,1.1117634621441446,1.1117634621441446,1.1117634621441446,1.1186735973955972,1.1186735973955972,1.4681376033349745,0.8084238567141975,0.0,1.0894390590919707,1.0894390590919707,1.0894390590919707,1.0894390590919707,1.0894390590919707
c7bddf55.qasm,512,success,2.7514677,2.693031018740254,2.766259239798946,0.0,2.729399556432769,2.729399556432769,2.729399556432769,2.7450523001527185,2.7450523001527185,2.413631909832828,1.9063090538865888,0.0,2.1450240936791127,2.1450240936791127,2.1450240936791127,2.1450240936791127,2.1450240936791127
c82bb473.qasm,16,success,1.3014825,1.2868331542163332,1.3022629077389056,0.0,1.2945250423165207,1.2945250423165207,1.2945250423165207,1.3009129,1.3009129,5.449047309750887,8.536717302909192,0.0,6.820335508867668,6.820335508867668,6.820335508867668,6.820335508867668,6.820335508867668
c82bb473.qasm,64,success,6.4765742,6.634654282406647,6.516699122067665,0.0,6.575412210453567,6.575412210453567,6.575412210453567,6.5168705,6.5168705,5.751144596522097,4.951525652490963,0.0,5.336378922159103,5.336378922159103,5.336378922159103,5.336378922159103,5.336378922159103
c82bb473.qasm,512,success,210.21006139999997,209.43241088106333,208.00449410789267,0.0,208.71723138042975,208.71723138042975,208.71723138042975,209.0101838,209.0101838,107.01295945238844,570.9388958594782,0.0030626780626780625,247.17981493722695,247.17981493722695,247.17981493722695,247.17981493722695,247.17981493722695
c84ad65b.qasm,16,success,1.132833,1.1391231699789233,1.1184988201945214,0.0,1.1287638910231266,1.1287638910231266,1.1287638910231266,1.1147567690617173,1.1147567690617173,3.863370549243308,5.468893689342496,0.0,4.596559889346421,4.596559889346421,4.596559889346421,4.596559889346421,4.596559889346421
c84ad65b.qasm,64,success,4.321362400000001,4.300682582352398,4.316166115913323,0.0,4.308417393573658,4.308417393573658,4.308417393573658,4.313643230046638,4.313643230046638,4.35625310686452,3.9428018594982843,0.0,4.144374844314955,4.144374844314955,4.144374844314955,4.144374844314955,4.144374844314955
c84ad65b.qasm,512,success,96.38189569999999,95.3579829869058,95.10209101581421,0.0,95.22995105062894,95.22995105062894,95.22995105062894,95.392340809041,95.392340809041,67.17003488261871,400.4383144370698,0.0030626780626780625,164.00443758958176,164.00443758958176,164.00443758958176,164.00443758958176,164.00443758958176
c8afe1ad.qasm,16,success,0.172325,0.20243459164191546,0.17024614733046287,0.0,0.1856440392618401,0.1856440392618401,0.1856440392618401,0.1856440392618401,0.1856440392618401,0.21041361366253075,0.18989020780611024,0.0,0.19988868107927613,0.19988868107927613,0.19988868107927613,0.19988868107927613,0.19988868107927613
c8afe1ad.qasm,64,success,0.7844303,0.6986660563040392,0.8424588295861011,0.0,0.7672010089053832,0.7672010089053832,0.7672010089053832,0.7672010089053832,0.7672010089053832,0.4059732524700006,0.4119217076624793,0.0,0.40893666431702297,0.40893666431702297,0.40893666431702297,0.40893666431702297,0.40893666431702297
c945995d.qasm,16,success,1.6418214,1.6593632784990056,1.633768589205647,0.0,1.6465162017098336,1.6465162017098336,1.6465162017098336,1.6491697883733196,1.6491697883733196,7.7718990688495015,11.072330602767343,0.0,9.276477558946679,9.276477558946679,9.276477558946679,9.276477558946679,9.276477558946679
c945995d.qasm,64,success,8.8522282,8.932605425998997,8.917674834027078,0.0,8.92513700789657,8.92513700789657,8.92513700789657,8.930152537385938,8.930152537385938,10.013044802171402,6.575521615269983,0.0,8.114246270069993,8.114246270069993,8.114246270069993,8.114246270069993,8.114246270069993
c945995d.qasm,512,success,341.62067240000016,334.4919085928582,336.36369971292135,0.0,335.4264985035171,335.4264985035171,335.4264985035171,334.50372437575425,334.50372437575425,199.43533508596522,722.2225740298479,0.006396011396011396,379.5216740296803,379.5216740296803,379.5216740296803,379.5216740296803,379.5216740296803
c95f41f8.qasm,16,success,0.1763965,0.19006214363308943,0.17935451733670604,0.0,0.1846307234327279,0.1846307234327279,0.1846307234327279,0.1846307234327279,0.1846307234327279,0.20316695282408362,0.19796042854136786,0.0,0.20054679515389784,0.20054679515389784,0.20054679515389784,0.20054679515389784,0.20054679515389784
c95f41f8.qasm,64,success,0.4365802,0.20880453419863768,0.3192027334200206,0.0,0.258168507116378,0.258168507116378,0.258168507116378,0.258168507116378,0.258168507116378,0.23865071573115998,0.33427809064973746,0.0,0.2824459339179898,0.2824459339179898,0.2824459339179898,0.2824459339179898,0.2824459339179898
c95f41f8.qasm,512,success,0.17736769999999996,0.18716679962074975,0.18113828751626496,0.0,0.18412787285797474,0.18412787285797474,0.18412787285797474,0.18412787285797474,0.18412787285797474,0.20591415030202762,0.23711041071398695,0.0,0.220962414790243,0.220962414790243,0.220962414790243,0.220962414790243,0.220962414790243
c96fe790.qasm,16,success,291.6478196,106.2882750635046,80.76156660432234,0.0,92.6499196211187,92.6499196211187,92.6499196211187,92.6499196211187,92.6499196211187,11.311763986321576,13.755984542322198,0.01966666666666667,12.47415129546842,12.47415129546842,12.47415129546842,12.47415129546842,12.47415129546842
c96fe790.qasm,64,success,29.968277999999994,19.102365748423207,16.42449049338589,0.0,17.7128943043241,17.7128943043241,17.7128943043241,17.7128943043241,17.7128943043241,10.258859244840792,22.16223850324006,0.0,15.078437762425219,15.078437762425219,15.078437762425219,15.078437762425219,15.078437762425219
c96fe790.qasm,512,success,292.8521848999999,107.2077718084487,213.25635915888324,0.0,151.20429586954907,151.20429586954907,151.20429586954907,151.20429586954907,151.20429586954907,47.691777536185555,775.9154858478712,0.1371476731688735,192.36628794551805,192.36628794551805,192.36628794551805,192.36628794551805,192.36628794551805
c999af32.qasm,16,success,1.1311006,1.1083597880326386,1.1503594503611063,0.0,1.1291643620676215,1.1291643620676215,1.1291643620676215,1.1518439,1.1518439,4.569134349333799,6.27398494365533,0.0,5.354127390458566,5.354127390458566,5.354127390458566,5.354127390458566,5.354127390458566
c999af32.qasm,64,success,5.0753012,5.154979573338965,5.092243184410597,0.0,5.1235153555065285,5.1235153555065285,5.1235153555065285,5.087435700000001,5.087435700000001,5.234595727661448,4.206100808247851,0.0,4.6922529046256205,4.6922529046256205,4.6922529046256205,4.6922529046256205,4.6922529046256205
c999af32.qasm,512,success,144.16692230000007,145.84057493375664,145.25879897830868,0.0,145.54939627900734,145.54939627900734,145.54939627900734,144.77378309999997,144.77378309999997,90.03382323826563,490.6831143312529,0.0030626780626780625,210.1858148917326,210.1858148917326,210.1858148917326,210.1858148917326,210.1858148917326
ca0a2ce5.qasm,16,success,3.3426185000000004,3.3037785067150724,3.3594564356349688,0.0,3.3315011580812093,3.3315011580812093,3.3315011580812093,3.3512065747163846,3.3512065747163846,2.8530743572987483,1.4781680008705202,0.0,2.0536122367826004,2.0536122367826004,2.0536122367826004,2.0536122367826004,2.0536122367826004
ca0a2ce5.qasm,64,success,0.1686469,0.17274109457003525,0.16704726386790889,0.0,0.16987032467583052,0.16987032467583052,0.16987032467583052,0.1709399922764997,0.1709399922764997,3.2060500424265737,1.158545116832308,0.0,1.927265840763365,1.927265840763365,1.927265840763365,1.927265840763365,1.927265840763365
ca634f4d.qasm,16,success,1.1346432,1.0878706298376573,1.0939710943747336,0.0,1.0909165978486315,1.0909165978486315,1.0909165978486315,1.0965293470556408,1.0965293470556408,2.909227648843023,3.422756463560689,0.0,3.155562982899711,3.155562982899711,3.155562982899711,3.155562982899711,3.155562982899711
ca634f4d.qasm,64,success,2.3053915,2.234915182511414,2.2990634283768103,0.0,2.266762396378605,2.266762396378605,2.266762396378605,2.291554296419546,2.291554296419546,2.771084714266157,1.4275249772606766,0.0,1.9889174552304087,1.9889174552304087,1.9889174552304087,1.9889174552304087,1.9889174552304087
ca634f4d.qasm,512,success,24.028526199999998,23.037307950137517,24.084553284778007,0.0,23.555111353227076,23.555111353227076,23.555111353227076,23.97912046192634,23.97912046192634,20.4269559632165,186.13836639514938,0.0,61.66230788268285,61.66230788268285,61.66230788268285,61.66230788268285,61.66230788268285
ca8c6d9a.qasm,16,success,2.1916357,2.2383832210355403,2.2116545886069385,0.0,2.2249787688569147,2.2249787688569147,2.2249787688569147,2.1967006,2.1967006,10.265375457757392,14.759199928194606,0.0,12.308888199956305,12.308888199956305,12.308888199956305,12.308888199956305,12.308888199956305
ca8c6d9a.qasm,64,success,12.676150400000001,12.728313262868385,12.639957027650993,0.0,12.684058210097291,12.684058210097291,12.684058210097291,12.647261799999999,12.647261799999999,12.255321219267003,8.285396999334669,0.0,10.076715816971188,10.076715816971188,10.076715816971188,10.076715816971188,10.076715816971188
ca8c6d9a.qasm,512,success,522.5552257,520.95507854776,524.3905183871237,0.0,522.6699758892454,522.6699758892454,522.6699758892454,525.0129456,525.0129456,309.74350252410056,962.5868189114692,0.009588290534838418,546.0357248140189,546.0357248140189,546.0357248140189,546.0357248140189,546.0357248140189
ca980007.qasm,16,success,1.3004284,1.297092040025919,1.3020064372057043,0.0,1.2995469155678934,1.2995469155678934,1.2995469155678934,1.3014825,1.3014825,5.449047309750887,8.536717302909192,0.0,6.820335508867668,6.820335508867668,6.820335508867668,6.820335508867668,6.820335508867668
ca980007.qasm,64,success,6.5013756,6.582030008624129,6.482222538416723,0.0,6.5319356450013,6.5319356450013,6.5319356450013,6.5001772,6.5001772,5.751144596522097,4.951525652490963,0.0,5.336378922159103,5.336378922159103,5.336378922159103,5.336378922159103,5.336378922159103
ca980007.qasm,512,success,203.21602670000007,208.5490759399813,208.02750672412287,0.0,208.28812807602364,208.28812807602364,208.28812807602364,209.0101838,209.0101838,107.01295945238844,570.9388958594782,0.0030626780626780625,247.17981493722695,247.17981493722695,247.17981493722695,247.17981493722695,247.17981493722695
cab2b6e9.qasm,16,success,1.5307986,1.5352793399964635,1.5416654011024167,0.0,1.5384690570498654,1.5384690570498654,1.5384690570498654,1.5376540836708625,1.5376540836708625,6.0475233683603,9.91992922375313,0.0,7.745385967989413,7.745385967989413,7.745385967989413,7.745385967989413,7.745385967989413
cab2b6e9.qasm,64,success,6.8686035,6.835846369896069,6.908356911587873,0.0,6.872006003782619,6.872006003782619,6.872006003782619,6.9162240865422415,6.9162240865422415,7.195509912974853,5.521093354645248,0.0,6.302942325914896,6.302942325914896,6.302942325914896,6.302942325914896,6.302942325914896
cab2b6e9.qasm,512,success,204.01155880000002,204.80808808521235,203.8480716411324,0.0,204.3275160439184,204.3275160439184,204.3275160439184,203.73920617455957,203.73920617455957,139.51020495895614,719.3000265526566,0.006396011396011396,316.780198452087,316.780198452087,316.780198452087,316.780198452087,316.780198452087
cb2b300f.qasm,16,success,1.648719,1.6392579776461433,1.6468480339575726,0.0,1.6430486230284902,1.6430486230284902,1.6430486230284902,1.6496207,1.6496207,7.7718990688495015,11.06365997374829,0.0,9.272844690171505,9.272844690171505,9.272844690171505,9.272844690171505,9.272844690171505
cb2b300f.qasm,64,success,8.9312101,8.956831920748485,8.90147571997793,0.0,8.929110922732784,8.929110922732784,8.929110922732784,8.9290951,8.9290951,10.013044802171402,6.575521615269983,0.0,8.114246270069993,8.114246270069993,8.114246270069993,8.114246270069993,8.114246270069993
cb2b300f.qasm,512,success,336.9242883,337.58651513995187,342.1778572721856,0.0,339.87443327583935,339.87443327583935,339.87443327583935,341.62067240000016,341.62067240000016,198.4976269190605,722.2225740298479,0.006396011396011396,378.62840233175893,378.62840233175893,378.62840233175893,378.62840233175893,378.62840233175893
cc5bc6eb.qasm,16,success,0.23998150000000001,0.21723578659133158,0.20680151685528844,0.0,0.21195445308447544,0.21195445308447544,0.21195445308447544,0.21195445308447544,0.21195445308447544,0.20502883494472018,0.1891419965653918,0.0,0.19692527312389474,0.19692527312389474,0.19692527312389474,0.19692527312389474,0.19692527312389474
cc5bc6eb.qasm,64,success,1.4279914,1.8492497244705306,1.5843059424022576,0.0,1.7116592322843935,1.7116592322843935,1.7116592322843935,1.7116592322843935,1.7116592322843935,1.8077507701579612,1.2913997022042636,0.0,1.527916491907041,1.527916491907041,1.527916491907041,1.527916491907041,1.527916491907041
cc5bc6eb.qasm,512,success,0.2081356,0.2379704632466279,0.217958599904913,0.0,0.22774483306533777,0.22774483306533777,0.22774483306533777,0.22774483306533777,0.22774483306533777,0.25045870029291933,0.18267120918970509,0.0,0.21389622164636177,0.21389622164636177,0.21389622164636177,0.21389622164636177,0.21389622164636177
ccfd978a.qasm,16,success,42.34227140000001,59.850410261806225,63.77094189982932,0.0,61.77958429357221,61.77958429357221,61.77958429357221,61.77958429357221,61.77958429357221,13.386320317187725,164.48533679750938,0.22333333333333333,46.92391081156776,46.92391081156776,46.92391081156776,46.92391081156776,46.92391081156776
ccfd978a.qasm,64,success,2.7107435,3.158626352678205,3.287916872146158,0.0,3.222623291322793,3.222623291322793,3.222623291322793,3.222623291322793,3.222623291322793,7.127002009023862,3.35123802471038,0.48226401179940986,14400.0,14400.0,14400.0,14400.0,14400.0
cd51d9b8.qasm,16,success,1.7485021,1.751953152566673,1.7563082681470443,0.0,1.754129358758677,1.754129358758677,1.754129358758677,1.7579763,1.7579763,9.011189041510344,13.481862375820816,0.0,11.02214182907057,11.02214182907057,11.02214182907057,11.02214182907057,11.02214182907057
cd51d9b8.qasm,64,success,13.210056200000002,13.035603255840783,13.213914074463478,0.0,13.124455848966706,13.124455848966706,13.124455848966706,13.180583699999998,13.180583699999998,12.561772410095355,8.35954874601621,0.0,10.24747524020203,10.24747524020203,10.24747524020203,10.24747524020203,10.24747524020203
cd51d9b8.qasm,512,success,574.3465174000002,579.3758047901888,581.2708285031255,0.0,580.3225431301614,580.3225431301614,580.3225431301614,577.6552693999998,577.6552693999998,330.53506854811724,894.7421170721566,0.006396011396011396,543.8231762248944,543.8231762248944,543.8231762248944,543.8231762248944,543.8231762248944
cd592018.qasm,16,success,2.3526015,2.310203791262836,2.315375320424042,0.0,2.3127881103637717,2.3127881103637717,2.3127881103637717,2.3211752,2.3211752,9.257529309503056,15.420174971507556,0.0,11.947917046765793,11.947917046765793,11.947917046765793,11.947917046765793,11.947917046765793
cd592018.qasm,64,success,16.3234668,16.098228189080782,15.998688967437014,0.0,16.048381405111556,16.048381405111556,16.048381405111556,16.271500999999997,16.271500999999997,12.269652009039426,9.570349587655716,0.0,10.836275146257112,10.836275146257112,10.836275146257112,10.836275146257112,10.836275146257112
cd592018.qasm,512,success,666.1303829000001,523.566491320267,546.6535063569837,0.0,534.985474841371,534.985474841371,534.985474841371,651.6184142999999,651.6184142999999,216.0320498466549,928.8199103379851,0.009588290534838418,447.94516312680656,447.94516312680656,447.94516312680656,447.94516312680656,447.94516312680656
cd5b55b6.qasm,16,success,0.256669,0.1828000873242176,0.17971803836123287,0.0,0.18125251199961467,0.18125251199961467,0.18125251199961467,0.18125251199961467,0.18125251199961467,0.20770876055615897,0.1952735692217464,0.0,0.2013952110464056,0.2013952110464056,0.2013952110464056,0.2013952110464056,0.2013952110464056
cd5b55b6.qasm,64,success,0.1625885,0.17966811220890475,0.17289226404899619,0.0,0.1762476289122967,0.1762476289122967,0.1762476289122967,0.1762476289122967,0.1762476289122967,0.3286741504199224,0.2984810320722506,0.0,0.31321398377596193,0.31321398377596193,0.31321398377596193,0.31321398377596193,0.31321398377596193
cd5b55b6.qasm,512,success,0.2338264,0.18653590007121715,0.18296928010079586,0.0,0.18474398325516478,0.18474398325516478,0.18474398325516478,0.18474398325516478,0.18474398325516478,0.223644547853759,0.19144186664191512,0.0,0.2069176882371605,0.2069176882371605,0.2069176882371605,0.2069176882371605,0.2069176882371605
ce4f4dde.qasm,16,success,0.1818813,0.18761215683921062,0.20153469299104484,0.0,0.19444885813492982,0.19444885813492982,0.19444885813492982,0.19444885813492982,0.19444885813492982,2.3714426270165703,1.5031129850114595,0.0,1.88800058418378,1.88800058418378,1.88800058418378,1.88800058418378,1.88800058418378
ce4f4dde.qasm,64,success,4.050673899999999,4.256139722239203,4.861114338319463,0.0,4.548580199322421,4.548580199322421,4.548580199322421,4.548580199322421,4.548580199322421,3.232443642494762,4.62931024020446,0.0,3.868330965039678,3.868330965039678,3.868330965039678,3.868330965039678,3.868330965039678
ce4f4dde.qasm,512,success,0.1800354,0.18651699458503768,0.18767442550288477,0.0,0.1870948150143975,0.1870948150143975,0.1870948150143975,0.1870948150143975,0.1870948150143975,5.603038514642653,10.649614898989347,0.0,7.724649017602646,7.724649017602646,7.724649017602646,7.724649017602646,7.724649017602646
ce7207a3.qasm,16,success,3.4724855,3.289949358168918,3.3260179569985757,0.0,3.3079344979738887,3.3079344979738887,3.3079344979738887,3.3076630261694087,3.3076630261694087,2.845614480639943,1.5004541475318112,0.0,2.066328640306953,2.066328640306953,2.066328640306953,2.066328640306953,2.066328640306953
ce7207a3.qasm,64,success,0.1853343,0.23258790691134312,0.21980104334293693,0.0,0.22610410126325242,0.22610410126325242,0.22610410126325242,0.1926170741737306,0.1926170741737306,3.60163803970406,1.7614561844974415,0.0,2.5187551686017358,2.5187551686017358,2.5187551686017358,2.5187551686017358,2.5187551686017358
cee426fe.qasm,16,success,60.8826121,63.353098774957445,94.06361427369306,0.0032864949258391883,77.19599371865597,77.19599371865597,77.19599371865597,77.19599371865597,77.19599371865597,46.78183135967104,64.36447444678534,0.009804347826086956,54.87338142600078,54.87338142600078,54.87338142600078,54.87338142600078,54.87338142600078
cee426fe.qasm,64,success,142.56026650000004,87.9943590918171,103.5051662438819,0.0,95.43516525014444,95.43516525014444,95.43516525014444,95.43516525014444,95.43516525014444,59.29527768784655,145.20828649899514,0.0,92.790978389789,92.790978389789,92.790978389789,92.790978389789,92.790978389789
cee426fe.qasm,512,success,11992.309916099994,4880.297390283182,4270.850140015656,0.4187218633101626,14400.0,14400.0,14400.0,14400.0,14400.0,5665.921596368987,5685.481711503179,0.5473459328302833,14400.0,14400.0,14400.0,14400.0,14400.0
cf2c4cc9.qasm,16,success,0.1780009,0.19490091876655904,0.17727462986257894,0.0,0.18587896124687786,0.18587896124687786,0.18587896124687786,0.18587896124687786,0.18587896124687786,0.24460968986234016,0.19622679835136744,0.0,0.2190866866959468,0.2190866866959468,0.2190866866959468,0.2190866866959468,0.2190866866959468
cf2c4cc9.qasm,64,success,0.3343455,0.30905712435685184,0.3598916779460726,0.0,0.3335072518941311,0.3335072518941311,0.3335072518941311,0.3335072518941311,0.3335072518941311,0.3434337656188321,0.39617512614799805,0.0,0.3688630035901172,0.3688630035901172,0.3688630035901172,0.3688630035901172,0.3688630035901172
cf2c4cc9.qasm,512,success,0.1702461,0.19191671452011452,0.18174307507184254,0.0,0.1867606325074172,0.1867606325074172,0.1867606325074172,0.1867606325074172,0.1867606325074172,0.2467750808604094,0.24026127027864153,0.0,0.24349639504649026,0.24349639504649026,0.24349639504649026,0.24349639504649026,0.24349639504649026
cf5bfeb1.qasm,16,success,2.2799182,2.240366883714573,2.2324845542798903,0.0,2.2364222463150725,2.2364222463150725,2.2364222463150725,2.2330597999916684,2.2330597999916684,10.603647501005035,15.117938693813905,0.0,12.66117264912722,12.66117264912722,12.66117264912722,12.66117264912722,12.66117264912722
cf5bfeb1.qasm,64,success,13.079453599999999,13.128942014894042,13.05378968307904,0.0,13.0913119214144,13.0913119214144,13.0913119214144,13.089354636203888,13.089354636203888,13.555189191359858,8.350907480540398,0.0,10.63946102104178,10.63946102104178,10.63946102104178,10.63946102104178,10.63946102104178
cf5bfeb1.qasm,512,success,361.00468059999986,569.0062121596965,574.7141087096012,0.0,571.8530388758862,571.8530388758862,571.8530388758862,565.0261449578765,565.0261449578765,333.3087629664964,988.4876447306096,0.009588290534838418,573.9961620715117,573.9961620715117,573.9961620715117,573.9961620715117,573.9961620715117
d168a391.qasm,16,success,0.17140079999999996,0.22339152027121228,0.1914984096638395,0.0,0.20683114094430877,0.20683114094430877,0.20683114094430877,0.20683114094430877,0.20683114094430877,2.789388221425411,2.4226901724688736,0.0033333333333333335,2.5995813953880678,2.5995813953880678,2.5995813953880678,2.5995813953880678,2.5995813953880678
d168a391.qasm,64,success,2.6421047,2.0783401679275153,2.899310756624555,0.0,2.454741127857911,2.454741127857911,2.454741127857911,2.454741127857911,2.454741127857911,3.5627042844010406,4.857432165715712,0.0,4.159999325478647,4.159999325478647,4.159999325478647,4.159999325478647,4.159999325478647
d168a391.qasm,512,success,0.16305370000000002,0.24162185166584632,0.19612080467359747,0.0,0.21768571835430633,0.21768571835430633,0.21768571835430633,0.21768571835430633,0.21768571835430633,8.866394510630531,3.6018101727868608,0.0,5.651112274971241,5.651112274971241,5.651112274971241,5.651112274971241,5.651112274971241
d20d9d2e.qasm,16,success,7.2601546,8.221783576234314,8.254850640290798,0.0,8.23830051761953,8.23830051761953,8.23830051761953,8.23830051761953,8.23830051761953,5.353235631747907,5.173376090357455,0.0,5.262537527023842,5.262537527023842,5.262537527023842,5.262537527023842,5.262537527023842
d20d9d2e.qasm,64,success,0.21048460000000002,0.21512906718076663,0.24098319149154454,0.0,0.22768945779684227,0.22768945779684227,0.22768945779684227,0.22768945779684227,0.22768945779684227,3.7282345099837473,2.8042983844713323,0.0,3.233431924948736,3.233431924948736,3.233431924948736,3.233431924948736,3.233431924948736
d21812d8.qasm,16,success,5.7262911999999995,6.749668525001467,6.720226721112866,0.0,6.734931534942974,6.734931534942974,6.734931534942974,6.734931534942974,6.734931534942974,3.9228345203820485,5.242237479955526,0.0,4.53480210708363,4.53480210708363,4.53480210708363,4.53480210708363,4.53480210708363
d21812d8.qasm,64,success,0.17260249999999996,0.19605338907364825,0.21988550011255653,0.0,0.207627785966187,0.207627785966187,0.207627785966187,0.207627785966187,0.207627785966187,2.9511103454659087,1.9442834918530625,0.0,2.395369517908699,2.395369517908699,2.395369517908699,2.395369517908699,2.395369517908699
d2ffaf7e.qasm,16,success,0.2321556,0.18102492661104347,0.17876053570932138,0.0,0.1798891682612678,0.1798891682612678,0.1798891682612678,0.1798891682612678,0.1798891682612678,1.0952360581466236,1.2345324009516712,0.0,1.162800241001263,1.162800241001263,1.162800241001263,1.162800241001263,1.162800241001263
d2ffaf7e.qasm,64,success,2.5454339,2.41694156569695,2.4526325193028056,0.0,2.4347216434908896,2.4347216434908896,2.4347216434908896,2.4347216434908896,2.4347216434908896,1.7910454159872167,2.6848560659649143,0.0,2.192874631512694,2.192874631512694,2.192874631512694,2.192874631512694,2.192874631512694
d2ffaf7e.qasm,512,success,0.2593566,0.1754362433071548,0.17489432372320127,0.0,0.17516507394381975,0.17516507394381975,0.17516507394381975,0.17516507394381975,0.17516507394381975,2.330963679419881,2.5804216749219973,0.0,2.4525230277881165,2.4525230277881165,2.4525230277881165,2.4525230277881165,2.4525230277881165
d3f98c63.qasm,16,success,2.2281586,2.2488791639124557,2.2347159241071557,0.0,2.241786358908438,2.241786358908438,2.241786358908438,2.236604146860414,2.236604146860414,10.603647501005035,15.117938693813905,0.0,12.66117264912722,12.66117264912722,12.66117264912722,12.66117264912722,12.66117264912722
d3f98c63.qasm,64,success,13.029918900000004,12.986650709345728,13.11830622545691,0.0,13.052312471291991,13.052312471291991,13.052312471291991,13.105626413273258,13.105626413273258,13.555189191359858,8.389489563316596,0.0,10.66401042055452,10.66401042055452,10.66401042055452,10.66401042055452,10.66401042055452
d3f98c63.qasm,512,success,562.6930221000001,559.2462437349591,569.3487181334966,0.0,564.2748727273546,564.2748727273546,564.2748727273546,565.0261449578765,565.0261449578765,333.3087629664964,988.9137315226474,0.009588290534838418,574.1198590315404,574.1198590315404,574.1198590315404,574.1198590315404,574.1198590315404
d3f998bc.qasm,16,success,1.6935747,1.7562863515022908,1.7523571403732425,0.0,1.7543206458897729,1.7543206458897729,1.7543206458897729,1.7815141,1.7815141,7.2279775986609085,12.286063958628077,0.0,9.423555330589346,9.423555330589346,9.423555330589346,9.423555330589346,9.423555330589346
d3f998bc.qasm,64,success,12.235003299999997,12.349499760093083,12.24038153950292,0.0,12.294819595485698,12.294819595485698,12.294819595485698,12.223726400000002,12.223726400000002,9.539778942276591,7.793538909393321,0.0,8.622565649135044,8.622565649135044,8.622565649135044,8.622565649135044,8.622565649135044
d3f998bc.qasm,512,success,467.8785964000001,492.41083807375566,470.86239767055264,0.0,481.51609303778685,481.51609303778685,481.51609303778685,464.4622878000001,464.4622878000001,183.62363159805886,814.4902331257688,0.006396011396011396,386.7294332058309,386.7294332058309,386.7294332058309,386.7294332058309,386.7294332058309
d49ba491.qasm,16,success,1.0047482,1.1146847809074019,1.0993265430391281,0.0,1.1069790272508608,1.1069790272508608,1.1069790272508608,1.1472961230949488,1.1472961230949488,3.863370549243308,5.46917328013003,0.0,4.596677384716354,4.596677384716354,4.596677384716354,4.596677384716354,4.596677384716354
d49ba491.qasm,64,success,4.3270887,4.273706871896925,4.326182243834899,0.0,4.299864507697383,4.299864507697383,4.299864507697383,4.31601674363046,4.31601674363046,4.35625310686452,3.9428018594982843,0.0,4.144374844314955,4.144374844314955,4.144374844314955,4.144374844314955,4.144374844314955
d49ba491.qasm,512,success,96.86097500000001,94.89565349140612,95.41167565275423,0.0,95.15331477031265,95.15331477031265,95.15331477031265,94.32049462108755,94.32049462108755,67.17003488261871,400.4383144370698,0.0030626780626780625,164.00443758958176,164.00443758958176,164.00443758958176,164.00443758958176,164.00443758958176
d4a7f2c7.qasm,16,success,0.560587,0.5667502077874472,0.5585806568104833,0.0,0.5626506050057977,0.5626506050057977,0.5626506050057977,0.5732643,0.5732643,1.878996465840232,2.295551783331298,0.0,2.0768566845193606,2.0768566845193606,2.0768566845193606,2.0768566845193606,2.0768566845193606
d4a7f2c7.qasm,64,success,1.1167891,1.0915616164380786,1.1216861353452683,0.0,1.1065213649241763,1.1065213649241763,1.1065213649241763,1.1235271,1.1235271,1.4681376033349745,0.8084238567141975,0.0,1.0894390590919707,1.0894390590919707,1.0894390590919707,1.0894390590919707,1.0894390590919707
d4a7f2c7.qasm,512,success,2.7529107,2.7333578338978275,2.7609444692301777,0.0,2.747116523543766,2.747116523543766,2.747116523543766,2.769683,2.769683,2.413631909832828,1.9219250903468639,0.0,2.1537919412908786,2.1537919412908786,2.1537919412908786,2.1537919412908786,2.1537919412908786
d706049b.qasm,16,success,0.2326287,0.28102831459446065,0.25102408124512066,0.0,0.26560285102938797,0.26560285102938797,0.26560285102938797,0.26560285102938797,0.26560285102938797,0.325118265375672,0.27942128870643235,0.0,0.3014049845196163,0.3014049845196163,0.3014049845196163,0.3014049845196163,0.3014049845196163
d706049b.qasm,64,success,1.7873514,1.6940405900790634,1.835723414961532,0.0,1.7634596613201525,1.7634596613201525,1.7634596613201525,1.7634596613201525,1.7634596613201525,0.6076793130317981,0.43261498354650213,0.0,0.5127291448794393,0.5127291448794393,0.5127291448794393,0.5127291448794393,0.5127291448794393
d70a0bd6.qasm,16,success,580.3384012000004,337.9929582772198,441.14281748016816,0.003270735524256651,386.1387909843681,386.1387909843681,386.1387909843681,386.1387909843681,386.1387909843681,12.665666344998748,27.886811895547655,0.27,18.79375042121047,18.79375042121047,18.79375042121047,18.79375042121047,18.79375042121047
d70a0bd6.qasm,64,success,50.607107000000006,70.06626004594716,52.59378374034288,0.0,60.70461043735619,60.70461043735619,60.70461043735619,60.70461043735619,60.70461043735619,6.984850456773457,10.716341503342557,0.4190707964601768,14400.0,14400.0,14400.0,14400.0,14400.0
d70a0bd6.qasm,512,timeout,14399.999999999989,8330.763560128278,11288.989713192186,0.4247512699155695,14400.0,14400.0,14400.0,14400.0,14400.0,228.0663436338725,576.9791019339987,0.4853772390293317,14400.0,14400.0,14400.0,14400.0,14400.0
d7fe8918.qasm,16,success,178.36455989999996,6.268791219361515,18.82703181834638,0.006666666666666667,10.863826754394127,10.863826754394127,10.863826754394127,10.863826754394127,10.863826754394127,1.5585473308365427,3.2238422578052863,0.01653846153846154,2.241542046435998,2.241542046435998,2.241542046435998,2.241542046435998,2.241542046435998
d7fe8918.qasm,64,success,70.26249630000001,7.5550558383114,21.017791855791415,0.0,12.601213872818391,12.601213872818391,12.601213872818391,12.601213872818391,12.601213872818391,3.2334465844233256,10.40347464823812,0.0,5.799920651826214,5.799920651826214,5.799920651826214,5.799920651826214,5.799920651826214
d7fe8918.qasm,512,success,177.67851409999994,33.35244297549751,128.0506128619272,0.0,65.3513638989649,65.3513638989649,65.3513638989649,65.3513638989649,65.3513638989649,92.63904018574297,188.6789654995652,0.0,132.20831391073185,132.20831391073185,132.20831391073185,132.20831391073185,132.20831391073185
d87e1b4b.qasm,16,success,0.17300719999999997,0.20758886329641918,0.20388409365880436,0.0,0.20572813917121754,0.20572813917121754,0.20572813917121754,0.20572813917121754,0.20572813917121754,11.981066235692742,7.163945716285421,0.0,9.264540362895664,9.264540362895664,9.264540362895664,9.264540362895664,9.264540362895664
d87e1b4b.qasm,64,success,10.563292899999999,8.823487073095535,9.249526914117368,0.0,9.033995857811968,9.033995857811968,9.033995857811968,9.033995857811968,9.033995857811968,13.443800803307743,8.09193443497057,0.0,10.430069734051203,10.430069734051203,10.430069734051203,10.430069734051203,10.430069734051203
d87e1b4b.qasm,512,success,0.1801242,0.21818779156823856,0.20711976596192228,0.0,0.21258175915483024,0.21258175915483024,0.21258175915483024,0.21258175915483024,0.21258175915483024,16.561642944775013,22.637124087604874,0.0033333333333333335,19.362540288801927,19.362540288801927,19.362540288801927,19.362540288801927,19.362540288801927
d9b603b5.qasm,16,success,1.2477177,1.1965811327552365,1.2238180993728363,0.0,1.2101229886395468,1.2101229886395468,1.2101229886395468,1.1595966,1.1595966,4.01621669120233,4.166771564951079,0.0,4.090801572746322,4.090801572746322,4.090801572746322,4.090801572746322,4.090801572746322
d9b603b5.qasm,64,success,3.4265954,3.342225584848796,3.4095122928619186,0.0,3.375701292629368,3.375701292629368,3.375701292629368,3.4204512,3.4204512,4.726773525746781,3.1630023848796003,0.0,3.866625910884427,3.866625910884427,3.866625910884427,3.866625910884427,3.866625910884427
d9b603b5.qasm,512,success,71.4677438,70.86498361709155,72.2396398711747,0.0,71.54901044721294,71.54901044721294,71.54901044721294,72.21635219999999,72.21635219999999,46.27892072041256,319.89929883462645,0.0,121.67413155343755,121.67413155343755,121.67413155343755,121.67413155343755,121.67413155343755
d9c77e07.qasm,16,success,0.1766356,0.20716834788572064,0.20978599155194194,0.0,0.20847306127982954,0.20847306127982954,0.20847306127982954,0.20847306127982954,0.20847306127982954,0.2164406791332353,0.20958783651585305,0.0,0.21298669834887984,0.21298669834887984,0.21298669834887984,0.21298669834887984,0.21298669834887984
d9c77e07.qasm,64,success,0.176099,0.19379229962323377,0.19649704215129807,0.0,0.1951399847997933,0.1951399847997933,0.1951399847997933,0.1951399847997933,0.1951399847997933,0.25441250148189676,0.34700488375757477,0.0,0.29712351051910957,0.29712351051910957,0.29712351051910957,0.29712351051910957,0.29712351051910957
d9c77e07.qasm,512,success,0.1867367,0.18993037602422766,0.2196586298499383,0.0,0.20425436632876523,0.20425436632876523,0.20425436632876523,0.20425436632876523,0.20425436632876523,0.2107842653108249,0.23941894128993518,0.0,0.22464582266602356,0.22464582266602356,0.22464582266602356,0.22464582266602356,0.22464582266602356
da0e58a0.qasm,16,success,5.1639064999999995,6.243559557565212,7.033114918916288,0.0,6.626588252747734,6.626588252747734,6.626588252747734,6.626588252747734,6.626588252747734,8.254725800222218,10.767040115436451,0.0,9.427564045548609,9.427564045548609,9.427564045548609,9.427564045548609,9.427564045548609
da0e58a0.qasm,64,success,0.3444672,0.7299596760713095,0.38898104617923324,0.0,0.5328606557692848,0.5328606557692848,0.5328606557692848,0.5328606557692848,0.5328606557692848,3.4475726278752314,1.5294253329350627,0.0,2.2962588952916185,2.2962588952916185,2.2962588952916185,2.2962588952916185,2.2962588952916185
da213329.qasm,16,success,2.1257089,2.1225927344452398,2.12424943803714,0.0,2.1234209246701456,2.1234209246701456,2.1234209246701456,2.1204540836517447,2.1204540836517447,9.880795481426928,13.71580966996107,0.0,11.641439353063829,11.641439353063829,11.641439353063829,11.641439353063829,11.641439353063829
da213329.qasm,64,success,12.139482200000002,12.164406758905768,12.172100142088166,0.0,12.168252842478871,12.168252842478871,12.168252842478871,12.168969412968432,12.168969412968432,11.934112603913636,8.013885321845153,0.0,9.779499467035658,9.779499467035658,9.779499467035658,9.779499467035658,9.779499467035658
da213329.qasm,512,success,495.7341519999999,489.4853806025307,495.43654330495656,0.0,492.4519722409776,492.4519722409776,492.4519722409776,495.93164611702383,495.93164611702383,288.88285455025215,936.3282643940132,0.006396011396011396,520.0857446750738,520.0857446750738,520.0857446750738,520.0857446750738,520.0857446750738
da3a2f77.qasm,16,success,2.3491533,2.375707453370748,2.358900580966811,0.0,2.3672891018976623,2.3672891018976623,2.3672891018976623,2.4096041,2.4096041,12.019293900215937,16.38968158990509,0.0,14.035398104793025,14.035398104793025,14.035398104793025,14.035398104793025,14.035398104793025
da3a2f77.qasm,64,success,18.0994781,18.122311191723956,18.140325520507638,0.0,18.131316118853903,18.131316118853903,18.131316118853903,18.077428899999997,18.077428899999997,16.85656188520631,10.050675941635207,0.0,13.016137714327089,13.016137714327089,13.016137714327089,13.016137714327089,13.016137714327089
da3a2f77.qasm,512,success,815.0945250000003,877.1227007939634,848.2484636774667,0.0,862.564770556455,862.564770556455,862.564770556455,839.2742018,839.2742018,396.9808210121163,1129.3073033952926,0.009588290534838418,669.5620512520421,669.5620512520421,669.5620512520421,669.5620512520421,669.5620512520421
da4d0871.qasm,16,success,56.542467900000005,59.850410261806225,64.63096871334491,0.0,62.19477464475336,62.19477464475336,62.19477464475336,62.19477464475336,62.19477464475336,13.47382147190415,165.84420429592637,0.22333333333333333,47.271082078087765,47.271082078087765,47.271082078087765,47.271082078087765,47.271082078087765
da4d0871.qasm,64,success,3.6433298,3.1642418392756304,3.3476667534868376,0.0,3.254662379623279,3.254662379623279,3.254662379623279,3.254662379623279,3.254662379623279,7.331980245763364,3.4184757182431045,0.48226401179940986,14400.0,14400.0,14400.0,14400.0,14400.0
da505823.qasm,16,success,1.3033438,1.2866303932583338,1.302442169004145,0.0,1.2945121398048147,1.2945121398048147,1.2945121398048147,1.3009129,1.3009129,5.449047309750887,8.536717302909192,0.0,6.820335508867668,6.820335508867668,6.820335508867668,6.820335508867668,6.820335508867668
da505823.qasm,64,success,6.5001772,6.657376415766594,6.493351776916562,0.0,6.574852620319366,6.574852620319366,6.574852620319366,6.5168705,6.5168705,5.751144596522097,4.950106052143798,0.0,5.3356138985123485,5.3356138985123485,5.3356138985123485,5.3356138985123485,5.3356138985123485
da505823.qasm,512,success,202.88012400000008,210.2035442299688,204.22227671947454,0.0,207.19132794870308,207.19132794870308,207.19132794870308,209.0101838,209.0101838,107.01295945238844,570.9388958594782,0.0030626780626780625,247.17981493722695,247.17981493722695,247.17981493722695,247.17981493722695,247.17981493722695
da601912.qasm,16,success,136.53217920000003,157.70715543728565,169.12970218834508,0.0,163.31859732461314,163.31859732461314,163.31859732461314,163.31859732461314,163.31859732461314,10.943507328823884,192.2166276191609,0.27,45.86419162126482,45.86419162126482,45.86419162126482,45.86419162126482,45.86419162126482
da601912.qasm,64,success,15.833468599999998,38.55060923905031,18.410544835397772,0.0,26.64090313460554,26.64090313460554,26.64090313460554,26.64090313460554,26.64090313460554,6.148436460335663,3.807919887418161,0.5155235988200588,14400.0,14400.0,14400.0,14400.0,14400.0
da601912.qasm,512,success,6845.365393099999,6574.512964804811,1390.647246292566,0.5965703701719723,14400.0,14400.0,14400.0,14400.0,14400.0,219.1000840197195,40.806576625599966,0.4820526776258229,14400.0,14400.0,14400.0,14400.0,14400.0
dae23358.qasm,16,success,1.3884339,1.3903948271611832,1.3762785923117227,0.0,1.3833187035108339,1.3833187035108339,1.3833187035108339,1.3827565,1.3827565,4.841352880557585,7.768184947201979,0.0,6.13257894941764,6.13257894941764,6.13257894941764,6.13257894941764,6.13257894941764
dae23358.qasm,64,success,5.7483908,5.7014457635215665,5.7352443822776396,0.0,5.718320101751712,5.718320101751712,5.718320101751712,5.724491800000001,5.724491800000001,5.0074924017367,4.573448220423787,0.0,4.785551923603832,4.785551923603832,4.785551923603832,4.785551923603832,4.785551923603832
dae23358.qasm,512,success,133.9679896,131.3702806822095,134.091817680454,0.0,132.72407364856198,132.72407364856198,132.72407364856198,134.09611699999996,134.09611699999996,79.73072118874646,514.6968351561576,0.0030626780626780625,202.57628158440903,202.57628158440903,202.57628158440903,202.57628158440903,202.57628158440903
db12c1f0.qasm,16,success,4.704939,0.22556253946180752,0.17765385987578275,0.0,0.20018005839437075,0.20018005839437075,0.20018005839437075,0.20018005839437075,0.20018005839437075,1.1550032088862914,2.1566864297697466,0.0,1.578283797973475,1.578283797973475,1.578283797973475,1.578283797973475,1.578283797973475
db12c1f0.qasm,64,success,0.5786665,0.31089249427181104,0.2916997910393438,0.0,0.3011432808727229,0.3011432808727229,0.3011432808727229,0.3011432808727229,0.3011432808727229,1.2620075872166077,1.0588390182427134,0.0,1.1559683709614585,1.1559683709614585,1.1559683709614585,1.1559683709614585,1.1559683709614585
db12c1f0.qasm,512,success,4.6964082,0.2853663093400227,0.19158553410052073,0.0,0.2338205653684095,0.2338205653684095,0.2338205653684095,0.2338205653684095,0.2338205653684095,7.043372731118582,33.807213173781705,0.0,15.431033775587656,15.431033775587656,15.431033775587656,15.431033775587656,15.431033775587656
db6ca211.qasm,16,success,0.2941825,0.2708171088160492,0.2350890900700415,0.0,0.2523215164962442,0.2523215164962442,0.2523215164962442,0.2523215164962442,0.2523215164962442,13.270341148910425,8.604689179901369,0.0,10.68583926968909,10.68583926968909,10.68583926968909,10.68583926968909,10.68583926968909
db6ca211.qasm,64,success,9.5803355,8.58104147288958,10.300589436913416,0.0,9.401584183176915,9.401584183176915,9.401584183176915,9.401584183176915,9.401584183176915,13.773476773329625,11.441013695079251,0.0,12.553188295907942,12.553188295907942,12.553188295907942,12.553188295907942,12.553188295907942
db6ca211.qasm,512,success,0.2892399,0.27657754653332867,0.24139287169704368,0.0,0.2583870124534183,0.2583870124534183,0.2583870124534183,0.2583870124534183,0.2583870124534183,19.364280623712148,27.084457577616426,0.016396108292281823,22.901332648428806,22.901332648428806,22.901332648428806,22.901332648428806,22.901332648428806
dbcc99b4.qasm,16,success,0.16612960000000002,0.1819305384191408,0.18577522276629485,0.0,0.18384283043623934,0.18384283043623934,0.18384283043623934,0.18384283043623934,0.18384283043623934,2.575315389243194,5.1962381645902935,0.0066337358214416395,3.658135059212849,3.658135059212849,3.658135059212849,3.658135059212849,3.658135059212849
dbcc99b4.qasm,64,success,1.0593415,1.0388015900951766,1.0754695691058727,0.0,1.0569765836981229,1.0569765836981229,1.0569765836981229,1.0569765836981229,1.0569765836981229,1.9036385834935425,3.061761846314354,0.0,2.414226166727639,2.414226166727639,2.414226166727639,2.414226166727639,2.414226166727639
dbcc99b4.qasm,512,success,0.1705503,0.17886915804759912,0.17218268686257268,0.0,0.17549408032603772,0.17549408032603772,0.17549408032603772,0.17549408032603772,0.17549408032603772,8.366382098777404,9.900059843948128,0.01,9.100971566554456,9.100971566554456,9.100971566554456,9.100971566554456,9.100971566554456
dc86453a.qasm,16,success,81.20216329999998,74.26142241917856,80.2534366613391,0.12969538464937477,77.19931580330548,77.19931580330548,77.19931580330548,77.19931580330548,77.19931580330548,10.524789911148998,178.37157924978092,0.3299926090169993,43.32809016935558,43.32809016935558,43.32809016935558,43.32809016935558,43.32809016935558
dc86453a.qasm,64,success,13.8824137,41.737537335883204,23.328919723413968,0.0,31.204032719535018,31.204032719535018,31.204032719535018,31.204032719535018,31.204032719535018,4.576738702402276,5.311618053515577,0.572064896755162,14400.0,14400.0,14400.0,14400.0,14400.0
dc86453a.qasm,512,success,232.4684939,903.9479126329358,598.8716512329878,0.03192030018048827,735.7640784022404,735.7640784022404,735.7640784022404,735.7640784022404,735.7640784022404,8.655528334132223,4.535223686395043,0.292552677625823,6.265361691013528,6.265361691013528,6.265361691013528,6.265361691013528,6.265361691013528
de690b52.qasm,16,success,1.2104143,1.2074584221258133,1.2099152683280758,0.0,1.2086862209859714,1.2086862209859714,1.2086862209859714,1.2008959221868147,1.2008959221868147,4.504563760429876,4.544803099025345,0.0,4.524638696974486,4.524638696974486,4.524638696974486,4.524638696974486,4.524638696974486
de690b52.qasm,64,success,4.174748,4.136758214335536,4.156545214051158,0.0,4.146639911721681,4.146639911721681,4.146639911721681,4.156657145099015,4.156657145099015,5.1851985253917725,3.432720858288338,0.0,4.218926300906223,4.218926300906223,4.218926300906223,4.218926300906223,4.218926300906223
de690b52.qasm,512,success,92.09334020000001,91.83302939429379,92.51818965399248,0.0,92.17497290480722,92.17497290480722,92.17497290480722,91.8529027451716,91.8529027451716,57.67869130403423,364.79964877567613,0.0030626780626780625,145.05573525218617,145.05573525218617,145.05573525218617,145.05573525218617,145.05573525218617
deb00fe1.qasm,16,success,0.16799240000000001,0.24886949681942125,0.17660758781581684,0.0,0.20964789890245525,0.20964789890245525,0.20964789890245525,0.20964789890245525,0.20964789890245525,0.21342562784697336,0.18029917413996618,0.0,0.19616438117332377,0.19616438117332377,0.19616438117332377,0.19616438117332377,0.19616438117332377
deb00fe1.qasm,64,success,0.5832587,0.4735840555870687,0.6339177905825726,0.0,0.5479172913614689,0.5479172913614689,0.5479172913614689,0.5479172913614689,0.5479172913614689,0.4842474209778291,0.5887965454357752,0.0,0.5339692955666359,0.5339692955666359,0.5339692955666359,0.5339692955666359,0.5339692955666359
deb00fe1.qasm,512,success,0.19616600000000003,0.21754072700282748,0.17647860494419135,0.0,0.19593693888596955,0.19593693888596955,0.19593693888596955,0.19593693888596955,0.19593693888596955,0.18946340465458253,0.1806243175465386,0.0,0.1849910759084817,0.1849910759084817,0.1849910759084817,0.1849910759084817,0.1849910759084817
df1a7a89.qasm,16,timeout,14399.999999999989,7040.125590544852,8170.022232917396,0.9133915284626343,14400.0,14400.0,14400.0,14400.0,14400.0,9.292176480341158,19.70247263758813,0.11665927568366594,13.53066342969042,13.53066342969042,100.0,100.0,100.0
df1a7a89.qasm,512,timeout,14399.999999999989,7119.102913347005,8974.41538435401,0.8065273401372358,14400.0,14400.0,14400.0,14400.0,14400.0,9.671789841003168,3.4109033765746166,0.1396228530644196,5.743652202753731,5.743652202753731,100.0,100.0,100.0
df43c2c2.qasm,16,success,1.8799254,1.8745050260409395,1.8710826677151247,0.0,1.8727930651222762,1.8727930651222762,1.8727930651222762,1.8685516,1.8685516,9.380098188988734,13.215811973243666,0.0,11.133984639662414,11.133984639662414,11.133984639662414,11.133984639662414,11.133984639662414
df43c2c2.qasm,64,success,11.393904200000001,11.0848149397659,11.322365547533254,0.0,11.20296062542341,11.20296062542341,11.20296062542341,11.3251936,11.3251936,11.956840467914786,7.745790396384047,0.0,9.623678094547348,9.623678094547348,9.623678094547348,9.623678094547348,9.623678094547348
df43c2c2.qasm,512,success,464.5924747999998,463.2494107401231,465.38268475236265,0.0,464.3148225936668,464.3148225936668,464.3148225936668,463.7660308,463.7660308,288.96692543775345,907.0744530409826,0.006396011396011396,511.97120606376325,511.97120606376325,511.97120606376325,511.97120606376325,511.97120606376325
df458745.qasm,16,success,1.3833654,14.017283049525664,6.666777252590377,0.08888681791423267,9.666959386368514,9.666959386368514,9.666959386368514,9.666959386368514,9.666959386368514,10.420365105262402,5.6721153638434565,0.07546733181662102,7.688010991824681,7.688010991824681,7.688010991824681,7.688010991824681,7.688010991824681
df458745.qasm,64,success,2.1396599,6.680369580665826,5.380031069907817,0.0,5.995047614694082,5.995047614694082,5.995047614694082,5.995047614694082,5.995047614694082,5.681679684090303,4.4922160152197215,0.0,5.05206219975754,5.05206219975754,5.05206219975754,5.05206219975754,5.05206219975754
df458745.qasm,512,success,1.372099,4.29192090903831,1.970854648020626,0.11738579509411437,2.9083934177677997,2.9083934177677997,2.9083934177677997,2.9083934177677997,2.9083934177677997,4.022326187966336,3.1692616640484412,0.07387973631491221,3.5704067258254786,3.5704067258254786,3.5704067258254786,3.5704067258254786,3.5704067258254786
df75e229.qasm,16,success,2.3211752,2.338397828777422,2.29460909945292,0.0,2.3163999948311225,2.3163999948311225,2.3163999948311225,2.3592706471615443,2.3592706471615443,9.257529309503056,15.421859411219494,0.0,11.948569600851808,11.948569600851808,11.948569600851808,11.948569600851808,11.948569600851808
df75e229.qasm,64,success,16.271500999999997,16.268861250552966,16.29654410131613,0.0,16.28269679284821,16.28269679284821,16.28269679284821,16.293150197389863,16.293150197389863,12.269652009039426,9.570349587655716,0.0,10.836275146257112,10.836275146257112,10.836275146257112,10.836275146257112,10.836275146257112
df75e229.qasm,512,success,651.6184142999999,532.2661919224483,591.2181014101698,0.0,560.968276672764,560.968276672764,560.968276672764,656.3560725571919,656.3560725571919,216.0320498466549,928.3011194832924,0.009588290534838418,447.82004613116635,447.82004613116635,447.82004613116635,447.82004613116635,447.82004613116635
e10d312f.qasm,16,success,7.8625378,43.94295919376114,34.08713441347519,0.13827061553159542,38.702578164297925,38.702578164297925,38.702578164297925,38.702578164297925,38.702578164297925,5.658595734364292,15.772013949265258,0.08331855136733185,9.447086897856211,9.447086897856211,9.447086897856211,9.447086897856211,9.447086897856211
e10d312f.qasm,64,success,7.698335700000001,18.757474362274163,14.464597457040373,0.0,16.471773309545355,16.471773309545355,16.471773309545355,16.471773309545355,16.471773309545355,4.423144804806343,6.545738357994324,0.31596607669616505,5.38077583734764,5.38077583734764,5.38077583734764,5.38077583734764,5.38077583734764
e10d312f.qasm,512,success,7.852639099999999,28.020178502128843,6.1414738724892235,0.06055405200344843,13.118124643915706,13.118124643915706,13.118124643915706,13.118124643915706,13.118124643915706,4.2336069460202985,2.105083627644852,0.17951758990652497,2.9853134957573304,2.9853134957573304,2.9853134957573304,2.9853134957573304,2.9853134957573304
e260fc6a.qasm,16,success,0.1742876,1.4529466970832343,0.6037496045186568,0.006635071090047393,0.9365980961707595,0.9365980961707595,0.9365980961707595,0.9365980961707595,0.9365980961707595,1.7802651290676987,2.2197050736395574,0.0,1.9878791561398175,1.9878791561398175,1.9878791561398175,1.9878791561398175,1.9878791561398175
e260fc6a.qasm,64,success,0.369846,1.6431789004196273,0.9111802474082646,0.0,1.2236143824834669,1.2236143824834669,1.2236143824834669,1.2236143824834669,1.2236143824834669,1.3926168224228153,1.3451017130611775,0.003325958702064897,1.3686530873375995,1.3686530873375995,1.3686530873375995,1.3686530873375995,1.3686530873375995
e260fc6a.qasm,512,success,0.1705179,2.465431286729593,2.403388901121227,0.0,2.434212437525314,2.434212437525314,2.434212437525314,2.434212437525314,2.434212437525314,2.180382178200525,1.075057881919994,0.0,1.531024835289212,1.531024835289212,1.531024835289212,1.531024835289212,1.531024835289212
e3863462.qasm,16,success,9.1420229,6.155036773872903,6.4723631998468525,0.0,6.31170606959157,6.31170606959157,6.31170606959157,6.31170606959157,6.31170606959157,1.8232994333268029,1.556599534243165,0.0,1.6846801027798508,1.6846801027798508,1.6846801027798508,1.6846801027798508,1.6846801027798508
e3863462.qasm,64,success,36.23688700000001,20.494298965373684,16.19193334364766,0.0,18.216539813370648,18.216539813370648,18.216539813370648,18.216539813370648,18.216539813370648,4.930784468010485,4.798823799794425,0.0,4.86435667449925,4.86435667449925,4.86435667449925,4.86435667449925,4.86435667449925
e3863462.qasm,512,success,3105.4514809999987,1768.5383223178958,1856.6476542685516,0.0,1812.057539819186,1812.057539819186,1812.057539819186,1812.057539819186,1812.057539819186,97.1551282471636,170.47865297873923,0.0,128.69683521187733,128.69683521187733,128.69683521187733,128.69683521187733,128.69683521187733
e3b97044.qasm,16,success,2.6052131,2.596795075368651,2.551044909048201,0.0,2.573818341853332,2.573818341853332,2.573818341853332,2.6050772,2.6050772,10.419878071315553,15.69605023099933,0.0,12.788703202758965,12.788703202758965,12.788703202758965,12.788703202758965,12.788703202758965
e3b97044.qasm,64,success,18.3742898,18.35505158985296,18.393088073336582,0.0,18.37405998909338,18.37405998909338,18.37405998909338,18.3950709,18.3950709,13.023014596034022,10.479955061067207,0.0,11.682491503359156,11.682491503359156,11.682491503359156,11.682491503359156,11.682491503359156
e3b97044.qasm,512,success,703.2050625,704.982092821737,706.331927794986,0.0,705.6566875497753,705.6566875497753,705.6566875497753,708.6173386,708.6173386,217.71295623923888,1038.319724107687,0.009588290534838418,475.4531066856072,475.4531066856072,475.4531066856072,475.4531066856072,475.4531066856072
e4a4359e.qasm,16,success,137.77012070000004,199.48173884851153,196.89980426300457,0.0,198.18656698504,198.18656698504,198.18656698504,197.60745677406757,197.60745677406757,19.653782167570306,25.51894501550977,0.27,22.39517328535399,22.39517328535399,22.39517328535399,22.39517328535399,22.39517328535399
e4a4359e.qasm,64,success,6.0091114,8.193262018552222,7.340132789996924,0.0,7.754974609849573,7.754974609849573,7.754974609849573,7.5610011836052635,7.5610011836052635,8.635210299729136,26.065216872546554,0.4057669616519172,14400.0,14400.0,14400.0,14400.0,14400.0
e4b50619.qasm,16,success,0.17564289999999996,0.18775920618526865,0.1807655724643232,0.0,0.1842292061306431,0.1842292061306431,0.1842292061306431,0.1842292061306431,0.1842292061306431,0.1926788495024568,0.18662778890471896,0.0,0.18962918459812197,0.18962918459812197,0.18962918459812197,0.18962918459812197,0.18962918459812197
e4b50619.qasm,64,success,0.2854015,0.20799614557721668,0.2641935261831468,0.0,0.23441679788903355,0.23441679788903355,0.23441679788903355,0.23441679788903355,0.23441679788903355,0.3144732176884146,0.45355170651403753,0.0,0.3776636923713224,0.3776636923713224,0.3776636923713224,0.3776636923713224,0.3776636923713224
e4b50619.qasm,512,success,0.1787359,0.18650112740773303,0.18889643459581576,0.0,0.1876949600160344,0.1876949600160344,0.1876949600160344,0.1876949600160344,0.1876949600160344,0.21500974851801502,0.18581197875053243,0.0,0.1998784301088708,0.1998784301088708,0.1998784301088708,0.1998784301088708,0.1998784301088708
e61acd2b.qasm,16,success,0.5875065,0.46520897156053287,0.47524750799757637,0.0,0.4702014509040339,0.4702014509040339,0.4702014509040339,0.47163632215224244,0.47163632215224244,0.9449751759442863,1.1680605097849186,0.0,1.0506132427052195,1.0506132427052195,1.0506132427052195,1.0506132427052195,1.0506132427052195
e61acd2b.qasm,64,success,0.340524,0.345082927601577,0.3493873136593136,0.0,0.34722845082799075,0.34722845082799075,0.34722845082799075,0.3477232136709656,0.3477232136709656,0.7407120080783944,0.5029887207863685,0.0,0.6103849485484172,0.6103849485484172,0.6103849485484172,0.6103849485484172,0.6103849485484172
e61acd2b.qasm,512,success,0.3418323,0.3463427685000528,0.348985715540635,0.0,0.3476617305475474,0.3476617305475474,0.3476617305475474,0.3479436646158616,0.3479436646158616,0.8186199452032049,1.0911301113338523,0.0,0.9451036302700805,0.9451036302700805,0.9451036302700805,0.9451036302700805,0.9451036302700805
e66c3381.qasm,16,success,2.1967006,2.1981105260822016,2.2099348718610217,0.0,2.204014769413724,2.204014769413724,2.204014769413724,2.1960926680961323,2.1960926680961323,10.265375457757392,14.754905672774278,0.0,12.307097406570827,12.307097406570827,12.307097406570827,12.307097406570827,12.307097406570827
e66c3381.qasm,64,success,12.685679599999999,12.641258337189411,12.568521531313197,0.0,12.604837467966712,12.604837467966712,12.604837467966712,12.661697861068026,12.661697861068026,12.255321219267003,8.314241194731924,0.0,10.0942407607458,10.0942407607458,10.0942407607458,10.0942407607458,10.0942407607458
e66c3381.qasm,512,success,524.5309873999998,525.4445149934529,524.9831427993056,0.0,525.2137782350345,525.2137782350345,525.2137782350345,524.7183371909765,524.7183371909765,309.74350252410056,962.5868189114692,0.009588290534838418,546.0357248140189,546.0357248140189,546.0357248140189,546.0357248140189,546.0357248140189
e698c12d.qasm,16,success,0.22370250000000003,0.1917247571262368,0.1934321311706479,0.0,0.19257655197116508,0.19257655197116508,0.19257655197116508,0.19257655197116508,0.19257655197116508,0.1886771425802769,0.21531622217614652,0.0,0.2015570627672853,0.2015570627672853,0.2015570627672853,0.2015570627672853,0.2015570627672853
e698c12d.qasm,64,success,0.1696466,0.18191749080551717,0.17698351550153552,0.0,0.17943354495182526,0.17943354495182526,0.17943354495182526,0.17943354495182526,0.17943354495182526,0.1803397531417075,0.19347299455040978,0.0,0.18679098499876226,0.18679098499876226,0.18679098499876226,0.18679098499876226,0.18679098499876226
e7296260.qasm,16,success,2.4096041,2.355880914237856,2.371353159491087,0.0,2.363604376659235,2.363604376659235,2.363604376659235,2.3567967,2.3567967,12.019293900215937,16.38968158990509,0.0,14.035398104793025,14.035398104793025,14.035398104793025,14.035398104793025,14.035398104793025
e7296260.qasm,64,success,18.1512398,18.1299672048533,18.114789276961933,0.0,18.122376651922565,18.122376651922565,18.122376651922565,18.0994781,18.0994781,16.85656188520631,10.093141873849584,0.0,13.043606503291668,13.043606503291668,13.043606503291668,13.043606503291668,13.043606503291668
e7296260.qasm,512,success,839.2742018,682.7880029482285,795.4828875287038,0.0,736.9845128326741,736.9845128326741,736.9845128326741,815.0945250000003,815.0945250000003,396.9808210121163,1129.3073033952926,0.009588290534838418,669.5620512520421,669.5620512520421,669.5620512520421,669.5620512520421,669.5620512520421
e751ad87.qasm,16,success,6.030250200000001,19.507370349314467,21.203593534667068,0.0,20.337805973533136,20.337805973533136,20.337805973533136,20.337805973533136,20.337805973533136,5.030803768719156,5.311590322154798,0.016333333333333335,5.169290919515804,5.169290919515804,5.169290919515804,5.169290919515804,5.169290919515804
e751ad87.qasm,64,success,3.9561276000000003,9.085688711189322,7.620128987872912,0.0,8.320704292481702,8.320704292481702,8.320704292481702,8.320704292481702,8.320704292481702,6.071146661500495,9.358894323833074,0.0,7.537852481275757,7.537852481275757,7.537852481275757,7.537852481275757,7.537852481275757
e751ad87.qasm,512,success,5.8737042,14.860422344520764,8.061031186978541,0.0,10.944876791031259,10.944876791031259,10.944876791031259,10.944876791031259,10.944876791031259,8.751372323351866,12.427079884444835,0.05071382683207109,10.428518732821704,10.428518732821704,10.428518732821704,10.428518732821704,10.428518732821704
e7540ce6.qasm,16,success,2.967996,3.0989976310454375,2.9755013326661874,0.0,3.0366217382323164,3.0366217382323164,3.0366217382323164,3.0019963,3.0019963,14.8699891236335,17.908035632565234,0.0,16.31846485064959,16.31846485064959,16.31846485064959,16.31846485064959,16.31846485064959
e7540ce6.qasm,64,success,23.462013599999995,24.62059606313107,23.464747910177042,0.0,24.03572507788496,24.03572507788496,24.03572507788496,23.571399400000004,23.571399400000004,19.643952924592703,11.47799606621152,0.0,15.015765528048158,15.015765528048158,15.015765528048158,15.015765528048158,15.015765528048158
e7540ce6.qasm,512,success,1121.9413080999996,746.4612843957765,705.0109504417236,0.0,725.4401281841367,725.4401281841367,725.4401281841367,1080.9138732999998,1080.9138732999998,479.06329760870824,1344.5577367852459,0.009458689458689457,802.5760170909923,802.5760170909923,802.5760170909923,802.5760170909923,802.5760170909923
e815593a.qasm,16,success,0.18724260000000004,0.2649655386132121,0.21968833453019046,0.0,0.2412671504491058,0.2412671504491058,0.2412671504491058,0.2412671504491058,0.2412671504491058,0.4495483907231256,0.3079037670399321,0.01,0.3720452162982204,0.3720452162982204,0.3720452162982204,0.3720452162982204,0.3720452162982204
e815593a.qasm,64,success,0.2779193,0.5005710056670805,0.604939379504424,0.0,0.5502863923141742,0.5502863923141742,0.5502863923141742,0.5502863923141742,0.5502863923141742,0.49014542141241074,0.7774917409303822,0.0,0.6173200280267854,0.6173200280267854,0.6173200280267854,0.6173200280267854,0.6173200280267854
e815593a.qasm,512,success,0.17562649999999996,0.36616933832970416,0.3100857752151196,0.0,0.3369627622393515,0.3369627622393515,0.3369627622393515,0.3369627622393515,0.3369627622393515,0.5244222193908781,1.992218826467766,0.0033333333333333335,1.022136888331752,1.022136888331752,1.022136888331752,1.022136888331752,1.022136888331752
e893b1a5.qasm,16,success,29.4305108,21.67415424770907,22.997006260196994,0.0,22.325784665248403,22.325784665248403,22.325784665248403,22.325784665248403,22.325784665248403,12.761526211031681,131.9198284695252,0.07,41.03045635584192,41.03045635584192,41.03045635584192,41.03045635584192,41.03045635584192
e893b1a5.qasm,64,success,2.0071979,2.252802141052281,3.132721962647695,0.0,2.6565772612092857,2.6565772612092857,2.6565772612092857,2.6565772612092857,2.6565772612092857,6.608883662938449,2.507361871130084,0.382485250737463,14400.0,14400.0,14400.0,14400.0,14400.0
ea801020.qasm,16,success,309.4653601,134.79495903982396,104.72650230000028,0.0,118.8133182261676,118.8133182261676,118.8133182261676,118.8133182261676,118.8133182261676,10.298912433113967,15.241874645747512,0.01966666666666667,12.528955754293875,12.528955754293875,12.528955754293875,12.528955754293875,12.528955754293875
ea801020.qasm,64,success,36.0080199,19.505058652533297,12.820418700000141,0.0,15.813381001339891,15.813381001339891,15.813381001339891,15.813381001339891,15.813381001339891,9.58154783489781,18.782668650481572,0.0,13.415179392823065,13.415179392823065,13.415179392823065,13.415179392823065,13.415179392823065
ea801020.qasm,512,success,230.80005270000004,137.99860533263268,104.12417669999942,0.0,119.87072689363542,119.87072689363542,119.87072689363542,119.87072689363542,119.87072689363542,47.003684561635154,782.578851071715,0.12408416804654486,191.79178673859252,191.79178673859252,191.79178673859252,191.79178673859252,191.79178673859252
eb153d64.qasm,16,success,0.181782,0.17488502799743594,0.17136546208844372,0.0,0.1731163008937374,0.1731163008937374,0.1731163008937374,0.1731163008937374,0.1731163008937374,3.900891945297733,3.2434841924767253,0.0,3.557032662365216,3.557032662365216,3.557032662365216,3.557032662365216,3.557032662365216
eb153d64.qasm,64,success,4.883056699999999,4.27764843672948,4.583537707533149,0.0,4.427952451113246,4.427952451113246,4.427952451113246,4.427952451113246,4.427952451113246,4.289123131172571,4.564458258534165,0.0,4.424649533912325,4.424649533912325,4.424649533912325,4.424649533912325,4.424649533912325
eb153d64.qasm,512,success,0.17385960000000003,0.18068539356467697,0.17092237364440216,0.0,0.17573609859942713,0.17573609859942713,0.17573609859942713,0.17573609859942713,0.17573609859942713,7.614062562627085,18.938002113387384,0.0,12.008127785066893,12.008127785066893,12.008127785066893,12.008127785066893,12.008127785066893
ebb0ac17.qasm,16,success,1.1353584,0.24625382550089817,0.41457593748968735,0.0,0.3195166827686103,0.3195166827686103,0.3195166827686103,0.3195166827686103,0.3195166827686103,0.6087752982510464,0.7415302410699254,0.0,0.6718819045557889,0.6718819045557889,0.6718819045557889,0.6718819045557889,0.6718819045557889
ebb0ac17.qasm,64,success,1.2178021,0.2881885080217329,0.46668335744882444,0.0,0.36673257354883243,0.36673257354883243,0.36673257354883243,0.36673257354883243,0.36673257354883243,0.6242715614709086,0.6219576485979728,0.003325958702064897,0.6231135309548583,0.6231135309548583,0.6231135309548583,0.6231135309548583,0.6231135309548583
ebb0ac17.qasm,512,success,3.070161,0.33952924886941316,0.2395098380131951,0.0,0.2851676619069121,0.2851676619069121,0.2851676619069121,0.2851676619069121,0.2851676619069121,0.8576483578436005,0.7558054938933595,0.0,0.8051182153490326,0.8051182153490326,0.8051182153490326,0.8051182153490326,0.8051182153490326
ebc18fd7.qasm,16,success,7.6774203000000005,5.964223301299233,10.141148578325188,0.04949803921568627,7.777150805583282,7.777150805583282,7.777150805583282,7.777150805583282,7.777150805583282,24.981726824504076,21.7747945274987,0.022942028985507245,23.323206652295458,23.323206652295458,23.323206652295458,23.323206652295458,23.323206652295458
ebc18fd7.qasm,64,success,2.5845105,2.4833729103602296,1.5049189443249493,0.0,1.9332032843507414,1.9332032843507414,1.9332032843507414,1.9332032843507414,1.9332032843507414,12.601102281244074,1.8654140633305822,0.0,4.848326866961404,4.848326866961404,4.848326866961404,4.848326866961404,4.848326866961404
ebc18fd7.qasm,512,success,7.634144,34.44744128932192,5.72929325080684,0.015572324568309448,14.048469414369562,14.048469414369562,14.048469414369562,14.048469414369562,7.024234707184781,255.48607210888147,82.23119992883863,0.04457646890285082,144.9445627632135,144.9445627632135,144.9445627632135,144.9445627632135,72.47228138160675
ebc3e166.qasm,16,success,5179.478907899998,2269.1718644915204,2403.7867136713785,0.0,2335.509618670328,2335.509618670328,2335.509618670328,2335.509618670328,2335.509618670328,2.9939005169348274,2.351692016896155,0.0,2.653437759785766,2.653437759785766,100.0,100.0,100.0
ebc3e166.qasm,64,success,595.4877102000002,945.7101507092856,636.260577503465,0.0,775.7048966206024,775.7048966206024,775.7048966206024,775.7048966206024,775.7048966206024,3.069215333461939,8.320668224755886,0.28935840707964594,5.053505961218439,5.053505961218439,100.0,100.0,100.0
ebc3e166.qasm,512,timeout,14399.999999999989,4339.820564628703,5293.256359311691,0.8655791244163832,14400.0,14400.0,14400.0,14400.0,14400.0,2.878925583949529,15.052002800680471,0.42553513376617325,14400.0,14400.0,14400.0,14400.0,14400.0
ec70915a.qasm,16,success,1.0359822,1.384467600796975,1.5186790627335598,0.0,1.4500213647954743,1.4500213647954743,1.4500213647954743,1.4500213647954743,1.4500213647954743,1.0547975801724405,1.3749384969192713,0.0,1.2042764630417635,1.2042764630417635,1.2042764630417635,1.2042764630417635,1.2042764630417635
ec70915a.qasm,64,success,6.390665599999999,1.7893148160673065,1.9085854900832893,0.0,1.847988175053377,1.847988175053377,1.847988175053377,1.847988175053377,1.847988175053377,3.2589862858782856,4.74702318767559,0.0,3.9332535473041865,3.9332535473041865,3.9332535473041865,3.9332535473041865,3.9332535473041865
ec70915a.qasm,512,success,196.3373207,207.69705891190986,217.14253935236127,0.0,212.3672921806676,212.3672921806676,212.3672921806676,212.3672921806676,212.3672921806676,57.42304986225212,111.076029789371,0.0,79.86441258217612,79.86441258217612,79.86441258217612,79.86441258217612,79.86441258217612
eca6fb66.qasm,16,success,2.0567893,2.06511581503186,2.0664429421772814,0.0,2.065779272030599,2.065779272030599,2.065779272030599,2.0660882,2.0660882,8.270867692211711,13.951121310810871,0.0,10.741875000190236,10.741875000190236,10.741875000190236,10.741875000190236,10.741875000190236
eca6fb66.qasm,64,success,12.525143000000002,12.429152439113242,12.51607263003402,0.0,12.47253681725197,12.47253681725197,12.47253681725197,12.550837200000002,12.550837200000002,9.972930036395418,7.748436384922082,0.0,8.79059804326694,8.79059804326694,8.79059804326694,8.79059804326694,8.79059804326694
eca6fb66.qasm,512,success,519.2628030999998,501.2889192029536,502.36075674942884,0.0,501.82455181158616,501.82455181158616,501.82455181158616,497.82790249999994,497.82790249999994,183.866570578801,830.790845801833,0.006396011396011396,390.83841122111386,390.83841122111386,390.83841122111386,390.83841122111386,390.83841122111386
ed52defd.qasm,16,success,0.5929218,0.5818743574898245,0.5700518965565804,0.0,0.5759327921248417,0.5759327921248417,0.5759327921248417,0.577280553631525,0.577280553631525,1.273668001655239,1.5424637633878262,0.0,1.4016371638693774,1.4016371638693774,1.4016371638693774,1.4016371638693774,1.4016371638693774
ed52defd.qasm,64,success,0.4510283,0.4562656280043111,0.4548402523197968,0.0,0.4555523826809947,0.4555523826809947,0.4555523826809947,0.45458733676055035,0.45458733676055035,0.992707013353337,0.5614074782969123,0.0,0.746534085661436,0.746534085661436,0.746534085661436,0.746534085661436,0.746534085661436
ed52defd.qasm,512,success,0.4499749,0.46283730109171217,0.4556725527378127,0.0,0.459240954718479,0.459240954718479,0.459240954718479,0.45197577479592865,0.45197577479592865,0.8802459511741529,1.1428105471890924,0.0,1.002972759910416,1.002972759910416,1.002972759910416,1.002972759910416,1.002972759910416
eefd994e.qasm,16,success,2.240148,2.2360450271514423,2.2214348300631275,0.0,2.228727956683737,2.228727956683737,2.228727956683737,2.2330597999916684,2.2330597999916684,10.603647501005035,15.09406212974851,0.0,12.6511704668826,12.6511704668826,12.6511704668826,12.6511704668826,12.6511704668826
eefd994e.qasm,64,success,13.1561919,13.053078576867193,12.820472680426372,0.0,12.936252830328598,12.936252830328598,12.936252830328598,13.063214318758714,13.063214318758714,13.555189191359858,8.352773185990765,0.0,10.640649454268402,10.640649454268402,10.640649454268402,10.640649454268402,10.640649454268402
eefd994e.qasm,512,success,565.6982321,563.5496307848813,568.0716103132237,0.0,565.8061030524412,565.8061030524412,565.8061030524412,563.5233266052599,563.5233266052599,333.3087629664964,988.1952255593342,0.009588290534838418,573.9112546383626,573.9112546383626,573.9112546383626,573.9112546383626,573.9112546383626
ef8d10d7.qasm,16,success,3.2810824999999997,3.367095909586004,4.162906732132563,0.0,3.743915895122591,3.743915895122591,3.743915895122591,3.743915895122591,3.743915895122591,2.4820627573632237,1.9417870568143685,0.0,2.195367244095823,2.195367244095823,2.195367244095823,2.195367244095823,2.195367244095823
ef8d10d7.qasm,64,success,0.3767518,2.611446615155678,0.9701667838206038,0.0,1.5917093841982544,1.5917093841982544,1.5917093841982544,1.5917093841982544,1.5917093841982544,5.114166279876977,6.2826886253523915,0.0,5.668396097199262,5.668396097199262,5.668396097199262,5.668396097199262,5.668396097199262
ef8d10d7.qasm,512,success,630.5900887999998,769.8995466252558,739.9246877345707,0.0,754.7633282186414,754.7633282186414,754.7633282186414,754.7633282186414,754.7633282186414,75.91686836522798,303.21432053049176,0.0,151.7204062022158,151.7204062022158,151.7204062022158,151.7204062022158,151.7204062022158
efafd44f.qasm,16,success,4.6616661,3.243550083379534,3.343532064185856,0.0,3.2931616579773575,3.2931616579773575,3.2931616579773575,3.2931616579773575,3.2931616579773575,0.42613895942623725,0.7852829178903348,0.0033333333333333335,0.5784804624920246,0.5784804624920246,0.5784804624920246,0.5784804624920246,0.5784804624920246
efafd44f.qasm,64,success,3.6616828,3.1760182449246233,2.3389409052033505,0.0,2.7255309553784848,2.7255309553784848,2.7255309553784848,2.7255309553784848,2.7255309553784848,0.6883077663324795,1.121038737872298,0.0,0.8784188463580819,0.8784188463580819,0.8784188463580819,0.8784188463580819,0.8784188463580819
efafd44f.qasm,512,success,4.7884434,3.2140701998461516,2.9791127199126612,0.0,3.0943621984269876,3.0943621984269876,3.0943621984269876,3.0943621984269876,3.0943621984269876,0.41961837588865786,0.4982902642604495,0.0,0.45726551522075215,0.45726551522075215,0.45726551522075215,0.45726551522075215,0.45726551522075215
f030e083.qasm,16,success,18.2983299,6.848722188114418,6.655745223222411,0.0,6.751544266959959,6.751544266959959,6.751544266959959,6.751544266959959,6.751544266959959,2.6482204148715325,2.065461111203585,0.0,2.338759560282454,2.338759560282454,2.338759560282454,2.338759560282454,2.338759560282454
f030e083.qasm,64,success,89.51382609999997,17.549825581342272,9.398655507648982,0.0,12.843082373727949,12.843082373727949,12.843082373727949,12.843082373727949,12.843082373727949,5.775881653774049,3.903127348619753,0.0,4.748052405485494,4.748052405485494,4.748052405485494,4.748052405485494,4.748052405485494
f030e083.qasm,512,success,6472.491164400003,1223.2698791986172,1274.4637421164014,0.0,1248.60446413656,1248.60446413656,1248.60446413656,1248.60446413656,1248.60446413656,105.47808507098333,141.93807479280247,0.0,122.35749395851006,122.35749395851006,122.35749395851006,122.35749395851006,122.35749395851006
f05a6196.qasm,16,success,104.72650230000006,322.6847707231502,309.4347765377867,0.0,315.9903320053714,315.9903320053714,315.9903320053714,315.9903320053714,315.9903320053714,10.298912433113967,15.241874645747512,0.01966666666666667,12.528955754293875,12.528955754293875,12.528955754293875,12.528955754293875,12.528955754293875
f05a6196.qasm,64,success,12.820418699999998,37.32125722978346,36.01293554814419,0.0,36.661260632879255,36.661260632879255,36.661260632879255,36.661260632879255,36.661260632879255,9.58154783489781,18.782668650481572,0.0,13.415179392823065,13.415179392823065,13.415179392823065,13.415179392823065,13.415179392823065
f05a6196.qasm,512,success,104.12417669999996,262.95145681701433,230.80005270001632,0.009068493150684932,246.3518014768979,246.3518014768979,246.3518014768979,246.3518014768979,246.3518014768979,47.003684561635154,782.578851071715,0.12408416804654486,191.79178673859252,191.79178673859252,191.79178673859252,191.79178673859252,191.79178673859252
f0c5e28f.qasm,16,success,0.1777949,0.26533584843989827,0.22750842197587257,0.0,0.24569521804909136,0.24569521804909136,0.24569521804909136,0.24569521804909136,0.24569521804909136,0.3408958060486838,0.21436525307218998,0.0,0.2703261284723959,0.2703261284723959,0.2703261284723959,0.2703261284723959,0.2703261284723959
f0c5e28f.qasm,64,success,0.16618189999999997,0.3249771574390368,0.26335706803642095,0.0,0.2925491947723581,0.2925491947723581,0.2925491947723581,0.2925491947723581,0.2925491947723581,0.4893855742220191,0.34505416176778947,0.0,0.41093129485891816,0.41093129485891816,0.41093129485891816,0.41093129485891816,0.41093129485891816
f0c5e28f.qasm,512,success,0.1739449,0.32848170702780355,0.4604483134016052,0.0,0.3889072485622148,0.3889072485622148,0.3889072485622148,0.3889072485622148,0.3889072485622148,0.3673105142831166,0.38495122034206064,0.0,0.3760274334643094,0.3760274334643094,0.3760274334643094,0.3760274334643094,0.3760274334643094
f0e878db.qasm,16,success,2.1514548,4.801782248549478,6.208453315596745,0.0,5.46000374741452,5.46000374741452,5.46000374741452,5.46000374741452,5.46000374741452,4.964616926280819,8.402362249170206,0.0,6.458677096973758,6.458677096973758,6.458677096973758,6.458677096973758,6.458677096973758
f0e878db.qasm,64,success,13.338250099999998,3.477160281384522,5.371808791151305,0.0,4.321879240305485,4.321879240305485,4.321879240305485,4.321879240305485,4.321879240305485,5.102315451964147,4.540009150761272,0.0,4.812957390418895,4.812957390418895,4.812957390418895,4.812957390418895,4.812957390418895
f0e878db.qasm,512,success,505.65583810000004,109.84832450005206,126.34786287965139,0.13551962145588292,117.80959655941452,117.80959655941452,117.80959655941452,117.80959655941452,117.80959655941452,72.89308987860946,111.5942942551292,0.0522163528956402,90.1912020159346,90.1912020159346,90.1912020159346,90.1912020159346,90.1912020159346
f0e91b40.qasm,16,success,1.7400719,2.894642201160249,3.0715190436857718,0.0,2.981769381679309,2.981769381679309,2.981769381679309,2.981769381679309,2.981769381679309,1.6621962384757507,1.5538854665393174,0.0,1.607128674843365,1.607128674843365,1.607128674843365,1.607128674843365,1.607128674843365
f0e91b40.qasm,64,success,8.277378,1.4821020790379065,1.3658946160683276,0.0,1.4228124437962832,1.4228124437962832,1.4228124437962832,1.4228124437962832,1.4228124437962832,4.36271922415506,6.16154845752411,0.0,5.1846992107742755,5.1846992107742755,5.1846992107742755,5.1846992107742755,5.1846992107742755
f0e91b40.qasm,512,success,402.45571770000015,615.6357001852149,679.0149059718923,0.0,646.5491606012673,646.5491606012673,646.5491606012673,646.5491606012673,646.5491606012673,79.88601874426357,254.11277613595504,0.0,142.4782720191179,142.4782720191179,142.4782720191179,142.4782720191179,142.4782720191179
f1167cc3.qasm,16,success,1.4061182,1.3912921825056792,1.3788864047562288,0.0,1.3850754042653068,1.3850754042653068,1.3850754042653068,1.3827565,1.3827565,4.841352880557585,7.770294131038738,0.0,6.1334114385131615,6.1334114385131615,6.1334114385131615,6.1334114385131615,6.1334114385131615
f1167cc3.qasm,64,success,5.718801399999999,5.691771592088851,5.731224990339625,0.0,5.711464224512377,5.711464224512377,5.711464224512377,5.724491800000001,5.724491800000001,5.0074924017367,4.573448220423787,0.0,4.785551923603832,4.785551923603832,4.785551923603832,4.785551923603832,4.785551923603832
f1167cc3.qasm,512,success,134.19674820000006,131.74576855161595,133.9167592955531,0.0,132.8268285224578,132.8268285224578,132.8268285224578,134.09611699999996,134.09611699999996,79.73072118874646,514.9411467345772,0.0030626780626780625,202.62435440713432,202.62435440713432,202.62435440713432,202.62435440713432,202.62435440713432
f163436d.qasm,16,success,0.18145439999999996,0.22906368770515295,0.27156532272851935,0.0,0.24941081427443085,0.24941081427443085,0.24941081427443085,0.24941081427443085,0.24941081427443085,0.20024250895966808,0.2704302255398686,0.0,0.2327050211332626,0.2327050211332626,0.2327050211332626,0.2327050211332626,0.2327050211332626
f163436d.qasm,64,success,0.2191586,0.22973991148687894,0.23916128921282293,0.0,0.23440327091327415,0.23440327091327415,0.23440327091327415,0.23440327091327415,0.23440327091327415,0.1994844466412564,0.2369188187564132,0.03,0.21739737684370344,0.21739737684370344,0.21739737684370344,0.21739737684370344,0.21739737684370344
f1bcea54.qasm,16,success,1.8772476000000002,1.842934062355587,1.8691036886890033,0.0,1.8559727514054287,1.8559727514054287,1.8559727514054287,1.8559727514054287,1.8559727514054287,8.948949469396144,12.978725124194794,0.0,10.777103289548702,10.777103289548702,10.777103289548702,10.777103289548702,10.777103289548702
f1bcea54.qasm,64,success,10.650654699999999,10.554406208676916,10.718715824570133,0.0,10.636243737705831,10.636243737705831,10.636243737705831,10.636243737705831,10.636243737705831,11.671640152525637,7.186817297211178,0.0,9.158708715479259,9.158708715479259,9.158708715479259,9.158708715479259,9.158708715479259
f1bcea54.qasm,512,success,446.20097660000005,435.1654297227262,436.7362639072935,0.0,435.9501393034705,435.9501393034705,435.9501393034705,435.9501393034705,435.9501393034705,270.1506305131917,864.1118387483242,0.006396011396011396,483.15665996835145,483.15665996835145,483.15665996835145,483.15665996835145,483.15665996835145
f27a09cf.qasm,16,success,0.177527,0.16966244985907233,0.16921498507392066,0.0,0.16943856975466873,0.16943856975466873,0.16943856975466873,0.16943856975466873,0.16943856975466873,15.621434916512301,9.532336145444571,0.0,12.202818063807232,12.202818063807232,12.202818063807232,12.202818063807232,12.202818063807232
f27a09cf.qasm,64,success,9.6810114,10.229958508766574,10.268666249976736,0.0,10.249294106309646,10.249294106309646,10.249294106309646,10.249294106309646,10.249294106309646,15.616551405604998,8.804660931554132,0.0,11.725972882730758,11.725972882730758,11.725972882730758,11.725972882730758,11.725972882730758
f2a5a67a.qasm,16,success,0.4595018,0.4679120646345558,0.4707338539545965,0.0,0.4693208385500016,0.4693208385500016,0.4693208385500016,0.47119446535389237,0.47119446535389237,0.9435936657193089,1.165594921744304,0.0,1.0487363753358223,1.0487363753358223,1.0487363753358223,1.0487363753358223,1.0487363753358223
f2a5a67a.qasm,64,success,0.341567,0.34575175043146833,0.3468162386622002,0.0,0.3462835855126743,0.3462835855126743,0.3462835855126743,0.34724978555986463,0.34724978555986463,0.7335868715935514,0.5020016316369291,0.0,0.6068457847652838,0.6068457847652838,0.6068457847652838,0.6068457847652838,0.6068457847652838
f2a5a67a.qasm,512,success,0.3407394,0.34645984746086506,0.3478329941301862,0.0,0.3471457418552045,0.3471457418552045,0.3471457418552045,0.34768536517523707,0.34768536517523707,0.8186199452032049,1.0911301113338523,0.0,0.9451036302700805,0.9451036302700805,0.9451036302700805,0.9451036302700805,0.9451036302700805
f5398281.qasm,16,success,2.3567967,2.404542380506908,2.415301364847245,0.0,2.409915868546323,2.409915868546323,2.409915868546323,2.4096041,2.4096041,12.019293900215937,16.38968158990509,0.0,14.035398104793025,14.035398104793025,14.035398104793025,14.035398104793025,14.035398104793025
f5398281.qasm,64,success,18.203299199999996,18.122823389376162,18.08478195899039,0.0,18.103792682146995,18.103792682146995,18.103792682146995,18.077428899999997,18.077428899999997,16.85656188520631,10.093141873849584,0.0,13.043606503291668,13.043606503291668,13.043606503291668,13.043606503291668,13.043606503291668
f5398281.qasm,512,success,322.2864782000001,787.8925510667555,840.1887699350748,0.0,813.6205954385529,813.6205954385529,813.6205954385529,839.2742018,839.2742018,396.9808210121163,1128.4867929644652,0.009588290534838418,669.3187682803792,669.3187682803792,669.3187682803792,669.3187682803792,669.3187682803792
f5aeb6f0.qasm,16,success,2.2514043,2.2028068363697617,2.197026750618032,0.0,2.1999148951604113,2.1999148951604113,2.1999148951604113,2.1967006,2.1967006,10.265375457757392,14.754905672774278,0.0,12.307097406570827,12.307097406570827,12.307097406570827,12.307097406570827,12.307097406570827
f5aeb6f0.qasm,64,success,12.647261799999999,12.733460241326764,12.681443324770274,0.0,12.707425167145427,12.707425167145427,12.707425167145427,12.6793433,12.6793433,12.255321219267003,8.285396999334669,0.0,10.076715816971188,10.076715816971188,10.076715816971188,10.076715816971188,10.076715816971188
f5aeb6f0.qasm,512,success,525.0129456,514.706204024207,523.693540934283,0.0,519.1804257926915,519.1804257926915,519.1804257926915,524.4238940999999,524.4238940999999,309.74350252410056,962.5868189114692,0.009588290534838418,546.0357248140189,546.0357248140189,546.0357248140189,546.0357248140189,546.0357248140189
f5d72dae.qasm,16,success,0.28022519999999995,0.5214198830062428,0.2503217368137759,0.0,0.3612792973910331,0.3612792973910331,0.3612792973910331,0.3612792973910331,0.3612792973910331,0.2603449579495353,0.22658495915090968,0.0,0.24287908856494989,0.24287908856494989,0.24287908856494989,0.24287908856494989,0.24287908856494989
f5d72dae.qasm,64,success,2.0205184,0.683959118578497,0.5158852452697503,0.0,0.594007085515274,0.594007085515274,0.594007085515274,0.594007085515274,0.594007085515274,0.39793458902084794,0.6029770333156265,0.0,0.48984223780872954,0.48984223780872954,0.48984223780872954,0.48984223780872954,0.48984223780872954
f5d72dae.qasm,512,success,34.9589754,2.75360758882275,3.5251475758090636,0.0,3.1155855174377667,3.1155855174377667,3.1155855174377667,3.1155855174377667,3.1155855174377667,0.5455564553920718,0.8316014057191489,0.0,0.6735618124591113,0.6735618124591113,0.6735618124591113,0.6735618124591113,0.6735618124591113
f67ec297.qasm,16,success,1.3940487,1.3803548194527313,1.4075895234707474,0.0,1.3939056576877862,1.3939056576877862,1.3939056576877862,1.3949663255685905,1.3949663255685905,6.666034763873783,10.336287400370153,0.0,8.300725940558332,8.300725940558332,8.300725940558332,8.300725940558332,8.300725940558332
f67ec297.qasm,64,success,7.96335,7.881095942243432,7.933918756487782,0.0,7.90746324163729,7.90746324163729,7.90746324163729,7.922822165924973,7.922822165924973,8.152262895549812,5.87075500449028,0.0,6.918087755440045,6.918087755440045,6.918087755440045,6.918087755440045,6.918087755440045
f67ec297.qasm,512,success,284.6133111999999,282.92615511522575,285.0980150240013,0.0,284.01000901680135,284.01000901680135,284.01000901680135,284.5703712970326,284.5703712970326,178.12707622057752,744.2540110299892,0.006396011396011396,364.1040935642022,364.1040935642022,364.1040935642022,364.1040935642022,364.1040935642022
f7ff0727.qasm,16,success,0.1900845,0.18411302820297676,0.18738119728451183,0.0,0.18573992478826645,0.18573992478826645,0.18573992478826645,0.18573992478826645,0.18573992478826645,0.18863520694421562,0.19532461033550044,0.0,0.19195077049060102,0.19195077049060102,0.19195077049060102,0.19195077049060102,0.19195077049060102
f7ff0727.qasm,64,success,0.172657,0.18139380957831974,0.18439756228610976,0.0,0.1828895193826944,0.1828895193826944,0.1828895193826944,0.1828895193826944,0.1828895193826944,0.27715696989949434,0.44781633487191924,0.0,0.35230018229430193,0.35230018229430193,0.35230018229430193,0.35230018229430193,0.35230018229430193
f8a38627.qasm,16,success,168.1454513,158.49140840085377,135.17721514051271,0.0,146.37085506112572,146.37085506112572,146.37085506112572,146.37085506112572,146.37085506112572,30.38427955747507,225.38900937029297,0.27,82.75435136528681,82.75435136528681,82.75435136528681,82.75435136528681,82.75435136528681
f8a38627.qasm,64,success,293.6294401000001,215.86331918289042,252.9666067226456,0.0,233.67971963690636,233.67971963690636,233.67971963690636,233.67971963690636,233.67971963690636,14.605303488974721,18.139836080119235,0.5088716814159291,14400.0,14400.0,14400.0,14400.0,14400.0
f8a38627.qasm,512,success,13907.117731399987,7951.614771935965,8832.478749327021,0.6675593160198517,14400.0,14400.0,14400.0,14400.0,14400.0,1036.8160413527237,228.15540836963353,0.3756667127135419,14400.0,14400.0,14400.0,14400.0,14400.0
f8d235ae.qasm,16,success,0.1790703,0.1987489820263133,0.21803996396468175,0.0,0.20817113363536874,0.20817113363536874,0.20817113363536874,0.20817113363536874,0.20817113363536874,0.1873218662417103,0.21965874391194404,0.0,0.20284695177866313,0.20284695177866313,0.20284695177866313,0.20284695177866313,0.20284695177866313
f8d235ae.qasm,64,success,0.2438151,0.18637260672838696,0.18127356411647214,0.0,0.1838054043692195,0.1838054043692195,0.1838054043692195,0.1838054043692195,0.1838054043692195,0.1877842379966591,0.20095201342017122,0.0,0.19425658473781854,0.19425658473781854,0.19425658473781854,0.19425658473781854,0.19425658473781854
f98536e0.qasm,16,success,0.1788549,0.19235163105633019,0.19651956600461118,0.0,0.19442443019196198,0.19442443019196198,0.19442443019196198,0.19442443019196198,0.19442443019196198,0.18273649405462333,0.21950701085441363,0.0,0.20027965843775974,0.20027965843775974,0.20027965843775974,0.20027965843775974,0.20027965843775974
f98536e0.qasm,64,success,0.1664448,0.18020923897463115,0.17474904698348842,0.0,0.1774581437084151,0.1774581437084151,0.1774581437084151,0.1774581437084151,0.1774581437084151,0.18118279205359025,0.19100223596372623,0.0,0.18602773556754001,0.18602773556754001,0.18602773556754001,0.18602773556754001,0.18602773556754001
f9fee41b.qasm,16,success,2.5416661,2.6160624931263015,2.601212731648825,0.0,2.60862704576739,2.60862704576739,2.60862704576739,2.6051451491138304,2.6051451491138304,10.38561821770303,15.69605023099933,0.0,12.767661697626876,12.767661697626876,12.767661697626876,12.767661697626876,12.767661697626876
f9fee41b.qasm,64,success,18.3950709,18.514709749043494,18.38216541359995,0.0,18.44831854646133,18.44831854646133,18.44831854646133,18.395993132235738,18.395993132235738,12.942895227286378,10.479955061067207,0.0,11.646499918089658,11.646499918089658,11.646499918089658,11.646499918089658,11.646499918089658
f9fee41b.qasm,512,success,708.6173386,700.4250864316716,697.8621978257206,0.0,699.1424677628131,699.1424677628131,699.1424677628131,703.9560296633532,703.9560296633532,216.8834884633256,1038.319724107687,0.009588290534838418,474.5465244891729,474.5465244891729,474.5465244891729,474.5465244891729,474.5465244891729
fabdaac7.qasm,16,success,0.17383599999999996,0.24072414167452644,0.17799484267338225,0.0,0.20699675293357217,0.20699675293357217,0.20699675293357217,0.20699675293357217,0.20699675293357217,0.279075818961413,0.17664242958388804,0.0,0.22202844569887273,0.22202844569887273,0.22202844569887273,0.22202844569887273,0.22202844569887273
fabdaac7.qasm,64,success,1.2635249,1.0492448256678106,1.3543185037998704,0.0,1.1920619457134705,1.1920619457134705,1.1920619457134705,1.1920619457134705,1.1920619457134705,0.9574199290892221,2.1098988847608307,0.0,1.421287880984406,1.421287880984406,1.421287880984406,1.421287880984406,1.421287880984406
fabdaac7.qasm,512,success,0.1686687,0.27337169610225004,0.18379840974059158,0.0,0.22415459623144432,0.22415459623144432,0.22415459623144432,0.22415459623144432,0.22415459623144432,0.31179791099307336,0.189892635962706,0.0,0.2433272019445008,0.2433272019445008,0.2433272019445008,0.2433272019445008,0.2433272019445008
fadf1f0d.qasm,16,success,189.90480990000003,169.6957954703657,186.41654245245377,0.0,177.85978595597246,177.85978595597246,177.85978595597246,172.76663423683712,172.76663423683712,19.804598174734092,25.51894501550977,0.27,22.480935298054316,22.480935298054316,22.480935298054316,22.480935298054316,22.480935298054316
fadf1f0d.qasm,64,success,6.8785139,7.898624713424617,7.432215999032984,0.0,7.661872157995835,7.661872157995835,7.661872157995835,7.265834068812019,7.265834068812019,8.717506167633166,26.111372091200963,0.4057669616519172,14400.0,14400.0,14400.0,14400.0,14400.0
fb107df5.qasm,16,success,17.846512699999998,6.19332668721192,7.104372064041436,0.0,6.633226748733279,6.633226748733279,6.633226748733279,6.633226748733279,6.633226748733279,0.28932047253185766,0.9256295064501868,0.0033333333333333335,0.5174974069457723,0.5174974069457723,0.5174974069457723,0.5174974069457723,0.5174974069457723
fb107df5.qasm,64,success,11.952432699999996,7.763693870028299,4.662964481324644,0.0,6.0167955557605435,6.0167955557605435,6.0167955557605435,6.0167955557605435,6.0167955557605435,2.37908778912218,2.5566127188133594,0.0,2.4662534542993186,2.4662534542993186,2.4662534542993186,2.4662534542993186,2.4662534542993186
fb107df5.qasm,512,success,18.1957599,6.861895337680189,8.244441861382262,0.0,7.521469083257227,7.521469083257227,7.521469083257227,7.521469083257227,7.521469083257227,0.26636834312054714,0.5512635647678893,0.0,0.38319598428212825,0.38319598428212825,0.38319598428212825,0.38319598428212825,0.38319598428212825
fb7e6eb0.qasm,16,success,3.5610047999999996,2.729432662371108,2.990133095893944,0.0,2.856810623189743,2.856810623189743,2.856810623189743,2.856810623189743,2.856810623189743,3.9945881726791694,8.632918763906583,0.0,5.872389223306074,5.872389223306074,5.872389223306074,5.872389223306074,5.872389223306074
fb7e6eb0.qasm,64,success,13.2631154,10.21076668632574,11.5104429744725,0.0,10.841146049592542,10.841146049592542,10.841146049592542,10.841146049592542,10.841146049592542,3.897696770835555,4.5712359537881175,0.0,4.221053377512221,4.221053377512221,4.221053377512221,4.221053377512221,4.221053377512221
fb7e6eb0.qasm,512,success,543.1701861,397.9385928248562,431.7130817919333,0.0,414.4819613353081,414.4819613353081,414.4819613353081,414.4819613353081,414.4819613353081,64.04072545322865,132.91780499201428,0.006327396098388465,92.2613280705376,92.2613280705376,92.2613280705376,92.2613280705376,92.2613280705376
fb8a2851.qasm,16,success,0.1633197,0.19971193606580392,0.19982029997166895,0.0,0.19976611067093364,0.19976611067093364,0.19976611067093364,0.19976611067093364,0.19976611067093364,0.23799965141185772,0.19098107040713158,0.0,0.21319809610585355,0.21319809610585355,0.21319809610585355,0.21319809610585355,0.21319809610585355
fb8a2851.qasm,64,success,1.2676421,1.112902563058305,1.128157764248155,0.0,1.1205042022972955,1.1205042022972955,1.1205042022972955,1.1205042022972955,1.1205042022972955,0.6902589641679066,1.133994996685756,0.0,0.8847317174058466,0.8847317174058466,0.8847317174058466,0.8847317174058466,0.8847317174058466
fb8a2851.qasm,512,success,0.1731245,0.20877855009192683,0.20595080701052837,0.0,0.20735985840543086,0.20735985840543086,0.20735985840543086,0.20735985840543086,0.20735985840543086,0.26114962297851796,0.18561765880108794,0.0,0.2201680758285799,0.2201680758285799,0.2201680758285799,0.2201680758285799,0.2201680758285799
fb9223a1.qasm,16,success,0.1798739,0.20304510561167205,0.19322212426503488,0.0,0.1980727306519139,0.1980727306519139,0.1980727306519139,0.1980727306519139,0.1980727306519139,0.2079027361728454,0.199755721551136,0.0,0.20378852047321555,0.20378852047321555,0.20378852047321555,0.20378852047321555,0.20378852047321555
fb9223a1.qasm,64,success,0.16640830000000004,0.19413986950405057,0.1662095213410006,0.0,0.1796326662482984,0.1796326662482984,0.1796326662482984,0.1796326662482984,0.1796326662482984,0.30673384782221863,0.30189818015692377,0.0,0.3043064088218626,0.3043064088218626,0.3043064088218626,0.3043064088218626,0.3043064088218626
fb9223a1.qasm,512,success,0.1863105,0.19625759058853523,0.18715356373057856,0.0,0.19165152618182102,0.19165152618182102,0.19165152618182102,0.19165152618182102,0.19165152618182102,0.21757196401641404,0.20175628063711068,0.0,0.20951494035238388,0.20951494035238388,0.20951494035238388,0.20951494035238388,0.20951494035238388
fb9be929.qasm,16,success,0.23531889999999997,0.18945483754619047,0.18461255212921876,0.0,0.1870180233898026,0.1870180233898026,0.1870180233898026,0.1870180233898026,0.1870180233898026,0.1910395159441597,0.19817482013080132,0.0,0.1945744631499961,0.1945744631499961,0.1945744631499961,0.1945744631499961,0.1945744631499961
fb9be929.qasm,64,success,0.1624003,0.19254609366742945,0.1898520045307976,0.0,0.19119430390923314,0.19119430390923314,0.19119430390923314,0.19119430390923314,0.19119430390923314,0.22565974500958688,0.3572625637065154,0.0,0.2839362235212048,0.2839362235212048,0.2839362235212048,0.2839362235212048,0.2839362235212048
fb9be929.qasm,512,success,0.22522469999999997,0.18562415501832785,0.17932302637276795,0.0,0.18244639005958538,0.18244639005958538,0.18244639005958538,0.18244639005958538,0.18244639005958538,0.2005952612393197,0.23052481732689775,0.0,0.21503996362033617,0.21503996362033617,0.21503996362033617,0.21503996362033617,0.21503996362033617
fbcf0ea3.qasm,16,success,2.0731039,2.0637073942418436,2.063066336360366,0.0,2.063386840405433,2.063386840405433,2.063386840405433,2.0660882,2.0660882,8.270867692211711,13.951121310810871,0.0,10.741875000190236,10.741875000190236,10.741875000190236,10.741875000190236,10.741875000190236
fbcf0ea3.qasm,64,success,12.510124499999996,12.516511225412257,12.56856406115584,0.0,12.542510640169704,12.542510640169704,12.542510640169704,12.550837200000002,12.550837200000002,9.972930036395418,7.748436384922082,0.0,8.79059804326694,8.79059804326694,8.79059804326694,8.79059804326694,8.79059804326694
fbcf0ea3.qasm,512,success,498.21153809999976,499.59824319916487,497.3629942322389,0.0,498.4793658224006,498.4793658224006,498.4793658224006,497.82790249999994,497.82790249999994,183.866570578801,830.790845801833,0.006396011396011396,390.83841122111386,390.83841122111386,390.83841122111386,390.83841122111386,390.83841122111386
fbdc2a1f.qasm,16,success,0.5656909,0.5976532989858561,0.5841611398925912,0.0,0.5908687099484499,0.5908687099484499,0.5908687099484499,0.5823536,0.5823536,1.273668001655239,1.5445980201050085,0.0,1.402606528441881,1.402606528441881,1.402606528441881,1.402606528441881,1.402606528441881
fbdc2a1f.qasm,64,success,0.4538723,0.4544638776968093,0.45235820072259647,0.0,0.4534098168416105,0.4534098168416105,0.4534098168416105,0.4523345,0.4523345,0.992707013353337,0.5604660152504432,0.0,0.7459078656813543,0.7459078656813543,0.7459078656813543,0.7459078656813543,0.7459078656813543
fbdc2a1f.qasm,512,success,0.4505086,0.4577139742405001,0.4508113067768096,0.0,0.45424952928689627,0.45424952928689627,0.45424952928689627,0.4509034,0.4509034,0.8802459511741529,1.1445211936168154,0.0,1.0037231424622084,1.0037231424622084,1.0037231424622084,1.0037231424622084,1.0037231424622084
fbe1d41c.qasm,16,success,0.22265400000000002,0.19088844543611286,0.18409509952215278,0.0,0.18746100223830614,0.18746100223830614,0.18746100223830614,0.18746100223830614,0.18746100223830614,0.21386064232341828,0.19844486650324406,0.0,0.20600860811181837,0.20600860811181837,0.20600860811181837,0.20600860811181837,0.20600860811181837
fbe1d41c.qasm,64,success,0.1667608,0.1984665660498237,0.19518740959961503,0.0,0.19682015882372414,0.19682015882372414,0.19682015882372414,0.19682015882372414,0.19682015882372414,0.2932336917764731,0.2852591001391987,0.0,0.28921891197957966,0.28921891197957966,0.28921891197957966,0.28921891197957966,0.28921891197957966
fbe1d41c.qasm,512,success,0.21397250000000004,0.19505991412366505,0.19982826920491392,0.0,0.19742969642531272,0.19742969642531272,0.19742969642531272,0.19742969642531272,0.19742969642531272,0.2316757415612873,0.19739386310182572,0.0,0.21384894110975322,0.21384894110975322,0.21384894110975322,0.21384894110975322,0.21384894110975322
fc1ce5ab.qasm,16,success,62.19422269999998,62.12670101922254,62.98763601839802,0.0,62.555687437855134,62.555687437855134,62.555687437855134,62.555687437855134,62.555687437855134,16.57941780088738,166.1597258843985,0.15,52.48648890065293,52.48648890065293,52.48648890065293,52.48648890065293,52.48648890065293
fc1ce5ab.qasm,64,success,3.1473689,3.846175159055235,3.3438666555796033,0.0,3.586237145795489,3.586237145795489,3.586237145795489,3.586237145795489,3.586237145795489,8.30076985656432,3.1176884862070215,0.4589823008849556,14400.0,14400.0,14400.0,14400.0,14400.0
fc330f35.qasm,16,success,1.8849809,1.8691979320590928,1.8789339558342926,0.0,1.8740596214424636,1.8740596214424636,1.8740596214424636,1.8683486889826748,1.8683486889826748,9.380098188988734,13.202823216739706,0.0,11.128511946566732,11.128511946566732,11.128511946566732,11.128511946566732,11.128511946566732
fc330f35.qasm,64,success,11.3087631,11.42726280407951,11.396068329663828,0.0,11.411654907870107,11.411654907870107,11.411654907870107,11.333648284999459,11.333648284999459,11.956840467914786,7.744046698417816,0.0,9.622594813721715,9.622594813721715,9.622594813721715,9.622594813721715,9.622594813721715
fc330f35.qasm,512,success,463.7660308,466.72279174144205,467.64191264377996,0.0,467.1821261611068,467.1821261611068,467.1821261611068,464.4592680536541,464.4592680536541,288.96692543775345,900.299126626064,0.006396011396011396,510.0555563812913,510.0555563812913,510.0555563812913,510.0555563812913,510.0555563812913
fc56714f.qasm,16,success,0.1707354,0.24474117204913112,0.263227994575417,0.0,0.2538163271118111,0.2538163271118111,0.2538163271118111,0.2538163271118111,0.2538163271118111,0.24768947856173676,0.28530801816978585,0.0,0.26583414801329935,0.26583414801329935,0.26583414801329935,0.26583414801329935,0.26583414801329935
fc56714f.qasm,64,success,0.18016170000000004,0.2307320675171663,0.253326888588169,0.0,0.2417656649767271,0.2417656649767271,0.2417656649767271,0.2417656649767271,0.2417656649767271,0.26491102088237267,0.39043231141843926,0.0,0.3216050717935325,0.3216050717935325,0.3216050717935325,0.3216050717935325,0.3216050717935325
fc56714f.qasm,512,success,0.1801311,0.21950986313269283,0.42465753856329097,0.0,0.30531380278050685,0.30531380278050685,0.30531380278050685,0.30531380278050685,0.30531380278050685,0.2159878166318618,0.35554750008069536,0.0,0.2771171742266186,0.2771171742266186,0.2771171742266186,0.2771171742266186,0.2771171742266186
fc5872f2.qasm,16,success,440.7522683000002,137.53562126268397,289.3609421697628,0.006573859242072699,199.49294962598034,199.49294962598034,199.49294962598034,199.49294962598034,199.49294962598034,27.57479477523713,21.406574339186182,0.0,24.295717611215288,24.295717611215288,24.295717611215288,24.295717611215288,24.295717611215288
fc5872f2.qasm,64,success,97.44292890000001,19.789981667362074,23.838600524690843,0.0,21.720162691821614,21.720162691821614,21.720162691821614,21.720162691821614,21.720162691821614,9.508718442368561,9.81586145591039,0.28935840707964594,9.66106944667876,9.66106944667876,9.66106944667876,9.66106944667876,9.66106944667876
fc5872f2.qasm,512,success,3531.155154499999,732.9786770476676,7033.146718261097,0.7862093144636148,14400.0,14400.0,14400.0,14400.0,14400.0,113.9997816020533,135.25382728521993,0.4654298706082789,14400.0,14400.0,14400.0,14400.0,14400.0
fc66bdd4.qasm,16,success,0.7283128,2.5781868857755237,1.866859783952381,0.0,2.1938809020928542,2.1938809020928542,2.1938809020928542,2.1938809020928542,2.1938809020928542,2.0048122780044677,1.5220624242030092,0.016333333333333335,1.7468398426677352,1.7468398426677352,1.7468398426677352,1.7468398426677352,1.7468398426677352
fc66bdd4.qasm,64,success,1.3749575,2.097764413495461,2.0828488832457395,0.0,2.090293344476242,2.090293344476242,2.090293344476242,2.090293344476242,2.090293344476242,3.1670284351859523,3.627485802989846,0.0,3.38944695876808,3.38944695876808,3.38944695876808,3.38944695876808,3.38944695876808
fc66bdd4.qasm,512,success,0.727108,3.422302318170853,2.2104917887564617,0.0,2.750449267475929,2.750449267475929,2.750449267475929,2.750449267475929,2.750449267475929,3.522426077463262,4.89163510181694,0.006150004071771764,4.1509544738619635,4.1509544738619635,4.1509544738619635,4.1509544738619635,4.1509544738619635
fdf0b97e.qasm,16,success,1.9983464,2.0003742728099208,1.9997617221299662,0.0,2.000067974019595,2.000067974019595,2.000067974019595,1.9975159082659666,1.9975159082659666,8.729851618428423,13.480112046212517,0.0,10.848012627353679,10.848012627353679,10.848012627353679,10.848012627353679,10.848012627353679
fdf0b97e.qasm,64,success,11.459351800000002,11.555299004819238,11.443367222308826,0.0,11.499196923077985,11.499196923077985,11.499196923077985,11.469621425600435,11.469621425600435,10.453044080360794,7.420524372577079,0.0,8.807216834275163,8.807216834275163,8.807216834275163,8.807216834275163,8.807216834275163
fdf0b97e.qasm,512,success,436.84951509999985,446.18021166811417,447.49712973990876,0.0,446.83818555292055,446.83818555292055,446.83818555292055,445.4479891816859,445.4479891816859,215.40297839117912,906.6398132556582,0.006396011396011396,441.9195810362913,441.9195810362913,441.9195810362913,441.9195810362913,441.9195810362913
ffe82f32.qasm,16,success,0.2051507,0.21181246255347164,0.19483691503834807,0.0,0.20314745080998198,0.20314745080998198,0.20314745080998198,0.20314745080998198,0.20314745080998198,0.29609682400629245,0.2613802219175308,0.0,0.2781975081984754,0.2781975081984754,0.2781975081984754,0.2781975081984754,0.2781975081984754
ffe82f32.qasm,64,success,1.3167689,1.0848740013119755,1.2121150399545375,0.0,1.1467310466913785,1.1467310466913785,1.1467310466913785,1.1467310466913785,1.1467310466913785,0.455393299503649,0.29708046852331493,0.0,0.36781578919198443,0.36781578919198443,0.36781578919198443,0.36781578919198443,0.36781578919198443
