filename,threshold,status,actual_s,matched_global_pred_s,matched_specialist_pred_s,matched_timeout_probability,matched_merged_pred_s,structural_global_pred_s,structural_specialist_pred_s,structural_timeout_probability,structural_merged_pred_s
0071a13b.qasm,16,success,1.8681458000000002,1.8681729476014861,1.8686626794833534,0.0,1.8684177974969378,11.238756317901652,10.815243080488523,0.0,11.02496628114946
0071a13b.qasm,64,success,11.326891999999999,11.229983322090154,11.333199789492392,0.0,11.281473512884533,14.824042831654511,6.428022278852847,0.0,9.761622692183101
0071a13b.qasm,512,success,464.3260994999999,465.7227577487957,465.42167459979663,0.0,465.57219183568094,315.4153703165132,971.8902888107203,0.04198005698005698,553.668795718394
00c20ece.qasm,16,success,161.77874129999995,57.961432824265536,56.978787116312176,0.006481180992766635,57.46800972584881,9.916621281841284,15.082645221322734,0.0,12.229835672985583
00c20ece.qasm,64,success,167.99894330000006,56.797689354653535,61.732054233433566,0.0,59.21349541764261,10.459457178558095,4.2944815431648475,0.04988938053097344,6.702085183347106
00c20ece.qasm,512,success,161.38951989999995,63.98608945996318,54.50254384906762,0.02545408614374131,59.05425172264912,8.402002213057658,4.301978213148424,0.15951786618777924,6.012090357554425
03042ac9.qasm,16,success,1.8659897,1.873428187767996,1.8699139406803982,0.0,1.8716702394308113,11.238756317901652,10.815243080488523,0.0,11.02496628114946
03042ac9.qasm,64,success,11.3251936,11.08248885138225,11.236075482332343,0.0,11.159017934667801,14.824042831654511,6.428022278852847,0.0,9.761622692183101
03042ac9.qasm,512,success,463.7429635000002,465.87348210296904,466.7508861618023,0.0,466.3119777690097,315.4153703165132,971.8902888107203,0.04198005698005698,553.668795718394
03934028.qasm,16,success,1794.6356796999994,1057.700872867475,3392.7186420738517,0.35670770140556585,14400.0,18.655039055063124,40.56219555322561,0.19658536585365857,27.50798688025956
03934028.qasm,64,success,1229.5821331999996,691.2373014862505,485.51404291762685,0.10962264150943397,579.3146095689799,8.49774700373154,21.4877840791299,0.382441198304323,14400.0
03934028.qasm,512,timeout,14399.999999999989,1255.7726207995129,1881.8859771059354,0.6529966886843156,14400.0,15.26655699165017,12.766138813375074,0.6381325459317598,14400.0
03ee478e.qasm,16,success,0.17734450000000002,0.20006988091615233,0.2016796649721536,0.0,0.20087316036292222,0.21743667868365635,0.20969448696905552,0.0,0.21353049614709532
03ee478e.qasm,64,success,1.1159592,1.1883131295484262,1.210176309111208,0.0,1.199194895413295,0.7695695232501122,0.9644622117076312,0.0,0.8615223296331852
03ee478e.qasm,512,success,0.18746530000000003,0.20192528686099476,0.21163831975307681,0.0,0.20672476490957484,0.24917282915760408,0.23761287454798102,0.0,0.2433242121026826
04276362.qasm,16,success,0.17990670000000003,0.19797234695724078,0.19259534562834213,0.0,0.19526533892906814,0.20814077130612588,0.19738080085004417,0.0,0.20268939816859935
04276362.qasm,64,success,0.21635210000000002,0.21445216897155978,0.22889192957881788,0.0,0.22155444197366708,0.20352021338765763,0.21165218137303574,0.0,0.2075463734132771
0491d461.qasm,16,success,0.5425538,0.5411356432533773,0.5400337469037192,0.0,0.5405844143233095,2.270423707010233,1.5854537307024812,0.0,1.897274818405265
0491d461.qasm,64,success,1.3414259,1.3403896991087556,1.343538108829411,0.0,1.3419629806499882,2.1610903742559158,0.8071189560106786,0.0,1.3207032243142898
0491d461.qasm,512,success,3.4521178,3.5783787159060334,3.4781114049219184,0.0,3.5278888620423725,4.726108038687005,1.6120394748903495,0.0030626780626780625,2.7601943266661606
0525d9ee.qasm,16,success,0.5416311,0.5404931267490259,0.5430553964356141,0.0,0.5417727468389463,2.248409863368049,1.5833087182824528,0.0,1.886776865170572
0525d9ee.qasm,64,success,1.3424445,1.3399134490136175,1.3393506219362403,0.0,1.3396320059169686,2.1401366177176064,0.8073163242258327,0.0,1.314445597032028
0525d9ee.qasm,512,success,3.4716296,3.539206962463527,3.4510251192871104,0.0,3.494837926115811,4.658878400311034,1.6120394748903495,0.0030626780626780625,2.740491906577246
0534bf07.qasm,16,timeout,14399.999999999989,1306.64556876863,1342.541066359514,0.0,1324.47171930871,2.883298224040134,2.65732092091562,0.09645232815964518,2.768004460253036
0534bf07.qasm,64,success,1767.644607299999,577.3238685967895,442.0083951392848,0.5499685534591194,14400.0,4.391267688217981,5.112000157541851,0.4622495230095007,14400.0
0534bf07.qasm,512,timeout,14399.999999999989,1769.5609558173521,924.922482066507,0.722813567503574,14400.0,3.935358787960011,2.5817501140072014,0.6314834231247423,14400.0
055dc894.qasm,16,success,4.6650311,4.588281691744585,5.00995383580979,0.0,4.794484274802829,1.3482163780905723,1.2549898301317322,0.0,1.3007681743188164
055dc894.qasm,64,success,3.8863319000000005,6.538633143944551,6.3425611507815285,0.0,6.439850973275328,3.9517264526551252,3.9368620165152417,0.0,3.9442872323293696
055dc894.qasm,512,success,1383.5908082999997,1131.692119106634,1145.3499326123815,0.0,1138.5005456110887,100.21625460003344,185.37708332639016,0.0,136.30039244128798
056c2b99.qasm,16,success,0.5823536,0.5800132551809637,0.5741011206033986,0.0,0.577049616379923,1.283701511682961,1.0367432934910097,0.0,1.1536329282235234
056c2b99.qasm,64,success,0.4523345,0.4579823460210743,0.454910886557721,0.0,0.4564440327753578,1.1466580404923354,0.47202136825645036,0.0,0.7356949756491833
056c2b99.qasm,512,success,0.4509034,0.45828466721714906,0.45492922482908343,0.0,0.4566038637683129,1.046905912144919,0.9063262331725463,0.0,0.9740833084702628
058c7d32.qasm,16,success,0.21540330000000002,0.554946158755981,0.49658533400144506,0.0,0.5249553539098899,0.7140225885657959,0.7126099536641063,0.0,0.713315921421215
058c7d32.qasm,64,success,0.6617786,0.6245448810497548,0.8233208888909217,0.0,0.7170779920051648,0.7120960079096916,0.694466841770131,0.0,0.7032261838485266
067475b0.qasm,16,success,1.4051409,1.3925507871219116,1.3809483115605303,0.0,1.3867374150279106,7.525608038822582,5.207997721612686,0.0,6.260459209989163
067475b0.qasm,64,success,5.705375600000001,5.739387529029974,5.762418204491194,0.0,5.750891337863379,9.147528342251166,3.2545434974571514,0.0,5.4562834314282584
067475b0.qasm,512,success,134.09611699999996,134.69849044783209,135.3031719585061,0.0,135.00049264952412,104.30233163305468,501.03145905965334,0.04170940170940171,228.60172659328992
06857ab2.qasm,16,success,86.8517603,93.27507490487861,82.26129104899829,0.0,87.59525149440083,11.923452367080083,57.45234301025005,0.0,26.173083029323525
06857ab2.qasm,64,success,144.50145770000006,135.98980205986155,165.172404957986,0.0,149.87248798891605,6.385722592407101,11.393284486741102,0.27935850475688123,8.529616295514352
06857ab2.qasm,512,success,5763.222492099998,3382.5567231139316,4858.364653577274,0.22925023887301965,4053.8492846055437,250.48287789989521,216.61185654386196,0.4485801906340652,14400.0
06a7dabf.qasm,16,success,1.4427283,1.4613285895489634,1.4755592280827912,0.0,1.4684266701371855,8.269531812903498,7.167939273029304,0.0,7.69905850421181
06a7dabf.qasm,64,success,8.5008263,8.446435222445974,8.46735742388437,0.0,8.456889853021401,11.205373172344471,5.049809501593043,0.0,7.522300174454679
06a7dabf.qasm,512,success,307.49403430000007,314.0424608460476,313.23154350368134,0.0,313.63674009353866,151.89774165894184,792.3807022131984,0.04170940170940171,346.93059709444964
06e45cf2.qasm,16,success,0.5780354,0.5745688822273042,0.5618791641383154,0.0,0.5681885983419273,2.034070306781165,1.4044789919515,0.0,1.6902097544466157
06e45cf2.qasm,64,success,1.1292338,1.0946211427608965,1.1254595207442981,0.0,1.1099332352570828,1.3894006603987987,0.7140110824612886,0.0,0.9960157978183758
06e45cf2.qasm,512,success,2.7696830000000006,2.701662833469136,2.781819905768662,0.0,2.741448421696058,3.673975925414244,1.5207688820879441,0.0,2.3637403116480966
0732491c.qasm,16,success,5.4931465,14.064286626257894,14.808859279600462,0.0,14.431771946515088,3.2266486077633254,2.701640010749421,0.0,2.952497752643059
0732491c.qasm,64,success,1.8221959,8.125618203137304,4.576397029820315,0.0,6.098036980069197,3.1900589507834782,3.169221515272736,0.2061800712392636,3.1796231634914487
0732491c.qasm,512,success,5.6868296,14.062066801763525,22.709753601065653,0.00632183908045977,17.870256634692602,4.2827385598521515,1.8924751616080546,0.6281675876041823,14400.0
07fc5b22.qasm,16,success,0.5416286,0.5380847638453178,0.5455765352287734,0.0,0.5418177010011035,2.270423707010233,1.585459977166583,0.0,1.8972785558991891
07fc5b22.qasm,64,success,1.3364759,1.3466438152614602,1.3415231794819473,0.0,1.344081058820209,2.1610903742559158,0.8100335480614522,0.0,1.323085675056597
07fc5b22.qasm,512,success,3.4643763999999995,3.553767327402577,3.4692643016054188,0.0,3.5112616144584634,4.726108038687005,1.6120381320102537,0.0030626780626780625,2.760193177001139
08239e90.qasm,16,success,63.96641980000001,47.82775932068487,51.255386415072444,0.0,49.51192063886016,11.418248114621493,74.58031674465492,0.0,29.181784747638893
08239e90.qasm,64,success,3.2675198000000005,3.2393729862635605,3.275321425881649,0.0,3.257297614331742,6.359176587337271,5.674764802586748,0.22612848137946295,6.00723159793721
0885b672.qasm,16,success,1.6545858,1.6395583782511933,1.6365612274436367,0.0,1.6380591173630674,9.62195496777056,7.940749017988537,0.0,8.741025652716846
0885b672.qasm,64,success,8.9290951,8.920335319091587,8.839912928538894,0.0,8.8800330806895,13.212710859339833,5.76960458534335,0.0,8.73110056973707
0885b672.qasm,512,success,332.10055049999994,338.9245085129,334.7660502391599,0.0,336.8388621345705,215.817049473028,768.2414358854674,0.04170940170940171,407.1849702232686
0a0f4c36.qasm,16,success,0.1840534,0.2645255389425668,0.26873102621832795,0.0,0.26661999088776567,0.30425615759455443,0.2630219048429283,0.0,0.28288873100692763
0a0f4c36.qasm,64,success,0.2601157,0.31561492070144315,0.3295888390361814,0.0,0.3225262086970377,0.3344728280717917,0.30497027027673923,0.0,0.3193810714135696
0a0f4c36.qasm,512,success,0.1663742,0.3690870773941674,0.4575840322398916,0.0,0.41096028168383875,0.7101241751988085,0.8739247573164318,0.0,0.7877785840419566
0b0e43d6.qasm,16,success,1.7875699999999999,1.7943700520436296,1.789260160021282,0.0,1.7918132844850159,8.78912646015437,9.037827164254583,0.0,8.912609375017615
0b0e43d6.qasm,64,success,9.9584508,9.978242353570494,10.022768307169278,0.0,10.00048054958463,11.250920970212649,5.667244158762214,0.0,7.985093371347197
0b0e43d6.qasm,512,success,373.94553460000003,382.48726006396794,382.809172554574,0.0,382.64818245714116,181.96414487112233,941.4872721112924,0.04198005698005698,413.90448943781337
0b325fdd.qasm,16,success,204.4226061999999,161.84671067702283,186.5522967149484,0.0,173.76097258175776,17.58985497630155,66.14127050735243,0.0,34.10887503528459
0b325fdd.qasm,64,success,7.900632200000002,7.053978373395511,6.8314448807066475,0.0,6.941819966518015,8.900262582604217,6.765378006161027,0.22612848137946295,7.759744887907625
0bde3200.qasm,16,success,0.23376710000000003,0.31913650111266423,0.3869797556477285,0.0,0.3514247646635761,0.3664394111246356,0.4865574425401048,0.0,0.42224853193670747
0bde3200.qasm,64,success,0.232663,0.3530894303038138,0.4017345709698567,0.0,0.3766274429686368,0.8022349204115464,0.6817351746518528,0.0,0.7395348291856043
0c0ce4a1.qasm,16,success,0.5861573,0.579516049352644,0.5821202120041954,0.0,0.5808166711699957,1.2837540835857573,1.0369800869465897,0.0,1.1537882913319921
0c0ce4a1.qasm,64,success,0.4553035,0.4523430267220396,0.45085727621701444,0.0,0.45159954045997314,1.1371937065379956,0.47155368901946154,0.0,0.7322894833654973
0c0ce4a1.qasm,512,success,0.4561859,0.45816250252166596,0.4488569701518699,0.0,0.4534858682683215,1.0475356810200789,0.9038052839911315,0.0,0.9730201866740462
0c676248.qasm,16,success,0.1680261,0.17516323492890326,0.1743980495237786,0.0,0.1747802234804503,20.102761955378508,11.33071663129088,0.0,15.092339090501804
0c676248.qasm,64,success,10.329900999999996,9.598451731767346,9.911343554926841,0.0,9.753643048057922,19.628264938576084,14.416346406543603,0.0,16.821648751353923
0c676248.qasm,512,success,0.18101140000000002,0.1818101815396133,0.17523170206108288,0.0,0.17849063718643876,21.249757279798597,36.74105358588307,0.009642537980339589,27.941697709768626
0cc92082.qasm,16,success,0.2225849,0.5499931055132172,0.5337906097207501,0.0,0.5418312976694029,1.1879490924668223,1.00584690785259,0.0,1.0931124925386426
0cc92082.qasm,64,success,0.5742476,0.43079749750739954,0.298208348211453,0.0,0.35842350668630696,0.747245651250556,0.327625927667243,0.0,0.49478990459211725
0cc92082.qasm,512,success,0.18362349999999997,0.43183302039913446,0.6363255266990732,0.0,0.5242007002585277,0.6698067458369195,0.6838340447897984,0.0,0.6767840543579267
0cd81bd7.qasm,16,success,1.4029748,1.386219242181297,1.398192818744897,0.0,1.3921931581586957,9.481034992455388,7.189267759727148,0.0,8.25600988372134
0cd81bd7.qasm,64,success,7.957766300000001,7.904505986890631,7.952692272569112,0.0,7.928562522955937,12.199251086750543,5.868333337425282,0.0,8.46104437076179
0cd81bd7.qasm,512,success,285.46857679999994,288.35365644683543,285.4626613435153,0.0,286.9045175270812,165.62952627978373,740.9425650320346,0.04170940170940171,350.31695084135436
0d08bd43.qasm,16,success,2469.4623289000006,4432.876395476238,6404.040930528687,0.6399971984769613,14400.0,3.014624606710327,3.1656882266991206,0.0,3.089233177566942
0d08bd43.qasm,64,success,188.07979880000005,1129.0272958505614,660.0968876378118,0.0,863.2887141907338,2.955949358685934,2.953979992368125,0.22612848137946295,2.9549645114639933
0d08bd43.qasm,512,timeout,14399.999999999989,10119.356401893338,11726.062679197768,0.9694280381900361,14400.0,7.225278737353866,6.651737960872065,0.634807984528251,14400.0
0d094263.qasm,16,success,0.17983059999999998,0.22289563222265332,0.21634676429487257,0.0,0.2195967868772924,0.2696886009136904,0.24186093563427383,0.0,0.25539604019421175
0d094263.qasm,64,success,0.3547080000000001,0.24237894548294578,0.3195175638596087,0.0,0.27828821425200845,0.3080626120591746,0.5506852904775119,0.0,0.4118805033102048
0d094263.qasm,512,success,0.17570119999999997,0.21338142848755734,0.22898860690401582,0.0,0.2210473163115866,0.31360405263069946,0.3187879378395394,0.0,0.31618537163547444
0d6f51b4.qasm,16,success,0.1818558,0.21238140930126695,0.21402477157481503,0.0,0.2132015070594975,0.20807865512113274,0.210550494759448,0.0,0.20931092609951124
0d6f51b4.qasm,64,success,0.2284205,0.2548547978253221,0.25654538315557474,0.0,0.2556986933035322,0.29679064623072215,0.3316830257535319,0.0,0.31375216263342637
0d6f51b4.qasm,512,success,0.1679753,0.2151641306473152,0.22581448420308095,0.0,0.22042499218810874,0.21693031868894527,0.1996467055306394,0.0,0.20810916235466334
0e8ddfa3.qasm,16,success,1.1595966,1.1943776254606155,1.2266734624022002,0.0,1.2104178358069133,5.157278892095364,2.930191453726642,0.0,3.88739173921315
0e8ddfa3.qasm,64,success,3.4204512,3.3505057046578317,3.39848637538874,0.0,3.37441076159111,6.36842335979388,2.3498795948890847,0.0,3.868465859329073
0e8ddfa3.qasm,512,success,72.21635219999999,70.16610083538863,72.04162119755239,0.0,71.09767687690179,70.34842322993104,404.19984006161917,0.035313390313390314,168.62627736543675
0ee54ab9.qasm,16,success,0.17814270000000001,0.21264399173546616,0.19035738088787552,0.0,0.20119232919847216,0.22138856995802547,0.2061224991167763,0.0,0.21361920633603493
0ee54ab9.qasm,64,success,0.2257454,0.25527940009316175,0.24031619774605292,0.0,0.24768482955821503,0.30322647042639356,0.30884370727767774,0.0,0.30602220061821084
0ee54ab9.qasm,512,success,0.1782451,0.2296902966134227,0.18729373866910431,0.0,0.20741155799218,0.24167318735057025,0.21793521472449848,0.0,0.2294974901352964
0f6ae53c.qasm,16,success,0.17492429999999998,0.39463577158529484,0.3358803514056891,0.0,0.36407471985476286,2.869810298304674,2.514111238110417,0.006538734896943852,2.6860793588821585
0f6ae53c.qasm,64,success,0.6351061,1.0691332959869237,1.1459612893154822,0.0,1.106880919665384,2.668712710666913,2.3581139595983025,0.0,2.508610909882414
0f6ae53c.qasm,512,success,0.1797566,0.3425244496012734,0.5309029362134238,0.0,0.4264355004197035,61.8581855933014,45.532229082929895,0.0,53.07109455333095
10761caa.qasm,16,success,1.2039713,1.2195473656952929,1.2193113348802251,0.0,1.21942934457704,5.5909240389579375,3.215206409591614,0.0,4.239808345385129
10761caa.qasm,64,success,4.1564553,4.1761695367582226,4.173016425907255,0.0,4.174592683635801,6.951723146612992,2.441843278026325,0.0,4.120075052260207
10761caa.qasm,512,success,91.75166269999998,92.57059811780657,93.4081283496521,0.0,92.98842030270296,83.84425512610292,443.5959968694487,0.03837606837606838,192.8548053185089
10ea3498.qasm,16,success,0.1689698,0.716210786513383,0.6812856227711661,0.0,0.6985299648012223,10.092748120710041,16.67898297324159,0.006538734896943852,12.97446623405136
10ea3498.qasm,64,success,1.1595227,2.6021428016029486,3.0175821415483806,0.0,2.8021740930705445,7.925767510261456,7.219607700408126,0.0,7.564451873647433
10ea3498.qasm,512,success,0.1702938,0.60342676792904,0.34412830224573576,0.0,0.45569313049140003,25.366120226087286,14.741482773147563,0.0031546023235031278,19.33737894168844
1154e9d9.qasm,16,timeout,14399.999999999989,8050.243296693135,13129.074791771629,0.9456793993466437,14400.0,15.534698494771574,76.76363196399134,0.17330376940133035,34.532591532119554
1154e9d9.qasm,512,timeout,14399.999999999989,10080.880683713314,13514.246412610355,0.9823800815820483,14400.0,12.430133257283815,4.039340809170318,0.33227289680895133,14400.0
12157215.qasm,16,success,2000.5838667,1517.331559783365,1584.5362652704575,0.0,1550.5698574769629,48.342485987164594,185.71057184652537,0.0,94.75078214536794
12157215.qasm,64,success,851.9857254999997,1172.289724939532,853.1470875104465,0.0,1000.0677799782294,21.283726726517887,17.384717008082188,0.3757966229723832,14400.0
12157215.qasm,512,timeout,14399.999999999989,13950.790339393185,14399.99999999987,1.0,14400.0,2529.1893181992477,3402.244504775801,0.9738521665055035,14400.0
125f60d7.qasm,16,success,1463.3105540000001,1104.2802708670065,1894.6923875860937,0.06482334869431641,1446.4686042127664,14.074570920328135,131.16621392935352,0.0,42.966361031621226
125f60d7.qasm,64,success,804.1303602000003,592.5751017439877,345.06702802971176,0.0,452.1925798188225,7.5149510762230785,5.494231982743201,0.28266243724237616,6.4256427345235485
138d2c7b.qasm,16,success,1.5629332,1.5743687065975758,1.5700871810983585,0.0,1.5722264864043145,8.316423406839265,7.48257784223358,0.0,7.8884906991545725
138d2c7b.qasm,64,success,7.723484999999998,7.680982572174279,7.753550316617351,0.0,7.717181146922381,10.568847574272976,5.4327475156948895,0.0,7.577458703476348
138d2c7b.qasm,512,success,266.476829,263.24157200301477,263.33454319623485,0.0,263.2880534959242,155.14934789049676,739.1447273642726,0.04170940170940171,338.64114110259226
13b8e3f8.qasm,16,success,1.15246,1.096307460305319,1.107628589417088,0.0,1.101953486234973,6.86360543709596,4.121590261473409,0.0,5.318737569022431
13b8e3f8.qasm,64,success,5.056893600000001,5.0526099179042285,5.07162759580895,0.0,5.062109826001516,8.402268703683728,3.22210847465057,0.0,5.203174146271735
13b8e3f8.qasm,512,success,143.3873458,148.87752026741248,143.63443637394846,0.0,146.23248172810602,110.58526286420847,487.39312576127014,0.04170940170940171,232.16049821302133
13eb49aa.qasm,16,success,0.1763388,0.2080951970554579,0.18405407010929625,0.0,0.1957058200163017,0.29550018056835325,0.28371352334030636,0.0,0.289546882864838
13eb49aa.qasm,64,success,1.03723,1.0586645727995407,0.9461902153902434,0.0,1.000848669961257,0.421760295057732,0.40784819080703677,0.0,0.4147459141372438
14019fed.qasm,16,success,85.55772610000001,25.460271287543886,25.15885664680237,0.019860133751876622,25.30911526529553,9.593999726463522,12.376428490870138,0.053071895424836604,10.896763352298859
14019fed.qasm,64,success,7.701556400000001,7.882341028571508,4.811700829010511,0.0,6.158527978480011,9.033010388512107,7.2279563291520175,0.0,8.080235430291744
14019fed.qasm,512,success,125.55042679999998,43.10114488471682,42.21285335839082,0.0190663941930094,42.654686830374295,55.00559017365038,159.50065151681613,0.03791525285702652,93.6665760544508
149b1e7c.qasm,16,success,5.221844600000001,4.2414017038583,4.307350160883251,0.0,4.274248742350466,2.986499587423177,2.8283788319252827,0.0,2.906364088448194
149b1e7c.qasm,64,success,0.1728306,0.2173538688150999,0.20441098754811748,0.0,0.21078310883915377,3.4923735232908566,2.388210940439328,0.0,2.8879966510409716
15434610.qasm,16,success,1.5159936,1.6114347167205143,1.5714079758746795,0.0,1.591295499414226,8.294981312837258,7.48257784223358,0.0,7.878314754639959
15434610.qasm,64,success,7.743600700000001,7.677802317307686,7.756230123184214,0.0,7.716916587171034,10.435624560704788,5.41556078222879,0.0,7.517629886408108
15434610.qasm,512,success,260.9629377999999,268.8983213147552,270.63695768749676,0.0,269.76623882150324,156.8834318186378,739.8078493594913,0.04170940170940171,340.68107416450755
159b3481.qasm,16,success,0.5732643,0.5728288103025198,0.5686955303596359,0.0,0.5707584288298078,2.0438438454472774,1.4009764064717642,0.0,1.692151590722344
159b3481.qasm,64,success,1.1235271,1.1104933790770533,1.1353368234056962,0.0,1.122846394398806,1.3894006603987987,0.7223341444155612,0.0,1.0018041411770975
159b3481.qasm,512,success,2.7779996,2.6851971300238993,2.757627621363615,0.0,2.721171397497815,3.6428899425267565,1.519697309048785,0.0,2.352889721771676
15c28669.qasm,16,success,0.2514302,1.072062517234598,1.1018067131498577,0.0,1.0868328659023037,0.8624160997933112,0.8658892540178083,0.0,0.8641509320153383
15c28669.qasm,64,success,0.39907439999999994,0.8923046891353208,0.8415016739742921,0.0,0.8665309513240037,1.0214364698785308,0.732695066586178,0.0,0.8651019953226329
15c28669.qasm,512,success,0.2419986,2.4563579807942233,2.0768485404420245,0.0,2.2586463838360356,1.5253751974610004,1.1249253251171276,0.0,1.3099363304868747
1619b169.qasm,16,success,0.17318939999999997,0.26284837027847124,0.2857381748429491,0.0,0.2740543989499421,0.24985506279673866,0.25799284700801434,0.0,0.25389135272847874
1619b169.qasm,64,success,0.1710901,0.3391026548542637,0.29141475615314016,0.0,0.314355718057168,0.4505336270880027,0.434724821966376,0.0,0.4425586411151607
1619b169.qasm,512,success,0.18216660000000004,0.30647745004424837,0.2451723729308468,0.0,0.27411640534113135,0.31530233249881484,0.29240451262995437,0.0,0.3036376538991891
166e9d3a.qasm,16,success,0.18061240000000003,0.4772429438133824,0.5557233379528191,0.0,0.514990331705754,0.8446372380761508,1.4516007107170221,0.0,1.107283168430462
166e9d3a.qasm,64,success,0.16925800000000002,0.41602071163176924,0.29758013322996496,0.0,0.351851529474872,0.5587847294569052,0.5332677602821614,0.016615109365944507,0.5458771667301695
166e9d3a.qasm,512,success,0.169438,0.530769981245824,0.29700255864311187,0.0,0.39703909439873325,0.5353282672751147,0.41563716928946765,0.0,0.4717015217813742
1688d759.qasm,16,success,1.9672979,1.9518408729977217,1.961415205402115,0.0,1.956622182952823,12.562421598285047,12.155932703656115,0.0,12.357505878764906
1688d759.qasm,64,success,14.099032299999998,14.083955508069014,14.076890940389871,0.0,14.080422781166432,17.56762887873032,7.2048443134245925,0.0,11.250423593237452
1688d759.qasm,512,success,559.5118791999997,534.1520808380757,538.3701576621911,0.0,536.2569719606282,318.9312255201288,895.6995330392393,0.045313390313390316,534.4778290724621
16ff70bb.qasm,16,success,2.1233068,2.113787018479783,2.1122208852792044,0.0,2.113003806779594,12.416123678825135,11.56624101620856,0.0,11.98365048540492
16ff70bb.qasm,64,success,12.121247399999998,12.144787003956846,12.133495764900223,0.0,12.139140071608274,16.171889890891844,6.723099953236044,0.0,10.427139213091646
16ff70bb.qasm,512,success,493.81017920000016,470.47987523369187,496.5303753813935,0.0,483.3296484379747,354.50213200103695,1079.8751251520923,0.04198005698005698,618.722905799764
17253376.qasm,16,success,1.7846797,1.7614918331087173,1.7761503496632245,0.0,1.7688059066231552,10.468133111365196,10.500351964833834,0.0,10.484230161726975
17253376.qasm,64,success,12.199884,11.757169492271077,11.532203726763132,0.0,11.644143327654223,16.61875350014838,6.044088662646236,0.0,10.022236258318763
17253376.qasm,512,success,464.4622878000001,466.165944316475,470.4202655110556,0.0,468.2882737134979,304.4322097876802,862.4138053043841,0.04198005698005698,512.3929551625545
173d4b8b.qasm,16,success,0.4365735,0.6961672761768369,0.7106312631309973,0.0,0.703362090832319,1.1227118909908964,1.292660981517416,0.0,1.2046932617764434
173d4b8b.qasm,64,success,0.4759959,0.7197478934123173,0.706642140770611,0.0,0.7131649123561937,1.1932261270894564,1.00775439346923,0.0,1.0965759763813328
173d4b8b.qasm,512,success,0.4571515,0.6932260829683358,0.9728762388500465,0.0,0.8212327223576669,1.1042296408046304,1.174269350522233,0.0,1.138711123654745
175f2997.qasm,16,success,1.5397053,1.4980734084665883,1.5071090496002841,0.0,1.502584437183328,8.350317240381806,6.632448580321582,0.0,7.441978885095357
175f2997.qasm,64,success,6.911357399999999,6.863790046249656,6.912764935299081,0.0,6.888233964883124,10.529089563560921,5.456161906993,0.0,7.579473424454937
175f2997.qasm,512,success,203.2557665999999,207.459478970583,205.09790395524303,0.0,206.27531188320486,128.47039137067472,676.4670699703273,0.04170940170940171,294.7982178176482
17e5a14b.qasm,16,success,85.25765730000002,63.22157865041841,69.597989183758,0.0,66.33320998634039,14.677446652451133,61.96926997664514,0.0,30.158757503808914
17e5a14b.qasm,64,success,4.9438845,3.870213405099681,3.616874132823163,0.0,3.7414001060312287,8.083808887210523,6.230133776553286,0.22612848137946295,7.096704220369615
195099c8.qasm,16,success,0.3044958,0.8191393449607531,0.602987856603312,0.0032864949258391883,0.7028023035515218,26.414790915050613,28.23056852311695,0.006601449275362318,27.307591709104326
195099c8.qasm,64,success,10.437987799999998,5.295112976655842,8.359506874992682,0.0,6.653159650287785,24.384654672961112,21.046494252880176,0.0,22.65417167836741
195099c8.qasm,512,success,0.2926443,0.9596712276945691,0.569132215287977,0.012697073478770134,0.7390397903806958,20.291126398377383,30.291360743023734,0.013154602323503128,24.79205174275701
19550378.qasm,16,success,0.7261901,0.4562115044970206,0.46564737035182946,0.01308467146673912,0.4609052911318002,0.4855052130051122,0.4560989894076082,0.0,0.4705724566990266
19550378.qasm,64,success,0.7177524,0.48028352156275805,0.5988207636794299,0.0,0.5362869988773331,0.47545413089701594,0.4367680281034843,0.0,0.45570073864933064
19550378.qasm,512,success,0.7171464,0.5084609979787865,0.7218519313775205,0.0,0.6058329418421621,0.3787825234182528,0.3620731841959178,0.0,0.3703336257644066
1959a985.qasm,16,success,4.8913162,4.602390131253203,5.00019584916394,0.0,4.797171252991219,1.3436661093469409,1.2553843291477063,0.0,1.2987753374933702
1959a985.qasm,64,success,31.2692711,6.429278074863564,6.432662505740017,0.0,6.43097006766096,4.005941972288775,3.921759644382269,0.0,3.963627324138741
1959a985.qasm,512,success,1435.4921207999998,1131.692119106634,1141.47736915462,0.0,1136.5742135077933,100.24026018557396,186.5284870124637,0.0,136.73940203961254
19d587f3.qasm,16,success,0.17350479999999996,0.2021795377975436,0.18271586704233747,0.0,0.19220148164594678,0.20289913490982409,0.18110729885319857,0.0,0.191693803403159
19d587f3.qasm,64,success,1.2004384,1.0133200209989015,1.2954336361290881,0.0,1.145726337030362,0.7169843434957552,1.4653433119845234,0.0,1.0250015670910553
19d587f3.qasm,512,success,0.172592,0.20575959366929603,0.19139470505533598,0.0,0.19844721399566356,0.22299467838629666,0.17687678726888081,0.0,0.19860156668824516
1a554de5.qasm,16,success,0.17159249999999998,0.36190387397365126,0.27623965222055663,0.01327073552425665,0.31618380775073474,1.7837992324795453,2.170896864661276,0.02660144927536232,1.9678526776603567
1a554de5.qasm,64,success,0.1756577,0.6150569469789808,0.8330227531714128,0.0,0.7157907734314786,1.2126388841582554,1.2178297625162657,0.0,1.215231551726846
1a554de5.qasm,512,success,0.1775085,0.6385726994477748,0.5483493868668154,0.0,0.5917439887418161,4.349421111380629,2.4951304905121887,0.0,3.294294041381737
1aa22822.qasm,16,success,20.512900800000004,26.1085646941609,26.22896663897879,0.0,26.16869642062374,10.956356719836768,69.11720625857876,0.0,27.51858948506488
1aa22822.qasm,64,success,1.1141745,2.878015784276338,2.367101820897107,0.0,2.610087432162213,6.405180889725402,5.452454455635472,0.20950602994132847,5.909649488872792
1af5b336.qasm,16,success,1.0828512,1.096340183878404,1.1029589900020729,0.0,1.0996446070932242,3.700621136469548,2.134297706971782,0.0,2.8103784809057775
1af5b336.qasm,64,success,2.2817078,2.264517846898527,2.2915658254485525,0.0,2.2780016920693895,3.7995141234015404,1.258172378801698,0.0,2.186422585624921
1af5b336.qasm,512,success,23.957206999999993,23.387606228016768,23.980456986607003,0.0,23.682176529420985,28.950397717463773,183.92771522591875,0.01972934472934473,72.97109364025431
1b91945f.qasm,16,success,0.5788403,0.5629220244273273,0.5514165968073984,0.0,0.557139611747045,2.022378309927008,1.4052651826872242,0.0,1.6858166641608028
1b91945f.qasm,64,success,1.1345342,1.095681963767146,1.1116150548791153,0.0,1.1036197562036814,1.3980108773632238,0.7171968402275956,0.0,1.0013236159447718
1b91945f.qasm,512,success,2.7687015,2.6046808643867063,2.753753871768761,0.0,2.6781803552089047,3.6662542674292147,1.5561587935744443,0.0,2.388571501492012
1cb3c32c.qasm,16,success,8.074354699999999,7.1197660569312475,7.157031656007436,0.0,7.138374538564377,5.740619088356472,6.269956049172801,0.0,5.999452423266437
1cb3c32c.qasm,64,success,0.3971776000000001,0.265546335638255,0.25902736644247976,0.0,0.2622665971656093,4.023399579380327,1.967853699244095,0.0,2.813798455081798
1d1dc1d8.qasm,16,success,2.091032,2.051076689342404,2.044619037332963,0.0,2.0478453179035148,11.282119016131205,11.311657429473852,0.0,11.296878568393518
1d1dc1d8.qasm,64,success,12.1915016,11.755140675461709,11.873136267915726,0.0,11.81399115829514,15.189054921676153,6.79530047894127,0.0,10.15943857621725
1d1dc1d8.qasm,512,success,477.1889418,493.85254915884985,491.49388886705646,0.0,492.67180750778937,301.647633118944,1060.3428844174307,0.04198005698005698,565.5527573790371
1d4b1889.qasm,16,success,0.4623995,0.4642036888261927,0.4767698811145552,0.0,0.4704448294270029,0.9743229289409369,0.8492628346376403,0.0,0.9096462238061719
1d4b1889.qasm,64,success,0.339699,0.34962504715787335,0.35109771177888244,0.0,0.350360605716044,0.833478743134761,0.420044197977434,0.0,0.5916907217383761
1d4b1889.qasm,512,success,0.3409897,0.3413661811160658,0.35103827783603486,0.0,0.3461684508016981,0.9306074603115666,0.8897725062301787,0.0,0.90996095096324
1db5f683.qasm,16,success,2.0087796,1.9969630481090976,1.994491700072239,0.0,1.9957269915508369,11.3239487734828,10.701090247791715,0.0,11.008115087807258
1db5f683.qasm,64,success,11.511427700000002,11.463068235268665,11.44460565916735,0.0,11.453833227211632,15.067914423188602,6.928113980596066,0.0,10.217251517591125
1db5f683.qasm,512,success,436.8524219,445.9237341466882,446.397740738701,0.0,446.16067449389453,310.6981990657762,1029.9330667152296,0.04198005698005698,565.6839656439926
1f1383d7.qasm,16,success,0.2250921,0.18924792229256276,0.1769318947398226,0.0032405259087393656,0.18298632043624968,12.595975225714646,12.989176156056416,0.03307246376811594,12.791064891717575
1f1383d7.qasm,64,success,2.1631353,1.9511247648890107,2.830614199999969,0.0,2.3500811614636707,9.867692986348322,11.011957656611585,0.0,10.42413628719957
1f1383d7.qasm,512,success,0.2264848,0.18613960957129655,0.17785975208952856,0.003160919540229885,0.18195258946327872,18.484053671608407,18.175753766231058,0.03333333333333333,18.32925552598778
1fd34b96.qasm,16,success,2.6722234,2.6849053282167032,2.68383641972002,0.0,2.6843708207638377,18.492919221874917,18.835404588559076,0.0033333333333333335,18.663376317471478
1fd34b96.qasm,64,success,21.079753,21.09995789476056,20.99548235447825,0.0,21.04765530076164,25.775398362032586,7.479136553828541,0.0,13.884441799329576
1fd34b96.qasm,512,success,961.0837074000003,946.3719718052449,893.3289707626444,0.0,919.4680524800161,479.0782897427058,1459.516032046627,0.042250712250712245,836.1952191234766
20448412.qasm,16,success,147.65277569999995,18.908172562655214,22.151867445727735,0.03629483312955667,20.4658577208209,5.263007463482545,8.510621166419233,0.0,6.6926424316361715
20448412.qasm,64,success,184.3939734999999,16.97231643664802,14.020742321072017,0.0,15.426097217051922,4.840070796057695,1.0148785663852429,0.06319321533923303,2.216322203720866
20448412.qasm,512,success,148.94883800000002,18.033417778249607,13.85476898283452,0.01606184200177526,15.806607393384233,5.107806661134058,4.232129739225703,0.15951786618777924,4.64939786131501
2059c310.qasm,16,success,0.4773265,0.5928973616517017,0.4422664950098646,0.0,0.5120728835217642,0.4425186727740375,0.3487433388024655,0.0066336633663366335,0.39284276679818547
2059c310.qasm,64,success,3.3123999,2.3750671094828744,2.5375203971049336,0.0,2.4549503528189422,0.9246608540252598,1.141970697095078,0.0,1.0275872712561966
2078a631.qasm,16,success,2.4060191,2.3531820765404006,2.34657338952393,0.0,2.349875409785456,14.359984748331554,13.79549941149975,0.0,14.074912473786593
2078a631.qasm,64,success,16.260589,16.24547773545908,16.280089093381854,0.0,16.26277420669134,20.66717150441069,6.941299023909843,0.0,11.97735435689131
2078a631.qasm,512,success,646.7251833,455.5774286827139,342.2678447958507,0.0,394.8791013118674,330.6279977773859,968.1249550170965,0.045313390313390316,565.7642755385183
208334f1.qasm,16,success,0.1715742,0.37225050403052895,0.33420759836480257,0.0,0.352716524906518,5.937312348506385,8.030573856118545,0.013205401563610518,6.905072434198296
208334f1.qasm,64,success,1.1387004,1.1931172624764927,1.730003605929685,0.0,1.4366966159844907,5.6654222903030265,5.604639249928593,0.0,5.634948813933689
208334f1.qasm,512,success,0.18524460000000004,0.3251370063140524,0.27655362725849414,0.0033333333333333335,0.29986299947162387,176.5419318451763,122.36200546267375,0.02666666666666667,146.97627301313105
2190b5a7.qasm,16,success,0.21629669999999998,0.1789521513363565,0.1872284906146692,0.0,0.18304354997364392,0.2474685872193699,0.2557862204197919,0.0,0.25159303368231056
2190b5a7.qasm,64,success,0.1627301,0.17592675915199213,0.18153961451134648,0.0,0.17871115253023007,0.26620828478862735,0.2767158587149696,0.0,0.27141122696440584
2190b5a7.qasm,512,success,0.2115168,0.17811524179366317,0.18217042653475185,0.0,0.1801314230496503,0.25208343161513413,0.41018820299616815,0.0,0.3215612691530485
231bbda3.qasm,16,success,4.4113397,3.885714440828348,6.460211454216122,0.0,5.010243201527476,2.1085762363746166,2.2293468130215106,0.006666666666666667,2.1681207790560566
231bbda3.qasm,64,success,1.1731902,1.671858058286977,1.681009870545614,0.0,1.6764277193281054,1.9539121941245525,2.2615209906274876,0.0,2.1020973909064455
231bbda3.qasm,512,success,4.424197,9.965389001362391,17.496292429106028,0.0,13.204444711445966,9.569060303981523,49.20773131188517,0.0031550802139037435,21.69957945089142
235dda60.qasm,16,success,2.3659587,2.377935717530484,2.3851064602446987,0.0,2.3815183900042785,14.359984748331554,13.908336120378122,0.0,14.132356299050016
235dda60.qasm,64,success,16.3526073,16.34158310919295,16.327236701795492,0.0,16.334408330449456,20.66717150441069,7.129999527578936,0.0,12.139065988075076
235dda60.qasm,512,success,307.20749069999994,620.403527071972,659.5863161333176,0.0,639.6949874256625,330.6279977773859,964.4403398256119,0.045313390313390316,564.686619756732
24ca3082.qasm,16,success,2771.0450235,4193.925043242379,6175.455056198401,0.5732648259540795,14400.0,2.8024769002557104,2.765700757326979,0.0,2.784028104281382
24ca3082.qasm,64,success,1988.8930581999996,997.4404175154208,727.6358197641118,0.0,851.9233391947249,4.365178921246165,4.930310660804833,0.2128246465712034,4.6391473539585375
24ca3082.qasm,512,success,2669.2542047999996,9084.0354628204,11748.464352779916,0.9806217300829009,14400.0,3.917269012714934,3.3343902545199713,0.6314834231247423,14400.0
25e26219.qasm,16,success,2.1708568,1.5615816157774118,1.7284176646224882,0.0,1.64288321236155,1.0763458623716502,1.2595025472823076,0.0,1.164328285069922
25e26219.qasm,64,success,19.4090902,1.8235474000190592,1.34481096979095,0.0,1.5659905962295548,2.977678822598102,3.1690691162021194,0.0,3.071883785995938
25e26219.qasm,512,success,705.1982490999998,221.63138421735067,218.1766935985633,0.0,219.89725465820254,43.27667232535601,127.81116158303986,0.0,74.37231850192883
25e5b703.qasm,16,success,0.17933479999999996,0.19006487656579607,0.1860882388908732,0.0,0.18806604732151996,0.2216694545326356,0.2081806587351776,0.0,0.21481921018864114
25e5b703.qasm,64,success,0.21299800000000002,0.21880156696986675,0.21661735089209913,0.0,0.21770671971267389,0.26831414263490644,0.29615015108344456,0.0,0.28188876153396475
25e5b703.qasm,512,success,0.17741979999999996,0.18783251982870902,0.29314695044004047,0.0,0.23465406534141806,0.23015510520881627,0.2518481481334605,0.0,0.24075742362449004
264ca70e.qasm,16,success,1.6579639,1.6457738700244802,1.649577273329575,0.0,1.6476744742308915,8.247194111604342,8.03491371825362,0.0,8.140361976253281
264ca70e.qasm,64,success,9.2260978,9.551873605434249,9.52182231202144,0.0,9.5368361219973,10.522146720989296,5.443243169996521,0.0,7.5679986305975415
264ca70e.qasm,512,success,351.8730803,345.3140031511126,347.49050599400283,0.0,346.4005451522772,162.35355045650982,888.0561003771676,0.038646723646723655,379.7091793738938
27a012bc.qasm,16,success,0.5722517,0.5812933962397009,0.5764435492032124,0.0,0.5788633936057819,1.283701511682961,1.039206696659468,0.0,1.155002687205885
27a012bc.qasm,64,success,0.4555887,0.45102458739093654,0.4527665761134464,0.0,0.4518947423637215,1.1466580404923354,0.47202136825645036,0.0,0.7356949756491833
27a012bc.qasm,512,success,0.4530506999999999,0.46211764583573994,0.45205192602317157,0.0,0.457057077233621,1.046905912144919,0.9063262331725463,0.0,0.9740833084702628
27dbf314.qasm,16,success,4101.517750300001,3199.314479319702,2285.524898324552,0.04900071548249785,2704.0918808456604,52.648520259850265,189.49107393037397,0.0,99.8820536677339
27dbf314.qasm,64,success,781.3788183,2938.399064838482,2164.7705768671826,0.0,2522.094335796421,22.69710930536191,17.089029516537977,0.3757966229723832,14400.0
27dbf314.qasm,512,timeout,14399.999999999989,14308.29973485945,14350.991011149334,0.9999165439371624,14400.0,2558.88319487265,3674.8930674181925,0.9738521665055035,14400.0
27e0ec8e.qasm,16,success,0.18189549999999996,0.19146130302991,0.172623448498521,0.0,0.18179854340187487,1.8136346399920817,1.5473244217920616,0.006601449275362318,1.6751958603900028
27e0ec8e.qasm,64,success,0.5226683,0.5282450720018573,0.5816154461178699,0.0,0.554288276271406,1.8176672481542826,1.8633125143170401,0.0,1.840348372007347
27e0ec8e.qasm,512,success,0.17007230000000004,0.19227702243299025,0.17455019924238493,0.0,0.18319932471330502,4.275046203837415,3.6042948357401965,0.0,3.9253696583942164
2818a462.qasm,16,success,0.1707319,0.2783091771286343,0.20176483319222585,0.0,0.23696625223694734,2.0860363842101313,2.6614793654268385,0.0,2.3562560964599917
2818a462.qasm,64,success,0.532209,0.7070055947391973,1.2955790688705264,0.0,0.9570693026727282,2.2734287261007773,1.671223968761187,0.0,1.9492071666012902
2818a462.qasm,512,success,0.1782918,0.31386711751935714,0.3046813471523525,0.0,0.3092401270738056,3.7977654362569875,7.1247981675033865,0.0,5.201760492453636
28f914b0.qasm,16,success,0.17556590000000002,0.3841857311880183,0.4961057346672684,0.0,0.43657387051873997,0.5312102535750837,0.6251446682071077,0.0,0.5762666550473047
28f914b0.qasm,64,success,0.3044709,0.2799160275491527,0.24019108437184822,0.0,0.25929391468002316,0.48885481682171217,0.4065412057377446,0.0,0.4458022281925059
28f914b0.qasm,512,success,0.18904039999999997,0.39477395923572234,0.2950770200282346,0.0,0.34130444397344833,0.5568113349878799,0.41840365820338876,0.0,0.4826716269763964
29886bb3.qasm,16,success,1.1166224,1.0676538884945477,1.1093760064454348,0.0,1.088315031176185,3.734256456038419,2.134297706971782,0.0,2.823121497804756
29886bb3.qasm,64,success,2.2984934,2.245448487113587,2.2968716400017852,0.0,2.27101451979861,3.7995141234015404,1.258172378801698,0.0,2.186422585624921
29886bb3.qasm,512,success,24.0384279,22.03677958419008,23.99002588797894,0.0,22.992670847737667,28.950397717463773,183.92771522591875,0.01972934472934473,72.97109364025431
29a887f9.qasm,16,success,1.282956,2.4426653946162227,2.3774505555434478,0.0,2.409837380288781,1.4646929467183327,1.3906153012484643,0.0033333333333333335,1.4271735785591098
29a887f9.qasm,64,success,0.1893478,0.9236969818665661,0.6810598082113662,0.0,0.7931537614583073,3.723399602995316,2.951352736686119,0.0,3.3149759588986814
29a887f9.qasm,512,success,115.45068950000004,425.11801496501477,478.62555017164686,0.0,451.0790881879899,87.9413170621133,141.41922927929525,0.0,111.51947489443354
2a04dd73.qasm,16,success,2475.065750599999,2106.9329946837574,3087.1916994504254,0.01308235294117647,2550.3933132922716,51.64948304270296,177.75916162794852,0.0,95.81841578834324
2a04dd73.qasm,64,success,4965.618169699998,737.9968561461286,793.406711261858,0.0,765.2004041795136,21.67851792132681,17.121244450739812,0.3757966229723832,14400.0
2a04dd73.qasm,512,timeout,14399.999999999989,12447.173395811957,13812.4560633652,0.9897318007662835,14400.0,2537.5786171764657,3611.710251233162,0.9738521665055035,14400.0
2a0e53ef.qasm,16,success,2.3114425,3.2232749338456688,2.4807717275310397,0.0,2.8277569425153604,2.894848704316108,3.365188939188232,0.0033333333333333335,3.121171709532808
2a0e53ef.qasm,64,success,7.718355100000001,10.135477475892614,8.533179527664814,0.0,9.299884348764488,3.7027786889224097,2.552954486232368,0.0,3.074577282393479
2a48defb.qasm,16,success,1.2252849,1.2622877116133298,1.2345676861774153,0.0,1.248350759769326,3.0040930578628875,3.9904587600603345,0.0,3.4623271738507606
2a48defb.qasm,64,success,1.1154698,1.2765892966158983,1.2224327572372278,0.0,1.249217584619151,3.157227576644089,0.8486250982571416,0.0,1.6368575266191459
2a48defb.qasm,512,success,1.0666831,1.3081917544621324,1.4097098682671978,0.0,1.358002513197618,3.07172779615467,2.445034610755305,0.02321084864391951,2.7405256387082537
2af6859b.qasm,16,success,1.6940842,1.6904615682721253,1.690731318985489,0.0,1.6905964382486462,9.141869624486286,9.484190678701237,0.0,9.311457172669312
2af6859b.qasm,64,success,10.535087,10.512531393227514,10.503148450502978,0.0,10.50783887455653,12.052729773559243,5.921725276020895,0.0,8.448251567344297
2af6859b.qasm,512,success,406.7180611000001,406.02281450734375,406.9382892929309,0.0,406.48029417121745,212.3843514143965,946.5038890255879,0.04198005698005698,448.355455617419
2afe3d2e.qasm,16,timeout,14399.999999999989,3685.701108032563,6259.878845244724,0.9484999603354894,14400.0,10779.339333685495,12188.787732062796,0.9992461197339253,14400.0
2afe3d2e.qasm,64,success,42993.98471110003,2026.9714347307458,4796.526201735259,0.5908176100628925,14400.0,8256.886876756505,9248.01799236022,0.831386886505564,14400.0
2b148d98.qasm,16,success,1.743242,1.714566703098384,1.7167770326301806,0.0,1.7156715119135584,10.468133111365196,10.496736473429909,0.0,10.482425036163455
2b148d98.qasm,64,success,12.223726400000002,11.938086762900618,12.263426591102503,0.0,12.099663245522342,16.527072955867286,6.050915576808734,0.0,10.000196157461701
2b148d98.qasm,512,success,463.92748639999985,470.21279729637166,471.89244380098035,0.0,471.0518719023204,303.3413772699851,861.2850966798966,0.04198005698005698,511.1393229335737
2b2951ed.qasm,16,success,2.0077434,2.002598136949271,2.001726569963546,0.0,2.00216230603087,11.3239487734828,10.695779506668243,0.0,11.005383193055035
2b2951ed.qasm,64,success,11.446549900000003,11.32509709205181,11.408910328954422,0.0,11.366926461885887,15.114645074916494,6.9218067644161065,0.0,10.228423755462305
2b2951ed.qasm,512,success,452.89710410000015,436.7754120539275,439.2312430799556,0.0,438.0016063705776,310.6981990657762,1027.4238142869765,0.04198005698005698,564.9944502172162
2bc3295c.qasm,16,success,1.2265953,1.5108850919634642,1.5947081928061766,0.0,1.5522309217841428,1.1827308203032911,1.3668381587320344,0.0,1.2714564942218745
2bc3295c.qasm,64,success,2.2849539,2.7541299414635425,2.073762720064815,0.0,2.3898560623647165,3.5259658432969383,2.7291471429478666,0.0,3.102076660459184
2bc3295c.qasm,512,success,247.46428770000006,217.07381950630054,203.02112588412245,0.0,209.92991982120097,71.53006245947377,144.89671259984885,0.0,101.80604551027214
2cbfff1b.qasm,16,success,1.6880952,1.6118376841545494,1.584885586730862,0.0,1.5983048250462728,8.294981312837258,7.48257784223358,0.0,7.878314754639959
2cbfff1b.qasm,64,success,7.727305599999999,7.676893362911523,7.757554331139721,0.0,7.717118462039576,10.435624560704788,5.41556078222879,0.0,7.517629886408108
2cbfff1b.qasm,512,success,262.0564581000001,269.4295929058033,270.7371299454304,0.0,270.0825701626874,156.8834318186378,739.8078493594913,0.04170940170940171,340.68107416450755
2cedce95.qasm,16,success,2.0571062,2.049556597414209,2.03695528866362,0.0,2.0432462285584396,11.282119016131205,11.24435480613634,0.0,11.263221083794685
2cedce95.qasm,64,success,12.120102900000001,12.128061230296469,12.087413131352525,0.0,12.107720122836216,15.189054921676153,6.798919830274145,0.0,10.162143804833066
2cedce95.qasm,512,success,487.45001670000016,493.84773853653087,495.9938515321218,0.0,494.9196317657668,301.647633118944,1058.347826430825,0.04198005698005698,565.020457027387
2d399444.qasm,16,success,0.24198299999999998,0.19056865345533722,0.18916544235657248,0.0,0.18986575159879474,0.23602983487590218,0.19290304931218918,0.0,0.21337964962998238
2d399444.qasm,64,success,0.174648,0.18006058361449576,0.19161950559397364,0.0,0.18575015480255197,0.2633982949087029,0.3661454567603699,0.0,0.3105512662979329
2ea1bf91.qasm,16,success,4.1367724,4.632041411690485,4.980988676638382,0.0,4.803347355891553,2.986499587423177,2.840163635739713,0.0,2.9124126641585257
2ea1bf91.qasm,64,success,0.1732643,0.2196413266654574,0.2041344677662587,0.0,0.21174599244927425,3.4923735232908566,2.372890049516533,0.0,2.8787181839512996
3026aed7.qasm,16,success,2.6565661,2.6540874631823677,2.6683152792966727,0.0,2.6611918627936726,18.492919221874917,18.765436872161317,0.0033333333333333335,18.628679723482072
3026aed7.qasm,64,success,20.9371593,21.082641332289676,20.974857906570268,0.0,21.028680563458117,25.775398362032586,7.455591169090269,0.0,13.862569473505042
3026aed7.qasm,512,success,976.3809184000002,993.1337096591761,958.9058184772337,0.0,975.8697109338232,479.0782897427058,1458.829107497548,0.042250712250712245,835.9984173709914
306ac152.qasm,16,success,0.1732208,0.20790184976024162,0.19984844567876903,0.0,0.20383537850021335,3.561655663942937,2.6243788732199977,0.0,3.057308273324132
306ac152.qasm,64,success,4.8258445,4.652954482820733,4.894986491935478,0.0,4.772436415605568,4.02079385882088,5.765363975327348,0.0,4.814700412887944
306ac152.qasm,512,success,0.19620739999999998,0.20878066124714492,0.1928140237747258,0.0,0.2006385789956906,9.20453623180108,19.472951731066562,0.013333333333333334,13.388035320715128
3099a023.qasm,16,success,0.1891862,0.21412470556121413,0.2944223925394091,0.0,0.25108386669224525,0.1964240569899097,0.18867387842214323,0.0,0.19250997025530484
3099a023.qasm,64,success,0.1662113,0.23503535556016075,0.24419184961863835,0.0,0.23956986079223314,0.22753548064652254,0.25332336037662273,0.0,0.2400834283374992
31b8fb3c.qasm,16,success,0.4341455,1.050190842075528,1.1962555726072506,0.0,1.120846397654001,0.6457646182820503,0.5522625320436205,0.006666666666666667,0.5971864057366236
31b8fb3c.qasm,64,success,0.7438204,1.0933309254436274,0.9795822317711359,0.0,1.0348949453980678,1.1895246612539756,0.9778898703927077,0.0,1.0785286815020636
31b8fb3c.qasm,512,success,0.4242436,1.9017711482572757,1.4198319472570906,0.0,1.6432271397063405,1.66262112380187,1.0985512706421725,0.0031550802139037435,1.3514712531715432
31fd025e.qasm,16,success,1.6643892,1.533917421458396,1.5309412348748876,0.0,1.5324286056464818,8.37137761563763,7.485598732144048,0.0,7.916108492555929
31fd025e.qasm,64,success,7.7553806,7.723863579241474,7.7504380143050335,0.0,7.737139387516504,10.58071775396108,5.4327475156948895,0.0,7.581712741333642
31fd025e.qasm,512,success,267.4834676,264.0277053434606,265.6072479042575,0.0,264.81629894467005,155.14934789049676,739.1447273642726,0.04170940170940171,338.64114110259226
320de9fb.qasm,16,success,31.2115921,47.6933718406848,61.31550244285015,0.0033333333333333335,54.077195356316956,63.339468488315795,84.41582950388757,0.0,73.12218386219412
320de9fb.qasm,64,success,323.8165090000001,39.07924218905635,18.306531701639717,0.0,26.747063128687905,35.64105613527869,15.80176295162671,0.0,23.731656503398465
320de9fb.qasm,512,timeout,14399.999999999989,1362.997129873193,1991.407973981988,0.016274740162147285,1647.5082254556546,443.05445813109634,1342.4004629504836,0.07508338682251725,771.2045835622732
32de9cc1.qasm,16,success,1.1081809,1.0803231953538552,1.0950651912933143,0.0,1.0876692174456228,3.734256456038419,2.1339147718507916,0.0,2.822868224593484
32de9cc1.qasm,64,success,2.2914262,2.2600383779252717,2.2903518523410535,0.0,2.275144629522048,3.7995141234015404,1.2579955235504496,0.0,2.186268912761156
32de9cc1.qasm,512,success,23.9661902,22.739669381075412,24.011854176941444,0.0,23.36710562329539,28.950397717463773,184.43790569436413,0.01972934472934473,73.0722294995022
32f44532.qasm,16,success,9.8694186,6.256057226018811,7.193558143059375,0.0,6.708450745266976,6.773594646385751,6.617455219462671,0.0,6.695069771649119
32f44532.qasm,64,success,0.2578694,0.3753464325603085,0.403414678584278,0.0,0.3891275632091258,4.849154774960631,2.6074184934540354,0.0,3.5558087459610777
336f664c.qasm,16,success,0.1830161,0.40922534967499785,0.2681176372660419,0.0,0.33124090004742807,7.013907340084856,9.061733017985995,0.016438083647528596,7.972336905120183
336f664c.qasm,64,success,0.9599532,2.313588801535457,2.2997224389004187,0.0,2.3066452005628904,5.836413420695648,4.296303830100866,0.0,5.007494915962153
33a2f9be.qasm,16,success,1.0288815,1.065803974219288,1.042557943894964,0.0,1.0541168815445192,5.904690680697504,3.5872803995548237,0.0,4.602366906744853
33a2f9be.qasm,64,success,4.3299639,4.26666102627084,4.32468782474314,0.0,4.2955764447416795,7.471184977663232,2.8522895908521844,0.0,4.616273729223609
33a2f9be.qasm,512,success,94.16065650000002,93.580332680515,96.08317642518479,0.0,94.82349716641657,86.57872057923063,384.9879423625433,0.04170940170940171,182.56988658642373
33c62fb8.qasm,16,success,30.588287800000003,41.37471448195657,49.30871634526638,0.0,45.16784321015542,8.513876603455422,10.309792292350117,0.019869281045751634,9.368900649720047
33c62fb8.qasm,64,success,12.3254206,16.857151850631148,10.460221877124305,0.0,13.278913681998926,8.097085919690569,8.021534076023396,0.0,8.05922146496094
33c62fb8.qasm,512,success,30.066362500000007,15.320707610946583,5.306746352688879,0.0,9.016823677715093,15.403687831947455,4.981771913329409,0.04702398725987858,8.760003390575246
3436484d.qasm,16,success,1.3751076,1.4086513233611153,1.403997905269399,0.0,1.4063226895894032,7.549187233442804,5.219663236652306,0.0,6.277277679775393
3436484d.qasm,64,success,5.724491799999999,5.708750938702667,5.718669428632223,0.0,5.713708031465596,9.147818877163173,3.2545434974571514,0.0,5.4563700793281225
3436484d.qasm,512,success,133.89079619999998,133.57662543484335,134.13073446170097,0.0,133.85339321993695,104.30233163305468,501.59707365847396,0.04170940170940171,228.73072448382598
36d0ea8f.qasm,16,success,0.21199920000000003,0.19149417645507966,0.172623448498521,0.0,0.18181414990880146,1.8136346399920817,1.5415763316363196,0.006601449275362318,1.6720814080802258
36d0ea8f.qasm,64,success,0.4986337,0.5235970731530571,0.5736006969998875,0.0,0.5480288734252007,1.8176672481542826,1.8613416415511386,0.0,1.839374822996453
36d0ea8f.qasm,512,success,0.24181749999999996,0.1918008892437476,0.17454836094401235,0.0,0.18297139351576297,4.275046203837415,3.6117338985443825,0.0,3.9294184419889753
36e23777.qasm,16,success,1.4011911,1.3864999241472258,1.4104657337952455,0.0,1.3984314902487605,9.481034992455388,7.189267759727148,0.0,8.25600988372134
36e23777.qasm,64,success,7.946151800000002,7.950343379553912,7.92949100333198,0.0,7.939910345940483,12.199251086750543,5.868333337425282,0.0,8.46104437076179
36e23777.qasm,512,success,294.89537780000006,284.42243126009737,284.2417556630356,0.0,284.33207911053427,165.62952627978373,744.99397477226,0.04170940170940171,351.27339654864653
371eea68.qasm,16,success,0.1772997,0.2453815379416931,0.18594918829961135,0.0,0.21360828121579956,0.23383142949232416,0.19401667826855418,0.0,0.21299576809150078
371eea68.qasm,64,success,0.2752777,0.3707437493669134,0.46890658717864486,0.0,0.4169462630045438,0.4967120227816764,0.6740557741872735,0.0,0.5786290755434171
376d7d92.qasm,16,success,0.1843133,0.20075607842115217,0.18915457682650347,0.0,0.1948690100018507,1.5612782000700742,0.9601109834514031,0.0,1.2243366971999636
376d7d92.qasm,64,success,2.6315011,2.295880816648126,2.998923543902627,0.0,2.6239609438862566,2.2553203448003587,2.462629170279863,0.0,2.356696346462777
376d7d92.qasm,512,success,0.17325090000000004,0.19540558172396497,0.19063379599143707,0.0,0.193004942428826,3.3526220069903983,4.013842298831067,0.0,3.6683642163299393
37bd268c.qasm,16,success,0.2436995,0.3827833978122577,0.23575900897140387,0.006666666666666667,0.30040744750908643,13.318894975157228,31.35796061509398,0.022944531998393126,20.436569772531634
37bd268c.qasm,64,success,1.1299787,1.6693964922962576,2.108174921584213,0.0,1.876001017920732,9.344601560444874,10.005269977072821,0.0,9.669294774719972
37bd268c.qasm,512,success,0.2388701,0.27764240432223175,0.2020877169911061,0.0,0.23687152557747718,29.124785489522758,17.889271802456342,0.0031546023235031278,22.825888894198826
3814b0b9.qasm,16,success,133.23584999999994,132.40616026155317,126.8752508890683,0.0,129.6112063150511,25.165339085171034,144.04715904870713,0.0,60.20793636819217
3814b0b9.qasm,64,success,255.78723799999995,154.62415806902112,179.20447541546557,0.0,166.46123012076103,13.629267769185144,10.119605414929792,0.3558555549043738,14400.0
383bbcad.qasm,16,success,0.18195029999999998,0.20612695795719788,0.1749120418258367,0.0,0.18987913811591278,0.22152604382095054,0.18874951850040053,0.0,0.20448211194748317
383bbcad.qasm,64,success,0.6394028,0.4759792968137202,0.6473747000268353,0.0,0.555100850741346,0.4223432081664965,0.46717890508421794,0.0,0.4441957198814277
383bbcad.qasm,512,success,0.1866326,0.21187879991762817,0.1908630582835441,0.0,0.20109658310803208,0.25505447530659936,0.18487024156863996,0.0,0.217145072389621
3841ff5b.qasm,16,success,2.0053667,1.996958732522788,1.995198072753688,0.0,1.9960782085124105,14.791783818637043,14.279750728040025,0.0,14.533512505695
3841ff5b.qasm,64,success,15.528729499999997,13.501125373683223,13.198209791522984,0.0,13.348808377661484,21.48259704736143,7.280183551974118,0.0,12.505888600091096
3841ff5b.qasm,512,success,698.9163240000001,690.2817162384678,685.5069441307797,0.0,687.8901873758505,456.7115788708021,1211.3409275474462,0.045313390313390316,743.7966305187299
385fa1b6.qasm,16,success,3.8934353,3.5027786206973217,3.3542923332565477,0.0,3.427731534484574,5.202253354826953,6.334324986067306,0.0,5.740449756711823
385fa1b6.qasm,64,success,3.5853261,3.8095639138808077,2.2030117083310987,0.0,2.8969835874431644,5.542915677733416,1.2553933717113523,0.0,2.6379043958759136
385fa1b6.qasm,512,success,3.8160909999999997,3.761893633152615,3.0490253132025606,0.0,3.3867549236781027,5.268251901760404,3.2295176479344327,0.09635119952111246,4.124792417867761
386534f5.qasm,16,success,1.7916921999999997,1.8000025706510572,1.7954683331400911,0.0,1.797734022366694,8.831357481871414,9.033309875795311,0.0,8.931762914322562
386534f5.qasm,64,success,10.0276048,9.910402462391884,9.962860272763114,0.0,9.936596750379772,11.30498070982202,5.770003859309915,0.0,8.07649567108763
386534f5.qasm,512,success,387.70292719999975,372.2484784022606,372.13039687006335,0.0,372.1894329533152,182.7003465257614,937.7624183463367,0.04198005698005698,413.9197008970602
3a8d3e53.qasm,16,success,0.2819158,5.09141854925503,5.078973946248693,0.029629028652199938,5.0851924409125,3.668740086819919,5.553288332657932,0.06651884700665188,4.5137092861294805
3a8d3e53.qasm,64,success,1.254632,4.22872206607807,3.9883561401625944,0.0,4.106780931250598,2.4352452766298724,3.230813874151435,0.02325234262569432,2.8049642113042266
3a8d3e53.qasm,512,success,0.2745265,4.842275552904407,6.46088428801477,0.0063601532567049805,5.593333714163505,2.3310223048989047,1.581568030849563,0.0,1.920070404080374
3be98d6c.qasm,16,success,2.6949336,4.396470120730094,3.6588958097536413,0.0,4.010763780434648,7.255340353585801,7.026117026241971,0.006473517505639504,7.1398088482472435
3be98d6c.qasm,64,success,18.448310400000004,10.779809408199315,4.54745034593633,0.0,7.001474703406681,4.689325569647483,4.781010702287708,0.0,4.734946223031051
3be98d6c.qasm,512,success,485.3121658,249.2144518331186,446.56307015828764,0.0,333.60151489226206,67.9127511105348,88.44996955056571,0.016487935656836462,77.5040693629822
3c1f4948.qasm,16,success,0.1785881,0.2078686940619087,0.246627924324984,0.0,0.22642045965114033,0.25371559440132774,0.2667049992845553,0.0,0.2601292321583382
3c1f4948.qasm,64,success,0.21056039999999998,0.2037249050238162,0.18283982455703057,0.0,0.19300006707888023,0.2866933736757149,0.3235442791310069,0.016615109365944507,0.304561982062019
3c1f4948.qasm,512,success,0.17540580000000003,0.19836385668961812,0.19725434689536575,0.0,0.19780832388692987,0.20357160947817696,0.24360129547894924,0.0,0.22268881379992722
3c2f55c1.qasm,16,timeout,14399.999999999989,30.516088233012347,108.1321685189613,0.3627228788499158,14400.0,142.51114280996705,92.16139682546209,0.23242128121606945,114.60377822986236
3c2f55c1.qasm,64,success,10512.19065499999,40.60145949263019,197.1225417969923,0.27601105845181695,89.4620751819165,107.08594104716136,103.40979321579876,0.20156284153005444,105.23181562629328
3c890561.qasm,16,success,16.929373900000005,4.268349243457295,7.591000401532621,0.0,5.692191214371297,2.00862885902161,2.2931655356562795,0.009869281045751634,2.1461869614348497
3c890561.qasm,64,success,1.2557023,1.9466468148575575,1.594795697747075,0.0,1.7619602621421062,2.0850244167493934,2.17648382459499,0.0,2.1302633445047725
3c890561.qasm,512,success,17.211887000000004,7.235198176899864,15.589019224643755,0.0,10.620246865012104,9.958002490701817,45.07579670757955,0.0031550802139037435,21.186431881854144
3ccd19ee.qasm,16,success,2.046703,2.0641229649282997,2.064935790496315,0.0,2.0645293377101273,11.223079822799585,11.271362644501188,0.0,11.24719532465575
3ccd19ee.qasm,64,success,12.164556400000004,12.084731177821942,12.152516965718773,0.0,12.118576676517414,15.189054921676153,6.792730229860549,0.0,10.157517045493043
3ccd19ee.qasm,512,success,483.04813420000016,487.7730680033031,489.3529098379514,0.0,488.56235033821537,301.647633118944,1064.7466408992243,0.04198005698005698,566.7259514956036
3db115f1.qasm,16,success,0.2136195,0.2699996090603814,0.21448739407870976,0.0,0.24064810938304002,0.28741935042531425,0.2519214857534002,0.0,0.26908569228671814
3db115f1.qasm,64,success,0.2706139,0.45725524033316245,0.512732124238824,0.0,0.4841998045180898,0.6152614827610313,0.5131968860123828,0.0,0.5619166103936798
3db115f1.qasm,512,success,0.17478359999999998,0.35186721421032063,0.3945119497150152,0.0,0.37257995211619277,0.39198570913497605,0.2914308472861882,0.0,0.3379892414519778
3e2fde05.qasm,16,success,1.4735673,1.4418717040817182,1.4459244424498903,0.0,1.4438966513600036,8.226257452230127,7.167939273029304,0.0,7.6788875406461266
3e2fde05.qasm,64,success,8.440909600000001,8.50066212026034,8.498676773351434,0.0,8.499669388838893,11.205373172344471,5.049809501593043,0.0,7.522300174454679
3e2fde05.qasm,512,success,314.5541481999999,311.40157187976615,309.06525154370934,0.0,310.23121239508816,148.2650744884828,792.8213920015966,0.04170940170940171,342.85233372573
3e730381.qasm,16,success,0.1677842,0.1920222069372649,0.17342010069767,0.0,0.18248427456427388,0.6578988478974855,0.8144437928792884,0.0,0.7319983832035027
3e730381.qasm,64,success,1.4118832,1.6517451831806875,1.4410304529021765,0.0,1.5427945778352523,1.2551373214216412,1.0424936035039722,0.0,1.1438848845496519
3eb6cff0.qasm,16,success,13.542158100000002,44.44122342832147,41.20765221401719,0.00657428791377983,42.793907031255074,6.390318426128989,21.040566322289422,0.09645232815964518,11.595512867722373
3eb6cff0.qasm,64,success,12.568248899999999,36.065226594679906,20.29666719575054,0.0199685534591195,27.05557061921906,6.764408551635202,20.751068003294897,0.5187687947280337,14400.0
3eb6cff0.qasm,512,success,13.965547100000002,5.4483260010685814,4.800097468471707,0.05735323453975492,5.113951099212612,6.5345052998054785,1.742548173711285,0.634807984528251,14400.0
3eca4614.qasm,16,success,1.7950401,1.7908230585394145,1.7932972041991755,0.0,1.792059704388821,8.854186080291342,9.033309875795311,0.0,8.943299534356722
3eca4614.qasm,64,success,9.9800103,9.961530073154723,10.00491715879622,0.0,9.98320004591565,11.445733178380582,5.770003859309915,0.0,8.126618276496533
3eca4614.qasm,512,success,372.2380488000001,379.59136345309315,379.5557728657861,0.0,379.5735677422972,181.96414487112233,938.1496911713488,0.04198005698005698,413.17019049672734
3ee85ccf.qasm,16,success,1.0895266,1.10280728222361,1.1145837363817332,0.0,1.1086798731508458,4.173901299004351,2.346338921507393,0.0,3.1294387791398273
3ee85ccf.qasm,64,success,2.564209,2.582052452590551,2.568599127605599,0.0,2.575317005177418,4.263686500302968,1.3627759258950702,0.0,2.410487361131912
3ee85ccf.qasm,512,success,34.452299200000006,34.12269683600836,34.533271334217766,0.0,34.327370253095864,46.43352089415422,353.48242176010285,0.022792022792022793,128.11492269253395
3f072f57.qasm,16,success,1.2063047,1.1382351320348645,1.1555795714877926,0.0,1.1468745642524294,5.904690680697504,3.588492245098663,0.0,4.6031442207896704
3f072f57.qasm,64,success,4.3106777,4.285035997658096,4.302579276624653,0.0,4.293798677524875,7.471184977663232,2.8522895908521844,0.0,4.616273729223609
3f072f57.qasm,512,success,94.2666482,93.039311625834,95.14941156417103,0.0,94.08844644021731,87.00465181084786,386.9839913690708,0.04170940170940171,183.4922544017543
3f858470.qasm,16,success,0.4377763,1.8634484209143491,1.920548303246805,0.0,1.8917829428808666,1.6301767132182008,2.39645002484202,0.0,1.9765214455928983
3f858470.qasm,64,success,0.7186984,1.3358355918543308,1.9806028250125758,0.0,1.6265791548458481,1.5701266863748753,0.7475603550390199,0.0,1.083404108872881
3f858470.qasm,512,success,0.4335088,2.367465701017168,1.61755283827696,0.0,1.9569110516841774,1.7889801475806018,1.3290996907730488,0.0,1.5419899354238669
40b719e2.qasm,16,success,240.8145595,215.3813911599791,217.3781561179817,0.0,216.377470344031,24.749922531119868,162.769573645312,0.0,63.47073607691094
40b719e2.qasm,64,success,419.87369199999995,244.66292649489458,300.94040749804884,0.0,271.3465695361538,15.748270300695966,14.475354051992635,0.3724780063425083,14400.0
40b719e2.qasm,512,timeout,14399.999999999989,13030.54588164562,13560.761999292718,0.704466541346866,14400.0,1451.446698841281,1855.4351966453316,0.8807731730902086,14400.0
40e78b26.qasm,16,success,0.1820556,0.22292443850473348,0.20400040992796065,0.0,0.2132526127341142,0.2073090111016962,0.23123038053489692,0.0033003300330033004,0.21894323813572864
40e78b26.qasm,64,success,0.1782775,0.22247202934776852,0.22652110627907582,0.0,0.22448743885573538,0.27401301202272044,0.31962885047113687,0.0,0.29594334600892097
41bd27aa.qasm,16,success,1.101841,1.8022351407417083,1.8240742988037861,0.0,1.8131218383296734,2.269030638863593,2.285476668857368,0.0032054015636105186,2.2772388074256225
41bd27aa.qasm,64,success,4.6966688,4.930320896764014,3.3282979942617836,0.0,4.05087362821486,2.67491112953761,1.5151618621471663,0.0,2.013187355441213
41bd27aa.qasm,512,success,153.17248469999996,213.63071173800466,194.97369412840953,0.0,204.0891203539281,42.29302935856118,48.165077095094375,0.0,45.13365728190204
42a256ea.qasm,16,success,1.735077,1.7332344717137549,1.7234042421781912,0.0,1.728312367959265,9.707008209099921,8.584272520475793,0.0,9.128395468285179
42a256ea.qasm,64,success,10.099978700000001,10.112838612753682,10.066754115084144,0.0,10.08977005288624,12.706358040383936,5.952700327086676,0.0,8.696961633988842
42a256ea.qasm,512,success,403.5172516000002,406.64338579740075,403.9498766003307,0.0,405.29439363652773,207.70010154320155,910.0656598683331,0.04198005698005698,434.76514345751514
42a71e24.qasm,16,success,16.5057448,5.896535304193179,2.398298973119929,0.0033333333333333335,3.7605391322271746,4.102453490674947,2.783334011262912,0.0,3.379126859148652
42a71e24.qasm,64,success,30.1654734,14.356483842967375,21.222644468745592,0.0,17.455158332727517,9.106893491548705,6.520205403658142,0.0,7.705765124511325
42a71e24.qasm,512,success,1844.9185097000002,675.6198862834466,1053.8807597106222,0.05801962278529244,843.8144340031179,90.85919690469375,1920.1096569699935,0.13036274595149389,417.68363793814154
42fa6cae.qasm,16,success,1.9149404,1.936651620679355,1.900020235982977,0.0,1.918248489987677,12.562421598285047,12.147360323902056,0.0,12.353147845595387
42fa6cae.qasm,64,success,14.109905799999998,14.107188287794003,14.15944324422452,0.0,14.133291615777555,17.56762887873032,7.175311489749917,0.0,11.227342042585864
42fa6cae.qasm,512,success,563.9146286000002,548.0259154978218,526.770367625877,0.0,537.2930419941199,318.9312255201288,894.5638551618084,0.045313390313390316,534.1388832810869
43168c33.qasm,16,success,0.17956979999999997,0.20750516706600408,0.18338765319672154,0.0,0.1950740516174002,0.20939127743699762,0.187947524510431,0.0,0.19837986855616319
43168c33.qasm,64,success,0.1776479,0.19811068493672576,0.17525678939251482,0.0,0.18633368612884418,0.22396010532756805,0.24747406162139418,0.0,0.23542369656975595
43168c33.qasm,512,success,0.1781855,0.18582069070513693,0.19029072753042414,0.0,0.18804242719260572,0.1972036072438083,0.1874824529461022,0.0,0.19228160602587263
4318a3ef.qasm,16,success,1.5160106,1.6237147727696832,1.5978489469989772,0.0,1.6107299400882575,8.316423406839265,7.48257784223358,0.0,7.8884906991545725
4318a3ef.qasm,64,success,7.7249488,7.698814023529229,7.7430645227318236,0.0,7.7209075718272535,10.568847574272976,5.4327475156948895,0.0,7.577458703476348
4318a3ef.qasm,512,success,261.0483979000001,266.17143761274514,266.90437918800933,0.0,266.53765646454104,155.14934789049676,739.1447273642726,0.04170940170940171,338.64114110259226
4327c91d.qasm,16,success,1.7815141000000003,1.7460094531315347,1.7450481425452795,0.0,1.7455287316608925,10.529433453772162,10.496736473429909,0.0,10.51307225214225
4327c91d.qasm,64,success,12.242160500000002,12.464576579536764,12.221784767104998,0.0,12.342583690953699,16.79262259387329,6.19890531210868,0.0,10.202738720627778
4327c91d.qasm,512,success,470.9695791000001,457.33329907907665,464.29331914441684,0.0,460.8001686031495,304.4322097876802,862.4138053043841,0.04198005698005698,512.3929551625545
432efc30.qasm,16,success,0.1794426,0.24676888760911295,0.23695714807728785,0.0,0.24181325820157207,0.3006584661635229,0.29297079803040865,0.0,0.2967897416800755
432efc30.qasm,64,success,0.1695758,0.24099909268956757,0.24126098669333745,0.0,0.24113000413570304,0.30794581641785634,0.3555570396157402,0.0,0.33089621159448956
432efc30.qasm,512,success,0.17470619999999998,0.2276113731065507,0.23887613543137548,0.0,0.23317573884931023,0.27613917225202317,0.49898074626722594,0.0,0.3711982357769613
445caba2.qasm,16,success,0.18654210000000002,0.18518062587859713,0.18425156124755507,0.0,0.18471550944880322,0.2442471787535879,0.25127729645512964,0.0,0.2477373018824463
445caba2.qasm,64,success,0.1677918,0.19554824257925593,0.20217418602143852,0.0,0.19883361579819417,0.3222485152568488,0.3431408935896144,0.0,0.3325306654778798
445caba2.qasm,512,success,0.1767249,0.18792607394492525,0.18364236400984707,0.0,0.18577187213982474,0.2606440565571485,0.41821455961395215,0.0,0.3301592635820505
448ebca1.qasm,16,success,0.1762951,0.2205068838517724,0.26008404935226703,0.0,0.239479275224849,0.24038241195000515,0.24715156689272752,0.0,0.2437434917426451
448ebca1.qasm,64,success,0.2993708,0.20983880244685868,0.24751101053508784,0.0,0.22789781491513836,0.24580055167365314,0.25991649262689565,0.0,0.25275999936060284
448ebca1.qasm,512,success,0.18492459999999997,0.19591256171773666,0.24408132750017028,0.0,0.21867463990601246,0.22103648313892504,0.2654863485061228,0.0,0.24224402736742218
46073cb3.qasm,16,success,81.2164082,34.2142904531564,161.7542618844187,0.013333333333333334,74.39292505439903,6.8982927618957826,5.969937706029012,0.0,6.417349769684417
46073cb3.qasm,64,success,28.287276100000007,18.128764294324483,12.017567021755731,0.0,14.760204603211188,6.449221286846024,6.815117574310671,0.2061800712392636,6.629645641556026
46073cb3.qasm,512,success,82.40704189999998,22.16659745052629,16.93860794632718,0.019107406003957727,19.377081919590484,9.995199257363803,2.893036022466233,0.634807984528251,14400.0
46188cf9.qasm,16,success,2.0354675,2.0650071210316527,2.0559624725250267,0.0,2.0604798340042114,11.282119016131205,11.272408245889583,0.0,11.277262585776082
46188cf9.qasm,64,success,12.1403033,12.171314529202379,12.146132649551111,0.0,12.158717070114795,15.189054921676153,6.798919830274145,0.0,10.162143804833066
46188cf9.qasm,512,success,496.7963674000002,485.259495055951,485.6289991498143,0.0,485.4442119460953,301.647633118944,1064.7466408992243,0.04198005698005698,566.7259514956036
46de7f9b.qasm,16,success,7.0660452,6.140826962125643,5.860829508156579,0.0,5.999194934664942,5.072272117010151,7.160070035539383,0.0,6.026427100455649
46de7f9b.qasm,64,success,0.17458329999999997,0.19739788177700662,0.18155919613122973,0.0,0.18931297032543978,3.821743978405408,1.9003560650733893,0.0,2.6949349432816407
4737100f.qasm,16,success,118.890095,142.19275465736422,72.61174796536032,0.009876828329484218,101.61134023169282,34.68760703991934,26.706018709267678,0.0,30.43629219513788
4737100f.qasm,64,success,214.64638220000006,188.2118436929252,286.5913528387802,0.0,232.24962196790878,77.36132476676701,80.4497351690611,0.10974929509595156,78.8904182383015
4737100f.qasm,512,timeout,14399.999999999989,7125.059859351486,9265.70324661773,0.6011776293903458,14400.0,4125.19244393493,4703.671281030328,0.30236057006032135,14400.0
474aa01a.qasm,16,success,1.7337241,1.754359968437579,1.748681491199759,0.0,1.751518428595197,12.722080521495835,11.824935585828317,0.0,12.26530809578012
474aa01a.qasm,64,success,13.154595900000004,11.037419637141847,11.5074773755472,0.0,11.269998081580592,19.642238038993504,6.2763526527956826,0.0,11.103225334238749
474aa01a.qasm,512,success,584.1059148999998,573.105047145056,574.83827215506,0.0,573.9710054211866,414.64148283803763,1039.007073704144,0.04198005698005698,656.3653203208534
4846208f.qasm,16,success,4.935264000000001,0.3384310694978107,0.44834964496103946,0.0,0.3895323476338368,0.38741929483791776,0.4098195544508384,0.0,0.39846204687038067
4846208f.qasm,64,success,0.23925899999999997,0.30472145202328393,0.2616685936875228,0.0,0.28237569622287373,0.41098382667596534,0.3861467152892358,0.0,0.39837175440525974
4a262567.qasm,16,success,1.8019782,1.792028727963119,1.789907400831469,0.0,1.7909677503193044,8.831357481871414,9.037827164254583,0.0,8.93399588912489
4a262567.qasm,64,success,9.9888149,9.93573046204349,10.001472374740732,0.0,9.968547223091132,11.30498070982202,5.765445800307767,0.0,8.073304995849202
4a262567.qasm,512,success,371.86355819999983,380.11090427360466,380.24088492503836,0.0,380.1758890443371,183.25650391107817,938.1496911713488,0.04198005698005698,414.63481830318983
4a5eba47.qasm,16,success,0.1833999,0.17848372537700974,0.1781571244999602,0.0,0.17832035016567416,3.264717176060298,2.277916191593331,0.0,2.727040908442814
4a5eba47.qasm,64,success,5.2547247,4.060133703823228,4.319414675423836,0.0,4.187768033747449,4.17442904607871,5.672446453253874,0.0,4.866130417157881
4a5eba47.qasm,512,success,0.1847617,0.17843086270288214,0.17823757494201523,0.0,0.17833419263554978,7.211938992022569,14.145296144589748,0.0033333333333333335,10.100248156301575
4ae57e38.qasm,16,success,16.3446989,1.6143954740406652,2.050926238790088,0.0,1.819617002969021,1.466033529946786,1.7836205727010597,0.0,1.6170490296471045
4ae57e38.qasm,64,success,2.3998315,2.075172008207071,2.1898481054617824,0.0,2.1317390765944073,1.6859465174181436,3.2821432849431353,0.0,2.3523430959188807
4ae57e38.qasm,512,success,37.56116829999999,27.31848031840252,57.79524753313167,0.0,39.7351020161149,38.2121899303106,177.7371795616866,0.0,82.41193398464137
4cbdcf4f.qasm,16,success,1.1965732,1.2112429046245425,1.2055044750752846,0.0,1.2083702834512573,5.580186333747106,3.2234667771196115,0.0,4.241172627584343
4cbdcf4f.qasm,64,success,4.1559375,4.146337846154551,4.173228410017723,0.0,4.1597613990593105,6.951723146612992,2.459426036800484,0.0,4.134881970190755
4cbdcf4f.qasm,512,success,94.93661020000002,92.3757045829169,91.63959216121181,0.0,92.00691220545926,84.47567881446533,446.1490866361921,0.03837606837606838,194.1358981385103
4d59437e.qasm,16,timeout,14399.999999999989,6637.397862785392,4740.678103983132,0.9998588235294119,14400.0,6798.1063848834,6776.027613418995,0.9992461197339253,14400.0
4d59437e.qasm,64,timeout,14399.999999999989,5326.348735190414,10581.181761347247,0.9858688783570303,14400.0,5252.912057660367,1736.2737354182798,0.9843736447283593,14400.0
4d78cdd5.qasm,16,success,0.1960339,0.18549049193876124,0.20026978860474187,0.0,0.19273853171788274,0.18556611000262038,0.188552135363871,0.0,0.18705316434682695
4d78cdd5.qasm,64,success,0.17771010000000004,0.17393483977305657,0.1678552629381068,0.0,0.17086801416357567,0.1842736587100972,0.19148831221580387,0.0,0.18784635182038423
4dc2ff13.qasm,16,success,0.179415,0.19630259373882425,0.18699199230400018,0.0,0.19159074376823504,0.21080211367373025,0.1977179219874068,0.0,0.2041552249297653
4dc2ff13.qasm,64,success,0.6179387,0.5841463681674641,0.6441939781757902,0.0,0.613435875007925,0.43456461406834446,0.43530792921649053,0.0,0.43493611284975453
4dc2ff13.qasm,512,success,0.18002370000000004,0.20461969589065301,0.18880791845543451,0.0,0.19655487492325963,0.24043920804048372,0.23050684769855187,0.0,0.23542065310534713
4e8df7a8.qasm,16,timeout,14399.999999999989,10328.689693453152,10993.145275549741,0.8160109289617484,14400.0,3498.500382786866,4602.543397456353,0.9992461197339253,14400.0
4e8df7a8.qasm,64,timeout,14399.999999999989,9484.660450328167,13757.377997294923,0.9929795597484281,14400.0,3272.01618865133,1675.8656153465458,0.9843736447283593,14400.0
4f476879.qasm,16,success,1.1168596,1.1285120280965055,1.1368726336866803,0.0,1.1326846169738385,6.820646242462237,4.097177518262947,0.0,5.2863407423889095
4f476879.qasm,64,success,5.087435700000001,5.092825575575298,5.078248557709833,0.0,5.085531843753711,8.329863723069291,3.221448295364294,0.0,5.180176183422572
4f476879.qasm,512,success,148.26441930000004,145.50704619983827,143.89271375028179,0.0,144.69762868645213,111.41807072267437,485.6604395165653,0.04170940170940171,232.61846271794892
4f48ab57.qasm,16,success,0.5463127,0.5525052065826254,0.6541040929268148,0.0,0.6011621386856216,0.6644090053227784,0.7754130682763996,0.0,0.7177683647304375
4f48ab57.qasm,64,success,0.4028144,0.772531500411681,0.7307748944307294,0.0,0.7513631782685116,0.9133005211938094,0.8096024551120172,0.0,0.8598897279381776
4f48ab57.qasm,512,success,0.9204006,1.4306788315991121,0.38825911519289014,0.003199233716475096,0.7453013466255572,1.6290529639298115,0.6335364486606371,0.0,1.0159057187791483
4f9a3ab1.qasm,16,success,0.1827227,0.18421332496906648,0.17559346176941634,0.0,0.17985175961155575,0.20128070293001554,0.19740416905514396,0.0,0.19933301259132918
4f9a3ab1.qasm,64,success,0.2759283,0.2534440785546313,0.2804939040023272,0.0,0.26662617845976977,0.43809233526551017,0.6304074516563459,0.0,0.5255251398980907
4f9a3ab1.qasm,512,success,0.17816030000000002,0.18261472801362943,0.17631303208259508,0.0,0.17943621819192862,0.21968455449129778,0.20045301183490466,0.0,0.2098485897055062
4fd60583.qasm,16,success,69.0350985,78.2853362225962,82.74000005970122,0.0,80.4818533815626,14.677446652451133,61.413885018890426,0.0,30.02330796372266
4fd60583.qasm,64,success,3.5823552,4.131308513613232,5.1274908983046315,0.0,4.60252613264067,8.083808887210523,6.230133776553286,0.22612848137946295,7.096704220369615
4ffb1090.qasm,16,success,1.9565706999999999,30.059215106636927,19.74076686196755,0.05283832812570756,24.3596378764926,5.588578429016253,12.765560297330637,0.09645232815964518,8.446379988608628
4ffb1090.qasm,64,success,2.7308021,14.104961240934584,12.377629154685879,0.0,13.213098784218115,4.770420640152983,7.788719488657851,0.42565663521459673,14400.0
4ffb1090.qasm,512,success,1.9538451,6.145329102709546,4.669909968833565,0.09953297656783423,5.357063900916839,5.69330033882921,1.6039271067533603,0.5916235898144321,14400.0
5050d142.qasm,16,success,0.21214299999999997,0.292389658639573,0.24868980059395002,0.0,0.2696559398619072,0.35488286335243874,0.3148797873963536,0.0033003300330033004,0.33428347336209296
5050d142.qasm,64,success,1.9698752999999998,1.7262766052390814,1.8446387990611042,0.0,1.7844766190498262,0.6215870018030227,0.7454129989923656,0.0,0.6806901138907955
51b16166.qasm,16,success,1.2138746,1.1933572783842001,1.1991173012233804,0.0,1.1962338229005818,5.5909240389579375,3.215206409591614,0.0,4.239808345385129
51b16166.qasm,64,success,4.156859,4.185292436524301,4.183732720582252,0.0,4.1845125058831085,6.951723146612992,2.4263015334883997,0.0,4.106942479632981
51b16166.qasm,512,success,91.95425450000003,92.38685710585274,92.46195857940045,0.0,92.42440021445822,83.84425512610292,443.5959968694487,0.03837606837606838,192.8548053185089
51b543de.qasm,16,success,2.9811427,3.0560448276147136,2.99521397600808,0.0,3.02547652097629,20.796234712583264,21.563704080528066,0.0033333333333333335,21.17649289498502
51b543de.qasm,64,success,23.505974600000005,23.887533853446552,23.551617567112913,0.0,23.718981047630102,29.6790524961618,8.037770136832341,0.0,15.445174063218863
51b543de.qasm,512,success,1080.9138732999998,719.813977838029,557.9704897763572,0.0,633.7467615397758,505.3694809201783,1528.2447291411415,0.042250712250712245,878.8220784010026
52b00428.qasm,16,success,2.009074,1.9848608670687145,2.0001306663087335,0.0,1.992481138826734,14.791783818637043,14.280462398992398,0.0,14.533874660119737
52b00428.qasm,64,success,7.728845399999999,15.623126970672605,15.523581543827023,0.0,15.573274719814052,21.48259704736143,7.280183551974118,0.0,12.505888600091096
52b00428.qasm,512,success,691.5553226999999,677.4303322789425,683.2662039982669,0.0,680.3420107633499,456.7115788708021,1211.3409275474462,0.045313390313390316,743.7966305187299
53442dc5.qasm,16,success,0.1755131,0.22256913450656532,0.21733509750572272,0.0,0.21993654664413712,0.2947787460761414,0.27120929435920105,0.0,0.2827485379544878
53442dc5.qasm,64,success,0.2352298,0.22495116260107126,0.21152567830290456,0.0,0.2181351582258545,0.3332511780930104,0.3821540159319676,0.0,0.3568659076212006
53442dc5.qasm,512,success,0.18592699999999998,0.20470488357032784,0.18722335575042143,0.0,0.19576908652934993,0.2750779126872675,0.40713951967919687,0.0,0.334656673690889
5357322a.qasm,16,success,1.9833841000000003,2.1535719141017458,2.1393284355454725,0.0,2.146438360128228,2.7166782269533734,2.0535489295714595,0.0,2.361955051424601
5357322a.qasm,64,success,0.1795194,0.175049902542208,0.16745645652794935,0.0,0.1712110872440247,2.0279278249429518,1.0289968924092119,0.0,1.444552328542123
5385a9e9.qasm,16,success,1.7063132,1.6907988677665335,1.6895072048153201,0.0,1.6901529129002335,9.141869624486286,9.484190678701237,0.0,9.311457172669312
5385a9e9.qasm,64,success,10.5206042,10.501494281968327,10.51781522642883,0.0,10.509651586001404,12.052729773559243,5.921725276020895,0.0,8.448251567344297
5385a9e9.qasm,512,success,406.11038670000005,406.2080230383159,406.01016799812027,0.0,406.1090834689258,212.3843514143965,946.0917341691951,0.04198005698005698,448.2578268586572
53e971c2.qasm,16,success,0.1748129,0.23178033514074203,0.24938546144819848,0.0,0.24042180814911956,0.37627522015635484,0.33375508933027825,0.0,0.35437800399581
53e971c2.qasm,64,success,0.1728286,0.24625568939596434,0.21113519227151625,0.0,0.228020267363609,0.3991649287708979,0.3816292024445933,0.0,0.39029859519435967
53e971c2.qasm,512,success,0.1791764,0.21346324300661956,0.18925008585865868,0.0,0.20099238061844651,0.3354777539401433,0.2722286194201161,0.0,0.30220298774381205
54c8f710.qasm,16,success,0.5430322,0.9280829695860514,0.8005787665888994,0.0,0.86197651887007,0.9165146737934409,1.0445721373634071,0.0,0.9784506588118486
54c8f710.qasm,64,success,0.5765128,0.9783765701582313,0.5324766989558334,0.0,0.7217774770755772,0.9611217185588701,0.8717407469769243,0.0,0.9153409009064626
54c8f710.qasm,512,success,0.5371048,0.9568872833794084,1.0128832384436044,0.0,0.9844872220678327,0.9195436155125893,0.9881955048456649,0.0,0.9532517334676456
54f0b8c5.qasm,16,success,0.18011679999999997,0.5480274196481684,0.3802135862318309,0.0,0.4564728585335679,0.5461781593582821,0.3251780729536333,0.0,0.4214322737397892
54f0b8c5.qasm,64,success,0.26607240000000004,0.7285446463748564,0.48542372247470306,0.0,0.59468719023727,0.9681627647016853,0.7405590377065046,0.0,0.846747710578983
54f0b8c5.qasm,512,success,0.1865154,3.485745753804021,2.1988619510166276,0.0,2.7685147117104933,2.544592489139463,1.230694661410769,0.0,1.7696373616789054
551cc6ea.qasm,16,success,4.0511647,3.1992048250479144,3.573436538992449,0.0,3.3811470564805615,1.4880628268404743,1.420058616871335,0.0,1.4536631108
551cc6ea.qasm,64,success,0.6177918,4.716327828557761,2.5267800711403807,0.0,3.452118648911786,4.083962907347339,3.4838582623686656,0.0,3.7719952171190765
551cc6ea.qasm,512,success,903.4430423000003,727.5377310257265,645.2292154485035,0.0,685.1485965824596,85.75890673045505,145.9613950290336,0.0,111.88158768332706
568c1ef9.qasm,16,success,0.1891656,0.18898594823764336,0.18552978457113356,0.0,0.18724989255938537,0.19800863388811743,0.1907291446613012,0.0,0.19433480742531273
568c1ef9.qasm,64,success,0.24343100000000004,0.2792826275944963,0.3099965718371079,0.0,0.2942391155641165,0.46410959955171754,0.6210957271627976,0.0,0.5368952311362141
568c1ef9.qasm,512,success,0.1862508,0.18967992373948692,0.18227971565410325,0.0,0.18594300891543533,0.2141585582146468,0.1837581503711461,0.0,0.19837686494063494
574915eb.qasm,16,success,1.6900419,1.3549833334211479,1.3430288959711334,0.0,1.3489928726067792,2.5702033093035657,2.9188924903505145,0.0,2.7390047714818273
574915eb.qasm,64,success,6.495244199999999,5.372880412058598,5.446448219614048,0.0,5.409539255283739,3.6164231141784136,2.3342604015007056,0.0,2.9054557767239437
574915eb.qasm,512,success,257.82087350000006,133.81798875819936,183.66590984655826,0.0,156.77309290535538,33.73064022398538,51.97679454332603,0.0031546023235031278,41.87135723542928
577f5adb.qasm,16,success,1.1850882,0.9962520049230078,0.9563320842161003,0.0,0.9760879859277486,0.5292200424958925,0.40853463736328177,0.0066336633663366335,0.4649781910438811
577f5adb.qasm,64,success,5.6904274,3.5668720276044024,4.288567887267265,0.0,3.9111089010121045,1.2971944758455602,1.6984689409036904,0.0,1.4843330244711013
587be285.qasm,16,success,1.3891152,1.3976348278789565,1.4072500617284014,0.0,1.4024342044482605,9.481034992455388,7.194781812443747,0.0,8.259175390246943
587be285.qasm,64,success,7.918703600000001,7.911519151302952,7.937896937237758,0.0,7.924697069290761,12.199251086750543,5.868333337425282,0.0,8.46104437076179
587be285.qasm,512,success,284.79549880000013,285.4749508934386,282.5556379007723,0.0,284.0115435231237,165.62952627978373,740.9425650320346,0.04170940170940171,350.31695084135436
588e0101.qasm,16,success,0.22066920000000004,0.5694502101519353,0.47765148754790687,0.0,0.5215349844100011,0.3116449501486424,0.27935928961983164,0.0,0.29506086132717196
588e0101.qasm,64,success,0.48802540000000005,0.7597101737652971,0.6061571018442098,0.0,0.6786042419342319,0.39471007261293284,0.31212633042698285,0.0,0.35099773011693775
588e0101.qasm,512,success,9.7979156,3.3639836990183465,6.349917755164049,0.0,4.6217983316539275,0.6339350465683657,0.5611987407414797,0.0,0.5964591770155424
591d39f6.qasm,16,success,2.6787045,2.655977465680418,2.670813389093888,0.0,2.6633850972908353,18.492919221874917,18.78986131835717,0.0033333333333333335,18.64079900515564
591d39f6.qasm,64,success,20.992547700000003,21.07338025629392,20.973478167228585,0.0,21.023369870577035,25.775398362032586,7.455591169090269,0.0,13.862569473505042
591d39f6.qasm,512,success,981.4918502999997,1001.0209337804966,947.6289975509623,0.0,973.9591695784476,479.0782897427058,1458.829107497548,0.042250712250712245,835.9984173709914
59267ce4.qasm,16,success,0.2185542,0.26664234242668666,0.18948486095066588,0.0,0.22477697208184064,0.2553672283436304,0.23203419310316956,0.0,0.24342129893192818
59267ce4.qasm,64,success,0.2873506,0.3759698865821505,0.5027731947491432,0.0,0.4347730223994824,0.3585162359468002,0.43896114887081206,0.0,0.39670480060121094
59267ce4.qasm,512,success,0.2381152,0.2842664439197942,0.26253004253713375,0.0,0.2731821399984694,0.24797013082929287,0.24587468370660123,0.0,0.24692018444496783
5a4964e2.qasm,16,success,3.0040687000000004,3.0560448276147136,2.997231976705172,0.0,3.0264955442840593,20.796234712583264,21.563704080528066,0.0033333333333333335,21.17649289498502
5a4964e2.qasm,64,success,23.571399400000004,23.887533853446552,23.55590265877369,0.0,23.72113872076861,29.6790524961618,8.037770136832341,0.0,15.445174063218863
5a4964e2.qasm,512,success,1113.7247560999997,724.0784940940819,508.01248079828787,0.0,606.4988970125362,505.3694809201783,1528.2447291411415,0.042250712250712245,878.8220784010026
5a741dbe.qasm,16,success,1607.2905075999995,0.567839878262282,0.8839888559903303,0.07321016166281756,0.7084942655877767,0.6992478040029421,1.576912875782859,0.036632996632996635,1.0500727905698388
5a741dbe.qasm,64,success,63.61018130000002,0.692181235680974,0.5066372859081892,0.13666666666666666,0.592186476206596,0.7630925200655487,0.6015886453371975,0.16333333333333333,0.677545419446683
5a9f20b0.qasm,16,success,1.9873639,1.9309945490890086,1.9285689510176853,0.0,1.9297813689528298,12.562421598285047,12.125835809251887,0.0,12.34219841306257
5a9f20b0.qasm,64,success,14.174923699999999,14.01244218725995,14.047378461167765,0.0,14.029899449734986,17.56762887873032,7.198626537787631,0.0,11.245567991543714
5a9f20b0.qasm,512,success,556.7358081999998,548.5505244604294,554.1623719715881,0.0,551.3493083166514,318.9312255201288,894.2798804365717,0.045313390313390316,534.054096722074
5b419375.qasm,16,success,5.069990999999999,3.550841642286575,3.401227582839162,0.0,3.4752295659479833,4.13231802501715,6.124611226476179,0.0032054015636105186,5.0307893384030615
5b419375.qasm,64,success,18.199755699999997,12.707635978555514,12.73751032203309,0.0,12.722564381660249,3.872868620316969,3.6686956963706074,0.0,3.7694000106072107
5b419375.qasm,512,success,735.2598270999999,507.2700416834343,517.138912873299,0.0,512.1807082362282,65.17246652674832,93.37040170080198,0.0031546023235031278,78.00755975823473
5b482142.qasm,16,success,0.18249000000000004,0.1874452922157727,0.19222715957060124,0.0,0.18982116872867297,0.2085502245316543,0.18779568984660272,0.0,0.1979010694351749
5b482142.qasm,64,success,0.176904,0.20155673583698389,0.1913618653012654,0.0,0.19639315908096097,0.20491764622024594,0.175589001356309,0.0,0.18968733447465175
5b58ce32.qasm,16,success,0.23533430000000002,0.198577779315307,0.2153702239432477,0.0,0.20680362859797813,0.20246055433323326,0.19616719313881836,0.0,0.19928903297692926
5b58ce32.qasm,64,success,0.1714296,0.19928398116236162,0.19500934141779416,0.0,0.1971350753204215,0.21739096125705645,0.24370521757843308,0.0,0.2301723517556695
5c176f37.qasm,16,success,2.1709223,2.1300700275134306,1.9297842394831188,0.0,2.027455441702922,1.1082318327552318,1.1630201318274491,0.0,1.1352955263834899
5c176f37.qasm,64,success,0.177055,7.76053643228832,8.699063047016013,0.0,8.216410146964478,3.0907297451959814,3.3670675948242668,0.0,3.225941098254717
5c176f37.qasm,512,success,218.88470399999989,395.3590328173594,480.1481509694606,0.0,435.6958900154203,61.07670509158859,156.9669751606138,0.0,97.91335787829729
5c2359c8.qasm,16,success,18.8537477,5.576178819065747,6.643278326029239,0.0032405259087393665,6.08638709669068,2.5295575271665167,3.0156291853320853,0.026535947712418302,2.7619209809297236
5c2359c8.qasm,64,success,0.8920383,1.7901057874012547,1.5199043134201884,0.0,1.6494815875752022,2.6431465050794656,2.092986528477458,0.0,2.352035294786963
5c2359c8.qasm,512,success,26.214138599999995,15.249124900805509,12.872053459084478,0.0,14.01026591208835,8.809577530895272,46.8655513218935,0.0031550802139037435,20.31909712310988
5cfcb9cd.qasm,16,success,45.6465889,26.75571415242704,21.313705729244894,0.0,23.880188818780788,9.212116437793233,13.318148546494184,0.0,11.076476657589772
5cfcb9cd.qasm,64,success,42.3598636,28.343746698899487,24.845671595853748,0.0,26.53713289481214,8.988489181097188,2.46356866556748,0.02660766961651918,4.7057157051125955
5cfcb9cd.qasm,512,success,45.74182770000001,29.864126927578706,19.784958797554,0.009016393442622951,24.307622688923487,7.645126534862159,4.036493985064827,0.15951786618777924,5.555133416312394
5d14d092.qasm,16,success,1.8427508,1.837395359174212,1.8623089171870084,0.0,1.8498101961520703,10.64062151215474,10.082158419008417,0.0,10.35762674372141
5d14d092.qasm,64,success,10.707354900000002,10.71526780853018,10.712819104265263,0.0,10.714043386441023,14.661427396187163,6.6488216211596525,0.0,9.873257591536426
5d14d092.qasm,512,success,449.6638395999999,437.08257928369306,436.11793848676035,0.0,436.59999247100336,287.106807546385,964.9218839277919,0.04198005698005698,526.341753641255
5d2b11a2.qasm,16,success,1.7544678,1.7663556098030058,1.7628356839644916,0.0,1.7645947692123534,12.761311346527078,11.796481769677069,0.0,12.269416312786836
5d2b11a2.qasm,64,success,6.910084600000001,12.902868786872455,13.173103831943886,0.0,13.037286153928608,19.619843659235844,6.2439848131749685,0.0,11.068243123691124
5d2b11a2.qasm,512,success,578.8071934000002,564.7037833790721,562.7390387391546,0.0,563.7205550901109,414.64148283803763,1039.2672082017618,0.04198005698005698,656.4474817330978
5d565485.qasm,16,success,1.7579762999999997,1.7479449112007392,1.7486465519343455,0.0,1.7482956963689977,12.761311346527078,11.82694242578966,0.0,12.285247029382523
5d565485.qasm,64,success,13.180583699999998,12.049996417856544,12.27074792075332,0.0,12.15987123655091,19.619843659235844,6.2439848131749685,0.0,11.068243123691124
5d565485.qasm,512,success,577.6552693999998,580.4495423612772,574.6798363232028,0.0,577.5574845831857,414.64148283803763,1038.8722339339895,0.04198005698005698,656.32272820439
5da1db4b.qasm,16,success,1.6695542,1.6469641211048693,1.6505016562268373,0.0,1.6487319398949498,8.247194111604342,8.03491371825362,0.0,8.140361976253281
5da1db4b.qasm,64,success,9.5052925,9.551873605434249,9.519075828954028,0.0,9.535460615969903,10.522146720989296,5.450208485197194,0.0,7.572839186277871
5da1db4b.qasm,512,success,340.80459760000014,344.90278539307906,348.0801236779742,0.0,346.4878124790261,162.35355045650982,888.0561003771676,0.038646723646723655,379.7091793738938
5e3dc35d.qasm,16,success,0.1754587,0.19828363051590292,0.21114439964530796,0.0,0.2046129959821037,0.2536980272955178,0.25839028702060646,0.0,0.25603340815106634
5e3dc35d.qasm,64,success,0.1674483,0.18097390275751488,0.1756246123215171,0.0,0.17827919539895978,0.2652814884862138,0.25886614477876896,0.0,0.2620541856288496
5e3dc35d.qasm,512,success,0.1802698,0.1917104750384649,0.19757497929087686,0.0,0.19462063902774768,0.25672116073788126,0.36208000829958203,0.0,0.3048829283686615
5e4c8439.qasm,16,success,1.1020779,1.110971155845099,1.1151961345467287,0.0,1.1130816405777995,4.173901299004351,2.3494257414258337,0.0,3.131496631652595
5e4c8439.qasm,64,success,2.5658197,2.547366684554188,2.569101420421831,0.0,2.5582109701163067,4.263686500302968,1.3583091225591697,0.0,2.4065336625723526
5e4c8439.qasm,512,success,34.3699009,34.45430120431897,34.44174174520596,0.0,34.44802090237831,46.43352089415422,352.4176821017292,0.022792022792022793,127.92182693090362
5e6b0a76.qasm,16,success,0.9429384,0.8814520028154579,1.4330595879408108,0.0,1.1239098024060128,0.9901140453107647,1.4471006957890795,0.0,1.1969940366934781
5e6b0a76.qasm,64,success,0.8332049,0.5708832359691797,0.5770572439315098,0.0,0.5739619384202027,0.719459608053026,0.6984108743676597,0.0,0.7088571181363192
5eaee29f.qasm,16,success,0.9021112,0.4104394397957116,0.665618929300156,0.0,0.5226817965640064,0.6014400955489569,0.7525825390587992,0.0,0.6727802867207101
5eaee29f.qasm,64,success,0.1723742,0.34616422896854276,0.2371787864694888,0.0,0.28653588212631453,0.39952951114867297,0.2677902807742553,0.0,0.32709344225787235
5eaee29f.qasm,512,success,0.8121324,0.46474694351624646,0.37312795835566775,0.0,0.4164253572805742,0.5201822419253217,0.4968237796306779,0.0,0.508368869552511
5ed4dd47.qasm,16,success,0.1778839,0.18626300743497592,0.19854857299643788,0.0,0.19230770740726794,0.20086429590443103,0.18623439922065183,0.0,0.19341106864045024
5ed4dd47.qasm,64,success,0.1692181,0.17455225014639397,0.16874569660574829,0.0,0.17162441855707503,0.22480445979766478,0.23456393939111392,0.0,0.22963235765638854
5ed4dd47.qasm,512,success,0.1719626,0.18329453053304065,0.19045915547885217,0.0,0.1868425045037012,0.1971242522566867,0.17996741570856686,0.0,0.18835058336017846
5ee9c404.qasm,16,success,0.6110617,0.1858476549949108,0.18251815309173106,0.0,0.18417538040167133,0.6678155843146558,0.6580016538266101,0.0,0.6628904577154717
5ee9c404.qasm,64,success,0.3699508,0.1705005953819158,0.16162416809202054,0.0,0.1660030628867924,0.5187708345085671,0.47701626079617687,0.0,0.49745564997031544
5ee9c404.qasm,512,success,0.602949,0.1803280298740003,0.17631206430441246,0.0,0.1783087412300158,0.6792412256337005,0.6160819812515475,0.0,0.6468912428191771
5ef5ff7c.qasm,16,success,1.9424587,1.9395680392142791,1.9408075108914473,0.0,1.9401876760746808,12.562421598285047,12.155932703656115,0.0,12.357505878764906
5ef5ff7c.qasm,64,success,14.129976999999997,14.130112472045093,14.092581038831822,0.0,14.111334277810288,17.56762887873032,7.198626537787631,0.0,11.245567991543714
5ef5ff7c.qasm,512,success,549.4164624999999,560.3263941014985,559.118951372859,0.0,559.7223471477314,318.9312255201288,895.6995330392393,0.045313390313390316,534.4778290724621
5f0ad979.qasm,16,success,1.4398049,1.4465603146031762,1.4559851088635165,0.0,1.4512650609503241,8.226257452230127,7.167939273029304,0.0,7.6788875406461266
5f0ad979.qasm,64,success,8.5335451,8.419234797046691,8.459803110502236,0.0,8.439494577526801,11.205373172344471,5.049809501593043,0.0,7.522300174454679
5f0ad979.qasm,512,success,314.93001089999996,312.58936830766106,311.19871600139845,0.0,311.8932670851238,148.2650744884828,792.3807022131984,0.04170940170940171,342.7570332420271
5f39af5c.qasm,16,success,1.206501,1.4977062963387242,1.7583947691225739,0.0,1.6228243642378422,3.4026816319627486,4.292470699309221,0.0,3.8217680730622288
5f39af5c.qasm,64,success,1.2441665,1.4945974582751864,1.202962331332486,0.0,1.3408745067344394,3.362574702445354,0.6743919186236641,0.0,1.5058861859707453
5f39af5c.qasm,512,success,1.2038937,1.512186646031797,1.3859053523069989,0.0,1.4476697021153122,3.4231244956411975,3.1515141009892673,0.016579177602799648,3.284512919361866
5f6a8a9b.qasm,16,success,0.21687830000000002,0.1912585492885563,0.19154185375500096,0.0,0.19140014910449338,0.2429182965999254,0.2326386232456637,0.0,0.23772290188828765
5f6a8a9b.qasm,64,success,0.1669181,0.22643912071843544,0.20183339578294487,0.0,0.21378254529475976,0.2569770945266306,0.3194130227746127,0.0,0.2864992679686782
5f6a8a9b.qasm,512,success,0.2251206,0.18794457010880344,0.18273848692990002,0.0,0.18532324832134056,0.20972309293224672,0.200764420229816,0.0,0.20519487118674856
5f79d6db.qasm,16,success,1.4444159,1.4473804833832167,1.4493884395084577,0.0,1.4483841134815714,8.26578393517358,7.167939273029304,0.0,7.697313641219604
5f79d6db.qasm,64,success,8.4894781,8.49901165212984,8.494296761708597,0.0,8.496653879875899,11.259214058572946,5.138758848014901,0.0,7.6064700002817
5f79d6db.qasm,512,success,309.13355079999997,314.3125586041247,314.72668448780496,0.0,314.51955338635935,148.2650744884828,792.6181284734238,0.04170940170940171,342.80838067210976
613afa2d.qasm,16,success,1.1619439,1.1498797432986683,1.1739099554535115,0.0,1.1618327238602961,5.904690680697504,3.588492245098663,0.0,4.6031442207896704
613afa2d.qasm,64,success,4.2897754,4.264246248250678,4.305181704231175,0.0,4.284665089631305,7.471184977663232,2.8522895908521844,0.0,4.616273729223609
613afa2d.qasm,512,success,94.37437180000002,94.35743571630945,94.96967566953293,0.0,94.66306073113586,87.00465181084786,386.9839913690708,0.04170940170940171,183.4922544017543
622c4417.qasm,16,success,1.8900388999999997,1.9483070647178935,1.9578038196609029,0.0,1.9530496699206126,12.562421598285047,12.125835809251887,0.0,12.34219841306257
622c4417.qasm,64,success,14.084895399999999,14.191201350380616,14.1340149525822,0.0,14.162579287735138,17.56762887873032,7.192073052394669,0.0,11.24044795607305
622c4417.qasm,512,success,556.6662470999999,545.4997266037499,546.0442463176443,0.0,545.7719185519036,318.9312255201288,895.4859258657252,0.045313390313390316,534.4140939125601
635bd24f.qasm,16,success,9.4363397,6.166142111820064,6.930436106192939,0.0,6.537128874947666,6.727397313953709,6.553483556750634,0.0,6.639871058742331
635bd24f.qasm,64,success,0.2822097,0.3786870023584947,0.40813363958109045,0.0,0.39313471550427265,4.85458855882123,2.6090043698325056,0.0,3.5588822351552283
637811d8.qasm,16,success,1.9822721,1.9985545603643942,1.9928928380013269,0.0,1.9957216914452505,11.158997472551539,10.699692752791645,0.0,10.926932066480509
637811d8.qasm,64,success,11.433697700000002,11.487401164434038,11.504767463552401,0.0,11.496081034742,14.963563571292429,6.925257129358461,0.0,10.179711454786005
637811d8.qasm,512,success,435.3994821999999,438.6417140267252,438.2468695213556,0.0,438.44424732649213,311.22526231933693,1021.7418842745478,0.04198005698005698,563.907692761856
63aaa50d.qasm,16,success,0.1790994,0.33360342035656537,0.30809688426436743,0.0,0.32059659136022306,0.42611425900035843,0.31992531676076835,0.0033333333333333335,0.3692218022909397
63aaa50d.qasm,64,success,0.3013606,0.42892740471775065,0.4031078729867655,0.0,0.41581728413030883,0.5781027276758118,0.55527435364814,0.0,0.5665735772628416
63aaa50d.qasm,512,success,0.1729242,0.4420452294411495,0.40876491173638935,0.0,0.42507949750135376,1.2762481964290588,0.5960724053335786,0.0,0.8722020019743767
64273f69.qasm,16,success,1.3970083,1.3805036884901831,1.3977394730554902,0.0,1.3890948484899903,9.481034992455388,7.189267759727148,0.0,8.25600988372134
64273f69.qasm,64,success,7.9696109,7.963168137839038,7.933564917204818,0.0,7.948352745579616,12.199251086750543,5.868333337425282,0.0,8.46104437076179
64273f69.qasm,512,success,282.52643209999997,284.9709317261426,284.41405907788044,0.0,284.69235924316246,165.62952627978373,740.9425650320346,0.04170940170940171,350.31695084135436
6457f235.qasm,16,success,0.22334520000000002,1.15516654027714,0.4735938889060711,0.0,0.7396484395603241,0.9053483015567804,1.4538289197546397,0.0,1.1472669886534659
6457f235.qasm,64,success,1.0101255,2.0309903292081364,1.603555260487191,0.0,1.804662080944884,1.4443833914279942,1.404431799075222,0.0,1.4242675187539695
6457f235.qasm,512,success,20.677099000000002,16.530128553924847,4.038131422456571,0.0,8.170118207887233,2.5195115508206465,2.0613502342676973,0.0,2.278946187500773
64731b8d.qasm,16,success,2.0507906,2.067637020554271,2.0698054315429624,0.0,2.0687209419355086,10.96039686382763,10.756723342480683,0.0,10.85808255577322
64731b8d.qasm,64,success,12.590871699999997,12.66263575264578,12.579082964003744,0.0,12.620790215968704,14.561898301377084,6.639997417382183,0.0,9.833156518296954
64731b8d.qasm,512,success,496.20632519999975,504.53511259148394,501.6386595438119,0.0,503.0848015724369,260.9440207783253,907.6025002268066,0.04198005698005698,486.6553664325955
64f32748.qasm,16,success,1.9956136999999998,1.9936084609331397,1.990330002569593,0.0,1.9919685572748929,11.3239487734828,10.695779506668243,0.0,11.005383193055035
64f32748.qasm,64,success,11.509393199999998,11.567102314548666,11.48824424896788,0.0,11.527605850406959,15.067914423188602,6.928113980596066,0.0,10.217251517591125
64f32748.qasm,512,success,437.9071593999999,444.79555550259465,447.41283361227386,0.0,446.10227511811826,310.6981990657762,1015.4538698002918,0.04198005698005698,561.6935895853929
6533abd6.qasm,16,success,9723.491495600001,358.8450598351834,727.2713012554526,0.06265241135715256,510.85977881941795,450.7278540451342,589.4682738040789,0.0,515.4510355789404
6533abd6.qasm,64,success,232.80990819999994,221.66522814054682,79.74085004982278,0.0,132.95026783882423,89.56583690942715,49.580294548478925,0.15296473200622523,66.63858173348545
6533abd6.qasm,512,timeout,14399.999999999989,2917.436222158249,3815.7706424040944,0.5249132615742538,14400.0,3678.9819891306133,4250.565744318683,0.37216763365105643,14400.0
65dcd512.qasm,16,success,0.5612492,2.5048474019239144,3.397647487212094,0.0,2.9172912917630507,1.1834423988449547,1.4795385688731058,0.0033333333333333335,1.3232341716910199
65dcd512.qasm,64,success,0.5177774,0.6466357774905198,0.41559315446672634,0.0,0.5183988836391619,1.266025726240291,1.307811874521022,0.0,1.286749190101223
65dcd512.qasm,512,success,0.5506512,3.117258549028607,4.633342584638725,0.0,3.80043770933604,6.6695808165569685,20.916582573305533,0.0,11.811216612984811
661be484.qasm,16,success,879.1681902999999,673.5614745753718,565.2072064094277,0.0,617.010372189772,33.233157493946855,189.7897850975006,0.0,79.41859869632279
661be484.qasm,64,success,505.07029809999983,765.805486504349,808.6822539957035,0.0,786.9519089173197,16.89743421914148,15.622474730859661,0.3757966229723832,14400.0
661be484.qasm,512,timeout,14399.999999999989,13808.443258401909,14370.130455844137,0.9994843462246779,14400.0,1697.0627748840739,1937.7641096351158,0.9439311138739251,14400.0
66343f14.qasm,16,success,0.1837175,0.19214604215611872,0.19232162585117676,0.0,0.19223381395668532,0.21834213341809086,0.21060211070172039,0.0,0.21443720328563928
66343f14.qasm,64,success,0.17714659999999996,0.18963637430819874,0.1771300717367471,0.0,0.18327657947786968,0.2976898333902921,0.3702121408836058,0.006666666666666667,0.33197649094281356
6694b099.qasm,16,success,13.838370900000003,7.384592692242352,13.878075180930054,0.0,10.123434820429575,6.393602399598339,9.127071256405873,0.0,7.639035586136617
6694b099.qasm,64,success,13.804308500000001,7.2470230312884745,4.952218573757411,0.0,5.990729676758459,6.113183839644931,0.6920116746371123,0.013303834808259588,2.056792305080224
6694b099.qasm,512,success,13.781358199999998,7.437243051643595,7.950426885158102,0.006340996168582375,7.689555065752668,6.276943416926623,5.60159846311701,0.15951786618777924,5.929664121797171
67346cae.qasm,16,success,0.179131,0.21639458182648993,0.21059179818158127,0.0,0.21347347400459815,0.19596833079237172,0.20981733991460932,0.0033333333333333335,0.20277463814383118
67346cae.qasm,64,success,0.1538984,0.21537903040035278,0.25938236127147807,0.0,0.2363588827897208,0.3378152576705098,0.44713594270313484,0.023333333333333334,0.38865067052303637
6740a375.qasm,16,success,0.1709286,0.17496321754964125,0.17620509804368334,0.0,0.175583059838849,20.532873946153078,11.08896687832837,0.0,15.089345880646484
6740a375.qasm,64,success,10.014619999999999,9.835578913604673,10.085531889664013,0.0,9.959771321996646,19.961433426420314,14.462008401957993,0.0,16.99065678330345
6785591a.qasm,16,success,0.21514669999999997,0.17770319857523634,0.18224519239562692,0.0,0.17995986667494018,0.2192099302306115,0.18618061809083883,0.0,0.2020213857540456
6785591a.qasm,64,success,1.0548189,1.083727836733414,1.0782825358071924,0.0,1.0810017575923494,0.6233209197956485,0.8190210374446915,0.0,0.7145018869058439
6785591a.qasm,512,success,0.22718,0.18394144487416325,0.19261434392215818,0.0,0.18822794884004548,0.25960597071261055,0.18224018780125606,0.0,0.21751009368991028
67b5fe45.qasm,16,success,397.968539,404.6865003772747,672.0663718194269,0.28004334249222923,521.5133632351678,15.70917889340361,46.45088664705704,0.17330376940133035,27.01305773317474
67b5fe45.qasm,64,success,113.48249140000004,170.59533245365776,207.76367447688548,0.0930503144654088,188.26447651954376,7.18655949209287,16.260065533467767,0.37912258167444807,14400.0
67b5fe45.qasm,512,success,1642.6080189999993,1296.3735155963107,1445.5154398659224,0.5218969455156067,14400.0,12.374430608570176,7.834505802598578,0.6381325459317598,14400.0
67f3547d.qasm,16,success,1.4342771,2.074851845639765,1.7907618461290316,0.0,1.9275802244114495,0.5068892519322358,0.6608564444452675,0.0,0.5787754562517823
67f3547d.qasm,64,success,1.2461029,2.2732730541810326,1.5043187325637617,0.0,1.8492504534640415,0.6199772619022093,0.6336968956030746,0.0,0.6267995422875836
67f3547d.qasm,512,success,1.4320807,2.2962802901042507,2.602428062275175,0.0,2.4445662735578844,0.47513294356325353,0.5462552078628263,0.0,0.5094544580712015
68528bdf.qasm,16,success,0.18044680000000002,0.208081834871502,0.20202727972700163,0.0,0.20503220981029466,0.2635768187955307,0.31649078733596897,0.0,0.2888245746194522
68528bdf.qasm,64,success,0.16605900000000004,0.23906731003425846,0.2350878015916617,0.0,0.23706920582054947,0.3104283912272991,0.2956708593638631,0.0,0.3029597814976718
68528bdf.qasm,512,success,0.1813397,0.2286434114618503,0.22671598805312188,0.0,0.22767766017202892,0.36010762397410523,0.4543217622390926,0.0,0.40448081576219164
699bd83c.qasm,16,success,724.0946028,396.5507761126181,329.90676200008915,0.13267975069378102,361.69708668433606,73.33146570799195,37.66755733923158,0.0,52.556799648814994
699bd83c.qasm,64,success,1079.0000190999995,274.6846273356829,301.1077666077733,0.0,287.592897441046,94.18433759832533,77.43484215900318,0.19954283797951378,85.3999374459759
699bd83c.qasm,512,timeout,14399.999999999989,10078.187783780335,10986.421518350005,0.9510340075138688,14400.0,3560.984507550451,4405.279872778223,0.3755009209375141,14400.0
69c7223c.qasm,16,success,0.9718195,1.4703321987719085,1.1655340822933036,0.0,1.3090921625164178,0.9420926979359872,1.033104393945459,0.0,0.9865495961894669
69c7223c.qasm,64,success,5.8605898,4.9968947905998355,5.524252238533358,0.0,5.253961099274225,2.5845640393027125,2.9199935311056655,0.0,2.7471640423338846
69c7223c.qasm,512,success,278.43948709999995,180.71762862206054,164.66119881334444,0.0,172.50269961833416,37.78237214895231,84.48888330799572,0.0,56.49947284348853
69c8191e.qasm,16,success,0.1765269,0.17385371340796738,0.16665962492733946,0.0,0.17021866721601658,3.9996565507613204,4.103752822735739,0.00993478260869565,4.051370368179174
69c8191e.qasm,64,success,1.0784193,1.0267727033094132,1.0590934328357147,0.0,1.042807857224893,3.2438207994287964,5.533546646193689,0.0,4.236724407550313
69c8191e.qasm,512,success,0.1721093,0.17803089291729876,0.17123784956910768,0.0,0.17460133808200415,9.420732958952211,10.488868818890886,0.03333333333333333,9.940464384738346
69cf1b12.qasm,16,success,1.8664405,1.8664710903317279,1.8672681468019412,0.0,1.866869576029114,10.64062151215474,10.082158419008417,0.0,10.35762674372141
69cf1b12.qasm,64,success,10.711429399999998,10.652133639233195,10.635736612771801,0.0,10.643931968541075,14.661427396187163,6.650693807266437,0.0,9.874647557736349
69cf1b12.qasm,512,success,436.15847559999986,444.12145329137013,446.7640223001926,0.0,445.44077817624606,287.106807546385,964.9218839277919,0.04198005698005698,526.341753641255
69e799fa.qasm,16,success,1.7161593999999998,1.744186567838365,1.7438753969847265,0.0,1.744030975471639,9.707008209099921,8.552070351252596,0.0,9.111257712544903
69e799fa.qasm,64,success,10.0683018,10.145261528711439,10.089451680567675,0.0,10.117318121945964,12.706358040383936,5.952700327086676,0.0,8.696961633988842
69e799fa.qasm,512,success,403.8135676999998,402.49287016084924,403.01629604422345,0.0,402.75449807101353,207.70010154320155,909.7357625551824,0.04198005698005698,434.68633548823834
6a5034af.qasm,16,success,6.6179706,20.543255595710164,32.362986247966255,0.023208137715179968,25.784512761198794,8.579667597148624,10.7364301641084,0.0,9.59765606739739
6a5034af.qasm,64,success,4.0574428,15.944466412795503,11.010913102037398,0.0,13.250023929398969,7.377414857867244,19.37984245583111,0.13967558134234564,11.957137520191646
6a5034af.qasm,512,success,6.5558647,21.93880141336665,3.6910806510380794,0.3967831744545739,14400.0,6.70973500676639,4.3760635189206365,0.30236057006032135,14400.0
6bc3891b.qasm,16,success,0.17711910000000003,0.2787783192261929,0.2889320388566311,0.0,0.2838097746080087,0.25142126706610635,0.298712188567594,0.0,0.2740485302601606
6bc3891b.qasm,64,success,0.31236659999999994,0.25426516245892944,0.26254481407890856,0.0,0.2583718247110608,0.27193873914755157,0.34966262342872617,0.0,0.30836149717860845
6bc3891b.qasm,512,success,0.17175660000000004,0.21454499142273056,0.2537303764133521,0.0,0.23331648341102873,0.21206272379536356,0.1953195713573589,0.0,0.20351904164619192
6c69bcc7.qasm,16,success,1.8685516,1.8966905280013688,1.8873643447759005,0.0,1.8920216900511369,11.266219953634236,10.816567067968064,0.0,11.039104299306388
6c69bcc7.qasm,64,success,11.340408600000004,11.228915064750971,11.367868307062798,0.0,11.298178069373954,14.860267668362129,6.441424634945223,0.0,9.783725989666095
6c69bcc7.qasm,512,success,472.5519850000001,462.5315945026595,465.4709174863554,0.0,463.9989285112411,315.4153703165132,973.4586979467994,0.04198005698005698,554.1153631697289
6c848dc7.qasm,16,success,0.1774831,0.28782480789962794,0.3487368622786686,0.0,0.31682032825069295,0.3512238407011065,0.3764744076095794,0.0,0.3636300143914283
6c848dc7.qasm,64,success,0.3084388,0.29602850112463397,0.31235151241240583,0.0,0.30408049928178066,0.36407782177424747,0.377769181046426,0.0,0.37086032487828097
6c848dc7.qasm,512,success,0.1831113,0.19966809602965177,0.21487447145319089,0.0,0.2071317855869455,0.2713126268735837,0.4049455126493995,0.0,0.33146165808065736
6d2833ea.qasm,16,success,1.8673472,1.8351192363473245,1.8616017366782929,0.0,1.8483130571945658,10.64062151215474,10.082158419008417,0.0,10.35762674372141
6d2833ea.qasm,64,success,10.6146131,10.695688868862579,10.708723190875487,0.0,10.702204045540224,14.661427396187163,6.6488216211596525,0.0,9.873257591536426
6d2833ea.qasm,512,success,436.21131729999996,436.53855470089,437.75080250637507,0.0,437.1442583922243,287.106807546385,964.9218839277919,0.04198005698005698,526.341753641255
6da6ce61.qasm,16,success,2.6050772,2.5742926626221654,2.563667060237883,0.0,2.568974367831746,15.815410578565174,15.50123294760332,0.0,15.657533763026944
6da6ce61.qasm,64,success,18.417722099999995,18.419638387614047,18.402010361391312,0.0,18.410822264688637,20.840832471417908,6.898906204440261,0.0,11.990785981025812
6da6ce61.qasm,512,success,709.6141829000002,678.5886709842874,689.7987147198429,0.0,684.1707338584484,347.66715422233284,1045.057550271485,0.042250712250712245,602.7704243751929
6de17b5a.qasm,16,success,10.0667903,2.6069971235721656,2.4535436465525264,0.0,2.5291068046093264,20.127129541224612,31.649922586588808,0.019611198665059792,25.239296580332887
6de17b5a.qasm,64,success,53.133645300000005,11.457325270612376,12.623260301204624,0.0,12.026171429283295,10.339455468790852,10.069096635562719,0.0,10.20338062969095
6de17b5a.qasm,512,success,1966.0381447999994,324.53062176605516,415.87890005414494,0.0,367.37642550108586,132.38251718809127,158.82664194047533,0.016487935656836462,145.00300223309787
6ee18f92.qasm,16,success,0.172242,0.20081885976434968,0.18256896219461738,0.0,0.19147660644654144,0.2814246229746531,0.2765446681353313,0.0,0.27897397542716446
6ee18f92.qasm,64,success,1.1563193,0.9523507616329545,1.0441159662103912,0.0,0.9971783369355726,0.40448694858039164,0.41532178668392433,0.0,0.40986856695133
6f16ddc6.qasm,16,success,0.18066419999999997,0.18332534299358977,0.1856180415799464,0.0,0.18446813041401508,0.203048535120656,0.19292487682955878,0.0,0.19792198874449218
6f16ddc6.qasm,64,success,0.1723963,0.17395270756068293,0.1697425550411501,0.0,0.17183473757560289,0.2453388884369052,0.25292142511419696,0.0,0.249101307301658
6f6328cc.qasm,16,success,6.304043,6.273507467065631,6.043253710602406,0.0,6.157304384130792,4.933067736205704,7.036973227277149,0.0,5.8918473832936495
6f6328cc.qasm,64,success,0.2283101,0.22717832779768787,0.21130674415029238,0.0,0.21909886532895895,3.736929366566466,1.9027066690517513,0.0,2.6665109089484993
6fef948c.qasm,16,success,10.714402200000004,7.855930193325358,8.015591682469752,0.006543494996150885,7.935359394235507,8.953628037941522,12.770101630361575,0.0,10.692929439819945
6fef948c.qasm,64,success,0.5896737,4.093303744090262,3.0664001907876597,0.0,3.542838887365642,6.867211385483811,2.5817407133321337,0.0,4.210624564237653
6fef948c.qasm,512,success,7.8826795,87.74473371161065,235.2857827699286,0.022405008361381006,143.68398781797245,29.738451247844726,520.1759049770853,0.0,124.37534237325562
700c376b.qasm,16,success,2.0538495,2.04642565244549,2.0445279930879354,0.0,2.045476602701201,11.223079822799585,11.277732515566111,0.0,11.250372982367333
700c376b.qasm,64,success,12.202639099999999,12.042626660892813,12.054158249962686,0.0,12.048391075808494,15.189054921676153,6.79530047894127,0.0,10.15943857621725
700c376b.qasm,512,success,480.9286841000001,493.4603658066011,491.46891891998183,0.0,492.4636357263641,301.647633118944,1058.347826430825,0.04198005698005698,565.020457027387
7063be19.qasm,16,success,1.984057,1.9831148366160771,1.9987472530915518,0.0,1.9909157019450838,14.791783818637043,14.2952805301807,0.0,14.54141324731555
7063be19.qasm,64,success,15.381964100000003,15.583332489539504,15.507955798069732,0.0,15.545598458547767,21.48259704736143,7.3265979040750295,0.0,12.545690515124573
7063be19.qasm,512,success,699.658068,704.5846833746926,685.7483021893115,0.0,695.1026905233422,456.7115788708021,1215.695680324199,0.045313390313390316,745.1324000385963
70d5d461.qasm,16,success,7.1855928,2.1638736732592827,1.3573594162263778,0.0,1.713812797805772,0.49915340166805827,0.46581713828123783,0.0,0.4821972720042702
70d5d461.qasm,64,success,0.1600138,2.564901801406831,1.5717854959721727,0.0,2.0078534433678557,0.9866230992883371,0.7057265626545154,0.0,0.8344376121054844
70d5d461.qasm,512,success,8.8462365,8.822335448203292,37.10131086498329,0.009568965517241379,18.0919929808452,0.5498115190747729,0.5100539432157297,0.0,0.5295597542577403
711cdd0b.qasm,16,success,1.5356056,1.5086660129140281,1.5039936499130573,0.0,1.5063280198092144,8.350317240381806,6.632448580321582,0.0,7.441978885095357
711cdd0b.qasm,64,success,6.9356012,6.846943783340745,6.930699277168572,0.0,6.8886942398406354,10.529089563560921,5.419546196895336,0.0,7.553998100407953
711cdd0b.qasm,512,success,204.2237956,210.14566009301834,208.92359945889206,0.0,209.53373885200037,128.47039137067472,676.4670699703273,0.04170940170940171,294.7982178176482
72b5f996.qasm,16,success,0.1764023,0.2532668008712688,0.23242052757247747,0.0,0.2426198744437353,5.305813964092807,8.750616044776931,0.01967641605636414,6.813893219356466
72b5f996.qasm,64,success,0.6280924,0.7542466955992626,1.1924991912354856,0.0,0.9483873546679955,5.559157552232836,3.780553582458952,0.0,4.584396688720075
72b5f996.qasm,512,success,0.1757353,0.25318529727954775,0.19422526996789327,0.0,0.2217543296443645,12.419605817214904,7.9832917976980715,0.0,9.957376022387374
72cc2f13.qasm,16,success,15.445616199999996,9.512047128532467,11.167808532538922,0.0,10.306731833318322,6.298326322829972,20.5885603906105,0.0,11.387426041795251
72cc2f13.qasm,64,success,25.191536599999996,0.8029393535060201,0.5729728452417471,0.0,0.6782790325042587,1.7573206284343164,1.518025841403423,0.033244902876268995,1.6332967047032805
72d8892d.qasm,16,success,0.955442,1.4567193802023521,1.0371177749524207,0.0,1.229141799112508,2.9356467468492715,2.6976568522538416,0.003268115942028985,2.8141370901991674
72d8892d.qasm,64,success,5.2796491,3.3731912679878397,1.4005942286275337,0.0,2.173585108064683,3.2752849233839654,2.081178577825796,0.0,2.6108337401723825
72d8892d.qasm,512,success,142.81771470000007,34.82576934637841,36.068960074203225,0.0,35.441914227478364,17.203748583112684,12.496194016420263,0.0,14.662243351693874
73191d24.qasm,16,success,0.1741543,0.3488065715997755,0.2905133710984509,0.0,0.3183284042883135,0.3174516330270519,0.24886216029835048,0.0,0.2810724091499401
73191d24.qasm,64,success,0.1658449,0.3217459765504008,0.29150911443854827,0.0,0.30625460763615175,0.4731136703384663,0.502487002921132,0.0,0.48757919382331355
73191d24.qasm,512,success,0.1710847,0.38742176879306783,0.3088582061799338,0.0,0.3459167422147763,0.5846343705492989,0.41107628831492127,0.0,0.4902339513607112
7337baba.qasm,16,success,0.17470819999999998,0.17957492289268928,0.18211283953664845,0.0,0.1808394291009633,0.2200523136800206,0.18139340099404738,0.0,0.19978998367042297
7337baba.qasm,64,success,0.1769813,0.17932319543947262,0.17744755575147386,0.0,0.17838291039300333,0.27066344265829656,0.43781285240562695,0.0,0.3442381935116376
733f4518.qasm,16,success,280.2611961999999,270.09546782625773,389.07022913291814,0.0032405259087393665,324.169871448481,10.244140413432195,79.04394077294849,0.0,28.455882135493574
733f4518.qasm,64,success,27.346887899999995,45.12505388287659,28.037173491648023,0.0,35.569354288968704,5.1291548732892265,2.1002047967332502,0.27601786191043637,3.282114511724075
733f4518.qasm,512,success,11435.180826499996,9420.806189152805,11535.30948358739,0.8499383515843979,14400.0,324.6064175831338,339.29310954947636,0.8242992586453038,14400.0
73f498a0.qasm,16,success,0.586508,0.41313559182420534,0.3366720831929053,0.0,0.37294935358650116,0.4692227065534503,0.5683891727489231,0.0,0.5164311241713907
73f498a0.qasm,64,success,0.9841235,0.4492557544065763,0.5228969868345928,0.0,0.4846797708769168,0.6738484677364062,0.7128515871358551,0.0,0.6930757171586386
73f498a0.qasm,512,success,1.3402632,0.38249056753131855,0.17492097848557214,0.0,0.2586612153649635,0.6123696153312912,0.30517636396995723,0.0,0.4322970421047139
742bfb51.qasm,16,timeout,14399.999999999989,7066.637459418633,5364.271392459156,0.999623529411765,14400.0,4166.085294335528,5017.393868919927,0.9992461197339253,14400.0
742bfb51.qasm,64,timeout,14399.999999999989,6450.453863538229,11784.305327434986,0.992535545023697,14400.0,3876.469705800872,1674.3962849919958,0.9843736447283593,14400.0
749ea355.qasm,16,success,0.22915330000000003,0.5661260480782929,0.7855855006766207,0.016479741595013878,0.666888607584252,46.778179349640396,89.58863402037149,0.08569341182287321,64.73633593194963
749ea355.qasm,64,success,2.3689134,1.9343986748414994,3.8914126012093395,0.0,2.7436368890654714,24.51435132476471,20.587341684421357,0.0,22.46520257854085
749ea355.qasm,512,success,0.2225618,0.3996310482436993,0.41677122100235614,0.0,0.4081111612379378,51.589850781324635,29.708894851416623,0.013154602323503128,39.14942467345654
7513561e.qasm,16,success,1.7643061,1.759781327116166,1.7561374851447902,0.0,1.7579584620253532,12.761311346527078,11.796481769677069,0.0,12.269416312786836
7513561e.qasm,64,success,13.212665399999999,10.496127027208756,8.554576093039826,0.0,9.475754182990881,19.619843659235844,6.2439848131749685,0.0,11.068243123691124
7513561e.qasm,512,success,574.2641708,573.8738994884435,576.9765277625476,0.0,575.4231224936959,414.64148283803763,1039.2672082017618,0.04198005698005698,656.4474817330978
75137edd.qasm,16,success,4.2534029,1.4486287665304658,3.1541848332287454,0.0,2.1375787434312823,1.5470628239711368,2.0235435082523723,0.006666666666666667,1.7693357325011487
75137edd.qasm,64,success,0.1687236,0.8113564802349132,0.5315028073927922,0.0,0.6566873282173115,1.4030502680370556,0.6460878176846946,0.0,0.9520996196711702
75137edd.qasm,512,success,6.0661241,3.500987818147074,5.285568003550912,0.0,4.301710031187562,6.184889062455155,19.14850773870332,0.0,10.882618989721363
751d7ced.qasm,16,success,2.1812843,2.195371649431037,2.1954530037851048,0.0,2.195412326231232,12.529361496982748,12.579580825889401,0.0,12.554446051024359
751d7ced.qasm,64,success,12.570806900000001,12.732874127991135,12.679333614453997,0.0,12.706075670310232,16.68220554960119,7.043628220567044,0.0,10.83989177946307
751d7ced.qasm,512,success,525.1337435000002,522.8986369251843,524.1824538042493,0.0,523.5401518454343,359.4888325987957,1128.6535172933895,0.04198005698005698,636.9759299536566
752a65aa.qasm,16,success,1.7403424,1.7504012177216397,1.7555246262006108,0.0,1.752961050178205,9.758072083132463,8.62877660082787,0.0,9.17606800651156
752a65aa.qasm,64,success,10.069334200000002,10.120071887373939,10.081757702904136,0.0,10.100896628739243,12.706358040383936,5.95496209739196,0.0,8.69861371290724
752a65aa.qasm,512,success,411.4862542999999,402.93901705027537,403.4014355860186,0.0,403.1701600214236,207.70010154320155,913.9851385566262,0.04198005698005698,435.70036273474506
7548d858.qasm,16,success,0.5394256,0.5380847638453178,0.5455207706504086,0.0,0.5417900101036756,2.270423707010233,1.585459977166583,0.0,1.8972785558991891
7548d858.qasm,64,success,1.3349159,1.3466438152614602,1.3409180067106405,0.0,1.343777861296133,2.1610903742559158,0.80977316894741,0.0,1.3228730100591504
7548d858.qasm,512,success,3.4632726000000003,3.553767327402577,3.457115143897386,0.0,3.505108107526955,4.726108038687005,1.6120381320102537,0.0030626780626780625,2.760193177001139
758554e0.qasm,16,success,755.0281160999999,773.440739633193,1091.3912292079233,0.21001943576506832,918.7635384296422,9.644578376711129,55.99732083424045,0.09997043606799703,23.239418014908868
758554e0.qasm,64,success,590.6946547999999,495.9736138719928,464.9966167382114,0.0,480.2354135649522,4.545957271754403,1.2981845793366322,0.3159367084074051,14400.0
758554e0.qasm,512,success,592.4959399000002,104.24877071431182,4.9712970480742715,0.0608373023433035,22.76514015149983,5.008396003865254,3.370303031670052,0.3123255283878988,14400.0
75bd5cbf.qasm,16,success,42.215876699999995,4.945587316288945,12.388429781917099,0.0033333333333333335,7.8273917238238075,1.3479184299381364,1.0509462160426912,0.0033333333333333335,1.190205769385147
75bd5cbf.qasm,64,success,15.9747854,4.641379590156037,3.9546965918460755,0.0,4.284302515772434,1.988987180732676,1.575127366971626,0.0,1.7700022996956182
75bd5cbf.qasm,512,success,41.622736499999995,14.064321938747876,28.55334450694314,0.0,20.039546640920456,29.824361337660054,60.05754791767226,0.0,42.322311020908224
76034335.qasm,16,success,0.16997750000000003,0.46459360542500466,0.3637093895859241,0.0,0.4110681897625406,0.5462826390899673,0.4176585860915474,0.0,0.4776605851948377
76034335.qasm,64,success,0.7581466,0.43569289908845654,0.5121870501404224,0.0,0.47239417942142903,0.5656825024294431,0.7145449234311105,0.0,0.6357716259670334
76034335.qasm,512,success,0.246009,0.3184498820208076,0.6683022097398872,0.0,0.46132500457477055,0.4130793046013708,0.46222201675743546,0.0,0.43696035203849404
76d0b692.qasm,16,success,22.912727,23.06508185812051,28.28401566333165,0.0,25.541596202099576,10.845164046308186,70.08211596890011,0.0,27.56904141233634
76d0b692.qasm,64,success,4.2618177,1.5934472851005552,1.838765320587802,0.0,1.7117171518763505,6.334096896136121,5.479403829174497,0.20950602994132847,5.891271067184955
77a3a480.qasm,16,success,1.6496207,1.6419813040868103,1.6389422355941128,0.0,1.6404610660798302,9.519225018094575,7.895404111635487,0.0,8.669378775174568
77a3a480.qasm,64,success,8.934466900000002,8.946799226239934,8.88357962617429,0.0,8.915133387992409,13.117927662201478,5.727619619446001,0.0,8.668015911643135
77a3a480.qasm,512,success,343.5808607,337.5796588592674,337.6577122671693,0.0,337.61868330759137,213.74954577911745,766.9405028417111,0.04170940170940171,404.88663119696054
78adf5c7.qasm,16,success,4.0229352,2.6783091951226123,3.0471976258101434,0.0,2.8568054572482007,3.4544997807459077,4.242592941172791,0.0,3.8283203085786255
78adf5c7.qasm,64,success,10.8530249,8.73374273769799,10.394876619345332,0.0,9.528178114596406,3.3088792105071487,3.018322343124248,0.0,3.160263288362704
78adf5c7.qasm,512,success,527.2902871999997,318.1960389138239,353.0099104123596,0.0,335.1512422631558,68.37762117755646,100.34913762168661,0.0031546023235031278,82.8349884878978
78f96e37.qasm,16,success,1.3827565,1.3986302876839105,1.3997456343595336,0.0,1.3991878498859873,7.525608038822582,5.228304695399213,0.0,6.272652696037791
78f96e37.qasm,64,success,5.735577700000001,5.668281193612848,5.737090310852268,0.0,5.702581969166458,9.147528342251166,3.2545434974571514,0.0,5.4562834314282584
78f96e37.qasm,512,success,134.27502299999998,133.873572611604,135.2602758116891,0.0,134.56513796426526,104.30233163305468,501.59707365847396,0.04170940170940171,228.73072448382598
79b12d71.qasm,16,success,1.6729174,1.6495932744792585,1.6556440163598276,0.0,1.652615876215341,8.247194111604342,8.054856751750814,0.0,8.150458095889812
79b12d71.qasm,64,success,9.5001241,9.533735810820424,9.55159944886458,0.0,9.542663449805453,10.522146720989296,5.450735920605766,0.0,7.573205602251964
79b12d71.qasm,512,success,344.1290951000001,344.7251811975765,343.93601855439096,0.0,344.3303737931573,162.35355045650982,888.0561003771676,0.038646723646723655,379.7091793738938
7a0c7e70.qasm,16,success,408.48818259999985,479.45424193202103,390.28164763004816,0.0,432.5762262358451,31.092086339423428,187.6487585039735,0.0,76.38318794663627
7a0c7e70.qasm,64,success,280.2108366999999,499.557019310436,547.376467122408,0.0,522.9204111108563,19.309642736022486,15.810781039474653,0.3757966229723832,14400.0
7a1c98cc.qasm,16,success,3.4877635,0.27885994048568846,0.3154203900124125,0.0,0.2965773274996489,0.32310473605051493,0.3377631133619659,0.0,0.33035263218327493
7a1c98cc.qasm,64,success,0.6781891,0.35709396105861596,0.2573683707235655,0.0,0.3031578647386215,0.3141067394509415,0.22811391103598563,0.0,0.26767913033876134
7a79f013.qasm,16,success,438.9453946999999,154.37332259611566,145.38772069959631,0.11610720167417313,149.81316867709842,131.9067294674264,132.95947250837452,0.0,132.4320549198489
7a79f013.qasm,64,success,923.3542458999998,106.57744983315686,115.94014658265681,0.0,111.16026788408689,166.40921029655624,125.54523911486142,0.18622431902687422,144.54025078709532
7a79f013.qasm,512,timeout,14399.999999999989,7919.409080716547,10270.83907152743,0.6849616385771999,14400.0,5231.891242574972,9868.635767824046,0.43860650642353877,14400.0
7aad2132.qasm,16,success,2.6700853,2.6618322597055646,2.676217648990456,0.0,2.669015262615817,18.541350690790853,18.78986131835717,0.0033333333333333335,18.66519242159014
7aad2132.qasm,64,success,20.941539600000002,21.11909992328181,21.007752439033577,0.0,21.0633526040732,26.16610751646305,7.44211096161449,0.0,13.954607682448577
7aad2132.qasm,512,success,959.7448176000003,980.4484653964754,958.5414292011915,0.0,969.43306797285,479.0782897427058,1460.6158123295104,0.042250712250712245,836.5102063585202
7afdbe61.qasm,16,success,2.2713569,1.9882895630935933,2.0610319003603395,0.0,2.0243340180635747,2.826123310068957,2.0256095236353358,0.0,2.39261829213176
7afdbe61.qasm,64,success,0.1793947,0.1980279410812606,0.180053705044219,0.0,0.18882707563789483,2.1285743899357383,1.1014178280442413,0.0,1.531159619828585
7b19558f.qasm,16,success,3.3083295000000006,4.0917795472366345,3.4921984645410498,0.0,3.780119872715711,3.0387075412016524,2.7103185495925475,0.019869281045751634,2.869819753173638
7b19558f.qasm,64,success,2.444386,3.4144327749343972,2.7601205766133012,0.0,3.0698935094819304,4.522905557583069,3.6215149421513066,0.0,4.047192861567914
7b19558f.qasm,512,success,3.3641784,5.372700775969365,4.733294262029481,0.0,5.042873561224505,5.567881174256635,2.960772797185208,0.006310160427807487,4.0602008717178855
7bab61ca.qasm,16,success,75.00299399999999,20.2672846405915,26.38602457902596,0.0,23.125160987045316,0.4013182731140852,0.9018630579617477,0.009934640522875817,0.6016096117970496
7bab61ca.qasm,64,success,43.55957699999999,25.73876198291709,14.483840540313809,0.0,19.307929051704697,4.182566279723131,4.511813010855835,0.0,4.344071472664983
7bab61ca.qasm,512,success,74.85026579999999,19.343376618399212,14.283183197804851,0.0,16.62182276119953,0.3339974751427948,0.6725114458571021,0.0,0.4739378914171164
7be7d477.qasm,16,success,2.4134915,2.3809244196139088,2.378662656104693,0.0,2.3797932691608623,17.48280367373738,16.99340724699302,0.0,17.236368603828506
7be7d477.qasm,64,success,18.077428899999997,18.202683058728198,18.183247611919164,0.0,18.192962739975613,26.17054695558646,7.551507065950722,0.0,14.057989552382884
7be7d477.qasm,512,success,843.0826304,585.7615620028297,544.2032611334588,0.0,564.6001702874067,475.86179948474734,1285.1109475960639,0.042250712250712245,782.0071662463279
7bf0f1bc.qasm,16,success,2.098813,2.1242972685104893,2.1215065943317697,0.0,2.122901472858778,12.416123678825135,11.60778791300392,0.0,12.005154324931778
7bf0f1bc.qasm,64,success,12.182565699999998,12.156949390789384,12.152546117583617,0.0,12.154747554791014,16.171889890891844,6.732525115508655,0.0,10.43444559407302
7bf0f1bc.qasm,512,success,495.0731023000003,494.3929342038935,496.7308063310175,0.0,495.560491616773,354.50213200103695,1080.3576503056422,0.04198005698005698,618.8611236432456
7c9f6bae.qasm,16,success,2.2005587,2.2125914563193394,2.2090343849727554,0.0,2.210812205255427,12.529361496982748,12.579580825889401,0.0,12.554446051024359
7c9f6bae.qasm,64,success,12.6793433,12.574527726552814,12.607292806236941,0.0,12.590899608399562,16.68220554960119,7.043628220567044,0.0,10.83989177946307
7c9f6bae.qasm,512,success,524.4238940999999,520.674195683629,524.3450715942496,0.0,522.5064099252854,359.4888325987957,1128.026155210669,0.04198005698005698,636.7988738036452
7d6d9a38.qasm,16,success,2.989781,3.097922221773077,2.991984375366156,0.0,3.0444925494480444,20.796234712583264,21.563704080528066,0.0033333333333333335,21.17649289498502
7d6d9a38.qasm,64,success,23.563448199999996,24.797227799739293,23.536473523929498,0.0,24.158627766812675,29.6790524961618,8.037770136832341,0.0,15.445174063218863
7d6d9a38.qasm,512,success,1083.7143292999995,709.9257350622437,519.614798650655,0.0,607.3614392446116,505.3694809201783,1503.1977537744112,0.042250712250712245,871.5906542324511
7db40afb.qasm,16,success,0.17392759999999996,0.1794674855164195,0.1848157827612115,0.0,0.18212200255845928,0.20944276759959793,0.18678440125732396,0.0,0.19778938784416047
7db40afb.qasm,64,success,0.1741671,0.1753197962759041,0.17743163838463472,0.0,0.17637255652309983,0.23958872733297445,0.3642111255349275,0.0,0.2953995261462406
7fdad0c4.qasm,16,success,2.0015231,1.9920657749177741,2.0013814996486246,0.0,1.9967182044554095,14.791783818637043,14.279750728040025,0.0,14.533512505695
7fdad0c4.qasm,64,success,15.542053599999994,12.180121413190582,11.227291279820301,0.0,11.694005769173675,21.48259704736143,7.280183551974118,0.0,12.505888600091096
7fdad0c4.qasm,512,success,695.6832452000001,638.741771227674,630.042345128965,0.0,634.3771460859168,456.7115788708021,1211.3409275474462,0.045313390313390316,743.7966305187299
81af3d74.qasm,16,success,0.24346440000000003,0.1975479752020129,0.1925356410337676,0.0,0.19502570610163775,0.35838540448945416,0.23075670306607074,0.0,0.28757578890961355
81af3d74.qasm,64,success,0.1806651,0.20181503077534055,0.18327391954960473,0.0,0.1923211681386653,0.4351286045160858,0.4142525875526789,0.0,0.42456230442536325
81af3d74.qasm,512,success,0.23417009999999996,0.19055582086282064,0.1934971158203641,0.0,0.1920208367332508,0.31343159225931033,0.2150824958408588,0.0,0.2596413856427878
81f388c7.qasm,16,success,0.17924560000000003,0.2274072285749833,0.22013710092080901,0.0,0.22374263792789378,0.31328569027925335,0.28629527667011007,0.0,0.2994865829637202
81f388c7.qasm,64,success,0.16809339999999998,0.26606129269339013,0.27644361276716356,0.0,0.27120277463488923,0.3602521570095349,0.35645407581935745,0.0,0.3583480845334098
81f388c7.qasm,512,success,0.18503920000000001,0.26596621559015693,0.26431341937308683,0.0,0.26513852960359047,0.4426272507578244,0.37540304570238814,0.0,0.4076317186448596
81fdeb0a.qasm,16,success,0.1736968,0.19183278774466797,0.1913170338431784,0.0,0.19157473723113363,0.20677592611759016,0.18487346327599988,0.0,0.19551823849314204
81fdeb0a.qasm,64,success,0.1638945,0.17798380167236422,0.181993265842294,0.0,0.17997736894782276,0.2341881671958227,0.2828951688756839,0.0,0.2573921154727727
827a3442.qasm,16,success,0.18011540000000004,0.19211493548451924,0.18761791511767792,0.0,0.18985311074241765,0.18616942488230132,0.1849138404981914,0.0,0.1855405705993325
827a3442.qasm,64,success,0.1755154,0.18050402131409465,0.17072584756191103,0.0,0.17554686561480404,0.1893494116471226,0.2058697942036418,0.0,0.1974368871522588
827a3442.qasm,512,success,0.18864620000000004,0.17876106363299926,0.20927944298203743,0.0,0.1934192746961653,0.18436208600875378,0.18800696065049005,0.0,0.18617560379837647
82b89c68.qasm,16,success,3.2725359,3.3607427206027665,3.3693019215015325,0.0,3.3650195996753403,3.2075801884348327,2.5105480642597815,0.0,2.8377428060049934
82b89c68.qasm,64,success,0.1596555,0.17449006484362695,0.17646872497329946,0.0,0.175476606029018,3.4198637607020053,1.454318608730496,0.0,2.230150556915829
831c33e1.qasm,16,success,2.3401965,2.3464663698208077,2.379713206317105,0.0,2.3630313177022284,17.48280367373738,16.99340724699302,0.0,17.236368603828506
831c33e1.qasm,64,success,18.073409800000004,18.218854920736216,18.072634538754674,0.0,18.1455974466827,26.17054695558646,7.551507065950722,0.0,14.057989552382884
831c33e1.qasm,512,success,839.1603764000004,730.1563244953682,816.3076264396744,0.0,772.0312015577678,475.86179948474734,1285.1109475960639,0.042250712250712245,782.0071662463279
8335b01d.qasm,16,success,0.1701279,0.20470175797601411,0.1719683560322158,0.0,0.18762255940062128,0.20329637479084608,0.18579782848965348,0.0,0.19435026363747987
8335b01d.qasm,64,success,0.9557037,0.6777052249830365,0.8142850724011247,0.0,0.7428628730741175,0.42785610497195453,0.35086288859173287,0.0,0.3874517116907185
834596bc.qasm,16,success,204.27585150000007,36.15355812650492,16.615832778118108,0.046619828259172526,24.509620073839958,16.191577601940093,21.374330824287853,0.06651884700665188,18.603336696168167
834596bc.qasm,64,success,835.9329551000003,34.61402867268738,39.62079005275448,0.0,37.032892986108585,10.926721306132347,14.892521824140253,0.21282464657120337,12.756427223869315
834596bc.qasm,512,timeout,14399.999999999989,201.27038897224617,281.85349055372535,0.2755699294744079,238.1780041837063,43.429215589337566,19.045345040613984,0.30568513146383014,14400.0
83b22dc5.qasm,16,success,1.2476565,1.1905301449996541,1.1764592619402083,0.0,1.1834737917266533,5.157278892095364,2.958249900252008,0.0,3.9059595195179506
83b22dc5.qasm,64,success,3.4044359999999996,3.3858417868640633,3.4227807507399226,0.0,3.404261166997794,6.36842335979388,2.3552419191534706,0.0,3.872877180585866
83b22dc5.qasm,512,success,72.29796490000001,70.9715626846941,72.19781919136774,0.0,71.58206514510717,70.34842322993104,404.19984006161917,0.035313390313390314,168.62627736543675
8400dcc1.qasm,16,success,0.1777404,0.20810640840338382,0.1994468042041339,0.0,0.20373060175254776,13.325362862054899,8.875119678980058,0.0,10.874934030446965
8400dcc1.qasm,64,success,9.1855849,10.00388607184372,9.203943978279682,0.0,9.595582680084728,14.165599651619424,9.519143156098417,0.0,11.612250900481918
8400dcc1.qasm,512,success,0.1613232,0.2225815217292919,0.19594893584952325,0.0,0.20884111741374656,16.101804821913984,27.22725770086676,0.013333333333333334,20.938194509921598
8422040e.qasm,16,success,0.1669148,0.1799391553501306,0.17884847344552582,0.0,0.17939298550235508,2.149641171812399,1.4864772442315248,0.0,1.7875661344863079
8422040e.qasm,64,success,2.531916,2.298018600355294,2.4545829535481842,0.0,2.3750110069994963,2.900915716384856,1.7769441024524657,0.0,2.2704107720722564
84fe3fba.qasm,16,success,6.975659199999999,5.359806155723923,5.226566154878157,0.0,5.292766899289469,9.962477694163297,11.005887041547686,0.0,10.471194017680109
84fe3fba.qasm,64,success,0.3869507,0.4178005018761364,0.3575597352370569,0.0,0.38650826230850593,5.281341628914804,3.626586340884703,0.0,4.376441638245413
85317608.qasm,16,success,0.1957883,0.20855365699398498,0.19307054656398095,0.0,0.20066282302346314,0.22144074543790868,0.19923571111840552,0.0,0.2100450056247745
85317608.qasm,64,success,1.2040827,0.98489860093342,1.405931644020668,0.0,1.1767328113059392,0.7513257901800426,1.5094371593912208,0.0,1.0649314844189404
85317608.qasm,512,success,0.1699598,0.21223081073815658,0.20419498033465225,0.0,0.20817412477319364,0.25102913711527686,0.18871722184990408,0.0,0.21765459186466452
85863407.qasm,16,success,1.6870991,1.7001580223311528,1.7011381561493255,0.0,1.7006480186302222,9.141869624486286,9.489672133783497,0.0,9.31414759525365
85863407.qasm,64,success,10.459693000000001,10.51383712600429,10.521287409638806,0.0,10.517561608130565,12.052729773559243,5.921725276020895,0.0,8.448251567344297
85863407.qasm,512,success,408.0020963999999,405.57789403919736,406.40252316528165,0.0,405.9899992334678,212.3843514143965,946.0917341691951,0.04198005698005698,448.2578268586572
860cc392.qasm,16,success,1.7032305,1.7010345909981346,1.7129443314134072,0.0,1.7069790743264484,9.141869624486286,9.50151534040668,0.0,9.319957858115792
860cc392.qasm,64,success,10.515155199999999,10.40899118019593,10.475836788199608,0.0,10.442360496245172,12.052729773559243,5.923965952219115,0.0,8.449849750727084
860cc392.qasm,512,success,406.09597690000015,404.91363471031866,404.6208494842918,0.0,404.7672156243158,212.3843514143965,947.1443819823417,0.04198005698005698,448.5071295566092
86464ad3.qasm,16,success,0.18273949999999997,0.28759974600595084,0.351296966435356,0.0,0.3178567575488516,0.30545133445682926,0.3532949049087077,0.0,0.3285032726795326
86464ad3.qasm,64,success,0.17549749999999997,0.2244336020098334,0.19930269300108844,0.0,0.21149520391842053,0.2841270323064436,0.28750720093078913,0.0,0.2858121196996332
86464ad3.qasm,512,success,0.16250769999999998,0.22286765426978036,0.3171162837014521,0.0,0.2658476298169552,0.2651930688123695,0.5033395658150578,0.0,0.36535210976971355
871618c1.qasm,16,success,1.3089816,1.2955462599595764,1.302153041097205,0.0,1.2988454497315962,8.646865298041389,5.671097554806564,0.0,7.002657827458389
871618c1.qasm,64,success,6.5168705,6.5283565481356955,6.479076807821872,0.0,6.503670002715239,10.212768297572616,3.4957016700007917,0.0,5.9750139073608635
871618c1.qasm,512,success,209.71884079999995,212.9199760141629,209.0803212991712,0.0,210.9914145079202,128.33403211026442,578.1619372040986,0.04170940170940171,272.3928277581542
8732dc00.qasm,16,success,0.1784655,0.18694630499788545,0.1780415316860252,0.0,0.18243959681183897,1.5862576128722266,1.0409505019807008,0.0,1.2849963651271752
8732dc00.qasm,64,success,2.5046016,2.2331771505980624,3.0218480563406915,0.0,2.5977532661896894,1.966180224535503,2.840771805146499,0.0,2.3633597579922254
8732dc00.qasm,512,success,0.168138,0.1993651352379064,0.17826597026869148,0.0,0.1885206070193237,5.960882260861668,7.565301295748181,0.0,6.71534588028786
884b47f6.qasm,16,success,7.9557657000000015,2.202107328490448,1.3902071419893471,0.0,1.7496814954426712,0.5010785982496669,0.4869631047680001,0.0,0.4939704342736063
884b47f6.qasm,64,success,0.160642,2.631897568786834,1.7047904808648982,0.0,2.118214795973077,1.0351630963075007,0.7369667702821084,0.0,0.8734304802335249
884b47f6.qasm,512,success,9.740085399999998,9.098492591479191,37.194704211214216,0.009568965517241379,18.396079492870005,0.5791971475656287,0.5391363025762769,0.0,0.5588078458658747
885efe5b.qasm,16,success,1.0773573,1.1573255953380626,1.16178902901588,0.0,1.1595551645622701,5.157278892095364,2.9584254939577836,0.0,3.906075441389385
885efe5b.qasm,64,success,3.4264061000000003,3.3948678197610613,3.42323565992513,0.0,3.409022232449994,6.36842335979388,2.354351074312047,0.0,3.872144674312241
885efe5b.qasm,512,success,71.9190057,71.18353232324988,71.90931515141087,0.0,71.54550341861618,70.00403255742083,400.2664575580419,0.035313390313390314,167.39255098879596
8930abda.qasm,16,success,0.1753091,0.19425160685001294,0.19129406409661331,0.0,0.19276716352023365,4.026597785590699,2.702218660261944,0.0,3.2985978344734006
8930abda.qasm,64,success,4.584768,4.806665183376274,4.46951583731401,0.0,4.6350260152199905,4.949416497672403,5.74378113639029,0.0,5.331825683147343
8930abda.qasm,512,success,0.17470540000000004,0.18533279386836238,0.19635913669614552,0.0,0.19076631622347887,8.567373213493916,15.181340120916657,0.006666666666666667,11.404569553336145
896404d8.qasm,16,success,5.552108800000001,5.777789886503748,7.0677652249131695,0.0,6.390310042297337,10.18757867744315,11.049562288161713,0.0,10.609820222885787
896404d8.qasm,64,success,0.4324345,0.7201534695756092,0.42024405892521133,0.0,0.5501274553260614,5.446796730409915,3.5087159337082827,0.0,4.371642994991636
8a146ce3.qasm,16,success,117.96490089999998,141.77923062742408,127.14387650276907,0.009953161592505855,134.2622843152566,14.498344809525088,139.7649861281108,0.0,45.01511925102323
8a146ce3.qasm,64,success,201.1105237999999,184.28414197305347,201.78473250207625,0.0,192.8360088064655,7.38655997457886,13.609028068594442,0.35917417153424874,14400.0
8a1c1c3f.qasm,16,success,0.1880215,0.20046088411252674,0.17707382682296718,0.0,0.18840481914781387,0.2130234717124586,0.18459461532213292,0.0,0.1983002415917504
8a1c1c3f.qasm,64,success,0.2685849,0.2419678887750106,0.2588923840578965,0.0,0.25028712230240374,0.27755732536697003,0.3049329590385036,0.0,0.2909233172624066
8a1c1c3f.qasm,512,success,0.1869095,0.19353399286585599,0.17971809802530592,0.0,0.18649815307689985,0.21302546999757985,0.18480743756230453,0.0,0.19841545112656503
8a2ab626.qasm,16,success,1.7081607,1.767491509518645,1.7626937440442194,0.0,1.7650909966570532,10.529433453772162,10.471300523050315,0.0,10.500326758339854
8a2ab626.qasm,64,success,12.2454582,12.194253541752012,12.218960998754056,0.0,12.20660101893997,16.79262259387329,6.19890531210868,0.0,10.202738720627778
8a2ab626.qasm,512,success,465.39449480000013,485.51627494901874,491.54767351834744,0.0,488.5226662156877,303.91463762457056,862.8568800982216,0.04198005698005698,512.088699384119
8b77bf87.qasm,16,success,0.30872999999999995,0.3246400158181659,0.32906399796184227,0.0,0.32684452191144553,15.965067691251068,9.860006313628148,0.0,12.54654009012988
8b77bf87.qasm,64,success,10.140678399999999,8.298466892770493,9.691208985718443,0.0,8.96784126303005,14.717865188974557,15.016025927983195,0.0,14.86619807759211
8b77bf87.qasm,512,success,0.2988881,0.3406019488900358,0.3127076635918993,0.0,0.3263569206440252,18.708720636539194,30.776483335799274,0.016666666666666666,23.99559603145069
8bd576fc.qasm,16,success,5.323393299999999,5.521308869907447,6.087076510808214,0.0,5.7972950184487475,1.837107139223245,1.6641139323146714,0.0,1.7484723576700179
8bd576fc.qasm,64,success,13.2989912,3.1986725779648264,4.146967369158931,0.0,3.6420860513507383,4.305968997625412,3.495043811457462,0.0,3.8793749879946358
8bd576fc.qasm,512,success,1464.9315561000008,1544.6145983108106,1623.5159252641097,0.0,1583.5739322030481,109.26793939758116,209.68273065069081,0.0,151.36578181827957
8c01a935.qasm,16,success,2.698982,3.3709370242141876,2.3922740771017605,0.0,2.839754436314899,3.2512008090767925,3.9462402931827825,0.006538734896943852,3.581901678439443
8c01a935.qasm,64,success,14.733067500000002,10.589027456223274,11.818850400715576,0.0,11.187051952778832,3.9063880631657226,3.3712173816539877,0.0,3.6289507213559595
8c01a935.qasm,512,success,483.89700409999983,337.83001571340236,255.44343786098906,0.0,293.7625922857836,47.813940296843036,65.07350531656895,0.0031546023235031278,55.78011023754548
8d5010bc.qasm,16,success,0.21662629999999997,0.20548059351760542,0.19377608679006444,0.0,0.19954254013403125,0.2556318933999687,0.19914217597273676,0.0,0.22562599916609893
8d5010bc.qasm,64,success,0.1708347,0.22279175861441594,0.21340882091810717,0.0,0.21804982576506235,0.3621364162002979,0.3353497506846166,0.0,0.34848580586099975
8d5010bc.qasm,512,success,0.2035061,0.22718157251523824,0.23225926517144607,0.0,0.22970638888129088,0.2696860493074305,0.26428415015972656,0.0,0.2669714373320644
8d9d4033.qasm,16,success,1.0986492,1.0742828635031714,1.0955133360476652,0.0,1.0848461658941317,4.173901299004351,2.346338921507393,0.0,3.1294387791398273
8d9d4033.qasm,64,success,2.5595098,2.563102170300129,2.5650055721028613,0.0,2.564053694579887,4.263686500302968,1.3627759258950702,0.0,2.410487361131912
8d9d4033.qasm,512,success,34.40687870000001,35.14395718160447,34.39067404147183,0.0,34.765275433397655,46.82613349097358,352.9981253110922,0.022792022792022793,128.5672483095155
8e84b85a.qasm,16,success,0.18267619999999998,0.19626555973511825,0.1974775239361688,0.0,0.19687060920929103,0.19991150603199417,0.2214605729525884,0.0,0.21041035303820074
8e84b85a.qasm,64,success,0.1524136,0.21211064378322975,0.19138692213399244,0.0,0.20148251354778163,0.23699163850856209,0.25963810711337376,0.0,0.24805656698434733
8e84b85a.qasm,512,success,0.1863533,0.19474671412154973,0.21356700138762938,0.0,0.20393987291609572,0.19840734774246313,0.2926451837722229,0.0,0.24096255879669864
8e9564e3.qasm,16,success,1.4540433,1.4529537041827891,1.4567576396825963,0.0,1.4548544286881095,8.30926622555119,7.167939273029304,0.0,7.717533006614508
8e9564e3.qasm,64,success,8.4504558,8.452232008525304,8.502672408601436,0.0,8.477414693760474,11.259214058572946,5.138758848014901,0.0,7.6064700002817
8e9564e3.qasm,512,success,307.52745439999995,315.3904423888287,311.07100413844574,0.0,313.22327756659735,151.89774165894184,792.713613008296,0.04170940170940171,347.00346914441707
8f4e1b64.qasm,16,success,11.0098067,17.595396200346997,15.530715856236535,0.0,16.530852935208554,6.274350752789611,20.233566324050486,0.0,11.267319650073157
8f4e1b64.qasm,64,success,0.5562086,17.770072181581487,24.02774008608909,0.0,20.663365546059573,1.704530959004062,1.4885429860416297,0.033244902876268995,1.5928802853687118
8f564e3e.qasm,16,success,1.9908197,2.0000839173881984,2.0045937916513448,0.0,2.0023375848188243,14.791783818637043,14.279750728040025,0.0,14.533512505695
8f564e3e.qasm,64,success,15.576776500000005,14.584543456183384,15.047138607929911,0.0,14.814035470410102,21.48259704736143,7.280183551974118,0.0,12.505888600091096
8f564e3e.qasm,512,success,689.9786613999997,697.262621986172,698.2222725686219,0.0,697.7422822936423,456.7115788708021,1211.3409275474462,0.045313390313390316,743.7966305187299
8f8fbcbd.qasm,16,success,712.1879557000002,837.5931140632064,767.1239984761564,0.0,801.584542488353,37.42399205277086,182.40078284178753,0.0,82.6206115172857
8f8fbcbd.qasm,64,success,1437.2253333000003,758.4555912919021,894.007616365792,0.0,823.447068906181,20.680059835621922,16.860005286011322,0.3757966229723832,14400.0
8fb9e9ac.qasm,16,success,0.1811224,0.7467417291349371,0.6508493467521475,0.0,0.6971487406572882,6.027647861845247,6.437005828447896,0.013235185096803957,6.228964955635035
8fb9e9ac.qasm,64,success,0.5304693,0.9147337690339578,0.5830458463149536,0.0,0.7302956418597,1.8318637642851154,0.7529413997179717,0.0,1.174430102974829
8fb9e9ac.qasm,512,success,0.1635519,1.1850540338196327,0.9941671975485745,0.0,1.0854224282490657,45.626081074125494,55.26846844897536,0.0,50.216368071533175
9143d50f.qasm,16,success,0.1758806,0.21519369897797103,0.22475051045418729,0.003270735524256651,0.21992019846258712,12.595975225714646,12.896305785173434,0.03307246376811594,12.745255908505131
9143d50f.qasm,64,success,2.8306142,2.0653629561642752,2.160109304202884,0.0,2.112204947008321,9.867692986348322,11.002940622023182,0.0,10.419867561785283
9143d50f.qasm,512,success,0.17785990000000002,0.2130750772000298,0.2262714899848569,0.0,0.21957416787201803,18.484053671608407,17.950041469507966,0.03333333333333333,18.21509071978457
917fa943.qasm,16,success,1.7270749,1.3288188974532107,1.0778134151086383,0.0,1.1967534557814907,0.3599130135401167,0.2906217115859947,0.0,0.323416969278209
917fa943.qasm,64,success,0.6866674,0.4590349006865662,0.23270385951458297,0.0,0.3268320563250448,0.8874981416755667,0.5891632953052655,0.0,0.7231053379189482
917fa943.qasm,512,success,166.3146686,2.256976609848834,3.0146775099745127,0.0,2.608458668687277,0.3687937244747199,0.4107713781375391,0.0,0.3892170428577821
92f98bb3.qasm,16,success,0.4699449,0.4811826197056498,0.48429142591271745,0.0,0.4827345202299769,0.9637319011151256,0.8508989186843093,0.0,0.9055597343965963
92f98bb3.qasm,64,success,0.345261,0.3412930871926283,0.3476843413475939,0.0,0.34447389193820754,0.8274008863655878,0.4185986316629403,0.0,0.5885141280116724
92f98bb3.qasm,512,success,0.3467309,0.3489665229734142,0.3470293220179124,0.0,0.3479965745153423,0.9123509270017505,0.8920259980967209,0.0,0.9021312245306694
933b305c.qasm,16,success,1.8488212,1.8351161738231512,1.8634774636451004,0.0,1.8492424484339707,10.64062151215474,10.082158419008417,0.0,10.35762674372141
933b305c.qasm,64,success,10.668987299999998,10.649533678471911,10.681363571903388,0.0,10.665436751065945,14.661427396187163,6.6488216211596525,0.0,9.873257591536426
933b305c.qasm,512,success,433.0217914000002,432.561387748965,438.97615460947344,0.0,435.7569673873018,287.106807546385,964.9218839277919,0.04198005698005698,526.341753641255
93865be7.qasm,16,success,0.1846872,0.283291454282318,0.28420068984446856,0.0,0.2837457078689958,0.2815070196186342,0.22036967954281092,0.0,0.24906949171347786
93865be7.qasm,64,success,0.2199938,0.334285982497826,0.2673813918690605,0.0,0.2989679770185849,0.8599923439602395,0.6643344525296374,0.0,0.7558588115544498
9395edc6.qasm,16,success,8.2267604,1.91836568060816,1.9680366190413752,0.0,1.9430424360134517,0.5598457021457866,0.5953828698549214,0.0,0.577340922522821
9395edc6.qasm,64,success,3.4462506000000004,1.3749471652268603,0.7060694457074103,0.0,0.9852959874213963,0.4970724914645632,0.4565343323272254,0.0,0.4763723942558015
9395edc6.qasm,512,success,8.1534394,1.2706051499328046,0.6869026191718234,0.0,0.9342280264593066,0.3070101356365964,0.6498488616143797,0.0,0.4466656323778655
93c78575.qasm,16,success,2.2330659,2.248552566259104,2.2317046194998964,0.0,2.2401127537043286,12.73475975755027,12.941250976271284,0.0,12.837590200071725
93c78575.qasm,64,success,13.131851600000001,13.108744990958,13.046624813617486,0.0,13.077648017683323,17.48804512379965,7.191871326684901,0.0,11.21480139305313
93c78575.qasm,512,success,575.9143289000002,544.6130348335765,551.7272775462217,0.0,548.158614841466,370.5377761011049,1164.1439977943223,0.04198005698005698,656.7795124729131
9429600a.qasm,16,success,2.1292974,2.1162596468939903,2.104660205445785,0.0,2.1104519570955715,12.416123678825135,11.60778791300392,0.0,12.005154324931778
9429600a.qasm,64,success,12.183755600000001,12.070298290828694,12.142742652269126,0.0,12.106466283835957,16.171889890891844,6.732525115508655,0.0,10.43444559407302
9429600a.qasm,512,success,496.7916787999999,496.4445498700495,495.6679504130832,0.0,496.0560981661581,354.50213200103695,1080.3576503056422,0.04198005698005698,618.8611236432456
94f4e26a.qasm,16,success,2.5668699,2.6221651288671093,2.5962312903679288,0.0,2.609165988601806,15.815410578565174,15.50123294760332,0.0,15.657533763026944
94f4e26a.qasm,64,success,18.503752099999996,18.408245298531043,18.372443450611694,0.0,18.390335662305088,20.934797282316687,6.898906204440261,0.0,12.017786936856295
94f4e26a.qasm,512,success,704.7077987999999,696.6891952546823,706.8670020391666,0.0,701.759647459696,347.66715422233284,1045.057550271485,0.042250712250712245,602.7704243751929
950704f2.qasm,16,success,11.708849200000001,59.40362220242591,90.39245559999463,0.0,73.27782258235871,5.0334451873575174,5.855392387772092,0.019869281045751634,5.42888539520971
950704f2.qasm,64,success,2.5663469,6.782230048683004,5.007616199999927,0.0,5.827761582624266,5.871564466725077,5.606590227579265,0.0,5.737547904788461
950704f2.qasm,512,success,11.827260099999998,67.96299114979688,90.08668939999906,0.0,78.24679465899311,25.977593364896084,132.62014305781236,0.015615244713482994,58.69541846132623
954ad251.qasm,16,success,0.19984290000000002,0.17999303200717334,0.1806542319782273,0.0,0.1803233289363536,0.22685333089533308,0.18389274759010854,0.0,0.20424662131430932
954ad251.qasm,64,success,0.17667840000000004,0.17340275408182668,0.17580610368139937,0.0,0.17460029370751307,0.2607530828085728,0.4180601884312592,0.0,0.3301673559469253
954ad251.qasm,512,success,0.18874259999999998,0.17527005911235388,0.1862935825606729,0.0,0.18069777870151396,0.2320028036149946,0.2047543915376826,0.0,0.21795318967435343
957c248b.qasm,16,success,0.1746251,3.88919066319956,4.597510778989242,0.0,4.228545375847857,1.204601924940121,1.5340548869797768,0.0033333333333333335,1.3593842245000634
957c248b.qasm,64,success,0.2911975,0.654918150904566,0.573369261403876,0.0,0.6127886556261818,1.2587213576697376,1.2705634942660986,0.0,1.2646285646418989
957c248b.qasm,512,success,0.1866839,4.13021995357951,4.673999354147952,0.0,4.393705201253222,6.0581889529199096,20.779070318258235,0.0,11.219783164304824
964382be.qasm,16,success,2.6285394,2.5620514681836184,2.5751383973493973,0.0,2.5685865980544698,16.00783154133997,15.477302659104385,0.0,15.740332070235251
964382be.qasm,64,success,18.324990700000004,18.432390723147954,18.43624349311089,0.0,18.434317007475872,20.934797282316687,6.898906204440261,0.0,12.017786936856295
964382be.qasm,512,success,696.1004410999997,669.2748000851578,683.387426801833,0.0,676.2943023961585,347.66715422233284,1045.057550271485,0.042250712250712245,602.7704243751929
965eb08c.qasm,16,success,1.6469743,1.6619359008513062,1.6632504670150543,0.0,1.6625930540093146,8.247194111604342,8.054856751750814,0.0,8.150458095889812
965eb08c.qasm,64,success,9.5513858,9.365069494819677,9.477715235725668,0.0,9.421224009367474,10.522146720989296,5.452270747774214,0.0,7.574271765037104
965eb08c.qasm,512,success,354.3248175000001,344.3661607749053,343.84085985625,0.0,344.10341007644627,162.35355045650982,888.0561003771676,0.038646723646723655,379.7091793738938
96876fa5.qasm,16,success,8.5948081,15.675686040751362,17.603812130242723,0.11246619501957984,16.611797978366322,17.43576741546973,18.607953430368966,0.02659066232356135,18.01232766995441
96876fa5.qasm,64,success,0.9619184,11.529404695885706,8.825640260511026,0.0,10.087337521057465,13.025851716614794,11.527677076861366,0.0,12.253889677984525
96876fa5.qasm,512,success,7.9138945,11.337589744220013,5.069596722284443,0.17613749018617178,7.58135923208388,27.971520415165827,9.164282027134973,0.06988466525602188,16.01058717887458
96f82da7.qasm,16,success,0.17470950000000002,0.5401870291003944,0.28783254478579023,0.0,0.39431384358939553,16.605349274484958,17.8348295474493,0.006538734896943852,17.2091131057443
96f82da7.qasm,64,success,2.1292088,2.3555165835010623,2.3743893835197,0.0,2.3649341573433955,14.19133899425693,10.608127741532684,0.0,12.269618448610025
96f82da7.qasm,512,success,0.1789396,1.0350739298908218,0.29797522688055406,0.0,0.555361494071532,22.014975613133405,30.54203477895562,0.013333333333333334,25.930332640253198
981d8651.qasm,16,success,0.17745339999999998,0.176524306030318,0.17471779713701358,0.0,0.175618728758516,5.098093621114653,3.6263362000460453,0.0,4.299697832344954
981d8651.qasm,64,success,4.6828124,4.716932128489392,4.7518517605073765,0.0,4.734359749634169,6.055058840790808,5.644148689974306,0.0,5.845994562430483
981d8651.qasm,512,success,0.17061470000000004,0.17778414658883177,0.17461356690250482,0.0,0.17619172504574016,7.014700128860109,13.589779745890178,0.009642537980339589,9.76361765610864
9a442b56.qasm,16,success,9.1980982,6.29186964001378,7.105420981790619,0.0,6.686283164422915,6.761657558532251,6.606768761327406,0.0,6.683764503070423
9a442b56.qasm,64,success,1.1185776,0.4267115632661134,0.44100040354981807,0.0,0.4337971549004554,4.933755875234976,2.715937871343815,0.0,3.660570232834731
9c6b6510.qasm,16,success,0.2886272,1.0611474299429506,0.6698010569516992,0.016479741595013878,0.84306445195926,17.80099423142457,22.688236106345652,0.032947035011279005,20.096595732866234
9c6b6510.qasm,64,success,2.4669897,2.205956304708314,5.4782012011841115,0.0,3.4763015516799967,17.639821033542503,11.342203984927753,0.0,14.144767527960937
9c6b6510.qasm,512,success,0.2779434,1.0898466554207695,1.1098259480952781,0.009655172413793104,1.0997909336009382,313.8572433012381,265.73989798971996,0.03666666666666667,288.7981852751254
9ccf974e.qasm,16,success,0.3430253,0.25732148185755127,0.27787959408367613,0.0,0.2674030458457539,0.2165468974905518,0.19906961830282255,0.0,0.20762444034386843
9ccf974e.qasm,64,success,0.17092409999999997,0.2067019803851804,0.1906321636554095,0.0,0.1985045232549751,0.2401681203335012,0.2608082640461206,0.0,0.2502755092760781
9d76010e.qasm,16,success,0.1707674,0.18030415451714674,0.17942281364915713,0.0,0.17986294425506008,2.6327022906342297,1.91965361615071,0.0,2.248082843772502
9d76010e.qasm,64,success,3.0336689,2.5162206533563816,2.7395210606985634,0.0,2.6254979476728804,3.46184134108231,2.124879320242694,0.0,2.7121937754568783
9d76010e.qasm,512,success,0.1692022,0.17812942567898526,0.1759443752886735,0.0,0.17703352937118794,4.042787869687041,4.168256944442212,0.006487935656836461,4.10504307075209
9d7cbc78.qasm,16,success,0.4762271,0.4861599131022479,0.4968453567792553,0.0,0.4914735959103582,0.9637319011151256,0.8492147130678246,0.0,0.9046630919186383
9d7cbc78.qasm,64,success,0.3512017,0.3404314871540983,0.34072964259693955,0.0,0.3405805322486306,0.8301218762027222,0.41943330127463935,0.0,0.5900684358580836
9d7cbc78.qasm,512,success,0.3497272,0.3423731723214249,0.3414441017699144,0.0,0.34190832147434647,0.9123509270017505,0.8897725062301787,0.0,0.9009909937839413
9d7e60b6.qasm,16,success,0.18949259999999998,0.20525303221441463,0.1885820125767472,0.0032405259087393656,0.196741022419002,10.485919248407109,11.258696115018838,0.03294202898550724,10.865439627757473
9d7e60b6.qasm,64,success,2.0476432,1.5968010311517857,2.5486800599226673,0.0,2.0173584083549727,7.99975663699177,8.586806142051358,0.0,8.28808538960821
9d7e60b6.qasm,512,success,0.17087999999999998,0.19914506401917745,0.1805622934987927,0.003160919540229885,0.18962618357776068,16.28782850692162,18.17406541857336,0.03299406276505513,17.205117285601332
9e3be92a.qasm,16,success,90.3924556,11.051126493924505,11.708849200000216,0.0,11.37523510119633,5.0334451873575174,5.855392387772092,0.019869281045751634,5.42888539520971
9e3be92a.qasm,64,success,5.0076162,3.124893488613577,2.566346899999989,0.0,2.8318828925881814,5.871564466725077,5.606590227579265,0.0,5.737547904788461
9e3be92a.qasm,512,success,90.08668939999998,17.387840883114805,11.82726009999992,0.0,14.340520098727628,25.977593364896084,132.62014305781236,0.015615244713482994,58.69541846132623
9ea3bed5.qasm,16,success,3.9805098,4.1721742258597905,4.17289441298265,0.0,4.172534303883017,5.563189597360391,6.436664249503241,0.0,5.9840106612988215
9ea3bed5.qasm,64,success,3.8935624,4.107195224151126,2.7020508517042825,0.0,3.3313436258562863,5.487375792071545,0.7087910465889514,0.0,1.9721568980913426
9ea3bed5.qasm,512,success,3.9776183999999994,4.230122349732587,4.693852637525978,0.0,4.455959038001796,5.427513887371812,4.498893424478507,0.0930266381176037,4.941437699613629
9f744e04.qasm,16,success,52.217373299999984,29.264026103707938,26.375734063735372,0.0,27.782371571656928,8.584629819966494,17.164299646061,0.0,12.138746170029904
9f744e04.qasm,64,success,104.66313360000004,34.70119474528754,38.509219067661334,0.0,36.55565497095978,2.9821569614317402,5.905731314608724,0.17627581120943947,4.196643629402648
9f744e04.qasm,512,success,4128.416998699998,1972.8359931980551,1647.8976728329271,0.06102270289055711,1803.061796520604,199.77255962924434,206.5023194175882,0.21267594511212437,203.1095687539792
a0a79499.qasm,16,success,1.8720441,0.4938674332138449,0.7344623193904937,0.0,0.6022682296698625,0.37386626880267887,0.35906575579660055,0.0,0.36639128588776354
a0a79499.qasm,64,success,0.7155789,0.3912051525452058,0.4791777618595231,0.0,0.43296282683912374,0.43556912871126974,0.7117628068673895,0.0,0.5567961077776286
a0a79499.qasm,512,success,1.9413185,0.5362388584225722,0.21487598803750255,0.0,0.33944786717204845,0.5451374305315994,0.2472025421641094,0.0,0.36709584396479067
a0b53b67.qasm,16,success,0.17763,0.3402961126313121,0.21894191280010328,0.0,0.2729561902905645,3.568085558475889,3.399603926268916,0.009869565217391303,3.4828261044528266
a0b53b67.qasm,64,success,0.5182719,1.2345157316159245,0.968116388125848,0.0,1.0932314078805765,3.013964677750342,1.8005240518406245,0.0,2.3295312605087672
a169a3ba.qasm,16,success,1.6347612,1.648605475688247,1.641173546588106,0.0,1.6448853137711006,9.519225018094575,7.913041266933848,0.0,8.679056423218569
a169a3ba.qasm,64,success,8.898883499999998,8.894737851879732,8.85379402373367,0.0,8.874242324595967,13.117927662201478,5.72978684949393,0.0,8.669655668565776
a169a3ba.qasm,512,success,330.86148350000013,344.8380524056136,336.9406956563799,0.0,340.8665035851114,213.74954577911745,764.0975906089585,0.04170940170940171,404.13551306904856
a1b3d3aa.qasm,16,success,2.1666266,1.7502291483021901,1.596055141522555,0.0,1.6713653792604275,1.5651898351537432,1.510335185466329,0.003268115942028985,1.5375178958200588
a1b3d3aa.qasm,64,success,6.827168099999999,2.668532736813005,1.7014655885286827,0.0,2.1308253385835254,1.9634916791167556,2.2805100358859054,0.0,2.1160724183269886
a1b3d3aa.qasm,512,success,212.50459400000003,39.69290706504863,73.42514255568824,0.003160919540229885,53.98571440391319,31.32215750196065,73.31414458710401,0.0029940627650551313,47.920321199662126
a1bc8d56.qasm,16,success,1.0850003,1.0721983335191496,1.0834430846391359,0.0,1.0778060446169933,3.700621136469548,2.134297706971782,0.0,2.8103784809057775
a1bc8d56.qasm,64,success,2.2916824,2.2308176608857733,2.2821447567747297,0.0,2.2563352650062747,3.7995141234015404,1.258172378801698,0.0,2.186422585624921
a1bc8d56.qasm,512,success,23.992057699999997,23.053733939061313,23.986088809781585,0.0,23.51529097543555,28.950397717463773,183.92771522591875,0.01972934472934473,72.97109364025431
a3cb01ca.qasm,16,success,1.2192321,1.2080203669335396,1.2306332799171653,0.0,1.2192744015873374,5.170318714749853,2.9584294259804818,0.0,3.9110130436261072
a3cb01ca.qasm,64,success,3.4253563,3.402938645947504,3.410472385349006,0.0,3.406703433092012,6.36842335979388,2.3579022101107063,0.0,3.8750638078589925
a3cb01ca.qasm,512,success,72.2422423,71.76297781272906,72.35038092784694,0.0,72.05608080701849,70.34842322993104,401.0588721004235,0.035313390313390314,167.96981655833108
a409aaa1.qasm,16,success,2.5722586,2.67495770358555,2.7959734642309075,0.0,2.7347962917126467,1.5157672384894247,1.0065550141790591,0.0,1.2351935533469547
a409aaa1.qasm,64,success,6.2227107,4.645256816494574,4.193611884441512,0.0,4.413661087117427,2.9958791734317476,4.757181658596797,0.0,3.7751743609033
a409aaa1.qasm,512,success,194.3047202,93.46084802080154,172.2739012032242,0.0,126.88918353549732,17.374407135287072,291.6069413552662,0.022291364030494466,71.1793349405723
a440a477.qasm,16,success,16.169895400000005,4.786135865060864,6.2298040014280724,0.0,5.460465947475049,0.6535528747218919,0.6450088591983509,0.0,0.6492668127589538
a440a477.qasm,64,success,6.606882700000001,4.3584481080201725,1.6646663479458628,0.0,2.6935778983889618,0.677400724560843,0.46680670992280665,0.0,0.5623301552749705
a440a477.qasm,512,success,16.634451100000003,8.839522057989528,14.861959543333516,0.0,11.461789529050188,5.234043949469358,11.253454168202898,0.0,7.674703492625177
a44fdc9f.qasm,16,success,0.1848667,0.1815168044071376,0.18531250958695183,0.0,0.1834048378775504,3.5404020538850016,3.861505292356358,0.013202898550724635,3.6974695763651995
a44fdc9f.qasm,64,success,1.0295765,1.0013297675718844,1.0945128995470002,0.0,1.0468850688150189,2.717979165202176,4.5350712416873735,0.0,3.5108729893879445
a44fdc9f.qasm,512,success,0.17738700000000002,0.17454036513060725,0.17752174885902758,0.0,0.17602474503455084,8.898090495024224,10.114007926942016,0.03333333333333333,9.486588311997227
a4f95806.qasm,16,success,0.16642550000000003,0.20657776481807127,0.18732603464292483,0.0,0.19671653089856989,0.22016974402881262,0.19820334930699382,0.0,0.208898015027846
a4f95806.qasm,64,success,0.6707554,0.5072184889409089,0.689717501614447,0.0,0.5914705985634271,0.48334591474532473,0.5984229558450196,0.0,0.5378152944994332
a4f95806.qasm,512,success,0.17320599999999997,0.21497888967289844,0.1879168905158161,0.0,0.20099294632865544,0.25738612186994503,0.18990695616940598,0.0,0.22108689460157746
a75c691c.qasm,16,success,2.0765425,2.14470886245248,2.083800870226657,0.0,2.1140355233442274,2.7166782269533734,2.0450434914232396,0.0,2.3570585750723763
a75c691c.qasm,64,success,0.166108,0.17960025162857857,0.17944330694751404,0.0,0.17952176213717874,2.0279278249429518,1.0381005546073552,0.0,1.4509283234457055
a8818670.qasm,16,success,0.1796637,0.19999860129445385,0.17014510932604884,0.0,0.18446892389316338,0.20633564759545,0.1887080302657058,0.0,0.19732509630388168
a8818670.qasm,64,success,1.156165,0.8717116262665219,0.8965177613448152,0.0,0.8840276894524913,0.5930445123690444,0.4245896222477969,0.0,0.5017973151411848
a8818670.qasm,512,success,0.18732309999999996,0.24546336617373185,0.1793581093842035,0.0,0.20982336685889633,0.21244862496038847,0.19783911449084657,0.0,0.20501377474931098
a8b40b61.qasm,16,success,1.6559996,1.6479473248785181,1.6490736746974455,0.0,1.648510403590236,8.247194111604342,8.054856751750814,0.0,8.150458095889812
a8b40b61.qasm,64,success,9.471062,9.489010103101402,9.521985250313985,0.0,9.505483377599056,10.522146720989296,5.452270747774214,0.0,7.574271765037104
a8b40b61.qasm,512,success,344.19865939999994,351.7083172824545,352.9461885674169,0.0,352.326709280324,162.35355045650982,889.2744706321234,0.038646723646723655,379.9695614617815
a8dfab96.qasm,16,success,1.0960489,1.0830169951911774,1.0975653668059133,0.0,1.090266914835098,4.1633744948131355,2.346338921507393,0.0,3.1254899811055603
a8dfab96.qasm,64,success,2.5684272,2.553565418067984,2.5544904710753342,0.0,2.5540279026906045,4.263686500302968,1.3517858050105256,0.0,2.400747985133916
a8dfab96.qasm,512,success,34.62364469999999,34.42142967794268,34.13987070853671,0.0,34.28036112423484,46.67100038879085,353.4688662042973,0.022792022792022793,128.43965739617266
a9091180.qasm,16,success,2.1176052,2.1156136332262965,2.1003413575143086,0.0,2.107963664389474,12.416123678825135,11.60778791300392,0.0,12.005154324931778
a9091180.qasm,64,success,12.155388299999998,12.181736129812764,12.188451589024181,0.0,12.185093396789767,16.171889890891844,6.732525115508655,0.0,10.43444559407302
a9091180.qasm,512,success,497.33829910000026,496.1833879264028,495.5534637243653,0.0,495.86832579770567,354.50213200103695,1080.3576503056422,0.04198005698005698,618.8611236432456
aa41f5f1.qasm,16,success,2.0768734,2.068840379660375,2.073407919140566,0.0,2.0711228902760928,10.903041238655657,10.896938962141784,0.0,10.899989673359578
aa41f5f1.qasm,64,success,12.550837200000002,12.234808807743358,12.399966594715067,0.0,12.317110883187798,14.561898301377084,6.639997417382183,0.0,9.833156518296954
aa41f5f1.qasm,512,success,497.82790249999994,505.05559472793567,514.3515833362399,0.0,509.68239602829107,260.9440207783253,907.0980093568447,0.04198005698005698,486.52009393404296
aac529b2.qasm,16,success,1231.2409277000006,66.8225624963327,83.05764928887615,0.006619607843137255,74.49916080335674,63.59542752676626,103.71106025277805,0.0032054015636105186,81.21298674491436
aac529b2.qasm,64,success,49.33276260000001,110.96261976225836,35.692458330461115,0.0,62.93273140507414,82.64790884060115,64.18993090835879,0.0,72.83655372269149
aac529b2.qasm,512,success,4142.797545899999,5260.692009859836,5977.175818015256,0.5598291286679304,14400.0,6367.912157279318,6030.8762943567135,0.6178130511523505,14400.0
aaf05f5c.qasm,16,success,1.1518439,1.1188886024383424,1.12556645620568,0.0,1.1222225622110131,6.86360543709596,4.1144966931555205,0.0,5.314158623343452
aaf05f5c.qasm,64,success,5.0934963,5.113376603063626,5.077792684351621,0.0,5.095553582033186,8.402268703683728,3.221448295364294,0.0,5.202641078594092
aaf05f5c.qasm,512,success,144.77378309999997,148.33519995000705,144.26013999636285,0.0,146.2834806503335,110.58526286420847,485.50683287896317,0.04170940170940171,231.71081273063095
ab65fd24.qasm,16,success,2.6866797,2.660516658492416,2.669990062276901,0.0,2.6652491513359307,18.492919221874917,18.78715253418927,0.0033333333333333335,18.63945530920378
ab65fd24.qasm,64,success,21.016287900000002,21.07338025629392,21.022975515887428,0.0,21.048162797856072,25.775398362032586,7.455591169090269,0.0,13.862569473505042
ab65fd24.qasm,512,success,969.4532298999997,996.9108149107543,945.4273176706461,0.0,970.8278517316716,479.0782897427058,1460.3277552619086,0.042250712250712245,836.4277156184382
ab8a1b3c.qasm,16,success,5.4734568,1.981488112061455,1.3629727646453158,0.0,1.643385021900902,0.403514104272975,0.40036721237085493,0.0,0.4019375785866426
ab8a1b3c.qasm,64,success,0.17588039999999996,2.348154493488767,1.2232948407502953,0.0,1.6948407822475335,0.9107842076416884,0.6536329866281492,0.0,0.7715689222711016
ab8a1b3c.qasm,512,success,7.0257582,9.60524683787789,58.07201540575986,0.009568965517241379,23.617706119464085,0.4554532253590369,0.47047422060772365,0.0,0.46290279889418123
ab964bf6.qasm,16,success,1.1127641,1.1211139561586896,1.1255954916386866,0.0,1.1233524890547193,6.820646242462237,4.097177518262947,0.0,5.2863407423889095
ab964bf6.qasm,64,success,5.0798998,5.078977260053468,5.082196836350731,0.0,5.080586793170749,8.329863723069291,3.22210847465057,0.0,5.180706949325151
ab964bf6.qasm,512,success,144.58527109999997,147.0048654634674,146.13528938539503,0.0,146.56943254159393,111.41807072267437,485.6604395165653,0.04170940170940171,232.61846271794892
aceda861.qasm,16,success,307.34320260000015,38.487306751585784,58.667655288572284,0.0033333333333333335,47.517997069400735,0.7346085991490098,1.1146315487582559,0.013137254901960785,0.9048855842594651
aceda861.qasm,64,success,142.41094300000003,42.32947668185605,33.22713115656735,0.0,37.50316084674584,7.314533892755896,10.427838563079304,0.0,8.733543301422998
aceda861.qasm,512,success,304.2419227000001,46.301558283605765,51.962009590696724,0.003160919540229885,49.050198935345065,0.7077540525148506,0.8293857553360309,0.0,0.7661599894520505
ad2439c7.qasm,16,success,2.2632372,2.3673218173567405,2.3720823451507194,0.0,2.3697008858170348,14.359984748331554,13.89505112212345,0.0,14.125605197335089
ad2439c7.qasm,64,success,16.262889900000005,16.357907826986494,16.331551553044655,0.0,16.34472437749816,20.66717150441069,7.129999527578936,0.0,12.139065988075076
ad2439c7.qasm,512,success,666.6881105000001,648.3158244816751,662.7850316421689,0.0,655.5105065849103,330.9077195778376,964.4939088641368,0.045313390313390316,564.9411296134721
ad74d7c1.qasm,16,success,4.0893965,1.2390976840204848,0.9929812478226702,0.0,1.1092343144948418,2.539518760092176,3.752416675640433,0.0,3.086961701004986
ad74d7c1.qasm,64,success,17.206083600000003,1.6716934055632482,2.267231002181354,0.0,1.946821798530909,2.474426506587371,2.5585491931719355,0.003325958702064897,2.5161363122836504
ad74d7c1.qasm,512,success,690.9794292999997,9.204248183478013,5.27570762577025,0.022528735632183907,6.9684232313384165,4.4193107519916435,2.173569331140945,0.0,3.0993028756980925
aed3c1af.qasm,16,success,1.7608045,1.7318000047763844,1.7286476283869925,0.0,1.7302230986486336,9.707008209099921,8.547881624564923,0.0,9.109026133460487
aed3c1af.qasm,64,success,10.090619899999998,10.020242779556101,10.066003038863462,0.0,10.043096846548949,12.706358040383936,5.913600934028692,0.0,8.668352252632413
aed3c1af.qasm,512,success,402.51049830000005,407.79555091846277,408.6560416307006,0.0,408.2255695481972,207.70010154320155,912.4336190198944,0.04198005698005698,435.33039788402414
af2659f0.qasm,16,success,0.16919179999999998,0.19455112655653153,0.18554156417429588,0.0,0.18999294811431888,0.19369740971287575,0.1942236194357905,0.0,0.19396033612512628
af2659f0.qasm,64,success,0.1564611,0.19795281881515445,0.19009976970919523,0.0,0.19398655950876315,0.2612317640859506,0.2644479853501877,0.0,0.26283495528944617
af88ad19.qasm,16,success,0.17483529999999997,0.32493529101227825,0.31489016394797503,0.0,0.3198732984469621,1.0514227212572234,1.9604929881875337,0.0,1.4357252079161396
af88ad19.qasm,64,success,0.1752695,0.29554023936359575,0.2573640196645261,0.0,0.27579235662945994,0.7736342922924858,0.9228719380534008,0.016615109365944507,0.8449647203715298
af88ad19.qasm,512,success,0.17989699999999997,0.2704931909581012,0.19616895781381852,0.0,0.23035270210263414,0.67094867051216,0.39368320596414896,0.0,0.513946712845418
af8b17d0.qasm,16,success,0.1818541,0.18771984892416851,0.18430165515004762,0.0,0.18600290014201698,0.2076825720596949,0.18392560275081304,0.0,0.19544345025331125
af8b17d0.qasm,64,success,0.1684462,0.1901814972783434,0.1734907274055231,0.0,0.18164450528956638,0.3025727580825599,0.42812422397189653,0.0,0.359914888896156
b06c81ca.qasm,16,success,1.5398947,1.4929423000809339,1.4858793136302981,0.0,1.48940662014572,8.310386524243695,6.629312960932343,0.0,7.42240884723593
b06c81ca.qasm,64,success,6.921094199999999,6.8745311834965985,6.939492371868204,0.0,6.906935406390068,10.478740088870062,5.3070414307499885,0.0,7.457285551304457
b06c81ca.qasm,512,success,202.7487235,211.68527433703116,210.53010922647297,0.0,211.106901658404,128.47039137067472,673.7576442344907,0.04170940170940171,294.20725389389867
b11883af.qasm,16,success,0.1776531,0.570054841579196,0.5384242349673389,0.0,0.5540138463673143,1.3440193782968528,0.8996928751871307,0.0,1.099638421831065
b11883af.qasm,64,success,0.3563139,0.6027341622176412,0.5493165783355041,0.0,0.5754058286421083,1.1573117862539994,2.0555020857152932,0.0,1.5423543012122691
b11883af.qasm,512,success,0.1822348,0.6137717568419263,0.8073898572775287,0.0,0.7039553190065269,1.1458814608136627,1.010360215126849,0.0,1.0759893304571193
b1ea1d60.qasm,16,success,0.2114184,0.18733119675301577,0.19109169691995276,0.0,0.18920210430536796,3.472586348633694,2.433712444163039,0.0,2.9071079460695146
b1ea1d60.qasm,64,success,4.7274893,4.904344910284067,4.923751291524069,0.0,4.914038521022262,4.024273281430671,5.778477036210373,0.0,4.822257847127433
b1ea1d60.qasm,512,success,0.2223113,0.19567272525102236,0.1971617890667456,0.0,0.19641584605641507,7.906524214951232,18.688158878066105,0.01,12.155590512282217
b2346111.qasm,16,success,5166.543143199999,2199.304361678903,2732.4390887219397,0.4898717743671227,14400.0,13.836812691771561,68.4905901070623,0.17330376940133035,30.784597877190535
b2346111.qasm,64,success,3106.2406232999992,1633.49945391843,845.3950352749437,0.006666666666666667,1175.139280454437,6.176805359699941,2.354875995297588,0.3625001302363136,14400.0
b2346111.qasm,512,success,3112.5309232000013,4399.807414762624,4743.959456241417,0.4669412690914815,14400.0,10.419606280199757,4.374076614917962,0.3156500897914076,14400.0
b38d732e.qasm,16,success,0.1849359,0.31476066811593517,0.3278043072494665,0.0,0.3212162865751414,0.35133337615576604,0.3488922150810567,0.0,0.3501106679878397
b38d732e.qasm,64,success,0.284838,0.3677148686574854,0.4436673860339638,0.0,0.40390976044543525,0.4323634868377012,0.4008490001915929,0.0,0.41630814478970196
b38d732e.qasm,512,success,0.1656216,0.3565792355866164,0.2848372539651303,0.0,0.31869585859480054,0.42501133594075097,0.3413528168155184,0.0,0.3808921326332455
b469b640.qasm,16,success,0.1815829,0.27379128596521884,0.31864416110194704,0.0,0.2953675585324334,0.31748172615336984,0.3272890399552382,0.0,0.32234808725362135
b469b640.qasm,64,success,0.1756312,0.33163633864536995,0.2734050607438477,0.0,0.3011163451428776,0.344552977800905,0.3622476967548859,0.0,0.3532895733225298
b4976343.qasm,16,success,0.17541640000000003,0.18994569451467613,0.18367909552361006,0.0,0.18678611663359687,0.2019512989881786,0.19943338234809116,0.0,0.20068839185863016
b4976343.qasm,64,success,0.2803895,0.2633258214566662,0.27598316273876283,0.0,0.2695802163297476,0.4382021207868356,0.6355002887361637,0.0,0.5277097443527391
b4976343.qasm,512,success,0.1761288,0.19009375524991612,0.18042275156260665,0.0,0.18519513594330325,0.22116566339719498,0.2029492971629103,0.0,0.21186178499915817
b4c090da.qasm,16,success,0.1804214,0.1919266880845619,0.19301840405685625,0.0,0.1924717720342393,0.19963346323714268,0.18942792895554808,0.0,0.1944637588118554
b4c090da.qasm,64,success,0.16996559999999997,0.1927730814101287,0.18309834778189849,0.0,0.18787344863769329,0.3208610679141087,0.3805139686695149,0.0,0.34941682607386876
b5baa095.qasm,16,success,0.6978439,0.760173750183579,0.6779270110371903,0.0,0.7178734695828266,0.49010672107549186,0.37228975791222946,0.0066336633663366335,0.4271553728332952
b5baa095.qasm,64,success,2.8962337,3.523263013150382,3.863336172094971,0.0,3.6893833417670483,1.0339245109755506,1.2583042857392137,0.0,1.1406102065523331
b5be0645.qasm,16,timeout,14399.999999999989,862.0690658459783,1009.9838790175463,0.8182433940170559,14400.0,736.3961550175493,321.7137417039726,0.5749979598470231,14400.0
b5be0645.qasm,64,timeout,14399.999999999989,747.3231474492243,281.52013325188017,0.08328616352201257,458.6790948496782,563.1076616272404,1982.245078731438,0.33813114754098395,14400.0
b601af0f.qasm,16,success,0.1732445,0.2107622153571112,0.20144528677093312,0.0,0.20605109782063874,0.2412575262807672,0.24338726569993616,0.0,0.2423200562293728
b601af0f.qasm,64,success,0.2902428,0.26548784868479663,0.26702943174910476,0.0,0.26625752453328627,0.2968825260426608,0.29517601198470567,0.0,0.29602803932265964
b601af0f.qasm,512,success,0.1780364,0.2075870297728005,0.3832663890349481,0.0,0.2820658279755127,0.25827267023362815,0.40221616365895924,0.0,0.32230644206922915
b630efea.qasm,16,success,1.1978284,1.1925125668449577,1.195491130796798,0.0,1.1940009200276482,5.5392843844288,3.2184964089522388,0.0,4.222341400153392
b630efea.qasm,64,success,4.1749277,4.1329174389171115,4.152116510534006,0.0,4.142505852114352,6.921420687758208,2.459426036800484,0.0,4.1258601831765995
b630efea.qasm,512,success,91.48293179999997,93.21828305615189,94.68838611344313,0.0,93.9504591731895,84.47567881446533,445.81529057120713,0.03837606837606838,194.06326106935026
b680d160.qasm,16,success,2.0660882,2.058448775904492,2.058696499184459,0.0,2.0585726338181787,10.903041238655657,10.896938962141784,0.0,10.899989673359578
b680d160.qasm,64,success,12.521304800000003,12.524489921581141,12.528790168976512,0.0,12.526639860750814,14.561898301377084,6.639997417382183,0.0,9.833156518296954
b680d160.qasm,512,success,503.3593402999997,507.94220069432,515.6038463101232,0.0,511.75868569201606,260.9440207783253,907.0980093568447,0.04198005698005698,486.52009393404296
b7694c8e.qasm,16,success,4.6260506,4.495430963111495,4.814629574831081,0.0,4.652293506068591,3.189459339821208,2.8241841856719674,0.0,3.001269835980565
b7694c8e.qasm,64,success,0.33328340000000006,0.19630670535970407,0.18810854136629251,0.0,0.19216390921720053,3.8424027263107665,2.5220389706093314,0.0,3.1129872175341955
b792cc98.qasm,16,success,0.1753902,0.18482720495542834,0.18941492804505733,0.0,0.18710700608849876,0.18962582976226244,0.19163813779975225,0.0,0.19062932852626013
b792cc98.qasm,64,success,0.1814324,0.17674040913021985,0.17648809737151966,0.0,0.17661420819417803,0.2041980532391404,0.28537345639606654,0.0,0.24139739899634693
b792cc98.qasm,512,success,0.16917660000000004,0.18326002129476207,0.2086745914136382,0.0,0.19555487737752567,0.1889205181581844,0.21064512386246254,0.0,0.19948730773558343
b97c72bf.qasm,16,success,0.22274160000000004,0.4495558031564466,0.3573694160695419,0.0,0.40082102597629937,0.2942731989859077,0.2807157442676345,0.0,0.2874145439454079
b97c72bf.qasm,64,success,0.2894879,0.6489633435306293,0.414099759584646,0.0,0.5183971108477378,0.5430151483458127,0.7584878596883458,0.0,0.6417712969954055
b97c72bf.qasm,512,success,0.2054503,0.4718973234214256,0.7820234006705847,0.0,0.6074823039639673,0.41947495376908384,0.4291670876360994,0.0,0.4242933469256443
b9ba0e84.qasm,16,success,6.7821621,4.57182798683635,4.803020152367214,0.0,4.685998501272853,1.392025892460174,1.3593959866060308,0.0,1.375614194264525
b9ba0e84.qasm,64,success,28.735752399999996,7.727796637663077,6.000501908898603,0.0,6.809600463748039,3.649498354312476,3.380258735444029,0.0,3.5122996301786897
b9ba0e84.qasm,512,success,2299.937497400001,1190.1255276088216,1054.1932215587772,0.0,1120.0992206091753,77.55457609452891,164.01004663910118,0.0,112.781778857843
ba0c09b8.qasm,16,success,1.6862829,1.7013954712909098,1.7018079532301416,0.0,1.7016016997619083,9.141869624486286,9.484190678701237,0.0,9.311457172669312
ba0c09b8.qasm,64,success,10.520238199999998,10.516863413898356,10.528279442146902,0.0,10.52256987985411,12.052729773559243,5.921725276020895,0.0,8.448251567344297
ba0c09b8.qasm,512,success,404.0949175,405.6238831566927,407.62182414707377,0.0,406.6216265398957,212.3843514143965,946.0917341691951,0.04198005698005698,448.2578268586572
bb291a8b.qasm,16,success,2.2330537,2.2506178471074962,2.2590851084715995,0.0,2.254847503327211,12.73475975755027,12.912833755382078,0.0,12.823487656015288
bb291a8b.qasm,64,success,13.046995199999998,13.112051921907602,13.059826389310642,0.0,13.085913101795391,17.48804512379965,7.1888522211714205,0.0,11.212447191945799
bb291a8b.qasm,512,success,564.3548563,506.8307944715666,487.37930925465406,0.0,497.0099018314825,370.5377761011049,1163.8471451315206,0.04198005698005698,656.6957688904757
bb50273f.qasm,16,success,461.99817259999986,97.91505811334392,112.20646809180508,0.036433992993949324,104.81747394352799,20.843737674042142,20.869538953982804,0.06967189542483661,20.85663432423892
bb50273f.qasm,64,success,61.829867500000006,19.8470232007623,17.80899352285211,0.0,18.800412432451353,15.078359946206403,12.546777448632017,0.0,13.754447518363602
bb50273f.qasm,512,success,565.4078366999998,162.18850923141167,225.5861010926366,0.09812417561710948,191.27852320514506,129.52253502312243,214.36756007913422,0.10755956097252004,166.62961864017743
bc99b330.qasm,16,success,125.21808419999999,138.86595036690971,131.37359483349198,0.0,135.06783147615195,25.040416251294477,141.87206222565436,0.0,59.60315002212498
bc99b330.qasm,64,success,175.69860989999995,224.79223280232827,250.09156808245518,0.0,237.10470681597752,13.973643943754904,10.58137945738083,0.349203637500244,14400.0
bc9dd950.qasm,16,success,1.1235861,1.0690224974802747,1.094218535305242,0.0,1.081547147100494,4.173901299004351,2.346338921507393,0.0,3.1294387791398273
bc9dd950.qasm,64,success,2.5736842,2.540847514282857,2.562992411269297,0.0,2.5518959417067575,4.263686500302968,1.3583091225591697,0.0,2.4065336625723526
bc9dd950.qasm,512,success,34.4556024,34.740817843184786,34.368359488047695,0.0,34.55408682838193,46.43352089415422,352.8813991174828,0.022792022792022793,128.0059600920207
bd32080b.qasm,16,success,1675.8850690999998,246.6100795912122,156.331923312835,0.03995316159250586,196.3492501916559,21.260936142356666,28.161584656153103,0.10643015521064295,24.46919804656544
bd32080b.qasm,64,success,6223.237383199999,174.82015024620082,200.0088791441425,0.0033333333333333335,186.9908615482403,12.56485763736772,19.81036452401243,0.575332118879707,14400.0
bd32080b.qasm,512,timeout,14399.999999999989,482.8710293385432,520.0025213810598,0.38919694856398207,14400.0,42.67855327109845,21.948990189103124,0.42865899986185896,14400.0
bd462bd7.qasm,16,success,8.4452683,7.309422248081071,7.255823862338355,0.0,7.282573746110195,5.85695005909645,6.2726996222403475,0.0,6.061261289795622
bd462bd7.qasm,64,success,0.18212129999999999,0.23664712597656457,0.21796745035119858,0.0,0.2271153246305732,3.9355112274322535,1.801456823025102,0.0,2.6626403348461705
bdd2c3ff.qasm,16,success,8.5620839,6.700184729147817,6.9968190674977935,0.0,6.846895666552761,2.5399703110113796,1.7502661852780677,0.01,2.108464879236416
bdd2c3ff.qasm,64,success,71.33639449999998,8.54236302426567,7.125231509023006,0.0,7.801686624186517,6.46899934765949,4.141280362264486,0.0,5.175899918078404
bdd2c3ff.qasm,512,success,2554.6987554,1307.6899135135284,1307.461769127668,0.0,1307.5758363448008,118.07407756078992,165.5886609654875,0.0,139.8274951432168
be527b4d.qasm,16,success,327.64276280000007,372.32921883578155,514.1710276375869,0.03328649492583919,437.53959485776136,10.786630010494815,119.762846695283,0.0,35.94214123150748
be527b4d.qasm,64,success,16.115476700000002,135.00730138872046,54.017638105581206,0.01330188679245283,85.39774908056435,3.18807235038242,1.091453125368686,0.23277305671140278,1.865377047871659
bf029799.qasm,16,success,1.7939698,1.789047594536521,1.7889649995386108,0.0,1.7890062965609093,8.854186080291342,9.036819210195437,0.0,8.945036548892453
bf029799.qasm,64,success,9.9905934,9.971056464132433,10.013957751354631,0.0,9.992484083959988,11.445733178380582,5.770003859309915,0.0,8.126618276496533
bf029799.qasm,512,success,373.7508546999999,382.16198413845973,381.5701697019718,0.0,381.86596227125847,181.96414487112233,938.6714517186892,0.04198005698005698,413.28506872003766
bf0f8df9.qasm,16,success,0.54735,0.538908340348059,0.5414533906360156,0.0,0.5401793666213885,2.270423707010233,1.585459977166583,0.0,1.8972785558991891
bf0f8df9.qasm,64,success,1.3424396,1.3484055371945949,1.3364088436675978,0.0,1.3423937890042603,2.1610903742559158,0.80977316894741,0.0,1.3228730100591504
bf0f8df9.qasm,512,success,3.4726905999999995,3.574285404672295,3.4590767637936373,0.0,3.516209264316997,4.726108038687005,1.6120381320102537,0.0030626780626780625,2.760193177001139
bf9674e9.qasm,16,success,0.1775753,0.16977969337003346,0.16768027751240225,0.0,0.16872672017276272,2.095743579847839,1.3607176355265054,0.0,1.6887022380042036
bf9674e9.qasm,64,success,2.4674081,2.5010257149065693,2.489397034827019,0.0,2.4952046005717725,2.799715482019287,1.7118219453112649,0.0,2.189204056900206
bf9674e9.qasm,512,success,0.17353109999999997,0.2021816528469711,0.17883138037489182,0.0,0.19014842640711235,3.1964810480586916,3.005803903084879,0.0031546023235031278,3.0996766299715297
c05aa9cf.qasm,16,success,3.0019963,3.0304021925391424,2.9989984336772815,0.0,3.0146594216987577,20.796234712583264,21.563704080528066,0.0033333333333333335,21.17649289498502
c05aa9cf.qasm,64,success,23.5731577,24.029733326580992,23.568629711748816,0.0,23.798064771032486,29.6790524961618,8.037770136832341,0.0,15.445174063218863
c05aa9cf.qasm,512,success,448.6712298999999,1135.0783558543508,1105.5943651306998,0.0,1120.2393646959517,505.3694809201783,1528.2447291411415,0.042250712250712245,878.8220784010026
c0a1d157.qasm,16,success,0.18243549999999997,0.2892472924469444,0.2500137118593569,0.0,0.2689159519811524,7.204423723531994,9.718438440663736,0.003268115942028985,8.367541362766191
c0a1d157.qasm,64,success,4.6466562,3.778959361785244,4.689826053736598,0.0,4.209829221110075,7.964610881048568,10.535270042931153,0.0,9.160203404876688
c0a1d157.qasm,512,success,0.1828232,0.2862825133789982,0.22337784875748198,0.0,0.25288173515595325,9.13452888284391,15.890600831099016,0.01,12.047952201823236
c0ffe57a.qasm,16,success,0.3998301,0.19485393399561216,0.19144204523789998,0.0,0.19314045574858407,0.18554570243519952,0.18825933717441562,0.0,0.18689759483741894
c0ffe57a.qasm,64,success,0.1699738,0.17837142937663503,0.18026242735819087,0.0,0.17931443564527186,0.18366976357697487,0.18985980648898948,0.0,0.18673913829351063
c20bb346.qasm,16,success,0.3509667,1.8617531589338494,1.9138979411922952,0.03,1.887645501118191,10.976893250031218,14.457490370374932,0.03316996770549961,12.59755247891272
c20bb346.qasm,64,success,1.1472027,1.118726413769594,0.9499005001322652,0.0,1.0308631237710042,4.451293752511656,1.3669912159072957,0.0,2.466754843738319
c20bb346.qasm,512,success,0.3426731,6.144135428418953,1.284223144387665,0.0033333333333333335,2.8089928656776326,113.32132768210603,106.9011568006502,0.04315460232350313,110.06444030386325
c246552a.qasm,16,success,4.088997,4.840075279964703,4.882239538689132,0.0,4.86111169405472,2.4706606729472393,2.17339142097521,0.0033333333333333335,2.317264057185622
c246552a.qasm,64,success,0.4388426,4.701544395676774,4.0024326894712905,0.0,4.33792749827118,5.588084439845227,3.638593589134429,0.0,4.509187090636482
c246552a.qasm,512,success,816.6656867,908.4444083930167,912.3384774373428,0.0,910.389360872452,98.76422792016625,158.22837771319064,0.0,125.00921390003104
c39fa73b.qasm,16,success,0.17802479999999998,0.18071327179319838,0.18064424288923658,0.0,0.18067875404462796,0.20137764750347248,0.19129064107191016,0.0,0.19626935392081055
c39fa73b.qasm,64,success,0.1641723,0.1722758254611112,0.17176046324283933,0.0,0.17201795135026748,0.22825658701438448,0.23889047396216362,0.0,0.23351300661173494
c39fa73b.qasm,512,success,0.1729059,0.17704916565186216,0.1789428877383175,0.0,0.17799350823387897,0.19893621692279637,0.1900003164799946,0.0,0.19441693386807685
c3c0513f.qasm,16,success,0.1795263,0.5774758409151908,0.6101426392496058,0.0,0.5935845632080402,0.6553840644944764,0.6422196480652563,0.0,0.6487684665943775
c3c0513f.qasm,64,success,0.1589828,0.35758675779597937,0.36604023015571197,0.0,0.36178880458670243,0.5204473148481217,0.47399008581332536,0.0,0.49667581723512166
c3c0513f.qasm,512,success,0.17359959999999997,0.5803585814642541,0.6036645457840107,0.0,0.5918968655698995,0.6369751229358006,0.5858157557266108,0.0,0.610860101022883
c40ecada.qasm,16,success,1.5196586,1.4884455517771065,1.4817872466546618,0.0,1.4851126677673911,8.310386524243695,6.629312960932343,0.0,7.42240884723593
c40ecada.qasm,64,success,6.901875300000001,6.876723076286304,6.94884542886625,0.0,6.912690193711211,10.511238173202587,5.30221000654515,0.0,7.465439854632421
c40ecada.qasm,512,success,208.56807320000001,213.86188578958678,212.20549389046008,0.0,213.03207997464696,128.47039137067472,673.7576442344907,0.04170940170940171,294.20725389389867
c4c36286.qasm,16,success,1.7383957,1.7344587690679556,1.7377306393535021,0.0,1.7360939334335417,9.758072083132463,8.55484512010751,0.0,9.136673100316278
c4c36286.qasm,64,success,10.072573800000002,10.108172605293435,10.096393746697371,0.0,10.10228145928544,12.706358040383936,5.913600934028692,0.0,8.668352252632413
c4c36286.qasm,512,success,401.72131759999985,407.20699660491476,407.84228129709317,0.0,407.524515158887,207.70010154320155,909.7357625551824,0.04198005698005698,434.68633548823834
c4ff2c11.qasm,16,success,1.1621505,1.000877151737384,1.0145337127637963,0.0,1.0076822975385553,0.5222737487973544,0.39613146904910357,0.0066336633663366335,0.45485059894088137
c4ff2c11.qasm,64,success,5.589186999999999,4.212821073330503,5.308380054270558,0.0,4.728980371906646,1.367233243971956,2.0200346429454843,0.0,1.661884026582507
c4ff2c11.qasm,512,success,1.1551765,3.446687942505967,3.455820668712443,0.006666666666666667,3.4512512847247274,2.109391679811853,2.7941507306223468,0.0031574318381706245,2.4277475781709654
c6678d16.qasm,16,success,516.0462371999998,679.8549238376495,753.341876754722,0.0,715.6557721731821,31.40036322928787,185.44531106025914,0.0,76.3089124969057
c6678d16.qasm,64,success,821.4442047999996,536.3038618387101,669.8525201266643,0.0,599.3700805064617,17.24348622666056,14.672156439966356,0.3757966229723832,14400.0
c6678d16.qasm,512,timeout,14399.999999999989,14231.876427239997,14134.082830710151,0.9919052612351121,14400.0,1705.090476785377,1904.0549516693063,0.9672030436984862,14400.0
c676cfb4.qasm,16,success,0.23532530000000002,0.1815698897902153,0.17951754579981255,0.0,0.180540801500054,0.29840294068126716,0.2941865790615423,0.0,0.29628725976816195
c676cfb4.qasm,64,success,0.2578355,0.175391419208946,0.17495499084990415,0.0,0.17517306911409886,0.3025550772628048,0.3524573925285604,0.0,0.32655439612463544
c676cfb4.qasm,512,success,0.24538750000000004,0.17526542715629295,0.17698961362836624,0.0,0.1761254105312543,0.2705275844388118,0.503756923037463,0.0,0.3691614058019247
c7670b0a.qasm,16,success,0.5437697,0.780673011080965,0.8227606462478279,0.0,0.8014405973652773,1.1084028572164957,1.3470274408571663,0.0,1.2219038686390624
c7670b0a.qasm,64,success,0.550425,0.7769356062910354,0.7549109770115423,0.0,0.7658441209673288,1.0966478178460155,1.062243991596416,0.0,1.0793088322645428
c7670b0a.qasm,512,success,0.5097197,0.777950523224545,0.7859587954431023,0.0,0.7819444073256708,1.1108042376157066,1.2365986774782944,0.0,1.1720149534766473
c7a93f95.qasm,16,success,1.3009129,1.3063814119602337,1.3051972554833586,0.0,1.3057891994900908,8.646865298041389,5.673300709354475,0.0,7.004017920384757
c7a93f95.qasm,64,success,6.5205913,6.500950670026053,6.48184153082772,0.0,6.491389068823187,10.212768297572616,3.496711374234168,0.0,5.975876761492015
c7a93f95.qasm,512,success,209.0101838,206.71354862874168,205.99526798735553,0.0,206.3540957829402,128.33403211026442,579.4464035174876,0.04170940170940171,272.69523896685575
c7bddf55.qasm,16,success,0.5527257,0.5778490248623686,0.5656838478733115,0.0,0.5717340814347046,2.0438438454472774,1.4062046778886637,0.0,1.6953061010749406
c7bddf55.qasm,64,success,1.1093257,1.096813521424107,1.121906411441054,0.0,1.109289016370822,1.3894006603987987,0.7191191591797985,0.0,0.9995722258395543
c7bddf55.qasm,512,success,2.7514677,2.665621493298612,2.762110750652277,0.0,2.713437263658379,3.6428899425267565,1.5445278772764928,0.0,2.372033952135326
c82bb473.qasm,16,success,1.3014825,1.295025739690449,1.302392547960999,0.0,1.2987039203723538,8.646865298041389,5.671097554806564,0.0,7.002657827458389
c82bb473.qasm,64,success,6.4765742,6.551892868371019,6.511562045303664,0.0,6.5316963284112095,10.212768297572616,3.4957016700007917,0.0,5.9750139073608635
c82bb473.qasm,512,success,210.21006139999997,210.25674309395848,207.1646762729765,0.0,208.7049834509716,128.33403211026442,579.1243182211891,0.04170940170940171,272.61943960479596
c84ad65b.qasm,16,success,1.132833,1.0851740866895583,1.071692017958047,0.0,1.0784119837984523,5.99577280104755,3.5860095896476847,0.0,4.636906162723727
c84ad65b.qasm,64,success,4.321362399999999,4.268880013486185,4.320474754317471,0.0,4.294599903073333,7.5426368071570415,2.8555113066955777,0.0,4.640914207905072
c84ad65b.qasm,512,success,96.38189569999999,94.45834089887873,96.66764122257837,0.0,95.55660630481187,86.36320961429348,384.96999060086983,0.04170940170940171,182.3382680445208
c8afe1ad.qasm,16,success,0.172325,0.19207311499573718,0.17124155721881593,0.0,0.18135848287780404,0.20434335293654138,0.18540806739653304,0.0,0.19464559114783928
c8afe1ad.qasm,64,success,0.7844303,0.7647075327442554,0.8515029705678835,0.0,0.8069391152666789,0.4084542944112454,0.3373965365557005,0.0,0.3712291263837694
c945995d.qasm,16,success,1.6418214,1.6503221217899708,1.6390720333294366,0.0,1.644687458397746,9.519225018094575,7.913775329637364,0.0,8.67945897538917
c945995d.qasm,64,success,8.8522282,8.931427532268398,8.904021890468169,0.0,8.917714183603772,13.117927662201478,5.72978684949393,0.0,8.669655668565776
c945995d.qasm,512,success,341.62067240000016,335.89534981595955,337.74508555257273,0.0,336.8189478938241,213.74954577911745,764.0975906089585,0.04170940170940171,404.13551306904856
c95f41f8.qasm,16,success,0.1763965,0.19003050812233993,0.17974385891159594,0.0,0.18481562931971082,0.20100796874176688,0.20223078626066057,0.0,0.2016184504535877
c95f41f8.qasm,64,success,0.4365802,0.254264681625431,0.283750246763633,0.0,0.2686031759947983,0.2399676392373148,0.2469913776565824,0.0,0.243454180100121
c95f41f8.qasm,512,success,0.17736770000000002,0.1939191327877086,0.18219954708819824,0.0,0.18796802431705423,0.20637723684937728,0.2319180721551524,0.0,0.2187752520437695
c96fe790.qasm,16,success,291.6478196,95.21493267349354,113.83942408719487,0.0,104.11154162748501,15.196511957398675,19.86328469615889,0.019869281045751634,17.37390696989001
c96fe790.qasm,64,success,29.96827800000001,17.40276332537452,18.87186492655319,0.0,18.122433578999306,13.353103242036541,12.409149394876136,0.0,12.872476568851708
c96fe790.qasm,512,success,292.8521848999999,105.34737819604213,193.30151269266045,0.0,142.70181345554357,93.96097868857301,228.597554132362,0.05668557778441326,146.55800869311375
c999af32.qasm,16,success,1.1311006,1.1289034854729452,1.1503359659094847,0.0,1.139569340312429,6.86360543709596,4.121590261473409,0.0,5.318737569022431
c999af32.qasm,64,success,5.0753012,5.064839034732531,5.0425054023329325,0.0,5.053659881173791,8.402268703683728,3.221448295364294,0.0,5.202641078594092
c999af32.qasm,512,success,144.16692230000007,146.5123337239644,144.7487758250089,0.0,145.62788520681397,110.58526286420847,487.12220828146235,0.04170940170940171,232.09596603517093
ca0a2ce5.qasm,16,success,3.3426185000000004,3.2000974113606437,3.350504209988816,0.0,3.2744373332128602,3.1742106710859104,2.4978060418077765,0.0,2.8157703372628076
ca0a2ce5.qasm,64,success,0.1686469,0.17594461635886544,0.16463338593465032,0.0,0.17019505847154637,3.4009620790168906,1.4534276104005424,0.0,2.2232975931189194
ca634f4d.qasm,16,success,1.1346432,1.0813965983700593,1.0868402334678757,0.0,1.0841149991785382,3.700621136469548,2.134297706971782,0.0,2.8103784809057775
ca634f4d.qasm,64,success,2.3053915,2.2513791380439576,2.2952646593729984,0.0,2.273215997304686,3.7995141234015404,1.258172378801698,0.0,2.186422585624921
ca634f4d.qasm,512,success,24.02852620000001,22.660201190954115,24.118551886678606,0.0,23.378007575210574,28.950397717463773,183.92771522591875,0.01972934472934473,72.97109364025431
ca8c6d9a.qasm,16,success,2.1916357,2.23192154317826,2.2449679162331826,0.0,2.2384352248802837,12.529361496982748,12.584023383176051,0.0,12.556662695728372
ca8c6d9a.qasm,64,success,12.676150400000001,12.713825675698159,12.652350452923306,0.0,12.68305081777675,16.68220554960119,7.043628220567044,0.0,10.83989177946307
ca8c6d9a.qasm,512,success,522.5552257,519.1561917488206,521.189713241596,0.0,520.1719587839839,359.4888325987957,1122.5156987228424,0.04198005698005698,635.2415746058314
ca980007.qasm,16,success,1.3004284,1.2967423846978823,1.3019182065017867,0.0,1.2993277183915983,8.646865298041389,5.671097554806564,0.0,7.002657827458389
ca980007.qasm,64,success,6.5013756,6.5283565481356955,6.483859907213777,0.0,6.506070187329181,10.212768297572616,3.4957016700007917,0.0,5.9750139073608635
ca980007.qasm,512,success,203.21602669999987,211.74647418880423,208.65445370263475,0.0,210.19477846826737,128.33403211026442,578.1619372040986,0.04170940170940171,272.3928277581542
cab2b6e9.qasm,16,success,1.5307986,1.528263138738426,1.5517353541519097,0.0,1.5399545262206868,8.310386524243695,6.63680565004911,0.0,7.426602200077271
cab2b6e9.qasm,64,success,6.8686035,6.9440550372773435,6.91242041816512,0.0,6.928219672075811,10.478740088870062,5.319908692975384,0.0,7.466320411702774
cab2b6e9.qasm,512,success,204.01155880000002,200.2000463215513,204.1319241745596,0.0,202.15642625317204,128.47039137067472,675.8885347912724,0.04170940170940171,294.6721306598007
cb2b300f.qasm,16,success,1.648719,1.637122984984788,1.645618085823899,0.0,1.6413650394744534,9.606896535302427,7.894671753001821,0.0,8.708805584651843
cb2b300f.qasm,64,success,8.9312101,8.914711018540727,8.913668052134762,0.0,8.91418952008427,13.296168755818046,5.722003332737704,0.0,8.72242637879127
cb2b300f.qasm,512,success,336.9242883,343.06486430378527,343.3179812760392,0.0,343.19139945446443,213.74954577911745,766.9405028417111,0.04170940170940171,404.88663119696054
cc5bc6eb.qasm,16,success,0.23998150000000001,0.2192673246736754,0.20397238030053302,0.0,0.21148162600050946,0.19941687367559582,0.18626314947382477,0.0,0.19272782608912584
cc5bc6eb.qasm,64,success,1.4279914,1.6522617810654237,1.68334978970268,0.0,1.6677333484973718,1.5844143983357226,1.3387312657447654,0.0,1.4564014188911698
cc5bc6eb.qasm,512,success,0.2081356,0.2274362770935496,0.21425847529825007,0.0,0.22074906558709206,0.21754850509145748,0.1809322288250115,0.0,0.19839741909547803
ccfd978a.qasm,16,success,42.34227140000001,61.2887077489189,63.79318586083312,0.0,62.52840894023343,11.469126983034238,73.984211811565,0.0,29.129612424585066
ccfd978a.qasm,64,success,2.7107435,3.1772685067384545,3.2814863237474916,0.0,3.228956975826072,6.191975571262066,5.4660489621170365,0.22612848137946295,5.817700718045837
cd51d9b8.qasm,16,success,1.7485021,1.758288262053183,1.755750922092569,0.0,1.757019134046188,12.828442431723673,11.821857937420052,0.0,12.314870035295078
cd51d9b8.qasm,64,success,13.210056200000002,13.014800668655754,13.179967612469285,0.0,13.097123779503134,19.619843659235844,6.243210271336607,0.0,11.067556616315976
cd51d9b8.qasm,512,success,574.3465174000002,578.744825872578,569.1920226070124,0.0,573.9485499692078,414.64148283803763,1040.380127527431,0.04198005698005698,656.7988724055487
cd592018.qasm,16,success,2.3526015,2.331500371858944,2.3338013804844713,0.0,2.3326505924472403,14.359984748331554,13.889457440140372,0.0,14.122761663464264
cd592018.qasm,64,success,16.3234668,16.06996592716393,16.048216346242587,0.0,16.059087454643045,20.66717150441069,7.138052998907746,0.0,12.145919707292627
cd592018.qasm,512,success,666.1303829000001,569.9153841030354,483.7584880695245,0.0,525.0727611876724,329.0132557492948,965.901028634393,0.045313390313390316,563.7324207126945
cd5b55b6.qasm,16,success,0.256669,0.18336712782570877,0.18078840468993165,0.0,0.1820732009719845,0.20095505086375207,0.18776348561884876,0.0,0.1942473186504543
cd5b55b6.qasm,64,success,0.16258850000000002,0.1889856706193712,0.18610110601343025,0.0,0.18753784237575843,0.39007838872177675,0.42912745899818333,0.0,0.4091373213998959
cd5b55b6.qasm,512,success,0.2338264,0.1865574917967476,0.18406750375837475,0.0,0.18530831557825678,0.2217972436849353,0.18503283436894036,0.0,0.2025827550761469
ce4f4dde.qasm,16,success,0.1818813,0.1916029294049012,0.20567167609669226,0.0,0.19851270900308177,2.2897543178211017,1.7119858206880079,0.0,1.9799057868921108
ce4f4dde.qasm,64,success,4.050673899999999,4.505257063858876,4.993524082187767,0.0,4.743111810280867,3.0275403816398265,4.9927708571785665,0.0,3.8879062985600097
ce4f4dde.qasm,512,success,0.1800354,0.18886262939119747,0.19129074557634618,0.0,0.19007281022742656,4.629291467206737,10.695384050948478,0.0033333333333333335,7.03647995275726
ce7207a3.qasm,16,success,3.4724855,3.272751021703853,3.3684881394994886,0.0,3.3202745368635194,3.411893832943778,2.4801125549594096,0.0,2.9089312008489383
ce7207a3.qasm,64,success,0.1853343,0.23644464903968984,0.24173235535235102,0.0,0.23907388381591207,3.9185157718768946,1.6934242755755036,0.0,2.575987137452712
cee426fe.qasm,16,success,60.8826121,92.43399248513387,57.22150139018851,0.0032864949258391883,72.72696769073193,48.881820421039976,44.914811622328756,0.009804347826086956,46.85635235448353
cee426fe.qasm,64,success,142.56026650000004,73.26638272182589,111.69548679091679,0.0,90.46283371376313,61.322710081586784,133.00290736670627,0.0,90.31112184253207
cee426fe.qasm,512,success,11992.309916099994,4533.750662737108,3375.9806517715897,0.3988512097484589,14400.0,5078.367849409802,4858.4206263587575,0.5923565574459818,14400.0
cf2c4cc9.qasm,16,success,0.1780009,0.19868679065996248,0.17629673990382702,0.0,0.18715724259377603,0.21537111732700095,0.19506667002217834,0.0,0.20496762348218303
cf2c4cc9.qasm,64,success,0.3343455,0.2698888327713381,0.2987653121733139,0.0,0.2839602461173397,0.27945142120713595,0.31054806526988465,0.0,0.2945897116207484
cf2c4cc9.qasm,512,success,0.1702461,0.19327317216544654,0.18076097290642262,0.0,0.1869124036476355,0.2164028683180627,0.19306369460653847,0.0,0.20440043366132427
cf5bfeb1.qasm,16,success,2.2799182,2.2320907034785415,2.225938945250694,0.0,2.2290127021183403,12.73475975755027,12.911635992081793,0.0,12.822892904337182
cf5bfeb1.qasm,64,success,13.079453599999999,13.077436459685433,13.062926592045358,0.0,13.070179512348266,17.48804512379965,7.181803105158093,0.0,11.206948593316966
cf5bfeb1.qasm,512,success,361.00468059999986,563.9740047446955,564.7536948102337,0.0,564.3637151310235,370.5377761011049,1163.8471451315206,0.04198005698005698,656.6957688904757
d168a391.qasm,16,success,0.17140080000000002,0.22335482496062722,0.19926245656939612,0.0,0.21096499972337127,3.410807170951547,3.882393452062866,0.0,3.6389690060168625
d168a391.qasm,64,success,2.6421047,1.9643213175454985,2.2226158476213453,0.0,2.0894812012069086,4.347436645209797,4.814700937056802,0.0,4.57510735278274
d168a391.qasm,512,success,0.16305370000000002,0.21813559787818523,0.20582610233950577,0.0,0.2118914814067914,6.583706783275018,8.000262042222438,0.0,7.2575050448041365
d20d9d2e.qasm,16,success,7.260154599999998,8.022483733889683,8.294390639041465,0.0,8.157304333187342,5.817004434499276,6.091959045157474,0.0,5.9528944875975265
d20d9d2e.qasm,64,success,0.21048460000000002,0.22501908002661503,0.20207315010559496,0.0,0.21323769445114776,3.9086702176058474,1.7924422913750095,0.0,2.6468973914896443
d21812d8.qasm,16,success,5.7262911999999995,6.595476527431011,6.862425772284353,0.0,6.727627226767182,4.9643673236281245,6.884788011834926,0.0,5.8462480819804385
d21812d8.qasm,64,success,0.17260249999999996,0.20001351434315645,0.19827556941028487,0.0,0.19914264597554573,3.7404422491535643,1.8361548963877004,0.0,2.6206929141810456
d2ffaf7e.qasm,16,success,0.2321556,0.17835888677119544,0.17658617203208796,0.0,0.17747031600476182,1.9111880861671933,1.2206465623741758,0.0,1.52737852788052
d2ffaf7e.qasm,64,success,2.5454339,2.594105754348663,2.4887313815318644,0.0,2.540872369455008,2.694293686327481,2.5043572663326645,0.0,2.597590031353764
d2ffaf7e.qasm,512,success,0.2593566,0.17319607573483406,0.17626354771083064,0.0,0.17472308021156097,3.6392055905022076,4.0706140217754125,0.0,3.8488701335355238
d3f98c63.qasm,16,success,2.2281586,2.2445623370791785,2.231829133755307,0.0,2.238186680423063,12.73475975755027,12.939666919688959,0.0,12.836804491966037
d3f98c63.qasm,64,success,13.029918900000004,13.077441073753237,13.11173436685843,0.0,13.094576494003016,17.48804512379965,7.191871326684901,0.0,11.21480139305313
d3f98c63.qasm,512,success,562.6930221000001,563.6810006354197,557.2091841032992,0.0,560.4357505179285,370.5377761011049,1165.0467792886238,0.04198005698005698,657.0341259412344
d3f998bc.qasm,16,success,1.6935747,1.762421314661355,1.7525295107815204,0.0,1.757468453308448,10.468133111365196,10.496736473429909,0.0,10.482425036163455
d3f998bc.qasm,64,success,12.235003299999997,12.180758080335657,12.239282525511046,0.0,12.209985238325622,16.527072955867286,6.050915576808734,0.0,10.000196157461701
d3f998bc.qasm,512,success,467.8785964000001,478.04798169735125,485.4557485659058,0.0,481.73762652019235,303.3413772699851,861.2850966798966,0.04198005698005698,511.1393229335737
d49ba491.qasm,16,success,1.0047482,1.1165762719662697,1.0907782745151215,0.0,1.1036018934832863,5.967101375177715,3.5864611684232304,0.0,4.62609742332776
d49ba491.qasm,64,success,4.3270887,4.288637251540042,4.329786264446613,0.0,4.3091626408053045,7.506568370400778,2.8522895908521844,0.0,4.627192110331533
d49ba491.qasm,512,success,96.86097500000001,94.43296986760495,94.97984923426768,0.0,94.70601480776845,86.57872057923063,385.6824935368394,0.04170940170940171,182.7344982214003
d4a7f2c7.qasm,16,success,0.560587,0.5713424207240055,0.5612575539329203,0.0,0.5662775375323206,2.034070306781165,1.4044789919515,0.0,1.6902097544466157
d4a7f2c7.qasm,64,success,1.1167891,1.090962242292389,1.125554393747886,0.0,1.108123343868021,1.3894006603987987,0.7135142132283971,0.0,0.9956691815374543
d4a7f2c7.qasm,512,success,2.7529107,2.6336520448882053,2.763274087481716,0.0,2.697684646337079,3.673975925414244,1.5450235328270554,0.0,2.3825153228898794
d706049b.qasm,16,success,0.2326287,0.2847369294189997,0.2485443166178476,0.0,0.26602583622330667,0.3807981860058411,0.3247294433783123,0.0033003300330033004,0.3516480953754019
d706049b.qasm,64,success,1.7873514,1.6244164062035584,1.8053347287363484,0.0,1.7124880589505946,0.6171381115296459,0.6701283821272886,0.0,0.6430876800471704
d70a0bd6.qasm,16,success,580.3384011999997,352.63641805538015,476.9794026499228,0.0066040688575899845,410.12230863080794,10.86570981416025,79.23870290625192,0.0,29.342541672966743
d70a0bd6.qasm,64,success,50.607107000000006,87.05993176872958,65.44224349951043,0.0,75.48110527714846,5.109531924805756,2.176597802491057,0.27601786191043637,3.3348757037242196
d70a0bd6.qasm,512,timeout,14399.999999999989,9044.693853309147,11165.20617760006,0.111106360846726,10049.172686617962,321.84154072365385,343.6334477095332,0.8242992586453038,14400.0
d7fe8918.qasm,16,success,178.36455989999996,6.186992439168967,12.517216294302315,0.0033333333333333335,8.800222870603394,2.034438075639821,1.6555301627908507,0.013267973856209151,1.8352312111970792
d7fe8918.qasm,64,success,70.26249630000001,8.03243277827502,14.823941910273986,0.0,10.912026251037412,3.5116620765350324,6.630863453908604,0.0,4.825489791282637
d7fe8918.qasm,512,success,177.67851409999994,23.834567919013487,86.40826391791963,0.0,45.381754429679084,85.65251652761168,166.9268195621302,0.0,119.57299934118485
d87e1b4b.qasm,16,success,0.17300720000000003,0.2164119084399511,0.2602391563718766,0.0,0.2373159338966532,14.120033362230709,8.157125038080657,0.0,10.73214226879174
d87e1b4b.qasm,64,success,10.563292899999999,8.668058092532021,9.23990886705156,0.0,8.949417122321691,14.55973501021577,10.674644597516002,0.0,12.466755659274964
d87e1b4b.qasm,512,success,0.1801242,0.2217181977120279,0.2162499093986224,0.0,0.21896698419453986,17.074594208145683,26.736011588421814,0.006666666666666667,21.366013868210956
d9b603b5.qasm,16,success,1.2477177,1.1929413388192178,1.215210280964613,0.0,1.2040243267977617,5.103338236985543,2.9591333740553885,0.0,3.886059507541914
d9b603b5.qasm,64,success,3.4265954,3.3929627737714947,3.410188964752548,0.0,3.401564964679015,6.338404792888252,2.354351074312047,0.0,3.8630079126971877
d9b603b5.qasm,512,success,71.4677438,71.2839939273156,72.12339629555781,0.0,71.70246678845797,70.34842322993104,403.73864529156623,0.035313390313390314,168.5300480426268
d9c77e07.qasm,16,success,0.1766356,0.20482820548249786,0.2047017300185892,0.0,0.20476495798566313,0.21223128431279706,0.1915108206610913,0.0,0.20160502828228555
d9c77e07.qasm,64,success,0.176099,0.18972528112962408,0.17487851947484204,0.0,0.18215069659734176,0.2352604820203579,0.3153115218443933,0.0,0.27236068111180184
d9c77e07.qasm,512,success,0.1867367,0.18892534194434835,0.20378011647088948,0.0,0.19621220192873312,0.20381006263384494,0.19267973614847697,0.0,0.1981667709094888
da0e58a0.qasm,16,success,5.163906500000001,5.877211536677163,7.0161351770238705,0.0,6.421472619679318,9.962477694163297,10.994551760166718,0.0,10.465800335759551
da0e58a0.qasm,64,success,0.3444672,0.6969534782805592,0.39851063062445363,0.0,0.5270136337377735,5.281341628914804,3.6188055186608525,0.0,4.37174430092271
da213329.qasm,16,success,2.1257089,2.1245915100954176,2.1255252627857724,0.0,2.125058335154116,12.416123678825135,11.603280175437748,0.0,12.00282307368958
da213329.qasm,64,success,12.139482200000002,12.154910993648146,12.170049775333325,0.0,12.162478029063164,16.171889890891844,6.732525115508655,0.0,10.43444559407302
da213329.qasm,512,success,495.7341519999999,488.1195918227517,495.0254535418402,0.0,491.5603953988923,354.50213200103695,1081.1701567276216,0.04198005698005698,619.0937938760468
da3a2f77.qasm,16,success,2.3491533,2.387398433101309,2.3871045741065107,0.0,2.387251499082334,17.48280367373738,16.99340724699302,0.0,17.236368603828506
da3a2f77.qasm,64,success,18.0994781,18.08496303339289,18.14152871028774,0.0,18.113223790777543,26.17054695558646,7.551507065950722,0.0,14.057989552382884
da3a2f77.qasm,512,success,815.0945250000003,897.2890281759951,839.6778687600505,0.0,868.0056099130907,475.86179948474734,1285.1109475960639,0.042250712250712245,782.0071662463279
da4d0871.qasm,16,success,56.542467900000005,61.34320185913362,64.15786172715518,0.0,62.73474844756502,11.444231438451341,74.35068598443388,0.0,29.1699581421277
da4d0871.qasm,64,success,3.6433298,3.1772685067384545,3.2733480917163007,0.0,3.224950511775742,6.373647506422347,5.674764802586748,0.22612848137946295,6.014062731094541
da505823.qasm,16,success,1.3033438,1.3037462832070992,1.3032175872710647,0.0,1.303481908434012,8.6245712312926,5.664542456177134,0.0,6.989581525812603
da505823.qasm,64,success,6.5001772,6.58464274692577,6.508408363707141,0.0,6.546414585566304,10.087178060031944,3.496711374234168,0.0,5.939019300898006
da505823.qasm,512,success,202.88012400000008,211.96449395230263,203.89997148284564,0.0,207.89313185444647,128.33403211026442,579.5585027506472,0.04170940170940171,272.7216153915532
da601912.qasm,16,success,136.53217920000003,173.3546713804008,144.3789402586328,0.006666666666666667,158.2048158014977,10.007832045593796,75.39965879465484,0.0,27.469749207300467
da601912.qasm,64,success,15.833468599999998,46.26041566967754,23.783106044439304,0.0,33.16950966673734,5.1319461649551315,2.067582843273727,0.27269924528056144,3.2574106040328457
da601912.qasm,512,success,6845.365393099999,7015.701783943296,8824.761165024243,0.6493974084537604,14400.0,316.013576589129,338.31459505121416,0.8242992586453038,14400.0
dae23358.qasm,16,success,1.3884339,1.3857161449824247,1.3810752653649805,0.0,1.3833937590766194,7.549187233442804,5.219663236652306,0.0,6.277277679775393
dae23358.qasm,64,success,5.7483908,5.731445959528984,5.7311041028938865,0.0,5.73127502866257,9.176189328840326,3.2545434974571514,0.0,5.464824545364013
dae23358.qasm,512,success,133.9679896,132.59773510997184,134.08735744574358,0.0,133.34046611657993,104.30233163305468,500.7635263755697,0.04170940170940171,228.5405946385951
db12c1f0.qasm,16,success,4.704939,0.22386226588257055,0.179878823081298,0.0,0.20066908311762774,1.2046457397375285,1.5518665882678324,0.0033333333333333335,1.36727812613157
db12c1f0.qasm,64,success,0.5786665,0.3011699791342083,0.2930971764790722,0.0,0.29710616036106946,1.2563025726080723,1.2700712192344465,0.0,1.2631681361242872
db12c1f0.qasm,512,success,4.6964082,0.2606730215186105,0.19342237973721366,0.0,0.2245439737677668,6.05972280265963,20.771959842219108,0.0,11.219283342166971
db6ca211.qasm,16,success,0.2941825,0.2775824132742526,0.2719264344465758,0.0,0.2747398695252354,15.856226635279368,9.755927255662186,0.0,12.437531652344797
db6ca211.qasm,64,success,9.5803355,8.2873519055152,9.865786966577135,0.0,9.0421926774909,14.815328181927356,14.962170785287933,0.0,14.888568450260303
db6ca211.qasm,512,success,0.2892399,0.3161571312058847,0.2830758485992664,0.009568965517241379,0.2991595698065088,17.453336042554177,30.674069048722874,0.013333333333333334,23.13795226245984
dbcc99b4.qasm,16,success,0.16612960000000002,0.18435674711565017,0.17866149582503993,0.0,0.18148678245293973,4.031286030041725,4.070121685753979,0.00993478260869565,4.050657316084624
dbcc99b4.qasm,64,success,1.0593415,1.071890697260117,1.0793264994082439,0.0,1.0756021727488392,3.2694730926851623,5.542239338901289,0.0,4.256783103678054
dbcc99b4.qasm,512,success,0.1705503,0.1788286316293172,0.17379428894403293,0.0,0.17629349073874387,9.495232575144174,10.449667091097508,0.03333333333333333,9.96102501566988
dc86453a.qasm,16,success,81.20216329999998,80.47733146656087,88.21179648864262,0.20643247462919592,84.2558602429368,12.54709621804257,50.65733323709397,0.17330376940133035,25.211156940435398
dc86453a.qasm,64,success,13.8824137,53.0607435273095,35.576343307521704,0.0,43.44775285190159,4.474865683277257,6.524477527400959,0.37248534841469827,14400.0
dc86453a.qasm,512,success,232.4684939,936.1175465329611,646.884900801114,0.07352415479557704,778.1775544354622,7.9370422176465825,4.516978710364248,0.3954395634756178,14400.0
de690b52.qasm,16,success,1.2104143,1.2065655645085536,1.2066253416985102,0.0,1.2065954527333465,5.5909240389579375,3.215206409591614,0.0,4.239808345385129
de690b52.qasm,64,success,4.174748,4.159705106519133,4.156542012573678,0.0,4.158123258774809,6.951723146612992,2.441843278026325,0.0,4.120075052260207
de690b52.qasm,512,success,92.09334020000001,93.1664789783077,91.86318257740444,0.0,92.51253573693782,83.84425512610292,443.5959968694487,0.03837606837606838,192.8548053185089
deb00fe1.qasm,16,success,0.16799240000000001,0.23203395833215154,0.1819072052469375,0.0,0.20544743581409336,0.23104490763634614,0.19842732387621753,0.0,0.21411590953852078
deb00fe1.qasm,64,success,0.5832587,0.3644441629023029,0.437027094280907,0.0,0.39908892936390883,0.4936795801976604,0.5832029979860033,0.0,0.5365774978656365
deb00fe1.qasm,512,success,0.19616600000000003,0.21275755979198227,0.17531588869992,0.0,0.19313151134022055,0.2045330498060822,0.17761918847848718,0.0,0.1906016640105388
df1a7a89.qasm,16,timeout,14399.999999999989,5861.471610078858,8859.506735954124,0.8895710591320164,14400.0,15.000874992808177,73.13784252406586,0.17330376940133035,33.12297741669976
df1a7a89.qasm,512,timeout,14399.999999999989,7667.371356810197,10369.519880286622,0.8607818144982287,14400.0,11.502690929092598,4.020207394372315,0.3156500897914076,14400.0
df43c2c2.qasm,16,success,1.8799253999999999,1.8703601079644423,1.8744512356118428,0.0,1.8724045544200774,11.266219953634236,10.815243080488523,0.0,11.038428665204322
df43c2c2.qasm,64,success,11.393904200000001,11.071917682517796,11.322284725298035,0.0,11.196401406547036,14.860267668362129,6.428022278852847,0.0,9.773542430559576
df43c2c2.qasm,512,success,464.5924747999998,465.93719758210403,466.3806054245011,0.0,466.15884878240496,315.4153703165132,972.3768046377376,0.04198005698005698,553.8073581327711
df458745.qasm,16,success,1.3833654,23.498019963462646,16.696887483248467,0.049381823121858445,19.807670115615867,8.584951024310076,8.176578105088561,0.04268552114691591,8.37827682633078
df458745.qasm,64,success,2.1396599,10.007086291516437,9.081537770517123,0.0,9.53308618073028,5.325851592459064,5.861354851561836,0.0,5.5871912505442545
df458745.qasm,512,success,1.372099,5.2245977368958325,4.364369106128027,0.19090736394357977,4.775151615902324,4.621812340375697,3.8724513885852576,0.10681430100654164,4.230572492614723
df75e229.qasm,16,success,2.3211752,2.3152282692711714,2.2779496506088437,0.0,2.2965133195925476,14.359984748331554,13.89946348470914,0.0,14.127847806740226
df75e229.qasm,64,success,16.271500999999997,16.115400445799917,16.28751861038203,0.0,16.201230961711676,20.66717150441069,7.119261339855017,0.0,12.129921479362686
df75e229.qasm,512,success,651.6184142999999,550.1033626067378,547.0613653398532,0.0,548.5802554099868,330.9077195778376,963.0789036218442,0.045313390313390316,564.5265660454152
e10d312f.qasm,16,success,7.8625378,43.46099033747181,80.6703973446136,0.08234640826168052,59.21161507267189,4.832088169749298,5.115598943807146,0.09645232815964518,4.971823120099156
e10d312f.qasm,64,success,7.698335700000001,26.75644355396607,32.0956293090335,0.0,29.304690647337907,3.513892648410385,9.642316618129508,0.5753247768075169,14400.0
e10d312f.qasm,512,success,7.852639099999999,28.59367309648838,22.51934937769753,0.20728148329723145,25.375399788998248,3.836889420764385,1.9520155142816753,0.30900096698439006,14400.0
e260fc6a.qasm,16,success,0.1742876,1.6038017096804509,1.1640110387407478,0.013210445468509985,1.3663245932132413,2.284911425964289,3.364697255366551,0.02993348115299335,2.772730640307081
e260fc6a.qasm,64,success,0.369846,1.8229104619480454,1.3641919176045565,0.0,1.57695900983707,2.0401959396424103,1.8446724006135236,0.019933725995819416,1.9399724590060883
e260fc6a.qasm,512,success,0.1705179,3.1232013298892003,3.164159679439639,0.0,3.1436137992456494,2.223305843119132,1.0193459229531177,0.0,1.505429422676909
e3863462.qasm,16,success,9.1420229,6.274046415743343,6.3633757528911845,0.0,6.318553223203477,1.49450388032595,1.4667667093022148,0.0,1.4805703423292946
e3863462.qasm,64,success,36.23688700000001,18.638590450677246,18.164965084320883,0.0,18.400253931875746,4.039924177483,3.6615033348840926,0.0,3.8460623822986646
e3863462.qasm,512,success,3105.451481000002,1728.0457986074334,1882.190781163335,0.0,1803.47217099875,98.21675562835719,186.16887639248048,0.0,135.22168109532618
e3b97044.qasm,16,success,2.6052131000000003,2.60006330606538,2.5656050840357945,0.0,2.582776729966463,15.815410578565174,15.50123294760332,0.0,15.657533763026944
e3b97044.qasm,64,success,18.3742898,18.424277524868973,18.413586817379212,0.0,18.41893139548718,20.840832471417908,6.898906204440261,0.0,11.990785981025812
e3b97044.qasm,512,success,703.2050625,708.3429708437125,705.3160961584202,0.0,706.827913241084,347.66715422233284,1045.057550271485,0.042250712250712245,602.7704243751929
e4a4359e.qasm,16,success,137.77012070000004,198.30203572572142,195.88907045169339,0.0,197.0918604280502,17.52368457595591,66.14127050735243,0.0,34.04465834494186
e4a4359e.qasm,64,success,6.0091114,8.452661828233564,7.2485104783455725,0.0,7.827464968421299,8.866781127579968,6.765378006161027,0.22612848137946295,7.745135636383212
e4b50619.qasm,16,success,0.17564290000000002,0.1878022479810044,0.17948278749725385,0.0,0.1835954001762604,0.1922051415648294,0.1832775169830012,0.0,0.187688255086375
e4b50619.qasm,64,success,0.28540150000000003,0.21412711582507654,0.20541207385705137,0.0,0.20972433080274216,0.40305356190927283,0.5059901527359535,0.0,0.45159842044812676
e4b50619.qasm,512,success,0.1787359,0.18792571625469895,0.18485644529541936,0.0,0.18638476302112053,0.20985354321096963,0.1873476568629675,0.0,0.19828154126132536
e61acd2b.qasm,16,success,0.5875065,0.4649977984385726,0.47529684620779644,0.0,0.47011912010832124,0.9637319011151256,0.8492147130678246,0.0,0.9046630919186383
e61acd2b.qasm,64,success,0.34052400000000005,0.3487704974971513,0.35005354446732645,0.0,0.34941143206041586,0.8301218762027222,0.41988189325899117,0.0,0.5903838963045188
e61acd2b.qasm,512,success,0.3418323,0.3412749329881004,0.3503128519162389,0.0,0.3457643634942513,0.9123509270017505,0.8897725062301787,0.0,0.9009909937839413
e66c3381.qasm,16,success,2.1967006,2.192860081866843,2.2025747419744577,0.0,2.1977120441504505,12.529361496982748,12.579580825889401,0.0,12.554446051024359
e66c3381.qasm,64,success,12.685679599999999,12.683322543597823,12.575129989099663,0.0,12.629110407286051,16.68220554960119,7.043628220567044,0.0,10.83989177946307
e66c3381.qasm,512,success,524.5309873999998,527.5692654327801,524.9379198660068,0.0,526.2519480073407,359.4888325987957,1127.3991418471758,0.04198005698005698,636.6218668688075
e698c12d.qasm,16,success,0.22370250000000003,0.1975722170128248,0.19284341530480537,0.0,0.19519349655686613,0.18760129829984945,0.19399261919486158,0.0,0.1907701947934853
e698c12d.qasm,64,success,0.1696466,0.18123229308325534,0.17287142968873173,0.0,0.1770025017085058,0.18318428885204352,0.1877680611143229,0.0,0.18546201428959594
e7296260.qasm,16,success,2.4096041,2.3511750743296536,2.383885588963841,0.0,2.3674738386781486,17.48280367373738,16.99340724699302,0.0,17.236368603828506
e7296260.qasm,64,success,18.1512398,18.23968594256578,18.108729451064505,0.0,18.174089743541717,26.17054695558646,7.551507065950722,0.0,14.057989552382884
e7296260.qasm,512,success,839.2742018,686.946839028511,752.5192375280893,0.0,718.9858910493763,475.86179948474734,1285.1109475960639,0.042250712250712245,782.0071662463279
e751ad87.qasm,16,success,6.030250200000001,18.712582297853732,21.13863850516828,0.0,19.888652862688847,5.968493710999371,7.831128358802092,0.019869281045751634,6.836668805751755
e751ad87.qasm,64,success,3.956127599999999,10.35668769573613,7.53524448488935,0.0,8.834034969424621,6.374592096125093,6.548952429257592,0.0,6.461184132451626
e751ad87.qasm,512,success,5.8737042,13.058538558263674,7.47079670867162,0.0031704980842911876,9.877129485895065,13.865012148994726,10.838733239858842,0.04422541328483401,12.258840403984209
e7540ce6.qasm,16,success,2.967996,3.083849315803556,2.985563207111948,0.0,3.0343083319828343,20.796234712583264,21.563704080528066,0.0033333333333333335,21.17649289498502
e7540ce6.qasm,64,success,23.462013599999995,24.691669257655594,23.487625570058682,0.0,24.082123706673865,29.6790524961618,8.122813300111792,0.0,15.526667457974975
e7540ce6.qasm,512,success,1121.9413080999996,713.71047639645,639.4133073390033,0.0,675.5412468496281,506.4951848468903,1528.2447291411415,0.042250712250712245,879.8003163091204
e815593a.qasm,16,success,0.18724259999999998,0.26608506731567805,0.2079893061322095,0.0,0.23525060791234984,0.3090610490909552,0.35560223421656556,0.006601449275362318,0.3315159114824797
e815593a.qasm,64,success,0.2779193,0.5203867948498246,0.4355148094597152,0.0,0.476063184676544,0.36869054167496834,0.5254881610673665,0.0,0.44016191878411104
e815593a.qasm,512,success,0.17562649999999996,0.3786617551710758,0.2843105214811858,0.0,0.32811205567255475,0.4532537208791225,0.3741524349936041,0.0,0.41180818755439413
e893b1a5.qasm,16,success,29.4305108,21.083025220320884,22.82275956706055,0.0,21.935651701047256,10.899168591380288,70.02243356315977,0.0,27.625826839817915
e893b1a5.qasm,64,success,2.0071979,2.3740128238896787,2.8836032910838427,0.0,2.6164310027293904,6.395606333451892,5.464361331811948,0.20950602994132847,5.911675222980885
ea801020.qasm,16,success,309.4653601,125.06844631008599,104.72650230000028,0.0,114.4464107351151,13.316908564805683,19.727129016691556,0.026405228758169936,16.20815761773701
ea801020.qasm,64,success,36.0080199,17.41878482827392,12.820418700000141,0.0,14.94376507924565,11.193521110075542,10.652594146963278,0.0,10.919708671072714
ea801020.qasm,512,success,230.80005270000004,133.93655892520593,104.12417669999942,0.0,118.09332719556186,90.68789960029639,223.29885867857092,0.06632907154555406,142.30426724699092
eb153d64.qasm,16,success,0.181782,0.17384860991280113,0.17281568751960652,0.0,0.17333137928952336,5.2442189102194785,3.6521378354528165,0.0,4.376369534146961
eb153d64.qasm,64,success,4.883056700000001,4.184660629109963,4.6338752552042655,0.0,4.403543498213703,6.143733045597643,5.61527825541059,0.0,5.873565405951647
eb153d64.qasm,512,success,0.17385960000000003,0.18246558200497753,0.1706347689100815,0.0,0.17645104822432445,7.203606499489963,14.371419980091371,0.009642537980339589,10.174775396807842
ebb0ac17.qasm,16,success,1.1353584,0.31956558471390395,0.35343686268083574,0.0,0.3360747798958575,0.6431467176130159,0.8116506080216789,0.0,0.7225028888507999
ebb0ac17.qasm,64,success,1.2178021,0.3560441442739683,0.3829846400997437,0.0,0.369268788898259,0.5764527548321167,0.7050909292102693,0.016615109365944507,0.637535574341069
ebb0ac17.qasm,512,success,3.0701610000000006,0.4759718678823405,0.1937294596488757,0.0,0.30366062104413843,0.670673220750725,0.6324413295774456,0.0,0.6512767947989366
ebc18fd7.qasm,16,success,7.677420299999999,7.059261253971793,9.890842044256468,0.06654117647058823,8.355958234228726,23.45632027186963,41.00423492193623,0.11631015187780579,31.013037046247458
ebc18fd7.qasm,64,success,2.5845105,2.9266123469938954,1.9742849392093476,0.0,2.403740143936979,12.1574716636689,2.753765392822028,0.0,5.786088897660133
ebc18fd7.qasm,512,success,7.634144,50.7163381739771,8.454719664177299,0.038106649871411324,20.707303582422075,308.41986537212426,261.6294310132919,0.0814218665793477,284.0628696090093
ebc3e166.qasm,16,success,5179.478907899998,1954.2978874157145,2291.6022874571913,0.0,2116.240418566522,2.7827025020662814,2.7838763826872985,0.0,2.7832893804897787
ebc3e166.qasm,64,success,595.4877102000002,786.7344855178378,568.7063153332807,0.0,668.8952611616215,3.556231735468695,3.9861774895913866,0.22612848137946295,3.7650724948791923
ebc3e166.qasm,512,timeout,14399.999999999989,4356.011832515181,4906.898180329864,0.8355516044540796,14400.0,4.142965700914417,2.46660550789908,0.634807984528251,14400.0
ec70915a.qasm,16,success,1.0359822,1.3097119538779192,1.5731254690954009,0.0,1.435388878257058,0.9882398672381567,1.0977161945544944,0.0,1.0415406407681402
ec70915a.qasm,64,success,6.390665599999999,1.8065325343675942,1.7852058046181436,0.0,1.795837511186509,2.870837663862286,3.4015048468878053,0.0,3.1249269156662893
ec70915a.qasm,512,success,196.3373207,207.65448982482354,241.70909642799413,0.0,224.0356648053479,46.91184816436868,118.68175854080003,0.0,74.61622234170176
eca6fb66.qasm,16,success,2.0567893,2.068720191485133,2.066370555640287,0.0,2.0675450397859327,10.903041238655657,10.896938962141784,0.0,10.899989673359578
eca6fb66.qasm,64,success,12.525143000000002,12.415127861680025,12.523569673101992,0.0,12.469230881502655,14.561898301377084,6.639997417382183,0.0,9.833156518296954
eca6fb66.qasm,512,success,519.2628030999998,501.44491333004845,502.66319706421797,0.0,502.0536856612765,260.9440207783253,907.0980093568447,0.04198005698005698,486.52009393404296
ed52defd.qasm,16,success,0.5929218,0.5748444629150539,0.5615577498928785,0.0,0.5681622683115783,1.296802551070155,1.0343068047140842,0.0,1.1581414865820345
ed52defd.qasm,64,success,0.4510283,0.45546668936491536,0.45448379515195125,0.0,0.4549749768370362,1.1349164221492565,0.4719658098559565,0.0,0.7318755005453444
ed52defd.qasm,512,success,0.4499749,0.4596543766000067,0.4532803542830286,0.0,0.45645623960353054,1.036185741677845,0.8828240038809041,0.0,0.9564359075402489
eefd994e.qasm,16,success,2.240148,2.2302748838485575,2.225693638613866,0.0,2.2279830837198955,12.73475975755027,12.948432892730036,0.0,12.841151900264974
eefd994e.qasm,64,success,13.1561919,12.835510449526815,12.96154686048499,0.0,12.898374710396135,17.48804512379965,7.1888764415473165,0.0,11.212466080180564
eefd994e.qasm,512,success,565.6982321,556.0535525068991,562.0336988422639,0.0,559.0356293384467,369.94943623875014,1160.239171246443,0.04198005698005698,655.1563380634707
ef8d10d7.qasm,16,success,3.2810824999999997,3.542012401971287,4.183634183041625,0.0,3.849478427221596,2.185851150001436,2.1199561233688557,0.0033333333333333335,2.152651511559268
ef8d10d7.qasm,64,success,0.3767518000000001,2.5173532749064242,1.5642859018591773,0.0,1.9844042526499355,4.819007270730617,3.432452588276262,0.0,4.067064540837953
ef8d10d7.qasm,512,success,630.5900887999998,699.7877248347532,651.2197017768297,0.0,675.0670733149219,100.11767348653534,153.40140277364338,0.0,123.92817095103159
efafd44f.qasm,16,success,4.6616661,3.047764713887974,3.1234114754768205,0.0,3.0853562649896733,0.49503184191245614,0.7243889386031866,0.0,0.598828515134128
efafd44f.qasm,64,success,3.6616828,3.063072557114407,2.330240563488798,0.0,2.671646668535596,0.8335491392517991,0.9615358158201595,0.0,0.8952582597422212
efafd44f.qasm,512,success,4.7884434,2.9779800511198995,3.261198967788006,0.0,3.1163737691113833,0.43835006949321387,0.569279494555191,0.0,0.49954349760489286
f030e083.qasm,16,success,18.2983299,7.654851957524507,7.074408838971565,0.0,7.358909725586404,2.4728113025953795,1.8837991334065107,0.013333333333333334,2.1583048415149797
f030e083.qasm,64,success,89.51382609999997,17.411654593978028,25.828770008067952,0.0,21.2066409873836,5.323676828111448,3.265155575133539,0.0,4.169248502490267
f030e083.qasm,512,success,6472.491164399997,1591.8001180294473,1788.630659668084,0.0,1687.347769480478,103.6168693713664,164.23970998016202,0.0,130.4530742244335
f05a6196.qasm,16,success,104.72650229999995,314.7826003938356,309.46536010002404,0.0,312.1126571994481,13.316908564805683,19.727129016691556,0.026405228758169936,16.20815761773701
f05a6196.qasm,64,success,12.820418699999998,39.08492538095043,36.00801989999873,0.0,37.514940635795064,11.193521110075542,10.652594146963278,0.0,10.919708671072714
f05a6196.qasm,512,success,104.12417669999996,230.17720222318871,230.80005270001632,0.0,230.4884170700434,90.68789960029639,223.29885867857092,0.06632907154555406,142.30426724699092
f0c5e28f.qasm,16,success,0.1777949,0.27167060069123006,0.22623898663163858,0.0,0.24791627900965363,0.34410506927825324,0.23845894945713902,0.0,0.2864523229491573
f0c5e28f.qasm,64,success,0.16618189999999997,0.32577379708798776,0.27830724216688535,0.0,0.30110663731939286,0.5484801607978745,0.4489825192541518,0.0,0.496243896038986
f0c5e28f.qasm,512,success,0.1739449,0.3531347750734216,0.46125286543697847,0.0,0.4035894286128647,0.43622892620220244,0.3341474042224139,0.0,0.38179151815774653
f0e878db.qasm,16,success,2.1514548,5.512561965415394,5.068806569178654,0.0,5.286029729702807,6.296086896849319,7.063782829239001,0.0,6.668897248673194
f0e878db.qasm,64,success,13.338250099999998,5.339360628950246,3.947173216941899,0.0,4.590793098167947,7.0384106597163525,3.072473593525922,0.0,4.650304387066491
f0e878db.qasm,512,success,505.65583810000004,105.45594783244395,88.31493886671743,0.006522988505747126,96.50562463376956,47.28148758653629,74.45739487688422,0.016666666666666666,59.33343401150174
f0e91b40.qasm,16,success,1.7400719,3.1002286453437815,3.230028568902065,0.0,3.164463160567517,1.4103354718029935,1.351682715916179,0.0,1.3806976790302778
f0e91b40.qasm,64,success,8.277378,1.7408216029279744,1.1531881847645526,0.0,1.4168609332885953,3.838529278699305,3.322603092055972,0.0,3.5712615768595963
f0e91b40.qasm,512,success,402.45571770000015,606.7910894338457,646.5877543172179,0.0,626.3734412127708,76.56658562883563,171.9135417839976,0.0,114.72938994765406
f1167cc3.qasm,16,success,1.4061182,1.3885229116838755,1.3764681349156909,0.0,1.3824823841674108,7.549187233442804,5.219663236652306,0.0,6.277277679775393
f1167cc3.qasm,64,success,5.718801399999999,5.736830354060784,5.726264103017291,0.0,5.731544793644924,9.147818877163173,3.2545434974571514,0.0,5.4563700793281225
f1167cc3.qasm,512,success,134.19674820000006,132.13163753449365,133.9145429797935,0.0,133.0201031934776,104.30233163305468,500.7635263755697,0.04170940170940171,228.5405946385951
f163436d.qasm,16,success,0.18145440000000002,0.23468394257673425,0.23253226840405827,0.0032104454685099844,0.23360562819713007,0.2104201878713605,0.2677933471341709,0.0033333333333333335,0.2373797093575453
f163436d.qasm,64,success,0.2191586,0.21898907932824038,0.19134705823559991,0.0,0.20470201785810815,0.19611992184093868,0.20157884010312735,0.03,0.19883064745107185
f1bcea54.qasm,16,success,1.8772475999999998,1.8227911077032988,1.8560725925084574,0.0,1.8393565768703533,10.43635707668578,10.082158419008417,0.0,10.257729054936362
f1bcea54.qasm,64,success,10.650654699999999,10.622864775710818,10.713137250853904,0.0,10.667905527302507,14.430893314238924,6.5842190252759805,0.0,9.747623418625684
f1bcea54.qasm,512,success,446.20097660000005,438.6156441800277,435.8973291580297,0.0,437.25437427772266,283.07541736720754,964.9745210586825,0.04198005698005698,522.6476492795197
f27a09cf.qasm,16,success,0.177527,0.17123454697629428,0.16918811330818165,0.0,0.17020825460623357,20.520425620902973,11.398899962113365,0.0,15.294125631518172
f27a09cf.qasm,64,success,9.6810114,10.21233256725845,10.23756843539963,0.0,10.224942715847792,19.95487338264442,14.686442907555683,0.0,17.11917371433884
f2a5a67a.qasm,16,success,0.4595018,0.4654424800965624,0.47233845410227226,0.0,0.46887778953831666,0.9642133745168887,0.8525537414829362,0.0,0.9066662671745658
f2a5a67a.qasm,64,success,0.341567,0.3483046100183137,0.3485465311082756,0.0,0.3484255495667675,0.8308183333142884,0.4231303968426254,0.0,0.592911874631807
f2a5a67a.qasm,512,success,0.3407394,0.3447934518263549,0.3468318755739278,0.0,0.3458111617379395,0.9131163727869659,0.8897725062301787,0.0,0.9013688720465494
f5398281.qasm,16,success,2.3567967,2.409055527356839,2.41241085719469,0.0,2.4107326085197665,17.48280367373738,16.99340724699302,0.0,17.236368603828506
f5398281.qasm,64,success,18.203299199999996,18.080063217074166,18.083096920989345,0.0,18.0815800054079,26.17054695558646,7.551507065950722,0.0,14.057989552382884
f5398281.qasm,512,success,322.2864782000001,806.2881212166609,842.4163472551081,0.0,824.154290112309,475.86179948474734,1285.1109475960639,0.042250712250712245,782.0071662463279
f5aeb6f0.qasm,16,success,2.2514043,2.196445653436261,2.1947769128893655,0.0,2.195611124625238,12.529361496982748,12.580747785696472,0.0,12.555028351595082
f5aeb6f0.qasm,64,success,12.647261799999999,12.664722840884167,12.68389144090281,0.0,12.674303517073316,16.68220554960119,7.043628220567044,0.0,10.83989177946307
f5aeb6f0.qasm,512,success,525.0129456,518.5260130824361,523.6730397051186,0.0,521.0931715509764,359.4888325987957,1127.3991418471758,0.04198005698005698,636.6218668688075
f5d72dae.qasm,16,success,0.28022520000000006,0.49067439806864394,0.3598467206967156,0.0,0.42019944440091345,0.30619476841585286,0.24431411478272527,0.0,0.273509970196007
f5d72dae.qasm,64,success,2.0205184,0.7111040769784771,0.47848895878672937,0.0,0.5833141943947788,0.47023217228500724,0.6562313388331871,0.0,0.5555007542578391
f5d72dae.qasm,512,success,34.9589754,3.6415778235323173,3.601904924311411,0.0,3.6216870509258925,0.5589751385198436,0.5791151975989114,0.0,0.5689560596362413
f67ec297.qasm,16,success,1.3940487,1.385124257466744,1.3983431307987648,0.0,1.39171799971523,9.481034992455388,7.189267759727148,0.0,8.25600988372134
f67ec297.qasm,64,success,7.96335,7.967584325136184,7.932061632074236,0.0,7.949803137545533,12.199251086750543,5.868333337425282,0.0,8.46104437076179
f67ec297.qasm,512,success,284.6133111999999,284.14574613113905,284.27635993752887,0.0,284.21104553112195,165.62952627978373,740.9425650320346,0.04170940170940171,350.31695084135436
f7ff0727.qasm,16,success,0.1900845,0.19344180716096573,0.19562717903259455,0.0,0.19453142430431872,0.199422718510507,0.18320502880737527,0.0,0.19114194958083514
f7ff0727.qasm,64,success,0.172657,0.21511171770559528,0.18571350908625778,0.0,0.1998728394271683,0.3915818710643646,0.47586174893641303,0.0,0.4316698205995892
f8a38627.qasm,16,success,168.1454513,158.05963843923905,130.1518634758097,0.0,143.4285762432985,23.22350991770699,146.20107438482435,0.0,58.269220871360424
f8a38627.qasm,64,success,293.6294401000001,209.14565468155058,230.7441062139134,0.0,219.67960114225016,13.049923165504326,9.4215799436278,0.35917417153424874,14400.0
f8a38627.qasm,512,success,13907.117731399987,7937.86747389066,8001.172493786642,0.5518939572409051,14400.0,1169.3770475343117,1354.3995273275161,0.6879486116866989,14400.0
f8d235ae.qasm,16,success,0.1790703,0.20041814567023408,0.19387453980644934,0.0,0.19711919176142784,0.190208811231304,0.19545977740894033,0.0,0.19281642021490245
f8d235ae.qasm,64,success,0.2438151,0.1845531497277531,0.18756419653873296,0.0,0.18605258194225227,0.1915439079513253,0.22431664983397173,0.0,0.2072835925193983
f98536e0.qasm,16,success,0.1788549,0.1924375082636983,0.19523538315555275,0.0,0.19383139750660364,0.18406113161420645,0.1855103468418355,0.0,0.18478431850633908
f98536e0.qasm,64,success,0.1664448,0.1782910890982276,0.1752920446565277,0.0,0.1767852073904021,0.18181978826971035,0.18961423757088436,0.0,0.1856761172796888
f9fee41b.qasm,16,success,2.5416661,2.587181142565638,2.6020786651091545,0.0,2.5946192117231335,16.00783154133997,15.471838682948896,0.0,15.737553408056575
f9fee41b.qasm,64,success,18.3950709,18.376392535656535,18.386209440531463,0.0,18.381300332729452,20.840832471417908,6.898906204440261,0.0,11.990785981025812
f9fee41b.qasm,512,success,708.6173386,698.5066934674874,702.4304126602214,0.0,700.4658056881105,347.66715422233284,1045.057550271485,0.042250712250712245,602.7704243751929
fabdaac7.qasm,16,success,0.17383599999999996,0.21649819416886779,0.1795200977241465,0.0,0.19714405132870835,0.27534523017691387,0.18033866434406834,0.0,0.2228348963775977
fabdaac7.qasm,64,success,1.2635249,0.9801112162029686,1.4469098070719897,0.0,1.1908536982960294,0.9310731491682874,2.6625207824994717,0.0,1.574484553651701
fabdaac7.qasm,512,success,0.1686687,0.24057713035856876,0.19719792984695061,0.003189655172413793,0.2178102662301062,0.34080980987203463,0.19338089876176184,0.0,0.2567218481934859
fadf1f0d.qasm,16,success,189.90480990000003,169.8715578004436,188.04196572183744,0.0,178.72599600792861,17.58985497630155,66.14127050735243,0.0,34.10887503528459
fadf1f0d.qasm,64,success,6.8785139,7.765145538009908,7.579093156065893,0.0,7.67155534445177,8.900262582604217,6.765378006161027,0.22612848137946295,7.759744887907625
fb107df5.qasm,16,success,17.846512699999998,6.912301337134396,9.147703269628215,0.0,7.951835105330078,0.3535493044748524,0.794896940519217,0.0,0.5301275888404199
fb107df5.qasm,64,success,11.952432699999996,8.549311315877139,4.99659070754028,0.0,6.535855680534926,2.1797799170031538,2.052369170563191,0.0,2.115115386987212
fb107df5.qasm,512,success,18.1957599,7.558703488819615,8.769044120547214,0.0,8.14141292329491,0.2939674215429485,0.6259650402288454,0.0,0.42896774803253185
fb7e6eb0.qasm,16,success,3.5610048000000005,2.9869696421325784,3.007535044907629,0.0,2.9972347049887382,3.425617845125729,4.418000728372464,0.0,3.890293322474693
fb7e6eb0.qasm,64,success,13.2631154,10.543784329185902,11.316971108535416,0.0,10.9235389241777,3.8306785900009235,3.5328540954868064,0.0,3.6787536673686625
fb7e6eb0.qasm,512,success,543.1701861,344.0203570507267,426.4077994777542,0.0,383.00517414984296,55.5006611746867,83.81379014323318,0.0031546023235031278,68.20352460471439
fb8a2851.qasm,16,success,0.1633197,0.21720484664557693,0.19802064102311157,0.0,0.2073910387796054,0.21828655585192866,0.18786119322543965,0.0,0.2025032662635714
fb8a2851.qasm,64,success,1.2676421,1.1400711184081689,1.1936966652658532,0.0,1.1665757978844506,0.8046366422178888,1.1626986291684491,0.0,0.967238295812073
fb8a2851.qasm,512,success,0.1731245,0.21493633027722234,0.20659860569127667,0.0,0.2107262350721283,0.24799923352479325,0.18106274230540098,0.0,0.2119042739343324
fb9223a1.qasm,16,success,0.1798739,0.2024556501146049,0.1924175051470916,0.0,0.1973727719265876,0.20282733862075092,0.19384643266646553,0.0,0.1982860460013911
fb9223a1.qasm,64,success,0.16640830000000004,0.20038587450646195,0.17320080937070553,0.0,0.1862981364667286,0.37913961452362077,0.41539597555266794,0.0,0.3968539656418995
fb9223a1.qasm,512,success,0.1863105,0.19761904405455577,0.19301093363739347,0.0,0.1953013983500861,0.22740239168325638,0.2011799859029304,0.0,0.21388971446315547
fb9be929.qasm,16,success,0.23531889999999997,0.19275482576888103,0.18780118641533644,0.0,0.19026188521792092,0.20598098226033693,0.21849437864490356,0.0,0.21214543768754304
fb9be929.qasm,64,success,0.1624003,0.20309536641423961,0.19977350460415952,0.0,0.20142758777644776,0.30012355562482645,0.3557898046928263,0.0,0.3267734708318189
fb9be929.qasm,512,success,0.22522469999999997,0.18575624271892197,0.1834882560977599,0.0,0.18461876674858166,0.21232788019845678,0.20333507942129317,0.0,0.207782834670018
fbcf0ea3.qasm,16,success,2.0731039,2.068049210164164,2.063165810991267,0.0,2.0656060674432086,10.903041238655657,10.869819946045057,0.0,10.886417919981348
fbcf0ea3.qasm,64,success,12.510124499999996,12.52412690222887,12.559125284993032,0.0,12.541613885391467,14.561898301377084,6.639997417382183,0.0,9.833156518296954
fbcf0ea3.qasm,512,success,498.21153809999976,497.57764025911723,498.91355469090433,0.0,498.2451497369425,260.9440207783253,907.6025002268066,0.04198005698005698,486.6553664325955
fbdc2a1f.qasm,16,success,0.5656909,0.6007796766352536,0.5866988595948026,0.0,0.5936975249650597,1.3000814265464764,1.036664579353664,0.0,1.1609256501500491
fbdc2a1f.qasm,64,success,0.4538723,0.4551200217815294,0.4521575690170677,0.0,0.45363637713451865,1.1349164221492565,0.4717053151000464,0.0,0.7316734985785205
fbdc2a1f.qasm,512,success,0.4505086,0.4670723579967314,0.45081147085331513,0.0,0.45886989082247776,1.0368090618075942,0.8874991126641766,0.0,0.9592534192570894
fbe1d41c.qasm,16,success,0.22265400000000002,0.19478858155773796,0.1832606978822213,0.0,0.18893673913709597,0.21221366590973031,0.21139781544894629,0.0033003300330033004,0.21180534785913582
fbe1d41c.qasm,64,success,0.1667608,0.19288506675671077,0.21774137341830366,0.0,0.20493672034920285,0.27317801169516615,0.37010761087928673,0.0,0.3179705351966622
fbe1d41c.qasm,512,success,0.21397250000000004,0.19585152157171387,0.19830519968105645,0.0,0.19707454197109645,0.22110574207971276,0.21640948927608206,0.0,0.21874501301625088
fc1ce5ab.qasm,16,success,62.19422269999998,63.262500614373494,69.65495202310349,0.0,66.38182315329807,14.677446652451133,61.413885018890426,0.0,30.02330796372266
fc1ce5ab.qasm,64,success,3.1473689,3.8675130622826304,3.5838376367063254,0.0,3.7229744658084654,8.058817580115376,6.196750554058933,0.22612848137946295,7.06671651508958
fc330f35.qasm,16,success,1.8849809,1.8762503227468459,1.8762866555566016,0.0,1.8762684890637784,11.238756317901652,10.73603403799827,0.0,10.984519578650685
fc330f35.qasm,64,success,11.3087631,11.417087709237075,11.466352836816894,0.0,11.441693757612894,14.824042831654511,6.400279729030912,0.0,9.740534935912113
fc330f35.qasm,512,success,463.7660308,462.13865488721314,464.88268075923,0.0,463.50863720801635,313.19100230517387,972.6179739324822,0.04198005698005698,551.9195576494292
fc56714f.qasm,16,success,0.1707354,0.24801274238111243,0.2850634042638164,0.0,0.26589350620871655,0.23990081672064426,0.29253565129941417,0.0,0.26491421567487666
fc56714f.qasm,64,success,0.18016170000000004,0.2287302697368105,0.232085505930477,0.0,0.23040178031751868,0.29472360325154184,0.38064977875207134,0.0,0.3349424941250553
fc56714f.qasm,512,success,0.1801311,0.21843783639651898,0.367131176787304,0.0,0.28318781741297877,0.2355196609465338,0.2403258951552996,0.0,0.23791064150989208
fc5872f2.qasm,16,success,440.7522683000002,145.6318250723507,245.3377046611931,0.016666666666666666,189.0211038187824,22.4263015272284,115.9849267157309,0.0,51.0011072344559
fc5872f2.qasm,64,success,97.44292890000001,25.589620590531908,7.940597163844354,0.0,14.254713911020124,8.452583816518533,2.4505126902345133,0.22612848137946295,4.551171707115602
fc5872f2.qasm,512,success,3531.155154499999,701.532773615546,2671.467613872836,0.6017760229851703,14400.0,80.80843760327768,100.34526814327415,0.8143343003177264,14400.0
fc66bdd4.qasm,16,success,0.7283128,2.6397160853015262,2.084725846686993,0.0,2.3458653735761352,2.1783499397973403,1.6810546209308028,0.0165359477124183,1.9136157483415146
fc66bdd4.qasm,64,success,1.3749575,2.045815557827147,2.27806350261518,0.0,2.1588186017746693,2.675884067975836,3.109431651481232,0.0,2.8845239844137924
fc66bdd4.qasm,512,success,0.727108,2.6726796589299338,2.681453951751512,0.00632183908045977,2.677063210535671,3.364104971594907,4.967602747466713,0.006310160427807487,4.0879746941072534
fdf0b97e.qasm,16,success,1.9983464,1.9950853691017159,1.9896033827464268,0.0,1.9923424904450233,11.3239487734828,10.695779506668243,0.0,11.005383193055035
fdf0b97e.qasm,64,success,11.459351800000002,11.553686837878152,11.487930610053061,0.0,11.520761810046572,15.067914423188602,6.973921104664767,0.0,10.250972948903808
fdf0b97e.qasm,512,success,436.84951509999985,445.62540157055184,449.6545712634708,0.0,447.63545311706343,310.6981990657762,1015.4538698002918,0.04198005698005698,561.6935895853929
ffe82f32.qasm,16,success,0.2051507,0.21525653036580075,0.20018925657660858,0.0,0.2075862345802096,0.33158721382665607,0.29637044450459077,0.0,0.3134846885476942
ffe82f32.qasm,64,success,1.3167689,1.172384947826237,1.196299376369478,0.0,1.1842818000583688,0.48609523184975884,0.46832812322784445,0.0,0.47712898428223943
