filename,threshold,status,actual_s,predicted_family,matched_mlp_basic_pred_s,matched_mlp_graph_pred_s,matched_family_concat_pred_s,matched_family_film_residual_pred_s,structural_mlp_basic_pred_s,structural_mlp_graph_pred_s,structural_family_concat_pred_s,structural_family_film_residual_pred_s
0071a13b.qasm,16,success,1.8681457999999997,qaoa,1.9092138789298077,2.0602831249404505,1.985728774339539,2.2778371223541076,2.911222215736906,13.54483101146139,5.60043722796202,6.67471322848371
0071a13b.qasm,64,success,11.326891999999999,qaoa,11.574845060372668,10.776094836513352,11.010116539304596,10.25999763495154,9.39527787527597,14.315036995681979,9.117439736471132,11.279735176042426
0071a13b.qasm,512,success,464.3260994999999,qaoa,473.09224741079095,434.15734420636437,352.7970370289981,401.56994038620104,2.1961918458349863,444.9809483987901,63.36691986271553,185.69308383563072
00c20ece.qasm,16,success,161.77874129999995,qnn,158.38278850154114,82.14742130383756,112.62239920896744,95.33384146173051,8.553557666179358,5.913068577404208,3.103012105887281,4.377663595980367
00c20ece.qasm,64,success,167.99894330000006,qnn,118.85428113187425,135.90530458954035,124.41710853057536,149.60835401671957,14.255529546421899,33.55636856060608,19.690670365069856,32.899605838155765
00c20ece.qasm,512,success,161.38951989999995,qnn,144.07065638529144,143.10770381629726,197.9070857745542,160.62545155268538,69.17816517554064,10.160553277650184,6.076862723259968,6.597558710035416
03042ac9.qasm,16,success,1.8659897,qaoa,1.8811288014812808,1.8322759952960073,2.0783040710697542,1.7850649756969974,2.9123213854992502,13.547801950795932,5.601551853381069,6.677237477033371
03042ac9.qasm,64,success,11.3251936,qaoa,11.63514229444088,11.924111522630522,11.751395945769527,11.459350262572764,9.39561958646033,14.322198021508022,9.118764981596229,11.278057177137324
03042ac9.qasm,512,success,463.7429635000002,qaoa,472.53937193288124,491.2739738309085,527.718228392577,433.7923557866128,2.196924408469026,444.68350844779366,63.35704109288818,185.63855307954094
03934028.qasm,16,success,1794.6356796999994,randomcircuit,2974.645136307577,889.5812279852064,1024.1646405724593,1594.5167632083444,369.76653102194405,691.3793985736509,199.75735419021862,682.9399745346267
03934028.qasm,64,success,1229.5821331999996,randomcircuit,1046.6468871898098,466.22576228246453,1178.8183715836685,1447.8694621847135,209.77742351243054,175.79463123932007,122.56110848237539,802.8690706966621
03934028.qasm,512,timeout,14399.999999999989,randomcircuit,4342.729560940818,1233.549219111568,7737.16311534881,4872.186174218378,115.41266652271018,136.59959429670295,227.95512439165108,815.5558812387624
03ee478e.qasm,16,success,0.17734449999999996,qnn,0.16535940836773488,0.19590487152311573,0.2126047103001093,0.280371739884585,0.16263765317387371,0.1621968505447091,0.18016475366664023,0.2518041975016813
03ee478e.qasm,64,success,1.1159592,qnn,0.8062731913201265,0.890411585603922,0.948889254287879,1.17384255721768,0.9897545476091559,0.8898716062627037,1.29773566472087,0.8953604483948095
03ee478e.qasm,512,success,0.18746530000000003,qnn,0.20395441888694393,0.23564083714009487,0.18577679676594872,0.24685354329238,0.16229293377892362,0.22236016360283348,0.2524131677178146,0.3421922249213838
04276362.qasm,16,success,0.17990670000000003,qaoa,0.16578960060359885,0.13499746564433734,0.11152423213204625,0.1401146481436521,0.10034163549315103,0.09394459108478175,0.13367910390511847,0.11132924978443356
04276362.qasm,64,success,0.21635210000000002,qaoa,0.1748959175193479,0.18169641812786938,0.14541356706174224,0.1610441901153105,0.09255703733643365,0.08661419020777901,0.11284578624311989,0.10883329068663224
0491d461.qasm,16,success,0.5425538,qaoa,0.7623417875507321,0.7889403202017683,0.7576250048662403,0.802497074244507,1.3091781008867556,2.588722630253814,0.6177595898187742,1.6100698490156435
0491d461.qasm,64,success,1.3414259,qaoa,1.099340308355144,0.9848621912992076,1.1594902044472706,1.4129953981154209,3.0080262173872234,2.42067688097894,1.6864058091207093,3.9710524468797495
0491d461.qasm,512,success,3.4521178,qaoa,3.4446304343554486,5.140719021921859,3.3349396435011758,4.11371000184026,1.116219432453519,22.187734811545006,2.4108669323648084,32.61542824284215
0525d9ee.qasm,16,success,0.5416311,qaoa,0.6535594319547512,0.7400203311942141,0.711459409053345,0.7149575606785523,1.3091781008867556,2.588722630253814,0.6177595898187742,1.6100698490156435
0525d9ee.qasm,64,success,1.3424445,qaoa,1.0878535038759243,1.2276828523091157,0.8436721571825858,1.1603791490822137,3.0080262173872234,2.42067688097894,1.6864058091207093,3.9710524468797495
0525d9ee.qasm,512,success,3.4716296,qaoa,2.697246083067772,3.5489555911172292,1.8204225982433322,2.973897104047401,1.116219432453519,22.187734811545006,2.4108669323648084,32.61544614803441
0534bf07.qasm,16,timeout,14399.999999999989,qnn,62463.20383906235,18169.387458365934,14932.444752119183,7073.073692512472,37258.8100910545,876.516287682541,11.243540326635596,401.6967211523889
0534bf07.qasm,64,success,1767.644607299999,qnn,68242.65275841557,18604.82818830119,18070.807439629567,11308.805350663726,64922.76431666386,744.2651864119556,24.33799671705636,454.3959621554866
0534bf07.qasm,512,timeout,14399.999999999989,qnn,137506.22308323966,32076.92171100812,25036.707368478354,25951.22526015897,208083.33735024897,1274.2542202742002,7.270409194358502,623.660987276638
055dc894.qasm,16,success,4.6650311,qaoa,6.459448588955018,6.929981857233952,6.463966128899097,5.901850795757998,0.33490959212311744,0.3725926008852085,0.9573824879024806,0.2895300097184659
055dc894.qasm,64,success,3.8863319000000005,qaoa,3.9013123534690526,0.7851631284953289,1.6268162065378247,1.093252036036072,1.4552836654682368,0.7323828003042933,1.2590191316557495,2.1882330991288828
055dc894.qasm,512,success,1383.5908082999997,qaoa,357.5973712935518,372.96649305601323,226.2032618818683,467.25965788732856,0.3835337827920686,0.34486985491891897,13.562893518377887,0.4535390863263168
056c2b99.qasm,16,success,0.5823536,qaoa,0.56749842761221,0.5915336651539355,0.6135123008890799,0.647662898930859,1.0966114008033256,1.4946313842094245,0.4140042049327659,0.9455517730723741
056c2b99.qasm,64,success,0.4523345,qaoa,0.5496255532046052,0.47663121658882457,0.49418215046791286,0.7064335375759381,2.062147235032538,1.4541311802428667,1.0830117279632328,2.7793646342441534
056c2b99.qasm,512,success,0.4509034,qaoa,0.4717052815398323,0.749705839663747,0.47063839216018266,0.4553979990401848,1.0109447545346077,5.983668503023794,1.264827647473839,11.87662282732953
058c7d32.qasm,16,success,0.21540330000000002,qaoa,0.6293385456540522,0.5608548306639382,0.6572326072149903,0.4729190798431031,0.7735182554881108,0.6056903960829602,0.33255724291580485,0.6310567164182967
058c7d32.qasm,64,success,0.6617786,qaoa,0.9790658090702004,0.09029202141589887,0.3129874399362735,0.4146184003397953,0.7768712157748724,1.048552991358104,0.7968511177769447,1.026260846590099
067475b0.qasm,16,success,1.4051409,qaoa,1.4488197687288542,1.38950867323583,1.2314488338910048,1.2003522297551414,2.123174779076831,8.264748691671498,2.147365301557477,4.284680374971068
067475b0.qasm,64,success,5.705375600000001,qaoa,6.131541076883798,6.36732889810144,5.5564309083301895,5.68498275633701,6.420826893933397,8.237798809996747,5.268497526038758,8.827552296985365
067475b0.qasm,512,success,134.09611699999996,qaoa,186.68137796930708,180.9958985200284,144.27105600504237,159.9156762294233,1.603244668968715,212.62195571984503,17.471054040607488,121.02863253948951
06857ab2.qasm,16,success,86.8517603,randomcircuit,233.91528912587407,118.83333820479766,70.63636612160475,127.78458082716392,25.313621796601264,77.23491756074556,127.97841476637046,30.833188659194366
06857ab2.qasm,64,success,144.50145770000006,randomcircuit,132.23073349100866,109.74223536248579,80.70944612727959,199.05958626527197,18.269753908165395,22.21528615384231,198.21697164787957,38.313607214565934
06857ab2.qasm,512,success,5763.222492099998,randomcircuit,4577.328762154031,9360.286845365317,3851.094393470021,8398.195712882802,79.20599495526076,32.2825355548941,1062.579579520675,71.79419884615407
06a7dabf.qasm,16,success,1.4427283,qaoa,1.6554683667316497,1.8011992979161429,1.6677017238913159,1.9251610716255914,2.5485814525615336,11.509197709845909,3.458398098867221,5.614498502129957
06a7dabf.qasm,64,success,8.5008263,qaoa,9.454282057293442,8.678790752245833,8.54515996687459,8.227571020608156,8.19519661101912,11.969887582850081,7.267627788721159,10.925955320047942
06a7dabf.qasm,512,success,307.49403430000007,qaoa,355.66714505888746,314.3059482250408,237.24805232239586,285.88715262859927,1.8658235329340016,353.2759405807801,36.253227458469226,159.9052295179881
06e45cf2.qasm,16,success,0.5780354,qaoa,0.6774455795174094,0.6674789262681847,0.684548349750264,0.6300720023595824,1.2392760735772628,2.363459420467687,0.5598795673413746,1.4957955930661986
06e45cf2.qasm,64,success,1.1292338,qaoa,1.1853962148020523,0.8622221499861223,1.1523135248384593,0.9241156622247717,2.9619023084139138,2.2595664905179182,1.572481899994015,3.791442665623799
06e45cf2.qasm,512,success,2.769683,qaoa,2.895892429980732,2.2867024481182296,2.793297690602237,2.522189333441826,1.0065810368528567,19.30010951964139,2.077728543803968,30.189224786021835
0732491c.qasm,16,success,5.4931465,qaoa,2.8215332328691756,5.388003981102677,5.858095698646916,3.9365095599816677,2.915943727132093,6.421643841371913,6.161810193675941,7.423381380614092
0732491c.qasm,64,success,1.8221959,qaoa,6.354773986886655,3.105028626757102,3.1696539365644085,2.529843384382165,26.397767630509797,80.12687316899687,49.480007320557974,32.36933246561496
0732491c.qasm,512,success,5.6868296,qaoa,24.155133036639622,22.671092321898065,8.301001725412624,17.316293488842597,1282.4426374696964,1184.168139491747,1301.4916759567545,2297.8197908872467
07fc5b22.qasm,16,success,0.5416286,qaoa,0.7470884432501459,0.6598353543335238,0.6081485355116979,0.649815432630134,1.3086955751454523,2.587232800951188,0.6174485098956198,1.608854510856661
07fc5b22.qasm,64,success,1.3364759,qaoa,1.1312081089899224,1.2584023225806054,0.9892122925487657,1.0386424089063526,3.0077698572455054,2.418251025871367,1.6854818809750127,3.970850799718265
07fc5b22.qasm,512,success,3.4643763999999995,qaoa,3.375576611083502,4.053862639600061,2.7760293026148672,2.9264301170645037,1.1169715681550703,22.19127964985008,2.4092678290403495,32.63971671611056
08239e90.qasm,16,success,63.96641979999998,qaoa,56.423243602566004,66.14249681749008,29.77123456306287,64.05664843969863,35.710065088950444,35.21731708070629,36.74838328248137,21.245073075936475
08239e90.qasm,64,success,3.2675198000000005,qaoa,4.029214953355847,3.6169922883251386,0.9478984605219595,2.9255004745959727,4.6039555059383765,9.668239278187857,6.060318359657676,5.130554538114691
0885b672.qasm,16,success,1.6545858,qaoa,1.6098722002087695,1.7891146058182843,1.6932087432684382,1.9127157058788031,2.5225884843734687,10.95487146911104,3.9294422176607826,5.607261442489772
0885b672.qasm,64,success,8.9290951,qaoa,9.034076033189983,8.587834512468689,8.689323053072233,8.493638601854,7.8366901126734705,11.163786136938056,7.319759755003742,9.686211779314004
0885b672.qasm,512,success,332.10055049999994,qaoa,336.3947969211598,333.3910885835985,255.56771445140217,315.2664311760102,1.8969344772657557,332.43633710641643,38.01000095845367,159.23080196942934
0a0f4c36.qasm,16,success,0.1840534,qft,0.5991307914075568,0.2157025460508136,0.1464588550935985,0.18756696227549083,0.5351655478631204,0.9883051250222037,0.39922633078288955,0.3390843686099512
0a0f4c36.qasm,64,success,0.2601157,qft,0.3239011014045939,0.5155523056540948,0.2388095215993902,0.4660314101573682,0.31195271442981515,0.2315707740307305,0.2941510959407545,0.2774507642813939
0a0f4c36.qasm,512,success,0.1663742,qft,0.3828929509941838,0.281978383483467,0.20214449408838864,0.34305658520920357,0.35356757860161414,0.5257617117207856,0.21632162442909297,0.505293651539661
0b0e43d6.qasm,16,success,1.78757,qaoa,1.5248973941901605,1.8423859835520715,2.002379383019866,1.4354248317453369,2.748923611201214,12.627795452502367,4.535713930813713,6.194314623301188
0b0e43d6.qasm,64,success,9.9584508,qaoa,10.680811955661571,10.023003937362047,10.554524979812603,11.215041185543036,8.968522055684506,13.298361420158377,8.20476142027785,11.026003405798619
0b0e43d6.qasm,512,success,373.94553460000003,qaoa,337.1683597572179,595.8827172364452,424.95002596044435,455.9066659816552,2.025574578222282,406.7475372697428,49.08264772134545,174.20160447061204
0b325fdd.qasm,16,success,204.4226061999999,qaoa,146.85732996654932,155.04246635011788,150.68170705048124,113.54110890912796,59.52057852919829,87.54294746721129,260.904741503068,387.5188540058034
0b325fdd.qasm,64,success,7.9006322,qaoa,6.518715329212416,9.41175474933927,8.676269520433355,10.43689363753305,10.319256100024297,153.134112252317,78.35250090634615,139.0517046239931
0bde3200.qasm,16,success,0.23376710000000003,qnn,0.5378021449114668,0.9070918967581499,0.8131927591029234,1.1802558318751162,0.855786238016133,0.4916454224585544,0.915663377380745,0.5729176799939848
0bde3200.qasm,64,success,0.232663,qnn,0.8439805032948741,1.359533333994466,0.9851340838170239,1.326965485617254,0.7173344892709805,1.042883729910584,0.8392180099890599,0.5996100819268448
0c0ce4a1.qasm,16,success,0.5861573,qaoa,0.5729622649121954,0.5190313251523898,0.4209556522922435,0.539775093752249,1.0967840426810953,1.4950415985981431,0.41410541356213376,0.9459306210667648
0c0ce4a1.qasm,64,success,0.4553035,qaoa,0.48923830002892915,0.5296534570571019,0.43669354564421314,0.492549888794607,2.062349886533111,1.4548059396443482,1.0832792345214988,2.7795935156180573
0c0ce4a1.qasm,512,success,0.4561859,qaoa,0.41755519334946584,0.4562139921665641,0.33835672138458067,0.37262839807388715,1.0106247161583355,5.98423846183462,1.2652187215913986,11.873969476720996
0c676248.qasm,16,success,0.1680261,qnn,0.32955000953713376,0.5307145884415384,0.4604683792325378,0.23556824396525486,2.5158323908675895,4.971400871173349,2.679972628548899,5.195650733257066
0c676248.qasm,64,success,10.329901000000001,qnn,7.927976462317937,2.970506072828088,5.896814757205261,6.3630605391675,1.5436724424381794,2.690939258158038,1.4312789596602948,5.465637919061429
0c676248.qasm,512,success,0.18101140000000002,qnn,0.11388445129533556,0.9067094707614687,0.29482848762445985,1.0221846084732857,454.705889510404,13.069023052212973,181.6358316069376,15.19021683915806
0cc92082.qasm,16,success,0.2225849,qaoa,2.2887258714465544,0.872598985441267,0.3883002626585473,0.4604089780016076,0.8107875768237884,0.20708428774645737,0.17841646165612093,0.22522961228870755
0cc92082.qasm,64,success,0.5742476,qaoa,0.3047693144471784,0.19086822948633225,0.18468969177741684,0.2548973235674485,0.5578336699278877,0.1485671332588493,0.2889274378831674,0.166884470099024
0cc92082.qasm,512,success,0.18362350000000002,qaoa,0.715661555571208,0.460121401190865,0.18215678660707132,0.4456351054871055,0.446451772350221,0.1629152079155114,0.18630957744839965,0.3209666369641135
0cd81bd7.qasm,16,success,1.4029748,qaoa,1.4642582329995033,1.4482719109318054,1.650979169271343,1.4222574313176957,2.389408721769995,9.779134445710824,3.6144604743819544,5.2167949824617414
0cd81bd7.qasm,64,success,7.957766299999999,qaoa,8.211787666814468,8.730199822352754,8.411526978092846,8.438622472033147,7.2515140190220535,9.800412954609328,6.6604689121439975,8.531790207230562
0cd81bd7.qasm,512,success,285.46857679999994,qaoa,306.4644477485351,316.1526051009145,346.55888724225167,279.8022828621007,1.8258879922357025,284.6868448523581,30.8466314482081,146.1367341369884
0d08bd43.qasm,16,success,2469.4623289000006,qnn,584.6632341518891,184.4848440138042,66.55346357136901,176.97121467470524,364.8989816009313,8.079011552755528,0.33844373358151525,3.376357791918059
0d08bd43.qasm,64,success,188.07979880000005,qnn,629.9767367392959,189.10120565487873,76.72515301224871,135.75952191259185,876.1939502742478,4.761142596266288,0.5022576980851498,2.889927153759765
0d08bd43.qasm,512,timeout,14399.999999999989,qnn,2855.8330968411065,238.424590616761,106.93578647319076,210.7648479980618,2110.037994797751,5.951606947387837,1.0756734879835532,4.302180511998821
0d094263.qasm,16,success,0.17983059999999998,graphstate,0.26082912636710753,0.2298760713520116,0.2338949041968943,0.29201812984679953,0.3998074359919335,0.24317032242174685,0.2707523567437593,0.20745921862150163
0d094263.qasm,64,success,0.354708,graphstate,0.31190271182880314,0.3331639865241488,0.381815616872361,0.3795517156814125,0.5153040442622305,0.4121448135387549,0.3981120552318995,0.24669080664753512
0d094263.qasm,512,success,0.17570120000000003,graphstate,0.2315589832546139,0.18392239314931932,0.237888283474153,0.2417015208891501,0.5101022601309237,0.4974420277406742,0.26371195765913924,0.32529297359646636
0d6f51b4.qasm,16,success,0.1818558,graphstate,0.18736344892412712,0.19640026991504325,0.22227771987916695,0.18374989190214666,0.22616719021975829,0.18677048359172502,0.2346991581572247,0.20158355574901085
0d6f51b4.qasm,64,success,0.2284205,graphstate,0.22166839698551732,0.3027697485521459,0.3644605902694963,0.30548080125120236,0.26595513683311056,0.33395922331141864,0.49775911247285626,0.19851513653661007
0d6f51b4.qasm,512,success,0.1679753,graphstate,0.2212896221174278,0.1945893221469724,0.2407363157519632,0.19199249256314185,0.1949471421488024,0.32635904773337737,0.20835990869034401,0.21961565804651806
0e8ddfa3.qasm,16,success,1.1595966,qaoa,0.8809217209805529,1.0466498319535098,0.9593399175678263,0.976563484750026,1.7388395046568956,5.349975236871433,1.4456721785751514,3.108126995858171
0e8ddfa3.qasm,64,success,3.4204512,qaoa,3.3792227410920246,4.366839563249053,3.0557336612563857,4.912857058830327,4.8006447285893445,5.024488146079701,3.2913994725511286,5.66780693315913
0e8ddfa3.qasm,512,success,72.21635219999999,qaoa,56.60149246171178,91.57666839532142,55.4085170188808,81.36416524918899,1.4205269864388117,106.80477738986863,7.914729369243798,85.0469319895403
0ee54ab9.qasm,16,success,0.17814269999999996,qft,0.24161757645739035,0.2615188508977149,0.22277809998882553,0.44714027784653576,0.20881543033956596,0.23524315890314554,0.20995946064353865,0.29532665158543014
0ee54ab9.qasm,64,success,0.2257454,qft,0.27666266727913713,0.2819461868739656,0.3734454821378667,0.3504245996912844,0.18050209359611905,0.2948913748689082,0.25222602966837787,0.3257936029544397
0ee54ab9.qasm,512,success,0.1782451,qft,0.2147691428079497,0.21844827228845867,0.2832186535853336,0.11532980668917403,0.12785703232802972,0.20233193126328894,0.09754448896610199,0.204285717239719
0f6ae53c.qasm,16,success,0.17492429999999998,qaoa,0.18136461206114654,0.24407359056518566,0.14586870446462488,0.16793170747944933,1.3362103985837714,0.941033526261649,0.6038498177782511,1.4195656234739418
0f6ae53c.qasm,64,success,0.6351061,qaoa,0.9530970440715882,0.48955025623696635,0.532281233659554,0.43296839084129796,10.721120520170707,2.925339473664888,2.1840642298616473,7.85640594451825
0f6ae53c.qasm,512,success,0.1797566,qaoa,0.11703409644548912,0.22710087883188543,0.13244494404244658,0.08355815555148101,494.5845778665219,127.18319237320694,253.46724393511718,352.44878196790455
10761caa.qasm,16,success,1.2039713,qaoa,0.8341498669001526,1.082765128952431,0.9304747582435062,0.7882406408956661,1.799057550586908,5.59018616999838,1.5601640959545013,3.219975845929061
10761caa.qasm,64,success,4.1564553,qaoa,3.2761471130786908,3.013901441400883,3.118647229167711,4.141866938730607,4.82523367555089,5.21961669787547,3.4606415334639236,5.801063302326894
10761caa.qasm,512,success,91.75166269999998,qaoa,65.97843037009008,120.18669582902973,85.60218795302029,122.29717085109071,1.5142828859354227,112.74562663573772,8.817184013484944,87.60138297454652
10ea3498.qasm,16,success,0.1689698,graphstate,0.2772898524425799,0.595895250426709,0.7614890804968958,0.3792718011626203,3.2980357042909714,2.743080364244846,4.452575041068584,2.04672097594386
10ea3498.qasm,64,success,1.1595227,graphstate,0.5930708654926615,1.3202819855017363,3.4925934948490296,1.1592978672245071,3.3964537703744733,2.34685758667577,1.526734131079162,2.152200816181325
10ea3498.qasm,512,success,0.1702938,graphstate,0.1730393973022072,0.3950175466352446,0.8427431681055996,0.13504155022883396,87.30123139538404,7.3304132328648635,11.683878120452595,4.585842693608758
1154e9d9.qasm,16,timeout,14399.999999999989,qaoa,8048.717254575878,11757.910308154858,15259.21660918052,12584.02754353512,1792.3457213500303,1969.921193215141,637.1205747052342,12407.756341164215
1154e9d9.qasm,512,timeout,14399.999999999989,qaoa,8228.309544707676,10223.142792566143,10563.492435095619,13345.013088145844,7484.760923024377,15942.43675423488,2533.210413473133,54765.22630420006
12157215.qasm,16,success,2000.5838667,randomcircuit,1482.61983558372,1344.0704154285102,1661.6920309626205,1944.2199862469872,394.86371700540263,11315.338365840433,82085.16565266444,17257.33630285959
12157215.qasm,64,success,851.9857254999997,randomcircuit,1318.8419905989604,1573.6658744707472,1943.363104264446,2256.1144637591883,356.5920914925472,20581.25218337647,97084.13934149296,30086.298439659633
12157215.qasm,512,timeout,14399.999999999989,randomcircuit,12660.263400336946,20292.959579429782,18492.004306261442,20873.846692240226,2782.3423264508615,26627.28116772149,78616.38279761182,48547.70124031671
125f60d7.qasm,16,success,1463.3105540000001,randomcircuit,3210.861695554205,9228.614991023858,16584.640370491295,5846.89875092567,107.04732636394466,21756.535553142883,19505.938691219562,20570.227628773093
125f60d7.qasm,64,success,804.1303602000003,randomcircuit,4429.538594010529,4823.120936540588,3111.586730161642,2652.0435197363668,111.82844209731746,20311.215778017744,21460.07243999831,23778.39604011867
138d2c7b.qasm,16,success,1.5629332,qaoa,1.5346305306609451,1.5504218972639239,1.7345698187195697,1.521945737371801,2.470646510846168,11.005505686221136,3.615365411635639,5.539951398807205
138d2c7b.qasm,64,success,7.723485,qaoa,8.882365652497151,8.988490707515439,8.83235370535578,8.713791886352851,7.813812318287737,11.235633090311897,7.1961536410456866,10.165449091279681
138d2c7b.qasm,512,success,266.476829,qaoa,342.23367324261903,327.6311233616078,356.0385163148112,291.7749979782327,1.8321095295255585,336.4341347194615,36.66396103987684,160.14418205441876
13b8e3f8.qasm,16,success,1.15246,qaoa,0.9423457521287089,1.2043109465297246,1.229218488717949,0.9037490686986938,1.9645142351570513,6.979723441782491,1.7625088279045606,3.741226150419011
13b8e3f8.qasm,64,success,5.056893600000001,qaoa,4.496299966278929,3.6306236047523095,3.927372947030486,4.696868720244535,5.621658488839367,6.763350108942265,4.431852375522849,7.776368153404104
13b8e3f8.qasm,512,success,143.3873458,qaoa,114.03578807397037,147.76307354339326,112.17282492986546,140.26668604908954,1.5320558623569802,156.58677417736888,12.594193856747198,102.98602176663353
13eb49aa.qasm,16,success,0.1763388,ghz,0.31541418502028,0.2505459895571028,0.5168542810131462,0.3664878282925084,0.145613276586451,0.21359568077244515,0.5487401906183104,0.21670298896324267
13eb49aa.qasm,64,success,1.03723,ghz,0.6875216096256049,0.4579410195509549,0.9570055220718692,0.6166417467873548,0.10565554229204471,0.21098176270435448,0.23284266891763755,0.2312236585336314
14019fed.qasm,16,success,85.55772610000001,qft,46.54755425362865,35.425125660676436,34.43920425774496,21.37729334696621,1.341010466576815,1.1533620154506672,6.845001077768351,0.9290340782829016
14019fed.qasm,64,success,7.701556400000001,qft,6.554555142551813,15.295003126056322,5.46115248172402,4.58977865430063,2.211233283416914,0.7492359194021824,5.145543628377283,0.43748695133165755
14019fed.qasm,512,success,125.55042679999998,qft,51.41624305314224,69.99390589843127,36.834445712701445,29.97425975049806,1.8172084544612492,1.3388320210827305,5.221170008437989,1.9051107181684184
149b1e7c.qasm,16,success,5.221844600000001,qaoa,4.865178081851262,3.543116467143173,4.642654288696942,3.5272823956156336,1.2030099035189397,2.184288455407065,1.0187038634924048,2.873582920500061
149b1e7c.qasm,64,success,0.1728306,qaoa,0.20436033770925596,0.2979555996097857,0.2610846661455214,0.16465763794085808,1.6347691632426888,3.7954338113506574,1.563603775069923,1.9436879920125978
15434610.qasm,16,success,1.5159936,qaoa,1.3549815792660789,1.6992334189629985,1.5756790446116433,1.5825176735539912,2.471208435772716,11.007399951087967,3.6158775159624112,5.541317118607576
15434610.qasm,64,success,7.743600700000001,qaoa,8.957160825149996,9.803089980385312,7.897151583415552,9.353693773360432,7.813856287010186,11.23960298144543,7.196882552166226,10.164539491121355
15434610.qasm,512,success,260.9629377999999,qaoa,314.5258504855066,391.4193643090852,292.3762855648453,331.1254716823971,1.8322488367058365,336.3087499831927,36.66374969914148,160.10655851076038
159b3481.qasm,16,success,0.5732643,qaoa,0.6775736193756718,0.6676205672459882,0.6846059909181377,0.6303281474135042,1.2397527835657587,2.3649309073495406,0.560186283501022,1.497012842607905
159b3481.qasm,64,success,1.1235271,qaoa,1.1849997256476226,0.8621665932693113,1.1520131204384332,0.9242325752074891,2.9621470348892593,2.261939640314099,1.5734180599123546,3.791741881936576
159b3481.qasm,512,success,2.7779996,qaoa,2.8886806245122667,2.282793645823034,2.7886668363848566,2.519043688476507,1.0058448393276604,19.29686761298236,2.079220737580041,30.16444137874684
15c28669.qasm,16,success,0.2514302,qaoa,0.3705693293708003,0.5808318116827982,0.3600456946996396,0.5089972835737189,0.5870209506611218,0.8527213485022427,0.9439149493079335,0.6094193044959902
15c28669.qasm,64,success,0.3990744,qaoa,0.3864412593206393,0.3020595597562647,0.3221782499368494,0.2839390181311012,4.014729525644366,3.250564424144175,3.476770476351657,2.957540466267428
15c28669.qasm,512,success,0.2419986,qaoa,0.31467498474174704,0.2664825137469621,0.550641936245188,0.2378715351668071,74.513209753188,67.25379989957293,90.08281276226649,227.29919644182812
1619b169.qasm,16,success,0.17318939999999997,qaoa,0.1977976000485489,0.21996306758570297,0.26603004733175756,0.2593041920649403,0.16241183060452907,0.27830118109343277,0.28097571040864155,0.18203872457349685
1619b169.qasm,64,success,0.1710901,qaoa,0.2688307866989187,0.23184241401925923,0.3334906917896331,0.26563988261111177,0.48758017415827065,0.2659931735434333,0.4927495517403915,0.434796693702552
1619b169.qasm,512,success,0.18216660000000004,qaoa,0.168074318320422,0.1494980710704071,0.147235932456894,0.1501966889672413,0.4156101730286158,0.4607584494203271,0.40005097488534624,0.5444560250254897
166e9d3a.qasm,16,success,0.18061239999999998,randomcircuit,0.17634485989761992,0.15467172351125172,0.4574191278694847,0.2024804110149021,0.20209578276941914,0.3830814418666353,0.33258634079871596,0.22702047857694443
166e9d3a.qasm,64,success,0.16925800000000002,randomcircuit,0.21724782048140245,0.17706703394880813,0.3456702600743915,0.16567023189065655,0.2413070599521759,0.30488528370332235,0.5255751441303859,0.15050829939451232
166e9d3a.qasm,512,success,0.169438,randomcircuit,0.28901401505103713,0.29083474752590166,0.2987179571568654,0.20201031668044486,0.2736725524068113,0.15349859930870122,0.2730977732779894,0.12103527694043636
1688d759.qasm,16,success,1.9672979,qaoa,1.81083694561055,2.2419025104822348,2.4696035412666006,1.7932866342632263,3.0824231464770984,14.638243203417446,7.169443380057482,7.299386768868407
1688d759.qasm,64,success,14.099032299999998,qaoa,13.450912723153703,13.887383998538299,16.673218208349034,14.812437166652485,10.481401544495466,15.74684753612604,10.225034309727846,11.4421354574885
1688d759.qasm,512,success,559.5118791999997,qaoa,418.79469443195916,796.0894634733525,550.9969401449843,574.0021472120077,2.301522618557913,495.4667064211221,81.74265958606806,194.363090599592
16ff70bb.qasm,16,success,2.1233068,qaoa,1.7233936213352212,2.1075907726577925,2.3204270662959927,1.66903195185921,3.023480037938124,14.098813251998772,6.226395730033088,6.947819900014161
16ff70bb.qasm,64,success,12.121247399999998,qaoa,12.842765484024639,12.652540587707476,14.399423446141537,13.63787390681056,9.781749274262674,15.0207800167638,9.61948965443916,11.474379737274568
16ff70bb.qasm,512,success,493.81017920000016,qaoa,394.4769686614647,735.3452945835257,518.7677538310495,538.8758298755216,2.302283995829537,467.33046160391314,71.53463853229302,190.37761380159864
17253376.qasm,16,success,1.7846797,qaoa,1.7677201647813283,1.8330450270528733,2.0562929653612905,1.7479564144492126,2.728346319027604,13.239300329091607,5.698344338650174,6.563113916943773
17253376.qasm,64,success,12.199884,qaoa,11.131855474835852,12.123947092204054,11.758446072630402,11.508752277708696,10.024112736185467,14.310927508759516,8.720114628670368,10.826146408648052
17253376.qasm,512,success,464.4622878000001,qaoa,481.45074249117357,503.8574693970313,532.7154174118098,445.8597761912717,2.0117180448141005,450.3269881702519,66.93842468076618,183.9897521665624
173d4b8b.qasm,16,success,0.4365735,qnn,0.15123490408833026,0.27671613491350666,0.29636182588751886,0.25771947431729153,0.32491919936207003,0.3065195521424863,0.48561388802905847,0.29506371578132384
173d4b8b.qasm,64,success,0.4759959,qnn,0.332005504505737,0.19800769115582004,0.23013511064884587,0.2364216302529083,0.5092512778959222,0.848691629718683,0.6424317492955549,0.6280979792947133
173d4b8b.qasm,512,success,0.4571515,qnn,0.4687071693521599,0.36074214670144106,0.2710197014895777,0.3694664246210841,0.4820985633786219,0.7602471522615591,0.4252836430003911,0.6068215948195717
175f2997.qasm,16,success,1.5397053,qaoa,1.4843991299627473,1.6520663576213326,1.5616562923040114,1.7414890668709069,2.3363209782813295,9.558896834272229,3.424533744264236,5.1146171536262495
175f2997.qasm,64,success,6.911357399999999,qaoa,7.864135409860534,7.513771935769931,7.697097160042131,7.750948031065019,7.227745110805752,9.593267512198759,6.452749046231929,8.425385867052865
175f2997.qasm,512,success,203.2557665999999,qaoa,277.3858096827935,298.1462621449865,220.953429561877,291.81921055664515,1.7534148592852934,278.2933511505536,28.668437101882994,143.7508483635841
17e5a14b.qasm,16,success,85.25765730000002,qaoa,68.19381746106426,44.49628716592845,65.02067326971516,102.47208518070617,45.10643069834431,48.226086159175885,71.63327673315612,46.10549351161528
17e5a14b.qasm,64,success,4.9438845,qaoa,3.7514667971703064,2.534819244964891,3.446694166044457,4.721193077103593,5.220998032488219,11.997903849291998,7.64325851338947,7.148544886542048
195099c8.qasm,16,success,0.3044958,qaoa,0.3016458213607354,0.5054607406822159,0.635332026334938,0.5914300417066919,4.213234863895728,16.849376644998035,14.747934924807147,15.293596754098857
195099c8.qasm,64,success,10.437987799999998,qaoa,7.70951230623767,6.189051110643533,8.252158558782751,3.6601482456626506,22.777436505259914,11.15875562038682,14.34915271450679,14.201382895979574
195099c8.qasm,512,success,0.2926443,qaoa,0.3154201589514257,0.38834100666677834,0.34641874626404573,0.2685289656178822,869.3500416403683,44.57183229136239,278.4908093423836,49.31460071060152
19550378.qasm,16,success,0.7261901,qft,3.206087021349917,1.7735157801011914,1.505832287515228,4.190010315627235,5.405626334312521,9.040071600080305,0.6620838841370896,8.334200156988995
19550378.qasm,64,success,0.7177524,qft,2.1481229992092854,2.7846768635168706,1.1925788257196928,4.151535595911069,4.167979349576052,16.596835939011978,1.4453087354245227,15.841552812140982
19550378.qasm,512,success,0.7171464,qft,12.288597924231565,10.482687658046949,3.6266474834253057,25.12125556820811,19.108564626751644,178.00042826411982,2.4386565770677615,105.09957544686601
1959a985.qasm,16,success,4.8913162,qaoa,6.459448588955018,6.929981857233952,6.463966128899097,5.901850795757998,0.33490959212311744,0.3725926008852085,0.9573824879024806,0.2895300097184659
1959a985.qasm,64,success,31.2692711,qaoa,3.9013123534690526,0.7851631284953289,1.6268162065378247,1.093252036036072,1.4552836654682368,0.7323828003042933,1.2590191316557495,2.1882330991288828
1959a985.qasm,512,success,1435.4921207999998,qaoa,357.5973712935518,372.96649305601323,226.2032618818683,467.25965788732856,0.3835337827920686,0.34486985491891897,13.562893518377887,0.4535390863263168
19d587f3.qasm,16,success,0.17350479999999996,vqe_su2,0.18846942177140966,0.14978249268330399,0.2981796539302924,0.2058406574614744,0.1828927713764258,0.13472177750279601,0.17808299511820808,0.19232478935481087
19d587f3.qasm,64,success,1.2004384,vqe_su2,1.0471747786412953,0.9375122170141382,1.1725075252474113,0.9550087494312383,1.2687757003029148,1.2154333861355282,1.4508096129489703,0.9845990897380661
19d587f3.qasm,512,success,0.172592,vqe_su2,0.137030680015082,0.1335510865285516,0.1826601320842876,0.2081325206389694,0.11235984679072387,0.14076725265508208,0.20029201566877983,0.14832452670752444
1a554de5.qasm,16,success,0.17159249999999998,qaoa,1.113012462458131,1.0393715138198913,0.9931483722146632,0.940021842246296,2.741153121181548,1.6724433614183718,0.8348510245318665,1.9264259035289473
1a554de5.qasm,64,success,0.1756577,qaoa,0.8045117471653473,0.4509093513952264,1.0432635238260273,0.3163175095014881,8.204136480465348,2.116432582024953,0.6861452571264136,3.7557807902579627
1a554de5.qasm,512,success,0.1775085,qaoa,11.60988502903906,0.48970330130444273,0.3806141994229957,0.4816081296210371,15.072828622923279,2.408091134347978,2.2343839866619786,4.714270826684455
1aa22822.qasm,16,success,20.512900800000004,qaoa,34.69719835071848,34.12978141002827,32.54495804493081,29.43813797583439,26.353467115665183,22.870207019376355,24.45081757880155,14.616052308434943
1aa22822.qasm,64,success,1.1141745,qaoa,2.914050604923426,1.7888894537394473,3.131312892962396,1.7538749765720067,2.3907816831692283,3.866178864990891,2.1324542082290554,2.211170008701428
1af5b336.qasm,16,success,1.0828512,qaoa,0.9210553538066316,0.9613218652136806,0.8935021684914142,0.9478753690999583,1.5000558756724918,3.8074199332481933,0.9143860794531766,2.2898194121197024
1af5b336.qasm,64,success,2.2817078,qaoa,2.058818791452464,1.8456325008803294,2.186625607456371,2.5446292140138427,3.9230809902432497,3.5559773909981645,2.3154458724498834,4.747090848049676
1af5b336.qasm,512,success,23.957207000000007,qaoa,21.122945404924767,31.09337849134083,20.233562457381975,31.69473844057216,1.2422868553520514,55.29836099294409,4.1560375604202395,58.43773217054753
1b91945f.qasm,16,success,0.5788403,qaoa,0.568748766453174,0.7481175158871567,0.7208636055139066,0.5255397282966515,1.2397527835657587,2.3649309073495406,0.560186283501022,1.497012842607905
1b91945f.qasm,64,success,1.1345342,qaoa,0.9673881308756088,0.9806587694425654,1.1734893501252333,1.0263788319569833,2.9621470348892593,2.261939640314099,1.573418005926507,3.791741881936576
1b91945f.qasm,512,success,2.7687015,qaoa,3.289351526401096,3.442576442890192,2.8779382475652904,5.014839787908018,1.0058448393276604,19.29686761298236,2.079220737580041,30.16444137874684
1cb3c32c.qasm,16,success,8.074354699999999,qaoa,7.177262319082178,6.470271484008656,6.581719170640162,6.864607044287997,2.681245009054712,4.60132957649523,2.6324571474933767,4.955292705663275
1cb3c32c.qasm,64,success,0.3971776,qaoa,0.29855057037886534,0.24961136853743132,0.2742514771242572,0.2835667563239414,1.2647937976866368,1.7857177505835482,2.4481491549799514,1.797979612292463
1d1dc1d8.qasm,16,success,2.091032,qaoa,2.1587528077275024,1.8835329137443744,1.8436924572703863,1.8627343773854426,2.9698697425040987,14.064435659780882,7.055380781313479,7.174225093323894
1d1dc1d8.qasm,64,success,12.1915016,qaoa,12.381318082431484,13.858823844992632,12.040941942687297,11.961085389107195,9.91986580065583,14.949702466484835,10.12113261790287,10.98862277704445
1d1dc1d8.qasm,512,success,477.1889418,qaoa,510.4612168104408,485.2931506937054,421.4900537038632,419.62572113590255,2.2128950063409105,476.5382053361123,79.76792391994402,194.53367403860753
1d4b1889.qasm,16,success,0.4623995,qaoa,0.5003639517850891,0.655529328818129,0.6362718216046878,0.43734425288671896,1.0164185508460986,1.3162920739241188,0.37292685028990563,0.8323888093386551
1d4b1889.qasm,64,success,0.339699,qaoa,0.5065263037980425,0.6555412496825025,0.7591306225917358,0.5523633719173623,1.9968308529249075,1.3351634807204007,0.9879111702151772,2.608831502868777
1d4b1889.qasm,512,success,0.3409897,qaoa,0.6680528679165676,0.5389307833877414,0.4529957566410903,0.8836749306239877,0.906515363379364,4.711373763909458,1.0926013801881749,9.926055519690037
1db5f683.qasm,16,success,2.0087796,qaoa,1.6629563550945297,2.1215379182642775,2.0956197710227724,1.70779035265384,2.9128132589506377,12.437514379186812,7.220446905393586,6.8015943421121206
1db5f683.qasm,64,success,11.511427700000002,qaoa,12.009402969908612,12.034805912699385,15.506681117079271,13.848058615250379,9.728912312840826,13.135982541149563,9.615217036520484,9.171211776554099
1db5f683.qasm,512,success,436.8524219,qaoa,378.800987321785,723.2929021203241,492.49344611691464,522.273381634236,2.149094941261785,396.80620345696144,65.51779631447246,163.93227247323463
1f1383d7.qasm,16,success,0.2250921,qaoa,0.23143936148953462,0.6468496149821202,0.40708720040262697,0.2379554517873361,0.46693495766267296,1.2259829665788213,1.5497759032701617,1.5349838864005154
1f1383d7.qasm,64,success,2.1631353,qaoa,1.704683124410886,1.966396674746261,1.9764790203446114,2.458498467457399,2.646327391459115,0.8807276343705728,1.7335830406234543,1.660756684170094
1f1383d7.qasm,512,success,0.2264848,qaoa,0.16785258016062277,0.26783681604167703,0.21969816973277,0.24121967702970665,16.14006548725653,5.167968264152146,11.946625106574103,6.660187370828349
1fd34b96.qasm,16,success,2.6722234,qaoa,2.7321758959730946,2.3348735415729527,2.2801380817650507,2.380568932587613,3.949262606554832,18.002772115023365,11.36212957670706,9.011667009768976
1fd34b96.qasm,64,success,21.079753,qaoa,19.129992379295977,20.5510052764964,17.84423704928332,16.66199552863683,11.551881017872565,19.499846590469247,14.204727886220503,13.123429925277174
1fd34b96.qasm,512,success,961.0837074000003,qaoa,750.821465321002,638.7297776244527,576.5817871703445,569.0676633579877,3.1092294589751606,594.2330130220452,128.9445707957754,223.18463046579043
20448412.qasm,16,success,147.65277569999995,randomcircuit,67.35633355642518,72.99853623824295,69.18350120104031,43.38426068535834,57.856858773212295,176.06187061266476,85.67242550356157,73.23720954597916
20448412.qasm,64,success,184.3939734999999,randomcircuit,52.19035041845771,33.57459261213693,51.814613943481866,61.832132889596664,19.78660215271915,168.99071168116953,16.27775777619121,35.93473568951181
20448412.qasm,512,success,148.94883800000002,randomcircuit,81.09898468192873,63.03856570537776,65.61802551549896,101.76784062168576,36.02953238528081,58.96183531560086,7.065669835419298,21.995141502533684
2059c310.qasm,16,success,0.4773265,ghz,0.411688504201491,0.5058774208699828,0.4079491332376068,0.6058852167123755,0.27298737586416927,0.6458901182646716,1.3013156549720033,0.48869173987568243
2059c310.qasm,64,success,3.3123999,ghz,2.572527925729335,2.870634243267224,1.656229449060861,3.489597945407003,0.21428063441539133,0.665110765151588,0.9165012882853627,0.5581805934367701
2078a631.qasm,16,success,2.4060191,qaoa,2.0014976923547336,2.450836410060498,2.819990113685365,1.992846790396327,3.4440896422311873,16.099358340682414,8.743342893502465,8.039849639899005
2078a631.qasm,64,success,16.260589,qaoa,15.968811011064055,15.94585042463446,20.204625129312095,16.82331657041938,10.951825804043713,17.32448033287498,11.834389703735816,12.1838235506789
2078a631.qasm,512,success,646.7251833,qaoa,467.57630559111067,896.7005736376246,625.638946773975,641.872992119884,2.6064233068903224,541.5892011230413,98.57004830140502,206.31162363766046
208334f1.qasm,16,success,0.1715742,qaoa,0.22659078936322063,0.2627083558918004,0.3815881019509513,0.34629748234118346,9.508883051732763,2.73385593357563,2.387660981996926,5.376416309675991
208334f1.qasm,64,success,1.1387004,qaoa,0.9944496362410975,0.6816903868435437,0.9125742900772765,0.8844482453427426,107.38665330593396,11.765933191000158,19.55944125537279,54.33088062129534
208334f1.qasm,512,success,0.18524460000000004,qaoa,0.3941613510965866,0.21385879725604584,0.43016644881102717,0.19117472884052403,2371.8710585973263,719.6889466310806,1156.2257592672136,1878.8853080281688
2190b5a7.qasm,16,success,0.21629669999999998,qft,0.11435620264260757,0.20959882354677936,0.14703333152262135,0.133122378216428,0.07222212036100016,0.11032730390090648,0.045232499025308966,0.13129411013115885
2190b5a7.qasm,64,success,0.1627301,qft,0.13738551410738797,0.1636062064156749,0.1397564288396493,0.17270666511955685,0.14973546596417117,0.2243803451751833,0.061550239991247806,0.18198704030095858
2190b5a7.qasm,512,success,0.2115168,qft,0.146607092405237,0.13777541236442595,0.1257445618773036,0.1529268373109309,0.14296498653229733,0.17917933127974706,0.13171136293511793,0.211398186023366
231bbda3.qasm,16,success,4.4113397,qft,1.4437364392894176,1.3916257027450434,1.9066813406972565,1.5829108403920924,0.5512545670013356,0.579635430289301,0.5363500414006447,0.8018692275103237
231bbda3.qasm,64,success,1.1731902,qft,0.8408040720603952,0.6008170571808832,0.4519572582513572,0.5388656977401945,0.8480385533019669,0.5225273672507185,0.8385515077333997,0.32648636878719695
231bbda3.qasm,512,success,4.424197,qft,1.408817193156501,0.9877118116524208,0.9711401699624089,0.9744110884244089,0.6127019984938917,0.4998073975877414,1.6462924550059856,0.9193033044070543
235dda60.qasm,16,success,2.3659587,qaoa,2.291121942496799,2.1478066821006654,2.510651382212454,2.1160889847423334,3.4440896422311873,16.099358340682414,8.743342893502465,8.039849639899005
235dda60.qasm,64,success,16.3526073,qaoa,14.58350752183768,15.403894452407373,15.854907843512489,14.722744560980553,10.951825804043713,17.32448033287498,11.834389703735816,12.1838235506789
235dda60.qasm,512,success,307.20749069999994,qaoa,579.3949946877381,661.5713170732361,714.5415861359472,582.5768229731606,2.6064233068903224,541.5892011230413,98.57004830140502,206.31162363766046
24ca3082.qasm,16,success,2771.0450235,qnn,1749.5451999914542,59.5035733342604,589.7682398096227,266.65343913998754,683.4395502735364,5.113528538163287,0.7794725146413176,4.83329785728127
24ca3082.qasm,64,success,1988.8930581999996,qnn,1134.8832623859087,96.0627536927447,414.661905887282,339.9042329987672,973.3634875441289,21.93445857206947,6.90518634613247,11.484771811718737
24ca3082.qasm,512,success,2669.2542047999996,qnn,944.3110263585666,49.05824130784389,439.8746204472708,591.6721625075659,8107.801769801695,22.679986701086893,3.9965492237941365,4.751651024531423
25e26219.qasm,16,success,2.1708568,qaoa,1.2633146662123187,1.3721133432929546,1.7768158994034675,1.1722622677966739,0.17689263495040916,0.17396896523586292,0.3193930848768927,0.12563209146068502
25e26219.qasm,64,success,19.4090902,qaoa,1.229937841265126,1.2089954612514622,0.5417584776271032,1.2565935025758912,1.4699785005650927,0.527072036188282,0.4602050815611688,1.1019403401344217
25e26219.qasm,512,success,705.1982490999998,qaoa,86.74685937430176,96.57733168071651,95.55946807217273,147.51870255230014,0.20179816663926975,0.0921209839813924,0.3692132789621122,0.10525272945934394
25e5b703.qasm,16,success,0.17933479999999996,qaoa,0.37850043140314743,0.534299774960605,0.2789184526659957,0.31771690743131364,0.27343880294709827,0.3717720508699236,0.44761871045194984,0.4607332502901305
25e5b703.qasm,64,success,0.21299800000000002,qaoa,0.19216476682760295,0.4837519568138463,0.150464844442535,0.29483908929580804,0.1891500298334639,0.2538242711614483,0.18909596319108274,0.29602312290060806
25e5b703.qasm,512,success,0.17741980000000002,qaoa,0.17954996257835926,0.22992251659494692,0.07829447516829721,0.20797475828723974,0.17630217201549342,0.29388307594075913,0.13795402857481168,0.29889200112873293
264ca70e.qasm,16,success,1.6579639,qaoa,1.4926419707571619,1.8535835476865379,1.6503335190375226,1.725615861681718,2.6634254780863036,12.171719740517402,3.8916282057383467,5.9023432951717965
264ca70e.qasm,64,success,9.2260978,qaoa,10.27972477679638,10.811535690418891,8.474325004271746,9.949293532009493,8.585333812432859,12.76793274576002,7.729627402954457,11.211218450214306
264ca70e.qasm,512,success,351.8730803,qaoa,390.17503636426216,438.9540898425452,320.816942563734,379.7544056657766,1.9688492317724644,384.2041602735639,42.24648650493075,167.5111985868055
27a012bc.qasm,16,success,0.5722517,qaoa,0.5542756203177788,0.5913328680962854,0.6182848395851266,0.606728824551454,1.096093017667092,1.4933989567191936,0.4136998189835144,0.9444129960376125
27a012bc.qasm,64,success,0.4555887,qaoa,0.5685637800625488,0.5288010647851639,0.45410067357855866,0.504414275947077,2.06153784385653,1.452101604656945,1.08220722813489,2.778675815044329
27a012bc.qasm,512,success,0.4530507,qaoa,0.475785365278528,0.4626006023459987,0.3735863275121137,0.5345059816091678,1.0119126995982226,5.981964699229974,1.26365116136353,11.884654943466296
27dbf314.qasm,16,success,4101.517750300001,randomcircuit,2238.8091374882733,2355.62844832185,2173.330516853459,2635.8205648452877,744.9036714679117,20423.206119076865,127104.04010143997,37956.619739095506
27dbf314.qasm,64,success,781.3788183,randomcircuit,2759.939807705456,3192.843048625519,2982.958995991039,2767.474304243308,817.5865909233792,39476.07637698489,145251.24561771363,64670.630083907265
27dbf314.qasm,512,timeout,14399.999999999989,randomcircuit,19472.557229248734,32172.08376807661,24243.956738113407,28535.51302890979,5926.409052836339,60522.46644871253,127968.01708312407,101189.52009045258
27e0ec8e.qasm,16,success,0.18189549999999996,qaoa,0.20118055697122067,0.18845222137255252,0.1589056687874791,0.13515966181302078,0.14206587854414604,0.23684652396487524,0.196169240602523,0.2362956372361851
27e0ec8e.qasm,64,success,0.5226683,qaoa,0.6602688891858547,0.6478024908931072,0.5759035037052918,0.6344716144172582,0.289033927898828,0.2657741902016068,0.25466325273767565,0.2903442004628567
27e0ec8e.qasm,512,success,0.17007229999999998,qaoa,0.1578336175152302,0.12638311072897998,0.13417698740271372,0.142802791693806,0.18254738080463412,0.2785457389194109,0.2056741595748519,0.22764413837597694
2818a462.qasm,16,success,0.1707319,graphstate,0.2869775693302444,0.25790771488324055,0.2373938403728591,0.2783622622090663,0.916363878468896,0.9060393541478781,0.5837384153698444,1.3808147651861942
2818a462.qasm,64,success,0.532209,graphstate,0.6302614955687041,0.7739443053137458,0.7137734964817409,1.180588067184465,0.4979619463707382,1.8420053454081797,0.7502631104769217,0.9080989551242628
2818a462.qasm,512,success,0.1782918,graphstate,0.21586963675967913,0.4596931644796694,0.1404032989438974,1.3119476607610052,0.6759235105812822,5.118081067316454,0.36859989061892207,1.2444177667561052
28f914b0.qasm,16,success,0.17556589999999997,qft,0.3567456016147322,0.33184724589029396,0.3311546033613847,0.366373014722032,0.14518141026474768,0.19992405603914715,0.10489853363607704,0.2646129276229233
28f914b0.qasm,64,success,0.3044709,qft,0.30492072755480637,0.16938094463474848,0.26150000822740466,0.23518927991972935,0.1646662029568643,0.18347367742303522,0.06933973837874362,0.23643331168880585
28f914b0.qasm,512,success,0.18904039999999997,qft,0.29330018436165345,0.2776946510258369,0.23593240502559812,0.3375740616266798,0.3092061220719991,0.20198325903054343,0.16659852961335025,0.34515983537683703
29886bb3.qasm,16,success,1.1166224,qaoa,0.8315625146798713,0.8174287835202929,0.903971459498077,0.773866662530788,1.5012861731499354,3.811436267383831,0.9152614472694687,2.292973667918801
29886bb3.qasm,64,success,2.2984934,qaoa,2.304341289071738,2.0670960891798416,2.5978144065805475,2.3151436807017083,3.923127833266019,3.562822866060637,2.317930359451146,4.746860869399226
29886bb3.qasm,512,success,24.0384279,qaoa,21.42551090144043,23.154986250002803,27.10205569997481,26.06854750452638,1.2407315298000847,55.24510898738387,4.161092615444105,58.328389948756026
29a887f9.qasm,16,success,1.282956,qaoa,1.4245759216217944,0.9471579290682199,0.700104402886595,0.7668962469890318,0.46337064017935947,1.028046619912593,0.8871322370091752,0.6744469537027219
29a887f9.qasm,64,success,0.1893478,qaoa,0.49626703460999916,0.19208974855807315,0.40963392086621825,0.22789612729568975,4.703447809760432,4.004145555535203,1.9809030837778228,2.576496621132293
29a887f9.qasm,512,success,115.45068950000004,qaoa,47.418809505407864,23.53301854766926,89.63811474163332,8.11783833555744,0.6677979815172709,5.062089836613341,2.1833627744115787,5.01553291414334
2a04dd73.qasm,16,success,2475.065750599999,randomcircuit,1926.3986713584702,1890.6248751812952,2045.5690412834972,2094.017517462825,567.0593194751444,16422.970673971027,110834.47624946962,23697.287576139377
2a04dd73.qasm,64,success,4965.618169699998,randomcircuit,1238.502644723335,962.7982445517284,1065.8179242071728,1333.539734172679,471.19958451344513,27809.542228746992,123520.40326602782,38380.551743106116
2a04dd73.qasm,512,timeout,14399.999999999989,randomcircuit,27516.719261756574,18515.04275403481,19613.05826945287,18785.48048035404,3606.027288138607,34449.49087648245,100744.6491343947,62613.23536483949
2a0e53ef.qasm,16,success,2.3114425,graphstate,2.6843795118332534,2.51835233224005,1.4300857675836463,1.4529456080439291,1.0889436198341014,1.192105407350227,0.8294605486368066,5.51563938796941
2a0e53ef.qasm,64,success,7.718355099999999,graphstate,8.43432564656826,9.783685342034204,6.4532636038539835,6.843804335104185,2.0381987930022554,1.5332631106245458,7.627951159562924,5.180428938702174
2a48defb.qasm,16,success,1.2252849,qnn,0.7236485681065454,0.8591564524499105,0.9857784086601509,0.9302216538166517,0.6028552647861865,0.3766831494930809,0.31135974991975907,0.38312899974084197
2a48defb.qasm,64,success,1.1154698,qnn,1.2368057280061997,0.6414741837040461,1.003083487422648,0.8294237224992203,1.2059179304246175,1.265678181913452,0.8970366107547861,1.2914508275255538
2a48defb.qasm,512,success,1.0666831,qnn,1.4040842475584483,0.9814462367159923,0.8443847955380215,1.1901040909259137,1.2122112728000876,0.7403804120761976,0.601388336543439,0.5706059965269847
2af6859b.qasm,16,success,1.6940842,qaoa,1.9983776676881473,1.86806245428658,1.6838792818788257,1.7160654450392474,2.7939820818291343,12.979490549622536,4.781344671456594,6.353233067952112
2af6859b.qasm,64,success,10.535087,qaoa,10.88971194042687,11.519045845662472,10.080921273666629,10.661950954371822,9.333314721976551,13.74591266147807,8.385485154817848,11.11863268237561
2af6859b.qasm,512,success,406.7180611000001,qaoa,435.94716803404674,404.61153469159484,340.4243123327573,361.18600413040406,2.021045477214563,421.65390911020387,51.80117535860997,176.5011314468297
2afe3d2e.qasm,16,timeout,14399.999999999989,qaoa,61981.3631861459,167834.28986799708,153634.45649966958,58857.34437773157,860425.6798398732,1739391.9399999094,328830.1178635177,793232.8861639389
2afe3d2e.qasm,64,success,42993.98471110003,qaoa,88294.24317574954,167586.25487227214,114518.22476946253,85389.05483707339,265036.9744309843,698891.0288483393,321552.03516764054,323023.7305356474
2b148d98.qasm,16,success,1.743242,qaoa,1.625533679745928,2.0410740876361735,2.172057540003178,1.6012219362375315,2.7265046407213305,13.234111923516569,5.696455957544554,6.558504581493673
2b148d98.qasm,64,success,12.223726400000002,qaoa,11.091731833747401,12.024549837141894,13.432177123294355,12.897954474576155,10.024365878672002,14.298731719737878,8.718101860056727,10.828922298521787
2b148d98.qasm,512,success,463.92748639999985,qaoa,368.03843323948956,698.1628067464478,478.41343967531714,507.5620685094586,2.0101606282446345,450.91105323452615,66.96861980171126,184.09230235525385
2b2951ed.qasm,16,success,2.0077434,qaoa,2.1032177184521967,1.7465476424451085,1.7459651377603582,1.8550003038157865,2.9120002435587895,12.435892850329262,7.219429252413916,6.799430872144935
2b2951ed.qasm,64,success,11.446549900000003,qaoa,11.843137671539129,12.347226746560674,10.489408512700491,11.051425191328663,9.728722710281934,13.131202266587186,9.613714086065944,9.171844924920274
2b2951ed.qasm,512,success,452.89710410000015,qaoa,484.3108056372918,461.3044420238933,385.5938887755694,397.2401566262508,2.1484962720343934,397.01320381478826,65.52758031336785,163.9715151577423
2bc3295c.qasm,16,success,1.2265953,qaoa,0.9827280881654032,1.006821304860112,1.1216084815569005,0.8749146412632308,0.21933817368447164,0.19898594547624524,0.29950343376381966,0.15717103352239903
2bc3295c.qasm,64,success,2.2849539,qaoa,1.0485122210991984,0.9339532595318576,0.38525616427567705,0.8580248337485857,1.765349027333446,0.6201613097381496,0.41405128290507703,0.9243730362062614
2bc3295c.qasm,512,success,247.46428770000006,qaoa,33.68704830389734,40.99758536671409,35.529382057311366,39.347891909232494,0.2586986206753297,0.10769422344845456,0.41517239113263327,0.13996604063020424
2cbfff1b.qasm,16,success,1.6880952,qaoa,1.354882835910884,1.6991409533594775,1.5757499233567942,1.582515936016796,2.470787403975991,11.005979977131176,3.61549442333271,5.540293557574334
2cbfff1b.qasm,64,success,7.727305599999999,qaoa,8.957023141982212,9.804851297033355,7.896319236069623,9.354844080070604,7.813824114749963,11.23662928704156,7.19633635573415,10.165220288485948
2cbfff1b.qasm,512,success,262.0564581000001,qaoa,314.59043498773576,391.5362770500703,292.3934604745163,331.2352855827607,1.8321444810537482,336.402553306041,36.66391072054364,160.1346874291093
2cedce95.qasm,16,success,2.0571062,qaoa,2.158824952510364,1.883385442395346,1.8435626537866892,1.8623770122085,2.9710876944284297,14.067431758192466,7.056809189169206,7.177347033167574
2cedce95.qasm,64,success,12.120102900000001,qaoa,12.384768083358635,13.858139123532679,12.04150382492717,11.961709211995425,9.9201966384414,14.957685976594226,10.12299136754451,10.98703935362246
2cedce95.qasm,512,success,487.45001670000016,qaoa,510.41049724386244,485.30007755343775,421.48750843017166,419.69967505329623,2.213834575392986,476.1815035467011,79.74887714391005,194.4736645542695
2d399444.qasm,16,success,0.24198299999999998,wstate,0.1667287954162141,0.27601829998623717,0.33565198342857316,0.3112461022259109,0.23327348825029026,0.21841703444297994,0.28307533627382153,0.19204277487926655
2d399444.qasm,64,success,0.174648,wstate,0.15026569890190314,0.3384113132918432,0.1960717759096236,0.30895932260617537,0.19892109531935687,0.33514246070431625,0.4048374971223839,0.35381788787174195
2ea1bf91.qasm,16,success,4.1367724,qaoa,5.1215677112707825,3.7124860970335534,3.1784151129463547,3.7173143816878174,1.2030099035189397,2.184288455407065,1.0187038634924048,2.873582920500061
2ea1bf91.qasm,64,success,0.1732643,qaoa,0.3857360865654129,0.22062135095082586,0.30620155537886007,0.4041851440296479,1.6347691632426888,3.7954338113506574,1.563603775069923,1.9436879920125978
3026aed7.qasm,16,success,2.6565661,qaoa,2.676428528641414,2.4129854874258587,2.8333587172381915,2.400203198548245,3.9487016602252525,18.001843123361223,11.361393567134948,9.010412977637722
3026aed7.qasm,64,success,20.9371593,qaoa,17.272188317115596,17.702042976049103,19.017110304538846,17.166150035128492,11.551389543411618,19.496646055888178,14.203597206977047,13.124017104209639
3026aed7.qasm,512,success,976.3809184000002,qaoa,635.5918363142222,756.251764402739,822.1238696817373,671.9519501445034,3.108655566186677,594.3765678124372,128.95533100095972,223.19565787031058
306ac152.qasm,16,success,0.1732208,vqe_su2,0.37924546322384084,0.29231770584608985,0.25340797372817236,0.6155858029962125,1.1962977889025905,1.8780824812122041,0.957359034050888,1.8568970705031236
306ac152.qasm,64,success,4.8258445,vqe_su2,6.771041187783639,3.4727869712266,5.197175513167749,5.295649980799464,1.7712982198969773,2.830302731552412,0.9395424229299415,3.7689180784975367
306ac152.qasm,512,success,0.19620739999999998,vqe_su2,0.11352290951382017,0.180051293994295,0.16066998863125306,0.17739277921992344,74.54232019389153,2.471018513233354,16.813705006910276,2.4198939527438146
3099a023.qasm,16,success,0.1891862,randomcircuit,0.24160809266962927,0.33349828967163714,0.51107315576302,0.2707301363679055,0.39532039415171605,0.31050806173616957,0.42106260547723173,0.42011357358369134
3099a023.qasm,64,success,0.1662113,randomcircuit,0.2846288682357807,0.31539505188640127,0.5997433708125856,0.35060268870385863,0.5080649857769572,0.5894270440514939,0.2891944707907609,0.8952727752848126
31b8fb3c.qasm,16,success,0.4341455,qft,1.2157264265077614,1.3753503422363798,2.014036668575731,1.6721918109658382,0.44040541593659716,0.43626846168929,0.5576443697883503,0.48073434496633766
31b8fb3c.qasm,64,success,0.7438204,qft,0.7272147115346138,0.8657160238299001,0.5988268526607503,0.7703709543682697,0.7246637030788472,0.38688559371466025,0.7028139637514982,0.210701913609789
31b8fb3c.qasm,512,success,0.4242436,qft,1.3394844843090077,1.354998967023844,1.1975162968608402,1.1997792289306175,0.5257674483165299,0.40235386558834213,1.4921123037814092,0.6113109211387995
31fd025e.qasm,16,success,1.6643892,qaoa,1.734823133724829,1.6325181608594157,1.4909535195227843,1.4626825362575377,2.4720485093215987,11.010231382049954,3.6166443193674307,5.543361764822751
31fd025e.qasm,64,success,7.7553806,qaoa,8.435784307174877,8.924025614892141,8.091405259548772,8.405511044832688,7.81392599402843,11.245537297440963,7.19797408151686,10.16318082286103
31fd025e.qasm,512,success,267.4834676,qaoa,309.82062439546667,306.40035403395143,259.77309783951904,271.3275245803568,1.8324600807959162,336.12159084648806,36.66340753100995,160.05040336068916
320de9fb.qasm,16,success,31.2115921,qaoa,4.988173394956296,10.272368476947637,32.247676634429844,6.553527005096202,4.495079520725485,1.4243905360273137,2.0420717226142577,1.3211520406612298
320de9fb.qasm,64,success,323.8165090000001,qaoa,95.14055043825462,3.562870297319224,78.82143801762338,71.85687396510085,2.6061189066844617,0.9072602900016336,2.0302858854901156,1.588117653041301
320de9fb.qasm,512,timeout,14399.999999999989,qaoa,453.4736706391652,269.96342641977395,1368.4570899784578,326.3635716629346,9.701525056596648,1.0132869440447525,1.6283607536095461,0.7749424586116747
32de9cc1.qasm,16,success,1.1081809,qaoa,0.7527421249234371,0.8727134831721935,0.7990904441965636,0.8211785976277319,1.5002104441553996,3.8079242259057557,0.9144958939128045,2.290214478219855
32de9cc1.qasm,64,success,2.2914262,qaoa,1.995424899991381,2.632567524197614,1.6662520351004135,2.7728480999143787,3.923087451316585,3.55683644389125,2.3157579562171327,4.747062181547725
32de9cc1.qasm,512,success,23.9661902,qaoa,15.37729242481934,24.563392786317184,12.287734443144434,22.153606677808956,1.2420909693200317,55.29165236090319,4.156673028364378,58.42395496599409
32f44532.qasm,16,success,9.8694186,qaoa,8.207345009901985,8.877857500634397,6.781709468514019,9.289079843313228,2.991434857796566,5.384409851244573,3.6404505852413407,6.69935322952354
32f44532.qasm,64,success,0.2578694,qaoa,0.2571512708303398,0.2503680358106083,0.22162480536062565,0.2485515969227322,1.2931106393235254,3.4367368780850422,2.5075951517621164,2.3891724571184008
336f664c.qasm,16,success,0.1830161,graphstate,0.30107186986320716,3.315865161771706,3.836083517735491,2.162811027250637,6.424626978497913,2.076993823199842,2.03538635035298,7.38652971438731
336f664c.qasm,64,success,0.9599532,graphstate,0.6742819779923219,2.889938259347674,2.3568288350408415,3.487649727121805,14.221324128849403,2.480499862053626,12.303357309776851,7.68115802750582
33a2f9be.qasm,16,success,1.0288815,qaoa,0.9854344864002905,1.2450642033009625,1.0938038462932504,1.1452255882167504,1.905388154298349,6.71527033867248,1.6384263908347902,3.6223689613282612
33a2f9be.qasm,64,success,4.3299639,qaoa,4.730887412342911,4.968430347939523,3.464612058007426,5.115930679017731,5.601189767972652,6.5472294746299715,4.264015134702985,7.682392593433704
33a2f9be.qasm,512,success,94.16065650000002,qaoa,107.14786467449535,112.18994562436347,74.24084399869821,90.08125498801532,1.4523077384292735,149.46731800996375,11.379120937855145,100.08413896992023
33c62fb8.qasm,16,success,30.588287800000003,qft,63.0966281208724,81.69867147970784,67.01854603565316,114.16049930886537,0.7952524327230999,0.6720230569825957,8.41396665944029,1.0188765107084843
33c62fb8.qasm,64,success,12.3254206,qft,10.005656083342204,32.91899120923168,13.557139178832825,21.26502050469575,1.99427090706093,0.7523229067486835,9.251957116295722,0.5729994609816953
33c62fb8.qasm,512,success,30.066362499999993,qft,39.955159730869106,96.77967804398644,103.34713439375527,99.06887429644759,1.613907535026323,0.9708747047114965,3.452197179964399,2.087094052836846
3436484d.qasm,16,success,1.3751076,qaoa,1.0580324776368342,1.3278029283515038,1.4011069162656768,1.0035950542942602,2.1230314177606644,8.264209919818592,2.1472522814637443,4.284326383520341
3436484d.qasm,64,success,5.724491800000001,qaoa,5.794875621169228,4.733825060615215,4.948942715663961,5.933035201691248,6.420836587414482,8.23680733804937,5.26826687057354,8.82776310665409
3436484d.qasm,512,success,133.89079619999998,qaoa,166.48586724214613,232.98574987629607,172.0718807671733,205.31823430087033,1.6032732740261346,212.64261704912835,17.4704593936657,121.03899796429849
36d0ea8f.qasm,16,success,0.21199920000000003,qaoa,0.20118055697122067,0.18845222137255252,0.1589056687874791,0.13515966181302078,0.14206587854414604,0.23684652396487524,0.196169240602523,0.2362956372361851
36d0ea8f.qasm,64,success,0.4986337,qaoa,0.6602688891858547,0.6478024908931072,0.5759035037052918,0.6344716144172582,0.289033927898828,0.2657741902016068,0.25466325273767565,0.2903442004628567
36d0ea8f.qasm,512,success,0.24181749999999996,qaoa,0.1578336175152302,0.12638311072897998,0.13417698740271372,0.142802791693806,0.18254738080463412,0.2785457389194109,0.2056741595748519,0.22764413837597694
36e23777.qasm,16,success,1.4011911,qaoa,1.6619231843637456,1.5135932119364874,1.4056417191208699,1.411858575337294,2.3895510492962697,9.779546489843662,3.6145998715552072,5.21715441570384
36e23777.qasm,64,success,7.946151799999999,qaoa,7.7349419705030735,7.966604377376306,7.0709849634494555,7.804569369934777,7.251529942757114,9.801338396407646,6.660694702252766,8.53161925118431
36e23777.qasm,512,success,294.89537780000006,qaoa,271.0521011731284,284.1533123423669,232.3307789870378,247.4815153463157,1.825899018386128,284.6577769324573,30.84675845463151,146.12518204847984
371eea68.qasm,16,success,0.1772997,graphstate,0.23093036647787574,0.2521874003867316,0.2884653258082877,0.18554092189479518,0.2901566556310669,0.27273875178786244,0.23787672603655036,0.2502758603342968
371eea68.qasm,64,success,0.2752777,graphstate,0.25447472588721254,0.3735319566982119,0.36513947213786574,0.2692485110375966,0.30284605050757885,0.3664823709419386,0.4571344851210843,0.504325983081366
376d7d92.qasm,16,success,0.1843133,wstate,0.19674030360645883,0.25812677050951466,0.12804830489776645,0.15393549389191294,0.6664823348183728,0.5257566246033384,0.529483094026718,0.848220837834248
376d7d92.qasm,64,success,2.6315011,wstate,2.6211141774019087,3.193586324021141,2.4852447903948627,1.9558048085328825,1.4035677052772322,1.4852872334897096,1.1430030361863894,1.796378091924347
376d7d92.qasm,512,success,0.17325090000000004,wstate,0.16142356104047936,0.13039507758627114,0.15261539306550162,0.14208609919991375,0.17475560107968507,0.4054976926505893,0.48233956528283256,0.728017398154623
37bd268c.qasm,16,success,0.2436995,graphstate,0.22825309576465788,0.3686573888263945,0.23979105752524132,0.3313480690769914,3.0220265862122644,1.4035613484250007,1.1430784152761604,1.9606101227503345
37bd268c.qasm,64,success,1.1299787,graphstate,1.0771659601114465,0.8774214503772808,1.0081459836324713,1.0195417503173387,8.714287012264966,1.3931810661134028,4.39262045432316,1.8733810884750948
37bd268c.qasm,512,success,0.2388701,graphstate,0.15526963449845577,0.159326636954739,0.16108499644813032,0.09388890809057149,73.87712870025976,13.890170807390637,39.619607225661426,8.927360077458449
3814b0b9.qasm,16,success,133.23585000000006,randomcircuit,130.36698382721193,124.10515345254566,144.16702238079426,78.63815940166938,29.919916273073078,121.19052744512301,337.4361182645402,44.40407121770173
3814b0b9.qasm,64,success,255.78723799999995,randomcircuit,183.13611233842872,196.24927267884985,182.31415495761675,153.38534343350796,26.495259800934114,34.08226119571953,545.0925199811811,57.53546368144358
383bbcad.qasm,16,success,0.18195030000000004,wstate,0.19561610395849127,0.1597438750584597,0.24606771153888587,0.1717361535269507,0.131395562656949,0.09832862215247602,0.17901887034607802,0.12628759092222971
383bbcad.qasm,64,success,0.6394028,wstate,0.6136821374700476,0.4645473391412865,0.7147651159973802,0.49612337724924377,0.4494375046283148,0.39093950701086116,0.5794947995409184,0.2986182679325539
383bbcad.qasm,512,success,0.1866326,wstate,0.1950719696316236,0.1606901887223778,0.13880556584074066,0.21341998099927262,0.12431184787578263,0.14482899989091247,0.2014790319543564,0.13132741426011704
3841ff5b.qasm,16,success,2.0053667,qaoa,2.3242452733271883,2.0283111062487715,1.9481925281241308,2.003276446214167,3.1803595075089084,15.031012780009616,7.733655442177499,7.487520609754775
3841ff5b.qasm,64,success,15.528729499999997,qaoa,13.867701657460897,15.570197477840305,13.167295555863378,13.170411437978487,10.541649406528554,16.17770465496408,10.666207071227365,11.622380786366815
3841ff5b.qasm,512,success,698.9163240000001,qaoa,576.7546391813672,530.6710332246305,456.6202807793386,462.9552636635326,2.4292568171815447,505.338660986263,89.86580028115272,198.62774547945736
385fa1b6.qasm,16,success,3.8934353,qnn,4.2290128206255915,1.6933692120506276,2.7747026124307355,3.3549157222856185,1.557049665065097,0.6428886784474283,0.5176853554187093,0.6626190830254246
385fa1b6.qasm,64,success,3.5853261,qnn,2.432911323998365,3.286183899682543,3.162298926536787,2.460926699472081,2.3468131381355173,3.8721278926662217,2.2804386775838834,3.3559422103577234
385fa1b6.qasm,512,success,3.8160909999999997,qnn,2.9028678485266637,3.3490768459811533,3.2555223968360356,2.440069892327804,3.0352049105603616,1.0572608258882625,0.9428753862113086,1.0167946027203059
386534f5.qasm,16,success,1.7916922,qaoa,1.9650387146902453,1.831419436289964,1.6496441415364846,1.6702933215084663,2.7472754121049974,12.62290559457322,4.5341915440244,6.1905921410473645
386534f5.qasm,64,success,10.0276048,qaoa,10.486040351148214,11.040070568872027,9.704446771350513,10.264718775880722,8.968205724405413,13.287488090011513,8.202943033994805,11.028606522406424
386534f5.qasm,512,success,387.70292720000015,qaoa,416.4102195840586,387.42079339539885,325.9698216546649,344.3421332924389,2.0246507185999083,407.170232562804,49.09067809133538,174.2887479539945
3a8d3e53.qasm,16,success,0.2819158,randomcircuit,0.6698300080995362,0.34798779929558665,0.8882997147091964,0.622589627130309,0.6657835868856877,0.9713817104326999,0.6400370849702747,0.9147219649571232
3a8d3e53.qasm,64,success,1.254632,randomcircuit,0.8207574238586043,0.6932481808681323,0.9553661129686195,0.9841923616760037,0.9064919426542875,1.8627823124793446,1.236983591236651,0.8901507786645684
3a8d3e53.qasm,512,success,0.2745265,randomcircuit,0.9427495808735045,0.5213174823375389,0.7669766904281397,0.901825230471425,0.7721888129228922,0.7038805074186117,0.5956888032935967,0.6228553390604964
3be98d6c.qasm,16,success,2.6949336,graphstate,2.832104132062811,1.5648344868753539,1.8090190073644565,1.3496518499475516,3.7352336985812475,2.866377498835085,2.2033567084591756,5.027396276461466
3be98d6c.qasm,64,success,18.448310400000004,graphstate,13.99186009433317,7.363309561697665,9.383607845233167,5.781503513365178,5.60335186511478,6.828017368696333,4.6845578018008025,10.951531204174081
3be98d6c.qasm,512,success,485.3121658,graphstate,899.2299709500911,406.68725184928303,100.16405957986487,165.76211634591803,3.3272928830507325,3.0648114627815852,2.300591774320523,10.76174367411179
3c1f4948.qasm,16,success,0.1785881,qaoa,0.12259805268149315,0.09258986762940985,0.10368472128832587,0.1259709805003452,0.12546128429281575,0.1940611740202775,0.2288081553905438,0.16840790250273815
3c1f4948.qasm,64,success,0.21056039999999998,qaoa,0.1201134638760444,0.115611119369887,0.11516051955730364,0.15617996850903593,0.1580888267803344,0.19028002337809705,0.2649553980026602,0.20552178645447358
3c1f4948.qasm,512,success,0.17540579999999997,qaoa,0.15405680973792105,0.12672779978765336,0.1320640768491461,0.15519817739160174,0.19725638541077256,0.29468414860430076,0.24175072037050158,0.26190227980721253
3c2f55c1.qasm,16,timeout,14399.999999999989,qaoa,4466.02529794704,3411.101256406018,2614.6767378031745,2919.7737340584035,1849.5334371294375,5680.953495370376,1951.0758044886047,3538.5377527550563
3c2f55c1.qasm,64,success,10512.19065499999,qaoa,3183.089599713571,4218.4515426142925,6564.809353111517,3419.3169691957173,3700.6667803124055,1056.2958928036892,3107.9265124673016,5135.827042380824
3c890561.qasm,16,success,16.929373900000005,qft,1.7923662616385765,1.9171837213084402,2.6203592040594708,2.4305440928771436,0.6646909047760133,0.5928508729123091,0.7968056511384424,0.48884662993264283
3c890561.qasm,64,success,1.2557023,qft,0.8171759512770677,1.046694722669858,0.7572537310582788,0.9327818189480169,0.8566555905299215,0.4509501354207068,0.820190847892887,0.20859172483076047
3c890561.qasm,512,success,17.211887000000004,qft,1.7843529294184808,2.0099913805200122,1.4642507974325472,1.8096472607621636,0.6899668669135604,0.5463352000369784,1.7093175278639259,0.7197762677387107
3ccd19ee.qasm,16,success,2.046703,qaoa,1.7072282134813301,2.2272997993455994,2.393181789041521,1.7699565653778075,2.9685137662157723,14.061100548386477,7.053794861106722,7.170746272833285
3ccd19ee.qasm,64,success,12.164556399999997,qaoa,12.489052285735786,13.593821121545629,16.241958777024646,14.615145635095418,9.919499577456026,14.940800442995425,10.119057556359378,10.990387431953643
3ccd19ee.qasm,512,success,483.04813420000016,qaoa,392.3875243576813,794.3999277971793,546.5838957652309,570.9887606368096,2.2118492822597915,476.9365413844006,79.78925294923036,194.60075280737755
3db115f1.qasm,16,success,0.2136195,graphstate,0.26096909607376045,0.22908875361169215,0.2201624340161795,0.21434752068096147,0.1749387210848316,0.19947925167970507,0.19070523110664608,0.18397965179157744
3db115f1.qasm,64,success,0.2706139,graphstate,0.22894702895105828,0.319259591282723,0.2851301855365583,0.30802059117937003,0.24213982494241648,0.3324734780510629,0.5601093677049152,0.22486450268744876
3db115f1.qasm,512,success,0.17478360000000004,graphstate,0.22529456689437932,0.22648153593306095,0.1549584167315014,0.20540013838002177,0.19699087566311835,0.19884163833312168,0.1471529844058369,0.1812441530866365
3e2fde05.qasm,16,success,1.4735673,qaoa,1.3710130342540194,1.6592280906447687,1.846756370161056,1.2857655981695082,2.5489971993638383,11.510632055271483,3.458749355513276,5.615432499178429
3e2fde05.qasm,64,success,8.440909600000001,qaoa,9.08468283159235,8.012290335250627,8.186059757674082,9.211947946204866,8.195235977288265,11.972775981469333,7.268081639856685,10.925235569266105
3e2fde05.qasm,512,success,314.5541481999999,qaoa,286.4906184720734,467.8798111632627,339.29143085027886,370.72773721378326,1.8659751352056575,353.1830550089969,36.25298863210043,159.88249491678786
3e730381.qasm,16,success,0.1677842,ghz,0.21348859102138776,0.13538560341942368,0.22457240352958446,0.30370806617280643,0.4737054484776119,0.7079954747000062,0.3560736026992683,0.6851628279358408
3e730381.qasm,64,success,1.4118832,ghz,1.5648788365473065,0.9958331706475205,1.1920115805768838,1.62257277253305,0.25640612439209226,0.44577179089161795,0.5154494354501413,1.0919907140143794
3eb6cff0.qasm,16,success,13.542158100000002,qaoa,4.238932031899285,4.713865169496245,9.394490052697467,2.3317856540907584,1.292001245788567,1.9196569651903368,1.4531429368269781,1.5373310515821914
3eb6cff0.qasm,64,success,12.568248899999999,qaoa,10.860618987124552,7.9010489594068805,8.246048365595566,3.5568242399825034,1.8872080415330137,8.309629333233076,3.0195726344275644,3.510889250061244
3eb6cff0.qasm,512,success,13.965547100000002,qaoa,5.287606056709136,3.1267118674858416,6.666583486691003,2.431043846274148,3.025570482780538,3.109540557406324,3.7281541757370737,10.277270211027425
3eca4614.qasm,16,success,1.7950401,qaoa,1.8069915857137415,1.9358615513690511,1.8325014522818885,2.1115336864571717,2.7468621972906173,12.621672166293761,4.533810716053573,6.189661020573896
3eca4614.qasm,64,success,9.9800103,qaoa,10.74756797789463,9.804754409666103,9.86988127920592,9.288808298354695,8.968125720207713,13.284760207314756,8.202489344707978,11.029257397578776
3eca4614.qasm,512,success,372.2380488000001,qaoa,426.4897143050607,384.0769965377192,299.21254973747875,351.7826560360729,2.0244195416998987,407.27642217613635,49.09269936454255,174.3106602514975
3ee85ccf.qasm,16,success,1.0895266,qaoa,0.7778411702303568,0.8987518048166909,0.8231251877411995,0.8495691077763341,1.5653092439805336,4.0528357080314805,0.9990527737893337,2.407033442902174
3ee85ccf.qasm,64,success,2.564209,qaoa,2.1206191848056566,2.8360737022071523,1.8068286569686105,2.9860187486474463,3.9542278783151055,3.744334409802031,2.458048058296708,4.8976449911853654
3ee85ccf.qasm,512,success,34.452299200000006,qaoa,19.22844347613353,30.03930374071744,14.93697871287158,26.158468528257924,1.3433954371017052,60.100187621310575,4.722933167724273,60.95412005070959
3f072f57.qasm,16,success,1.2063047,qaoa,1.1971211756456246,1.3150002178138203,1.1997255498565014,1.3315237237401545,1.9049512302944207,6.71359409256093,1.6380940734094604,3.6212425919065883
3f072f57.qasm,64,success,4.3106777,qaoa,4.81074781382859,4.472791130497505,4.710662545065389,5.122923097913253,5.601253573256572,6.544271142359656,4.263198254548756,7.682924013374675
3f072f57.qasm,512,success,94.2666482,qaoa,129.99935353153566,121.82816948319643,91.6232839514282,128.7027740603642,1.4525248159131638,149.5120443641682,11.376984698880186,100.11815514538155
3f858470.qasm,16,success,0.4377763,qft,1.510412483072331,1.0706116682617104,2.5302150975997093,1.64407167194848,0.973516993459555,1.475489230559078,0.921185881407509,0.9581813786213144
3f858470.qasm,64,success,0.7186984,qft,1.2887523502830298,1.7217414465624994,1.5189955201801975,1.2644888432754346,0.5432632108397836,0.5913355260051903,0.8373828682443436,0.9190766371854504
3f858470.qasm,512,success,0.4335088,qft,2.497566641093271,1.380818128985693,1.6228983774249819,1.6689216602723451,0.7351323793748812,0.5997148505078557,0.9801649138467815,0.6414168288763358
40b719e2.qasm,16,success,240.8145595,randomcircuit,246.5528778556961,216.8937149061883,283.777614858169,276.53359768468493,67.68809401170651,283.2540277472457,996.563818486058,97.174306685071
40b719e2.qasm,64,success,419.87369199999995,randomcircuit,353.24743238999577,373.63621924684486,384.9976159813192,487.40347620192676,48.46354166352092,96.14392298007353,1491.0663236340881,128.7840531124701
40b719e2.qasm,512,timeout,14399.999999999989,randomcircuit,9270.613772092567,16655.55265201494,19892.499938340516,16090.94656239636,258.0696692303026,119.28851832040107,5276.087307877607,286.63550753900887
40e78b26.qasm,16,success,0.1820556,wstate,0.13103539013462162,0.22273468753701978,0.21404649116946903,0.3163425814579457,0.1913482651953863,0.18906482283787884,0.3266390671991465,0.25215812084142314
40e78b26.qasm,64,success,0.1782775,wstate,0.20356682301094584,0.2921644109492182,0.45072893098998335,0.30466915286548557,0.197460996416541,0.2257615477826397,0.3367612042751722,0.31639965741640946
41bd27aa.qasm,16,success,1.101841,graphstate,1.9306919561534155,1.9599135893801256,3.1176332053809164,2.4539817526432373,0.7965074892929452,0.9012864315702533,0.4557138009990629,2.66212702678263
41bd27aa.qasm,64,success,4.6966688,graphstate,6.0298666820835445,5.802850173028852,5.504975357067912,6.2930961122292395,1.2023591872359605,1.1412538504281142,2.756465297404061,2.5719212533638802
41bd27aa.qasm,512,success,153.17248469999996,graphstate,214.44738888691606,201.69289489519878,186.26146089557798,201.41162779548625,120.13603388505236,48.901143477848514,139.04231555457372,168.79535331933417
42a256ea.qasm,16,success,1.735077,qaoa,1.5234228633309008,1.8825230761241398,1.7040819562266782,1.7589403197218845,2.71372568021808,12.46723427865847,4.2530162071028235,6.066119242350257
42a256ea.qasm,64,success,10.099978700000001,qaoa,10.48036586306168,11.358450005583714,8.964744041720174,10.494281306137339,8.619798329843425,13.0095734589167,8.034286981342312,11.206055825607914
42a256ea.qasm,512,success,403.5172516000002,qaoa,401.0614559333304,469.548492359485,339.64234710518133,407.2057750555028,2.034308080680328,394.25224383358875,47.03206390131354,172.37263283273913
42a71e24.qasm,16,success,16.5057448,randomcircuit,16.82755164828849,14.509898241445256,17.443050894924923,27.690768545720925,17.092228714487895,21.868293868345944,14.467356553649287,16.499277382046852
42a71e24.qasm,64,success,30.1654734,randomcircuit,41.82924136665692,60.219082551650715,65.19452570379102,60.62022848868721,38.27534560181714,27.388097774999995,38.3167623497182,35.3629866309823
42a71e24.qasm,512,success,1844.9185097000002,randomcircuit,1161.4857488971973,1453.9165565108483,1345.501900365166,1090.8122480584523,1920.3610670798835,1000.8512796855531,1808.4850393658853,2259.843128849435
42fa6cae.qasm,16,success,1.9149404,qaoa,2.024391341036104,1.980092945179529,2.282145986903247,1.9260679501925597,3.083497448568372,14.640774790364127,7.170630144380658,7.30198390321582
42fa6cae.qasm,64,success,14.109905799999998,qaoa,12.79432908518527,13.744456318500221,13.745791922515599,13.08069419273579,10.481700760407936,15.753609134714978,10.226496686701312,11.440719068526118
42fa6cae.qasm,512,success,563.9146286000002,qaoa,533.8108886782059,582.8599346369933,625.1459287156613,514.2208625844971,2.3024893896700758,495.14938308822644,81.72477885095141,194.31977471221796
43168c33.qasm,16,success,0.17956979999999997,wstate,0.20147126190828707,0.15515345354792331,0.16825013706451097,0.17870718428579246,0.16075976174029846,0.16253605664760154,0.18725373092333952,0.17830243893861047
43168c33.qasm,64,success,0.1776479,wstate,0.1825063475012757,0.15460871076100663,0.16835465833148916,0.17487388364908898,0.12924750884621017,0.18087469147122076,0.19320532270899365,0.2083378906973707
43168c33.qasm,512,success,0.1781855,wstate,0.2094299468922304,0.1844436536572265,0.2294209192813926,0.1798729435482301,0.14506541116662827,0.14028547615527046,0.21738597268714807,0.21958446422388014
4318a3ef.qasm,16,success,1.5160106,qaoa,1.3552772014954177,1.699510612717035,1.5754674005154305,1.5825232119665331,2.472467720015218,11.011639814190096,3.6170270374204097,5.5443820880143075
4318a3ef.qasm,64,success,7.7249488,qaoa,8.957576346112498,9.797829443791862,7.899639394250916,9.350259101113357,7.813958166708125,11.248497911301442,7.198519414291888,10.162500162085982
4318a3ef.qasm,512,success,261.0483979000001,qaoa,314.33303933210345,391.06926488276264,292.3250878491523,330.7967931726789,1.8325659634839033,336.0280503402239,36.66322638446841,160.0223770964113
4327c91d.qasm,16,success,1.7815141,qaoa,2.0555122234719967,1.8627674844251942,1.741229043121745,1.766221226133823,2.7286076985220657,13.240034427414974,5.6986125942670505,6.563769697915265
4327c91d.qasm,64,success,12.242160500000002,qaoa,11.233113692792816,12.829489379476682,10.665633245272486,11.241627024283224,10.024079718071553,14.312663878405218,8.720399469365328,10.825751184567283
4327c91d.qasm,512,success,470.9695791000001,qaoa,472.1079037689588,457.5665552620558,382.66605456662234,394.59327830882086,2.011941144184937,450.24392988078245,66.93412532695984,183.9753088008088
432efc30.qasm,16,success,0.1794426,qft,0.21141704550611828,0.2286021521182821,0.09631601091750808,0.12834351815024894,0.13033417368705555,0.1934335516434328,0.0732701655256516,0.18638753115621365
432efc30.qasm,64,success,0.1695758,qft,0.15513897430391588,0.2088533207434644,0.07963818945554017,0.12127327042225956,0.1814508561754932,0.23916789377928138,0.06252669156116009,0.21418839856664942
432efc30.qasm,512,success,0.17470619999999998,qft,0.19752821706685264,0.27864289560859534,0.12431988393741839,0.16428559208247526,0.21643762079421236,0.26294844992763167,0.18117183156786515,0.2977325308888071
445caba2.qasm,16,success,0.18654210000000002,qft,0.11047676420617547,0.19861002686773885,0.16790119503343903,0.1435449654532749,0.07792210754405528,0.1380644359194073,0.05044832665854713,0.13693690407965528
445caba2.qasm,64,success,0.1677918,qft,0.1305224522004936,0.14309980843917616,0.14288883733599772,0.16461068516323407,0.1470640681975144,0.20791673755400072,0.056174674860476344,0.17497934974729978
445caba2.qasm,512,success,0.1767249,qft,0.1648722590978471,0.14670036303608047,0.1478198676391496,0.1649812482261345,0.15766693110446367,0.1923477020750284,0.12036226470682193,0.22437135320716142
448ebca1.qasm,16,success,0.1762951,qaoa,0.1420301045891245,0.12934567573389746,0.11549165486575756,0.16302986180633872,0.23725277372213976,0.16346859825868407,0.19124030817574245,0.180789788141916
448ebca1.qasm,64,success,0.2993708,qaoa,0.14877889208831263,0.1599184855455744,0.15462464722883063,0.16643615455850616,0.22506513000769965,0.13663585692772337,0.21047757366637374,0.14275973932288658
448ebca1.qasm,512,success,0.18492459999999997,qaoa,0.18383275404558563,0.19415545421797079,0.23563815289623408,0.21563245506114478,0.21559765482467738,0.19206478412331054,0.1560327374320113,0.16519497619963297
46073cb3.qasm,16,success,81.2164082,qaoa,103.09474355562344,20.29322695103113,13.727806127070872,55.245700394512035,11.704373423265027,39.04360166828292,32.61257249049145,54.45181239946036
46073cb3.qasm,64,success,28.287276099999993,qaoa,106.48616957410933,13.166084826118976,3.419786284759673,20.852400168891,107.61468956920595,279.81487880447753,186.0006923093425,101.19918641363427
46073cb3.qasm,512,success,82.40704189999998,qaoa,2964.677601974845,103.762247847253,67.04546462645489,139.70860001465513,4675.8605989779,3166.723268137265,2368.651831127738,1995.275240226204
46188cf9.qasm,16,success,2.0354675,qaoa,1.9863017168932657,2.2060174608798375,2.1466335024484984,2.4737923227382534,2.9709523191219844,14.06709968491333,7.056652292272407,7.177000302775042
46188cf9.qasm,64,success,12.1403033,qaoa,12.134221331948307,12.004492255625836,12.263342591186225,11.644807323917657,9.920159878142575,14.956803271069539,10.122785749149946,10.987214272998362
46188cf9.qasm,512,success,496.7963674000002,qaoa,507.64956930932834,506.37199715940767,427.63616734113606,480.85958803998784,2.213730969328991,476.22071721280906,79.75097863387488,194.48039067474008
46de7f9b.qasm,16,success,7.0660452,qaoa,4.034345527984784,4.7433650029463665,3.4874530027228157,5.228782030108272,2.3084639269116054,4.093542370023933,2.079785831443283,4.135533573269748
46de7f9b.qasm,64,success,0.17458329999999997,qaoa,0.32631609592266103,0.279869800666415,0.1711390843583761,0.37525147022907634,1.1861585784660091,1.3495389553674397,2.3278443559307957,1.6258442032461886
4737100f.qasm,16,success,118.890095,randomcircuit,153.22367023473518,124.25765641583844,180.13676525091606,178.3799801652017,72.72911173575588,52.90522708395985,67.8253323594851,43.66055715361578
4737100f.qasm,64,success,214.64638220000006,randomcircuit,341.8660035607431,266.48792665483285,397.6855002740961,354.83399809809265,143.47522188571344,149.4899667480784,103.40973250506873,119.86178851049036
4737100f.qasm,512,timeout,14399.999999999989,randomcircuit,5134.499247669292,5125.186155349715,4496.190124952857,4489.4221695335145,5082.998882123504,3646.276463546455,4899.450789130199,1723.6449493368275
474aa01a.qasm,16,success,1.7337241,qaoa,2.000921465032834,2.127442895208027,2.0076735562226977,2.3950777058028563,2.79563067659702,13.52457238981432,6.02836814331726,6.692762170119158
474aa01a.qasm,64,success,13.154595900000004,qaoa,11.909068291290673,11.063407943052013,11.357885702211313,10.663952932556786,10.053224673496322,14.611403194033583,8.98821438014187,10.959825113731076
474aa01a.qasm,512,success,584.1059148999998,qaoa,500.4845205909072,488.3451760059928,385.0622962372029,453.8729092072671,2.09728772612344,457.59393627743196,71.94298115222968,186.91960056060302
4846208f.qasm,16,success,4.935263999999999,graphstate,0.3462172651845732,0.22893304668525463,0.317626745122553,0.28084304836062934,0.1663694221810033,0.12690135880400172,0.1338222117720624,0.20914460685840736
4846208f.qasm,64,success,0.23925899999999997,graphstate,0.237942552171526,0.19753531993963205,0.21383385036060687,0.2873935521621168,0.2614060304979384,0.2982614304887444,0.10201407078137417,0.3622928299588358
4a262567.qasm,16,success,1.8019782,qaoa,1.5251089951830195,1.8430307573986935,2.0023877649281823,1.4356078606363654,2.74782595905363,12.624537646993426,4.534699364412569,6.191836119027366
4a262567.qasm,64,success,9.9888149,qaoa,10.685143059457276,10.029209835615818,10.556480707963663,11.217196280572102,8.96831157720998,13.291121273925661,8.20354761678139,11.027737739592874
4a262567.qasm,512,success,371.86355819999983,qaoa,337.3364709742997,596.287510935231,425.02748485701017,456.11294600418904,2.024958902893964,407.0289874127538,49.087983189846845,174.2596633952946
4a5eba47.qasm,16,success,0.1833999,wstate,0.22819859408803841,0.29428123948369844,0.4104274201032101,0.22959428821423514,1.1795074604768092,1.00555525854012,1.0782871354598846,1.721867280912134
4a5eba47.qasm,64,success,5.2547247,wstate,3.9039556187735815,2.289378068439179,2.925856635315823,5.232874081418722,2.152527381663669,3.0005116858265417,2.162126486842175,3.8412533699499183
4a5eba47.qasm,512,success,0.1847617,wstate,0.13426686471179655,0.23879110255908875,0.1447658047514654,0.4719667380135195,0.5064442095938185,1.0232962701931307,1.2553058368771395,1.692205548198249
4ae57e38.qasm,16,success,16.3446989,qft,8.20718731329604,16.95466347435741,24.222950262386128,23.742479439983583,7.900217285547058,0.5734181422142554,1.1447815336294307,0.9361531754364725
4ae57e38.qasm,64,success,2.3998315,qft,2.1723388188947785,4.926585338055733,7.573140902952286,7.006870203929492,1.4956421465749852,0.35332445342805935,0.4909528334665386,1.1385874668024065
4ae57e38.qasm,512,success,37.56116829999999,qft,11.823755921348118,39.72683985408,139.33420715502774,185.43606317651978,5.719823547223093,1.5235733051247051,0.6454168828880943,6.239324655755705
4cbdcf4f.qasm,16,success,1.1965732,qaoa,1.1640773395001225,1.0880790482270595,1.0086992751302968,0.9759104496114138,1.7996628318188783,5.592109163504398,1.5606556958502975,3.2215136695304154
4cbdcf4f.qasm,64,success,4.1559375,qaoa,3.8314459075452394,4.383151840830579,3.5128494858176693,3.830793388354858,4.825234337789005,5.223247065264163,3.4618243733628447,5.8006509032166695
4cbdcf4f.qasm,512,success,94.93661020000002,qaoa,76.293289996187,97.71304881715524,69.16417193217274,77.57414236145557,1.5137390992882753,112.69049168616175,8.82011781383222,87.54143361406601
4d59437e.qasm,16,timeout,14399.999999999989,randomcircuit,5963.241751908031,10181.40542899924,5040.334222933975,4902.722551292324,46987.4429610039,21674.635619199496,30585.43353488414,35830.794585487216
4d59437e.qasm,64,timeout,14399.999999999989,randomcircuit,3960.1754224228284,17537.243586560253,5735.397445036052,6806.713622735435,53012.303840516484,33553.936978518206,30409.70445825522,51334.47968047244
4d78cdd5.qasm,16,success,0.1960339,qft,0.1848675153565964,0.1570017931270095,0.19490302736265305,0.24101338162790584,0.4633742969175196,0.27173018270869215,0.12878794165738144,0.179255384103137
4d78cdd5.qasm,64,success,0.17771010000000004,qft,0.1550969921370668,0.20833114279135298,0.1852546925104177,0.35637432430071336,0.5170217160140891,0.36006825307410567,0.22459937386268017,0.3359463390188158
4dc2ff13.qasm,16,success,0.179415,qnn,0.17097573325467574,0.18186042717054654,0.18557764536716279,0.26148332013889375,0.15979051423662535,0.1551956639957144,0.15519834779279626,0.2253694378634311
4dc2ff13.qasm,64,success,0.6179387,qnn,0.43487075491071264,0.43765089887250147,0.47404819405186854,0.5802961273401395,0.3972498066299228,0.37418716299783217,0.6553765360310851,0.4296890072270745
4dc2ff13.qasm,512,success,0.18002370000000004,qnn,0.199630679231348,0.2097801010788952,0.1857177553454475,0.21536041727453836,0.14578504604954293,0.19982055726337902,0.21757282058610197,0.3036244629025402
4e8df7a8.qasm,16,timeout,14399.999999999989,randomcircuit,29506.537611997745,19064.30534963268,32861.06777613831,4700.524496701552,142436.31187981294,55370.38582814441,52028.10665445289,104759.65358543933
4e8df7a8.qasm,64,timeout,14399.999999999989,randomcircuit,36480.304002479854,27206.74882461903,38149.730149391864,8149.284149456078,149243.64106135452,82332.30213235015,50558.64580902629,155428.6880954865
4f476879.qasm,16,success,1.1168596,qaoa,1.013108117953865,1.2696733676853336,1.118534887861115,1.172785146008779,1.963197047428178,6.974810987792469,1.761488446958962,3.737883968482181
4f476879.qasm,64,success,5.087435700000001,qaoa,4.932365735473997,5.261395226017409,3.7021841801021793,5.399952341930659,5.621714040224727,6.754477371942399,4.429463211209193,7.778021523917953
4f476879.qasm,512,success,148.26441930000004,qaoa,117.64476720049802,126.54280675321478,83.74264839551498,100.85582159625083,1.5326924717312553,156.72471933224995,12.587706787082448,103.08636756120426
4f48ab57.qasm,16,success,0.5463127,qaoa,0.4282230671355422,0.4573329726557129,0.41061515130411863,0.5644138829493366,0.33545342656013843,0.5249922768111163,0.5540849420529855,0.8895127989659807
4f48ab57.qasm,64,success,0.4028144,qaoa,0.7669591642495085,0.5332948922538295,0.5690528828299752,0.6205470594354923,1.098227839413229,2.038820592461218,0.8774313249960184,1.150364920339874
4f48ab57.qasm,512,success,0.9204006,qaoa,12.998975503466783,1.7798271766552405,2.8907121859453144,4.876133665302922,36.741191922015545,18.420937030822486,18.179175189418395,6.821618972457247
4f9a3ab1.qasm,16,success,0.1827227,qaoa,0.2068284558429176,0.23195530404823966,0.22348010797982742,0.16835387273626565,0.19611462103171973,0.17412430231904166,0.1805824749957763,0.1673626568974915
4f9a3ab1.qasm,64,success,0.2759283,qaoa,0.30812468788051384,0.3173329361360572,0.30759915219249967,0.28738905566554224,0.40758083674414575,0.48635604647134073,0.4527743255330874,0.43609063757951827
4f9a3ab1.qasm,512,success,0.17816029999999997,qaoa,0.23375197069545683,0.19005781065448968,0.14988010790785067,0.177879396198386,0.18279058835183956,0.18396475475055454,0.17226871424987258,0.19142404476283142
4fd60583.qasm,16,success,69.0350985,qaoa,79.04403651364663,68.83995172467847,70.46962443354869,64.67682562311722,45.1070002391226,48.22599349637381,71.63520369237247,46.10636674768632
4fd60583.qasm,64,success,3.5823552,qaoa,3.995313083685318,2.9471626277664518,7.773899959316719,3.18541630502038,5.2211069499320075,11.998114622280974,7.643598396048839,7.148676355201068
4ffb1090.qasm,16,success,1.9565706999999999,qaoa,2.631118363072781,2.058988618281099,3.396314395728273,3.824727287790611,0.7383585827867979,1.0735012706685578,0.9155636322462422,0.7531323501106199
4ffb1090.qasm,64,success,2.7308021,qaoa,2.9795040626351446,3.3935392814160794,3.3689350821380226,3.5294232557802685,1.182677137274076,3.705385102795722,1.8139519365508896,1.8189944288458761
4ffb1090.qasm,512,success,1.9538451,qaoa,3.51256022560314,0.8733831045261738,3.1562966438677567,2.5665049732762366,1.562804125053491,1.433817190560411,1.7378178007818044,5.775083058032861
5050d142.qasm,16,success,0.21214299999999997,ghz,0.3080224935248801,0.22698954141414085,0.23646696393983663,0.22646773532149464,0.1951254418551012,0.4646991048513334,0.826767795648574,0.3379425419307878
5050d142.qasm,64,success,1.9698752999999998,ghz,1.8410574420106127,1.23920995512571,1.80311516741617,1.2683116341473788,0.16349579199437272,0.45570154247443273,0.5130048637204243,0.39607097320886137
51b16166.qasm,16,success,1.2138746,qaoa,0.8337842320612738,1.0817164567937623,0.9307258558049852,0.7879638520148438,1.8008694328161103,5.595936398852768,1.5616357168408463,3.224576030921067
51b16166.qasm,64,success,4.156859,qaoa,3.2707698609546045,3.008926747160449,3.117581004599287,4.137290607564835,4.825240960175151,5.230475176764216,3.464179855583217,5.799826988942664
51b16166.qasm,512,success,91.95425450000003,qaoa,65.72984577807624,119.67597732532367,85.41505198134,121.99709442285545,1.5126666440742877,112.58092070421665,8.825961694384976,87.42256980803583
51b543de.qasm,16,success,2.9811427,qaoa,2.965707814068026,2.590341298179661,3.0612127798018056,2.5854503601100665,4.329549615316375,19.188862275928937,13.334357820980209,9.685921978400769
51b543de.qasm,64,success,23.505974599999995,qaoa,19.489786479287307,19.486079460398912,21.466894798789795,18.929590254006566,12.065984344618817,20.90465482758818,16.00400357066241,13.640408460415323
51b543de.qasm,512,success,1080.9138732999998,qaoa,671.1909974293246,828.9449608162299,903.960262669411,736.138567694161,3.447468147577494,624.8920181932056,146.87611600077176,231.60554601433697
52b00428.qasm,16,success,2.009074,qaoa,2.1015287512698655,2.0446858721108407,2.351028862527538,1.9938123699970065,3.182248750694249,15.035263012152967,7.735834811065594,7.492036318833257
52b00428.qasm,64,success,7.728845400000001,qaoa,13.292847019400115,14.14890211572302,14.346580978969545,13.590161148594342,10.542390187095698,16.189476553950158,10.668930237635758,11.619889490129319
52b00428.qasm,512,success,691.5553226999999,qaoa,549.4615481183357,596.3605143112422,643.3190029154854,531.528810616774,2.431005477051754,504.787450180326,89.83119883239625,198.55470045611588
53442dc5.qasm,16,success,0.1755131,qft,0.1771148171906951,0.1593959258715461,0.1005654628631348,0.11843428623263982,0.07869481976707603,0.13771743080551194,0.04482300204913037,0.13752143476422077
53442dc5.qasm,64,success,0.2352298,qft,0.14347439485671715,0.18760599209294512,0.08844592004874276,0.12575959430480113,0.14398949155030677,0.19197133470729216,0.04860472930891588,0.17048493017743602
53442dc5.qasm,512,success,0.18592699999999998,qft,0.14733761057586386,0.24948293463817137,0.14419080731815234,0.14481061481233654,0.16189712079281932,0.1822112448889625,0.1114835252911869,0.21824458725145954
5357322a.qasm,16,success,1.9833841000000003,qaoa,2.3063641769823295,2.124067654207454,2.5212261616687663,1.9939976330957636,0.7582302024855206,1.418355138021108,0.5306852720368659,1.6734083715364547
5357322a.qasm,64,success,0.1795194,qaoa,0.18317477323804968,0.1394161919753463,0.19644604468435634,0.19851600838375874,0.8187123213683951,1.2628228084710866,0.9617811960302401,0.9402349637541123
5385a9e9.qasm,16,success,1.7063132,qaoa,1.8619049760722597,1.9762134732725432,1.8715736939638097,2.1668379177145654,2.7953417762088466,12.983395893829227,4.782602143827939,6.356302194005451
5385a9e9.qasm,64,success,10.5206042,qaoa,11.169977825065379,10.129167422585633,10.212748504366925,9.598852947404628,9.333542733612452,13.754793654995455,8.386952634748349,11.116569756728252
5385a9e9.qasm,512,success,406.11038670000005,qaoa,447.84705491224526,402.8855526755517,313.95552742481937,369.27763876057867,2.021931061484759,421.2948064417666,51.79282954817266,176.43399568785236
53e971c2.qasm,16,success,0.1748129,qaoa,0.14292847614897375,0.2286538002948983,0.33587174637444983,0.12528862871383228,0.1705913314221777,0.16422610043246466,0.15849162060639332,0.20798700378655707
53e971c2.qasm,64,success,0.1728286,qaoa,0.22229703130324044,0.2749759403198982,0.23537036741521294,0.19028219093024556,0.3349135910662156,0.36764591696221754,0.241961432572974,0.573611498013418
53e971c2.qasm,512,success,0.1791764,qaoa,0.09489554134769314,0.252706863389275,0.12843920040458046,0.1199793513567353,0.15834357943088903,0.1919066372299481,0.09532415974097963,0.2141520385083262
54c8f710.qasm,16,success,0.5430322,wstate,0.30646928476048857,0.3655477994168699,0.24814459428113594,0.45674569815643884,0.5279671447565998,0.392230250879711,0.36655226638195865,0.33487950965088537
54c8f710.qasm,64,success,0.5765128,wstate,0.26052266573863636,0.3222706551897115,0.24155172818659512,0.5109815934336507,0.4172872819099192,0.5146742540719358,0.5711784359640554,0.4670265432213352
54c8f710.qasm,512,success,0.5371048,wstate,0.35149381691391374,0.3462615534022171,0.37201459490045524,0.22564646936706229,0.5437301945158142,0.6127967333627974,0.7866195005719971,0.6171162005176305
54f0b8c5.qasm,16,success,0.18011680000000002,qaoa,0.16296552401820488,0.04143330955030529,0.12441376175857506,0.06368007941062472,0.07226669895103166,0.13309329499704128,0.07677230033493336,0.18473075960636584
54f0b8c5.qasm,64,success,0.2660724,qaoa,0.21982608338579077,0.15331445891914608,0.18492509361390305,0.2433222876700434,0.21983516473719497,0.3046436054318932,0.11775545250986033,0.26478632420761555
54f0b8c5.qasm,512,success,0.1865154,qaoa,0.12351887754784895,0.09714537043107523,0.05995133950418404,0.1366114057823704,0.060778077386794846,0.1041564688402557,0.06776753153258046,0.09032776732753543
551cc6ea.qasm,16,success,4.0511647,qaoa,2.6311430990339995,3.9515896229173055,7.404573373681361,2.7217807397767957,0.7505139865657884,2.068287964766757,1.549016542552155,1.2822076875929231
551cc6ea.qasm,64,success,0.6177918,qaoa,2.264211023154136,7.5943540382388806,8.812683544456688,4.068923704296819,5.779749392809099,6.557143740605084,2.89621596916234,4.306974106166595
551cc6ea.qasm,512,success,903.4430423000003,qaoa,327.60288614588626,1941.1506184109974,795.0229355190161,1567.340978191619,0.8959570623207637,26.507757197041833,5.708359689060045,16.177749061130992
568c1ef9.qasm,16,success,0.1891656,qaoa,0.1649651046904202,0.16471823539661448,0.1904615565021613,0.25397581837829386,0.17521110374697377,0.17415030490272704,0.16838590026583802,0.1691757081860919
568c1ef9.qasm,64,success,0.24343100000000004,qaoa,0.3272903710724002,0.23545411259613477,0.30067062580120163,0.39664895537078804,0.3520336100929698,0.4386409922149118,0.4207805758362727,0.39708025694147236
568c1ef9.qasm,512,success,0.1862508,qaoa,0.20349330220838988,0.16551693927816646,0.1739348015625432,0.24352186947835536,0.16101517218384356,0.19434372528424895,0.1908852836264854,0.1967101181592139
574915eb.qasm,16,success,1.6900419,ghz,1.294257887585228,1.5313553615089601,1.4910005841461789,1.1252053838813876,0.8973631058156328,0.9650649786522227,0.6041727860024295,3.0957921900124727
574915eb.qasm,64,success,6.495244199999999,ghz,7.731541414927953,6.276783963137814,7.384813613777028,4.897249767560532,1.1047965267307889,1.0806762161200698,2.9159527316013576,2.7707727379384126
574915eb.qasm,512,success,257.82087350000006,ghz,323.1443396671198,541.4583956228649,315.2212619229695,394.3206436145751,176.78584580851143,64.23904868756546,190.36747627902767,229.33749437873658
577f5adb.qasm,16,success,1.1850882,ghz,0.7531088611275528,0.6955125084841925,0.7505794742900564,0.6065927760455049,0.5836880652372025,1.177809416691237,2.685038138076604,0.8168105820317726
577f5adb.qasm,64,success,5.6904274,ghz,5.040905648664743,5.018190670859381,4.7478714252423,4.807930692157008,0.22791745958367018,1.1208972200924796,1.3748874871287817,1.1017645806408876
587be285.qasm,16,success,1.3891152,qaoa,1.464259740213624,1.4482974528116601,1.6511858306892728,1.422493542156193,2.3901199521380048,9.781193497579546,3.615157514010935,5.218586666543279
587be285.qasm,64,success,7.918703600000001,qaoa,8.20969730176324,8.728994542278292,8.412084590155668,8.439164506809401,7.251596623777471,9.805039691877086,6.661597024963964,8.53093311960182
587be285.qasm,512,success,284.79549880000013,qaoa,306.4067459810714,316.0144805975668,346.43619541019154,279.7532869673052,1.8259441260585052,284.54184734445613,30.84729188732024,146.0789026313521
588e0101.qasm,16,success,0.22066920000000004,graphstate,0.8980415338146329,0.7362461232267999,1.490449049393238,1.159930731135483,0.35328745602102746,0.3519109119632035,0.1637347167417127,0.5524538194373324
588e0101.qasm,64,success,0.48802539999999994,graphstate,2.1639688431576785,1.0279489874882193,1.7424519467876862,1.6029873564179304,0.31590459674691085,0.30884727166855347,0.2124104968732882,0.39898000841916753
588e0101.qasm,512,success,9.7979156,graphstate,13.197589142682425,3.2932028102521604,16.230188811597166,4.83476274462509,0.36797807712718233,0.3967983885849402,0.586942082283018,0.8666422957347061
591d39f6.qasm,16,success,2.6787045,qaoa,2.6765517692875083,2.413105870589157,2.8330431719537468,2.3999620786404674,3.9477197895087195,18.000197739828604,11.36009942864573,9.008219459465717
591d39f6.qasm,64,success,20.992547700000003,qaoa,17.274378814132344,17.702271351721247,19.016389958495694,17.164048643645312,11.550523965045842,19.49101695887834,14.201624582155638,13.125054637953312
591d39f6.qasm,512,success,981.4918502999997,qaoa,635.5164726342514,756.3559783458219,822.2601822770273,671.9962181091076,3.1076479899866567,594.6278721493198,128.9743051290087,223.21526349035554
59267ce4.qasm,16,success,0.2185542,graphstate,0.23018580990005083,0.1971657407544145,0.2552008445335759,0.24255362269766512,0.5491794336459757,0.3149064684401649,0.30901589345347297,0.45650661382799457
59267ce4.qasm,64,success,0.2873506,graphstate,0.3810182342209215,0.5594264300444963,0.5907698637548272,0.6708992097558372,0.3362107968336668,0.37717408116708273,0.35344611638155293,0.32447784576539634
59267ce4.qasm,512,success,0.2381152,graphstate,0.16202177589674405,0.2989601043487275,0.13703752584078127,1.158803307324889,0.24046785198620513,0.19516467841995933,0.19286028133105473,0.2492327640918761
5a4964e2.qasm,16,success,3.0040687,qaoa,2.9656683326268047,2.590300414761825,3.061302269957125,2.585514232014601,4.329833061822765,19.189267850137124,13.334753122137924,9.686544130484213
5a4964e2.qasm,64,success,23.571399400000004,qaoa,19.489112423402542,19.485988532288573,21.467083357631665,18.930208585057578,12.06627580294287,20.90619843588125,16.004662523948095,13.640153860635678
5a4964e2.qasm,512,success,1113.7247560999997,qaoa,671.2134744638997,828.9162916858843,903.9220518219463,736.1264440540925,3.447770501743548,624.8240974626483,146.87079439092233,231.6014773589912
5a741dbe.qasm,16,success,1607.2905075999995,qaoa,77.07891482428265,19.508123317356684,8.71539576579014,2.83098531037279,28.73344722305926,29.69111093732065,46.755346077448486,14.526057548484301
5a741dbe.qasm,64,success,63.61018129999999,qaoa,52.35327256610398,12.730131435154295,17.337986142567008,3.087464054844109,37.1406594288106,24.890938632048,54.50815976706467,23.032156828101396
5a9f20b0.qasm,16,success,1.9873639,qaoa,2.2475330543034606,1.9933617353342434,1.897998282032081,1.9458829395459445,3.0833635106120165,14.640461332043737,7.170484494403811,7.301659210894338
5a9f20b0.qasm,64,success,14.174923699999999,qaoa,13.25006512328607,14.792714629051622,12.558282249618058,12.673976654900061,10.481666235059027,15.75277026209236,10.226317036036079,11.440894929905296
5a9f20b0.qasm,512,success,556.7358081999998,qaoa,552.7911759660312,509.8084125775691,437.1857603150363,445.58376371317775,2.3023699430225806,495.1887995206773,81.72702214137793,194.3253220207964
5b419375.qasm,16,success,5.069990999999999,ghz,3.599210931803301,2.7047670051244808,3.747057990690316,3.5161810689281543,1.8070957487739276,1.9036487666626385,1.4592417963478017,10.551008478294559
5b419375.qasm,64,success,18.199755699999997,ghz,17.192996014348292,12.449991857119244,13.57993635806184,19.073601338553253,2.4609011995312664,2.2042665129691197,22.43934642406565,10.351421325830616
5b419375.qasm,512,success,735.2598270999999,ghz,848.7477742052641,648.0027415314205,596.4960689423312,499.71826509985164,601.8008554552405,357.06399314495775,566.5216417595602,777.3330241130554
5b482142.qasm,16,success,0.18248999999999999,qft,0.08757048974660124,0.0796786841886693,0.05552637550648077,0.05870348483835818,0.0894294883962509,0.08627480748459691,0.061356255010388244,0.08937115811857038
5b482142.qasm,64,success,0.176904,qft,0.13719328548773846,0.08831983993825554,0.06790809967750266,0.08546477098612273,0.1219764012580939,0.08683541041694733,0.06519398884955387,0.0911843459085019
5b58ce32.qasm,16,success,0.23533430000000002,vqe_su2,0.16906220790689555,0.1635072362552063,0.14219388072754946,0.20059974412374287,0.2703996472318733,0.20997761540580506,0.3100567072861245,0.3130601297385945
5b58ce32.qasm,64,success,0.1714296,vqe_su2,0.17881469228475058,0.21263351180913906,0.19215084206682037,0.1977792497404525,0.5061942552744416,0.4224576174750044,0.5021363230776404,0.3860841139163464
5c176f37.qasm,16,success,2.1709223,qaoa,2.7809958253699016,2.1018131564020686,2.3516436223949153,2.2067198345835006,0.22811670943377615,0.25446410881009884,0.5732097074111202,0.19600868252324444
5c176f37.qasm,64,success,0.177055,qaoa,8.645966198185976,7.020694168403862,4.707710841782383,5.77076262753382,1.6517848303685922,0.6683846271200439,0.6941388786688337,1.3737893842907918
5c176f37.qasm,512,success,218.88470399999989,qaoa,745.9860942440021,715.1294458443582,545.4930560507363,513.1985553703056,0.2541608710754415,0.1581605511819084,1.7848049368777519,0.16054685830734128
5c2359c8.qasm,16,success,18.8537477,qft,9.677630434669377,9.379591897359761,5.868722052154246,3.7038587660199256,1.0150529105688055,0.989586801115558,1.5633935383477895,0.6517472318274854
5c2359c8.qasm,64,success,0.8920383,qft,1.5450818549415712,4.124599994791049,0.8512194172293377,0.700365516320072,1.1282735763068432,0.5966421152312088,1.3365022922787502,0.2517298724764469
5c2359c8.qasm,512,success,26.214138599999995,qft,6.106223288192296,24.588892262919195,5.572316229170491,3.640137828549869,0.9475348522141208,0.9212758392797982,3.0111930957852384,1.1090841714980764
5cfcb9cd.qasm,16,success,45.6465889,qnn,67.54714692378973,35.199592658894204,40.65187233727347,56.73031226645567,5.62036398840363,2.9381377028266895,1.763722349469164,2.4761287796869005
5cfcb9cd.qasm,64,success,42.3598636,qnn,43.256575205901775,57.154981761355906,105.3998573367856,74.34025487771862,8.573714295761627,19.44514059572748,11.017438648707405,16.37543582143234
5cfcb9cd.qasm,512,success,45.74182770000001,qnn,67.084159479345,58.882972935711685,48.44751451865441,115.3341279267106,29.831374977744332,4.392547508364439,3.143235485511745,3.4141624954948946
5d14d092.qasm,16,success,1.8427508,qaoa,1.838872717231115,2.0232329528900954,1.9406299844966919,2.2231533751945713,2.8282734497958484,13.10114017793204,5.325464083514049,6.507924834297001
5d14d092.qasm,64,success,10.707354900000002,qaoa,11.023824524895472,10.471376997291978,10.627408835986204,9.978308692755213,9.011914373990871,13.724505634047015,8.876480770780937,11.041916226875252
5d14d092.qasm,512,success,449.6638395999999,qaoa,442.91787134844867,417.4750281820145,337.64217399899286,387.291076713924,2.143928293051054,427.2187272998897,59.791271984106984,183.38158916722614
5d2b11a2.qasm,16,success,1.7544678,qaoa,1.6154609997332585,2.0559379689744035,1.9683364319126422,1.923112225099468,2.7951043094036945,13.523139497251028,6.027811354420295,6.691458879432272
5d2b11a2.qasm,64,success,6.910084599999999,qaoa,11.778622768317257,13.549854845184472,10.52824911620629,13.05047906613789,10.05323019250773,14.607950408953693,8.987619811652866,10.960622357405025
5d2b11a2.qasm,512,success,578.8071934000002,qaoa,484.9035408863314,659.3914252885942,426.1868525920381,598.1179060190725,2.096831258766694,457.75901068121425,71.95226312074337,186.94792443192122
5d565485.qasm,16,success,1.7579763,qaoa,1.8188855858073723,1.8770637153603977,2.101719696514712,1.7931047613936837,2.793784607207537,13.519546797054618,6.026422501987156,6.688195796463246
5d565485.qasm,64,success,13.180583699999998,qaoa,11.463175794569512,12.385247420612851,12.12662634494634,11.832288165133205,10.053263306639803,14.599287952949359,8.986131095896688,10.962617224881972
5d565485.qasm,512,success,577.6552693999998,qaoa,494.33321740927516,513.50094636187,546.1909543937064,457.8678365645373,2.0956908125999165,458.17334066694485,71.97549303814063,187.01895822760926
5da1db4b.qasm,16,success,1.6695542,qaoa,1.4926731093913723,1.853611276909844,1.6503101897396493,1.7256188220810833,2.663563839027197,12.172174126313465,3.8917462448670666,5.902647077636912
5da1db4b.qasm,64,success,9.5052925,qaoa,10.279860218177625,10.810998558499664,8.474622752032072,9.948946703983907,8.585357378307897,12.768872030232536,7.729768497412996,11.210978418538712
5da1db4b.qasm,512,success,340.80459760000014,qaoa,390.15640158961816,438.9193905827937,320.8128917882405,379.71834081951994,1.9689130033689763,384.17104725413077,42.24612702369121,167.5040258493496
5e3dc35d.qasm,16,success,0.1754587,graphstate,0.10222239253583967,0.10325415853139965,0.10812234595379842,0.17087706573896108,0.04731773126174342,0.055566154584321154,0.05004894662147877,0.066678810172835
5e3dc35d.qasm,64,success,0.1674483,graphstate,0.13436362511180364,0.11433495387088084,0.15572052441933795,0.17813767793752458,0.11711382480841556,0.13196649111440936,0.05794242583932549,0.10759862149529208
5e3dc35d.qasm,512,success,0.1802698,graphstate,0.09004570549644343,0.08119759324356986,0.1254730109148953,0.12396672012804279,0.1286048126971279,0.09182666808337482,0.10013296870805606,0.12642455573269185
5e4c8439.qasm,16,success,1.1020779,qaoa,0.9621152621063594,0.8843785118964239,0.836275652772921,0.8088431323852145,1.5648431312043185,4.05133638802919,0.9987173102939684,2.4058566838220616
5e4c8439.qasm,64,success,2.5658197,qaoa,2.386296690363619,2.868034958905353,2.1811953966447906,2.2702862637608363,3.954170352842856,3.741731946360448,2.4571279282129312,4.897783461428336
5e4c8439.qasm,512,success,34.3699009,qaoa,25.05315821846307,34.4265392976066,22.50262441022375,24.251297997122577,1.3439864857322716,60.120911265216485,4.7209410277646935,60.993936736109326
5e6b0a76.qasm,16,success,0.9429384,wstate,0.43896074687177333,0.3545478601668487,0.9261881978254362,0.26321480812159753,1.1882841291223494,1.0947837354101086,1.9139856266916948,1.0218589432437013
5e6b0a76.qasm,64,success,0.8332049,wstate,0.3348639983548405,0.3176437466948642,0.6199429884805332,0.49942371629526516,1.2467955512429774,1.6898267546630126,2.1296688035461777,1.5325277733828624
5eaee29f.qasm,16,success,0.9021112,qft,0.4485945351491554,0.37764403908299515,0.3960537962421744,0.3372007998072633,0.5952596206977874,0.6800957736344853,0.3110798497573205,0.879744621388963
5eaee29f.qasm,64,success,0.1723742,qft,0.17376887736104552,0.15706483272724686,0.23831610740374265,0.28690719487558797,0.24882027489437697,0.370331564964885,0.10580525167266137,0.3712212495258498
5eaee29f.qasm,512,success,0.8121324,qft,0.3746154794671517,0.3266966781898567,0.3642825614660119,0.4205286883059432,0.6785444682352977,0.5582352554681839,0.40744305594481023,0.8773734637209468
5ed4dd47.qasm,16,success,0.1778839,vqe_su2,0.11987639735871108,0.10616766707395268,0.11156994556434736,0.11782988273806237,0.11842923119538833,0.14027596527466088,0.16048151812228095,0.14264303220490634
5ed4dd47.qasm,64,success,0.1692181,vqe_su2,0.10500381245771008,0.12079335719263794,0.1547744368784906,0.13722245480282858,0.14193212815454498,0.19371494981764717,0.24240489880873273,0.18847203430013745
5ed4dd47.qasm,512,success,0.1719626,vqe_su2,0.12899395478942174,0.1241149987915083,0.18160003771159924,0.1408137432128594,0.1132895990169087,0.14327761882175374,0.20443689336365503,0.17959134175519503
5ee9c404.qasm,16,success,0.6110617,qft,0.3555356659209133,0.349139774584221,0.13450052483265396,0.19324162709763762,0.31246467427900376,0.36501240646257427,0.1937898580819195,0.48477624654223284
5ee9c404.qasm,64,success,0.3699508,qft,0.21005382489359045,0.25265318028106143,0.07422821050628049,0.14596300777878332,0.2240294333594403,0.2807629648530446,0.09024890717890377,0.3205199626534336
5ee9c404.qasm,512,success,0.602949,qft,0.30725216059584687,0.28981720838871056,0.13054341270580067,0.21286491160976395,0.44899816683200233,0.37103948548174426,0.2886230969171219,0.5763247023614669
5ef5ff7c.qasm,16,success,1.9424587,qaoa,2.247397797721022,1.9936945713221956,1.8982280484104255,1.9464565402526735,3.0812117795493457,14.635382635242564,7.16810235631199,7.296458085654732
5ef5ff7c.qasm,64,success,14.129976999999997,qaoa,13.243534673596267,14.793888144297755,12.557292965997865,12.67268953690613,10.481062059861541,15.739207484470011,10.223378511521727,11.443734209098102
5ef5ff7c.qasm,512,success,549.4164624999999,qaoa,552.8837423043868,509.7921801355152,437.1896004251882,445.458293292586,2.3004340655079645,495.8253332685185,81.76287827767824,194.41207265261303
5f0ad979.qasm,16,success,1.4398049,qaoa,1.6557126294474451,1.801535281083935,1.667553414086086,1.9258831834758554,2.547052675439312,11.503916815763999,3.4571087232756437,5.61106208365737
5f0ad979.qasm,64,success,8.5335451,qaoa,9.455355192650247,8.678581117902247,8.54427925562122,8.231182966229682,8.195051519831434,11.959266638616995,7.26595227617415,10.928603811308358
5f0ad979.qasm,512,success,314.93001089999996,qaoa,355.9765616174176,314.4400461420649,237.28647747695683,286.03943085002254,1.8652674219782954,353.6180242490864,36.254113119988816,159.98934930565082
5f39af5c.qasm,16,success,1.206501,randomcircuit,0.8052536916049219,1.1271977296885942,0.9673205206463924,0.6576559249272798,0.7308736314230119,0.9390765874532816,1.2541021480894061,1.4059787372329147
5f39af5c.qasm,64,success,1.2441665,randomcircuit,0.8140318025314178,1.2072089051371273,0.41240011258818704,0.966039442238549,0.6492021601812255,0.6208429356639882,0.5637507647413323,0.9353930948351797
5f39af5c.qasm,512,success,1.2038937,randomcircuit,1.0995886450271046,1.6819703510931687,0.8357845049938691,2.060531405880334,0.9443657846839887,0.8079398256726539,0.7342796972336049,0.9667394070125032
5f6a8a9b.qasm,16,success,0.21687830000000002,qaoa,0.23119830426842417,0.23804619339868363,0.18785227817582692,0.17987225232419424,0.18850664725695165,0.15553937540111856,0.10142867124213432,0.22246382610127355
5f6a8a9b.qasm,64,success,0.1669181,qaoa,0.1560381768546819,0.2580667294939916,0.1335988059274363,0.20130418167922073,0.09833380440312796,0.1208743525381595,0.06265508171583073,0.1760877758656824
5f6a8a9b.qasm,512,success,0.2251206,qaoa,0.16697267387759918,0.1863680908280723,0.1037969727889814,0.17382738848537885,0.1273246233850889,0.14848728685202905,0.04460715505158786,0.16836893831886582
5f79d6db.qasm,16,success,1.4444159,qaoa,1.4097214074842699,1.7706188210072547,1.570176206916334,1.6446225520279443,2.547052675439312,11.503916815763999,3.4571087232756437,5.61106208365737
5f79d6db.qasm,64,success,8.4894781,qaoa,9.536058905402749,9.85733492431522,7.693116669661092,9.159270710163677,8.195051519831434,11.959266638616995,7.26595227617415,10.928603811308358
5f79d6db.qasm,512,success,309.13355079999997,qaoa,346.6332843742112,382.35946699566745,286.3088635316903,327.1560911431714,1.8652674219782954,353.6180242490864,36.254113119988816,159.98934930565082
613afa2d.qasm,16,success,1.1619439,qaoa,0.9853105414877518,1.24492844769784,1.093879658941481,1.145210577986254,1.9049512302944207,6.71359409256093,1.6380940734094604,3.6212425919065883
613afa2d.qasm,64,success,4.2897754,qaoa,4.73142895081017,4.969250048607832,3.4645440621928283,5.116359701314457,5.601253573256572,6.544271142359656,4.263198254548756,7.682924013374675
613afa2d.qasm,512,success,94.37437180000002,qaoa,107.21823880894101,112.29414255541451,74.26734056087061,90.1663785924291,1.4525248159131638,149.5120443641682,11.376984698880186,100.11815514538155
622c4417.qasm,16,success,1.8900389,qaoa,1.81101303618453,2.2424896587047924,2.4697021748231944,1.793505939883909,3.0814813774651797,14.636021393417371,7.168399465398606,7.297109025135377
622c4417.qasm,64,success,14.084895399999999,qaoa,13.454509343164625,13.893701822341756,16.67571723224919,14.813750497316196,10.48113686061606,15.740909754116643,10.223746131692765,11.44337926066857
622c4417.qasm,512,success,556.6662470999999,qaoa,418.934502751533,796.3945733690014,551.0274920563305,574.1581504131178,2.3006756059279057,495.74585790201496,81.75836734820838,194.40118668527532
635bd24f.qasm,16,success,9.4363397,qaoa,8.207345009901985,8.877857500634397,6.781709468514019,9.289079843313228,2.991434857796566,5.384409851244573,3.6404505852413407,6.69935322952354
635bd24f.qasm,64,success,0.2822097,qaoa,0.2571512708303398,0.2503680358106083,0.22162480536062565,0.2485515969227322,1.2931106393235254,3.4367368780850422,2.5075951517621164,2.3891724571184008
637811d8.qasm,16,success,1.9822721,qaoa,1.944834335199468,2.078571212085515,2.083979881523865,2.323290571395082,2.9130841146174955,12.438050383636014,7.220786815606732,6.802313162178557
637811d8.qasm,64,success,11.433697700000002,qaoa,11.813468927175709,11.331740297559357,11.937394381027191,11.742551358526573,9.728976404682289,13.137569140432909,9.61571455299938,9.171000317254322
637811d8.qasm,512,success,435.3994821999999,qaoa,487.1175231848771,508.36797999622496,424.20997957919917,495.994669165091,2.1492946330654537,396.7375903255242,65.5145592835637,163.91913367345097
63aaa50d.qasm,16,success,0.1790994,qft,0.634175205167039,0.7591022061997952,0.7307368985417731,0.7494382879189292,0.3281666518772749,0.3482386509442112,0.2734503618291604,0.32422019177034467
63aaa50d.qasm,64,success,0.3013606,qft,0.3688957491126322,0.3049695271298957,0.3416995274416407,0.28532368373287054,0.4063478108849913,0.30653305633355477,0.3719222441504478,0.18871785146893164
63aaa50d.qasm,512,success,0.1729242,qft,0.638685860312416,0.6353271433779475,0.5281444134490589,0.5718260597994923,0.32394602501487413,0.28630304802056994,0.6904185172942017,0.31194269614336007
64273f69.qasm,16,success,1.3970083,qaoa,1.6619174821170424,1.5136468079341017,1.4056920231207837,1.412013987591115,2.389123600306954,9.778310409526698,3.6141802080805494,5.216077622023271
64273f69.qasm,64,success,7.9696109,qaoa,7.734375107392848,7.966716995772359,7.070849100959443,7.804783600135174,7.251481176428925,9.798559643542491,6.660014612731281,8.53213447158124
64273f69.qasm,512,success,282.52643209999997,qaoa,271.060880629143,284.15799220750546,232.33549819012742,247.45121993659777,1.8258661907251656,284.74498959730255,30.8463435689177,146.16000153134144
6457f235.qasm,16,success,0.22334520000000002,ghz,0.8325843557889946,0.6218184744572227,0.40307013845093337,0.7324950849549209,0.3905490712379511,0.39604876831534064,0.3362405143499205,0.628927801383284
6457f235.qasm,64,success,1.0101255,ghz,2.2794492549861953,1.2359912197801786,1.3944186279090716,1.759859046591164,0.32889874551239473,0.3432814317714158,0.43779474885803177,0.4807876913596761
6457f235.qasm,512,success,20.677099000000002,ghz,21.171606232721306,3.293699116032781,4.544716153389716,4.015172554582503,0.5268084305617575,0.4833976506689053,1.015069906616462,0.9460573378040763
64731b8d.qasm,16,success,2.0507906,qaoa,2.036594601475801,2.211614639163934,2.1638215394457303,2.4874884485434072,3.046310624679624,14.37426413123973,7.0890876860684156,7.224605215401545
64731b8d.qasm,64,success,12.590871699999997,qaoa,12.516782187275735,12.005863098600171,12.420548301029449,11.614997768718673,10.122841321277157,15.387028914776396,10.229801137499546,11.309842183857056
64731b8d.qasm,512,success,496.20632519999975,qaoa,530.9685617616442,506.7735704392337,429.39533578297045,477.57137318299306,2.308346704788635,488.124318749488,81.23743147180845,195.54529363592923
64f32748.qasm,16,success,1.9956137,qaoa,1.6632912052296318,2.122650187869491,2.0957883189283333,1.7083479290636565,2.9110498150110886,12.433995076681938,7.218242336991516,6.796902407504144
64f32748.qasm,64,success,11.509393199999998,qaoa,12.016228571561832,12.045421203108969,15.511176549845143,13.849495523413879,9.728498396533416,13.125609463958194,9.611956763347864,9.1725876397424
64f32748.qasm,512,success,437.9071593999999,qaoa,379.0672617451476,723.8366989148092,492.5421148680889,522.5231719899883,2.1477987231842923,397.25520419183135,65.53898483222382,164.01761030337087
6533abd6.qasm,16,success,9723.491495600001,qft,1563.6240009147411,1521.3246055278078,1593.4290664521075,1536.3529992298925,1790.2530764541716,2773.3525766085004,4387.945923135454,1868.1034758242429
6533abd6.qasm,64,success,232.80990819999994,qft,268.5125660018206,101.83954504617266,203.18074451618514,171.80022843356852,195.95601711704757,695.3594147911163,604.2652069123423,224.68036597016012
6533abd6.qasm,512,timeout,14399.999999999989,qft,18839.700964874864,651.2487896491232,7126.431799365423,3298.867758133582,4567.8901620655015,13431.609338522863,12473.676382320406,2824.1277758110336
65dcd512.qasm,16,success,0.5612492,qft,0.3140015926809853,0.49430709791024846,0.3486206382260035,0.4034791275319999,0.40939131862143635,0.46296473095020724,0.26224844032762684,0.4859397725784494
65dcd512.qasm,64,success,0.5177774,qft,0.3747613437081686,0.2743995912131264,0.3275898250086972,0.3497034526685913,0.48134998622860276,0.4143672443721313,0.4362478649817712,0.2674973028708975
65dcd512.qasm,512,success,0.5506512,qft,0.3766716727583385,0.4615897807412178,0.453311448095113,0.5944094638710288,0.3809296605846103,0.3497659957049467,0.7562921404117039,0.43840608992739283
661be484.qasm,16,success,879.1681902999999,randomcircuit,706.410196212405,744.3350578987073,723.9889080836068,803.2737888005468,182.7046101657587,5089.876433695685,43500.61983939719,6851.702567420898
661be484.qasm,64,success,505.07029809999983,randomcircuit,559.746725808858,563.4148196246057,472.050369901893,632.0663258591437,152.9706044035797,9388.148618544517,53477.06132596886,12474.183128867146
661be484.qasm,512,timeout,14399.999999999989,randomcircuit,15393.213476085808,9510.832988022019,12193.53601572496,10357.023155306915,1166.8984217298107,11443.0117592937,43045.03385638938,20536.96389628929
66343f14.qasm,16,success,0.1837175,graphstate,0.10912449907807414,0.16804435654187763,0.16866164421118138,0.14343928990329458,0.13927107767549304,0.0706570377591806,0.13360828583975057,0.07257708999379565
66343f14.qasm,64,success,0.17714659999999996,graphstate,0.12635319342013274,0.22897194777981397,0.15408182451829025,0.14933672393116806,0.14092806393211624,0.09420477859331301,0.16007951106353852,0.09370389645561078
6694b099.qasm,16,success,13.838370900000003,randomcircuit,16.827140563485106,23.792785725880115,20.887034786850503,13.383214836238333,6.03875219569673,16.891025081702956,11.359354196506056,12.148618562691166
6694b099.qasm,64,success,13.804308500000001,randomcircuit,15.579166610542146,23.556698307879216,13.480704272306506,17.750110431445318,3.331321177140092,6.9787914376230535,1.7685134359255636,6.368777086180013
6694b099.qasm,512,success,13.781358199999998,randomcircuit,11.961971883997546,16.727374204473595,14.852401453713371,14.375763531755453,5.820453606635748,4.245025807368783,1.3988766817589047,4.519219032362948
67346cae.qasm,16,success,0.179131,ghz,0.6163673500019087,0.37113821329100244,0.3213762639917431,0.3165600419003453,0.7779751054431714,0.3028456764314904,0.5252378889706589,0.35638327503661676
67346cae.qasm,64,success,0.1538984,ghz,0.4290800166786498,0.3977927922332215,0.4495278792285328,0.23820450237432117,0.8090903327749862,0.5945589976668372,0.5365624150462326,0.5282746126567736
6740a375.qasm,16,success,0.1709286,qnn,0.3418653466908963,0.3160220706720968,0.24881839669103623,0.2303835330574326,2.5040630049024695,4.945088305418647,2.666030684180323,5.1724237314058845
6740a375.qasm,64,success,10.014619999999999,qnn,8.745929228660717,8.859124290963212,9.498496659475798,7.623495823334204,1.53129782841289,2.6769705727533126,1.4201811696858717,5.444599853981157
6785591a.qasm,16,success,0.21514669999999997,wstate,0.19473936291470076,0.16042347006813226,0.20067188900836877,0.2542235273171879,0.13444028654046858,0.11448431244737392,0.18891733916818068,0.1521129604579484
6785591a.qasm,64,success,1.0548189,wstate,1.0917989721716903,0.8035470226766092,0.839139577245845,1.0386511756597985,0.9266919623590248,0.706060095614856,1.0872212808659247,0.6791178584991864
6785591a.qasm,512,success,0.22718,wstate,0.20031912168727284,0.15921526482200163,0.15030391851555427,0.17569065096670142,0.13158616905087617,0.16388201775479955,0.22577685468944295,0.1299306096828853
67b5fe45.qasm,16,success,397.968539,randomcircuit,509.10277889690394,182.5348794500603,331.1285619730051,393.62680687843186,117.72384521143829,67.91947106764985,66.93418044513295,67.1089307466738
67b5fe45.qasm,64,success,113.48249140000004,randomcircuit,152.4129200858453,84.37881284251888,292.09280463265975,312.92842411060326,54.38502779890302,17.565340091458268,29.91962882981918,69.39255611670826
67b5fe45.qasm,512,success,1642.6080189999993,randomcircuit,975.6028746066665,385.7063088190829,2718.6906205656746,1373.0353625441433,43.953353874703055,20.65509123989291,85.2370750208804,76.12013132673044
67f3547d.qasm,16,success,1.4342771,wstate,0.8972891522499673,0.6526679081289312,0.7982010691507885,0.9631472869580516,0.6520547402070699,0.48182240152367806,0.9697217332509427,0.6616208488004812
67f3547d.qasm,64,success,1.2461029,wstate,0.761356572851265,0.6206906886325334,0.7285092787065774,0.8727652875521322,1.3069045472919927,0.9603157833189782,1.0275816791960901,0.996346441245908
67f3547d.qasm,512,success,1.4320807,wstate,1.3037831007309586,0.8959184520115202,1.7394687506411182,0.48297880480454863,0.49330437388648235,0.40995658265876433,0.7685256791196294,0.8813971145615219
68528bdf.qasm,16,success,0.18044680000000002,qft,0.21964354033356537,0.1544288974999579,0.18394698087655653,0.2637606418531631,0.061089039513448344,0.07663691921156937,0.0373104008561499,0.07196599077957543
68528bdf.qasm,64,success,0.16605900000000004,qft,0.2429443196487607,0.21147647838683292,0.18769322064014468,0.15382250677899598,0.1731859416206087,0.19831776177662833,0.07197343838944217,0.1563872526549519
68528bdf.qasm,512,success,0.1813397,qft,0.19435988958791237,0.15734885670103052,0.16243144714202346,0.21891731635177464,0.17530303475250728,0.11745442931562493,0.12454301934884011,0.1720548308851256
699bd83c.qasm,16,success,724.0946028,randomcircuit,290.8656438002853,2108.8174294669298,424.0453636716113,526.6520290549023,248.96794603712294,142.02879857159664,217.22474402526572,132.1543888550116
699bd83c.qasm,64,success,1079.0000190999995,randomcircuit,987.7055082126546,2413.7065514251403,767.5068228329577,1273.4381198361818,390.1853180002276,389.41409152386353,334.23113048671127,340.1659473348926
699bd83c.qasm,512,timeout,14399.999999999989,randomcircuit,5283.188412929296,42667.23778724326,10065.034006825721,26747.916745887404,7205.570966166846,7553.816614197289,7896.041806449903,1866.965462424457
69c7223c.qasm,16,success,0.9718195,wstate,0.6075171570917745,0.8407030489681446,0.9773963895798126,0.9037462779193292,0.16523565503715845,0.14701305246817484,0.22329232413283578,0.11995228342194449
69c7223c.qasm,64,success,5.8605898,wstate,2.19004945851936,1.816757715623174,1.8645700852879636,1.9377355502505857,1.3593651345652464,0.5064223501715429,0.8134098626245261,0.9699063455876555
69c7223c.qasm,512,success,278.43948709999995,wstate,45.257300269689544,43.683261443996365,59.54968322147842,49.829868200077094,0.19758301339804116,0.08904106079698172,0.2826725480473197,0.1045267494775767
69c8191e.qasm,16,success,0.1765269,qaoa,0.24723138371730008,0.2920259451535891,0.3254626902582168,0.18557125261755988,0.21755042619046538,0.40587605519238074,0.4805769795581586,0.47124802459118187
69c8191e.qasm,64,success,1.0784193,qaoa,1.2076948686269813,1.1068689421350646,0.9833368294100273,1.1466233834926156,0.8192826547713622,0.36413178012257547,0.5904998274994279,0.5642392699660409
69c8191e.qasm,512,success,0.1721093,qaoa,0.2605573507586116,0.17605169804344545,0.18310361634827704,0.16279487012724606,1.221951963068387,0.6545814375135217,0.9720199754633624,0.6988020455350262
69cf1b12.qasm,16,success,1.8664405,qaoa,1.5670737813839162,1.9739908150955308,2.123985010697751,1.5440079077551534,2.830345460741088,13.106963599547543,5.327578974116441,6.512798948017821
69cf1b12.qasm,64,success,10.711429399999998,qaoa,11.243629827781714,11.14500221648122,12.191574832625863,12.317032200733582,9.012525392717471,13.738330803829152,8.879073586517332,11.03869486034078
69cf1b12.qasm,512,success,436.15847559999986,qaoa,349.2206209458729,666.5306333685032,473.6962166372679,496.87058395665366,2.1451161865175252,426.6709724695259,59.77553487236392,183.26836739852652
69e799fa.qasm,16,success,1.7161594,qaoa,1.4822338299713667,1.806115985435371,1.9904210230582584,1.4069515117664968,2.7140035381489955,12.468113795886508,4.2532695422775255,6.0667386860561185
69e799fa.qasm,64,success,10.0683018,qaoa,10.32315156080568,9.474723680365424,9.901904138848325,10.640745484230655,8.619861030248561,13.01147336524137,8.03459021962101,11.205579064270283
69e799fa.qasm,512,success,403.8135676999998,qaoa,322.3249078027341,563.5540231420416,406.960840748118,433.33536226264573,2.0344409833349393,394.1842887149962,47.031108585130674,172.35768210436592
6a5034af.qasm,16,success,6.6179706,qft,9.631910418239137,3.7938026924101087,9.26240443351448,3.7840660041267737,2.112657528194319,2.8222284154986035,2.0094001598681674,3.1469860918817725
6a5034af.qasm,64,success,4.0574428,qft,13.03615447160564,4.304252906208557,6.064718234091414,3.3067192099364124,4.5452881575946265,2.1017395996609576,3.7714084939283583,1.9061974211929362
6a5034af.qasm,512,success,6.5558647,qft,72.18761464633934,10.358274104405265,31.647159777629263,14.445940189391504,7.160663888497007,5.323989347537879,5.892332092003709,4.239702367004636
6bc3891b.qasm,16,success,0.17711910000000003,randomcircuit,0.29663963816434297,0.2782613079727093,0.35165082716623725,0.4262360178823233,0.30834690947082766,0.3088806325678272,0.47524030005659473,0.25720170899611255
6bc3891b.qasm,64,success,0.31236659999999994,randomcircuit,0.23734630936207804,0.2225758456558735,0.3825214973093588,0.455716302779299,0.3087045006122288,0.3659610785402293,0.44962842304186673,0.32911419980315726
6bc3891b.qasm,512,success,0.17175660000000004,randomcircuit,0.25583505805888224,0.20063160032659563,0.2262366068990424,0.18396793605123815,0.29618640971348603,0.3246858810051003,0.28805980995466474,0.34456976133093076
6c69bcc7.qasm,16,success,1.8685516,qaoa,1.671827290628023,2.0385517056182265,1.9020782927526878,1.915545425836322,2.911222215736906,13.544834729376241,5.60043722796202,6.67471322848371
6c69bcc7.qasm,64,success,11.340408599999998,qaoa,11.73847793101158,13.414620090586093,10.589426058810618,12.587844995591517,9.39527787527597,14.315036995681979,9.117439736471132,11.279735176042426
6c69bcc7.qasm,512,success,472.5519850000001,qaoa,477.3000973883528,604.6398449836003,408.5806722775256,537.0102985834617,2.1961918458349863,444.9809483987901,63.36691986271553,185.69308383563072
6c848dc7.qasm,16,success,0.1774831,qft,0.36102889859098075,0.28724272128255424,0.3262052938195936,0.24617097269203875,0.32441897863037367,0.2531408039015426,0.22251500361211746,0.3377190601835392
6c848dc7.qasm,64,success,0.3084388,qft,0.2672002426891252,0.2878264916186921,0.3794353090631636,0.3819532498372443,0.22273419843083375,0.28934652508854597,0.22535078737732817,0.4450267542360099
6c848dc7.qasm,512,success,0.1831113,qft,0.32412277907726195,0.3396681256998718,0.4631554840053989,0.35553908161598324,0.3411558207066272,0.3831550026447936,0.25652474346507087,0.45894504760988614
6d2833ea.qasm,16,success,1.8673472,qaoa,1.8388925288268927,2.0232650249688016,1.9406157352889655,2.2232209594525942,2.8281346839519217,13.100751802096937,5.325323754084602,6.507599725398499
6d2833ea.qasm,64,success,10.6146131,qaoa,11.02392438085446,10.471368374445381,10.627248396010382,9.978681195724011,9.011873558426519,13.723578925981892,8.87630656266451,11.042131422192668
6d2833ea.qasm,512,success,436.21131729999996,qaoa,442.94680745770177,417.48832112660637,337.64866160830786,387.30829888701584,2.143848554697721,427.2553161921369,59.79232236634618,183.3891397716847
6da6ce61.qasm,16,success,2.6050772,qaoa,2.301305308926836,2.506252965124214,2.630828048881135,2.8544287001129023,3.795198370304329,17.46625907725544,10.422636590199732,8.75211072649087
6da6ce61.qasm,64,success,18.417722099999995,qaoa,15.297828855242049,14.966092763882365,15.748870523440097,14.656033852733058,11.421434701560374,18.845591997244764,13.494583883083472,12.86382467816071
6da6ce61.qasm,512,success,709.6141829000002,qaoa,658.6512052642868,582.9485752555089,562.4679120183616,554.0903412926459,2.9021619635044584,583.5146568950122,116.12702494910302,217.68291508562646
6de17b5a.qasm,16,success,10.0667903,graphstate,5.436073024741523,3.2470000728821673,4.921160210728139,7.054479338489528,6.956538923767018,6.399063239386118,4.115002540308576,12.49453504335738
6de17b5a.qasm,64,success,53.133645300000005,graphstate,45.092466818015914,23.39141333973564,28.740372870361725,59.58055202328574,15.915284743348677,14.899559456650401,8.435765782919251,26.167043122921733
6de17b5a.qasm,512,success,1966.0381447999994,graphstate,1095.7890910696667,869.1353034276859,545.8474373429962,846.1318065219385,12.630606851731349,9.311875807932497,5.086002304036947,19.991587952429583
6ee18f92.qasm,16,success,0.172242,ghz,0.19522886662557395,0.2535600727862562,0.20579145088058817,0.23143132537724714,0.14598408365741927,0.3331489433343207,0.5480513704545342,0.2354911160007092
6ee18f92.qasm,64,success,1.1563193,ghz,0.779260431831777,1.1186496831417079,0.7469656176410586,1.3021137896063608,0.1311691868367322,0.319504445260565,0.312955568290149,0.2823546440516131
6f16ddc6.qasm,16,success,0.18066420000000002,qaoa,0.11624748172074188,0.18903628201910896,0.1809829321183076,0.1506623308780443,0.21549376101518217,0.2307751181631826,0.17552037785429317,0.21105008130396927
6f16ddc6.qasm,64,success,0.1723963,qaoa,0.13798250745050003,0.2623091302419969,0.20867427603886074,0.17211829239660156,0.23871085538736322,0.33363295193911946,0.2273227815579804,0.25478882839408706
6f6328cc.qasm,16,success,6.304043,qaoa,5.003338398728462,5.437095240264915,5.793092796212835,5.241154831006082,2.3082798591620532,4.093321581792456,2.079645827972662,4.135425734411231
6f6328cc.qasm,64,success,0.2283101,qaoa,0.2826529958783101,0.17877069500280857,0.2854718613831029,0.19048043041030022,1.186106159937869,1.349395234505578,2.3277269483544205,1.625789758337437
6fef948c.qasm,16,success,10.714402200000004,randomcircuit,6.3512732312185936,5.254244089546568,6.726088909140731,8.085633813628553,7.101048389062743,4.864599870494132,8.329647831994968,2.7031966643933063
6fef948c.qasm,64,success,0.5896737,randomcircuit,2.609502930137837,0.6848062459548566,1.4996080618615215,2.385957581239629,1.5257861691127195,0.49869053333790603,2.872079132710634,0.593474013767034
6fef948c.qasm,512,success,7.8826795,randomcircuit,6.842186153326224,6.903326260257532,16.907919328526546,10.312514054764028,8.162452182610972,8.092740194293617,1.868254237713532,5.39288154848731
700c376b.qasm,16,success,2.0538495,qaoa,2.1586803690880103,1.883681430741976,1.8438230290584499,1.8630939845838443,2.968649437837954,14.06143633976429,7.0539565350631115,7.171094669475502
700c376b.qasm,64,success,12.202639099999999,qaoa,12.377855452189914,13.859520013159049,12.040376781708192,11.96046159875236,9.9195390581173,14.94169450809253,10.11926865429041,10.990209445362332
700c376b.qasm,512,success,480.9286841000001,qaoa,510.5122216774758,485.2867567570911,421.4923676023753,419.5510892748241,2.2119543181531442,476.89674516189973,79.78712854997785,194.5940225241726
7063be19.qasm,16,success,1.984057,qaoa,2.1015169259264,2.0446767519020383,2.3510730682409333,1.9938506800089069,3.182382834843949,15.03556428780103,7.735989821233632,7.492358165734806
7063be19.qasm,64,success,15.381964099999996,qaoa,13.292566068821564,14.148894348274082,14.346703057064671,13.590440928248302,10.542448062769758,16.19031201777628,10.669126449588509,11.619714066861274
7063be19.qasm,512,success,699.658068,qaoa,549.468787595329,596.3441450639914,643.298519458996,531.5229746850105,2.4311302626537183,504.7483780907912,89.82878240796269,198.54935941162557
70d5d461.qasm,16,success,7.1855928,qaoa,4.351934054513332,3.9261215620064376,4.800194087200102,3.955957289293433,0.31571042043654673,0.3243002304459579,0.7330917286681162,0.25225313600291194
70d5d461.qasm,64,success,0.1600138,qaoa,11.618320343371547,8.877334805485257,15.444487902356752,11.433429481407021,1.5598927169367989,0.7301067987268569,1.1020308205135185,2.0761864150198233
70d5d461.qasm,512,success,8.8462365,qaoa,1254.4821582484492,1888.7440741799721,1371.7086190947073,1264.8661852574176,0.37087198588190895,0.2037695337380312,11.281726188563233,0.2731149402255061
711cdd0b.qasm,16,success,1.5356056,qaoa,1.2600864990814609,1.5550960990652598,1.4502948897913785,1.451010684289046,2.3349055867102635,9.554695714603897,3.4231728966520816,5.111016693285297
711cdd0b.qasm,64,success,6.9356012,qaoa,7.942550438187185,8.751063358990265,7.195271737546874,9.26788881346836,7.2276994803210375,9.584010835425685,6.450497343041698,8.42707197963475
711cdd0b.qasm,512,success,204.2237956,qaoa,260.39419261788413,376.13157640546734,266.5340139719509,321.3688540658353,1.7533202875596747,278.5827087623206,28.666642983636425,143.86911346311433
72b5f996.qasm,16,success,0.1764023,graphstate,0.23406320528192312,0.19845496109255667,0.13610757119004985,0.18926013163659808,0.6149610299863552,0.6093188406960016,0.4559546290256368,0.742763286094716
72b5f996.qasm,64,success,0.6280924,graphstate,0.48988933813614227,0.5006155274305062,0.6729510402105263,0.5076171030806204,0.9641241807596513,0.7008494629630397,0.9554151527328769,0.7984785226119198
72b5f996.qasm,512,success,0.1757353,graphstate,0.288599330689941,0.1681807153979869,0.16873763282358986,0.16695922265368687,1.3749153200870472,3.994110216024961,6.737761730685262,6.557898828420063
72cc2f13.qasm,16,success,15.445616199999996,qaoa,16.1314243268538,14.955694830939072,18.507375324257836,18.15611111354531,14.116866631939756,13.196770460457625,8.292840598611567,7.63147896898094
72cc2f13.qasm,64,success,25.191536599999996,qaoa,0.8724069719812252,0.6786005328109606,0.7405827518736224,0.5731062263252111,0.9888331757768788,1.0239723708502273,0.7655580515614417,0.5762805083003825
72d8892d.qasm,16,success,0.955442,graphstate,0.7958335105275335,0.7054932950261065,0.4521418935697878,0.49765255274081804,1.952119200674377,1.200957768331639,0.973283137050424,1.718299224550491
72d8892d.qasm,64,success,5.2796491,graphstate,4.036088929539156,2.168137145504308,2.955577745897306,1.9364303376499037,2.0003561105749004,2.9209787583509175,2.1528687701455205,3.4726468472335155
72d8892d.qasm,512,success,142.81771470000007,graphstate,141.50781963750927,15.381974121909916,2.259939898233768,3.523979952890147,0.8867661974956574,1.0685964319796861,0.8567288994945593,2.6787295277411927
73191d24.qasm,16,success,0.1741543,qaoa,0.3196148794296383,0.08970607413410628,0.15951753859889717,0.12660232124387474,0.2918869440812536,0.19786015590173409,0.07642676342099218,0.3114234705909918
73191d24.qasm,64,success,0.1658449,qaoa,0.20328009692828394,0.11169763204187448,0.16171138324848147,0.16478697415126214,0.19842238842780185,0.2014561097978759,0.051763949492965755,0.21921776457802652
73191d24.qasm,512,success,0.1710847,qaoa,0.18786511792215307,0.12001803749028843,0.10831581459862308,0.18370372224362796,0.16946200183914503,0.16226919158545242,0.022682246640757187,0.13220808675631623
7337baba.qasm,16,success,0.17470819999999998,graphstate,0.08158079883054906,0.13755582766929794,0.16116805577564516,0.09770883797805299,0.24912247449817876,0.12753559453782454,0.16226121890747866,0.14936168976068695
7337baba.qasm,64,success,0.1769813,graphstate,0.10683880494806461,0.1884846318528999,0.16158685606734466,0.1189046799779857,0.30038623496776923,0.2565651639161984,0.26320725813520884,0.21168901206146332
733f4518.qasm,16,success,280.2611961999999,randomcircuit,189.44066575213722,242.35373678846756,260.55606339701205,247.77909640705468,13.063521277008052,15.784288905419457,11.371127715617616,38.633506724040345
733f4518.qasm,64,success,27.346887899999995,randomcircuit,29.085622288303608,51.100179114307444,18.928618631732324,80.31099812513605,13.305192812569405,23.37151122631076,10.322083349988736,49.106607980372125
733f4518.qasm,512,success,11435.180826499996,randomcircuit,8729.73733934797,10612.92358476935,6457.108585547168,20646.662255579806,36.83591178899853,64.06392816544124,54.285041700796604,107.36266210523318
73f498a0.qasm,16,success,0.586508,randomcircuit,0.35389245907682976,0.6165248615015222,0.6944604075457682,0.6642654291485685,0.41803094254850076,0.8421487590290854,1.2410876445503405,0.7855935841322131
73f498a0.qasm,64,success,0.9841235,randomcircuit,0.4470556598468792,0.7448779089125411,0.858256438896821,1.190666261316,0.4732302750562803,0.8487552293541732,1.5410250759806061,1.0295761575693052
73f498a0.qasm,512,success,1.3402632,randomcircuit,0.7688780237608729,2.455275053752566,8.388716252275884,7.644986407108677,1.5781964083314608,3.386934924602798,5.414050419979618,2.8255742696267028
742bfb51.qasm,16,timeout,14399.999999999989,randomcircuit,11943.975787751768,18966.76233270877,7795.513885479235,8879.311217941528,78488.30575595287,34205.26056848214,40513.40836229365,61733.602569989635
742bfb51.qasm,64,timeout,14399.999999999989,randomcircuit,8584.930845980029,33076.737519747185,8839.609242467319,12390.983908948718,85460.24348332862,51650.80187858593,39710.91142506065,90704.37812518798
749ea355.qasm,16,success,0.22915330000000003,graphstate,0.8980776780445412,0.8670509284872872,0.4869847685771781,0.30741906766138,16.911135879934008,2.761472617192276,2.5155537614407875,4.721188541392481
749ea355.qasm,64,success,2.3689134,graphstate,2.428431952065794,1.3277142061356288,1.0127610198511032,1.236890942988609,52.715374815535505,2.196908578916234,15.487517788396254,4.610307005177374
749ea355.qasm,512,success,0.2225618,graphstate,0.45165602292774804,0.38687271765835723,0.20189409979042336,0.582156867593435,508.4274282315816,15.391092533673786,81.54267233509766,5.511321678825015
7513561e.qasm,16,success,1.7643061,qaoa,2.000960460884726,2.1275094677816,2.00764255790955,2.395222179031565,2.795367480611001,13.523855924555273,6.028088501454724,6.692110952277266
7513561e.qasm,64,success,13.212665399999999,qaoa,11.909300386488502,11.063629630919738,11.357524063962577,10.664763782121025,10.053227433001647,14.609678704593488,8.987917090980883,10.960222224085896
7513561e.qasm,512,success,574.2641708,qaoa,500.5455200344246,488.3746669370827,385.0777280996251,453.91327601182945,2.0970606312672206,457.67634040957694,71.94764173567496,186.9336593371204
75137edd.qasm,16,success,4.2534029,qft,1.0607219012456222,0.9027233869892065,0.821521566478519,1.0537687403826423,0.7222006858377963,0.84879751526593,0.5709873500646073,0.4785554170979561
75137edd.qasm,64,success,0.1687236,qft,0.4368092933493238,0.6671705534233859,0.4090307019960488,0.630642643675595,0.5330740813221035,0.4876960226776608,0.6360482216352251,0.21998685763064016
75137edd.qasm,512,success,6.0661241,qft,0.8188362682212448,1.154361751568014,0.637432379799682,1.1091570473013665,0.5420072100422294,0.6189746820525314,1.4871501946770747,0.5533831089556673
751d7ced.qasm,16,success,2.1812843,qaoa,2.018252825925939,1.9649265263205828,2.24044315337476,1.9118753328205187,3.081049820692769,14.364040812050114,6.929343696008,7.159879686053644
751d7ced.qasm,64,success,12.570806900000001,qaoa,12.719583058583785,13.216984290703927,13.309039067777668,12.79226424908497,9.981598703514994,15.345975689835432,10.145426044832396,11.417212550569339
751d7ced.qasm,512,success,525.1337435000002,qaoa,518.282409563711,554.6031284645943,603.7439539562571,498.852940002007,2.3742384942771255,483.105494562312,79.91348621785079,194.92386627517487
752a65aa.qasm,16,success,1.7403424,qaoa,1.4819143794134075,1.805146910897695,1.990447248018408,1.406706010693486,2.7156697924365742,12.473347692864916,4.254782862884698,6.070455010589328
752a65aa.qasm,64,success,10.069334200000002,qaoa,10.316500418493874,9.465569696272205,9.899149860353912,10.637209015619185,8.620247890005832,13.022814287849583,8.036399963065383,11.202740447398332
752a65aa.qasm,512,success,411.4862542999999,qaoa,322.0710850801548,562.918607044846,406.82592167650046,433.01123668869786,2.0352441681419413,393.77853331251623,47.02533837160665,172.26951811305005
7548d858.qasm,16,success,0.5394256,qaoa,0.7470884432501459,0.6598353543335238,0.6081485355116979,0.649815432630134,1.3086955751454523,2.587232800951188,0.6174485098956198,1.608854510856661
7548d858.qasm,64,success,1.3349159,qaoa,1.1312081089899224,1.2584023225806054,0.9892122925487657,1.0386424089063526,3.0077698572455054,2.418251025871367,1.6854818809750127,3.970850799718265
7548d858.qasm,512,success,3.4632725999999994,qaoa,3.375576611083502,4.053862639600061,2.7760293026148672,2.9264301170645037,1.1169715681550703,22.19127964985008,2.4092678290403495,32.63971671611056
758554e0.qasm,16,success,755.0281160999999,qaoa,1352.4186310554771,1431.1304620909857,1683.1344263774943,1703.4660957556769,222.23147690614536,148.33834959504787,64.01159936773357,696.6791878856886
758554e0.qasm,64,success,590.6946547999999,qaoa,1316.9044985916755,1283.5681776880829,1466.8981327432732,1180.5851101491792,203.58291621215773,298.37025508956435,118.4644096253764,990.2328151097232
758554e0.qasm,512,success,592.4959399000002,qaoa,2180.9595155696124,2073.5819364321073,2221.4926382807666,1820.6800801512895,1304.9099984345319,1283.769019236369,275.26011083479267,3123.162446472453
75bd5cbf.qasm,16,success,42.215876699999995,wstate,60.86265198121287,46.6542989956458,69.86351634411149,34.14636727273378,69.75705122488753,141.73235137355934,27.89267212897065,66.7718340871426
75bd5cbf.qasm,64,success,15.9747854,wstate,32.2885262941253,29.283087754529337,40.77973756083306,28.876819255488126,94.00536445080364,302.4597515613133,105.82339022737348,586.6411667015348
75bd5cbf.qasm,512,success,41.622736499999995,wstate,68.37525337186356,98.32422285194724,92.46161104765915,79.99982675116671,684.3327199362702,742.2425788735444,296.46466787632346,1271.5861778730543
76034335.qasm,16,success,0.16997750000000003,graphstate,0.3995171067234268,0.577474145756811,0.3664239798628977,0.5441976169505243,0.4584260697909744,0.44582520409640325,0.44988517552187307,0.6067944451402156
76034335.qasm,64,success,0.7581466,graphstate,0.5428837955477838,0.7651814199259102,0.5693434677247147,0.8176146157215055,0.8204726512474575,0.7093335842325018,0.7278752806959387,0.49755741964465094
76034335.qasm,512,success,0.246009,graphstate,0.4926429150331002,0.8125784303490894,0.5459694121074488,1.1655858046852117,1.0175009696367623,1.386432899831748,0.741643017019463,0.7416923851745286
76d0b692.qasm,16,success,22.912727,qaoa,32.84910039040451,37.531353442803116,17.01540740163731,36.0914655922233,26.38922608374159,22.939359034905376,24.440779245718364,14.625395120653174
76d0b692.qasm,64,success,4.2618177,qaoa,2.0895257917789034,1.750553497073228,0.4925560404234205,1.4205782130747577,2.394132188405048,3.8697377302925373,2.1331256947335513,2.2118043551348023
77a3a480.qasm,16,success,1.6496207,qaoa,1.6095340770512305,1.7886203887522545,1.6934000061338572,1.9116942889232336,2.5246976239951677,10.961248159101066,3.9314618584087455,5.612389874008779
77a3a480.qasm,64,success,8.934466900000002,qaoa,9.032755657855454,8.588669026835241,8.69117888098485,8.488303669323976,7.837024614215431,11.17797078893255,7.322677691128647,9.683167973166746
77a3a480.qasm,512,success,343.5808607,qaoa,335.982488755098,333.19311463102133,255.4981344676191,315.02076091183505,1.8974953418501894,331.96618336093115,38.00819603220622,159.0840135169153
78adf5c7.qasm,16,success,4.0229352,graphstate,3.264217164583182,3.514276369226048,2.2295931600055225,2.602576745116979,1.5881931782669534,1.7444498706821394,1.2549785396554647,8.785621613881322
78adf5c7.qasm,64,success,10.8530249,graphstate,15.185410102308643,11.325356354746736,9.097998699188242,8.69287046266315,2.8002802049339737,2.956443503263594,16.56517701730825,11.502180209239029
78adf5c7.qasm,512,success,527.2902871999997,graphstate,888.486995100567,956.3283550858924,396.4880693002524,591.7657168049117,539.2069670794324,324.53761440265845,535.338694383617,636.8883724994347
78f96e37.qasm,16,success,1.3827565,qaoa,1.0577134280499128,1.3269206623186314,1.4013475936160764,1.0034343955809681,2.1246079042159787,8.270128127125853,2.1484971566441833,4.288208950769687
78f96e37.qasm,64,success,5.7355776999999994,qaoa,5.788955925960419,4.7282377547294585,4.947749476169357,5.929411956964996,6.420730841139065,8.247680477402511,5.2707894450095685,8.825434787196004
78f96e37.qasm,512,success,134.27502299999998,qaoa,166.22102607468102,232.40808395413757,171.8763572821332,205.0053495301407,1.6029634864192903,212.4169687667313,17.476992028842744,120.92595649830089
79b12d71.qasm,16,success,1.6729174,qaoa,1.8952692652275347,1.8013920046596303,1.590183029539879,1.5983924007409935,2.6624582489478312,12.168559555687068,3.8907897502752737,5.900209967670521
79b12d71.qasm,64,success,9.5001241,qaoa,9.837239646634242,10.305233293775196,9.116187250298736,9.557052468786544,8.585172387928006,12.761373700252447,7.728621781714506,11.21288034892164
79b12d71.qasm,512,success,344.1290951000001,qaoa,383.28859441656573,351.3759846709925,295.46347889831264,314.6564146669409,1.968402888427513,384.4360313388637,42.248829005979935,167.5615083375516
7a0c7e70.qasm,16,success,408.48818259999985,randomcircuit,468.2649971065304,338.15266607689114,287.9736371975007,375.1425607861649,99.79168757385315,507.8778669082928,2675.621451888538,165.16976669708455
7a0c7e70.qasm,64,success,280.2108366999999,randomcircuit,587.2411373203439,458.7701008378101,502.30753856778466,543.7672839701785,76.42412019502908,185.67014838861238,3989.253090089148,229.74010260029732
7a1c98cc.qasm,16,success,3.4877635,graphstate,0.29993481518916915,0.29027622735402103,0.25492321254159345,0.4469990011257115,0.3153613769271155,0.308805225960492,0.19348006888090583,0.33815781759102215
7a1c98cc.qasm,64,success,0.6781891,graphstate,0.351966024217495,0.1825458024300802,0.2125666352665177,0.3643317857305025,0.22126897090817862,0.2530315978286424,0.1941733350575026,0.3644599400060643
7a79f013.qasm,16,success,438.9453946999999,qaoa,72.73645863062325,603.4152522180764,328.4175257392572,309.3760012830902,61.0244151474704,122.25716279895532,87.06383906366473,199.24446377697498
7a79f013.qasm,64,success,923.3542458999998,qaoa,657.5857516505262,839.7444245822024,839.9099406493972,1471.9964450874409,579.9760921659176,415.2571578888372,641.5196574461442,419.5322030691755
7a79f013.qasm,512,timeout,14399.999999999989,qaoa,5135.562019834846,19817.094741445904,13333.047554647977,61384.03317707599,6340.236044390102,5091.617540205916,4199.310667771123,3016.65776488342
7aad2132.qasm,16,success,2.6700853,qaoa,2.464405440690718,2.719616503943956,2.6242641026123312,2.619254651760392,3.9472982885930006,17.999496150547873,11.359550633705778,9.007279896925375
7aad2132.qasm,64,success,20.941539600000002,qaoa,16.659320220565245,21.492966979225265,16.52018233296058,20.371098071566184,11.550153022744542,19.488609571497182,14.20077090260583,13.125497776318577
7aad2132.qasm,512,success,959.7448176000003,qaoa,757.8177304339714,921.2148970769813,577.9831890394888,870.8771655171731,3.1072176727838428,594.7356065315751,128.98237705966005,223.2238414906573
7afdbe61.qasm,16,success,2.2713569,qaoa,2.4015889545873863,2.3746603469151424,1.8929410993738902,2.351319925642643,0.7582302024855206,1.418355138021108,0.5306852720368659,1.6734083715364547
7afdbe61.qasm,64,success,0.1793947,qaoa,0.19650927885357974,0.1115455709006185,0.14238875798261702,0.10508272913685006,0.8187123213683951,1.2628228084710866,0.9617811960302401,0.9402349637541123
7b19558f.qasm,16,success,3.3083295000000006,qft,6.1386594320244035,10.251012063796397,16.824392557891212,12.348524872460292,0.5775415959596382,0.5287443503245861,2.042588594199426,0.7136549237216782
7b19558f.qasm,64,success,2.444386,qft,2.19171180597109,1.5716429276013932,3.0141028918843458,2.3786242693328807,1.2436797466671399,0.49718181143684986,2.2249364259319706,0.3146461368176127
7b19558f.qasm,512,success,3.3641784,qft,6.237239877945468,7.777748250575141,12.796359129862058,11.594588952628884,0.8930029034792941,0.6068640706810349,2.4212337545142786,1.1418150802031097
7bab61ca.qasm,16,success,75.00299399999999,wstate,86.79628149025729,87.3181511063779,108.83615858993582,131.4204871149022,3.797140153526885,1.542350572592889,2.538326493704259,2.7731200225736967
7bab61ca.qasm,64,success,43.55957699999999,wstate,28.16454500922628,45.49353518581701,50.681711187438836,45.30392164622018,23.01889059170499,10.081734836061143,8.45529089061725,10.715133522484674
7bab61ca.qasm,512,success,74.85026579999999,wstate,122.91134750856232,100.27321515003001,118.20254548357845,105.89487099405447,27.574871140830165,94.23695171875491,8.016146618036686,209.50190339081044
7be7d477.qasm,16,success,2.4134915,qaoa,2.38789922740155,2.2239185856433688,2.592403547950949,2.195284771537341,3.5665082480693173,16.556367337306252,9.467488661319665,8.259947488084062
7be7d477.qasm,64,success,18.077428899999997,qaoa,15.218458442266456,15.898788806391302,16.606779361656976,15.342256671084378,11.043298399410546,17.857054966048043,12.391589336517887,12.399973126264502
7be7d477.qasm,512,success,843.0826304,qaoa,595.6171491963506,677.7882357046567,734.2513041317183,602.5036450269569,2.768611723082291,551.7112692382083,108.72388884293423,211.10888949961742
7bf0f1bc.qasm,16,success,2.098813,qaoa,1.7565869259273361,2.1262590981607756,1.990425530448694,2.0001736881217096,3.021295457490132,14.09326479751665,6.224111962934415,6.942826037076934
7bf0f1bc.qasm,64,success,12.182565699999998,qaoa,12.383252003974599,14.369676148180025,11.25978564297501,13.503851072869137,9.780943811089552,15.006900011715159,9.616783574683009,11.47760537804808
7bf0f1bc.qasm,512,success,495.0731022999998,qaoa,517.02348998025,658.8877247840373,432.507813371178,590.4453083307573,2.3006336108048955,467.9365798319212,71.56036567499805,190.47661365197862
7c9f6bae.qasm,16,success,2.2005587,qaoa,2.0329161959530553,2.183834632369437,2.149021204518422,2.4526926672717484,3.082414685559809,14.367329466027545,6.930872147519144,7.1630995909644755
7c9f6bae.qasm,64,success,12.6793433,qaoa,12.53267906924558,11.784864321169982,12.287414026145605,11.382844698928231,9.982142577438589,15.354566993300839,10.147308753262179,11.415291628208472
7c9f6bae.qasm,512,success,524.4238940999999,qaoa,530.399876819132,492.28044174200903,417.47869515893694,461.5871516912647,2.375322198787624,482.7157860699131,79.89348362267255,194.8620248145885
7d6d9a38.qasm,16,success,2.989781,qaoa,2.45915027294365,2.670386787775054,2.95834386522268,3.0737312437905064,4.331681564239113,19.1919121934123,13.33732286532495,9.690573133447632
7d6d9a38.qasm,64,success,23.563448199999996,qaoa,17.334031785036416,16.905547919885745,18.149658417575537,16.78508754395544,12.068173766250668,20.91622031522738,16.00893319883643,13.63849907789729
7d6d9a38.qasm,512,success,1083.7143292999995,qaoa,732.8619645825414,628.8627216955009,658.690257680125,601.3540225976,3.4497409481460535,624.3855348157426,146.83540252855602,231.57604988238091
7db40afb.qasm,16,success,0.17392759999999996,graphstate,0.15687161298283508,0.13177867966824583,0.18096107515319274,0.1318716017719548,0.18358120576410997,0.12016200535798295,0.14651231263878217,0.13768749488092535
7db40afb.qasm,64,success,0.1741671,graphstate,0.1457894679364515,0.15519076512071991,0.14356646063015482,0.2257833000133153,0.21162687636825803,0.2579836869255238,0.20434623036062646,0.1816682915016525
7fdad0c4.qasm,16,success,2.0015231,qaoa,2.3243082748047694,2.0281858413290963,1.9480956055647611,2.003032864885642,3.1813050804022778,15.033145998756034,7.734746642193301,7.489779665869149
7fdad0c4.qasm,64,success,15.542053600000003,qaoa,13.870754837753076,15.56968034982361,13.167758192446154,13.171073025230355,10.542019790305357,16.18359397632779,10.66757149567325,11.62113347654884
7fdad0c4.qasm,512,success,695.6832452000001,qaoa,576.7096800100916,530.6786077881824,456.61877673196375,463.00762209022713,2.4301308230689362,505.06270311747556,89.84846089740839,198.59111058700347
81af3d74.qasm,16,success,0.24346440000000003,graphstate,0.23322966305845677,0.17502469594206427,0.20121418995415777,0.15768233879759636,0.2034372297265508,0.2188652541147954,0.215224852030522,0.18621890267946614
81af3d74.qasm,64,success,0.1806651,graphstate,0.2724946175377898,0.1529951698412601,0.23915049740486852,0.1572656503950258,0.20298185104401478,0.2893644751512229,0.28788895213142973,0.14309566452251973
81af3d74.qasm,512,success,0.23417009999999996,graphstate,0.228604097342396,0.19721469831024996,0.14754419468253693,0.16908223319830024,0.2265259273860471,0.2513341186552074,0.15708714510964636,0.14968473559984566
81f388c7.qasm,16,success,0.17924560000000003,qft,0.32947796759322573,0.20354394268086484,0.2350830753700688,0.201059960765543,0.165818227298609,0.21805713252332784,0.13063718497488813,0.2988085753215099
81f388c7.qasm,64,success,0.16809340000000003,qft,0.2602365654365734,0.2041353813348917,0.188699359391241,0.2282259999134996,0.1807740577315664,0.22535403486342856,0.08923903138151403,0.2707606062437986
81f388c7.qasm,512,success,0.18503920000000001,qft,0.28318487732797565,0.21131797948298128,0.23654596981403833,0.25300114385218175,0.3024604157383304,0.2274858852965882,0.19676098790171415,0.37903443539293685
81fdeb0a.qasm,16,success,0.1736968,wstate,0.25921726480454593,0.2493372165634368,0.2225731269565501,0.2580317031645452,0.28968919806135657,0.17655540122717006,0.2543631988475316,0.25352148275269026
81fdeb0a.qasm,64,success,0.1638945,wstate,0.3109150089050582,0.23496060117356207,0.24982598342884962,0.31877773050633024,0.2695771862475586,0.307215265154096,0.4766792337201423,0.3654395496187477
827a3442.qasm,16,success,0.18011539999999998,qft,0.1614234281133004,0.15781646227193052,0.10056760220882795,0.10413933062902778,0.10964383722794016,0.09572444009432722,0.08629465489068078,0.09325040901590731
827a3442.qasm,64,success,0.1755154,qft,0.17920633469951974,0.1527630475954039,0.09140223426715373,0.13009746653169132,0.08497123616183311,0.13355183802736129,0.12117271506226251,0.15301839515565252
827a3442.qasm,512,success,0.18864619999999999,qft,0.18598251753078818,0.14496160054081936,0.1296821227295346,0.1274229911529578,0.10565970406636613,0.11735805512167329,0.14943441780554007,0.16163507595070314
82b89c68.qasm,16,success,3.2725359,qaoa,2.7188745779363668,3.096629744286224,1.3866370384366142,2.6467554508944167,1.0052364779544631,1.758385476694173,0.7156196165171796,2.0543323621680094
82b89c68.qasm,64,success,0.1596555,qaoa,0.2295707824991627,0.24109863825956945,0.0656315355019708,0.21198914089608312,1.3035311812028514,1.7977811021832433,1.2297883968033803,1.3356997609221795
831c33e1.qasm,16,success,2.3401965,qaoa,2.0681238992123623,2.5340103542897996,2.95947565163662,2.072507467310501,3.5663711950169916,16.55610375553112,9.467319745601324,8.25963121009593
831c33e1.qasm,64,success,18.073409800000004,qaoa,16.89077935378223,16.793622489881365,21.747907809141868,17.56666605455251,11.04320443044589,17.856231520488308,12.391344440904755,12.400133099449581
831c33e1.qasm,512,success,839.1603764000004,qaoa,481.51312283750013,929.6161936955425,648.9447134002677,660.5805542587196,2.768477214325625,551.7485244823089,108.72651510876732,211.11271404817398
8335b01d.qasm,16,success,0.1701279,ghz,0.1795752473508366,0.23142208260499636,0.2533997660364024,0.21577947107466455,0.39066516105551735,0.4975501129730482,0.2662253080002665,0.4746487259283763
8335b01d.qasm,64,success,0.9557037,ghz,0.8030156362119215,0.8342513047429011,0.9645901293906345,0.7940416361065287,0.2588931903717079,0.344904456041555,0.4646584165748782,0.788160238797326
834596bc.qasm,16,success,204.27585150000007,qaoa,193.12207909019955,19080.764852794724,1221.8657649616848,1923.781950081609,353.94353399927735,365.0304164341532,59.34320271574515,10.12640135164945
834596bc.qasm,64,success,835.9329551000003,qaoa,575.9357923449772,112574.55501361444,1321.3683292291507,10744.025497843182,100.24789631488684,113.56423632195082,63.375930365417,23.0489670641894
834596bc.qasm,512,timeout,14399.999999999989,qaoa,2866.137931102838,2881714.775899485,3888.366722051409,252853.09323838685,208.93038385727735,123.42869024457237,130.13509287058056,61.24594044262168
83b22dc5.qasm,16,success,1.2476565,qaoa,1.0735682721825053,1.1643229618851068,1.0771525441332872,1.153412868166002,1.7385393727733265,5.349000967745119,1.4454325180262795,3.107355418981563
83b22dc5.qasm,64,success,3.4044359999999996,qaoa,3.4634453777982057,3.1993604819257855,3.665626801575898,4.120836716134962,4.800673059797637,5.022687962984872,3.29080143987337,5.66799284877286
83b22dc5.qasm,512,success,72.29796490000001,qaoa,73.61389718189353,98.76409849922265,67.31485789371796,108.11559431672025,1.420797226554629,106.83186954256297,7.913304330745519,85.07775230300507
8400dcc1.qasm,16,success,0.1777404,qnn,0.13990704115725733,0.2535081568106902,0.1639680945501094,0.24688810265535568,1.116986821460177,1.9974564805006796,1.6326732139873616,2.5930454794661753
8400dcc1.qasm,64,success,9.1855849,qnn,5.981559963201848,8.249961674046235,9.499822532483652,8.70612581057676,2.751840742053172,3.108603302404362,6.807324607683036,4.721103659602625
8400dcc1.qasm,512,success,0.1613232,qnn,0.28300378249803065,0.27219977810742607,0.220655023908173,0.18848525269862546,122.71050150654555,1.3689065077347762,190.61992525031562,6.281734978029048
8422040e.qasm,16,success,0.1669148,ghz,0.1698567732288787,0.22388453950326775,0.16450776581154442,0.14293516542470408,0.6590526198914188,1.190422637888256,0.5900911677646362,1.2008258330318615
8422040e.qasm,64,success,2.531916,ghz,2.5320897737535324,2.826005530887013,2.6273907684352387,2.311277299725769,0.2489288591431945,0.6812796955046361,0.543759858414093,1.6972680056224418
84fe3fba.qasm,16,success,6.975659199999999,qaoa,9.662463615057144,10.079562715497806,6.300644143043281,10.792583081382043,6.165353749813901,7.129151340142317,7.257163166653601,7.74094435013053
84fe3fba.qasm,64,success,0.3869507,qaoa,0.5415080385356201,0.45764518588347264,0.21418096144787033,0.5815624905367196,2.0364193550230767,1.9666204160481577,2.95806758341104,2.136985714928189
85317608.qasm,16,success,0.1957883,vqe_su2,0.23328126816242173,0.24370024168734816,0.4258647716418016,0.3139715999411029,0.20894208342235362,0.2087141746097316,0.2191858150531113,0.23953709347488367
85317608.qasm,64,success,1.2040827,vqe_su2,1.5114220419079434,1.1940220860555422,1.0583646237053126,1.2411143870855474,1.4088198034215405,1.2506983898970978,1.618514438786558,0.9573438583354423
85317608.qasm,512,success,0.1699598,vqe_su2,0.1829629674516378,0.24991535213635024,0.2144895393403579,0.3390960962766159,0.19660237391993382,0.23608341116429532,0.31210028594543554,0.21983631124676736
85863407.qasm,16,success,1.6870991,qaoa,1.5897394553198292,1.960811945746257,1.7835598969423818,1.8442730158581022,2.7931638992506578,12.977142920054689,4.780590084293845,6.3513874221956605
85863407.qasm,64,success,10.459693000000001,qaoa,11.239923841976116,12.322060619851348,9.398491741012627,11.506654871578407,9.333177661482734,13.740563433803382,8.384603639367805,11.119868790141107
85863407.qasm,512,success,408.0020963999999,qaoa,447.8878693091597,546.9551999001951,374.28803826399775,489.8270154895065,2.020515477525429,421.870166092049,51.80623752737452,176.54144454725872
860cc392.qasm,16,success,1.7032305,qaoa,1.5753963182635138,1.8838108271579115,2.051136169600808,1.4751220873624162,2.794390112441748,12.980666305191743,4.781723978501289,6.354154783830627
860cc392.qasm,64,success,10.515155199999999,qaoa,11.085111882713216,10.512424400851561,11.159582650670306,11.717614133590935,9.333383893457274,13.748584282345972,8.385929400070623,11.11801315413271
860cc392.qasm,512,success,406.09597690000015,qaoa,352.4985116357606,621.4801028354248,440.6006307294076,474.255132021641,2.021310667897914,421.54605361394505,51.79864445972155,176.48088146445983
86464ad3.qasm,16,success,0.18273949999999997,qft,0.3158755493931812,0.30189220642709014,0.257228432172778,0.34264278952275956,0.1910155321338554,0.253145702606266,0.10610446251409904,0.2614276649887506
86464ad3.qasm,64,success,0.17549750000000003,qft,0.24573508459983837,0.19844164269303008,0.2042396854336599,0.273170084161764,0.20763374417440764,0.26969682751022644,0.0790892872071449,0.2557913122189842
86464ad3.qasm,512,success,0.16250770000000003,qft,0.2912649558400967,0.2599452851415372,0.23186837990612974,0.25825050966553514,0.28031318011980916,0.3213668913462249,0.2520635911958205,0.40892658051616854
871618c1.qasm,16,success,1.3089816,qaoa,1.4870551364722748,1.4152010894026545,1.2610971780484301,1.229993884982522,2.1790706934605772,8.52070038881189,2.291796997036935,4.39745205158934
871618c1.qasm,64,success,6.5168705,qaoa,6.3507729071734635,6.605286980741086,5.780599809028569,5.939782886533849,6.442470926461183,8.452608368726265,5.446373350012612,8.922014759596323
871618c1.qasm,512,success,209.71884079999995,qaoa,197.29808132308435,192.38622165734512,154.24173589350372,170.2094757713732,1.679070481997791,220.12215958324677,19.120165064798496,123.91881857065609
8732dc00.qasm,16,success,0.1784655,vqe_su2,0.2133080902872125,0.22760452574121906,0.1682179275741278,0.1720357993559449,0.658404966228452,0.7957924433690419,0.5197141275593806,0.8316741960384881
8732dc00.qasm,64,success,2.5046016,vqe_su2,3.2882384482378035,3.951098297958855,2.543155860399394,2.27525976910429,1.100009055214819,1.2743362438490808,0.7333600623381367,1.8276338346901877
8732dc00.qasm,512,success,0.168138,vqe_su2,0.17589193779321327,0.12168257276569724,0.16203671960847316,0.16598152576323008,3.6325878735176254,0.37145736747514396,0.530450180278006,0.4787786471580631
884b47f6.qasm,16,success,7.955765699999999,qaoa,4.693593900286467,4.295446961070537,5.241327470906411,4.264075412146482,0.33084190127572694,0.3373996269009042,0.7763920998956926,0.262786463382355
884b47f6.qasm,64,success,0.160642,qaoa,12.564471349274815,9.861039771940181,18.48603098209126,12.698484634986613,1.5204238224940902,0.7361285656766909,1.1803966853117085,2.1714560503778
884b47f6.qasm,512,success,9.740085399999998,qaoa,1400.308688514117,2095.2858791103868,1565.0925487125069,1407.8263187183816,0.39092037968470583,0.22395008974871933,13.412256343923863,0.3033810359812365
885efe5b.qasm,16,success,1.0773573,qaoa,0.8084898663562865,1.0523421932464532,0.9060638201753606,0.7612333603893976,1.7397369878268565,5.352885885285565,1.446389215065734,3.1104390341784236
885efe5b.qasm,64,success,3.4264061,qaoa,3.0775927834584236,2.863832967860118,2.9356424808394204,3.919380006676816,4.800561053671224,5.029874619059045,3.293186539197726,5.66725077850721
885efe5b.qasm,512,success,71.9190057,qaoa,58.16417735879472,108.11428855424941,75.47122359390131,111.54780604370409,1.4197251478227502,106.7240694498305,7.918997329928313,84.95505104531284
8930abda.qasm,16,success,0.1753091,qnn,0.22588527215961207,0.18754199363110494,0.2341219030973245,0.34549560113353467,0.5306306495159624,0.9828372749659453,0.6349234701227356,1.2171152617338767
8930abda.qasm,64,success,4.584768,qnn,4.1892783320273335,2.181463338200042,4.310189760305731,3.538204615427334,1.6195234574798485,1.6581920588190395,1.4944136542188369,2.3218602893853313
8930abda.qasm,512,success,0.17470540000000004,qnn,0.1849189517555847,0.17838188974948388,0.22559438586235384,0.20079382324199013,18.348702373350495,0.4906628788699091,16.498068215678327,0.9397946776680396
896404d8.qasm,16,success,5.552108800000001,qaoa,9.015776609872749,10.743087717803691,11.12092187922273,8.468213020052,6.074960626847577,7.090555031705938,7.184650977174088,7.70281221781906
896404d8.qasm,64,success,0.4324345,qaoa,1.1319510414815586,0.7900877629600573,0.9178476097017537,0.758185040433386,2.0260069135923793,1.9575005063857447,2.9356086373028845,2.1417581734683693
8a146ce3.qasm,16,success,117.96490089999998,randomcircuit,118.56590687097317,130.23393390171566,150.7831572591556,76.92472634219813,35.3411046382253,120.00571718073884,229.61401470629252,45.17635219143536
8a146ce3.qasm,64,success,201.1105238000001,randomcircuit,149.39520956663065,156.5953706994379,164.38737973730247,135.00248674323495,24.359296866668842,36.598262623272014,350.69513630606434,56.299370647302084
8a1c1c3f.qasm,16,success,0.1880215,vqe_su2,0.12695987447356671,0.16488040532678513,0.18531653700748843,0.13783998266056172,0.15639600993958305,0.13413624099818686,0.14578990813162884,0.1487452043477051
8a1c1c3f.qasm,64,success,0.2685849,vqe_su2,0.25550290345845306,0.25532847244012025,0.3081995053204653,0.252023672409413,0.253010831777797,0.2133034940959397,0.3478108237103628,0.20869237695772574
8a1c1c3f.qasm,512,success,0.1869095,vqe_su2,0.12188131811874935,0.2065594169835342,0.21332717871447154,0.19283656650760692,0.11622990134718138,0.13423942908014877,0.1473617365808679,0.1539422123739347
8a2ab626.qasm,16,success,1.7081607,qaoa,1.5712389738607038,2.0135104412845464,1.930551655735666,1.8834532958763839,2.728870975672716,13.240772200895815,5.6988800803708255,6.564425544411856
8a2ab626.qasm,64,success,12.2454582,qaoa,11.530374024013101,13.052796968234029,10.181740797229173,12.593229397822935,10.024046700066398,14.31439260042362,8.720685516232916,10.825358946362051
8a2ab626.qasm,512,success,465.39449480000013,qaoa,470.3585953838756,643.5062095415684,418.32731945725357,582.9821790132739,2.0121631636617185,450.16113403955126,66.92984462083378,183.9607655782357
8b77bf87.qasm,16,success,0.30872999999999995,vqe_su2,0.4172894868298244,0.2452949184540031,0.5544522482746771,0.34356564424746955,2.2675206083239834,5.688053026185767,2.065067650580872,5.57589574300416
8b77bf87.qasm,64,success,10.140678399999999,vqe_su2,6.033258180141572,5.834214461771098,5.947929095853119,6.332078286538421,2.073224524372682,7.9485230151209585,2.091686621959925,12.97113506550974
8b77bf87.qasm,512,success,0.2988881,vqe_su2,0.2591456597795468,0.27654225105597807,0.20111510199136837,0.16639358160078546,182.78396549019368,38.73327514359304,236.64435830022364,19.442546749787947
8bd576fc.qasm,16,success,5.323393299999999,qaoa,3.649396992991417,3.5907463025447175,4.563457489047871,3.3300896907833386,0.31571042043654673,0.3243002304459579,0.7330917286681162,0.25225313600291194
8bd576fc.qasm,64,success,13.2989912,qaoa,1.2159609597393697,1.7583644811787522,0.9607533875023764,1.484633535245414,1.5598927169367989,0.7301067987268569,1.1020308205135185,2.0761864150198233
8bd576fc.qasm,512,success,1464.9315561000008,qaoa,50.89529960272831,43.9972673049206,153.7595023534852,45.857986370166984,0.37087198588190895,0.2037695337380312,11.281726188563233,0.2731149402255061
8c01a935.qasm,16,success,2.698982,ghz,2.6955787395308,2.7003811317551247,1.7970601606776984,3.2323469298053835,1.2813900545724286,1.361459173971453,1.0279997072219091,6.57867753734826
8c01a935.qasm,64,success,14.733067500000002,ghz,8.710929318581575,11.678494636408226,8.220682452896902,10.60067509327154,1.9254730065760424,1.2126009731545044,14.116204034096034,4.544341302006603
8c01a935.qasm,512,success,483.89700409999983,ghz,361.9913370030787,659.956012524034,297.83347771032976,533.9483472937436,440.08838390431515,238.0479249464758,432.55435367115274,512.7125106144867
8d5010bc.qasm,16,success,0.21662629999999997,graphstate,0.35635813528931337,0.22363450014994676,0.23630335578306125,0.35092915542788616,0.26736421608363475,0.18912591466862838,0.23786810729605876,0.18066142928974255
8d5010bc.qasm,64,success,0.1708347,graphstate,0.26772645090505237,0.16305857145293162,0.1898460969247062,0.23354081119810827,0.2486801315791361,0.3160795442949919,0.3749433100461416,0.1733833118043995
8d5010bc.qasm,512,success,0.2035061,graphstate,0.26481750622447237,0.17195525743870835,0.19348970826907858,0.10528078613830075,0.20942704385277022,0.26449572315214087,0.23334755200817967,0.16398436557791102
8d9d4033.qasm,16,success,1.0986492,qaoa,0.7086602502842774,0.9032268469506882,0.7992966248186469,0.6520531517419693,1.5646880774518328,4.050836552645097,0.998605125844535,2.4054634581954666
8d9d4033.qasm,64,success,2.5595098,qaoa,1.9851824250955457,1.8066374762175386,1.9912948280343827,2.3362419399288963,3.954152986827009,3.7408631491880127,2.4568205641633627,4.897830515314701
8d9d4033.qasm,512,success,34.40687870000001,qaoa,22.78390216438497,34.35964362663238,25.370850253074686,41.049349935717835,1.344184051676312,60.12787574925596,4.720275656248678,61.00728172696564
8e84b85a.qasm,16,success,0.18267619999999998,qaoa,0.25248128383846985,0.19691473006541024,0.1673950702102652,0.20584828525210516,0.136793506783584,0.18688769003600958,0.16931247385223844,0.1415408006909605
8e84b85a.qasm,64,success,0.1524136,qaoa,0.2111866689405855,0.20773236597948225,0.21625726822855096,0.22128992582606144,0.21538642908466665,0.21842075157237703,0.31846067473702744,0.22050795449769348
8e84b85a.qasm,512,success,0.1863533,qaoa,0.164455619291032,0.13289244369657105,0.1280118265543612,0.1583781150705938,0.14009488109589457,0.1746659228465198,0.1526141363308366,0.13211851775267056
8e9564e3.qasm,16,success,1.4540433,qaoa,1.6556458228546531,1.8014435531910076,1.6675936944568754,1.9256858806531256,2.5474702706150896,11.505359977351562,3.457460323482912,5.612000900563874
8e9564e3.qasm,64,success,8.4504558,qaoa,9.455061917446981,8.678637099305252,8.54451965381341,8.230195679194711,8.195092010137035,11.962165608294754,7.2664110090594365,10.927880886466983
8e9564e3.qasm,512,success,307.52745439999995,qaoa,355.89195322026313,314.40345261893674,237.27592622153784,285.99797802384296,1.865418467026797,353.5248546566774,36.253864336477875,159.9661636537019
8f4e1b64.qasm,16,success,11.0098067,qaoa,17.951379133661145,15.226497704648303,11.877714980441864,19.011327426487146,14.116866631939756,13.196770460457625,8.292840598611567,7.63147896898094
8f4e1b64.qasm,64,success,0.5562086,qaoa,1.8086796426392364,1.1799104516758416,1.2106454986933113,1.889130870377929,0.9888331757768788,1.0239723708502273,0.7655580515614417,0.5762805083003825
8f564e3e.qasm,16,success,1.9908197,qaoa,1.879376093351114,2.280716775735816,2.18924256915924,2.157202499965589,3.18008802374863,15.030406291460709,7.733343395774802,7.486872207707102
8f564e3e.qasm,64,success,15.576776499999996,qaoa,13.353228210596669,16.096746861245588,12.447975758829617,15.539426242524245,10.541545238435988,16.17601731093889,10.665817685962663,11.622734906389656
8f564e3e.qasm,512,success,689.9786613999997,qaoa,578.3856663578484,758.2372007631153,478.87722209986146,696.0476466025942,2.42900577785674,505.417454506772,89.87073386088463,198.6383228810828
8f8fbcbd.qasm,16,success,712.1879557000002,randomcircuit,699.4241588069085,646.3964354608296,548.2635239611263,682.0935557695656,148.63596565686464,4145.451426477476,37142.97370286407,4592.53917722677
8f8fbcbd.qasm,64,success,1437.2253333000003,randomcircuit,846.050521413016,768.967751189279,773.7235323875644,792.2989215655404,130.53735710299026,6194.98626815033,50258.061152737515,7367.490489327637
8fb9e9ac.qasm,16,success,0.1811224,qaoa,0.32072631869191287,0.3006902275383004,0.7950061868902828,0.29568894631770737,1.572943595855078,2.674523153570251,3.545930193725331,2.7310086549780657
8fb9e9ac.qasm,64,success,0.5304693,qaoa,0.6693841090034489,0.4180170012491119,0.8771608367476474,0.6356321822342996,1.5639799542156907,4.405660431722966,4.892845989702609,1.7751025214232636
8fb9e9ac.qasm,512,success,0.1635519,qaoa,0.4079961106155361,0.4251023907694029,0.616196157157543,0.2811588259822466,10.872949957876383,260.19928049243646,257.93298921122994,189.8599328373653
9143d50f.qasm,16,success,0.1758806,qaoa,0.27776116467028616,0.3578125710454551,0.3846188681751626,0.24084087637811516,0.46693495766267296,1.2259829665788213,1.5497759032701617,1.5349838864005154
9143d50f.qasm,64,success,2.8306142,qaoa,2.491034138810029,1.9286409291397624,1.6783139907846283,1.8629410823188877,2.646327391459115,0.8807276343705728,1.7335830406234543,1.660756684170094
9143d50f.qasm,512,success,0.17785990000000002,qaoa,0.31640775613281863,0.1862479639037579,0.22572901630623937,0.18740801771746343,16.14006548725653,5.167968264152146,11.946625106574103,6.660187370828349
917fa943.qasm,16,success,1.7270749,qaoa,2.4651049928778908,1.6055858093825317,1.4281737404653598,1.4496192383852147,0.23245733782128206,0.2247851101280593,0.38877461273468583,0.17711090363277374
917fa943.qasm,64,success,0.6866674,qaoa,1.3916327695167392,1.1445134085393671,0.9453077033850964,1.0119346081115637,1.8534333337378581,0.6584712505581996,0.5388202164140787,1.182593912546515
917fa943.qasm,512,success,166.3146686,qaoa,45.159825434198666,60.19412816668925,96.83393899704075,63.16013552890083,0.2672002793609626,0.11403963823948227,1.150802414385843,0.1471751208614613
92f98bb3.qasm,16,success,0.4699449,qaoa,0.5321128735558008,0.5714865574632279,0.5911902107006762,0.5743057621618494,1.0170995995191077,1.3178699946056565,0.3733301797060004,0.8338828501190357
92f98bb3.qasm,64,success,0.345261,qaoa,0.5535953129834407,0.4873367544268337,0.42262956344552505,0.4765427508228349,1.9976418080407246,1.3377737772281435,0.9889713404260628,2.6098653936166984
92f98bb3.qasm,512,success,0.3467309,qaoa,0.3935551786076469,0.3738335440156039,0.31637093361391866,0.4583613646564283,0.9052182758663737,4.713541703932533,1.0940616307369042,9.916413765083282
933b305c.qasm,16,success,1.8488212,qaoa,1.8387731577297755,2.023071905982134,1.940701498455843,2.222815789790686,2.828964663327401,13.103085826476628,5.3261694410744225,6.509553302640082
933b305c.qasm,64,success,10.668987299999998,qaoa,11.023343413407341,10.471420111631474,10.628205237534784,9.97644638648321,9.012117217719501,13.729125039107522,8.877345770801714,11.040837282599576
933b305c.qasm,512,success,433.02179139999976,qaoa,442.7727330078907,417.4097155519584,337.6102938446653,387.20518990236775,2.144323792034934,427.03559540010207,59.78598752842367,183.34374015594258
93865be7.qasm,16,success,0.1846872,qnn,0.022849224247920075,0.07567480510073087,0.09518349332692327,0.07691015834958612,0.08036363565671195,0.09554415093680603,0.16784714354305907,0.08338523794130628
93865be7.qasm,64,success,0.2199938,qnn,0.05815052849398237,0.06132680603443828,0.07501173710440433,0.0725443860125499,0.16833816160159734,0.29841890736588333,0.21964607252198032,0.3223539730893346
9395edc6.qasm,16,success,8.2267604,graphstate,2.393097542669534,2.2227659114324334,0.6603572027705562,0.9457602099267832,1.936802975931051,1.647472084506655,2.2377436430254334,2.1443026027399155
9395edc6.qasm,64,success,3.4462506000000004,graphstate,1.4524202598517986,0.6853210130841035,1.0199507333280902,0.7851367547932551,1.3498161613119142,4.615499031467916,6.905524683566653,5.93113009702968
9395edc6.qasm,512,success,8.1534394,graphstate,1.8002172959326879,1.6931923021775253,0.8276853085746031,1.149929565384534,11.370372396864495,152.23296533285804,50.03751798376318,45.81483143569801
93c78575.qasm,16,success,2.2330659,qaoa,2.0626574397338784,2.0300080943220404,2.3166639365227226,1.981631417635963,3.1347992965403497,14.728221458662171,7.606858195498515,7.396572784925445
93c78575.qasm,64,success,13.131851600000001,qaoa,13.042707963572122,13.762120166503818,14.056134088406804,13.413725352434772,10.175784066690275,15.76542295459116,10.637086384619561,11.470978676512278
93c78575.qasm,512,success,575.9143289000002,qaoa,532.24069089209,573.935346684825,630.3026060780525,522.1352022488236,2.4251860497116633,497.3235911108221,88.71700425114224,199.43159317529935
9429600a.qasm,16,success,2.1292974,qaoa,1.990995865974503,2.1255732907326146,2.071173300676567,2.371236203376865,3.0223884836530157,14.096042620976899,6.225252460182142,6.945325855939196
9429600a.qasm,64,success,12.183755600000001,qaoa,12.218171344717843,11.301165518327982,11.693763381888624,10.813910073813418,9.781343849508318,15.013850773694402,9.618139159469207,11.475989294290157
9429600a.qasm,512,success,496.7916787999999,qaoa,510.2337187122894,463.42797479477184,384.38939270742503,430.0960221308225,2.30145818158534,467.63303743491196,71.54748130823322,190.42695048256536
94f4e26a.qasm,16,success,2.5668699,qaoa,2.1889242527237665,2.661649722814196,3.19310159768259,2.1946626930639,3.794780654660143,17.465511181641567,10.422110197037094,8.751159442529552
94f4e26a.qasm,64,success,18.503752099999996,qaoa,18.50240259332295,18.097006599424006,23.98691329136622,18.89131907471515,11.421102389581367,18.84314536598096,13.493791224250186,12.864269589993354
94f4e26a.qasm,512,success,704.7077987999999,qaoa,512.7699333906601,996.3975161904871,698.5830044814385,708.8564263573595,2.9017469577641037,583.6242225475565,116.13442033603772,217.69163900596376
950704f2.qasm,16,success,11.708849200000001,qft,47.19585116646869,28.21910043199808,34.194014412437596,47.760152445369,0.8589270210311326,0.7030052650808454,3.0154589997893675,0.7251059709686836
950704f2.qasm,64,success,2.5663469,qft,5.60022662711012,3.4557188054229937,4.038779720286826,4.591290088623532,1.5730743155829898,0.5647908849418327,2.6620742323523094,0.32646849066707156
950704f2.qasm,512,success,11.827260099999998,qft,58.352827139042084,29.638012980206067,38.98959292419297,47.82650716721078,1.2335947611612057,0.803971833312414,2.751391155814413,1.2970908534441483
954ad251.qasm,16,success,0.19984290000000002,qft,0.20705643680944316,0.32486212474709686,0.1474098385932432,0.11825591392489179,0.5381575862084633,0.2041763455861747,0.1725295517275381,0.18390871228500044
954ad251.qasm,64,success,0.17667839999999999,qft,0.24655463744276723,0.4076412546254605,0.14913882587543034,0.16160100558113086,0.600696184451914,0.3528609566207731,0.26514422944335586,0.3468681396359712
954ad251.qasm,512,success,0.18874259999999998,qft,0.35645542715504813,0.6903860640145485,0.14617905948424878,0.2979026071934547,1.3739233051905657,0.7284749599774728,0.42365898864211904,0.5723119993288592
957c248b.qasm,16,success,0.1746251,qft,1.2504313281999424,0.8375334928580507,1.3467193806436188,0.6622957075524062,0.4971888056352131,0.4913764027510802,0.37522886183928045,0.3586216777784111
957c248b.qasm,64,success,0.2911975,qft,0.31186735523864706,0.3402321778669805,0.36918794353627477,0.42096246967475265,0.43938390117969967,0.3596638006272225,0.43521699865768565,0.19142619907471703
957c248b.qasm,512,success,0.1866839,qft,1.5493577941699115,0.8612696617066357,1.4667752798610376,1.0137214518748798,0.4147462268858375,0.382984819507357,0.8934878210725155,0.3697617606917203
964382be.qasm,16,success,2.6285394,qaoa,2.3012901485554997,2.506223039903905,2.6308439358938833,2.854367586924644,3.7953379663302225,17.466508382910185,10.422808245892316,8.752430246573836
964382be.qasm,64,success,18.324990700000004,qaoa,15.297774267118752,14.966125628204965,15.749121253642697,14.65563156546538,11.421541294243227,18.846409335972492,13.494846878310247,12.863676377635926
964382be.qasm,512,success,696.1004410999997,qaoa,658.6222790416012,582.9370544130338,562.4586486013711,554.0730030760268,2.9022993825144767,583.4781395819354,116.12460242475454,217.6800470237981
965eb08c.qasm,16,success,1.6469743,qaoa,1.7366290146706425,1.867046433251799,1.7458177748642778,2.015754635221861,2.6619041646803048,12.166742653969015,3.8903107902516947,5.898990575646408
965eb08c.qasm,64,success,9.5513858,qaoa,10.169479096635936,9.227201596981372,9.177676223763935,8.678110650168238,8.585084018134316,12.757619182987249,7.7280468967091664,11.213831435107346
965eb08c.qasm,512,success,354.3248175000001,qaoa,395.41187977061946,344.85139609567005,264.32251686893295,311.95571141563363,1.9681468000483207,384.5690141541317,42.25020905501918,167.59030298037376
96876fa5.qasm,16,success,8.5948081,randomcircuit,3.1026043600744755,2.105674312423943,8.128976136156744,3.6899139971276917,6.366648179970609,4.435647037061674,6.53218849198739,4.7901263142935075
96876fa5.qasm,64,success,0.9619184,randomcircuit,2.2559032992281964,2.2941518875163123,4.204949838854799,3.0765553732701623,3.808877077116031,2.1932857103243637,6.898108756221507,3.4754208285449133
96876fa5.qasm,512,success,7.9138945,randomcircuit,7.242250347054624,5.210581134836342,14.848133627318498,5.1171483254912,10.60990600449502,7.464203231688486,5.772190000591078,6.862777668928344
96f82da7.qasm,16,success,0.17470950000000002,graphstate,0.4179750367282905,0.8768818269991616,1.6294716243098868,0.5636359759586456,6.906248800331581,5.602939679810667,2.6977231059230475,11.309171646142435
96f82da7.qasm,64,success,2.1292088,graphstate,2.2820042626056547,3.0745738007416072,4.843756173689051,2.295334020263883,2.7150617817525915,13.821791024754814,4.123952450377964,15.639343421672889
96f82da7.qasm,512,success,0.1789396,graphstate,0.2591487896403778,0.5264148587435715,0.8827502624175603,0.261454109575765,36.91278548586361,10.850136447100137,3.342690224715551,6.831610254935997
981d8651.qasm,16,success,0.17745339999999998,qnn,0.1832803907473198,0.24239032751066122,0.4161244813228637,0.12050249429892454,1.1559062892818932,2.215943906031369,1.2214113968769742,2.618960973888178
981d8651.qasm,64,success,4.6828124,qnn,4.9111029373369375,4.870671176275892,5.939067180442906,6.377526526168182,0.41766125391100295,1.212626311341909,0.554014490600277,3.060011218270077
981d8651.qasm,512,success,0.17061470000000004,qnn,0.1585947375539124,0.1864438683991702,0.1637817568347117,0.21073418827359755,74.9541280048627,3.008396760388673,15.760088119477013,1.753409805705303
9a442b56.qasm,16,success,9.1980982,qaoa,8.206932752311443,8.877573608774735,6.78144234733882,9.288396534056144,2.9913030713316022,5.384122394891654,3.6402207614124067,6.699070044548561
9a442b56.qasm,64,success,1.1185776,qaoa,0.25715515305291864,0.2503699944353189,0.22161641047049518,0.2485477763626362,1.2931038953797351,3.4364868998770777,2.507506361521839,2.3890849090443873
9c6b6510.qasm,16,success,0.2886272,qaoa,0.3444707731073906,0.8026526875293606,0.47748053760083686,0.4198949322269234,47.19805352826833,8.664403258182643,11.905005723543825,15.730379374910315
9c6b6510.qasm,64,success,2.4669897,qaoa,2.5016203629248976,1.3408293768833586,1.4607116409028784,1.563086790445508,302.2509402312815,34.86941858353912,169.02132933429777,154.19305517388364
9c6b6510.qasm,512,success,0.2779434,qaoa,0.22939884808195532,0.4310986357313547,0.24320560114440073,0.2898690807975151,5644.593748421649,2238.78578548242,2682.0922486028644,4500.2622180475155
9ccf974e.qasm,16,success,0.3430253,graphstate,0.43195309933448667,0.31678360810781026,0.42735419223701054,0.23592081309572863,0.1070893822264311,0.1214768822576579,0.09073458370257961,0.1310976652645207
9ccf974e.qasm,64,success,0.17092409999999997,graphstate,0.17505104920807021,0.2613334263246395,0.26956738194048324,0.19874467341481777,0.17973147081933633,0.22473890070960117,0.07976542787653537,0.21202949867019152
9d76010e.qasm,16,success,0.1707674,ghz,0.1761866229762217,0.23092583428260505,0.16973317162230156,0.14778797912416058,0.7479882846248912,1.3943753774548893,0.693138107207547,1.417355415413114
9d76010e.qasm,64,success,3.0336689,ghz,3.0159821591077605,3.39790052791955,3.1654878953219456,2.6901106376736594,0.2621961128523209,0.7841114000694293,0.5439442213025375,1.9183161441880814
9d76010e.qasm,512,success,0.1692022,ghz,0.15257981053109015,0.1702547775364867,0.14579801196212022,0.15802314232519488,3.8577174347788277,1.344548453458206,1.7047151185821394,0.6477888437353615
9d7cbc78.qasm,16,success,0.4762271,qaoa,0.5497335842065727,0.5075612674173584,0.389965794340696,0.5108400915988471,1.0172693570661466,1.3182629496864087,0.3734306958137362,0.8342553407587145
9d7cbc78.qasm,64,success,0.3512017,qaoa,0.4697305148700223,0.48899814633551986,0.40715042288155745,0.46388315090235904,1.9978436043227918,1.3384242092748344,0.9892353727337378,2.610121154069604
9d7cbc78.qasm,512,success,0.3497272,qaoa,0.3615508069069882,0.3743205306138397,0.27940292477357176,0.30081682362741496,0.904896684781462,4.714086432726031,1.0944249892295954,9.914039146514249
9d7e60b6.qasm,16,success,0.18949259999999998,qaoa,0.19350450022001892,0.6672660174602921,0.38882679965779,0.24775920347086994,0.4402706781285075,1.0732248737827808,1.2228076495948472,1.420545507749542
9d7e60b6.qasm,64,success,2.0476432,qaoa,1.544926585910506,2.1627365230758033,2.3850248295245815,2.546606314112668,2.4899596664287778,0.8849569681368927,1.5404860628188046,1.7326721454658707
9d7e60b6.qasm,512,success,0.17087999999999998,qaoa,0.19392014562416768,0.30672120928318997,0.23600964512987363,0.286958940276745,11.861258573118455,2.479580685997191,6.638830482941596,4.358948186435217
9e3be92a.qasm,16,success,90.3924556,qft,12.307312579630977,17.12313228731366,22.20429442606263,21.429063367320687,0.8589270210311326,0.7030052650808454,3.0154589997893675,0.7251059709686836
9e3be92a.qasm,64,success,5.0076162,qft,2.9320236353657156,2.3914191456556764,3.822622922461351,3.633060533148899,1.5730743155829898,0.5647908849418327,2.6620742323523094,0.32646849066707156
9e3be92a.qasm,512,success,90.08668939999998,qft,10.382025269541558,14.256824806159845,15.266384807685752,18.89223692508696,1.2335947611612057,0.803971833312414,2.751391155814413,1.2970908534441483
9ea3bed5.qasm,16,success,3.9805098,randomcircuit,4.906586364107779,3.817871635406093,8.85989883301932,2.8765650255133646,1.897536358649066,3.646488653041706,3.690393102859287,4.223475276175111
9ea3bed5.qasm,64,success,3.8935624,randomcircuit,3.2137838114481214,2.4156757522403445,6.279544674301885,2.9588784351760613,1.3536423235074382,1.6679960366044837,0.8831282493588496,2.569628417705229
9ea3bed5.qasm,512,success,3.9776184000000003,randomcircuit,1.6757583604375446,3.3185448751265483,5.086690605425539,1.6335681940830569,2.179144414488568,1.6690661975626722,0.9650878927946103,2.1157622850582487
9f744e04.qasm,16,success,52.217373299999984,randomcircuit,87.73293929685022,69.25668993269237,56.57542818876598,72.92825908313371,14.32009100322301,44.91701269423133,62.937698300048694,18.9474780482287
9f744e04.qasm,64,success,104.66313360000004,randomcircuit,118.25063929080723,136.51143414420682,126.54238993778999,121.58676750063894,12.448443874581676,12.086393486131364,99.9834770952917,23.79328860823409
9f744e04.qasm,512,success,4128.416998699998,randomcircuit,5155.4484085984805,4483.611944041613,4463.483552202452,6028.732193579725,49.76869772364404,16.92871006756093,621.701567824318,39.930107369097975
a0a79499.qasm,16,success,1.8720441,qft,0.4137189536575335,0.3622056018177592,0.44904327687667445,0.2657035818206512,0.3314490179637843,0.2544686140288496,0.26820024329443604,0.35598711465257804
a0a79499.qasm,64,success,0.7155789,qft,0.15470467269715146,0.34271848611674377,0.17971055424775145,0.15416874173483136,0.22512336332619517,0.2305668060215537,0.2593222714719811,0.38589014700656377
a0a79499.qasm,512,success,1.9413185,qft,0.22095803896463762,0.3317265982101956,0.17439929440700383,0.2532735888548084,0.25066110635819877,0.28561364808201684,0.22701225317959792,0.2939355550481381
a0b53b67.qasm,16,success,0.17763,graphstate,0.18785532044602465,0.9958815540262737,1.0366523132394696,0.675208678734116,0.9958397309678979,0.6490118267946303,0.34531313951538595,1.149280233104721
a0b53b67.qasm,64,success,0.5182719,graphstate,0.38498467066652264,0.9671423071958261,0.7905833054702529,0.9272112395438676,1.935400373910074,0.6509365690897828,0.7741787413689488,0.9653691651643681
a169a3ba.qasm,16,success,1.6347612,qaoa,1.7712722082370314,1.6320457541408828,1.5033796958952812,1.500129168898365,2.523011590999343,10.956146510269562,3.9298477887151098,5.608291218068285
a169a3ba.qasm,64,success,8.898883499999998,qaoa,8.661921870038562,9.039074130291095,8.107263215062318,8.667010253961054,7.836753570067981,11.16663327406417,7.320345459488594,9.685601612252771
a169a3ba.qasm,512,success,330.86148350000013,qaoa,320.00938554223256,319.9347309088432,268.2670969141424,282.1628108428364,1.89704694935027,332.3419976898843,38.009625359802506,159.20125865105416
a1b3d3aa.qasm,16,success,2.1666266,qaoa,0.570258002792368,1.2888402599153526,1.238475023605315,1.4732776817907676,0.8403157139984351,1.7436215063705804,1.2563503993663108,1.1516666398440547
a1b3d3aa.qasm,64,success,6.827168100000001,qaoa,2.591894101264708,1.1918708133686842,0.7663785269118202,2.8203442673515964,2.4007344395455834,2.0593661870060673,1.3072671407248608,0.9587287945703541
a1b3d3aa.qasm,512,success,212.50459400000003,qaoa,53.37380704710113,89.28404037392752,42.29923581779754,258.42778813946575,31.840971638143007,80.86429515511473,20.338496889909838,20.185151568953422
a1bc8d56.qasm,16,success,1.0850003,qaoa,0.8313315524912421,0.8171535209603835,0.9037338435515667,0.7732894187817234,1.5000558756724918,3.8074199332481933,0.9143860794531766,2.2898194121197024
a1bc8d56.qasm,64,success,2.2916824,qaoa,2.306766054967678,2.06909982659235,2.599117874140147,2.3158415458743162,3.9230809902432497,3.5559773909981645,2.3154458724498834,4.747090848049676
a1bc8d56.qasm,512,success,23.992057699999997,qaoa,21.52815733938882,23.24991990516553,27.195414810991974,26.124578294382143,1.2422868553520514,55.29836099294409,4.1560375604202395,58.43773217054753
a3cb01ca.qasm,16,success,1.2192321,qaoa,0.9864524315881402,0.97889933673986,1.1096800288123245,0.9425214984008023,1.7386897603498457,5.349489915601997,1.4455519465450666,3.1077413967349994
a3cb01ca.qasm,64,success,3.4253563,qaoa,3.739415602159811,3.909202455552882,4.251284709254159,4.091782013323511,4.8006592236052565,5.023588318626808,3.2911004426285295,5.667899501258921
a3cb01ca.qasm,512,success,72.2422423,qaoa,75.39095014661156,87.61453693952956,95.80632283227067,82.4638223181409,1.4206621000710438,106.81832260729863,7.914013559448189,85.06231740167787
a409aaa1.qasm,16,success,2.5722586,randomcircuit,2.106482780392766,1.610896613190201,1.4257709250508246,1.3956376556356151,1.7714940489075697,1.7446362066141046,1.4599270921714427,1.870900575293949
a409aaa1.qasm,64,success,6.2227107,randomcircuit,5.720037075519114,4.38898969904875,5.501802294323502,2.6497414417466243,4.344756491295535,2.2712924385359736,3.645528393912768,2.7056658662445003
a409aaa1.qasm,512,success,194.3047202,randomcircuit,84.730224808149,147.42268598340314,88.7962319500484,45.43775029439859,70.33410123473612,12.102291864640595,63.70198501008875,25.365182163590262
a440a477.qasm,16,success,16.169895400000005,wstate,14.068512981318683,8.763780770133584,10.64151075434198,8.711938403888693,14.053298552114132,9.689860290147733,7.856074928557745,23.12787557325032
a440a477.qasm,64,success,6.606882699999999,wstate,18.384345191221247,7.776959441153443,3.635986607232546,5.22935113609146,12.91427520035826,59.526149971490945,24.02842936432487,70.95882062435139
a440a477.qasm,512,success,16.634451100000003,wstate,25.139300731025067,16.710903464317497,18.82443630120249,10.46290703726767,239.63064171665906,552.7034798664799,115.46887976326784,283.03174924719326
a44fdc9f.qasm,16,success,0.1848667,qaoa,0.2052862819679433,0.17146136015223437,0.1478018331490061,0.1299851166098951,0.20181628046763156,0.38774766993691656,0.38102309747850804,0.44641923748287726
a44fdc9f.qasm,64,success,1.0295765,qaoa,1.229268847835131,1.1568778248862026,1.1631350364305277,1.0765415735794321,0.7269482772306367,0.426059330053489,0.5173628906815501,0.5982141420658583
a44fdc9f.qasm,512,success,0.17738700000000002,qaoa,0.14559187458840042,0.12175440523371615,0.12763580695083201,0.14040354944915465,0.7860189628012253,0.4199416426283989,0.6162241503633239,0.5024486077326019
a4f95806.qasm,16,success,0.16642549999999998,vqe_su2,0.23611357862055068,0.23266617652270244,0.32491924395553273,0.2936953412252195,0.2052006212882097,0.18035834378941454,0.19758914198809396,0.20073141429604316
a4f95806.qasm,64,success,0.6707554,vqe_su2,0.6472469684306323,0.5699952497212083,0.5720282014851006,0.6196309366435948,0.5550830213754575,0.4902101528837751,0.7610398183949082,0.38414732152723036
a4f95806.qasm,512,success,0.17320600000000003,vqe_su2,0.20650363329384497,0.2147348355531998,0.17915203687654477,0.3092079468650311,0.17932514395622143,0.20742764480894438,0.2593028397190213,0.21445583597465992
a75c691c.qasm,16,success,2.0765425,qaoa,1.9799296257214725,2.288171524472426,1.1196860217995737,2.0848677191766325,0.7582302024855206,1.418355138021108,0.5306852720368659,1.6734083715364547
a75c691c.qasm,64,success,0.166108,qaoa,0.1805892411544286,0.20261131348559275,0.07691754756623508,0.24587302832109562,0.8187123213683951,1.2628228084710866,0.9617811960302401,0.9402349637541123
a8818670.qasm,16,success,0.1796637,ghz,0.18051294448210667,0.23088311558207114,0.26749700917021974,0.1854662240321584,0.45469415733307594,0.6569179686968764,0.33327914200496517,0.6326526223429192
a8818670.qasm,64,success,1.156165,ghz,1.1841688708359321,1.1582331313191472,1.2923659123340403,1.1105517046462252,0.2581817229345738,0.4213556669213001,0.5067724923840647,1.0204363796004492
a8818670.qasm,512,success,0.18732309999999996,ghz,0.1262423443658333,0.2626079248969582,0.13933195067219326,0.27769320276838666,0.17707473769941287,0.5008214842479172,0.34549754525499227,0.42477908891670285
a8b40b61.qasm,16,success,1.6559996,qaoa,1.6848034298744075,1.637169538003837,1.836421639414325,1.5960096706418396,2.6617647940124254,12.166291810448461,3.890190659027401,5.898684552673608
a8b40b61.qasm,64,success,9.471062,qaoa,10.135230400359669,9.77382640066246,9.580333807474036,9.378200429390478,8.58506163126432,12.75667372313093,7.727902651832432,11.214071527867205
a8b40b61.qasm,512,success,344.19865939999994,qaoa,404.42344002230436,364.00484030622323,397.5128458412376,323.27848150674487,1.968083053268552,384.6023726142895,42.25054537632227,167.59747941232717
a8dfab96.qasm,16,success,1.0960489,qaoa,0.864450797304209,0.8504629585449467,0.9433071791717211,0.8083480428948927,1.565928991510068,4.054828615475842,0.9994993878174185,2.4085985020748417
a8dfab96.qasm,64,success,2.5684272,qaoa,2.4693920516620476,2.2681770353752215,2.7875441328316093,2.5334457969114474,3.9542995149788207,3.747793974886428,2.4592714404049625,4.897458801932832
a8dfab96.qasm,512,success,34.62364469999999,qaoa,26.83596003156817,28.51014636359739,32.59334072399769,31.959935143064676,1.3426135502491996,60.0726441577502,4.725581798383411,60.90140590131982
a9091180.qasm,16,success,2.1176052,qaoa,1.9912001336399694,2.1259152185369308,2.0710115643627462,2.371962207877793,3.0208845603569516,14.092220353728242,6.223681447520468,6.941884668762051
a9091180.qasm,64,success,12.155388299999998,qaoa,12.219194284382082,11.301516055600342,11.691795930423265,10.818063530120897,9.780792122947265,15.00428452418225,9.616275444619372,11.478213437284758
a9091180.qasm,512,success,497.33829909999974,qaoa,510.55958790303816,463.5702130702103,384.46832293701294,430.28920652062567,2.3003238809816686,468.05065173333423,71.56517826680273,190.4952276073055
aa41f5f1.qasm,16,success,2.0768734,qaoa,2.0367409312386022,2.2118750854130584,2.1636996353885265,2.4880381548557557,3.0452267096966628,14.371644501502313,7.087854105255493,7.221950361188176
aa41f5f1.qasm,64,success,12.550837200000002,qaoa,12.517548377555867,12.006205833802788,12.418871033520764,11.6182565614001,10.122496779006273,15.380129135146152,10.228259676285186,11.311313780972533
aa41f5f1.qasm,512,success,497.82790249999994,qaoa,531.2088043706202,506.88514416039385,429.46393841623757,477.72818057919807,2.3074598113968032,488.44277098222835,81.25475950632942,195.59446624235423
aac529b2.qasm,16,success,1231.2409277000006,qft,202.65672796473095,588.4619798308281,394.494293809737,814.7544032355797,1840.0864135579352,371.20530308998724,295.557085006653,617.2912919194939
aac529b2.qasm,64,success,49.33276260000001,qft,345.87730903571025,705.6857614841841,1109.2456463718122,554.6728554486348,136.73869712365936,354.6071328038813,57.230461597477294,952.5406202981816
aac529b2.qasm,512,success,4142.797545899999,qft,2582.241410248163,9784.756922882867,11428.497048886455,8327.183456183759,3086.0537522982827,6279.850633053448,3392.9981282899134,6758.980465292187
aaf05f5c.qasm,16,success,1.1518439,qaoa,0.9425809717638605,1.2049532514323527,1.2290062776519481,0.9038574196172479,1.963343627455142,6.975358559892311,1.7616017128509756,3.7382574547893213
aaf05f5c.qasm,64,success,5.0934963,qaoa,4.500334482207892,3.6340030444332756,3.9280359869944923,4.699493059185408,5.621707867821468,6.755465644004364,4.4297307043692475,7.777836849864924
aaf05f5c.qasm,512,success,144.77378309999997,qaoa,114.22506943871322,148.12164756606995,112.30752078023447,140.47467247438996,1.532620322000477,156.70931918130708,12.588428943292188,103.07516290313309
ab65fd24.qasm,16,success,2.6866797,qaoa,2.676375450588398,2.4129338255166464,2.833494239463161,2.400306307760436,3.949122227003117,18.002544804122902,11.361945569844162,9.011354103755401
ab65fd24.qasm,64,success,21.016287900000002,qaoa,17.271254358490946,17.701940936807468,19.017423506981626,17.167045324890776,11.551757354587842,19.49904373142977,14.204447157457581,13.123577618118494
ab65fd24.qasm,512,success,969.4532298999997,qaoa,635.623938373262,756.2069277620911,822.0661016257616,671.9331371426093,3.109086509228536,594.2692247101294,128.9472607628955,223.18744852845174
ab8a1b3c.qasm,16,success,5.4734568,qaoa,3.6318969438414492,3.172379192787373,3.8717861987108337,3.3022624295656096,0.28654335055678876,0.2962244605898961,0.638430743812429,0.23033538245312052
ab8a1b3c.qasm,64,success,0.17588040000000002,qaoa,9.759351281108236,7.0891927643870885,10.312548022945982,8.981625749447039,1.6596581963035844,0.715709881837922,0.936011020760437,1.8533464670439588
ab8a1b3c.qasm,512,success,7.0257582,qaoa,947.8089600047392,1452.3290660009777,982.8401750895795,968.1451103736006,0.3320594818413354,0.16720139582542423,7.234209693903501,0.21960019620667787
ab964bf6.qasm,16,success,1.1127641,qaoa,1.147375377191859,1.1465269996079304,1.2611533434306432,1.1205716323318047,1.9636369550920576,6.97645191809695,1.76182887098926,3.738999920936275
ab964bf6.qasm,64,success,5.0798998,qaoa,5.213525420835235,4.8333310246368715,5.115189278489301,4.850056400595818,5.621694751487044,6.757438912248928,4.430261482938217,7.7774696497466635
ab964bf6.qasm,512,success,144.58527109999997,qaoa,149.50285180073755,104.51448458152258,124.21652966753386,105.89771960166998,1.5324781359724533,156.6786954455945,12.589880291583087,103.05281381424867
aceda861.qasm,16,success,307.34320260000015,wstate,199.74902000604345,104.31168437094144,171.078073558412,169.60477164073478,9.919992416282797,6.087120613668631,8.829223162348057,19.23255020365433
aceda861.qasm,64,success,142.41094300000003,wstate,124.55296780092964,86.04622881843149,196.12261515914275,120.59534319680536,54.44861395255301,25.23973712839781,35.95425140301253,37.200877444157896
aceda861.qasm,512,success,304.2419227000001,wstate,266.6341167355053,152.70244711839766,200.711276741537,276.4684783671624,118.85760885258402,436.6139606729156,327.5789673512786,853.1389753932972
ad2439c7.qasm,16,success,2.2632372,qaoa,2.291314862316932,2.147987092115926,2.5100289868692185,2.115571515772533,3.4421673033348505,16.095443489399887,8.741075229100554,8.035364356144958
ad2439c7.qasm,64,success,16.262889900000005,qaoa,14.587711298780924,15.404448357587238,15.853249815831148,14.718853361863562,10.950716586606731,17.312828795483654,11.83126838755539,12.186107943588567
ad2439c7.qasm,512,success,666.6881105000001,qaoa,579.2757285684828,661.8234181242175,714.8331009860058,582.6695788757822,2.6046024433766233,542.1243460574956,98.60295443177523,206.3678086249085
ad74d7c1.qasm,16,success,4.0893965,qaoa,4.0087523168669215,7.146837975709576,4.168283682429891,6.630932825931605,9.960567926014669,9.18040741692292,3.6219702680225305,2.156313896644425
ad74d7c1.qasm,64,success,17.206083600000003,qaoa,14.649152239222117,12.5390517341413,14.799627121573005,11.168380531401095,6.0581453944614525,3.366653603061358,4.273319636592508,3.6336773766484853
ad74d7c1.qasm,512,success,690.9794292999997,qaoa,36.74075826645234,90.41250344312846,289.87795254547007,67.25754747820073,49.12764011290513,10.306395946291802,21.991108864926534,14.655293652693969
aed3c1af.qasm,16,success,1.7608045,qaoa,1.9301643258375167,1.8092700342332266,1.6253887853582571,1.6298337319552667,2.716223884551188,12.475087106253657,4.25528508666835,6.071690680257395
aed3c1af.qasm,64,success,10.090619899999998,qaoa,10.050297265048394,10.62894626546446,9.46858538743855,9.883466316438533,8.620379213320042,13.026578913284665,8.03700109538797,11.20179952620635
aed3c1af.qasm,512,success,402.51049830000005,qaoa,392.4887813125288,367.6446555274306,311.5292303765084,327.62644696665046,2.0355106631744615,393.64409468820253,47.023428031860725,172.24020317623544
af2659f0.qasm,16,success,0.16919179999999998,wstate,0.23072324414894352,0.161963215170429,0.25711890949193544,0.1998369028300214,0.2158989398295031,0.13004062800605035,0.2209817243202319,0.21348864962177946
af2659f0.qasm,64,success,0.1564611,wstate,0.18217396246189158,0.28136179268930395,0.26474635263395885,0.4585426690375294,0.2034088363612258,0.28793601387880574,0.3723728815147229,0.3687332151748436
af88ad19.qasm,16,success,0.17483530000000003,qaoa,0.150586442467007,0.19019169705142686,0.2571983202579404,0.23077679682118019,0.17629261463713372,0.2519280175861541,0.3168739224849709,0.20243289675642573
af88ad19.qasm,64,success,0.1752695,qaoa,0.2043292355242586,0.32103205935257095,0.2405070296839696,0.30962521581614283,0.25480141734105916,0.2571504591003,0.4246668495876979,0.28074778316397936
af88ad19.qasm,512,success,0.17989700000000003,qaoa,0.21143178608856172,0.3953683861916312,0.17552702661412378,0.29329197267788243,0.32233156560120463,0.44554370961759043,0.32212802302379445,0.44905282944843294
af8b17d0.qasm,16,success,0.1818541,ghz,0.10128572445067179,0.1347186712423116,0.16096497224229428,0.09754464961588165,0.15632540756407928,0.10316128047277522,0.1306659108231565,0.14037919472112417
af8b17d0.qasm,64,success,0.1684462,ghz,0.1655380440975708,0.1874129561703002,0.2829230828485485,0.165838619437175,0.15603230913906668,0.24434447017401056,0.2727433933911814,0.3328765916669731
b06c81ca.qasm,16,success,1.5398947,qaoa,1.2600174113346816,1.5550298308345367,1.4503384316226404,1.451020940221855,2.3346221627289103,9.553849942910714,3.4228975975596625,5.110294941609831
b06c81ca.qasm,64,success,6.921094199999999,qaoa,7.942595131325633,8.752447063743434,7.194778985238681,9.268878458368757,7.227692536576878,9.582152418549313,6.450043201667194,8.42740970528767
b06c81ca.qasm,512,success,202.7487235,qaoa,260.44051284849706,376.23153005100835,266.5457199565293,321.44913736411075,1.753302240100045,278.64083053317336,28.66625742025043,143.89288874800417
b11883af.qasm,16,success,0.1776531,randomcircuit,0.7830338370035002,0.8590518389781601,1.481952870523211,1.5505947965780602,0.8398484734414771,0.5449328216903275,1.7098046162326208,1.0333479872358071
b11883af.qasm,64,success,0.3563139,randomcircuit,0.43730247872785594,0.4563609998241359,0.6927962958127774,0.6943637688590522,0.7199840930898375,0.4800178605389423,1.4470728442644654,1.0517301390682183
b11883af.qasm,512,success,0.1822348,randomcircuit,1.0394861380495926,1.1156567348901396,0.9457216274737891,1.4388595223844536,1.3596644189702074,0.7384041346570304,1.3916247477786476,1.616430955095695
b1ea1d60.qasm,16,success,0.2114184,vqe_su2,0.22044746593375616,0.26103876874257465,0.22453196951020735,0.28754039748238436,0.8584992703636439,1.1163127322752833,0.9680234064935627,1.260167135065724
b1ea1d60.qasm,64,success,4.7274893,vqe_su2,5.012642653532839,6.066853589826813,6.174358411598896,5.8552502547905485,2.751515582452944,1.684204996151316,0.8876026984057852,2.5606173630500133
b1ea1d60.qasm,512,success,0.2223113,vqe_su2,0.2806392233383759,0.2329147738032991,0.3240148562462755,0.22469911516466906,24.06826650968528,0.5901741447022842,5.499412187385036,1.4450881251741405
b2346111.qasm,16,success,5166.543143199999,qaoa,1076.479557430492,1350.9338052669248,2152.363132676931,2337.07863159752,570.607092905653,502.9104276507325,208.37849711902516,2731.7169628659126
b2346111.qasm,64,success,3106.2406232999992,qaoa,1082.3626730944518,1349.829962895165,1928.7521046110637,1643.7140710759209,492.08860045532003,1091.271649750564,331.78818019325826,3685.614960186136
b2346111.qasm,512,success,3112.5309232000013,qaoa,1436.2684560156483,1303.3242070588694,3011.624167762314,2116.290837755445,2827.332692562857,4044.5541216638367,783.8487553976494,12525.539478419234
b38d732e.qasm,16,success,0.1849359,qft,0.49984560699211167,0.23611646271457953,0.7705891578442178,0.33106971507012445,0.3442888054650741,0.364087030097861,0.3820693539718781,0.2767672578097979
b38d732e.qasm,64,success,0.284838,qft,0.36169905508791383,0.49641260714049845,0.4177619518272438,0.34498337473368373,0.24463780907984,0.2407425933957081,0.32231165897171893,0.3173343080359918
b38d732e.qasm,512,success,0.1656216,qft,0.6601160788563701,0.39240949705160727,0.4823292053161621,0.5291060773302162,0.3068660533023335,0.18673398537988736,0.3474147277988404,0.21696094039875996
b469b640.qasm,16,success,0.1815829,qaoa,1.117339085113354,8.26380047670015,15.223116853017236,1.61120445115612,13.349358192133842,3.6606571475998226,5.04994499585614,1.514231813212884
b469b640.qasm,64,success,0.1756312,qaoa,3.014155221574339,9.020442694862508,7.770420422104904,2.1062734796856644,2.234492699393369,1.5318504456130477,6.824879709620286,2.064616353984708
b4976343.qasm,16,success,0.17541639999999997,qaoa,0.19693216229489421,0.18309374051947738,0.19233244422268142,0.254975278330518,0.19611462103171973,0.17412430231904166,0.1805824749957763,0.1673626568974915
b4976343.qasm,64,success,0.2803895,qaoa,0.31234033501508274,0.2142103880804348,0.310345738718894,0.4012175899266462,0.40758083674414575,0.48635604647134073,0.4527743255330874,0.43609063757951827
b4976343.qasm,512,success,0.1761288,qaoa,0.19922037405939572,0.14553284056909407,0.16674868162891054,0.21223483990808797,0.18279058835183956,0.18396475475055454,0.17226871424987258,0.19142404476283142
b4c090da.qasm,16,success,0.1804214,qaoa,0.2122449184772695,0.27795252307021356,0.23256162201748784,0.16815904286880112,0.2717252600052788,0.25677307066698235,0.29248240090919014,0.22092092387276954
b4c090da.qasm,64,success,0.16996559999999997,qaoa,0.17908885768320149,0.2676812962706895,0.2366854792733714,0.2257070214883246,0.3245048115484185,0.45401221478091636,0.37813020305641215,0.3422442181208108
b5baa095.qasm,16,success,0.6978439,ghz,0.6221265689585174,0.8312101347920403,0.7052955087447312,1.2370167816238984,0.41492935610977316,0.742412006204103,1.9144746763767824,0.5973538217099652
b5baa095.qasm,64,success,2.8962337,ghz,2.385898966585396,2.1243228928233253,2.440270162866003,3.4239049428913195,0.17842787283516565,0.6846720469930745,0.8679138565849472,0.7294043106941474
b5be0645.qasm,16,timeout,14399.999999999989,randomcircuit,1910.6781375631313,896.8497438063979,1213.1127490572596,320.76041245165845,3477.295878622603,3467.1873709858696,1757.844017342757,4377.708056251085
b5be0645.qasm,64,timeout,14399.999999999989,randomcircuit,1093.010380791796,1011.6030452058815,1254.9326387383246,524.1366315667668,2247.172490975921,2213.8275871481983,2319.972340736716,2591.967381424173
b601af0f.qasm,16,success,0.1732445,randomcircuit,0.21433292981217747,0.2922946784039176,0.9109831753150739,0.35143238776770946,0.25752006104538316,0.5322866395952153,1.2927135164850136,0.5075034179783005
b601af0f.qasm,64,success,0.2902428,randomcircuit,0.2847068112318452,0.2681642464303165,0.29737634373324273,0.33950195104996345,0.14030573224422638,0.41779300023085436,0.38865908471128896,0.4793021150482494
b601af0f.qasm,512,success,0.1780364,randomcircuit,0.286957561853609,0.41200107937538827,0.275368970800902,0.4872180490424235,0.2981934455014154,0.5558128313953472,0.618392361939508,0.4752974399291558
b630efea.qasm,16,success,1.1978284,qaoa,0.9075027564624539,1.0745901303509937,0.9854752638303502,1.0049941054042386,1.7999653017608501,5.593068605446751,1.5609011789881937,3.2222808666408307
b630efea.qasm,64,success,4.1749277,qaoa,3.553474630613954,4.619010963913136,3.261947954307116,5.184065489801048,4.825235662265507,5.225058893052606,3.4624140441198783,5.800445510736508
b630efea.qasm,512,success,91.48293179999997,qaoa,64.81265508566867,103.62926686059845,62.695854625575905,89.60185471392778,1.513469875643306,112.66302709742503,8.821577815758838,87.51159442529553
b680d160.qasm,16,success,2.0660882,qaoa,1.783568953983059,2.1809503861676944,2.1164691814726524,2.0530707577825984,3.044141091421169,14.369025349177853,7.086614903492225,7.2192875652741355
b680d160.qasm,64,success,12.521304800000003,qaoa,12.674136684111334,15.091876520748349,12.131940005456556,14.570963451619429,10.122157805313483,15.373198691188751,10.226707218840918,11.312788674808736
b680d160.qasm,512,success,503.3593403000002,qaoa,539.4755180297433,721.7582583598803,466.56834675666795,651.5241397454952,2.306571042804934,488.76277257396885,81.27213585362844,195.64386602257653
b7694c8e.qasm,16,success,4.6260506,qaoa,3.69220677234414,4.089983120430631,2.527706355683562,4.7869888202881565,1.2030099035189397,2.184288455407065,1.0187038634924048,2.873582920500061
b7694c8e.qasm,64,success,0.3332834,qaoa,0.15491561170725948,0.1513427917629332,0.13403178938201837,0.1328657994922266,1.6347691632426888,3.7954338113506574,1.563603775069923,1.9436879920125978
b792cc98.qasm,16,success,0.1753902,vqe_su2,0.14542426454177715,0.13240252484262663,0.15707265786861518,0.14906984244215288,0.1316880279888816,0.08559217885686633,0.13862015854183346,0.11185432159755988
b792cc98.qasm,64,success,0.1814324,vqe_su2,0.18774773653005308,0.15251250077290196,0.14665619600366958,0.15053515520955932,0.13501466044087354,0.12105620918776498,0.1761907579230639,0.1256833116698616
b792cc98.qasm,512,success,0.16917660000000004,vqe_su2,0.23285848789165023,0.17080761508279727,0.19925124551684706,0.14495770112994621,0.15409658577829508,0.1938988817845054,0.2330084859748004,0.1568434545216275
b97c72bf.qasm,16,success,0.22274159999999998,qaoa,0.1709958209236695,0.20725178494258326,0.1454080988777676,0.14166358570580648,0.15997771214742437,0.13770376606291587,0.1339689478510911,0.1638772495309234
b97c72bf.qasm,64,success,0.2894879,qaoa,0.5300529056701017,0.20141046680577537,0.26331933807718017,0.22649993805669671,0.5567861306517258,0.5834288928778696,0.3495389885988241,0.7568302604325375
b97c72bf.qasm,512,success,0.2054503,qaoa,0.13723381161021364,0.2502612624129335,0.12384635503989148,0.08823689556112711,0.13582860936216484,0.18063596678801142,0.14435305315018335,0.21073193235684382
b9ba0e84.qasm,16,success,6.7821621,qaoa,2.9684424698006793,3.161743660804647,8.594550644193799,2.586731293185015,0.2567053468586378,0.25145677578490866,0.5670292794642285,0.1759821730378703
b9ba0e84.qasm,64,success,28.735752399999996,qaoa,3.2565850687497493,2.6769672661535435,3.730867011414156,3.473011467367761,1.267571969058878,0.520891623233829,0.8343622020949066,1.7740291362787481
b9ba0e84.qasm,512,success,2299.937497400001,qaoa,316.8789237925029,355.29343047558814,267.6905543707544,673.7345618393915,0.2604092743809801,0.1715890932851193,2.7124641310762474,0.19855336518152383
ba0c09b8.qasm,16,success,1.6862829,qaoa,1.5902923191278575,1.9612344958179622,1.783109550766376,1.8442411234146034,2.7957488542840623,12.984564874910317,4.782978268433894,6.35721999267001
ba0c09b8.qasm,64,success,10.520238199999998,qaoa,11.243651431613378,12.308491637845771,9.404851778551096,11.497994486603218,9.3336131877725,13.757451896836345,8.387391202115392,11.115953394643642
ba0c09b8.qasm,512,success,404.0949175,qaoa,447.57374351654664,546.256025155335,374.2543416680915,489.1039269749767,2.022196645905587,421.1870428009268,51.79029905704338,176.41394710299252
bb291a8b.qasm,16,success,2.2330537,qaoa,2.0624544749512794,2.029861691104409,2.3174201450197827,1.9822926834666874,3.137112877022503,14.733570978442426,7.609592926829016,7.402187629065568
bb291a8b.qasm,64,success,13.046995199999998,qaoa,13.037807745467392,13.762021950347888,14.058256292522001,13.418520078391882,10.17675612799986,15.78000885518488,10.64055271494167,11.467852479646751
bb291a8b.qasm,512,success,564.3548563,qaoa,532.3645934466672,573.6801898422934,629.9511448001228,522.0219912121773,2.4271303053039435,496.6529599328396,88.67658932356602,199.33056525376708
bb50273f.qasm,16,success,461.99817259999986,qft,121.98644604529449,83.37146027790045,97.33704341992363,85.18519696746571,1.817465606477169,1.4048894960565952,26.660755071550703,1.3240163898235164
bb50273f.qasm,64,success,61.829867500000006,qft,25.711245182790954,40.486594577772756,19.863319767799666,28.58002177308296,3.7258406120685814,1.0675219600987258,21.516897247307266,0.9111643271655575
bb50273f.qasm,512,success,565.4078366999998,qft,259.7478570971509,104.8581584550264,100.52945967360097,149.91699492316945,3.4935973774296967,2.0740643696596592,8.416537576589368,3.4290891850385896
bc99b330.qasm,16,success,125.21808419999999,randomcircuit,170.7509875094666,125.3822572012012,104.03506133591488,137.33497196436022,30.409228674679348,114.26382904557387,305.44072296748226,42.76293592595199
bc99b330.qasm,64,success,175.69860989999995,randomcircuit,222.69140579782328,220.87241681384575,220.78088876188954,223.16122966786568,25.896355276780653,32.54686088287806,489.5350719368548,55.19899873194358
bc9dd950.qasm,16,success,1.1235861,qaoa,0.7086602502842774,0.9032268469506882,0.7992966248186469,0.6520531517419693,1.5646880774518328,4.050836552645097,0.998605125844535,2.4054634581954666
bc9dd950.qasm,64,success,2.5736842,qaoa,1.9851824250955457,1.8066374762175386,1.9912948280343827,2.3362419399288963,3.954152986827009,3.7408631491880127,2.4568205641633627,4.897830515314701
bc9dd950.qasm,512,success,34.4556024,qaoa,22.78390216438497,34.35964362663238,25.370850253074686,41.049349935717835,1.344184051676312,60.12787574925596,4.720275656248678,61.00728172696564
bd32080b.qasm,16,success,1675.8850690999998,qaoa,1515.872352197724,1371616.7513745432,19088.266384384442,55987.580216755014,1292.8068418082514,1006.3774273268963,163.0956575659731,27.155894743032725
bd32080b.qasm,64,success,6223.237383199999,qaoa,4831.028424215594,9766381.748358825,22064.942148605733,389853.87172627094,456.6691650160304,411.6319777388101,190.2455547830625,55.242591786840514
bd32080b.qasm,512,timeout,14399.999999999989,qaoa,24403.76835404792,100000000.0,40097.77984090723,8623512.6365838,636.231042147004,443.1491698813152,315.5684179431219,96.81650415062046
bd462bd7.qasm,16,success,8.4452683,qaoa,7.177544046535045,6.470622257821784,6.581500574094679,6.864895342547458,2.6813835596815707,4.601543031286512,2.6326170236007576,4.9554470880419625
bd462bd7.qasm,64,success,0.18212130000000004,qaoa,0.29856335469761697,0.24962308499846872,0.27426148943528283,0.28356496609914217,1.2648191415446564,1.7858602705323485,2.4482486117152527,1.7980294591684316
bdd2c3ff.qasm,16,success,8.5620839,qaoa,5.361918005904894,4.892496141590234,2.5111081562814808,3.2147340274642624,1.345343838041426,4.261190658539052,3.5311762316080175,2.7706263362941717
bdd2c3ff.qasm,64,success,71.33639449999998,qaoa,0.45126214071355775,1.5103196172258626,3.304551067927867,4.663629066889816,7.880485602890536,12.000812184769982,5.239427306558357,7.140133959536956
bdd2c3ff.qasm,512,success,2554.6987554,qaoa,1064.1399757554775,1215.7648865227447,1829.4699773722518,1821.832886043619,1.4762418229751992,70.49999976184127,13.267862015070218,37.35778676011336
be527b4d.qasm,16,success,327.64276280000007,randomcircuit,124.24817491314785,590.5970263291216,286.19634650468794,94.51434362391794,3.906376566316292,51.30423569419034,6.75723859182299,27.089069915346236
be527b4d.qasm,64,success,16.115476700000002,randomcircuit,22.390119414659587,753.9709652307572,308.5825046620884,122.25340432583722,5.147754505876674,36.796519907088545,5.482005464258807,23.226669659751543
bf029799.qasm,16,success,1.7939698,qaoa,1.5248973941901605,1.8423859835520715,2.002379383019866,1.4354248317453369,2.74892379983891,12.62779891870052,4.535713930813713,6.194314623301188
bf029799.qasm,64,success,9.9905934,qaoa,10.680811955661571,10.023003937362047,10.554524979812603,11.215041185543036,8.968522055684506,13.298361420158377,8.20476142027785,11.026003405798619
bf029799.qasm,512,success,373.7508546999999,qaoa,337.1683597572179,595.8827172364452,424.95002596044435,455.9066659816552,2.025574578222282,406.7475372697428,49.08264772134545,174.20160447061204
bf0f8df9.qasm,16,success,0.54735,qaoa,0.5942241031645455,0.7727522961278399,0.738074111864088,0.5510220470371894,1.3094989999166848,2.589712120511217,0.6179665828944021,1.61087815252066
bf0f8df9.qasm,64,success,1.3424396,qaoa,1.0416330918898573,1.0274676273454562,1.253282484387431,1.1023232594318233,3.0081975491466237,2.4222897070874074,1.687019900875114,3.971185430610893
bf0f8df9.qasm,512,success,3.4726905999999995,qaoa,4.309432050099589,4.264666527369672,3.769893765202643,6.21787496325611,1.1157222713395425,22.18538407990696,2.411929618556004,32.5993533472647
bf9674e9.qasm,16,success,0.1775753,ghz,0.18227427478820069,0.2224855048745587,0.3083998974106691,0.15462161259503346,0.6525038492790863,1.1747379103816815,0.5821881684698718,1.1839858863515682
bf9674e9.qasm,64,success,2.4674081,ghz,2.586224913384372,2.364139402893217,2.3478474289357165,2.2131434536422283,0.24838153655922018,0.6734495015773305,0.5436333783359695,1.6794954738391787
bf9674e9.qasm,512,success,0.17353109999999997,ghz,0.1266095322842299,0.21462941337029334,0.12682102429296724,0.23967642625762245,1.1397889199587785,1.0326593892432574,1.037383900873541,0.548627573499726
c05aa9cf.qasm,16,success,3.0019963,qaoa,2.4786968896858466,2.9661053034245444,3.7772573147434794,2.495838781235073,4.33111325892498,19.191100941790225,13.33652846163514,9.68933766037544
c05aa9cf.qasm,64,success,23.5731577,qaoa,22.561466665389066,21.349111085275617,30.277523367220663,21.98171230845014,12.067587452527082,20.91314321361272,16.007619361657046,13.639008220433656
c05aa9cf.qasm,512,success,448.6712298999999,qaoa,573.5630447140674,1124.8547312928954,791.957120273715,792.6626278364571,3.449135447369593,624.5202597616001,146.84628522271205,231.5839321015459
c0a1d157.qasm,16,success,0.18243549999999997,qaoa,0.33740645715415923,0.3131572046738932,0.5581189279142893,0.29947836059329447,1.8305292356541363,3.9087550254999326,3.29245713618185,3.0612087885177917
c0a1d157.qasm,64,success,4.6466562,qaoa,4.881244527345227,3.5774434212043773,2.110694166736437,4.014832013067144,8.126174082707783,3.3358341151208086,3.590738910385257,2.9756001968162833
c0a1d157.qasm,512,success,0.1828232,qaoa,0.357828703355176,0.17419548406394686,0.17155692740328965,0.22192973088629803,262.0591535717922,7.5839123125573735,25.6660888599567,6.673733106131057
c0ffe57a.qasm,16,success,0.3998301,qaoa,0.212697782126693,0.2501184881270655,0.18325712452033588,0.18842157492858,0.15534248897634176,0.1778595739337741,0.2361869881544652,0.20194755735109657
c0ffe57a.qasm,64,success,0.1699738,qaoa,0.30814621347930155,0.227865320990506,0.16112072705581656,0.26017471249158586,0.13829430330209333,0.2350028486891391,0.26571306326059035,0.28775188072889873
c20bb346.qasm,16,success,0.3509667,qaoa,0.8137116713772615,0.7795310608367814,1.0047865419184938,1.2387964440550014,7.923615576364683,10.60634776073924,17.50074975910465,11.85084786810979
c20bb346.qasm,64,success,1.1472027,qaoa,1.8104325116333948,1.7907243965815896,1.7254666049290992,1.8464075186632452,3.5222740564613857,5.46335350000293,19.65525163113652,4.184110363300251
c20bb346.qasm,512,success,0.3426731,qaoa,0.6961471948309906,0.7192444054972202,2.4986495399447586,1.3584588671734568,60.686507014887034,741.4899457376238,1322.7654691736232,427.462712446951
c246552a.qasm,16,success,4.088997,qaoa,4.024542145886082,6.791949903243147,6.013465947011556,6.3168206323101295,1.060159098431416,3.069596698556219,2.410859653040674,2.114579618600599
c246552a.qasm,64,success,0.4388426,qaoa,10.549340432721042,8.891440077671065,12.345396722558746,13.10966576901588,7.221975140602967,9.148401064809642,4.282777867813726,5.8818728712517565
c246552a.qasm,512,success,816.6656867,qaoa,1395.425728331403,1078.4048673478778,1351.4255983543867,1300.5774478487106,1.3694438424557474,30.76065823640313,10.539366625089004,25.76522788455288
c39fa73b.qasm,16,success,0.17802479999999998,vqe_su2,0.15230880556001417,0.11976447454972518,0.16029782263764736,0.17430869855801465,0.14338868537552496,0.1709264862123592,0.18395970517989438,0.18128062322904848
c39fa73b.qasm,64,success,0.1641723,vqe_su2,0.15925423074590925,0.12275936806028989,0.19048968505965438,0.2852931020504736,0.20872385682002284,0.2643724385724046,0.28831187482603593,0.24414783303012327
c39fa73b.qasm,512,success,0.1729059,vqe_su2,0.16608616493272615,0.10503347494502141,0.1655347725607481,0.23511827794419324,0.1400007374795407,0.17334624167439588,0.21989654157704797,0.21473663330589982
c3c0513f.qasm,16,success,0.1795263,qft,0.45669116462989917,0.4028600629785275,0.4351960334920307,0.45780481241825327,0.31495314870557545,0.36859313712859965,0.19572521490230768,0.48791266832270447
c3c0513f.qasm,64,success,0.1589828,qft,0.2277923407446158,0.18747387445633007,0.21764139162767787,0.25759404515737694,0.2244646778061929,0.28044624619904013,0.0910137318445416,0.3202092382437931
c3c0513f.qasm,512,success,0.17359960000000002,qft,0.38199644725350024,0.33511835937940726,0.29524231645960675,0.40165680845594526,0.45033069648686164,0.37244947207474566,0.29164568261266677,0.5792300163989891
c40ecada.qasm,16,success,1.5196586,qaoa,1.260121174084159,1.5551291808812955,1.4502730447250558,1.4510056061355558,2.3350472314853397,9.555115350053118,3.4233082053449237,5.111377958103237
c40ecada.qasm,64,success,6.9018752999999995,qaoa,7.9425275466770815,8.750373990534593,7.1955176325825025,9.267395302544697,7.227705432107054,9.584939521280043,6.450722212399641,8.426904278432096
c40ecada.qasm,512,success,208.56807320000001,qaoa,260.3711785302854,376.0816095411661,266.52816117244913,321.3284553321702,1.7533296723120984,278.5536524234161,28.66680822667507,143.85726678115643
c4c36286.qasm,16,success,1.7383957,qaoa,1.723426262336545,1.686694799668164,1.889588802563575,1.6479609436603906,2.714837468950976,12.470732181338603,4.254027302973632,6.068600728261539
c4c36286.qasm,64,success,10.072573800000002,qaoa,10.377723027722551,10.187175301849784,10.012362409049222,9.823852975270079,8.620053866428298,13.017153310689398,8.035497797469272,11.204158128225325
c4c36286.qasm,512,success,401.72131759999985,qaoa,413.95477456179935,390.2144507734805,422.5300408234391,345.8247164402313,2.034840860481466,393.98135877859585,47.02821693549321,172.3135944700864
c4ff2c11.qasm,16,success,1.1621505,ghz,0.7071724004068725,0.7937719612148746,0.9563221206807773,1.0429399100798509,0.466524005274656,1.031884326735725,2.568771048400738,0.8295384751743087
c4ff2c11.qasm,64,success,5.589186999999999,ghz,4.044840560251521,4.334174427899965,5.891497581225683,3.3939440383974726,0.35385345960588444,1.1587267322446535,2.253762736685695,0.9362139494537307
c4ff2c11.qasm,512,success,1.1551765,ghz,5.492962726779739,2.5014971089466815,4.5200068047501345,1.9765197099736986,0.6001141346792613,1.4903059691072924,3.0793360313215685,1.537280731137822
c6678d16.qasm,16,success,516.0462371999998,randomcircuit,515.4008021126139,785.0140573383377,749.1794685677689,288.32655540858144,148.46593108793056,3721.8332566737713,31806.458563290274,3735.4023613691816
c6678d16.qasm,64,success,821.4442047999996,randomcircuit,446.21777018973296,562.1916190176886,640.8075910396067,384.2714496585103,100.04085238483502,5716.907172075485,37321.61678101643,6032.734885911077
c6678d16.qasm,512,timeout,14399.999999999989,randomcircuit,10526.350626919027,9119.548455986562,5024.865363071207,6027.104066763639,618.8983157826601,5590.539104085143,31930.744271362255,10089.707899498684
c676cfb4.qasm,16,success,0.23532530000000002,qft,0.191921650580709,0.25952507492981813,0.1961326553834751,0.22394406557809932,0.13404941310543364,0.19781155393703923,0.07638012181611792,0.1912278151396537
c676cfb4.qasm,64,success,0.2578355,qft,0.1712346599912708,0.15608082078823324,0.1863713136896229,0.19172222692787905,0.18377243881298255,0.23933959491159762,0.0651166386052876,0.2167133986861542
c676cfb4.qasm,512,success,0.24538750000000004,qft,0.22814673561344448,0.19809013166328326,0.2057047606800914,0.2263547200729573,0.21807706494963836,0.26491187417898476,0.19000387568720967,0.30506543309217654
c7670b0a.qasm,16,success,0.5437697,randomcircuit,0.3298708393161065,0.41100965509480647,0.4025989556151012,0.32628230725652485,0.33355360838559245,0.307965386003406,0.49461621055959515,0.2855452540548643
c7670b0a.qasm,64,success,0.550425,randomcircuit,0.4089126341802736,0.39009105304190417,0.4399948647092933,0.41854390952485415,0.32803750499817613,0.38527194760508504,0.7331748397195357,0.4907819520486739
c7670b0a.qasm,512,success,0.5097197,randomcircuit,0.48917112567203935,0.4740314412347146,0.4479893682173595,0.5541448309304076,0.5159778714176324,0.5298793234135891,0.7873538051401879,0.6981583032589762
c7a93f95.qasm,16,success,1.3009129,qaoa,1.1497062691996018,1.4451755421103913,1.2678510873378848,1.333946286549499,2.17935946086232,8.521757611463102,2.292029766343303,4.398154613460104
c7a93f95.qasm,64,success,6.5205913,qaoa,6.5820100417638505,6.801291900270836,5.057841862774293,6.771964965020852,6.442477115832084,8.454593492280809,5.4468255979626425,8.921581297185448
c7a93f95.qasm,512,success,209.0101838,qaoa,192.8474707294271,208.02348765937597,150.47917658071515,167.98223574312942,1.6790167894890295,220.08023124417025,19.12134071682149,123.89841159996364
c7bddf55.qasm,16,success,0.5527257,qaoa,0.6774455795174094,0.6674789262681847,0.684548349750264,0.6300720023595824,1.2392760735772628,2.363459420467687,0.5598795673413746,1.4957955930661986
c7bddf55.qasm,64,success,1.1093257,qaoa,1.1853962148020523,0.8622221499861223,1.1523135248384593,0.9241156622247717,2.9619023084139138,2.2595664905179182,1.572481899994015,3.791442665623799
c7bddf55.qasm,512,success,2.7514677,qaoa,2.895892429980732,2.2867024481182296,2.793297690602237,2.522189333441826,1.0065810368528567,19.30010951964139,2.077728543803968,30.189224786021835
c82bb473.qasm,16,success,1.3014825,qaoa,1.3051257326617,1.2946885346301635,1.43137929263227,1.2675374369568977,2.1792154462357463,8.52122781424739,2.2919140078413993,4.3978039220707155
c82bb473.qasm,64,success,6.4765742,qaoa,6.747603335498821,6.2930874752901,6.420925591879415,6.178682504169361,6.4424735790479835,8.453601452340019,5.446599843052334,8.921799250228604
c82bb473.qasm,512,success,210.21006139999997,qaoa,231.15030061682472,171.22587082005592,198.34944614659642,163.7063598705183,1.679043981188751,220.10125483079466,19.120758130221525,123.90861466519736
c84ad65b.qasm,16,success,1.132833,qaoa,0.9853517194919686,1.244973726398476,1.09385428739105,1.1452156861577947,1.9050973834248242,6.7141543305726135,1.6382046885046517,3.621618837872876
c84ad65b.qasm,64,success,4.321362400000001,qaoa,4.731248431100412,4.9689765727046264,3.4645664103203315,5.1162164558268435,5.601232048501239,6.545257403997655,4.2634709206364825,7.682746869309997
c84ad65b.qasm,512,success,96.38189569999999,qaoa,107.19469716636394,112.25937895421735,74.25849373412294,90.1379951237317,1.4524520544639736,149.49702466484834,11.377696733974453,100.10683345468604
c8afe1ad.qasm,16,success,0.172325,ghz,0.23460692331967878,0.20776669507252465,0.1850136656429681,0.1985694708271498,0.38247742687595815,0.47914978882552234,0.2589319228604256,0.4570624660603806
c8afe1ad.qasm,64,success,0.7844303,ghz,0.8426502965655147,0.7934372559623766,0.9031551990873764,0.9805347859817563,0.2581862939726849,0.3359653355891587,0.4578580964736663,0.7604984965532252
c945995d.qasm,16,success,1.6418214,qaoa,1.3336927030382797,1.6984101507953695,1.7215381814844983,1.3022588194704265,2.523574342722474,10.957854816839799,3.9303882556209184,5.609658387190119
c945995d.qasm,64,success,8.8522282,qaoa,8.768358554815578,8.332500605825771,8.71262594008962,9.878797148479661,7.836844992641438,11.170422410002425,7.321126136776691,9.684788115960783
c945995d.qasm,512,success,341.62067240000016,qaoa,272.4033058005634,507.00008242434416,362.92017804423205,399.8571526421061,1.897194318701428,332.21631423817547,38.00916629982472,159.16210909060527
c95f41f8.qasm,16,success,0.1763965,qnn,0.09866162277138327,0.12164495281473357,0.13309725885579624,0.10421047478822208,0.1417725838672714,0.1505488328582958,0.13177786580372342,0.1711850329433996
c95f41f8.qasm,64,success,0.4365802,qnn,0.18697517481474385,0.18456699901645235,0.2702797683775619,0.1949331227840131,0.19383494463724615,0.21127123296798336,0.33485441617986994,0.25218366238313883
c95f41f8.qasm,512,success,0.17736769999999996,qnn,0.11802165514242799,0.18544555631769621,0.2132266030892642,0.1752131477374935,0.11388320089860561,0.17625654322698361,0.16575010479013164,0.23216260837658603
c96fe790.qasm,16,success,291.6478196,qft,41.738588471589445,39.12801461611457,60.80951618561691,82.45307117739718,1.0024297089320295,0.9156362330616984,9.256841989648976,1.9035125214078201
c96fe790.qasm,64,success,29.968277999999994,qft,14.373557888866127,9.821023359078499,12.813768208688298,15.120209209751488,2.487626205147982,1.2688874985016785,10.893149961763937,0.977725530171351
c96fe790.qasm,512,success,292.8521848999999,qft,54.371892638991056,30.041422902398985,32.14791384680678,40.44035697202413,1.944899731290831,1.3085333959035985,2.947995979817677,3.4338707667046324
c999af32.qasm,16,success,1.1311006,qaoa,1.1473407340363975,1.146449819661477,1.2610636877089965,1.1203747951039933,1.963197047428178,6.974810987792469,1.761488446958962,3.737883968482181
c999af32.qasm,64,success,5.0753012,qaoa,5.2148893976527475,4.834193455775757,5.11525807818189,4.850226143004958,5.621714040224727,6.754477371942399,4.429463211209193,7.778021523917953
c999af32.qasm,512,success,144.16692230000007,qaoa,149.57977486139796,104.59392350560675,124.27900949907283,105.92743107647948,1.5326924717312553,156.72471933224995,12.587706787082448,103.08636756120426
ca0a2ce5.qasm,16,success,3.3426185000000004,qaoa,3.582200301502989,3.033095736999796,2.3685270017512017,2.9188570222527503,1.0052364779544631,1.758385476694173,0.7156196165171796,2.0543323621680094
ca0a2ce5.qasm,64,success,0.1686469,qaoa,0.25527388206709944,0.14838518190923608,0.20422121395337736,0.13416115136049334,1.3035311812028514,1.7977811021832433,1.2297883968033803,1.3356997609221795
ca634f4d.qasm,16,success,1.1346432,qaoa,0.683312910581327,0.8756150631032977,0.779022585898226,0.626354423412763,1.5006717736585902,3.8094322764250967,0.9148244747659187,2.2913994565703097
ca634f4d.qasm,64,success,2.3053915,qaoa,1.8499987821528177,1.7118564379498635,1.864781344757343,2.1828445823942277,3.9231025271957503,3.559405566252832,2.3166906444767674,4.746976183080526
ca634f4d.qasm,512,success,24.028526199999998,qaoa,18.69734811723763,29.214444280950385,20.850442732939698,35.25194118001401,1.2415055412104425,55.271622376428766,4.158570312617988,58.382819117781246
ca8c6d9a.qasm,16,success,2.1916357,qaoa,2.03278953067195,2.1836134503038114,2.149125763970313,2.4522254842766396,3.083368165546087,14.369616983416382,6.931940456563178,7.165349272230137
ca8c6d9a.qasm,64,success,12.676150400000001,qaoa,12.532056428563047,11.784605538258939,12.288827296594636,11.380098619576005,9.982523443822396,15.36055298827374,10.148620728519004,11.41395375417873
ca8c6d9a.qasm,512,success,522.5552257,qaoa,530.192307225528,492.1872137491471,417.421860636023,461.4569216006767,2.3760812493002414,482.4442365950241,79.8795812599372,194.81902554020127
ca980007.qasm,16,success,1.3004284,qaoa,1.4870498301278317,1.4151188358356883,1.261033659659603,1.2298749639292768,2.179503933694395,8.522283932700999,2.2921466317395502,4.398504729142665
ca980007.qasm,64,success,6.5013756,qaoa,6.35114683901952,6.605152814025408,5.780733887928536,5.939464150276883,6.442481536814938,8.455585648638637,5.447051362230217,8.921363349466723
ca980007.qasm,512,success,203.21602670000007,qaoa,197.29429042142897,192.37851184322733,154.23225253082958,170.2368563150496,1.6789889069322068,220.05920966567246,19.121933818710655,123.88820937488569
cab2b6e9.qasm,16,success,1.5307986,qaoa,1.4276139494327624,1.4168815354297464,1.6174104275541532,1.388151913574779,2.3356138965182835,9.556798011019735,3.423853252847704,5.112819062500167
cab2b6e9.qasm,64,success,6.8686035,qaoa,7.9557654798593544,8.507413267236767,8.160161584960665,8.189058912058144,7.227722295527385,9.588645952731877,6.451623539128247,8.426227724713575
cab2b6e9.qasm,512,success,204.01155880000002,qaoa,294.64500155101223,306.47858044996354,333.98810007785397,268.82259599637814,1.75336721182412,278.4376102269455,28.66753215978581,143.80981085889317
cb2b300f.qasm,16,success,1.648719,qaoa,1.7713022310747948,1.6318985995172415,1.5032459477773312,1.4997922246712396,2.524136873541436,10.959554364920372,3.9309260993603456,5.611025889595538
cb2b300f.qasm,64,success,8.9312101,qaoa,8.663744497449652,9.03876523473016,8.107564756800137,8.666756893781175,7.836934265124696,11.174197495683586,7.321902877747507,9.683977346144625
cb2b300f.qasm,512,success,336.9242883,qaoa,319.979872922996,319.9291105591771,268.25590439808775,282.24414583832265,1.8973443035047337,332.091225249754,38.00868637941233,159.12288180236297
cc5bc6eb.qasm,16,success,0.23998150000000001,wstate,0.20066180919457366,0.23683270934077452,0.14670765167339944,0.1649645613169804,0.13858816236790547,0.12761825577645264,0.1958798682847567,0.15558243819015893
cc5bc6eb.qasm,64,success,1.4279914,wstate,1.3835097071449773,1.6265551108760932,1.3241224698073246,1.0992988174945402,1.3510661934899824,0.9943201223008317,1.5215818612875687,1.0615329379822191
cc5bc6eb.qasm,512,success,0.2081356,wstate,0.17800318883340197,0.15436848363543257,0.16178801522964306,0.1659441706103296,0.133123054221084,0.16797204588243717,0.22574165655160303,0.1279374963325356
ccfd978a.qasm,16,success,42.34227140000001,qaoa,69.84447637272204,48.037120581943654,47.66313474191226,54.36710208059435,35.710065088950444,35.21731708070629,36.74838328248137,21.245073075936475
ccfd978a.qasm,64,success,2.7107435,qaoa,3.148468315025526,2.6967676640923037,2.8143007305955665,3.95644976147668,4.6039555059383765,9.668239278187857,6.060318359657676,5.130554538114691
cd51d9b8.qasm,16,success,1.7485021,qaoa,1.6149796204564624,2.0556575143786295,1.9687038618712223,1.9231885044307533,2.793256095756333,13.518107015779744,6.025864238755582,6.686886053067565
cd51d9b8.qasm,64,success,13.210056200000002,qaoa,11.77444956449666,13.561542183054204,10.522595112022058,13.059064888069628,10.053274344708065,14.595809985986145,8.985532965563614,10.96342069034751
cd51d9b8.qasm,512,success,574.3465174000002,qaoa,485.06515236083067,659.8288567609138,426.17632417737093,598.6103115563888,2.0952338301260167,458.3398821808333,71.98481871943362,187.04750252477888
cd592018.qasm,16,success,2.3526015,qaoa,2.0015206295256354,2.4509171388630615,2.820006368945376,1.9928771499925437,3.4439516214794,16.099079939452317,8.74318089796589,8.039530755737234
cd592018.qasm,64,success,16.3234668,qaoa,15.969358929398624,15.94677399184635,20.20500780404608,16.823501284405822,10.951747644122287,17.323648159871627,11.83416556514722,12.183984079674218
cd592018.qasm,512,success,666.1303829000001,qaoa,467.595557707715,896.7414329655123,625.6423814102501,641.8951921184375,2.606294889306963,541.6275569074389,98.57242929745635,206.31558780243128
cd5b55b6.qasm,16,success,0.256669,qaoa,0.14910118901085398,0.13804232464914937,0.1354218597370405,0.16648417640149776,0.15652966227394396,0.17488970071055493,0.13949332389923091,0.18139010258839847
cd5b55b6.qasm,64,success,0.1625885,qaoa,0.22169288871449105,0.17928200529583113,0.18382796039223884,0.2813058830971775,0.2561897947501466,0.33757906533327703,0.2568889331777367,0.2766363929386384
cd5b55b6.qasm,512,success,0.2338264,qaoa,0.18454597560450423,0.1372683774948068,0.13358138811286815,0.2137048186633784,0.14955834407767868,0.19005363718993656,0.17263642346074468,0.1882165660088114
ce4f4dde.qasm,16,success,0.1818813,wstate,0.16445033783834062,0.2002354512318092,0.15700084503219666,0.22665769189636706,1.103802979401582,0.9295091560789472,0.9880879558065088,1.5823807397533327
ce4f4dde.qasm,64,success,4.050673899999999,wstate,4.697569475161897,4.80533549049994,5.261764231525088,5.047054299926301,2.0432079472002163,2.767915881805115,2.0002685347400426,3.5172631740456457
ce4f4dde.qasm,512,success,0.1800354,wstate,0.18872738310741974,0.16665849184504355,0.21363200500865032,0.1416372240126174,0.4447254994034449,0.907403308733644,1.1156589551040463,1.5268872573865238
ce7207a3.qasm,16,success,3.4724855,qaoa,3.9908006367926205,2.80278327092365,3.0084572488999375,3.190335333225445,1.0052364779544631,1.758385476694173,0.7156196165171796,2.0543323621680094
ce7207a3.qasm,64,success,0.1853343,qaoa,0.15170230725707134,0.23913966633926378,0.17916379017285536,0.14240671831602983,1.3035311812028514,1.7977811021832433,1.2297883968033803,1.3356997609221795
cee426fe.qasm,16,success,60.8826121,qaoa,125.87910645164915,34.87072987498283,88.83258047925412,57.633383820081164,73.3430671593237,79.48928837745521,60.285683682410735,66.57105820135239
cee426fe.qasm,64,success,142.56026650000004,qaoa,343.3239779704822,224.37652662419316,268.59335761610237,274.5393450479616,295.0635942934965,155.06638552921095,70.1870471228983,152.30936995789432
cee426fe.qasm,512,success,11992.309916099994,qaoa,5916.838559858404,4849.400119171562,5837.469476842307,2216.3618155249696,3484.400650056098,6172.3165192129145,5062.213502794018,2993.4086541716442
cf2c4cc9.qasm,16,success,0.1780009,vqe_su2,0.13596422129392802,0.14997877476876384,0.22425070477754985,0.13607395124966917,0.18044782418380495,0.18156943404252293,0.1782282580697154,0.1501735209447822
cf2c4cc9.qasm,64,success,0.3343455,vqe_su2,0.23894872632160213,0.23042109941372468,0.36481755983308495,0.2513140437787749,0.24208220677597428,0.2383968435283157,0.35430522795312086,0.2053282098572064
cf2c4cc9.qasm,512,success,0.1702461,vqe_su2,0.13582860936216484,0.21126775349211058,0.2574980784631139,0.20867719728344214,0.1398162091139983,0.18408022574437174,0.1945226744733802,0.18795752293600518
cf5bfeb1.qasm,16,success,2.2799182,qaoa,2.0739132236382782,2.251324626775987,2.2286892662992273,2.54260967954548,3.136977040705083,14.73325553335988,7.60943313885556,7.401856449321178
cf5bfeb1.qasm,64,success,13.079453599999999,qaoa,12.835153298715905,12.341696836150554,12.881947855828214,11.991664670457956,10.17670025989246,15.779159914358132,10.6403482664816,11.468035053817474
cf5bfeb1.qasm,512,success,361.00468059999986,qaoa,547.6672957297119,519.7226869951569,449.1771546697002,490.62712214843725,2.42701438546783,496.6922233840172,88.67895041217139,199.33636503844252
d168a391.qasm,16,success,0.17140079999999996,qaoa,0.25262859667049414,0.20378452422731583,0.17302396130213882,0.152717495425032,0.5813582562640336,0.9839953066147603,0.7128108400770516,0.7629503603119991
d168a391.qasm,64,success,2.6421047,qaoa,1.848706615236417,1.8249775622541284,2.400914841133443,1.8108273773119168,2.4549874635852436,1.1102873681136165,1.0190027200353076,0.9271872204944691
d168a391.qasm,512,success,0.16305370000000002,qaoa,0.198521947944355,0.11193224183182078,0.14108750982825344,0.13603668018134052,11.628424637510514,1.0283571441878483,1.3967502989441865,0.7144775266790084
d20d9d2e.qasm,16,success,7.2601546,qaoa,8.190278440300398,6.14076856897095,6.887183639897678,6.615507972240568,2.6813835596815707,4.601543031286512,2.6326170236007576,4.9554470880419625
d20d9d2e.qasm,64,success,0.21048460000000002,qaoa,0.21775698989562975,0.33596367565183377,0.27833028749542377,0.1938284270530515,1.2648191415446564,1.7858602705323485,2.4482486117152527,1.7980294591684316
d21812d8.qasm,16,success,5.7262911999999995,qaoa,4.906908261443787,4.996957701471217,4.212396492887365,5.693092046238758,2.3084639269116054,4.093542370023933,2.079785831443283,4.135533573269748
d21812d8.qasm,64,success,0.17260249999999996,qaoa,0.2848762105767871,0.18986556129373808,0.207278808715955,0.2205077426528561,1.1861585784660091,1.3495389553674397,2.3278443559307957,1.6258442032461886
d2ffaf7e.qasm,16,success,0.2321556,qnn,0.1575229895635262,0.24440906712074328,0.238011859080464,0.15868502808276694,0.3197255711726349,0.5491893451538302,0.3687307607578669,0.668403753576603
d2ffaf7e.qasm,64,success,2.5454339,qnn,1.292229432973585,1.1158767872240027,1.395713892215504,1.2760804935465377,0.7428087019196444,0.9198337796351607,0.8127908241315742,1.34243592891681
d2ffaf7e.qasm,512,success,0.2593566,qnn,0.11784684789921776,0.26741485906771134,0.1508477783924888,0.2663641521701892,0.3568278173897879,0.25762936565982825,0.8813398989608754,0.3482816442400994
d3f98c63.qasm,16,success,2.2281586,qaoa,2.2980156401161413,1.9835493154076567,1.9204364465780768,1.9617963323363128,3.1345267546442708,14.727586761745275,7.60653247401147,7.3959099276178275
d3f98c63.qasm,64,success,13.029918900000004,qaoa,13.537609029931483,15.134152473686349,12.892779516191768,12.852957367557957,10.175672341454941,15.763696399149634,10.636677624831146,11.471350224831953
d3f98c63.qasm,512,success,562.6930221000001,qaoa,561.4954692499575,519.7420889048209,448.86458880371276,449.76096296807754,2.424956065348854,497.4025002198543,88.72177734979542,199.44352726326193
d3f998bc.qasm,16,success,1.6935747,qaoa,1.5707539568230802,2.0132302481984894,1.9309333656259389,1.8835229613268207,2.7270308145675375,13.23559411759435,5.696996994903648,6.55982429080304
d3f998bc.qasm,64,success,12.235003299999997,qaoa,11.526326741728754,13.06446437641117,10.17623097989877,12.601583578155712,10.02429158619255,14.302225264901445,8.71867979540363,10.82813166211645
d3f998bc.qasm,512,success,467.8785964000001,qaoa,470.5388654019323,643.984363353988,418.3202002766557,583.507289182904,2.0106051265484792,450.74374674824327,66.95996235214112,184.06289542355117
d49ba491.qasm,16,success,1.0047482,qaoa,1.269352646421602,1.2096503916511643,1.0872212435620676,1.0493524823609364,1.906259948351612,6.718610255146747,1.639090103166101,3.6246162843545577
d49ba491.qasm,64,success,4.3270887,qaoa,4.776702240227735,5.028122881935382,4.279308968054277,4.287202086914819,5.601062159585271,6.553124968962616,4.265644681111839,7.681334080712983
d49ba491.qasm,512,success,96.86097500000001,qaoa,117.8472198986568,118.81742143918588,88.98967654438518,100.68637273069848,1.4518782638169943,149.37856148124771,11.38339149461309,100.01647072825949
d4a7f2c7.qasm,16,success,0.560587,qaoa,0.5686831626631871,0.7479645454599381,0.7209825349016245,0.525534390883034,1.2400701531504192,2.365909701631263,0.5603903671823943,1.4978224600114824
d4a7f2c7.qasm,64,success,1.1167891,qaoa,0.9670872236481617,0.9804786705348809,1.1735743903899838,1.026139741262327,2.9623096550242667,2.2635175328933217,1.5740399918007149,3.791940158274369
d4a7f2c7.qasm,512,success,2.7529107,qaoa,3.284354655167036,3.436820837109363,2.8748811321195213,5.008537907998835,1.0053580655936893,19.29472253300378,2.08021160836387,30.148051782545235
d706049b.qasm,16,success,0.2326287,ghz,0.49501770059153155,0.40378663349112937,0.7280731537399847,0.5747348633313955,0.21252130423586443,0.3083999397369439,0.9045570824886165,0.3173661682692755
d706049b.qasm,64,success,1.7873514,ghz,1.0896610005545946,1.111587253779701,1.6112153418148294,1.0061713733320654,0.12456999483067963,0.3035135553115593,0.37362004087836825,0.33636760481770017
d70a0bd6.qasm,16,success,580.3384012000004,randomcircuit,340.5072997508577,332.1856758443368,446.7553002169805,468.71508171448613,22.184762943719132,28.090133329666312,17.75251747108126,72.60779575245607
d70a0bd6.qasm,64,success,50.607107000000006,randomcircuit,347.71908872622316,62.086287452599706,75.10764451944937,84.6429144288527,23.611354621519993,45.62534400511462,19.720084065430374,105.79243021490757
d70a0bd6.qasm,512,timeout,14399.999999999989,randomcircuit,14563.706027416676,20451.34496282508,18553.279889057147,34460.5751202045,63.44877458048911,119.95539493587171,95.27296763941696,220.27483653116985
d7fe8918.qasm,16,success,178.36455989999996,wstate,386.1709445564739,265.61771726424445,434.03723580339243,226.4811007658017,151.78109108297073,451.25997305091386,197.52772909260275,276.1008194611783
d7fe8918.qasm,64,success,70.26249630000001,wstate,319.07789130266815,316.02159357632854,368.5910377541977,220.61296379240576,818.4649894301903,926.2937088557395,663.5303467741178,1904.300867206745
d7fe8918.qasm,512,success,177.67851409999994,wstate,573.4616642132119,804.2370262867508,597.7778277756582,697.4690374540836,2941.499655633688,2377.7051532441337,1762.4686737732795,8238.646799720123
d87e1b4b.qasm,16,success,0.17300719999999997,wstate,0.41363345066779605,0.3346962924547773,0.8802633842470404,0.48610002818683706,2.0305854521591,2.0201932746049804,2.345843371084136,3.591828185944295
d87e1b4b.qasm,64,success,10.563292899999999,wstate,9.912313992444883,6.6222847019119495,8.765176109535458,8.172336560959856,3.5823566458763074,5.87063369957524,4.319350183057294,7.722388365713496
d87e1b4b.qasm,512,success,0.1801242,wstate,0.34150777469512444,0.26467035061774,0.5526019184699571,0.32465653862415883,1.3784634865272494,2.9219927827223473,3.5339533149509244,4.088404968455009
d9b603b5.qasm,16,success,1.2477177,qaoa,0.9863591554345849,0.9787799079328812,1.1094982001657665,0.9422104482144478,1.7379387873637022,5.347051494014642,1.4449523245521794,3.1058068722149414
d9b603b5.qasm,64,success,3.4265954,qaoa,3.7415368088605816,3.9113421364955783,4.251621966312587,4.092272298251989,4.8007316993413145,5.019077821152676,3.2896034430727026,5.668363920342418
d9b603b5.qasm,512,success,71.4677438,qaoa,75.51679196308054,87.75167691733095,95.91973356376961,82.51182345003897,1.421340396954587,106.88607446632145,7.910441995420798,85.13968351015534
d9c77e07.qasm,16,success,0.1766356,graphstate,0.23160484670911272,0.2234913953677558,0.22669586411348758,0.27731672169053284,0.2579827663474834,0.16510558145261603,0.22811930799801253,0.12387887507495146
d9c77e07.qasm,64,success,0.176099,graphstate,0.21097750619430566,0.20924951758818597,0.2002316588527724,0.21869254308279903,0.23044788657487328,0.3074907596468119,0.30337799646192265,0.1570232345270501
d9c77e07.qasm,512,success,0.1867367,graphstate,0.2225074911400857,0.17156950104913668,0.21838888823404964,0.19008379253234747,0.2258366049359059,0.29162358863190896,0.20939686612320732,0.19289029958584708
da0e58a0.qasm,16,success,5.1639064999999995,qaoa,9.151806804888249,10.807156321228073,11.186737106592322,8.550904993478257,6.166569805289847,7.128804981252463,7.257161174638546,7.740476906440561
da0e58a0.qasm,64,success,0.3444672,qaoa,1.1267756270122442,0.7837489283135373,0.9194097030514795,0.7568391674225476,2.0363824629545912,1.9652035029712889,2.9567906482416526,2.136502720714958
da213329.qasm,16,success,2.1257089,qaoa,1.9696842357233009,1.9036324376182634,2.168128218558395,1.8512778778849202,3.0232063863053518,14.098120543193287,6.226109465637443,6.947198211978114
da213329.qasm,64,success,12.139482200000002,qaoa,12.31848607199201,12.65010625595802,12.570839476631265,12.15574016678181,9.781647245258734,15.019052559455895,9.619154323232651,11.47478289279034
da213329.qasm,512,success,495.7341519999999,qaoa,502.58778514067524,529.983946012352,569.6133861438677,469.352626279792,2.3020779884147817,467.4061513515945,71.53787846473422,190.38994677336356
da3a2f77.qasm,16,success,2.3491533,qaoa,2.2486916281863887,2.4240137234118744,2.490696382888011,2.7599000353261025,3.564717673579484,16.552913839889193,9.465283898608217,8.255826621094359
da3a2f77.qasm,64,success,18.0994781,qaoa,14.508970275180106,13.962862784035279,14.768967923212502,13.702180351957269,11.042079896171417,17.84636783098017,12.388508086084768,12.40209378952869
da3a2f77.qasm,512,success,815.0945250000003,qaoa,627.55978506535,565.7365786909759,523.5407731610815,535.5129993678484,2.7668598215042746,552.2000277178415,108.7575576013716,211.15872995731425
da4d0871.qasm,16,success,56.542467900000005,qaoa,69.84447637272204,48.037120581943654,47.66313474191226,54.36710208059435,35.710065088950444,35.21731708070629,36.74838328248137,21.245073075936475
da4d0871.qasm,64,success,3.6433298,qaoa,3.148468315025526,2.6967676640923037,2.8143007305955665,3.95644976147668,4.6039555059383765,9.668239278187857,6.060318359657676,5.130554538114691
da505823.qasm,16,success,1.3033438,qaoa,1.3051846650237524,1.2949115538144813,1.4317186008125626,1.2682065007479915,2.180799382424099,8.527022286883607,2.2931890892535685,4.40165340012239
da505823.qasm,64,success,6.5001772,qaoa,6.74267657320556,6.290158509364061,6.4214578819554315,6.178457790418782,6.442518673190696,8.464486607325322,5.449070200348077,8.91941674928341
da505823.qasm,512,success,202.88012400000008,qaoa,230.9363250237824,170.88836996865822,198.11394876144917,163.59612483738044,1.6787522694932284,219.87143354219648,19.127157058788033,123.79717472515559
da601912.qasm,16,success,136.53217920000003,randomcircuit,72.91254661164159,67.38980625226034,75.42957509139468,95.94169443240166,7.8877624206303265,6.1576365044278365,10.839211777236788,8.335733023913322
da601912.qasm,64,success,15.833468599999998,randomcircuit,20.386094811211063,9.254715495417917,6.803767838269666,12.65126259195056,7.504398787627478,7.934771125740075,7.205628324155625,9.581527766281477
da601912.qasm,512,success,6845.365393099999,randomcircuit,7459.058305353872,2222.723508081488,636.0365243079697,3469.117969355086,21.67919338516596,26.76668954181268,26.03662472047226,25.728838408704256
dae23358.qasm,16,success,1.3884339,qaoa,1.1203697592926578,1.4190170939645155,1.241316678109086,1.305800210434931,2.1228876290916903,8.263667780651595,2.147138677951309,4.2839724213156565
dae23358.qasm,64,success,5.7483908,qaoa,6.365068565189715,6.4904839248682045,4.787651111175004,6.481535928218663,6.42084716213781,8.23581485510944,5.268036948216897,8.827975132950437
dae23358.qasm,512,success,133.9679896,qaoa,181.24736196572272,191.38033323231323,139.01720481785907,155.27781773286904,1.60330231968357,212.663163638499,17.469864766963386,121.04929782329936
db12c1f0.qasm,16,success,4.704939,qft,0.5737006612045047,0.5108118029450478,0.418013759820195,0.678058660662048,0.4973065276385195,0.49111238320998446,0.37541759868564883,0.3586241879535665
db12c1f0.qasm,64,success,0.5786665,qft,0.36467736769954784,0.23745112479061206,0.2496776662878307,0.24770497357850607,0.4399053500998078,0.35992242690953413,0.43507068168292073,0.19145754442787383
db12c1f0.qasm,512,success,4.6964082,qft,0.7372583892508643,0.5665473394214878,0.4399555243425257,0.5117075988914277,0.4149964164825666,0.3831525836955606,0.8943097352982237,0.3698649962609563
db6ca211.qasm,16,success,0.2941825,vqe_su2,0.30037176483632677,0.3434353627821804,0.3913607330377607,0.5131270700263426,1.6398113599929225,2.311703035708494,2.078524142570051,2.8572993591902005
db6ca211.qasm,64,success,9.5803355,vqe_su2,12.315253977592302,5.43646845758695,8.480490283634541,5.227213541596515,4.3324057265256295,2.9611806456676955,1.7965580776895014,5.970666199389424
db6ca211.qasm,512,success,0.2892399,vqe_su2,0.17671544879940038,0.21563707184101613,0.2778086678295379,0.13629869009673154,83.86827169562976,2.2963008706291586,138.8575639488192,9.599954350578406
dbcc99b4.qasm,16,success,0.16612960000000002,qaoa,0.2082269211283862,0.16599959136222936,0.14628161385045085,0.17141434931373015,0.21755042619046538,0.40587605519238074,0.4805769795581586,0.47124802459118187
dbcc99b4.qasm,64,success,1.0593415,qaoa,1.1270882060014626,1.3357921562898298,1.4487207980405545,1.5351573290455325,0.8192826547713622,0.36413178012257547,0.5904998274994279,0.5642392699660409
dbcc99b4.qasm,512,success,0.1705503,qaoa,0.2143109277190157,0.17457317590206345,0.1565667461116862,0.14717148508365235,1.221951963068387,0.6545814375135217,0.9720199754633624,0.6988020455350262
dc86453a.qasm,16,success,81.20216329999998,randomcircuit,141.73040618456028,96.57963803185588,86.3902610882547,87.95863450360356,36.05522516930069,28.701120709025233,29.110845740112484,14.645079493013569
dc86453a.qasm,64,success,13.8824137,randomcircuit,25.100977132343772,59.18592858949199,26.539077476095386,25.28465692029691,14.484760597881765,9.070651932706689,9.797577987966335,13.950994251357304
dc86453a.qasm,512,success,232.4684939,randomcircuit,131.43217546424236,232.55779190516552,337.173912754083,126.44364339297955,19.009902853827448,12.567103071365002,29.589476744300615,17.499659336689696
de690b52.qasm,16,success,1.2104143,qaoa,1.0944332504863925,1.1925202723534722,1.1114506069775494,1.1827356131478528,1.799813998682106,5.592589631454433,1.5607778970713833,3.221897466344308
de690b52.qasm,64,success,4.174748,qaoa,3.6240989632748866,3.3505507865523203,3.883646715980352,4.32670963859509,4.82523500002721,5.224153259105515,3.462119433766094,5.80054900216243
de690b52.qasm,512,success,92.09334020000001,qaoa,83.79817914923463,107.75846373657626,75.0273870886213,117.99889935090486,1.513603858277213,112.6766966978283,8.820847784588603,87.52651274809867
deb00fe1.qasm,16,success,0.16799240000000001,qaoa,0.16424620660531059,0.32573825238473786,0.3404443097029367,0.3117660589747034,0.18887458887225203,0.1971697997911042,0.33114201416225253,0.20192161661166275
deb00fe1.qasm,64,success,0.5832587,qaoa,0.27973892772755077,0.687709267591479,0.688129831881578,0.6376224458102169,0.4555293638181903,0.6243565710348745,0.6398405472977384,0.4818293780363028
deb00fe1.qasm,512,success,0.19616600000000003,qaoa,0.1648821251376823,0.23283525514211398,0.19318376606268245,0.2509774250667218,0.19034788208261727,0.16343633961062964,0.3392688471049075,0.20561285814337874
df1a7a89.qasm,16,timeout,14399.999999999989,qaoa,2672.8848969321557,2400.2101162800936,6956.434856952332,7168.376837452166,1428.6373778696852,1560.1539250806916,516.3495374862183,9402.182851811373
df1a7a89.qasm,512,timeout,14399.999999999989,qaoa,3864.604326863786,2869.073917582104,8667.91432247725,5973.320144476053,6086.465675354085,12294.832978587852,2036.2963840605457,41781.73417286485
df43c2c2.qasm,16,success,1.8799254,qaoa,1.9088863700073202,2.059750892206644,1.9859731133066978,2.2767108702966343,2.9135541239531535,13.551126903209742,5.602801266173678,6.680068885888398
df43c2c2.qasm,64,success,11.393904200000001,qaoa,11.573205754779222,10.775825668678241,11.012867049999672,10.25371084888752,9.39601160252164,14.330224039444854,9.120246881276517,11.276178238521881
df43c2c2.qasm,512,success,464.5924747999998,qaoa,472.5951492825003,433.9383619639544,352.68646411508223,401.2803689541737,2.1977507187009775,444.3508947034452,63.345894542117136,185.57761989760394
df458745.qasm,16,success,1.3833654,randomcircuit,1.7191981395336269,1.1042536061364492,1.1329446577206974,1.7322890917177183,0.9410556760777373,2.8407320110608305,1.8807510001904724,1.9141013427164097
df458745.qasm,64,success,2.1396599,randomcircuit,3.5713584194371024,3.1448609616628893,2.6189785864430837,3.3395514409648057,2.8224308058570564,3.205035989074341,1.805754240855405,2.1481669276357276
df458745.qasm,512,success,1.372099,randomcircuit,2.130634588930596,0.7549312364713533,0.8897558343449337,2.142377017292655,0.4777673249013117,1.6774240785995362,1.393387202303286,1.3035296158040057
df75e229.qasm,16,success,2.3211752,qaoa,2.073254116662319,2.427976221337815,2.3375341435547385,2.317642475281085,3.442304780139465,16.095726245852664,8.741235985933868,8.035686383615495
df75e229.qasm,64,success,16.271500999999997,qaoa,14.49966999593121,17.76145658327307,13.754461410882037,16.99313878626229,10.950794739169755,17.313665201178353,11.831489223651166,12.185944041695922
df75e229.qasm,512,success,651.6184142999999,qaoa,647.0742146902984,819.169377029628,516.3974453082509,759.9003010982011,2.6047318500268655,542.0862526865039,98.60062682806097,206.3637301673635
e10d312f.qasm,16,success,7.8625378,randomcircuit,3.8382369083933683,3.951243086051113,9.625207925938067,4.188105010097629,2.1282607434894794,2.1572842153852094,1.5272288739712605,2.168960516696664
e10d312f.qasm,64,success,7.698335700000001,randomcircuit,10.450785783310769,3.903386107599389,9.750749301487247,6.775254039961151,3.5071400419387126,4.671621279455544,2.916642156300909,3.052496269294696
e10d312f.qasm,512,success,7.852639099999999,randomcircuit,6.834090664404074,2.2641395515261404,3.7363534749439533,2.936590056771875,2.5236349542403613,2.791763691599309,1.7233169883703783,2.8108659931601085
e260fc6a.qasm,16,success,0.1742876,qaoa,0.35416054492437454,0.33056118235185195,0.3940040155475887,0.2751958957098948,0.2711801754819007,0.3526018634222499,0.42150836277323595,0.22359233240456572
e260fc6a.qasm,64,success,0.369846,qaoa,0.4134548654892776,0.34354081930753505,0.4512686127968361,0.28681841458221374,0.4348061520663855,0.5076980635090794,0.7202446387572596,0.5542203952123264
e260fc6a.qasm,512,success,0.1705179,qaoa,0.5551611898568093,0.4008228579460073,0.4347787323287671,0.41279341362569993,0.5621190953098849,0.6048520299180639,0.5015023556832787,1.1504101148255887
e3863462.qasm,16,success,9.1420229,qaoa,4.8581313966167725,4.432655944691729,4.96270167682341,4.731683508291494,0.30620605203990203,0.2858791484914839,0.6550457944501908,0.2043301329060124
e3863462.qasm,64,success,36.23688700000001,qaoa,7.722202892897875,5.122508289021054,5.2551095018126475,7.318885806295577,1.23019693823759,0.5220530501509683,0.9726278903874191,1.9422837360727028
e3863462.qasm,512,success,3105.4514809999987,qaoa,1210.5733896755626,708.5696827803326,758.9343341742409,832.5451057092571,0.2949540731226918,0.23028837972106384,4.236529416074607,0.2708614413872712
e3b97044.qasm,16,success,2.6052131,qaoa,2.189140264209667,2.6624392477756738,3.193284785787151,2.1949624134672088,3.7933851303801567,17.463018427542192,10.42035955886509,8.74798203899266
e3b97044.qasm,64,success,18.3742898,qaoa,18.50821355657361,18.106626116853548,23.991035327551522,18.89308740252139,11.420005201714659,18.834964648871104,13.491135786073421,12.865759803603787
e3b97044.qasm,512,success,703.2050625,qaoa,512.9608258866144,996.7958127792841,698.6110010859387,709.0751609027948,2.9003645646001903,583.9915135851924,116.15890497712448,217.72127904548256
e4a4359e.qasm,16,success,137.77012070000004,qaoa,124.39859996023822,208.85595785043566,103.28457417562116,176.8770979762105,59.52057852919829,87.54294746721129,260.904741503068,387.5188540058034
e4a4359e.qasm,64,success,6.0091114,qaoa,10.096290423427272,24.906220348757103,3.9648246450087985,10.359948906865231,10.319256100024297,153.134112252317,78.35250090634615,139.0517046239931
e4b50619.qasm,16,success,0.17564289999999996,ghz,0.14401941403045856,0.10257781476168502,0.1823053225243103,0.17306637798734534,0.18794573444853754,0.14829696620851648,0.14756669377957435,0.14594636158848698
e4b50619.qasm,64,success,0.2854015,ghz,0.30787837129197987,0.2600176464028917,0.2726157406632832,0.44278634530297245,0.270396901036521,0.3706056951263391,0.413965853269693,0.4453061497367103
e4b50619.qasm,512,success,0.1787359,ghz,0.17997460708246768,0.1330702996388233,0.1655449963280015,0.17435903972676495,0.19812651098713385,0.26087255226742073,0.18773748138722277,0.27236771672203713
e61acd2b.qasm,16,success,0.5875065,qaoa,0.500246501544902,0.6553135761556781,0.6365198947198187,0.4373461136101836,1.0169297830702946,1.3174762977793861,0.3732295625945902,0.8335100110173265
e61acd2b.qasm,64,success,0.340524,qaoa,0.5063581674638655,0.6555371110937013,0.7594235479206115,0.5522794577489653,1.997439483865197,1.337122697826876,0.9887068358105441,2.6096085837596545
e61acd2b.qasm,512,success,0.3418323,qaoa,0.6666719816185367,0.5378434065804096,0.45231114679493073,0.8820152616207423,0.905540354083435,4.712998331752842,1.093697192047967,9.91880392675477
e66c3381.qasm,16,success,2.1967006,qaoa,1.8050301019825101,2.1817709876650238,2.0810098715845804,2.051706020339046,3.080913240597942,14.36370962244441,6.9291924860887635,7.15955738213494
e66c3381.qasm,64,success,12.685679599999999,qaoa,12.727000938232564,15.092203786705666,12.011578827568195,14.414585273405233,9.981545276692815,15.345112190641546,10.145242248822239,11.41740372039565
e66c3381.qasm,512,success,524.5309873999998,qaoa,539.2285764860515,706.9793344292367,456.2724764409108,635.0003321871732,2.3741299881046354,483.14474794781836,79.91550430155968,194.93007290306664
e698c12d.qasm,16,success,0.22370250000000003,vqe_su2,0.27367784843575843,0.27552725535727096,0.31610088810512327,0.35592248222212164,0.40412704097653296,0.2509003482378613,0.42092283796187646,0.41374345528149303
e698c12d.qasm,64,success,0.1696466,vqe_su2,0.2593179650421616,0.2506738353936476,0.3360816207730016,0.3819217460646976,0.4482548741390302,0.38158634752749065,0.4388732195195019,0.5037645033784869
e7296260.qasm,16,success,2.4096041,qaoa,2.068419113029445,2.535054777894257,2.959699867374473,2.0729051537042413,3.564579221675159,16.552645769566027,9.465112424151858,8.255507101820385
e7296260.qasm,64,success,18.1512398,qaoa,16.897981128007636,16.80594866877337,21.7531079288754,17.56896623519656,11.041988968485155,17.845539979823588,12.388266651815607,12.402253790072638
e7296260.qasm,512,success,839.2742018,qaoa,481.7611381946132,930.1389285964748,648.9842591391118,660.8613010498619,2.7667238789871536,552.2379222999768,108.76018468048603,211.16255540880414
e751ad87.qasm,16,success,6.030250200000001,qft,3.35676722038926,3.990291292952474,3.7475686897400178,7.038373509422438,38.27440005713979,62.48450217493205,11.080168521102165,36.226429019875816
e751ad87.qasm,64,success,3.9561276000000003,qft,3.41148235651093,3.088717515190667,5.207301888820442,4.338617800032253,17.85318314186257,25.169515352029666,10.468152547890789,7.590030827331042
e751ad87.qasm,512,success,5.8737042,qft,20.010605628710895,7.240209038983435,4.562246364978218,5.478111794228836,20.468990753969937,475.0741377379574,3.7110332323853883,25.23688986306435
e7540ce6.qasm,16,success,2.967996,qaoa,2.4592189562730686,2.670526609892675,2.9582622568884824,3.074015586218721,4.330971194246857,19.190900768093407,13.336334443960505,9.6890278193933
e7540ce6.qasm,64,success,23.462013599999995,qaoa,17.334179283982976,16.90514421025811,18.148218708105155,16.787119499838475,12.067441706643626,20.912374008944397,16.007289820751833,13.639135509037553
e7540ce6.qasm,512,success,1121.9413080999996,qaoa,732.9995729500873,628.9179613166461,658.7416078986823,601.435240251008,3.448984443798407,624.5542026903221,146.8490261765342,231.58571199461664
e815593a.qasm,16,success,0.18724260000000004,graphstate,0.23486565261593514,0.24886764445493717,0.22217664447913407,0.21296984707714348,0.24556556949943179,0.2298103320381174,0.17766966565087414,0.31102862107833346
e815593a.qasm,64,success,0.2779193,graphstate,0.27501043593742824,0.2801054340057909,0.3081116632975372,0.2857497793668381,0.29540938906118497,0.2303187549699379,0.23254030186064725,0.2452124856362238
e815593a.qasm,512,success,0.17562649999999996,graphstate,0.20771685702048964,0.18310409381914805,0.1929396519135631,0.15446501725017106,0.26688897024301,0.3730622263379756,0.4744914640834756,0.6522484948479501
e893b1a5.qasm,16,success,29.4305108,qaoa,38.39209990555722,27.647864750645343,27.77116495594278,31.97962707336974,26.388045408840195,22.94021539038664,24.43861241937454,14.624776897966685
e893b1a5.qasm,64,success,2.0071979,qaoa,1.711849859549063,1.4029889645000402,1.3587960416179266,1.9816110201003476,2.3939836738964297,3.869491307158306,2.1329365799388236,2.2117084327060055
ea801020.qasm,16,success,309.4653601,qft,142.15743069653644,131.75336179287072,118.60457675492317,144.93390903839787,1.160224880121436,0.8700286049576772,12.301466255151754,1.0316988202645878
ea801020.qasm,64,success,36.0080199,qft,12.613775539018128,42.37635462144366,19.13242373877068,27.44004197323495,2.5979743180917456,0.8018283441027294,11.683345753607957,0.6340934824760018
ea801020.qasm,512,success,230.80005270000004,qft,136.99280846759387,130.55828416497735,123.23579355661344,113.97132494272063,2.293761966124881,1.26810076692254,4.209228379618764,2.3713613382659426
eb153d64.qasm,16,success,0.181782,qnn,0.17895627845188683,0.1570618579823883,0.16816220471448168,0.20799750865885655,1.1468247536038036,2.198541734312608,1.2121038027683928,2.600224283790612
eb153d64.qasm,64,success,4.883056699999999,qnn,6.068987198599149,5.120205656007771,6.622854590378231,5.219265690791409,0.4129445651322512,1.203383556976986,0.5509063909040228,3.042428206737755
eb153d64.qasm,512,success,0.17385960000000003,qnn,0.1870088455559661,0.1806886808693131,0.23543362587590733,0.19152621735556163,72.37224637114389,2.9653502616338767,15.294192872093314,1.7206966088077307
ebb0ac17.qasm,16,success,1.1353584,qaoa,0.38615766829944037,0.1802362279153948,0.28048804921491577,0.12495651434243131,0.5795757296410599,0.8884561447680538,0.2924165358315345,0.6892290482763194
ebb0ac17.qasm,64,success,1.2178021,qaoa,0.22134617985255678,0.19357547481949752,0.31678576022129123,0.21202871297329312,0.2844456007431486,1.296695133231029,0.4728857519566329,0.5797144904103104
ebb0ac17.qasm,512,success,3.070161,qaoa,0.2548212461938748,0.4910741000229022,0.540355610489618,0.507019496483153,0.40357599072936357,5.042390551500083,0.5427468671889362,2.3945804163607614
ebc18fd7.qasm,16,success,7.6774203000000005,qaoa,2.792821974543196,3.444453627588284,2.7982211788769105,4.970468938438649,29.69896847966574,26.95750403687361,63.88483080766361,43.45176303319959
ebc18fd7.qasm,64,success,2.5845105,qaoa,4.832659098416454,6.202071027038144,2.1229553702604345,4.026554297765213,9.848593865841849,5.853794308188895,70.44154374073159,13.298693598059547
ebc18fd7.qasm,512,success,7.634144,qaoa,2.174026809779736,2.350805265340647,14.187765461199914,5.961892323895173,175.7797697013835,830.3596246406349,2697.477272201808,434.25173841061735
ebc3e166.qasm,16,success,5179.478907899998,qnn,1043.4444505493568,601.7367659102362,351.1808260511936,144.41297616825324,162.87438502284942,6.751121478527456,0.5825433625071095,3.3344096655280504
ebc3e166.qasm,64,success,595.4877102000002,qnn,1171.7450100255046,886.6865457922129,359.5141909272659,259.96283839011255,396.5790631458869,7.927325821197499,1.0641055820914858,2.9245723315945416
ebc3e166.qasm,512,timeout,14399.999999999989,qnn,1298.861435467404,1300.177675018654,468.26782485955744,655.151347440362,1643.99653546794,6.755015990101856,0.6409676974530901,1.0648646186790012
ec70915a.qasm,16,success,1.0359822,qaoa,1.0841429309238213,1.1785103700422088,0.9564726108817571,1.0814602824210588,0.19469248947175616,0.2030797126139461,0.37106115394775835,0.1617802882278543
ec70915a.qasm,64,success,6.390665599999999,qaoa,1.07629419513882,1.1415919104411694,0.48860549497338246,1.1703900760202788,1.6261949591836637,0.6304845538928374,0.46232279220488814,0.9587774476982425
ec70915a.qasm,512,success,196.3373207,qaoa,52.575767088588485,64.91463862282599,50.39764245341088,104.12785432119763,0.2231138230075136,0.1261345354463772,0.270997310401116,0.12427999878834163
eca6fb66.qasm,16,success,2.0567893,qaoa,2.226935605159624,1.950723444484807,1.874560702745786,1.909442644486485,3.0438695384521464,14.368370635682318,7.0863056231844395,7.218622762754004
eca6fb66.qasm,64,success,12.525143000000002,qaoa,12.95818864702893,14.420090028255604,12.324120598513383,12.397798376443765,10.122071674462479,15.371468677865545,10.226317036036079,11.313158204651554
eca6fb66.qasm,512,success,519.2628030999998,qaoa,539.551044311422,500.5309564286525,430.8378220426325,433.69210920124397,2.3063491415517205,488.8427386329181,81.27650840797084,195.65621791696532
ed52defd.qasm,16,success,0.5929218,qaoa,0.579045296485224,0.5763105836218732,0.5500181347255235,0.5454113084314013,1.0969562036268212,1.4954505914951328,0.4142064763901985,0.9463085818439101
ed52defd.qasm,64,success,0.4510283,qaoa,0.5986661803334339,0.46466995943864553,0.5988960982440242,0.44979867995320044,2.0625519917996584,1.455479613854539,1.083546361021248,2.779820889776505
ed52defd.qasm,512,success,0.4499749,qaoa,0.5763962505355669,0.46277094431559335,0.571790980255609,0.4592991756337801,1.0103058883707072,5.98480929631909,1.2656089612853048,11.871333011668343
eefd994e.qasm,16,success,2.240148,qaoa,1.8467618195085036,2.2370447502450093,2.1703146321049402,2.106150192801385,3.135889270731502,14.73074030268515,7.608146602420491,7.399218715267239
eefd994e.qasm,64,success,13.1561919,qaoa,13.027834030253073,15.803737019479563,12.672484305850595,15.246656295676143,10.176242152980464,15.772300762264916,10.638718660645356,11.46950519660095
eefd994e.qasm,512,success,565.6982321,qaoa,557.3066520264234,741.5501934288977,477.50924135031477,671.0498883285048,2.426100544812356,497.0069884511847,88.69791442424693,199.38397342161088
ef8d10d7.qasm,16,success,3.2810824999999997,qaoa,3.444262175949419,5.743943631929263,4.752777402473886,5.412058669157386,0.8855631789519994,2.445839602917862,1.894689945867318,1.6567525124162588
ef8d10d7.qasm,64,success,0.3767518,qaoa,8.144359998919562,7.160683543796855,9.19710575331609,10.667855528716215,6.5682934881709585,7.6323158719258615,3.581160146021619,4.9832275547023155
ef8d10d7.qasm,512,success,630.5900887999998,qaoa,1068.99219195202,853.1942431250698,1091.287825173305,1108.988698122773,1.179856528042095,21.99502075414271,7.918558258361354,19.340382045679206
efafd44f.qasm,16,success,4.6616661,wstate,6.47236219937533,3.5702523216393187,4.62463739208725,3.9732030783607843,0.9751379632575718,0.4642151899447975,1.3108883126015842,0.6606362679301605
efafd44f.qasm,64,success,3.6616828,wstate,3.523706218864048,3.607322200886935,3.911400112538993,2.7818066257503014,3.1394195476099394,1.8946640724341928,2.1244761090292177,2.043635772081115
efafd44f.qasm,512,success,4.7884434,wstate,3.624192473541086,2.9328541154677636,3.6249933783577655,3.233308846918921,0.632174856667831,1.326052654725091,1.238484797161269,1.9178936281688403
f030e083.qasm,16,success,18.2983299,qaoa,4.7358011885133005,5.92424913945546,8.191065329095188,5.680743765016275,1.0838126237189225,3.3304736243149202,2.515759536823527,1.727339791599913
f030e083.qasm,64,success,89.51382609999997,qaoa,22.006416284529173,8.624730576989387,14.556452217951291,10.701007473312824,5.88204481935033,8.491986955009608,3.2967273869982128,4.580228890041114
f030e083.qasm,512,success,6472.491164400003,qaoa,1686.2863849577461,780.5714498642145,1552.1773214977209,1090.490123428643,0.7191397778256495,65.81809501911131,4.324145104064965,15.757596552412117
f05a6196.qasm,16,success,104.72650230000006,qft,204.87191620997956,146.99566111941823,88.38522290964988,176.60144670959653,1.160224880121436,0.8700286049576772,12.301466255151754,1.0316988202645878
f05a6196.qasm,64,success,12.820418699999998,qft,23.285391785543688,19.273417102008672,14.885395129753576,21.37433615851609,2.5979743180917456,0.8018283441027294,11.683345753607957,0.6340934824760018
f05a6196.qasm,512,success,104.12417669999996,qft,243.06898714712287,148.05059470568628,84.44904335052122,171.02999415584085,2.293761966124881,1.26810076692254,4.209228379618764,2.3713613382659426
f0c5e28f.qasm,16,success,0.1777949,graphstate,0.2625190614403273,0.22744236704103934,0.24215843581489171,0.23486078532003948,0.18263757124521246,0.21485882734033523,0.1947996147979005,0.20404510408237725
f0c5e28f.qasm,64,success,0.16618189999999997,graphstate,0.15004426613762364,0.16315458296306243,0.19529119974453968,0.19172414777717742,0.20366373672532492,0.26859003996365305,0.29273861697790454,0.1713178504474629
f0c5e28f.qasm,512,success,0.1739449,graphstate,0.20334522392689117,0.18057865830016911,0.21071666217076462,0.20206100408028857,0.21300463242401912,0.21741956959111347,0.14528049316775898,0.13761068156829073
f0e878db.qasm,16,success,2.1514548,qaoa,0.4519045368734707,1.2352288683648058,0.6212426659014697,0.9631881005357197,0.5601998534505785,0.2104481976930091,0.36074417661599206,0.14169798381551252
f0e878db.qasm,64,success,13.338250099999998,qaoa,0.456047972751197,1.018483718691824,1.0446375117939044,0.9097342867992689,0.33254914160542665,0.19642019060313548,0.337543253400872,0.2591248898427474
f0e878db.qasm,512,success,505.65583810000004,qaoa,0.3755273095236547,15.849755905335561,12.76309021880467,9.98918821645126,0.40617273360558276,0.12402791679375093,0.24401537829189526,0.12223286899544598
f0e91b40.qasm,16,success,1.7400719,qaoa,3.1116770523348394,2.888954588804767,2.6360148331384394,2.2662652424232124,0.2778895486346031,0.32421914608020463,0.725213009401461,0.2579906621812628
f0e91b40.qasm,64,success,8.277378,qaoa,1.062096178587319,3.544797429375608,1.1408580730765179,1.9621761409749152,1.4302912298350952,0.7794778903306497,0.6105474957910453,1.3892224578246841
f0e91b40.qasm,512,success,402.45571770000015,qaoa,39.87320868677748,368.33090907863743,195.32406261346043,307.82838804533554,0.30937294416112604,0.20382080241830372,2.152373767123925,0.18228583263453466
f1167cc3.qasm,16,success,1.4061182,qaoa,1.120482090172815,1.4191382352957276,1.2412439347196664,1.3058153541264472,2.1233184414880393,8.265288633016297,2.147479211790662,4.285034395670254
f1167cc3.qasm,64,success,5.718801399999999,qaoa,6.364717398792774,6.4894266492539,4.787942863610319,6.480906152541834,6.420816319243449,8.23878927055771,5.268726745392001,8.827339069338326
f1167cc3.qasm,512,success,134.19674820000006,qaoa,181.17384563480394,191.26427294296872,138.98858868779178,155.17845471745395,1.6032156243556883,212.60141311180416,17.471658299361465,121.01826800234511
f163436d.qasm,16,success,0.18145439999999996,graphstate,0.16025954714323212,0.17996875314188918,0.16010093332004627,0.16832344529520762,0.14337235244809257,0.10954869965612365,0.11562873310491209,0.09272542845095746
f163436d.qasm,64,success,0.2191586,graphstate,0.18859004970991225,0.15282440622239735,0.1804576563629035,0.1630112692454912,0.1469153083385897,0.13225058886747604,0.17665409867689708,0.09564233855759362
f1bcea54.qasm,16,success,1.8772476000000002,qaoa,1.838614555057838,2.0228156456966118,1.9408152337184297,2.2222777117402197,2.830069091987414,13.106190111643112,5.327298207499309,6.512150047009892
f1bcea54.qasm,64,success,10.650654699999999,qaoa,11.022574888932407,10.471491969258452,10.62948018768725,9.973478369827271,9.012443756238946,13.73649066540836,8.878728727608644,11.03912209948235
f1bcea54.qasm,512,success,446.20097660000005,qaoa,442.54138800752753,417.3054656884449,337.55914360832213,387.0685330927669,2.1449586851058817,426.743825285876,59.777618694034196,183.2833589757385
f27a09cf.qasm,16,success,0.177527,qnn,0.34975125892481623,0.36326778635705353,0.2705677749101958,0.6152436667291767,2.5630525336578196,5.077497678871375,2.736205178002611,5.289301554946672
f27a09cf.qasm,64,success,9.6810114,qnn,10.92944978408438,4.044676244162456,8.173885651753329,10.638493806318937,1.593622290605128,2.747199626266644,1.4765159749746037,5.550258876362416
f2a5a67a.qasm,16,success,0.4595018,qaoa,0.5001688230700029,0.6551706796857354,0.636684434865533,0.4373473140811363,1.0172693570661466,1.3182629496864087,0.3734306958137362,0.8342553407587145
f2a5a67a.qasm,64,success,0.341567,qaoa,0.5062470571375829,0.6555345469811398,0.7596178517290079,0.5522240525812089,1.9978436043227918,1.3384242092748344,0.9892353727337378,2.610121154069604
f2a5a67a.qasm,512,success,0.3407394,qaoa,0.6657595556120951,0.5371247697600801,0.4518583331937824,0.880918033480445,0.904896684781462,4.714086432726031,1.0944249892295954,9.914039146514249
f5398281.qasm,16,success,2.3567967,qaoa,2.2484814669994937,2.423618195362804,2.490900979564362,2.759074793108564,3.5665082480693173,16.556367337306252,9.467488661319665,8.259947488084062
f5398281.qasm,64,success,18.203299199999996,qaoa,14.508090156010134,13.96273630683847,14.772138434476066,13.69690453746703,11.043298399410546,17.857054966048043,12.391589336517887,12.399973126264502
f5398281.qasm,512,success,322.2864782000001,qaoa,627.1809305643956,565.5729280023021,523.4203609948871,535.2769810963457,2.768611723082291,551.7112692382083,108.72388884293423,211.10888949961742
f5aeb6f0.qasm,16,success,2.2514043,qaoa,2.018060739286032,1.9648179847759335,2.2411710983016753,1.9125532189544117,3.083368165546087,14.369616983416382,6.931940456563178,7.165349272230137
f5aeb6f0.qasm,64,success,12.647261799999999,qaoa,12.714563427021158,13.216385696824748,13.311307893323775,12.796636617735421,9.982523443822396,15.36055298827374,10.148620728519004,11.41395375417873
f5aeb6f0.qasm,512,success,525.0129456,qaoa,518.3931020717938,554.2987465143598,603.386433082576,498.72889692765216,2.3760812493002414,482.4442365950241,79.8795812599372,194.81902554020127
f5d72dae.qasm,16,success,0.28022519999999995,graphstate,0.3902619836342202,0.471906436373918,0.2760038294159207,0.34574223622245204,1.001306324719051,0.5747346661330489,0.4453539449654366,0.6853750743175121
f5d72dae.qasm,64,success,2.0205184,graphstate,1.4397733855365118,1.05782042053208,1.3411429867255287,0.9286594801904957,1.0087994405001843,1.3659400763227858,0.9757031012015852,1.2984615218303899
f5d72dae.qasm,512,success,34.9589754,graphstate,1.8857441702746827,1.1225703711278139,0.39532120798738174,0.6637093157284384,0.3733768600899284,0.4232517626151069,0.3663942095263652,0.6058943014178145
f67ec297.qasm,16,success,1.3940487,qaoa,1.6619405193138694,1.5134324353299065,1.4054918788517499,1.4113943782638854,2.390829589501189,9.783246269494187,3.6158556805766593,5.220373234216027
f67ec297.qasm,64,success,7.96335,qaoa,7.736640685495862,7.966269811725817,7.071396448630385,7.803930998808399,7.251677238964097,9.80965649648609,6.66272624328159,8.53007611807449
f67ec297.qasm,512,success,284.6133111999999,qaoa,271.0260620863127,284.139585182586,232.31687702696476,247.57188018394098,1.8260012640432406,284.3973920713529,30.847986210351383,146.02125433683608
f7ff0727.qasm,16,success,0.1900845,graphstate,0.17449688235173022,0.1571270134774819,0.15329093620708986,0.1476675869818865,0.1907495476433391,0.10209700378665539,0.1374587870353768,0.09371156154925851
f7ff0727.qasm,64,success,0.172657,graphstate,0.20253610858502086,0.17033143716304625,0.1646902054542558,0.1537903997912078,0.2110464896101589,0.22459068135590096,0.2516663456043222,0.14688528816725668
f8a38627.qasm,16,success,168.1454513,randomcircuit,192.17700457162962,128.90960632928667,128.72538568762357,147.98696874323065,44.07393710485505,172.52713650908262,473.47678586173436,61.70876586361807
f8a38627.qasm,64,success,293.6294401000001,randomcircuit,215.41989435151635,206.5214892378358,196.82953704720825,234.57717372513937,33.254959801203285,53.027555820151186,729.650415023172,79.41374335986588
f8a38627.qasm,512,success,13907.117731399987,randomcircuit,9128.945377710726,6001.067632786089,7968.616440973609,6469.552235159844,167.6896042378381,69.84541578634722,3037.0831626696527,166.14357129401782
f8d235ae.qasm,16,success,0.1790703,qaoa,0.15460767102191855,0.21128100480250434,0.1759252786351437,0.20694720068385922,0.10446865099929734,0.09952410064705347,0.09437510537072887,0.165407550861554
f8d235ae.qasm,64,success,0.2438151,qaoa,0.16950438279999985,0.14533368018054071,0.0769047963340119,0.19033231266601924,0.21817750300635413,0.2276382022897149,0.09676828232625165,0.12774565291959236
f98536e0.qasm,16,success,0.1788549,qft,0.21063096143721163,0.21836041599485112,0.13534157369227492,0.16982546816090946,0.455485883914148,0.21821661301024503,0.12049320011214316,0.15579081084413537
f98536e0.qasm,64,success,0.1664448,qft,0.1728768897043906,0.1880237792177081,0.15982595771244285,0.19729588800681794,0.5587227004088243,0.3180114647336816,0.20779213191278179,0.2904565941973999
f9fee41b.qasm,16,success,2.5416661,qaoa,2.6192871848113146,2.2744473941427885,2.2101446645332206,2.2974136382882904,3.793803213089709,17.463766216413134,10.420885863607635,8.748935379049113
f9fee41b.qasm,64,success,18.3950709,qaoa,17.9207613650925,19.254862196760406,16.843924678731685,15.828096068867858,11.42033434700687,18.837425729956607,13.491931992313273,12.865307777445395
f9fee41b.qasm,512,success,708.6173386,qaoa,714.9245426532451,609.8436095105976,548.8727552542657,543.8183327485865,2.900778974514919,583.8815584410795,116.15150803101899,217.71243441772873
fabdaac7.qasm,16,success,0.17383599999999996,qaoa,0.22248538273470755,0.2589962173672832,0.2787136145553884,0.3636427767791365,0.21026247590732952,0.17586190988822148,0.17856716760597932,0.23725547635876074
fabdaac7.qasm,64,success,1.2635249,qaoa,1.3929740045267955,0.7089187656377247,1.0528054050155977,1.0110877086108043,0.80737741614079,0.9848791887189575,0.9029088134921572,1.0193520972229213
fabdaac7.qasm,512,success,0.1686687,qaoa,0.25142551064816515,0.16814208069713868,0.1887095116801485,0.1528339708252663,0.18550975593951388,0.16630241984572464,0.20446096845391548,0.22688417484948667
fadf1f0d.qasm,16,success,189.90480990000003,qaoa,136.88831174654808,141.67898507064143,120.1594491861841,134.13681169381036,59.52057852919829,87.54294746721129,260.904741503068,387.5188540058034
fadf1f0d.qasm,64,success,6.8785139,qaoa,7.027314009485492,5.550944488290352,10.11792436905781,6.169416668113957,10.319256100024297,153.134112252317,78.35250090634615,139.0517046239931
fb107df5.qasm,16,success,17.846512699999998,wstate,17.754442363122408,26.806592379929818,25.478323350619394,36.33780110960615,1.705321191055913,0.6360524554223655,1.5684531652677534,0.8198584489234232
fb107df5.qasm,64,success,11.952432699999996,wstate,7.909538772241901,14.607561470371333,12.625698577022389,12.865565571667887,8.353490184691207,4.16223609107532,3.862699081250309,4.0017853930813905
fb107df5.qasm,512,success,18.1957599,wstate,25.38758337562235,29.36891338359436,25.38344434927055,28.44723434892021,3.2950080404360165,13.21555859353174,1.9661492125111992,19.73255946204506
fb7e6eb0.qasm,16,success,3.5610047999999996,ghz,2.3504153924063758,3.6758390995133268,2.656649666817328,2.933352878763259,1.6276087919141784,1.7281809370273924,1.2363911102064662,8.487186531573268
fb7e6eb0.qasm,64,success,13.2631154,ghz,12.894248257051803,14.37838391230007,15.63160964390631,11.951052878691726,2.129386474084779,2.6408968561504076,13.971588642885054,11.938187366298445
fb7e6eb0.qasm,512,success,543.1701861,ghz,732.5144374505699,1307.7434412594596,633.6130199309258,885.7971722658178,484.93175910802,310.2457882755662,499.8763069690041,842.3892008072269
fb8a2851.qasm,16,success,0.1633197,wstate,0.20204744367763464,0.23240438395557653,0.1528286640747508,0.1670094812316822,0.1366070560371062,0.12207070413972382,0.1929980225676036,0.15564441657627742
fb8a2851.qasm,64,success,1.2676421,wstate,1.2105463083659358,1.412342647821755,1.164131420708777,0.9796156778771764,1.1613343213207499,0.8629246387288992,1.3275395580028293,0.88742108512011
fb8a2851.qasm,512,success,0.1731245,wstate,0.18000988295728054,0.16039256078270744,0.16463158404820247,0.17178884030750496,0.1326952646285056,0.1670365304110818,0.22708978315002465,0.12899006002427496
fb9223a1.qasm,16,success,0.1798739,qaoa,0.20119306513333796,0.18163982022149922,0.16034372128524532,0.17824418282419421,0.17631044742995605,0.17722657237694076,0.15322783406238585,0.18552892849328065
fb9223a1.qasm,64,success,0.16640830000000004,qaoa,0.2300836015408436,0.1943056404590651,0.22550826699712073,0.20450042630502777,0.2888411245018911,0.36620068589745297,0.26586805982298767,0.2997212887251819
fb9223a1.qasm,512,success,0.1863105,qaoa,0.19984406129276008,0.14676567166743604,0.15763752649855628,0.17041210724918493,0.1686984534327671,0.18639924749108785,0.15609078199933757,0.1905432349080236
fb9be929.qasm,16,success,0.23531889999999997,graphstate,0.2231641699474785,0.20162140678422796,0.18132802547649451,0.1696887538901879,0.20207190297763875,0.12947756941290467,0.17400012663702516,0.11445667771956865
fb9be929.qasm,64,success,0.1624003,graphstate,0.3419808813526851,0.295928150752846,0.3227329241260201,0.23941726043461092,0.25190170677488244,0.26217049275257975,0.3117446227934353,0.14563352245453043
fb9be929.qasm,512,success,0.22522469999999997,graphstate,0.18302407200980747,0.1561589208719932,0.1884354363314509,0.14843950554480986,0.20138207992552168,0.26557259025180413,0.19743438553025164,0.1985607229286148
fbcf0ea3.qasm,16,success,2.0731039,qaoa,2.227097139251336,1.9503925624926421,1.8742874980445483,1.9087380924466038,3.0464458798587954,14.374587672854942,7.089240439323081,7.2249354055190205
fbcf0ea3.qasm,64,success,12.510124499999996,qaoa,12.965937863402026,14.418665159696529,12.325284351141176,12.399329850675217,10.122883000572775,15.387890548890091,10.22999208146851,11.309659023775483
fbcf0ea3.qasm,512,success,498.21153809999976,qaoa,539.4361300858109,500.546893981371,430.83119950706595,433.84403587899186,2.3084579072521927,488.0846607957582,81.23529081284813,195.53906741923774
fbdc2a1f.qasm,16,success,0.5656909,qaoa,0.5729024259861312,0.5189811786045536,0.42091607898971806,0.5397066469649403,1.0969561848078841,1.4954505401844418,0.41420641954253123,0.9463085656094227
fbdc2a1f.qasm,64,success,0.4538723,qaoa,0.48914172091035685,0.529580115740828,0.43671775961260373,0.49249932666890106,2.0625519917996584,1.455479613854539,1.0835462866657168,2.779821080534446
fbdc2a1f.qasm,512,success,0.4505086,qaoa,0.41763073115652816,0.456124401786055,0.3382942684569663,0.37264686053964463,1.0103058883707072,5.98480929631909,1.2656089612853048,11.871333011668343
fbe1d41c.qasm,16,success,0.22265400000000002,qaoa,0.2617344358385939,0.2374583270520826,0.2512150380821621,0.1791478570197956,0.24034913667059685,0.20279161304663235,0.21196057212034847,0.2770526711546597
fbe1d41c.qasm,64,success,0.1667608,qaoa,0.26700763831873775,0.23304344185699188,0.26590141286069136,0.17183251068218736,0.20108637036686366,0.2782427864836455,0.24778008259416015,0.2676445609346015
fbe1d41c.qasm,512,success,0.21397250000000004,qaoa,0.21981187378472544,0.15420687470311073,0.21605737562734914,0.17317579261301422,0.21905824389847384,0.1603621856646978,0.19590756023340172,0.24281338428389215
fc1ce5ab.qasm,16,success,62.19422269999998,qaoa,68.14093952238746,44.461601385488336,64.9967620251647,102.39330218485819,45.10654212966986,48.19004053448923,71.62460605811384,46.081707355725634
fc1ce5ab.qasm,64,success,3.1473689,qaoa,3.748741040693667,2.5329142160602753,3.442086048148872,4.719870130129722,5.218324535249592,11.990450136572107,7.638952544141122,7.14296068324508
fc330f35.qasm,16,success,1.8849809,qaoa,2.0986996332539443,1.898446378288513,1.7586760610638703,1.7862051594969672,2.913280825589026,13.550386714569001,5.602524449157623,6.679441821047493
fc330f35.qasm,64,success,11.3087631,qaoa,11.624789653480269,12.48507630636971,10.923388425942143,11.342121491376366,9.395926492381474,14.328442276305802,9.119917688499232,11.276593001998194
fc330f35.qasm,512,success,463.7660308,qaoa,471.02319865650037,441.1296989477246,374.7208158816267,387.3993127144816,2.1975670338388342,444.42457049113386,63.34839843264391,185.59106831102685
fc56714f.qasm,16,success,0.1707354,qaoa,0.28621869710036263,0.1891143643601515,0.26698807039167527,0.17918724989372614,0.2554396514379002,0.16633419407918323,0.21463886919973985,0.2675225623355916
fc56714f.qasm,64,success,0.18016170000000004,qaoa,0.39798209075423874,0.24805211393714105,0.21800596301559425,0.23657983291601595,0.3041829905893108,0.5477360003645436,0.21538613347826777,0.343664749699584
fc56714f.qasm,512,success,0.1801311,qaoa,0.2387266471048113,0.12800427212737955,0.07423358966602553,0.17861724326308842,0.44060885474393424,0.5013001092971441,0.15113707026754905,0.22351955497802328
fc5872f2.qasm,16,success,440.7522683000002,randomcircuit,23.595397141612622,129.05575565984176,202.6212409500383,983.3334554699761,53.11210332460719,149.05580819059898,105.91725497541985,204.92287163384253
fc5872f2.qasm,64,success,97.44292890000001,randomcircuit,11.998895173250329,229.72786904284766,46.77564080253199,1288.4607172090305,8.260117535019097,190.67895492893462,674.4110165650085,175.6438546000413
fc5872f2.qasm,512,success,3531.155154499999,randomcircuit,17.03747136687993,3171.7496777842803,3588.6938381601003,20206.871367202555,16.651054633022095,840.5810989408457,1450.9902224260995,466.02770047055225
fc66bdd4.qasm,16,success,0.7283128,qft,1.3033326589029266,3.753850368662218,1.3341664092089744,0.9694301453173145,6.358130942891872,15.868308979122766,1.9925164203700636,10.40006278538597
fc66bdd4.qasm,64,success,1.3749575,qft,0.9903051867788405,3.0585435633729556,0.8105764018140257,0.3836651107734848,5.450877320920876,8.114938770977304,2.251598247426174,2.4057449166839224
fc66bdd4.qasm,512,success,0.727108,qft,0.5736402727869998,9.951116626124392,0.7335346602499921,0.4001896887127237,4.122400229557994,116.9994069823212,0.9549740820579469,8.27282199624506
fdf0b97e.qasm,16,success,1.9983464,qaoa,1.6633949608225895,2.122993685039791,2.0958406693302423,1.708520618916361,2.9105057109749084,12.432902964165516,7.217560790972097,6.795452929833316
fdf0b97e.qasm,64,success,11.459351800000002,qaoa,12.018339687530446,12.048698233759522,15.512560349640744,13.849936509255402,9.728372889906831,13.122406927812305,9.610951592548842,9.173010636417516
fdf0b97e.qasm,512,success,436.84951509999985,qaoa,379.1494701547228,724.004011521821,492.5572572382214,522.6006283867162,2.14739993080801,397.3937121747818,65.54555142551813,164.04399480001692
ffe82f32.qasm,16,success,0.2051507,ghz,0.2746174272205834,0.3969042428008651,0.5636864530661545,0.4816054526515669,0.16485522120366064,0.38527369253546706,0.6528424240526589,0.27571745315434754
ffe82f32.qasm,64,success,1.3167689,ghz,0.784282419247463,0.9004226995407554,1.2464321534791392,1.0563212630479166,0.14377121018681427,0.372060344835739,0.3834858851990877,0.32741845988737567
