filename,threshold,status,actual_s,matched_baseline_s,structural_baseline_s,matched_pi_literal_fraction_s,structural_pi_literal_fraction_s,matched_pi_literal_fraction+pi_tail_fraction_s,structural_pi_literal_fraction+pi_tail_fraction_s
0071a13b.qasm,16,success,1.8681457999999997,1.8685928425382836,12.595940920206079,1.8686664276069238,11.554943688379687,1.8685400876874485,12.124522227579224
0071a13b.qasm,64,success,11.326891999999999,11.287407795331474,9.76321232918209,11.287875466672592,9.994004431759654,11.287474296601195,9.669492087992273
0071a13b.qasm,512,success,464.3260994999999,465.0048142415274,437.90135754183024,464.96485566670566,467.6746413819947,464.9063068625448,453.2113706968504
00c20ece.qasm,16,success,161.77874129999995,52.86593797075485,11.670423903875648,52.480609999262654,11.402044509259339,51.96735177808948,11.075008325632524
00c20ece.qasm,64,success,167.99894330000006,52.404649591882205,8.326515414254363,53.376135012068346,8.099391265674322,52.086311022920285,7.884599152330735
00c20ece.qasm,512,success,161.38951989999995,53.985695605091536,5.13283914402935,50.94058069354304,5.291464675690503,54.2826315701171,5.080923915061409
03042ac9.qasm,16,success,1.8659897,1.8727057262538653,12.595940920206079,1.8723576234270372,11.554943688379687,1.8725715192125734,12.124522227579224
03042ac9.qasm,64,success,11.3251936,11.224305423420752,9.76321232918209,11.23818705253268,9.994004431759654,11.251222979546142,9.695190881573492
03042ac9.qasm,512,success,463.7429635000002,465.1647602401821,437.90135754183024,465.1505861857813,467.6746413819947,465.36984939251573,451.5787452992756
03934028.qasm,16,success,1794.6356796999994,14400.0,14400.0,14400.0,14400.0,14400.0,14400.0
03934028.qasm,64,success,1229.5821331999996,603.4967099395105,14400.0,584.659975255259,14400.0,697.274556215341,14400.0
03934028.qasm,512,timeout,14399.999999999989,14400.0,14400.0,14400.0,14400.0,14400.0,14400.0
03ee478e.qasm,16,success,0.17734449999999996,0.19641203074576868,0.21073566726364476,0.19565641878569356,0.2109097645101575,0.19633493791533843,0.21117172913015114
03ee478e.qasm,64,success,1.1159592,1.2353216191912701,0.8547458169974412,1.2476627078237732,0.8297381612041319,1.2308610244848777,0.8639812044900778
03ee478e.qasm,512,success,0.18746530000000003,0.2036410448783009,0.23949509500989713,0.2023793665255449,0.24035729662562766,0.20361407547747468,0.2418802355115586
04276362.qasm,16,success,0.17990670000000003,0.19477325765454154,0.2020064551596818,0.19300335694827792,0.2029395883930926,0.19432388197595443,0.2060989097827834
04276362.qasm,64,success,0.21635210000000002,0.20814226802022098,0.20081104382508033,0.2085892241623296,0.20104417957611342,0.20926246769451848,0.20308754255359182
0491d461.qasm,16,success,0.5425538,0.5413440924975773,2.308454081381087,0.5411398916968033,2.4278437815785714,0.5412528287707865,2.2439139890284436
0491d461.qasm,64,success,1.3414259,1.341014621480007,1.3014493485561203,1.3409675332874997,1.2698404889024428,1.3413059406415504,1.3042868274150066
0491d461.qasm,512,success,3.4521178,3.4982984697794937,2.6857338340721344,3.498285753786301,2.6680659643106086,3.4982637103842444,2.740613052686511
0525d9ee.qasm,16,success,0.5416311,0.5423238585344723,2.296540107041378,0.5422930255707863,2.4167267243880652,0.5423172153511195,2.2330090875967086
0525d9ee.qasm,64,success,1.3424445,1.3418144434039745,1.2952439839927516,1.3431108177943338,1.2636693587106378,1.3409487253898775,1.2979482960090727
0525d9ee.qasm,512,success,3.4716296,3.4785109473628246,2.6665629171063663,3.481482980320345,2.6490211615784487,3.48114986765497,2.7211551945759145
0534bf07.qasm,16,timeout,14399.999999999989,1342.7785734020383,100.0,1278.5862223864692,14400.0,1398.4642920679387,14400.0
0534bf07.qasm,64,success,1767.644607299999,14400.0,14400.0,14400.0,14400.0,14400.0,14400.0
0534bf07.qasm,512,timeout,14399.999999999989,14400.0,14400.0,14400.0,14400.0,14400.0,14400.0
055dc894.qasm,16,success,4.6650311,4.80659756805855,1.3674300797412835,4.756087836944319,1.2817069239117107,4.871718474570393,1.3179548198769475
055dc894.qasm,64,success,3.8863319000000005,6.344862885472338,4.572435002074953,6.316776241478518,4.1445279445167005,6.552659736504925,3.8697582155145573
055dc894.qasm,512,success,1383.5908082999997,1231.100079501793,169.81878601199568,1253.469491200834,162.13111991713242,1225.2542446363425,157.4275347906715
056c2b99.qasm,16,success,0.5823536,0.5778053659035928,1.2965860640533067,0.577561167487664,1.3743766189898305,0.577633369355571,1.329889144892018
056c2b99.qasm,64,success,0.4523345,0.4554039164604531,0.7423851731879765,0.45540772659996404,0.7595959342806003,0.45535701068135537,0.7940281277660278
056c2b99.qasm,512,success,0.4509034,0.4541257562306464,1.1134874297017778,0.45412601236047373,1.1075465498844836,0.45405085410286494,1.079108287282053
058c7d32.qasm,16,success,0.21540330000000002,0.5381359049829884,0.8029129695142748,0.5323914245473875,0.8477525237373584,0.5488760051803424,0.8473851667609106
058c7d32.qasm,64,success,0.6617786,0.7119982997781575,0.6413554386789699,0.7370959384841246,0.6404857535379475,0.7047508402611811,0.6633210621633046
067475b0.qasm,16,success,1.4051409,1.3852956606169733,7.965060920289989,1.3853392556016684,7.769388880451105,1.3861248973186704,7.727970124290452
067475b0.qasm,64,success,5.705375600000001,5.7122059656524655,6.115914033456934,5.714615178130948,5.830629159422087,5.71163023201764,5.480999021638137
067475b0.qasm,512,success,134.09611699999996,134.05687075796024,205.15044504246285,134.09694789376175,213.77027869872524,134.01060009158795,202.8397700972784
06857ab2.qasm,16,success,86.8517603,90.64674058048476,46.406609899291475,89.66721630759496,44.08210202190164,87.87944482771287,40.64681617552816
06857ab2.qasm,64,success,144.50145770000006,160.74563495219869,14400.0,154.8700139279013,14400.0,156.76803392878324,14400.0
06857ab2.qasm,512,success,5763.222492099998,4975.923260564964,121.50142417275148,5173.772422779624,118.10419432124785,5143.545784440828,110.8858893836971
06a7dabf.qasm,16,success,1.4427283,1.463271279056422,9.611196339502916,1.4633589450872584,8.814408329128645,1.4638372785671796,8.733879882732161
06a7dabf.qasm,64,success,8.5008263,8.481810554321834,7.717756811237345,8.483720317972738,7.7940031049430525,8.482711728070079,7.4934019159302565
06a7dabf.qasm,512,success,307.49403430000007,313.08794214754323,290.4088947660472,313.15066701822025,299.32402165388635,312.94525127737154,290.28579608371496
06e45cf2.qasm,16,success,0.5780354,0.5687839136947181,2.0110320121153666,0.5688892170336118,2.0667298130185907,0.5688649602843963,1.9555928500763666
06e45cf2.qasm,64,success,1.1292338,1.1195688651349045,0.9687680448807475,1.1196023065576555,0.959680368168677,1.120015880410396,0.9901959495153927
06e45cf2.qasm,512,success,2.769683,2.747894722026325,2.2555663982602523,2.749623914986186,2.307264785251038,2.7466827063958337,2.3131308789524647
0732491c.qasm,16,success,5.4931465,15.17742549497428,2.3057267416374247,13.729788292001924,2.398279091891197,14.725068155161196,2.341093673955938
0732491c.qasm,64,success,1.8221959,5.990446288033325,3.724254836258477,5.583494703472894,3.480776576319491,5.3650944309380115,3.4494697208102645
0732491c.qasm,512,success,5.6868296,20.053526390039654,14400.0,19.150460669351848,14400.0,20.660705851746535,14400.0
07fc5b22.qasm,16,success,0.5416286,0.5422769790846874,2.3053798409567112,0.5422724003452073,2.430713658436136,0.5423853233244379,2.24382541801644
07fc5b22.qasm,64,success,1.3364759,1.3412131380472312,1.3017147870474461,1.3428047185079959,1.2698404889024428,1.341687422409585,1.3021043884973171
07fc5b22.qasm,512,success,3.4643763999999995,3.484520099091931,2.6733948043391194,3.484369897838163,2.667999741386878,3.4837816192364315,2.740613052686511
08239e90.qasm,16,success,63.96641979999998,49.24850195741628,65.54130156861288,49.17336489301462,56.20369852009704,49.17336489301462,52.867077474946875
08239e90.qasm,64,success,3.2675198000000005,3.2741239293504463,14400.0,3.263593727629174,14400.0,3.270941467559808,14400.0
0885b672.qasm,16,success,1.6545858,1.6391589039583248,10.29734847742871,1.6394310619688097,9.479401276832332,1.6393677608370796,9.628103049848043
0885b672.qasm,64,success,8.9290951,8.868332598805278,8.304812132504033,8.868738387396128,8.852256014413404,8.868675896441246,8.204447818860356
0885b672.qasm,512,success,332.10055049999994,337.60522310844425,333.8501279418959,337.5711550222637,351.6423719034546,337.60484110230004,340.82347884149
0a0f4c36.qasm,16,success,0.1840534,0.2632741937981959,0.28211759165849554,0.2604077833196384,0.2766917198957252,0.27205538433256965,0.276937240757037
0a0f4c36.qasm,64,success,0.2601157,0.31866250694417486,0.34525758485036173,0.3323678258521315,0.34083252864265445,0.3224355830351753,0.3405145774332234
0a0f4c36.qasm,512,success,0.1663742,0.3566416436302076,0.8482416075295677,0.35844738961002415,0.7991873253061401,0.36187791761090654,0.8192456975147767
0b0e43d6.qasm,16,success,1.78757,1.7912593945261415,10.617220445563168,1.791148344362869,9.664244762057738,1.790981861388263,10.241772146056704
0b0e43d6.qasm,64,success,9.9584508,10.002455914771806,8.294336836309288,10.002623032666179,8.548442312851295,10.002261989978207,8.155763844077038
0b0e43d6.qasm,512,success,373.94553460000003,381.06908357258845,334.44023656995915,381.1545532460754,352.81543603751214,381.21100429043076,337.4939872695
0b325fdd.qasm,16,success,204.4226061999999,168.57988054035067,25.814718381795746,169.07474137194936,25.911787426107765,168.98220229999538,23.863509473825356
0b325fdd.qasm,64,success,7.9006322,6.722577883570736,14400.0,6.731959469737982,17.12182138974756,6.723334920628298,14400.0
0bde3200.qasm,16,success,0.23376710000000003,0.3588670432133682,0.4510931329550972,0.3623925281379812,0.43951010426199594,0.3780418125122681,0.4293751310188652
0bde3200.qasm,64,success,0.232663,0.36810842424560364,0.7434890266721919,0.36578043473694577,0.7601227266785193,0.37223198214462183,0.7663636602692191
0c0ce4a1.qasm,16,success,0.5861573,0.5815370097209389,1.2916603109781022,0.58134520735706,1.36991149140381,0.5808868527131203,1.321111608358849
0c0ce4a1.qasm,64,success,0.4553035,0.451339470032214,0.7398829561105407,0.45164179500333407,0.7568353219183525,0.4512972079261427,0.7908217886523857
0c0ce4a1.qasm,512,success,0.4561859,0.45081950449921965,1.1101561496668126,0.45081893601616213,1.1047120815860307,0.45048332392076385,1.0756981157818497
0c676248.qasm,16,success,0.1680261,0.17551840126765855,16.531420541739752,0.17551077795928746,15.235497330147496,0.17544000647119787,15.29396456106621
0c676248.qasm,64,success,10.329901000000001,9.822510296318402,15.609092777905056,9.805004925836641,15.05257820921563,9.818984241828655,13.746698914370034
0c676248.qasm,512,success,0.18101140000000002,0.18069925912198218,38.70581206143944,0.1818129307720789,41.40807136962638,0.1802141760481239,36.61319607745069
0cc92082.qasm,16,success,0.2225849,0.5164509361406185,0.8724920330840674,0.4929853377987426,0.9423112483735406,0.5118656415473553,0.9508077932886603
0cc92082.qasm,64,success,0.5742476,0.3384515110390383,0.5504029375622463,0.3364772310073828,0.5414355286542571,0.3513630840163266,0.5813408903448091
0cc92082.qasm,512,success,0.18362350000000002,0.4427090395765157,0.6394441678225852,0.4287909630054118,0.637464236468438,0.44453058102615944,0.6129080519354747
0cd81bd7.qasm,16,success,1.4029748,1.394774636691838,9.807373097106336,1.394492187918766,9.095254436674068,1.3945604784656227,9.123255488656316
0cd81bd7.qasm,64,success,7.957766299999999,7.9555459881650545,7.527821901245013,7.953844147238384,8.503663816308581,7.95547452463276,7.445030282342374
0cd81bd7.qasm,512,success,285.46857679999994,285.65362716834875,292.554435495763,285.61189445222675,310.533471383163,285.81377267998505,293.61005629942673
0d08bd43.qasm,16,success,2469.4623289000006,5168.448961092975,100.0,14400.0,100.0,14400.0,100.0
0d08bd43.qasm,64,success,188.07979880000005,801.5887309307418,14400.0,760.6103093028715,100.0,758.4069917517583,14400.0
0d08bd43.qasm,512,timeout,14399.999999999989,14400.0,14400.0,14400.0,14400.0,14400.0,14400.0
0d094263.qasm,16,success,0.17983059999999998,0.20839192339156576,0.25521652779928355,0.2096456878270721,0.2545529309909885,0.20896821556703174,0.25276423076091836
0d094263.qasm,64,success,0.354708,0.2542821801383293,0.3437150911054065,0.2557522096398086,0.3499828923652292,0.2598743415133979,0.34679420266952155
0d094263.qasm,512,success,0.17570120000000003,0.21994896248360465,0.3528503051736048,0.21901740672353204,0.3411585689239254,0.21886666869269414,0.3334446396297003
0d6f51b4.qasm,16,success,0.1818558,0.21267547243211493,0.20659115625149316,0.21179546583862627,0.2075797567490092,0.21173816607350043,0.20801854660437752
0d6f51b4.qasm,64,success,0.2284205,0.24778220703152692,0.3049631457836074,0.24980602459347775,0.3089547964828132,0.24804936738231903,0.3074442711131989
0d6f51b4.qasm,512,success,0.1679753,0.2205203607815105,0.2185487195834491,0.2202019466936825,0.22037971584838117,0.2205780136576724,0.21574516662072324
0e8ddfa3.qasm,16,success,1.1595966,1.2173085630382094,4.786783402758259,1.2155945256229634,4.87807051606556,1.2169564941802422,4.696819794572374
0e8ddfa3.qasm,64,success,3.4204512,3.410851207017772,4.092139172904698,3.4133409022861843,3.984390014321563,3.413785761736172,3.8260199326415325
0e8ddfa3.qasm,512,success,72.21635219999999,71.80770552447282,122.33284593576359,71.8208139435992,136.19453166428758,71.81783474630679,120.50721509495075
0ee54ab9.qasm,16,success,0.17814269999999996,0.21303507593389842,0.23430968056109316,0.2108015526114297,0.2325668590728896,0.21119663989097087,0.23021290766097963
0ee54ab9.qasm,64,success,0.2257454,0.2882536882690149,0.32583092944933384,0.2781441893276085,0.3279313926572373,0.28171716660844576,0.32641844506353795
0ee54ab9.qasm,512,success,0.1782451,0.2210002164968078,0.2407043043284116,0.2175883105922204,0.24768591500519005,0.22029002987688487,0.2453577565939483
0f6ae53c.qasm,16,success,0.17492429999999998,0.30891286716831956,3.032327405854143,0.31383004520058827,3.2445660888791816,0.31988406503179434,3.4814566023996645
0f6ae53c.qasm,64,success,0.6351061,0.8805846535488837,2.0126691919919932,0.8750239842435824,1.9533009264743504,0.8748664858547918,1.7573489190584581
0f6ae53c.qasm,512,success,0.1797566,0.31826960192931825,36.34094677789744,0.30524166072939973,33.633117291639905,0.31967676188553484,28.93508679501346
10761caa.qasm,16,success,1.2039713,1.2092314749534956,5.290290407970871,1.2094548560534668,5.456780633449595,1.2091176084302497,5.157299112574704
10761caa.qasm,64,success,4.1564553,4.181760261979858,4.427573580754348,4.180435501604047,4.374167183084628,4.179781721769733,4.126201974219152
10761caa.qasm,512,success,91.75166269999998,92.62882833653602,142.52866660693806,92.64203765598046,161.36026337827283,92.56904385019494,144.06175410888503
10ea3498.qasm,16,success,0.1689698,0.5923383101570339,12.849744950437422,0.6046758065636416,13.23925924331221,0.6120616814589965,14.448252656487837
10ea3498.qasm,64,success,1.1595227,3.1250760821157586,7.539974899520095,2.8830587437271653,6.81105072433933,2.815041501652429,7.0562103584027325
10ea3498.qasm,512,success,0.1702938,0.6213804964872083,15.840699923497706,0.6545462390354227,17.00147502578901,0.6846697249830264,16.844119880631126
1154e9d9.qasm,16,timeout,14399.999999999989,14400.0,100.0,14400.0,100.0,14400.0,100.0
1154e9d9.qasm,512,timeout,14399.999999999989,14400.0,100.0,14400.0,100.0,14400.0,100.0
12157215.qasm,16,success,2000.5838667,1528.609626408066,54.844041788648354,1521.3385537250088,56.45060194973218,1516.346812222921,48.97197815374397
12157215.qasm,64,success,851.9857254999997,1034.6619976586612,14400.0,1050.0499199832784,14400.0,1048.6658428013002,14400.0
12157215.qasm,512,timeout,14399.999999999989,14400.0,14400.0,14400.0,14400.0,14400.0,14400.0
125f60d7.qasm,16,success,1463.3105540000001,1400.138635195656,100.0,1334.4764715696815,100.0,1311.7873746980663,100.0
125f60d7.qasm,64,success,804.1303602000003,432.2014447826031,14400.0,425.10195866216134,100.0,413.94059501794857,14400.0
138d2c7b.qasm,16,success,1.5629332,1.583946557158614,9.238018391127389,1.5836852634841783,8.639366619673995,1.584401790346058,8.807341658861926
138d2c7b.qasm,64,success,7.723485,7.73869642601109,7.422254727243724,7.738355564709261,7.822437772004967,7.738533804839124,7.156743272925247
138d2c7b.qasm,512,success,266.476829,262.5181818159899,285.84171661679096,262.47290983113703,289.95863585871797,262.4754655667249,282.2793997151257
13b8e3f8.qasm,16,success,1.15246,1.107548149785537,6.832524669065549,1.1069200875464071,6.759194456050281,1.1076707906309777,6.613559871494473
13b8e3f8.qasm,64,success,5.056893600000001,5.06839297319154,5.674355698028719,5.069070481655671,5.37828395929038,5.070734620950058,5.077420653393322
13b8e3f8.qasm,512,success,143.3873458,144.87940166355418,193.37217924995804,144.90571444112885,206.55330951676476,145.18275920707242,189.1051525546511
13eb49aa.qasm,16,success,0.1763388,0.20360080151986507,0.2841427572855635,0.20447803373660228,0.2822515197761311,0.20241930995136284,0.282314107892178
13eb49aa.qasm,64,success,1.03723,1.026516748564695,0.34748607405375476,1.0226321199436994,0.34029171376992307,1.0109637201447679,0.35108289073321247
14019fed.qasm,16,success,85.55772610000001,20.752814661785116,11.393023154552662,19.941263780083343,10.75632325973431,21.373401199533014,11.280874473032634
14019fed.qasm,64,success,7.701556400000001,5.816530839043801,9.249935085105434,5.9183339056835935,9.963084179131153,5.997728132056719,10.245089529667657
14019fed.qasm,512,success,125.55042679999998,35.47734290851271,151.4196279499209,35.822343673204536,140.46193458562254,36.727011767940425,151.5127686365091
149b1e7c.qasm,16,success,5.221844600000001,4.334360114923791,2.7834003407068524,4.332044459436803,2.5079275575326743,4.337305833064772,2.577786249072974
149b1e7c.qasm,64,success,0.1728306,0.22901801868512367,2.6336035202453076,0.23053499783277448,2.6301338626256587,0.22924944536949288,2.728833913399869
15434610.qasm,16,success,1.5159936,1.6081437395679161,9.240777301807316,1.6074550920672523,8.639366619673995,1.6099399398265786,8.810027236828475
15434610.qasm,64,success,7.743600700000001,7.7408333046738065,7.413992591977805,7.741250707082609,7.809118526197547,7.7394247918288945,7.156728352866041
15434610.qasm,512,success,260.9629377999999,267.6254737941946,287.3620529179136,267.6618157270508,290.5656501187677,267.755182945111,283.85251622815383
159b3481.qasm,16,success,0.5732643,0.570808800612379,2.015736030866711,0.5704864228689923,2.0650472492585266,0.570390223559544,1.9603628292259967
159b3481.qasm,64,success,1.1235271,1.1254756433223554,0.9693008082800524,1.12605010333917,0.9640193851114736,1.127022834204359,0.9900924724723511
159b3481.qasm,512,success,2.7779996,2.758366950563287,2.2563702194312225,2.752847214109876,2.2941378929085685,2.7506304539830158,2.3015820074851616
15c28669.qasm,16,success,0.2514302,0.9465864392119852,0.9156906233076074,0.9389221243122559,0.9179592939828722,0.9278067044139694,0.9323325656857772
15c28669.qasm,64,success,0.3990744,0.8720437186615372,1.244780157286678,0.8802856619124856,1.2897326724637843,0.9274330909295772,1.0954837237772963
15c28669.qasm,512,success,0.2419986,2.281462418225974,1.4658388874262034,2.2998316092966853,1.4992878162770857,2.4659190368397645,1.5087483754861606
1619b169.qasm,16,success,0.17318939999999997,0.2679801490261161,0.3554583882045739,0.264690540503114,0.368583250863843,0.27143445710508274,0.37433898073343114
1619b169.qasm,64,success,0.1710901,0.303327083377514,0.4562313189763111,0.3005424910288525,0.4482057960079998,0.29759891350502377,0.44891968208295474
1619b169.qasm,512,success,0.18216660000000004,0.26379837437502834,0.4224616615426626,0.2601185928893344,0.41176210928907714,0.26004731932146846,0.438333557506108
166e9d3a.qasm,16,success,0.18061239999999998,0.4919975523392558,0.7337267241773738,0.5007546655270505,0.7940648421546966,0.4854155544170977,0.7746072599291399
166e9d3a.qasm,64,success,0.16925800000000002,0.3603085405738337,0.49762460700068917,0.3448536719232037,0.4947914946254471,0.3479868421853537,0.4735235396983466
166e9d3a.qasm,512,success,0.169438,0.43160909059270147,0.46336806807395203,0.4449286153242659,0.47337625236445224,0.4251119294010086,0.47808902825172744
1688d759.qasm,16,success,1.9672979,1.9536505739180352,14.09292605085341,1.9543196876881666,13.194315703986089,1.9538706012243012,14.03394572110468
1688d759.qasm,64,success,14.099032299999998,14.05226670750763,11.522140589223191,14.050272026000092,11.786836962603568,14.064070936480753,11.036932796002642
1688d759.qasm,512,success,559.5118791999997,544.6546145718468,404.3437477567909,545.8284955164563,431.34179805125854,546.1671575078616,422.9309382484255
16ff70bb.qasm,16,success,2.1233068,2.1176208227908475,13.943811614565398,2.117656208687572,12.436870764960199,2.1177771616040455,13.698829897959676
16ff70bb.qasm,64,success,12.121247399999998,12.156104364741863,10.624359415334574,12.158240681291753,10.7785777022431,12.156419285898016,10.455294284229351
16ff70bb.qasm,512,success,493.81017920000016,490.4631744935883,480.55886653952393,490.2219096733181,515.0361760673984,490.26506124193133,493.08929394789334
17253376.qasm,16,success,1.7846797,1.746761221008457,11.892599762238726,1.7469071561401472,11.081991120763593,1.746669365361836,11.606515297975884
17253376.qasm,64,success,12.199884,11.941140179776594,10.454450264240618,11.91255071624527,10.733185682394199,11.91889713468138,9.883180383598644
17253376.qasm,512,success,464.4622878000001,466.8278746547738,395.02615154568997,466.9129540865983,407.9664903227156,466.7776103159919,405.762825605333
173d4b8b.qasm,16,success,0.4365735,0.7338500852362482,1.1969192809473057,0.7285388680965582,1.1857904511062258,0.7023974161119403,1.2075343549228152
173d4b8b.qasm,64,success,0.4759959,0.728944673010881,1.0397014276821028,0.6732793961107835,1.0252892483164184,0.6830094761474805,1.0267916832790067
173d4b8b.qasm,512,success,0.4571515,0.8607764917287432,1.134011106051074,0.8569948421099712,1.1145779789133021,0.8770034979612902,1.1248546470868561
175f2997.qasm,16,success,1.5397053,1.5199661784713923,9.062310087083462,1.520790486120862,8.49118602260909,1.5212444699357468,8.48947609042113
175f2997.qasm,64,success,6.911357399999999,6.892143526013692,6.991723861411857,6.892173571117089,7.69183161383339,6.892190793898674,6.789869588249068
175f2997.qasm,512,success,203.2557665999999,204.12017416561156,249.27422696485388,204.25120481902323,261.6590531002465,204.21533919319188,247.292933175258
17e5a14b.qasm,16,success,85.25765730000002,66.43696557773039,62.73367181472784,66.3367068455775,53.94830973076058,66.34642904573194,53.97674661642869
17e5a14b.qasm,64,success,4.9438845,3.6719210938670366,14400.0,3.6674082928323046,14400.0,3.6723090262361744,14400.0
195099c8.qasm,16,success,0.3044958,0.7075768235033464,22.536547367700326,0.6912894320369062,21.428793426761217,0.6959700378329782,23.27470890525613
195099c8.qasm,64,success,10.437987799999998,6.103747748672276,23.723910502392325,6.399388887674381,25.018783230126665,6.572303617675534,24.393426142122653
195099c8.qasm,512,success,0.2926443,0.735715036224554,26.89392480089531,0.7184628776104846,30.33575460537907,0.7847528391938218,26.31359729337678
19550378.qasm,16,success,0.7261901,0.47972552368450916,0.6137075502594643,0.4908582443812737,0.6314177016390485,0.4379989287428197,0.6128075481526608
19550378.qasm,64,success,0.7177524,0.5615703540486789,0.4481365126553348,0.5718182390184814,0.42528244097216833,0.555738720653097,0.4135780390282643
19550378.qasm,512,success,0.7171464,0.627005287554011,0.3339503741791046,0.6148065632882014,0.3309399464891411,0.6373107403222457,0.34465658095738716
1959a985.qasm,16,success,4.8913162,4.728767283730877,1.36401895995048,4.705341698838413,1.2760915020951813,4.815541617905858,1.3084278360906785
1959a985.qasm,64,success,31.2692711,6.751969042704811,4.577152184508882,6.56793942680073,4.197655898456426,6.8039226041052805,3.8753592889622843
1959a985.qasm,512,success,1435.4921207999998,1232.063529632947,171.79817682047002,1253.8249298400685,163.12757852305506,1230.9619694126443,157.996392250577
19d587f3.qasm,16,success,0.17350479999999996,0.1931833666733348,0.1908630144928132,0.19143088526929883,0.19072781883758005,0.1903036835098336,0.19111029025936652
19d587f3.qasm,64,success,1.2004384,1.1560195887505822,0.9674324248745364,1.1574569855410646,0.9502168289006104,1.1403687321404095,0.938309122113716
19d587f3.qasm,512,success,0.172592,0.19754043386227968,0.19567792410855506,0.19784135777762324,0.19562619525473476,0.1978732580488464,0.19581371213965107
1a554de5.qasm,16,success,0.17159249999999998,0.3860264194904889,2.3351214277323735,0.36642144667408943,2.4038183586534747,0.3632160433248781,2.629593274078505
1a554de5.qasm,64,success,0.1756577,0.7971220869380395,1.336155917529089,0.8175982786953365,1.3543900919537386,0.8195075633859712,1.1649014998866722
1a554de5.qasm,512,success,0.1775085,0.5370105289615464,2.399937890870766,0.5359779943553219,2.4541739350383973,0.5484751766194254,2.3602489060472807
1aa22822.qasm,16,success,20.512900800000004,25.399136759706703,57.95302351391186,25.29920935831265,50.50817248665836,25.595949008719355,45.83222784018252
1aa22822.qasm,64,success,1.1141745,2.711319820053728,14400.0,2.681516039211448,4.252036105608034,2.689845828241426,4.051860950370434
1af5b336.qasm,16,success,1.0828512,1.106182142324072,3.383642290823602,1.106040174756541,3.4538893970793247,1.1062386960141513,3.385873068962679
1af5b336.qasm,64,success,2.2817078,2.287778260246292,2.030269177378618,2.2877787141875245,1.9693115057166468,2.287773881379154,2.0872418260723467
1af5b336.qasm,512,success,23.957207000000007,23.823502396287232,57.9610027401277,23.82362018652913,61.13797169422663,23.823727269072606,57.263157390329646
1b91945f.qasm,16,success,0.5788403,0.566089992319357,2.016972138499541,0.5666379394189062,2.078538108014134,0.5661386332771661,1.9625824927407494
1b91945f.qasm,64,success,1.1345342,1.115479257827118,0.9794593938230552,1.1158107395192058,0.9714664293219565,1.1159351239078088,1.0006344748565388
1b91945f.qasm,512,success,2.7687015,2.732257896417895,2.2710816774077203,2.732779651385015,2.2988262649325075,2.7354899375930968,2.3111112379004877
1cb3c32c.qasm,16,success,8.074354699999999,7.113841896560851,7.286018816921177,7.107539702652691,6.536122168322819,7.107653688969024,7.099632917341382
1cb3c32c.qasm,64,success,0.3971776,0.2556718552785133,4.229453879382487,0.2531685604856962,3.9396911653099758,0.2510700108613929,4.040980920296414
1d1dc1d8.qasm,16,success,2.091032,2.0423619039202743,13.162981004292252,2.042119385224557,12.069040022212345,2.042181056012044,12.97420667949907
1d1dc1d8.qasm,64,success,12.1915016,11.96753556679875,10.114210622100472,12.02270859921817,10.262548425700858,11.999716845451644,9.732695061963868
1d1dc1d8.qasm,512,success,477.1889418,490.95181691017285,428.87129395323984,490.8260062078803,458.9533621085752,491.1329692613313,440.48676082431604
1d4b1889.qasm,16,success,0.4623995,0.47218043871653825,0.975871535420396,0.4720722628023262,1.0564736390130895,0.4722111303901824,1.0596821856427343
1d4b1889.qasm,64,success,0.339699,0.349494122342903,0.6149612955828427,0.3498438199404337,0.634093727110607,0.34954905964330507,0.6509896559267507
1d4b1889.qasm,512,success,0.3409897,0.3472996153287356,1.0245054740550088,0.34736815056397663,1.0387167052947968,0.34709033602763606,1.0024690298662038
1db5f683.qasm,16,success,2.0087796,1.9975399047574902,12.886529666633509,1.9976276678760807,12.030079226262608,1.997029452309285,12.639531144601737
1db5f683.qasm,64,success,11.511427700000002,11.418370219648613,9.831256853113153,11.417201583652883,10.050428706364965,11.412978029543192,9.625206918188535
1db5f683.qasm,512,success,436.8524219,445.2121183086864,419.86981064804576,445.3817765593131,447.4436553152804,445.0692410757399,438.69302508713474
1f1383d7.qasm,16,success,0.2250921,0.18189251707761034,15.44819301751957,0.18229166604076272,13.447706270163378,0.18280013782583604,16.81713056035974
1f1383d7.qasm,64,success,2.1631353,2.325692697498466,9.274302089329113,2.326727358635748,8.723166170461216,2.326209181424062,8.99008056053054
1f1383d7.qasm,512,success,0.2264848,0.1808433840851091,24.315788813575594,0.18088717621029166,26.49068657261365,0.18087436935276924,22.88897673398289
1fd34b96.qasm,16,success,2.6722234,2.680757329757485,18.012510895440244,2.6809568830857478,16.864030564240128,2.680668660232952,18.079125353319807
1fd34b96.qasm,64,success,21.079753,21.010379937796603,16.45506628697523,21.016066149810943,16.51015935753358,21.01701461198836,16.14504949832298
1fd34b96.qasm,512,success,961.0837074000003,928.3534478894318,642.1573155908654,923.7137823583,670.6738312987691,929.4061951121877,676.4986560226752
20448412.qasm,16,success,147.65277569999995,23.792469880791433,8.948570151143244,23.1243729922715,9.67367832347106,22.201029487910514,9.556911699725338
20448412.qasm,64,success,184.3939734999999,13.534102273147301,2.5659419335625406,15.047212883372243,2.7678499414198696,15.67188793024156,2.6884664122067483
20448412.qasm,512,success,148.94883800000002,17.233809736983,6.775976171436295,17.605655097936896,6.788569524382971,17.289506566000256,6.920920405376351
2059c310.qasm,16,success,0.4773265,0.549586471064634,0.41348115426339294,0.5459188178662153,0.41152408603218565,0.5399918282555343,0.4237281304303442
2059c310.qasm,64,success,3.3123999,2.508833983445831,0.839041020825372,2.476874588841003,0.8825224052673956,2.473563611349447,0.8294115189383425
2078a631.qasm,16,success,2.4060191,2.3429698651472073,15.101492479169599,2.3425901196243397,14.39773710754276,2.340883925828032,14.936538382285807
2078a631.qasm,64,success,16.260589,16.27435206888055,13.119255151365033,16.28129284329478,13.258587195132892,16.277695411896833,12.812824238345716
2078a631.qasm,512,success,646.7251833,507.14990328511453,465.99454194379615,505.429533815104,484.4370059634832,509.2845311031387,484.2527557430605
208334f1.qasm,16,success,0.1715742,0.3535582687673084,7.463074889862263,0.35562957146128493,7.652401978931079,0.35141634058061144,7.932544647063587
208334f1.qasm,64,success,1.1387004,1.5001075359770695,4.8340349637747755,1.4854543124370987,4.854204601199137,1.5118144460228164,4.361768317762727
208334f1.qasm,512,success,0.18524460000000004,0.2826250039364946,77.48491489927643,0.2943903246330374,76.0831919785857,0.28360287508330745,67.73451032668994
2190b5a7.qasm,16,success,0.21629669999999998,0.17883219781786255,0.2495761872776036,0.17926320299177909,0.2474921784625488,0.1788547484758189,0.2518801231731658
2190b5a7.qasm,64,success,0.1627301,0.1794191218334465,0.26773799071578064,0.1793213475918618,0.26992453312899206,0.18012051316956976,0.2689873475255536
2190b5a7.qasm,512,success,0.2115168,0.17919327120765363,0.2511527058274603,0.1796627007713433,0.2584019381846577,0.17963966417365002,0.25434390645378696
231bbda3.qasm,16,success,4.4113397,4.467717616710587,2.994938654239766,4.641460088441002,3.0272635147538276,4.622809122424331,3.0059443788357187
231bbda3.qasm,64,success,1.1731902,1.7893051435474725,2.721339077246161,1.8131236538835225,2.9426663958034265,1.7511833114957998,2.8171617469490475
231bbda3.qasm,512,success,4.424197,17.35479288229731,48.350033622822885,17.68425745151639,46.871352436882034,17.613224817109366,46.01148551370987
235dda60.qasm,16,success,2.3659587,2.3666933495263485,15.131667137516457,2.367190994416097,14.436605858548587,2.3670535986634755,14.970287106811234
235dda60.qasm,64,success,16.3526073,16.27866597380034,13.161009199840505,16.280113286117455,13.327124146677248,16.2797794335182,12.839863961861854
235dda60.qasm,512,success,307.20749069999994,645.2673455426695,465.86366246231375,645.7228673009397,483.97593514995975,645.3494254685502,485.1540360711333
24ca3082.qasm,16,success,2771.0450235,14400.0,100.0,14400.0,100.0,14400.0,100.0
24ca3082.qasm,64,success,1988.8930581999996,660.5501046237611,100.0,564.9453818636415,100.0,581.7269564098133,100.0
24ca3082.qasm,512,success,2669.2542047999996,14400.0,14400.0,14400.0,14400.0,14400.0,14400.0
25e26219.qasm,16,success,2.1708568,1.5967166914717463,1.1986599386808359,1.5606100999397396,1.121281239243743,1.6288116478394503,1.1086458318983303
25e26219.qasm,64,success,19.4090902,2.2218687826157097,3.114927735869866,2.2835115378937245,2.7972836532548455,2.292578370260457,2.7449580145152908
25e26219.qasm,512,success,705.1982490999998,236.88631317676527,68.69114086421435,237.6518204930838,60.719271769737304,234.45115054124773,59.41987443439019
25e5b703.qasm,16,success,0.17933479999999996,0.1874966345446039,0.21341478650705017,0.1889839741195055,0.2160844297212142,0.18735937100323183,0.21489083816807492
25e5b703.qasm,64,success,0.21299800000000002,0.2084834882326522,0.2688616000483641,0.20867303922325997,0.2644965949248022,0.2085111174774143,0.2705032501593438
25e5b703.qasm,512,success,0.17741980000000002,0.23036646260694846,0.23397181851492732,0.22711278919318012,0.22938434053901127,0.22964178249368594,0.23341500121200123
264ca70e.qasm,16,success,1.6579639,1.6519376440793974,9.8253233189406,1.6524720780415032,9.02370007595916,1.651964270350225,9.375737671948572
264ca70e.qasm,64,success,9.2260978,9.502419823719414,7.71081140759481,9.504673248295965,7.9290797425879544,9.505085857429762,7.60114164532176
264ca70e.qasm,512,success,351.8730803,344.60091105960737,309.3160128790258,344.51600851140955,322.35537518023926,344.6417600741292,308.17893907734526
27a012bc.qasm,16,success,0.5722517,0.5813047212198402,1.2965860640533067,0.5814795269305391,1.3813876771450226,0.5809982308169086,1.331728938471722
27a012bc.qasm,64,success,0.4555887,0.45260085041654324,0.7429436407364349,0.4529527684410504,0.7595959342806003,0.4528409270773541,0.7931491559474945
27a012bc.qasm,512,success,0.4530507,0.4522329251956958,1.1083717498350216,0.45262291342501926,1.1075465498844836,0.4527157329092655,1.0791948512194178
27dbf314.qasm,16,success,4101.517750300001,2608.4588112005626,100.0,2608.5201066023137,100.0,2611.903622219242,100.0
27dbf314.qasm,64,success,781.3788183,2665.938902715609,14400.0,2675.4966074199733,14400.0,2574.923871467266,14400.0
27dbf314.qasm,512,timeout,14399.999999999989,14400.0,14400.0,14400.0,14400.0,14400.0,14400.0
27e0ec8e.qasm,16,success,0.18189549999999996,0.18194679817445708,1.8557145916331645,0.18169961765944911,1.7136519703706485,0.18181187327388618,1.8066995165488293
27e0ec8e.qasm,64,success,0.5226683,0.5789885031342745,1.6492551935381994,0.575558526453586,1.7258910495309334,0.5638858819165434,1.5640546280201513
27e0ec8e.qasm,512,success,0.17007229999999998,0.18406040881773356,3.652612815036238,0.18343190680553015,3.6807867796307954,0.18363823519756717,3.6139283226052195
2818a462.qasm,16,success,0.1707319,0.241511274664427,2.218721859596047,0.23928593727097494,2.45750844837025,0.24148078311328067,2.295097112647526
2818a462.qasm,64,success,0.532209,0.8938539164352236,1.9035793092421478,0.9030298864485428,1.9806710403281695,0.875061714159625,1.8714365674122864
2818a462.qasm,512,success,0.1782918,0.30433104068614203,4.174561298457904,0.31649936848570964,4.264049819099308,0.31461201426029867,4.241116185143565
28f914b0.qasm,16,success,0.17556589999999997,0.41000349651667095,0.5847585670891415,0.3959652828069402,0.5745209903764875,0.39746129534001173,0.5867878452339096
28f914b0.qasm,64,success,0.3044709,0.2668611296722358,0.4533063184211977,0.26891418779092435,0.4539643569736006,0.2678796482962485,0.466800970647959
28f914b0.qasm,512,success,0.18904039999999997,0.33797815706318507,0.4401958370750441,0.33799735397700054,0.4427482195420278,0.3331053305048546,0.4452260562673528
29886bb3.qasm,16,success,1.1166224,1.1005042767684325,3.383642290823602,1.1006242137450382,3.4538893970793247,1.1000108431740407,3.3867195501466725
29886bb3.qasm,64,success,2.2984934,2.2652677789871407,2.0363228430979015,2.265214808839709,1.975183413582647,2.2652923293981764,2.0896942253728574
29886bb3.qasm,512,success,24.0384279,23.358434783558117,58.0196941257742,23.34370654678826,61.27655148959459,23.357187153175555,57.28106414583241
29a887f9.qasm,16,success,1.282956,2.355722683865409,1.304037947502939,2.2711504759437684,1.2649220002428891,2.3795405342174543,1.245915581515627
29a887f9.qasm,64,success,0.1893478,0.7837963090625051,4.32353577238966,0.7933056953218686,3.843927429355828,0.7699866819828536,3.690392450121745
29a887f9.qasm,512,success,115.45068950000004,470.96665382113497,117.68341478817646,450.6484554468308,110.76575112094355,459.4913856069058,111.24892268067724
2a04dd73.qasm,16,success,2475.065750599999,2446.8901513124542,100.0,2423.593138783666,100.0,2421.868064764289,100.0
2a04dd73.qasm,64,success,4965.618169699998,756.1709801388632,14400.0,760.4509570799423,14400.0,775.0263958833367,14400.0
2a04dd73.qasm,512,timeout,14399.999999999989,14400.0,14400.0,14400.0,14400.0,14400.0,14400.0
2a0e53ef.qasm,16,success,2.3114425,2.9107185731559535,4.947198366528729,2.807246492255861,5.601308597651223,2.8266024303801163,5.972965555209838
2a0e53ef.qasm,64,success,7.718355099999999,10.1248365380549,3.746835412487429,9.963233714021207,3.5759739638728743,10.001090076775453,3.7067496343919517
2a48defb.qasm,16,success,1.2252849,1.313816179698508,4.038450220626316,1.2509037318288447,4.486584812334602,1.2911990016608306,4.213903002274016
2a48defb.qasm,64,success,1.1154698,1.2882983379880342,1.537444364561359,1.179828576124473,1.5346912872403176,1.2772863284885037,1.5945626373809998
2a48defb.qasm,512,success,1.0666831,1.5391468025526225,2.8213577834372767,1.4959227775135229,2.914970163643908,1.4916498156571911,2.8541535836305663
2af6859b.qasm,16,success,1.6940842,1.6924886057451072,10.965967826455913,1.6925566982286375,10.17552742237262,1.6925452324917132,10.6641205917697
2af6859b.qasm,64,success,10.535087,10.507624447857983,8.58529512011685,10.507256985110779,8.770955888811732,10.50758084062108,8.535865665580811
2af6859b.qasm,512,success,406.7180611000001,406.4169573043718,358.40185399918136,406.3872863425331,377.771814966477,406.3716105785095,363.351098816927
2afe3d2e.qasm,16,timeout,14399.999999999989,14400.0,14400.0,14400.0,14400.0,14400.0,14400.0
2afe3d2e.qasm,64,success,42993.98471110003,14400.0,14400.0,14400.0,14400.0,14400.0,14400.0
2b148d98.qasm,16,success,1.743242,1.7299315677761378,11.8912202642725,1.7293893906597662,11.107536377706356,1.729331225597088,11.605214605673822
2b148d98.qasm,64,success,12.223726400000002,12.14587995111036,10.454450264240618,12.142731943040438,10.750426280056082,12.139329099657434,9.85217412595185
2b148d98.qasm,512,success,463.92748639999985,468.6358418537526,394.9174929932625,468.59545887783105,407.9664903227156,469.1123770513493,405.49466210084057
2b2951ed.qasm,16,success,2.0077434,2.0009139613215967,12.886529666633509,2.000906265845487,12.030079226262608,2.0008009892202616,12.639818858382817
2b2951ed.qasm,64,success,11.446549900000003,11.41611068546375,9.831327902333742,11.434959331270305,10.050428706364965,11.418022319456327,9.625206918188535
2b2951ed.qasm,512,success,452.89710410000015,438.7861104518705,419.930022567269,438.19811047823185,446.0003914778134,438.04388912426043,438.69302508713474
2bc3295c.qasm,16,success,1.2265953,1.595917837508018,1.208897804750006,1.5922820663489907,1.1553612036465317,1.6185928313663858,1.1495607084338713
2bc3295c.qasm,64,success,2.2849539,2.2466738164185385,4.012094099975496,2.3562548136891857,3.564995332489958,2.266546829610664,3.397068190449634
2bc3295c.qasm,512,success,247.46428770000006,242.5647527722067,110.00367602977516,239.48399779258648,97.03014976199304,241.04169845655628,93.36981063732738
2cbfff1b.qasm,16,success,1.6880952,1.6083771226616987,9.240777301807316,1.6074821390363385,8.639366619673995,1.609586607937949,8.810027236828475
2cbfff1b.qasm,64,success,7.727305599999999,7.740564738970327,7.413992591977805,7.740254782912306,7.809118526197547,7.738674764358298,7.156728352866041
2cbfff1b.qasm,512,success,262.0564581000001,267.6695790332159,287.3620529179136,267.71567628111484,290.5656501187677,267.82620832910334,283.85251622815383
2cedce95.qasm,16,success,2.0571062,2.039968522390188,13.15901098994397,2.039785211100262,12.029801767713975,2.0399508120976826,12.949924868548392
2cedce95.qasm,64,success,12.120102900000001,12.109702071123305,10.044880010168718,12.123402390708884,10.153945165132976,12.127986595958157,9.566453742838037
2cedce95.qasm,512,success,487.45001670000016,492.0971908562255,428.99373961866155,492.24259156838406,458.5979536879917,492.1722519290339,440.6092341721981
2d399444.qasm,16,success,0.24198299999999998,0.1919001529294926,0.21700574369295167,0.190992739883963,0.21848661135230474,0.19135357003019876,0.21759213594581647
2d399444.qasm,64,success,0.174648,0.18612616948951638,0.26807539344466635,0.1854077827063986,0.269359201066385,0.18815787400129724,0.2737080358646351
2ea1bf91.qasm,16,success,4.1367724,4.872890274906579,2.794910459192301,4.877563897082701,2.514034069477115,4.867713382998246,2.60169643590799
2ea1bf91.qasm,64,success,0.1732643,0.22509822353954118,2.9175836205187875,0.225662958708932,2.8092335423540797,0.225287809191718,2.9032843989538355
3026aed7.qasm,16,success,2.6565661,2.670356948928458,18.07042478189859,2.670397145738631,16.864030564240128,2.6704513346632335,18.127316212313286
3026aed7.qasm,64,success,20.9371593,21.014942932033094,16.45506628697523,21.013287035510594,16.51015935753358,21.01636838910792,16.14623372800127
3026aed7.qasm,512,success,976.3809184000002,971.9961889878322,643.3702067055077,971.7768892562034,671.2522948701604,972.1220957466509,677.5880130254894
306ac152.qasm,16,success,0.1732208,0.20390435169190718,3.382182133032611,0.20156999620699004,3.3795184701343794,0.20214258791877024,3.383990286861949
306ac152.qasm,64,success,4.8258445,4.784138966959594,5.613876045707111,4.812558719020563,5.296510256595837,4.822367459913986,5.288366163991591
306ac152.qasm,512,success,0.19620739999999998,0.19977317037366904,13.78637419593002,0.19998538000811583,13.679386301288297,0.19967317399209025,12.591458221174156
3099a023.qasm,16,success,0.1891862,0.2390068574018319,0.19117331330383167,0.23555885925879508,0.19140636412770998,0.2413701363942499,0.19136289926599218
3099a023.qasm,64,success,0.1662113,0.23880849257040612,0.24312173183544142,0.24083506077333486,0.24716480980993244,0.2392792271732517,0.2452989017986325
31b8fb3c.qasm,16,success,0.4341455,1.3661391340890061,0.7229638831646169,1.3515201624759279,0.7775599409983145,1.3807245488061886,0.7113706579523328
31b8fb3c.qasm,64,success,0.7438204,1.2481813930205976,1.4157129143067126,1.2955090004786243,1.548496044308464,1.2866201989527735,1.514245626376112
31b8fb3c.qasm,512,success,0.4242436,1.6817429563098503,1.4557070260172904,1.5615727155872245,1.5732239293614134,1.5542756562768234,1.6791634194018965
31fd025e.qasm,16,success,1.6643892,1.5391578592221327,9.285869465981543,1.5383830526813171,8.681965896289839,1.5375393114147484,8.847806259358173
31fd025e.qasm,64,success,7.7553806,7.72448590215262,7.437194703093757,7.725781217728303,7.875402522903038,7.725884756951805,7.2196264868491395
31fd025e.qasm,512,success,267.4834676,262.66563009078214,285.94443139988454,262.72666804304845,290.0392562270001,262.75431256311504,282.2793997151257
320de9fb.qasm,16,success,31.2115921,65.43637560830793,93.12388500076312,63.02756448491627,84.276319838013,68.38797247415003,84.80933311447497
320de9fb.qasm,64,success,323.8165090000001,30.901466137751783,33.33936087239954,37.817742225505675,31.60899655555496,34.72710707809799,35.421359291015875
320de9fb.qasm,512,timeout,14399.999999999989,1523.8147909037186,621.6215390560448,1481.0240772335385,601.9315940221944,1488.7421563724038,609.3069816850492
32de9cc1.qasm,16,success,1.1081809,1.0928936420136683,3.394725713794759,1.093227689424618,3.4538893970793247,1.0931343063555625,3.3867195501466725
32de9cc1.qasm,64,success,2.2914262,2.2886360363442333,2.0363228430979015,2.288908398058984,1.975183413582647,2.2891015649596294,2.0950037029995476
32de9cc1.qasm,512,success,23.9661902,23.69263656435376,58.0196941257742,23.696723808073884,61.27655148959459,23.692734454521837,57.324792554043306
32f44532.qasm,16,success,9.8694186,6.7490135412804095,7.789031838039161,6.703089482568373,7.40531230914533,6.688307771041985,7.615094613214514
32f44532.qasm,64,success,0.2578694,0.38892097613579946,4.238418667984951,0.3746528265161608,4.0319817046757835,0.38971197499344884,4.204343110418828
336f664c.qasm,16,success,0.1830161,0.4007241853330498,8.076257483679498,0.4308091214141583,8.101337952465933,0.4051843407361205,8.670019275407022
336f664c.qasm,64,success,0.9599532,2.495236877704188,6.347370622406394,2.6237813285725964,6.1289504812940665,2.5706706686987943,6.3514967059290734
33a2f9be.qasm,16,success,1.0288815,1.077457529847253,5.954160684551439,1.0782782664705945,6.075103810430829,1.077666167329692,5.670977856537638
33a2f9be.qasm,64,success,4.3299639,4.301770608925475,5.170042947609697,4.3029041512301625,4.919693928609299,4.3033119410569,4.67047686354678
33a2f9be.qasm,512,success,94.16065650000002,95.07359602492339,155.67666379283682,95.0914503182971,166.1657852341399,95.15237787193986,149.81967991352596
33c62fb8.qasm,16,success,30.588287800000003,56.26798860010786,10.167658792048647,58.77856182685016,11.140368995533436,59.94825291340495,10.586343863236513
33c62fb8.qasm,64,success,12.3254206,14.372463072772124,12.477990321979755,14.675356416264128,13.377040873335016,13.866571141211047,13.810722893271308
33c62fb8.qasm,512,success,30.066362499999993,9.881907109388838,9.558536845997596,9.707406355723423,10.174928945525345,9.857082684718499,10.686797157457391
3436484d.qasm,16,success,1.3751076,1.4051815877445153,7.9941466980083735,1.4052734322750176,7.781550865156094,1.4050109146027403,7.742338610062323
3436484d.qasm,64,success,5.724491800000001,5.721879552312255,6.146652283081836,5.722071117840754,5.857168699814841,5.721942352132605,5.515370768457965
3436484d.qasm,512,success,133.89079619999998,134.049549346152,204.19311793304576,134.0513254386477,214.04592265186065,134.05208852901507,202.84599493577005
36d0ea8f.qasm,16,success,0.21199920000000003,0.1814306658807034,1.8942594758855344,0.18116407025488618,1.7329339765832013,0.1815449505632254,1.8366451754799895
36d0ea8f.qasm,64,success,0.4986337,0.5698988177163653,1.6486732178651582,0.5713186318921745,1.7242821785602036,0.557497522672414,1.5650118237834338
36d0ea8f.qasm,512,success,0.24181749999999996,0.18370382540625652,3.653101549846321,0.1830909895652117,3.6814561779130095,0.18337341099644464,3.5996051783270064
36e23777.qasm,16,success,1.4011911,1.3961723558419947,9.807373097106336,1.3958662002159508,9.095254436674068,1.3961925673097584,9.123255488656316
36e23777.qasm,64,success,7.946151799999999,7.9572046131206955,7.527144013985959,7.955536345592682,8.502898053591025,7.958242912209841,7.434560718459825
36e23777.qasm,512,success,294.89537780000006,284.76443450715715,292.554435495763,284.5919033024871,310.2637142308342,284.688070473651,293.5284433785482
371eea68.qasm,16,success,0.1772997,0.2131221829300539,0.21131285973485345,0.21329432327009828,0.20965669540532386,0.21358900930357172,0.21060902186272193
371eea68.qasm,64,success,0.2752777,0.4694854919816895,0.5534022731693227,0.46353313941843277,0.5468711217256796,0.45710038114901486,0.5651375972534005
376d7d92.qasm,16,success,0.1843133,0.19686891873399268,1.0004507393794966,0.19622869182494157,1.0803071076371222,0.19704493216642996,1.049644839637417
376d7d92.qasm,64,success,2.6315011,2.5409751268498515,2.318674592223384,2.493253434628114,2.3519232629068307,2.519242775894586,2.216018418875568
376d7d92.qasm,512,success,0.17325090000000004,0.19278788209747857,3.305999621866282,0.19287655391951192,3.078838277078062,0.19135514318616453,2.9172517701935865
37bd268c.qasm,16,success,0.2436995,0.32190658880175566,15.043715870292536,0.3289866341640279,14.873267697720685,0.324530732319548,15.546206050237004
37bd268c.qasm,64,success,1.1299787,1.847804058344033,10.1113065883099,1.8389530287662228,9.366846518750423,1.8367746146564183,9.824926186953245
37bd268c.qasm,512,success,0.2388701,0.2358791573645577,37.292050188963394,0.23326853162453257,40.237627040371954,0.23430357603571283,40.13135606894101
3814b0b9.qasm,16,success,133.23585000000006,126.85625192050092,113.25258072486142,127.9422293261724,99.56182949295311,126.90521070372509,90.43776301196097
3814b0b9.qasm,64,success,255.78723799999995,170.36562478340778,14400.0,170.93431434646874,14400.0,167.43261833128324,14400.0
383bbcad.qasm,16,success,0.18195030000000004,0.18900774921385013,0.2004304875706274,0.18929346761959462,0.20150419169072586,0.1883985447010923,0.20118803203308688
383bbcad.qasm,64,success,0.6394028,0.5339088317611383,0.45485069870767153,0.5412323698731839,0.45148002890928735,0.5402923108607607,0.46855524906177104
383bbcad.qasm,512,success,0.1866326,0.19780752025583526,0.21446208767081248,0.19649684625066816,0.2148117168866988,0.1962814597350079,0.21671968488463217
3841ff5b.qasm,16,success,2.0053667,1.9924035159516524,15.522513949612,1.992267136762242,14.614559945999924,1.9922604504626318,15.142373343590608
3841ff5b.qasm,64,success,15.528729499999997,14.428157077690473,13.224494046536412,14.511334375101768,13.233389149115373,14.43901621233837,12.34722314976008
3841ff5b.qasm,512,success,698.9163240000001,690.6970049491817,513.4171957486554,691.1530645829694,547.9079961919839,690.5422902987297,550.7212530656316
385fa1b6.qasm,16,success,3.8934353,3.0600527999012406,6.2918124986812956,2.9675374994581896,6.389220070297223,3.233474385764585,6.134835977819559
385fa1b6.qasm,64,success,3.5853261,2.652888541426675,2.2827046670606865,2.6538168001393783,2.338271345736998,2.437903773506398,2.319280368196536
385fa1b6.qasm,512,success,3.8160909999999997,2.8815599570954786,3.865937130393521,2.988613691354226,3.621188138133224,3.1062436993857383,3.582955962404118
386534f5.qasm,16,success,1.7916922,1.7954106667661223,10.589771612637756,1.7953961945729928,9.71125511934499,1.7953649982951043,10.272474574574279
386534f5.qasm,64,success,10.0276048,9.976019817192352,8.381857792166816,9.97600868216723,8.59104628723879,9.977045871839124,8.15899881540161
386534f5.qasm,512,success,387.70292720000015,372.19797827224914,333.5814492276287,372.1796948000752,353.18306586524335,372.1280816710526,338.08202436512835
3a8d3e53.qasm,16,success,0.2819158,3.3968474176321055,3.1616453869314256,3.470167865032025,3.298714260261241,3.3996329623741537,2.9239751714853734
3a8d3e53.qasm,64,success,1.254632,2.7680173408360975,2.226156140349671,2.84324550422128,2.3401269695037965,2.738510475787665,2.1853452286952995
3a8d3e53.qasm,512,success,0.2745265,2.9192858410292235,1.4897166128447221,2.8627163755317366,1.4456107967269316,2.738969442698293,1.5086348523704582
3be98d6c.qasm,16,success,2.6949336,3.134366618267427,9.041127561229677,3.3919847637848624,9.5666935730276,3.133850810270088,9.34311101586994
3be98d6c.qasm,64,success,18.448310400000004,7.555586625562945,5.312361295518942,7.443337384040514,5.19106456274978,7.306688725829717,5.437972465124115
3be98d6c.qasm,512,success,485.3121658,381.57151430911165,90.23251799055568,342.4328804027944,94.17724182423798,343.8932427953786,83.07287816836329
3c1f4948.qasm,16,success,0.1785881,0.21923557655884454,0.3145493202140319,0.21755654020118495,0.321239379309401,0.21635580973709878,0.30531935809215943
3c1f4948.qasm,64,success,0.21056039999999998,0.18844289836676492,0.2912652141424163,0.18874120236711547,0.29926841512711827,0.18841230081954793,0.2879867475778387
3c1f4948.qasm,512,success,0.17540579999999997,0.19399150270209722,0.28056595439008597,0.19310311035244598,0.2732978374783032,0.19247289885164282,0.2882660925466148
3c2f55c1.qasm,16,timeout,14399.999999999989,14400.0,1893.0017334220277,14400.0,1893.0017334220277,14400.0,1893.0017334220277
3c2f55c1.qasm,64,success,10512.19065499999,3763.145143386647,1893.0017334220277,3763.145143386647,1893.0017334220277,3763.145143386647,1893.0017334220277
3c890561.qasm,16,success,16.929373900000005,5.406708937741277,2.714701088303798,5.673633268193293,2.792486045550636,5.6039272185656985,2.8109368154532297
3c890561.qasm,64,success,1.2557023,1.8721954478100566,2.3371382173451534,1.8951269483672206,2.412981269591216,1.82794511006593,2.5442624938825755
3c890561.qasm,512,success,17.211887000000004,11.609983298808146,39.020114273607,12.223708153210735,41.453013868519584,11.077732560519959,40.939732841408585
3ccd19ee.qasm,16,success,2.046703,2.060661197215877,13.130573590110334,2.060764410552496,12.03191352773794,2.061059815523089,12.948544459460322
3ccd19ee.qasm,64,success,12.164556399999997,12.144814115092945,10.020869104160159,12.132667819752228,10.198063757514765,12.145411463978398,9.569274595005572
3ccd19ee.qasm,512,success,483.04813420000016,485.55039797973393,428.99053772593095,485.5391095778771,458.5979536879917,485.4957643449432,440.48676082431604
3db115f1.qasm,16,success,0.2136195,0.22531653343969127,0.24337473021317496,0.22564450123966298,0.24070142051144444,0.22399766551556896,0.24457451882958056
3db115f1.qasm,64,success,0.2706139,0.44700103883312275,0.5517601113831377,0.4497507638806792,0.5485014081116102,0.4454708303901353,0.5483037898308066
3db115f1.qasm,512,success,0.17478360000000004,0.3809062953578319,0.3514412009790946,0.3619303545589782,0.34444532186460974,0.3438969102917309,0.37251899486595763
3e2fde05.qasm,16,success,1.4735673,1.4432808673231157,9.590824800066981,1.4432596849326549,8.795725632351004,1.44306408741487,8.722920452485557
3e2fde05.qasm,64,success,8.440909600000001,8.501437738256453,7.678800538532388,8.501198256234836,7.754661970226635,8.501621910918036,7.445764201732982
3e2fde05.qasm,512,success,314.5541481999999,309.0065192986042,286.9152851629496,309.0571594395819,295.805386505783,309.0420466641094,286.7936673537812
3e730381.qasm,16,success,0.1677842,0.18075019822429605,0.7079576324327487,0.1805103027578998,0.7408283455038512,0.18047450773554255,0.688335530229277
3e730381.qasm,64,success,1.4118832,1.5260955849250297,1.146849805960618,1.529809472352901,1.2043759505579101,1.538307926310386,1.1775457852322486
3eb6cff0.qasm,16,success,13.542158100000002,114.44273817531838,6.849383964336716,109.98200852945969,7.4095911130432,117.07091353551624,7.047808609076943
3eb6cff0.qasm,64,success,12.568248899999999,46.535807519909824,11.70398206262342,54.721432474164594,10.319968357528442,55.61941612466532,10.352342868273942
3eb6cff0.qasm,512,success,13.965547100000002,17.871190028247245,14400.0,16.555641980957706,14400.0,14.364686370581339,14400.0
3eca4614.qasm,16,success,1.7950401,1.7918727020437168,10.589771612637756,1.7916836195259382,9.685712862674729,1.7918574861972167,10.272474574574279
3eca4614.qasm,64,success,9.9800103,9.998029903204255,8.355080486159968,9.999010562458842,8.59104628723879,9.997761710676777,8.15899881540161
3eca4614.qasm,512,success,372.2380488000001,377.9918350032861,332.99282277202525,377.9267620596392,352.5687630354304,377.8833284734306,337.40017621129897
3ee85ccf.qasm,16,success,1.0895266,1.1050042019857738,3.8220178584799833,1.105027061523464,4.024773015504543,1.104968996586877,3.7646923694569243
3ee85ccf.qasm,64,success,2.564209,2.5701678462841246,2.2896071039067274,2.570861403321211,2.2915760754212324,2.5708970294402493,2.3566858215092106
3ee85ccf.qasm,512,success,34.452299200000006,34.33828213759738,94.90197986637061,34.35241063242945,106.3955489229364,34.363431727464885,97.82995918022179
3f072f57.qasm,16,success,1.2063047,1.1108922021742254,5.923018470826552,1.1106479280966914,6.074149805434616,1.1101878961729932,5.666451973474685
3f072f57.qasm,64,success,4.3106777,4.310046078146398,5.170042947609697,4.310247040142936,4.927627626841791,4.310315550894859,4.67047686354678
3f072f57.qasm,512,success,94.2666482,95.09771221779658,155.12544677008555,95.12761845020722,166.90887568686034,95.04098714634262,150.19183579568158
3f858470.qasm,16,success,0.4377763,2.161773430516052,2.4663486235053624,2.065497743268027,2.684164407164509,2.0199759414019294,2.616984630750767
3f858470.qasm,64,success,0.7186984,2.05244026507128,1.213715664233937,1.9304886919111193,1.1977995975575753,2.0735568948321434,1.2484404497628563
3f858470.qasm,512,success,0.4335088,2.825593424454207,2.0775967986674635,2.9401404039124994,1.9495452693622448,2.825339582654589,1.997304871641203
40b719e2.qasm,16,success,240.8145595,219.9147363058942,120.85087737941241,220.77777068668823,108.10487208247307,223.4574841172872,93.0046246599643
40b719e2.qasm,64,success,419.87369199999995,269.6851158055634,14400.0,267.72149414807876,14400.0,276.8724998883811,14400.0
40b719e2.qasm,512,timeout,14399.999999999989,12335.777332917396,14400.0,12365.73475297331,14400.0,12508.932514815808,14400.0
40e78b26.qasm,16,success,0.1820556,0.21105757775092585,0.2186521325258273,0.21205766411439037,0.21754373234566562,0.21054551496271415,0.21697357608322873
40e78b26.qasm,64,success,0.1782775,0.24713928690336512,0.2938452257078971,0.24962155193619417,0.298446769878824,0.2446823134262798,0.29484269754010467
41bd27aa.qasm,16,success,1.101841,1.821199562895255,2.9333552683655033,1.8385117690349306,3.1034828846685607,1.8140716254710774,3.4228029726154876
41bd27aa.qasm,64,success,4.6966688,4.6539731382879195,2.510394682867633,4.67140817988494,2.4162600406680914,4.741430019182239,2.516599081230079
41bd27aa.qasm,512,success,153.17248469999996,233.08943790090953,44.38354420043834,235.76366128167075,45.595016381358874,229.70894263182637,46.236594032524415
42a256ea.qasm,16,success,1.735077,1.735005702914424,10.670546892196027,1.7348262877994642,9.748700561368105,1.7345089263327664,10.233958858336312
42a256ea.qasm,64,success,10.099978700000001,10.07394434764592,8.586986868405642,10.073910963156093,8.810268166820801,10.075097937451911,8.559306643792441
42a256ea.qasm,512,success,403.5172516000002,403.82458488500527,359.5272072223409,403.82125319183444,376.92059132071705,403.7632842792596,357.45029534942813
42a71e24.qasm,16,success,16.5057448,4.20883979871562,4.914267994260964,4.102370883625343,4.707411019848304,4.135479805982126,4.897860378954836
42a71e24.qasm,64,success,30.1654734,19.94805315367306,9.55992262234118,20.249994603371153,9.465993904919825,19.543140601566268,9.279762323248361
42a71e24.qasm,512,success,1844.9185097000002,1076.1960434224459,505.6844760434384,1163.7411046305756,492.8092906338385,1145.4559177217309,505.43549939319
42fa6cae.qasm,16,success,1.9149404,1.9404469646705522,14.161944084010877,1.939373573115226,13.124394897434833,1.9401611713603333,13.911324558187903
42fa6cae.qasm,64,success,14.109905799999998,14.121265620842399,11.441296253880024,14.121004682287406,11.715260984444917,14.120355228760825,10.988700811783188
42fa6cae.qasm,512,success,563.9146286000002,546.3824244030416,403.6579182227891,546.7512545982278,431.2546615880724,547.3229709881304,423.28985170307936
43168c33.qasm,16,success,0.17956979999999997,0.19230112879735534,0.19634040833258978,0.1923798117379162,0.19694608450390533,0.19247780468681924,0.1971115177009307
43168c33.qasm,64,success,0.1776479,0.18802639574428157,0.23966265750904225,0.18792884385127687,0.2344229803695334,0.1872891999988262,0.23533062183140907
43168c33.qasm,512,success,0.1781855,0.18878078960933273,0.1934319409369868,0.18898821030980117,0.19695561858128524,0.1885040354351969,0.1969105696836845
4318a3ef.qasm,16,success,1.5160106,1.616779297890547,9.243401425069841,1.6163290369163466,8.639366619673995,1.6176183342931971,8.807341658861926
4318a3ef.qasm,64,success,7.7249488,7.723675578893097,7.422254727243724,7.723514984020941,7.822437772004967,7.7232222758103655,7.156743272925247
4318a3ef.qasm,512,success,261.0483979000001,266.84048357392635,285.84171661679096,266.8155284191585,289.95863585871797,266.81616617413766,282.2793997151257
4327c91d.qasm,16,success,1.7815141,1.7341471485332909,11.928686382330891,1.7336796137659425,11.145049095126517,1.734127956084563,11.641367979954167
4327c91d.qasm,64,success,12.242160500000002,12.248285560120852,10.52475717628522,12.243062773318245,10.834457768777996,12.245235036203102,10.027827219226758
4327c91d.qasm,512,success,470.9695791000001,463.06804345778573,395.02615154568997,463.0208661827307,407.9664903227156,463.0029260665556,405.762825605333
432efc30.qasm,16,success,0.1794426,0.23731680243305886,0.2894783695242336,0.23783780333076093,0.28596715007092255,0.23760034418975576,0.2886239767294359
432efc30.qasm,64,success,0.1695758,0.2436523619864655,0.31407629644066765,0.24313612612280225,0.3114288390100486,0.24462718864881683,0.32350715485063164
432efc30.qasm,512,success,0.17470619999999998,0.23384951458331765,0.28646316673012,0.23394056365964583,0.2982113368798873,0.23344135825057674,0.2942282187678025
445caba2.qasm,16,success,0.18654210000000002,0.182367925369141,0.2516905297152291,0.18273573797064527,0.25125891484089913,0.18234061896465184,0.24758179117194481
445caba2.qasm,64,success,0.1677918,0.1998859597334173,0.3103498412517778,0.19928869275835182,0.30938088156634186,0.1993424935141142,0.32197899730602003
445caba2.qasm,512,success,0.1767249,0.18511850412454436,0.2867609359832462,0.18489212789107073,0.30215862547450645,0.18522028672290436,0.27886205981601814
448ebca1.qasm,16,success,0.1762951,0.23948188567956719,0.2481362427986546,0.23379756279490324,0.25141758925248986,0.24383601496855287,0.25177628561705434
448ebca1.qasm,64,success,0.2993708,0.245997340016861,0.27933441847395896,0.23891039880653211,0.28234479472880447,0.2428700145522588,0.2870364909006913
448ebca1.qasm,512,success,0.18492459999999997,0.32058442168283974,0.2677447957628931,0.3243882885368861,0.2823832621915754,0.31920898509822815,0.28240829373331705
46073cb3.qasm,16,success,81.2164082,101.78519507551026,4.381938847777391,89.25025633072967,4.713034149115513,95.34352572198797,4.454189288456504
46073cb3.qasm,64,success,28.287276099999993,27.71175785330618,9.369901861025902,26.398220942764873,8.27019339065644,25.998738259366153,8.471340435163807
46073cb3.qasm,512,success,82.40704189999998,13.912577461548127,14400.0,14.16294372205107,14400.0,13.9889040021358,14400.0
46188cf9.qasm,16,success,2.0354675,2.0594295099888122,13.130573590110334,2.059433939694112,12.029801767713975,2.059512640897196,12.944435399126748
46188cf9.qasm,64,success,12.1403033,12.161929650799207,10.01869187051592,12.163077901932256,10.169112674601879,12.162535401608931,9.566453742838037
46188cf9.qasm,512,success,496.7963674000002,483.619326872193,431.7122505478045,483.74938751684033,458.5979536879917,483.722999803098,440.48676082431604
46de7f9b.qasm,16,success,7.0660452,5.96861771182294,6.831882473273786,5.999235380852554,6.295990837178802,5.98158156038393,6.791274943514853
46de7f9b.qasm,64,success,0.17458329999999997,0.18743841568761657,3.1592428742221244,0.1875559088728291,2.9490842377781976,0.18841274367729577,3.059114588424968
4737100f.qasm,16,success,118.890095,109.4821656358344,33.64421464377261,131.03196101924382,32.84360449092554,119.17644827635783,32.74886747983334
4737100f.qasm,64,success,214.64638220000006,242.02642181744363,67.12158181944982,239.97549135002518,69.21687919143079,239.36082207283923,71.70256906293208
4737100f.qasm,512,timeout,14399.999999999989,14400.0,14400.0,14400.0,4729.866357453868,14400.0,4737.70950331338
474aa01a.qasm,16,success,1.7337241,1.7519226324041335,13.505764094999405,1.7518561509256523,12.402038702147538,1.7520257569400102,12.868501467127611
474aa01a.qasm,64,success,13.154595900000004,12.26337619924867,12.00913781492912,12.263072472800678,12.198737156505404,12.218497100020967,11.335024838297354
474aa01a.qasm,512,success,584.1059148999998,577.2083870460418,487.09034543004543,576.5517747784936,502.7562363236963,577.4235416491917,509.7673110014322
4846208f.qasm,16,success,4.935263999999999,0.37589643883924745,0.37514837061790457,0.3648428981997936,0.3677981095842595,0.36708370045103544,0.3743138080064228
4846208f.qasm,64,success,0.23925899999999997,0.275468214230792,0.4069141103078663,0.27530956153460195,0.3895387579428815,0.2775500055504264,0.407028898114613
4a262567.qasm,16,success,1.8019782,1.79126221699656,10.598741446111902,1.7917549147434766,9.714507202152175,1.7913859837145898,10.286888210708979
4a262567.qasm,64,success,9.9888149,9.995545498592103,8.355080486159968,9.996287902048163,8.61179557390649,9.995463763671381,8.175302258578393
4a262567.qasm,512,success,371.86355819999983,381.14807146864035,334.2933158553487,381.0008124429296,353.72021896006214,381.10474023723606,338.59621041548564
4a5eba47.qasm,16,success,0.1833999,0.1780030539943723,2.77610233094378,0.17816810625318313,2.8382868498626994,0.17775410600406052,2.7917093923331904
4a5eba47.qasm,64,success,5.2547247,4.173671904426891,4.9849868555930605,4.162732191221237,5.024797679743498,4.183980381373929,4.750140026314782
4a5eba47.qasm,512,success,0.1847617,0.1785151303983922,12.013181501549605,0.17850704438353848,11.851722955637625,0.17848681961136714,10.998617270270408
4ae57e38.qasm,16,success,16.3446989,1.7941360225510488,1.6314231928731957,1.8182795524991335,1.5945666159494667,1.7360531998335686,1.6920461196496526
4ae57e38.qasm,64,success,2.3998315,2.1196263649309555,2.0322773538706613,2.0910482006527227,2.1602806560213805,2.1170651089838,2.0602439789712697
4ae57e38.qasm,512,success,37.56116829999999,57.14815930351813,83.56850332745076,58.10640432785092,94.21489234909463,55.02894948655859,85.42583468706945
4cbdcf4f.qasm,16,success,1.1965732,1.2072389131748875,5.32846667786316,1.2073257457094235,5.452582476058464,1.2068632493125817,5.160900375477719
4cbdcf4f.qasm,64,success,4.1559375,4.1653007474239985,4.427573580754348,4.165284309353157,4.377681062038245,4.166479113598833,4.1256104416223085
4cbdcf4f.qasm,512,success,94.93661020000002,92.08432536535312,143.08109209892007,92.06322620351189,161.95877611597328,92.07417048651534,144.89578579602602
4d59437e.qasm,16,timeout,14399.999999999989,14400.0,14400.0,14400.0,14400.0,14400.0,14400.0
4d59437e.qasm,64,timeout,14399.999999999989,14400.0,14400.0,14400.0,14400.0,14400.0,14400.0
4d78cdd5.qasm,16,success,0.1960339,0.19368526464448702,0.18749160880074453,0.19361372307001404,0.18897867614145664,0.1936035734077318,0.18805648570537178
4d78cdd5.qasm,64,success,0.17771010000000004,0.17098306322950224,0.1885380949934375,0.17092887811933663,0.19117838431853426,0.1709491399183509,0.18979433665633813
4dc2ff13.qasm,16,success,0.179415,0.19213950631567217,0.2020307885215019,0.19223689880337397,0.2022211376832201,0.19231094839908264,0.20310074141957252
4dc2ff13.qasm,64,success,0.6179387,0.6405896913403296,0.4466755479727921,0.6441573041127611,0.43780039373816265,0.6401054217538147,0.4480241497061212
4dc2ff13.qasm,512,success,0.18002370000000004,0.19800727880667618,0.23340834194763835,0.19752488135160925,0.23442441652337406,0.19790128027342033,0.23640578106984073
4e8df7a8.qasm,16,timeout,14399.999999999989,14400.0,14400.0,14400.0,14400.0,14400.0,14400.0
4e8df7a8.qasm,64,timeout,14399.999999999989,14400.0,14400.0,14400.0,14400.0,14400.0,14400.0
4f476879.qasm,16,success,1.1168596,1.1350989236256996,6.8425148146001735,1.1346842023333608,6.758716015837565,1.135683791840285,6.582814382351391
4f476879.qasm,64,success,5.087435700000001,5.081031530048638,5.674355698028719,5.080463632222091,5.369127207747249,5.079076227874306,5.077420653393322
4f476879.qasm,512,success,148.26441930000004,144.44458614595885,193.95635354982713,144.42612367788604,206.49825765011985,144.36801500413011,189.50387829755695
4f48ab57.qasm,16,success,0.5463127,0.5465735944813237,0.6932622867250582,0.5535685991321674,0.6666526353108119,0.5454165494194144,0.6818010486345414
4f48ab57.qasm,64,success,0.4028144,0.7427222796851237,0.9187553372352447,0.7400088056204592,0.8974392705682146,0.7656569716277053,0.8913414394897299
4f48ab57.qasm,512,success,0.9204006,0.7757098951128532,1.1334902852655515,0.770427155323944,1.1437524065486435,0.7995047009868376,1.1487574160573553
4f9a3ab1.qasm,16,success,0.1827227,0.18134457178755803,0.19886994658063037,0.18098652694812487,0.19960625131975027,0.18114624811583727,0.1990457777614228
4f9a3ab1.qasm,64,success,0.2759283,0.2638701025476289,0.4408447111751071,0.26415663374094217,0.4349828014953481,0.26385600545491666,0.44964667363025307
4f9a3ab1.qasm,512,success,0.17816029999999997,0.18486830756537576,0.21567575229825436,0.18651818996840647,0.21494738133242575,0.186403803390191,0.21517961930402102
4fd60583.qasm,16,success,69.0350985,80.31931749198658,62.73367181472784,79.81170870357663,53.99437403281793,80.19303052589154,53.974079368021656
4fd60583.qasm,64,success,3.5823552,4.510562720116689,14400.0,4.5170672697180505,14400.0,4.497318454873093,14400.0
4ffb1090.qasm,16,success,1.9565706999999999,15.526060538029855,6.4299304101035135,14.168402805421275,6.489918099244,15.062266342684612,6.443095839176468
4ffb1090.qasm,64,success,2.7308021,11.476521802467612,7.248703395884997,10.919471355286,7.235749740076571,12.106220988739906,6.422269068556786
4ffb1090.qasm,512,success,1.9538451,6.392474078735548,14400.0,5.977820362036639,14400.0,5.681683668182616,14400.0
5050d142.qasm,16,success,0.21214299999999997,0.2681164582279015,0.3439190960337089,0.2679852373710072,0.34136177265773887,0.26648939385352277,0.3513152850048749
5050d142.qasm,64,success,1.9698752999999998,1.7130557287545862,0.5291255616107546,1.694070158593369,0.5644609256550751,1.704677607042007,0.536328313813118
51b16166.qasm,16,success,1.2138746,1.198768717736922,5.322950393373975,1.1985394542659245,5.456780633449595,1.1990734013098183,5.157299112574704
51b16166.qasm,64,success,4.156859,4.183365965984771,4.427573580754348,4.183586298931853,4.374167183084628,4.182648839190955,4.1256104416223085
51b16166.qasm,512,success,91.95425450000003,92.27085373606889,142.49329919037967,92.2869215443215,161.36026337827283,92.25985901141759,144.06175410888503
51b543de.qasm,16,success,2.9811427,3.0022474198700246,19.915075308458498,3.0020741704018055,18.6655829965726,3.0019633464851383,19.65305766616112
51b543de.qasm,64,success,23.505974599999995,23.634625112233998,18.556125272393075,23.633044737560922,18.756937594340616,23.635359745714723,18.060140496126465
51b543de.qasm,512,success,1080.9138732999998,835.6951180180846,687.5816231413773,835.0485631187086,713.2786012799297,886.5534478306288,719.6647130569623
52b00428.qasm,16,success,2.009074,1.9975070000502104,15.551743658961424,1.997451968900365,14.614559945999924,1.996903719258258,15.142373343590608
52b00428.qasm,64,success,7.728845400000001,15.571263551191104,13.201464612978613,15.573055458323743,13.203865855502057,15.570512074064956,12.32260823993355
52b00428.qasm,512,success,691.5553226999999,688.7593830434007,512.9891808009301,688.805503262153,547.9079961919839,686.6939546066786,550.7212530656316
53442dc5.qasm,16,success,0.1755131,0.20980717004988858,0.27302939974075197,0.2098879632924306,0.27442370314498715,0.20975256957241586,0.27216604857553256
53442dc5.qasm,64,success,0.2352298,0.21305161493611,0.3291261787887794,0.2138728710605262,0.3292652317775682,0.21185592538863557,0.34334218761276675
53442dc5.qasm,512,success,0.18592699999999998,0.19332709377723067,0.29347292821801113,0.19433643346753407,0.3045962725156426,0.1955860433964877,0.28638403131389795
5357322a.qasm,16,success,1.9833841000000003,2.143786393594808,2.274922296040815,2.14096036052017,2.0309333777474023,2.1436241974531276,2.0723008445610143
5357322a.qasm,64,success,0.1795194,0.17273640510678817,1.5853896082519663,0.17275999116698332,1.4638843881300134,0.17291657642306177,1.5376239896691533
5385a9e9.qasm,16,success,1.7063132,1.6920113398746366,10.965967826455913,1.6921655380327025,10.17552742237262,1.6921888093005213,10.660736465078605
5385a9e9.qasm,64,success,10.5206042,10.514224644947637,8.586068303433963,10.514095224779316,8.771745792556858,10.513998058254005,8.577463820230337
5385a9e9.qasm,512,success,406.11038670000005,406.4058228805611,358.8645234660967,406.38256040566625,377.6304694568952,406.38609123109063,363.6774313387494
53e971c2.qasm,16,success,0.1748129,0.2249200524799649,0.2938667632015854,0.23061492859194807,0.2992854162819918,0.2229659719423882,0.2995051749101416
53e971c2.qasm,64,success,0.1728286,0.2245444931539948,0.36934188218637776,0.22564249834108854,0.3759676681503057,0.22686743000220816,0.37620329135948033
53e971c2.qasm,512,success,0.1791764,0.20487978742787494,0.2656917581975464,0.20186569174464244,0.27382384834300333,0.20067872084627428,0.2748763262319911
54c8f710.qasm,16,success,0.5430322,0.7579157264653852,1.0034205494357495,0.8728095703376317,0.9612443708219603,0.7897570125509686,0.9961780293427324
54c8f710.qasm,64,success,0.5765128,0.6763446231829917,0.8486077996006052,0.6764754283328464,0.8625966987015025,0.6911397975196991,0.845677794612386
54c8f710.qasm,512,success,0.5371048,0.937342868448147,0.9556428366371978,0.9460587822361625,0.9611974943016919,0.912030963270956,0.9491144547319297
54f0b8c5.qasm,16,success,0.18011680000000002,0.4166652792179442,0.35743939738891994,0.4269543041023586,0.35572836177541617,0.40527765029480406,0.359671167794131
54f0b8c5.qasm,64,success,0.2660724,0.5749410376651697,0.729088455535104,0.5892015876338486,0.7457260258646267,0.6020177084869172,0.7394416341407628
54f0b8c5.qasm,512,success,0.1865154,2.135066479392329,1.3984228467662185,2.1759413367399647,1.3172850518259447,1.8190245187635237,1.422448794062695
551cc6ea.qasm,16,success,4.0511647,3.453438067766953,1.5012297305134845,3.419784931778944,1.467160369211883,3.425409288742921,1.4131214254238267
551cc6ea.qasm,64,success,0.6177918,2.7566521011012894,4.684596988450444,2.978191554654893,4.171879903475498,2.5252367387888492,3.932267264487096
551cc6ea.qasm,512,success,903.4430423000003,642.6387906762094,146.06726651182498,666.6564505454114,142.86145874578168,645.0017129773336,134.93788056803103
568c1ef9.qasm,16,success,0.1891656,0.18805444718182387,0.19435110165553662,0.18760300558748624,0.19519975205302498,0.18781306195792946,0.19470733979006233
568c1ef9.qasm,64,success,0.24343100000000004,0.28053693983871714,0.44346229624897676,0.28020087248410125,0.448447122733714,0.2806944622897192,0.4582763958699257
568c1ef9.qasm,512,success,0.1862508,0.18838506231443353,0.2039279354884201,0.18821246571221983,0.20379062379419555,0.1884969619309436,0.20461904155772276
574915eb.qasm,16,success,1.6900419,1.3004201994080966,3.3949500877049292,1.3843576510646847,3.728097115095737,1.3377171554218599,3.910474316112905
574915eb.qasm,64,success,6.495244199999999,5.836866887126849,3.799252353952139,5.774178060070545,3.6827474939555462,5.677579260837704,3.926277582206278
574915eb.qasm,512,success,257.82087350000006,161.50156354687442,45.05370949960137,157.8437926589971,45.27098672707396,167.38482131877558,47.23776740505269
577f5adb.qasm,16,success,1.1850882,0.9688419481057726,0.46826049387633945,0.976160708478928,0.45965498646137043,0.9848451035469674,0.46924000144724565
577f5adb.qasm,64,success,5.6904274,3.8672534791855027,1.3142292153088366,3.8820689862657325,1.366046686887521,3.927919456321821,1.275515098492736
587be285.qasm,16,success,1.3891152,1.3987394924413405,9.777785673980613,1.398343592409764,9.093826161792657,1.3991245240222763,9.123255488656316
587be285.qasm,64,success,7.918703600000001,7.954056997259515,7.547728685954892,7.953920018690583,8.503663816308581,7.954437171331876,7.442909115574816
587be285.qasm,512,success,284.79549880000013,284.45364290175706,292.554435495763,284.49925047145734,310.533471383163,284.6093279236595,294.71950926607036
588e0101.qasm,16,success,0.22066920000000004,0.5965472609300929,0.32519717262759956,0.6262474207448082,0.3408551949469936,0.6185833319509808,0.3315714554300033
588e0101.qasm,64,success,0.48802539999999994,0.8153689206714952,0.4637292800355334,0.8840718241802294,0.44296980229700134,0.8569084317187009,0.48090910588529523
588e0101.qasm,512,success,9.7979156,6.050755109119625,0.9321435222580073,6.1179757023543075,0.9171914488780084,5.688009118513623,0.824289661462174
591d39f6.qasm,16,success,2.6787045,2.67495933069121,18.010982615393743,2.674927213697397,16.864030564240128,2.6750700908279526,18.079125353319807
591d39f6.qasm,64,success,20.992547700000003,21.019985847600598,16.45506628697523,21.018481897292336,16.51015935753358,21.020833325597224,16.1674023036912
591d39f6.qasm,512,success,981.4918502999997,969.9645327805597,643.3702067055077,969.9841103801525,671.2522948701604,971.1710730794314,677.5880130254894
59267ce4.qasm,16,success,0.2185542,0.2197384390224396,0.24083488896958585,0.2184970074173002,0.2402017975708816,0.2181926927414936,0.24171850529458652
59267ce4.qasm,64,success,0.2873506,0.38626217719482475,0.3687963075834601,0.40322934572436286,0.3765123704089064,0.3857476945380049,0.37650741568022533
59267ce4.qasm,512,success,0.2381152,0.26161628158451794,0.2485459521774129,0.2717416752340922,0.24733636190345135,0.2632487550688648,0.25315446918735773
5a4964e2.qasm,16,success,3.0040687,3.0031188606551384,19.915075308458498,3.0029182729280315,18.6655829965726,3.002692192120863,19.65305766616112
5a4964e2.qasm,64,success,23.571399400000004,23.636088431157205,18.556125272393075,23.63521629291029,18.756937594340616,23.63627054851803,18.060140496126465
5a4964e2.qasm,512,success,1113.7247560999997,819.5641792755695,687.5816231413773,817.4713339290288,713.2786012799297,880.6715421111741,719.6647130569623
5a741dbe.qasm,16,success,1607.2905075999995,255.30028809928345,255.30028809928345,255.30028809928345,255.30028809928345,255.30028809928345,255.30028809928345
5a741dbe.qasm,64,success,63.61018129999999,186.37259047056216,186.37259047056216,186.37259047056216,186.37259047056216,186.37259047056216,186.37259047056216
5a9f20b0.qasm,16,success,1.9873639,1.9242472186584114,14.058229101019919,1.924005308706909,13.151405617773378,1.9243651074491577,13.984198200156323
5a9f20b0.qasm,64,success,14.174923699999999,14.071222693160324,11.443781384086519,14.060322405615135,11.701853857729906,14.065680487673507,10.961873368082566
5a9f20b0.qasm,512,success,556.7358081999998,555.0935165351873,404.0666627480333,555.3992617136055,431.0077717212787,556.2370763583845,423.5522514959069
5b419375.qasm,16,success,5.069990999999999,3.59108521276636,6.978568866970847,3.527462887611223,8.02084600550309,3.495541513893946,8.265034584364205
5b419375.qasm,64,success,18.199755699999997,12.99721163416602,4.456359130827442,12.931594976186569,4.265007654955674,12.944596591726214,4.519893350508365
5b419375.qasm,512,success,735.2598270999999,518.1046983612734,84.00622404983343,511.67431900583006,85.44951311754225,508.7273462173974,85.31630143025403
5b482142.qasm,16,success,0.18248999999999999,0.18856382660071178,0.19855553098367998,0.18822349205332314,0.19858248964514988,0.18803574317765134,0.20096168980430826
5b482142.qasm,64,success,0.176904,0.19545776881869448,0.18596915773955927,0.195260051589777,0.1868084879059295,0.19922950503519468,0.18670842698534357
5b58ce32.qasm,16,success,0.23533430000000002,0.22406142906049792,0.19781745381387922,0.2228895500428256,0.2022151490737977,0.22537308002674536,0.19807298968938428
5b58ce32.qasm,64,success,0.1714296,0.21697377005409474,0.24440089704648754,0.21495671386163356,0.24587430940393443,0.21534819777555703,0.24111319688494692
5c176f37.qasm,16,success,2.1709223,1.969104875861248,1.1428156407644432,1.9363097413811075,1.1083784410447461,1.937853191975377,1.098191951048236
5c176f37.qasm,64,success,0.177055,8.408024598302774,3.822814414194651,7.84454223562393,3.480651054105051,8.384734235457023,3.2623339050884983
5c176f37.qasm,512,success,218.88470399999989,442.61716754803234,97.78241387710176,460.14694485657645,87.21861987161331,439.37199710244533,89.32956512491646
5c2359c8.qasm,16,success,18.8537477,6.142951910994147,3.0993608074581984,6.081675478690789,3.0899846188707096,6.281103668490971,3.029700581589241
5c2359c8.qasm,64,success,0.8920383,1.6304894773732768,2.5664080903253614,1.5611488893012422,2.7673708211160837,1.7033952568300155,2.7520391061557343
5c2359c8.qasm,512,success,26.214138599999995,13.960953932543413,42.49296801082148,14.25132800793228,45.437738303188496,13.550874207176074,41.86803359861866
5cfcb9cd.qasm,16,success,45.6465889,20.68903430521518,10.231292329599759,22.094555662148213,10.413752119310448,20.109334480272565,9.975498204995839
5cfcb9cd.qasm,64,success,42.3598636,22.903691256609083,4.906533389903525,25.251121432067897,4.910198356503195,22.000927445356236,4.85425591772548
5cfcb9cd.qasm,512,success,45.74182770000001,22.82799722008059,4.7144017179290145,23.500018130960676,4.876466842547928,25.49474776706571,4.65532657875727
5d14d092.qasm,16,success,1.8427508,1.8530534725611199,12.124087127783637,1.8528308701075322,10.944109355682835,1.8525405257812797,11.609093233916246
5d14d092.qasm,64,success,10.707354900000002,10.683600616641696,9.646113706578419,10.683634467412581,9.828853822693107,10.685076460611775,9.349562817393487
5d14d092.qasm,512,success,449.6638395999999,433.6610186631939,440.87124472876,433.8220813105207,470.1451323871902,433.9585007106752,452.0302788302243
5d2b11a2.qasm,16,success,1.7544678,1.759195260526074,13.52754690778393,1.7590153649102018,12.418942043768523,1.7587630894812245,12.887156083814567
5d2b11a2.qasm,64,success,6.910084599999999,13.076415194824687,12.014518793772172,13.07406111982055,12.162757443775991,13.084829678730378,11.273112888911175
5d2b11a2.qasm,512,success,578.8071934000002,570.5545834564848,487.086214986472,570.556053994253,503.29106462837484,569.9901113509873,509.87990591694614
5d565485.qasm,16,success,1.7579763,1.7489784157209471,13.52754690778393,1.74889224896634,12.447080122459525,1.748827266468341,12.887156083814567
5d565485.qasm,64,success,13.180583699999998,12.694470232322427,11.96270794324716,12.695773961477222,12.176668130461147,12.718796424568774,11.273112888911175
5d565485.qasm,512,success,577.6552693999998,576.9338459432058,487.40622840286096,577.0250718947241,503.29106462837484,576.9746266769994,509.87990591694614
5da1db4b.qasm,16,success,1.6695542,1.6537455088705404,9.8253233189406,1.6536932845025525,9.02370007595916,1.6527328152597356,9.383862517954807
5da1db4b.qasm,64,success,9.5052925,9.504221926757433,7.71081140759481,9.50599272783837,7.923722909829932,9.504794767943682,7.60114164532176
5da1db4b.qasm,512,success,340.80459760000014,344.9462282480332,309.4271629502833,344.9243548536356,322.35537518023926,344.92296675832586,308.17893907734526
5e3dc35d.qasm,16,success,0.1754587,0.20238836363000362,0.2562485380418549,0.20176307567902171,0.2485217340170159,0.20197316480679242,0.257219997620901
5e3dc35d.qasm,64,success,0.1674483,0.17568100761343303,0.2600711458076188,0.17385922520491365,0.2540544789620279,0.17460074328063097,0.2599856175929307
5e3dc35d.qasm,512,success,0.1802698,0.19281750355090854,0.2548772977896202,0.19243304243606832,0.26620979336801065,0.19249931717726285,0.2602183292470635
5e4c8439.qasm,16,success,1.1020779,1.106561160759799,3.7992240996718034,1.106714433403456,4.023478904373197,1.1064207398264714,3.7646923694569243
5e4c8439.qasm,64,success,2.5658197,2.5652061807243562,2.28549568203708,2.5654287424112234,2.2873979854601876,2.5636341497933697,2.3524539471365693
5e4c8439.qasm,512,success,34.3699009,34.55505408949236,94.24771458421826,34.535537067853575,106.2781206060272,34.53995055966799,97.28156967346392
5e6b0a76.qasm,16,success,0.9429384,1.2640893106441642,1.2972476264878903,1.251862138873188,1.2541311210434047,1.2696458138284956,1.2552024015831995
5e6b0a76.qasm,64,success,0.8332049,0.6094210552180378,0.5835473076949382,0.611439273322409,0.6122712384636109,0.5979873909705824,0.6140641095834264
5eaee29f.qasm,16,success,0.9021112,0.47391642207852186,0.6739773251061881,0.48372669075952945,0.6690013075209691,0.46145085065493396,0.6782456739065196
5eaee29f.qasm,64,success,0.1723742,0.2808054925609065,0.33774158486212047,0.2770033221027112,0.32645415366849695,0.28251183141336167,0.337274633692192
5eaee29f.qasm,512,success,0.8121324,0.3828197902206824,0.44613899774872795,0.37166116746109157,0.4517302968729531,0.3717643092635453,0.4575706351914893
5ed4dd47.qasm,16,success,0.1778839,0.20292076050195845,0.1928293871535545,0.20259817744966502,0.19351027218519812,0.20200730759701774,0.19373204447386727
5ed4dd47.qasm,64,success,0.1692181,0.17066138014881987,0.2177555754608195,0.17066041722896724,0.21507158622044295,0.17088665171169912,0.21682557005338682
5ed4dd47.qasm,512,success,0.1719626,0.18770683878889516,0.19429896939915478,0.18713148983749717,0.1953486569296508,0.18771989667869737,0.19569316169404308
5ee9c404.qasm,16,success,0.6110617,0.18447505015745405,0.6283093233246226,0.18480298298562514,0.6475962337968831,0.18463973139001133,0.6649153156138614
5ee9c404.qasm,64,success,0.3699508,0.16613755804720776,0.4929053580377085,0.16653261882547518,0.4708048816961377,0.16627585848549542,0.49077978622980317
5ee9c404.qasm,512,success,0.602949,0.17957870078069935,0.5089815296064798,0.17928878352378944,0.5268819672176625,0.1794579135776656,0.5074765296598087
5ef5ff7c.qasm,16,success,1.9424587,1.9241678528620012,14.09292605085341,1.924126171422167,13.167216853726517,1.9242836868404962,13.959792869904756
5ef5ff7c.qasm,64,success,14.129976999999997,14.106471579625323,11.522140589223191,14.107859399555114,11.78380206712759,14.109248022186797,11.095787635181777
5ef5ff7c.qasm,512,success,549.4164624999999,559.0814297534139,404.3437477567909,558.9419133983997,431.34179805125854,559.1186635617179,423.6791798379099
5f0ad979.qasm,16,success,1.4398049,1.4552497913744018,9.570098461303207,1.455248112219202,8.795725632351004,1.4554952130593701,8.711626211840247
5f0ad979.qasm,64,success,8.5335451,8.47849713805721,7.678800538532388,8.480235859174762,7.754661970226635,8.479717435641005,7.445764201732982
5f0ad979.qasm,512,success,314.93001089999996,312.4102907743118,287.0748557278989,312.43736577713304,294.7692856120313,312.3709510736464,286.7936673537812
5f39af5c.qasm,16,success,1.206501,1.4769760479523546,4.4089892404452495,1.5169272576038886,4.866312575589018,1.5697865580341661,4.57444205364314
5f39af5c.qasm,64,success,1.2441665,1.3640876881904407,1.5219750203228313,1.3567333811869362,1.5274195908069168,1.310042585033264,1.5202858141920015
5f39af5c.qasm,512,success,1.2038937,1.5067233733789749,4.06186785460211,1.4438776619379972,4.150266022494681,1.5043080520709713,4.0618217328905395
5f6a8a9b.qasm,16,success,0.21687830000000002,0.18899902932819845,0.2357074898956881,0.18892624403132882,0.23297391168703166,0.18890660897498388,0.23559846983640115
5f6a8a9b.qasm,64,success,0.1669181,0.21240137631380834,0.2810276652689582,0.2124211059151104,0.27563916384812004,0.21355652079778772,0.278429090822136
5f6a8a9b.qasm,512,success,0.2251206,0.18481298386104664,0.19760759059560998,0.1849300147421501,0.19798826225835495,0.18557561373369488,0.20222684471169614
5f79d6db.qasm,16,success,1.4444159,1.4476467388798444,9.604968551988255,1.4474980557071826,8.818216444805488,1.4475096152202251,8.7476210647966
5f79d6db.qasm,64,success,8.4894781,8.470708886474249,7.697226430337383,8.46973894404838,7.793309879152281,8.469968538404254,7.492582607532953
5f79d6db.qasm,512,success,309.13355079999997,312.530043470266,286.9152851629496,312.5478369268097,294.6450965443034,312.5271579938195,286.713949141206
613afa2d.qasm,16,success,1.1619439,1.1316389857503633,5.927568766216009,1.1287445322455565,6.074149805434616,1.1289857774329677,5.666675646574085
613afa2d.qasm,64,success,4.2897754,4.297250285795751,5.170042947609697,4.298359472310334,4.927627626841791,4.2987819945013666,4.67047686354678
613afa2d.qasm,512,success,94.37437180000002,95.06469482451638,155.9709696786584,95.0449049282662,166.90887568686034,95.075792665971,150.19183579568158
622c4417.qasm,16,success,1.8900389,1.9456168939619003,14.058229101019919,1.945323307383448,13.151405617773378,1.9453321960596788,13.915269484413528
622c4417.qasm,64,success,14.084895399999999,14.13151466890923,11.442750861088301,14.136555565892651,11.697787352516738,14.134478063585288,10.96088624134271
622c4417.qasm,512,success,556.6662470999999,553.1505085962275,403.6579182227891,553.2014810296957,431.1690961324553,552.5745600872775,423.28985170307936
635bd24f.qasm,16,success,9.4363397,6.532419988568088,7.8044304900409704,6.474325340957453,7.322414329410666,6.480873195534902,7.570678583039158
635bd24f.qasm,64,success,0.2822097,0.4203928328595113,4.4838555470777095,0.4075499598087943,4.213749044113905,0.42035577170772803,4.387996438074472
637811d8.qasm,16,success,1.9822721,1.9991775440129853,12.800296748221468,1.9997664208656465,11.91418785794361,1.9997225537111536,12.555065051175326
637811d8.qasm,64,success,11.433697700000002,11.488774274859793,9.739358336049808,11.485893491147609,9.94571333040569,11.488172760820138,9.535234470573222
637811d8.qasm,512,success,435.3994821999999,437.8524178129961,420.6119687791492,437.91791577663764,447.6997933953868,437.8807644843996,441.0488768137406
63aaa50d.qasm,16,success,0.1790994,0.3179115905070012,0.40562952749849096,0.33917337656981755,0.42342163114665093,0.33382277344959754,0.4033072960484234
63aaa50d.qasm,64,success,0.3013606,0.4214769385971265,0.7014662747942965,0.4220389765273818,0.682728809393769,0.4133117035717729,0.7242380684580723
63aaa50d.qasm,512,success,0.1729242,0.41874996753098,0.8767736264146992,0.41627930715912953,0.896884792761467,0.43149580998328213,0.9756118691124961
64273f69.qasm,16,success,1.3970083,1.392988332703744,9.807373097106336,1.3928845899251068,9.095254436674068,1.3932389784997548,9.123255488656316
64273f69.qasm,64,success,7.9696109,7.961715442457988,7.527821901245013,7.961887788237244,8.503663816308581,7.96399980229448,7.445030282342374
64273f69.qasm,512,success,282.52643209999997,284.7723285579956,292.554435495763,284.70851430381197,310.533471383163,284.8179244792598,293.61005629942673
6457f235.qasm,16,success,0.22334520000000002,0.7941396037482883,1.2492439904289487,0.8212313027292298,1.252435241953744,0.8156337331750153,1.2906687174370068
6457f235.qasm,64,success,1.0101255,1.7875412909884325,1.5856249310937016,2.036705309148512,1.5504927515113738,1.8251204676561044,1.6742541369384298
6457f235.qasm,512,success,20.677099000000002,9.116253411852137,2.2010165520094627,9.595435200023235,2.3928504881461117,9.271524569371335,2.2505415183101896
64731b8d.qasm,16,success,2.0507906,2.069414258905538,13.254671181153252,2.069122963825867,12.150180021831964,2.069242339211364,13.026865927779777
64731b8d.qasm,64,success,12.590871699999997,12.554628932390067,10.036054212162313,12.554177367926933,10.427588950736395,12.555341409116135,9.709099423913692
64731b8d.qasm,512,success,496.20632519999975,502.6176025882124,403.95193137390476,502.4899822459708,426.53509507657424,502.55620689220973,404.21741780864795
64f32748.qasm,16,success,1.9956137,1.9934580998650189,12.882876384252155,1.9936694530907146,12.030079226262608,1.992666445304517,12.639531144601737
64f32748.qasm,64,success,11.509393199999998,11.43122829964676,9.832858499303349,11.426057656625801,10.050428706364965,11.423297087975175,9.625206918188535
64f32748.qasm,512,success,437.9071593999999,445.04324299017884,419.9865516399622,445.1071486849076,447.4436553152804,445.14901347956794,438.69302508713474
6533abd6.qasm,16,success,9723.491495600001,540.4969539236317,544.5059002522275,557.3582717873697,549.9661898566272,560.8626724074004,576.0615242976532
6533abd6.qasm,64,success,232.80990819999994,138.86225565327837,69.78991322646492,144.8111144825045,69.78648395701481,145.00386014651264,73.00703608798928
6533abd6.qasm,512,timeout,14399.999999999989,14400.0,4310.151302517937,14400.0,4357.232508920329,14400.0,4311.064823664596
65dcd512.qasm,16,success,0.5612492,2.5957453939336226,1.5403961618286395,2.6866629479473567,1.4832532886560144,2.681834981335817,1.5392662631370435
65dcd512.qasm,64,success,0.5177774,0.515692963016599,1.2985781382399706,0.5079049481448549,1.2285288517669386,0.5077056616564511,1.2861541818904445
65dcd512.qasm,512,success,0.5506512,4.231084430448686,18.109553365208406,4.11927546351616,17.01294751722597,4.10441473242633,16.771717425713298
661be484.qasm,16,success,879.1681902999999,638.5685688155542,46.241269921883266,644.6216589424679,47.76092423836909,643.6448798521117,40.51256742561346
661be484.qasm,64,success,505.07029809999983,847.991491888563,14400.0,853.3948910858884,14400.0,845.4091224737035,14400.0
661be484.qasm,512,timeout,14399.999999999989,14400.0,14400.0,14400.0,14400.0,14400.0,14400.0
66343f14.qasm,16,success,0.1837175,0.19135203703415044,0.21797731719177002,0.1917291428851704,0.21824686413033245,0.19150923534027958,0.21639544032628866
66343f14.qasm,64,success,0.17714659999999996,0.18160338536902645,0.3183042125047623,0.1818176850235372,0.3223928904513642,0.181961380454611,0.31765549188724845
6694b099.qasm,16,success,13.838370900000003,8.401306454967147,8.20946764997743,9.110070685884612,8.767540524146431,9.362063509818126,9.093907603643295
6694b099.qasm,64,success,13.804308500000001,5.605760642997691,2.121606917422493,5.508539762437935,2.1757592832889596,5.92471545596472,2.139198607622435
6694b099.qasm,512,success,13.781358199999998,7.637910740791194,6.71583030183585,7.739624694053659,7.199019223327287,7.80826142494814,7.0576400715131955
67346cae.qasm,16,success,0.179131,0.2130525770266743,0.19551561853937532,0.20779772254449855,0.19693080111525388,0.21228319719371463,0.1997058997553028
67346cae.qasm,64,success,0.1538984,0.22178761589375143,0.4003690848130078,0.22324182163553924,0.43457350627687175,0.22384417797242004,0.4301694252759985
6740a375.qasm,16,success,0.1709286,0.17604837515325952,14.994649887704878,0.17613236683350825,13.603890310211508,0.17612752950670202,14.322419023992879
6740a375.qasm,64,success,10.014619999999999,9.986348459065923,15.50165605103694,9.996087216014317,14.99443972382342,10.016468226701265,13.867045913313579
6785591a.qasm,16,success,0.21514669999999997,0.18280762350764213,0.2005525686973278,0.1820656673777518,0.20068305465087138,0.18235273225589033,0.20028436154338303
6785591a.qasm,64,success,1.0548189,1.095102464016756,0.7487434467469162,1.0674963415732905,0.7178155713754114,1.0778433455905867,0.7340236382287908
6785591a.qasm,512,success,0.22718,0.18905313903726992,0.21384893288901616,0.18965299652412862,0.21458651332507656,0.18957592124834483,0.2161376342496424
67b5fe45.qasm,16,success,397.968539,259.1320187372497,14400.0,257.3446429961326,14400.0,261.3256513722986,14400.0
67b5fe45.qasm,64,success,113.48249140000004,83.86561764225372,14400.0,72.91863133392296,14400.0,86.7977625986293,14400.0
67b5fe45.qasm,512,success,1642.6080189999993,754.3373665438364,14400.0,752.9428492664867,14400.0,781.5944188898619,14400.0
67f3547d.qasm,16,success,1.4342771,1.8646406833391742,0.577746664025151,2.0414724235413675,0.5855001483455488,2.0494455704763235,0.5700426327719119
67f3547d.qasm,64,success,1.2461029,1.4418518359042045,0.6466147850024735,1.482435283466527,0.6553392222517465,1.4735990022829413,0.6327159970217924
67f3547d.qasm,512,success,1.4320807,2.412244813740095,0.4656304495102174,2.5519882598613197,0.48541948593727263,2.458309237672663,0.4681454406374315
68528bdf.qasm,16,success,0.18044680000000002,0.20387323296794765,0.2925577898487083,0.20312760438670682,0.28848653795343016,0.20432130085086986,0.2855491714518077
68528bdf.qasm,64,success,0.16605900000000004,0.22088982023647963,0.3020578626530619,0.21655853834504676,0.29023797009170793,0.22418846486206712,0.3072961670759095
68528bdf.qasm,512,success,0.1813397,0.21223244993423093,0.3731316877544756,0.21576519237873773,0.3672517519798341,0.2141764644865942,0.3663324518239194
699bd83c.qasm,16,success,724.0946028,369.66366687510003,85.20969866821278,366.62624847674687,83.37710490896485,427.1727436193817,89.9544838441727
699bd83c.qasm,64,success,1079.0000190999995,281.7619316793722,81.05330687539079,260.053270977604,83.61476570942263,258.9092003620925,90.38791230398465
699bd83c.qasm,512,timeout,14399.999999999989,14400.0,14400.0,14400.0,14400.0,14400.0,14400.0
69c7223c.qasm,16,success,0.9718195,1.3581085081580164,0.9947388865839452,1.3301220298370382,0.9432397375855541,1.325012968939842,0.9486489508869603
69c7223c.qasm,64,success,5.8605898,5.993090133157343,2.8704714044026436,5.836658906555629,2.643916302400866,5.86713595584559,2.6956137035933616
69c7223c.qasm,512,success,278.43948709999995,164.33969090657308,41.87658865291273,163.3749784048624,35.49265224972632,174.32113736893191,34.13151615103167
69c8191e.qasm,16,success,0.1765269,0.17059869580302078,4.744453735867882,0.17072808413746549,4.444093028797509,0.17075450282757762,5.1117610065265895
69c8191e.qasm,64,success,1.0784193,1.0485008339245592,4.166164121031374,1.046552015546709,3.8223789274903024,1.0486962037279453,3.7541201147013594
69c8191e.qasm,512,success,0.1721093,0.17378053201124172,12.8577842042252,0.17381158955718573,13.125130221946328,0.17377247918060215,12.070813281953356
69cf1b12.qasm,16,success,1.8664405,1.8614003911352752,12.124087127783637,1.8617600155866574,10.968083884941581,1.8613151978172822,11.609093233916246
69cf1b12.qasm,64,success,10.711429399999998,10.654636029244942,9.646113706578419,10.654130925788161,9.828853822693107,10.655170709560961,9.349562817393487
69cf1b12.qasm,512,success,436.15847559999986,443.0418553294225,442.62851690302574,442.9666257582662,470.1451323871902,443.00877103785274,452.0302788302243
69e799fa.qasm,16,success,1.7161594,1.7427984268430001,10.693656515422648,1.7424563898855379,9.723059816801117,1.7427758314460575,10.230490841598392
69e799fa.qasm,64,success,10.0683018,10.078950669477113,8.586986868405642,10.079811928746524,8.810268166820801,10.07760600271421,8.554454109111196
69e799fa.qasm,512,success,403.8135676999998,403.36279554563174,359.4272717300535,403.30618405404516,376.92059132071705,403.38134848278673,357.4393260899264
6a5034af.qasm,16,success,6.6179706,28.026938541892513,12.230730694734996,27.849702591578005,10.479468666951535,26.54510858000871,11.246342113099047
6a5034af.qasm,64,success,4.0574428,17.33512843261782,11.977948041640719,16.407835407885546,12.697142946967219,16.506729334387927,13.228281581804012
6a5034af.qasm,512,success,6.5558647,10.61662081607647,5.94092094732096,10.16733120136996,5.472289454822325,11.043078915672119,5.976847230740697
6bc3891b.qasm,16,success,0.17711910000000003,0.2628964646826604,0.246499397538606,0.2601918798690862,0.24111022565952578,0.2638465080689895,0.242138935687578
6bc3891b.qasm,64,success,0.31236659999999994,0.26938366970385597,0.302396860271023,0.275416985521734,0.31502408423213385,0.277871882387991,0.3124984082968704
6bc3891b.qasm,512,success,0.17175660000000004,0.2182887903385941,0.20313820303453115,0.2210243249497933,0.2047354695588153,0.21967280895072985,0.20151666337864071
6c69bcc7.qasm,16,success,1.8685516,1.8841059763817296,12.571848420473104,1.8843958754123187,11.554943688379687,1.884055150472087,12.096907504032188
6c69bcc7.qasm,64,success,11.340408599999998,11.340233747053537,9.730746155980693,11.340670412684894,10.021255202709012,11.339738391835128,9.685181447398291
6c69bcc7.qasm,512,success,472.5519850000001,464.7252712725046,438.0780615330291,464.4042237810413,466.8256958425315,464.6411277338377,452.5932444747262
6c848dc7.qasm,16,success,0.1774831,0.3079535103092775,0.3767972063871317,0.301425016914489,0.3718793894298939,0.29876893425934453,0.37241354999998555
6c848dc7.qasm,64,success,0.3084388,0.3073526814778744,0.37046193990462006,0.3085901998037461,0.357495469406119,0.3049948088265617,0.3712736490215854
6c848dc7.qasm,512,success,0.1831113,0.24220880848214876,0.34241796271541924,0.24850596999933483,0.3504123063957842,0.24973367302516847,0.3462447692303559
6d2833ea.qasm,16,success,1.8673472,1.8520699914912335,12.108991230873153,1.8516781682927235,10.997007890612835,1.8516740719169063,11.617240259222516
6d2833ea.qasm,64,success,10.6146131,10.670519855114582,9.646113706578419,10.671982229523783,9.828853822693107,10.67560857183417,9.349562817393487
6d2833ea.qasm,512,success,436.21131729999996,434.1856607741784,440.87124472876,434.28229599915886,470.1451323871902,434.4381830048837,452.0302788302243
6da6ce61.qasm,16,success,2.6050772,2.5661669650761887,16.29152910000973,2.56599602555566,15.309169806905917,2.5661041595956564,16.348911474664355
6da6ce61.qasm,64,success,18.417722099999995,18.390049303657204,14.016191983564694,18.399504913762577,14.287242339249454,18.396266100142455,14.138880157908684
6da6ce61.qasm,512,success,709.6141829000002,684.3850651256664,515.0436387491119,688.2869843372565,532.6205818398151,686.9429897729301,527.042227049307
6de17b5a.qasm,16,success,10.0667903,2.49824871808099,31.558210767273778,2.476366991488418,28.934895684995215,2.484278826614664,32.319274496964375
6de17b5a.qasm,64,success,53.133645300000005,12.843267712940813,12.015448241062687,12.546561979800403,11.674800295196988,12.808410694157127,12.911690493229571
6de17b5a.qasm,512,success,1966.0381447999994,330.6195301060911,155.53519970680338,331.1082684884926,162.71657257470122,323.71660052022474,151.66618327850367
6ee18f92.qasm,16,success,0.172242,0.18988640281614588,0.27098345723537526,0.19062666643714857,0.27104378387846767,0.19012969670025046,0.27566829947935484
6ee18f92.qasm,64,success,1.1563193,1.007094667457909,0.3414169607285089,1.0059036981552225,0.3351979929580805,1.0088192189260214,0.3450493919943901
6f16ddc6.qasm,16,success,0.18066420000000002,0.18545263705204418,0.1976335152808527,0.18641723428651744,0.1975602780286257,0.1856491657395307,0.19789737266856852
6f16ddc6.qasm,64,success,0.1723963,0.1717827680480219,0.22992148092782533,0.1717361715302558,0.22770828128442852,0.17162669592521923,0.2287607758653515
6f6328cc.qasm,16,success,6.304043,6.135571755129009,6.778660594124297,6.106730559564292,6.220252608736422,6.137476303863333,6.74762345962723
6f6328cc.qasm,64,success,0.2283101,0.22031478215509748,3.412706813369394,0.22492050831259858,3.222618557408512,0.22195251740174374,3.25403215899095
6fef948c.qasm,16,success,10.714402200000004,7.162937989565418,11.534027610413515,7.617581799089731,12.669175204085127,7.977351368845667,11.51969256568868
6fef948c.qasm,64,success,0.5896737,2.872241572391422,4.195078596091269,2.866540530802588,4.136493815357053,3.068575096513467,4.297959829996159
6fef948c.qasm,512,success,7.8826795,47.83670406163722,36.81108140496089,43.018258874228415,36.47791491047647,46.35890894878781,38.365051340377676
700c376b.qasm,16,success,2.0538495,2.0418842242501114,13.162981004292252,2.041883926089621,12.069040022212345,2.0418538644749233,12.995317456574709
700c376b.qasm,64,success,12.202639099999999,12.115662373431759,10.112749748980375,12.12075870336151,10.247241554255657,12.131628525738225,9.634798456903354
700c376b.qasm,512,success,480.9286841000001,490.98365434967855,429.2323284179709,491.3685390145571,458.9533621085752,491.25596438869326,440.6092341721981
7063be19.qasm,16,success,1.984057,1.9973104506293695,15.61768631094505,1.9969778594575027,14.602241377484003,1.9968912005806998,15.142373343590608
7063be19.qasm,64,success,15.381964099999996,15.560768348368326,13.168170135764063,15.55645813489766,13.169912986597673,15.556733927598708,12.386367641409743
7063be19.qasm,512,success,699.658068,697.4580156905163,513.3480911597893,695.0074595793495,547.9079961919839,695.0163325982044,550.5681725798368
70d5d461.qasm,16,success,7.1855928,1.8592081431530556,0.49197248331317983,1.897398460388704,0.5171363344388005,1.898760022769959,0.49066220935446897
70d5d461.qasm,64,success,0.1600138,2.6023408345302714,1.6142889714445041,2.6173704666347173,1.4781413368068463,2.63888911536623,1.4216923788301448
70d5d461.qasm,512,success,8.8462365,11.720219965037584,0.7214662468402638,11.434955334757218,0.6733861278685828,10.5866799948716,0.6685554709812379
711cdd0b.qasm,16,success,1.5356056,1.5221269156787673,9.06238028467146,1.5229856998187663,8.477033307114096,1.5232827205657566,8.48947609042113
711cdd0b.qasm,64,success,6.9356012,6.894692125485175,6.985543371973829,6.890926355044902,7.668123133944286,6.89396295385272,6.778937598165703
711cdd0b.qasm,512,success,204.2237956,206.1580523129577,250.04886059325435,206.277933639139,262.47217326984776,206.4930279582321,248.06140982218582
72b5f996.qasm,16,success,0.1764023,0.24166870785476344,4.571668194150211,0.23612801388857155,4.812889234141944,0.23955489950822942,4.596126809652362
72b5f996.qasm,64,success,0.6280924,0.8943159332214209,4.133883517303554,0.8814622001785375,3.9459155798919294,0.9074736178290855,4.164378420733558
72b5f996.qasm,512,success,0.1757353,0.23421659395130834,16.42135557714025,0.23015880150054194,17.48976807083185,0.23600052896143606,17.00419356746434
72cc2f13.qasm,16,success,15.445616199999996,10.648183854650593,18.786439835866577,10.720975791976905,19.372609119870503,10.727819376373832,17.006228098230057
72cc2f13.qasm,64,success,25.191536599999996,0.6881136235644044,1.3775265018424452,0.6857463910238456,1.543474480932158,0.6834665460622089,1.5050218249227632
72d8892d.qasm,16,success,0.955442,1.0716302137514315,2.928634814469226,1.0671849093939516,3.1605883027164703,1.0808968129613656,2.7672557298109535
72d8892d.qasm,64,success,5.2796491,2.15265283618526,2.7711700802832975,2.198028644167615,2.833167033002119,2.18583150010674,2.8775104152435813
72d8892d.qasm,512,success,142.81771470000007,36.581497744388216,20.788238053562324,33.587229695161255,23.320289343841356,39.76355432191881,21.53644305181649
73191d24.qasm,16,success,0.1741543,0.2839910220154076,0.2760412102172544,0.2804003225578763,0.2756966533533082,0.2835567971558805,0.26588215788558883
73191d24.qasm,64,success,0.1658449,0.2963791777753782,0.47965762594311995,0.2952135058629592,0.4808126100030046,0.29834102317696937,0.4817771801367454
73191d24.qasm,512,success,0.1710847,0.32826795703732226,0.4111699934697544,0.3258913171369351,0.4200228653361616,0.32074807731551175,0.4256458163698843
7337baba.qasm,16,success,0.17470819999999998,0.1810819132428249,0.2059143818595985,0.18245348399931996,0.20714878947475884,0.18123317509520204,0.20903157786979498
7337baba.qasm,64,success,0.1769813,0.17772630691139366,0.3262966080503212,0.17783596625592296,0.3311393425257745,0.1780684695474152,0.3280549025785086
733f4518.qasm,16,success,280.2611961999999,346.64605390195703,24.291601355117805,340.1862759143799,25.41159521022943,344.7785651946184,22.282244584132098
733f4518.qasm,64,success,27.346887899999995,40.89680256849987,14400.0,42.42696112486295,14400.0,41.69700382225729,14400.0
733f4518.qasm,512,success,11435.180826499996,14400.0,14400.0,14400.0,14400.0,14400.0,14400.0
73f498a0.qasm,16,success,0.586508,0.38047306489412447,0.53144775925468,0.37292385494016966,0.5222827029551527,0.3730449001751257,0.5223289852746302
73f498a0.qasm,64,success,0.9841235,0.4838217812996174,0.684811684204579,0.4972767522199039,0.695284398859713,0.48515462953408084,0.7086791780589653
73f498a0.qasm,512,success,1.3402632,0.2468291345085923,0.472948102132929,0.24756997249328092,0.5024604632115686,0.24765906990483344,0.5115946524352153
742bfb51.qasm,16,timeout,14399.999999999989,14400.0,14400.0,14400.0,14400.0,14400.0,14400.0
742bfb51.qasm,64,timeout,14399.999999999989,14400.0,14400.0,14400.0,14400.0,14400.0,14400.0
749ea355.qasm,16,success,0.22915330000000003,0.531352209761013,48.830328920622655,0.506068220561019,43.56619238219578,0.5110010237656332,46.31281196378437
749ea355.qasm,64,success,2.3689134,2.545791610963412,24.021147071831557,2.429810584942373,22.848160978874514,2.5606191772989653,24.639731083434583
749ea355.qasm,512,success,0.2225618,0.4036034156055083,66.16188201620301,0.4225433312877775,72.34589773189272,0.3985554671191738,70.10750962420924
7513561e.qasm,16,success,1.7643061,1.754607756188197,13.52754690778393,1.7545565610276943,12.418942043768523,1.7546897413298457,12.887156083814567
7513561e.qasm,64,success,13.212665399999999,11.155415435760816,11.9334636167492,11.096283401029474,12.176668130461147,11.201929036317653,11.273112888911175
7513561e.qasm,512,success,574.2641708,576.9029643853014,487.086214986472,576.9359209227617,503.29106462837484,577.1473802899029,509.87990591694614
75137edd.qasm,16,success,4.2534029,1.7011655272994857,1.8153803193542781,1.753855330478806,1.80386288704574,1.745808689631119,1.8656037534905086
75137edd.qasm,64,success,0.1687236,0.6613416324260187,0.9619290137353981,0.6770221520276407,0.9426355334233802,0.6373358564508701,1.0009662113856128
75137edd.qasm,512,success,6.0661241,4.360133093090315,13.10197393787902,4.18809319206152,13.814742635515955,3.8131083105863164,13.505101706735507
751d7ced.qasm,16,success,2.1812843,2.196465459331429,14.34494403860546,2.1964590654079017,13.071862251852098,2.1964213737629,14.142279493827163
751d7ced.qasm,64,success,12.570806900000001,12.683528186141492,11.184119554434385,12.683509703797991,11.255311871416666,12.683478063096388,10.678600785658373
751d7ced.qasm,512,success,525.1337435000002,523.5551894002572,495.7817432350144,523.5446979988516,534.6615914987559,523.57176690372,513.1172134916286
752a65aa.qasm,16,success,1.7403424,1.7443971187869887,10.704797751332874,1.7444111507964946,9.743712232065185,1.7445986304980465,10.263546202757276
752a65aa.qasm,64,success,10.069334200000002,10.07532756017139,8.630550573502665,10.077111802688664,8.855309803029057,10.075601699896701,8.597852768243483
752a65aa.qasm,512,success,411.4862542999999,403.2439493953981,359.84579781520904,403.1746068638249,377.0253906718221,403.2378311176448,357.6271442231244
7548d858.qasm,16,success,0.5394256,0.5422796712164446,2.3053798409567112,0.5422773999868932,2.430713658436136,0.5423907086770691,2.24382541801644
7548d858.qasm,64,success,1.3349159,1.341121402368648,1.3017147870474461,1.3427145828312799,1.2698404889024428,1.3416007317296488,1.302240474686839
7548d858.qasm,512,success,3.4632725999999994,3.4825014259957223,2.6733948043391194,3.482422500662849,2.667999741386878,3.48210444522108,2.740613052686511
758554e0.qasm,16,success,755.0281160999999,749.9820678093519,100.0,684.8157875446938,100.0,732.8494834547603,100.0
758554e0.qasm,64,success,590.6946547999999,518.1893386727568,100.0,458.30411499506533,100.0,467.9093271090246,100.0
758554e0.qasm,512,success,592.4959399000002,100.0,100.0,100.0,100.0,100.0,100.0
75bd5cbf.qasm,16,success,42.215876699999995,8.309909564902,1.1771458308857492,7.929649658672685,1.2018688357190908,8.047047495790997,1.263741855711805
75bd5cbf.qasm,64,success,15.9747854,4.492745281013925,2.217462786250315,4.4910414753099595,2.2352205011254296,4.710226040460237,2.3509269160371287
75bd5cbf.qasm,512,success,41.622736499999995,22.220693619968632,45.92300202044048,23.54468508909332,48.956778844677835,24.69639147229711,49.363231627918324
76034335.qasm,16,success,0.16997750000000003,0.3847119986938224,0.4573674757061877,0.3728402875731371,0.4664647131586482,0.37732384060306257,0.4493471334753154
76034335.qasm,64,success,0.7581466,0.42104595529573025,0.5347498311948524,0.4174006477272084,0.5356312518728059,0.41274631727834227,0.5339544698531437
76034335.qasm,512,success,0.246009,0.36469676704606546,0.4277438300768142,0.4037863656414004,0.4215590780124097,0.41688118093738913,0.3996860071165105
76d0b692.qasm,16,success,22.912727,25.72599066628595,58.014172497182386,25.525221722289988,50.197922171561125,25.72406331509625,45.55883259500117
76d0b692.qasm,64,success,4.2618177,1.713911697114005,14400.0,1.713530692829839,4.219213714288243,1.6999017623855126,4.009998975738576
77a3a480.qasm,16,success,1.6496207,1.6410507960926697,10.263952968456854,1.6411515779345194,9.436799532598945,1.6408877476625594,9.608045139567126
77a3a480.qasm,64,success,8.934466900000002,8.89488314127285,8.305560055796454,8.895488948049987,8.851873934400821,8.896324362869711,8.163952792790619
77a3a480.qasm,512,success,343.5808607,337.650382415577,333.0249517478143,337.67028570029674,351.56078295224347,337.3774775826963,339.9513047638
78adf5c7.qasm,16,success,4.0229352,3.040809337534149,5.861236142751293,3.051271010024419,6.396227616587144,3.0490964589801792,7.219172403205981
78adf5c7.qasm,64,success,10.8530249,9.607080928236059,3.9814531045727466,9.78777845407147,3.80391120918595,9.473723785849684,3.97808543846265
78adf5c7.qasm,512,success,527.2902871999997,372.91656314314537,89.50199792335181,382.5328323745523,88.11806122040512,371.4434641491333,90.73673469325942
78f96e37.qasm,16,success,1.3827565,1.4017914817602684,7.981652441843325,1.4019487750450188,7.769388880451105,1.4019473043873933,7.732210561197107
78f96e37.qasm,64,success,5.7355776999999994,5.722688531715147,6.137045523150668,5.721102427308774,5.8480143811737255,5.7248087632369735,5.506750654538426
78f96e37.qasm,512,success,134.27502299999998,134.59366453930744,205.03641216301764,134.47315897082132,214.04592265186065,134.59543353185927,202.39035875848347
79b12d71.qasm,16,success,1.6729174,1.652669076670862,9.894338636329302,1.6529064782518534,9.086844793565149,1.6526522204527903,9.450194132251955
79b12d71.qasm,64,success,9.5001241,9.51070227353455,7.7636097818890075,9.510463729799827,7.977979156790486,9.511880468738678,7.643115058533502
79b12d71.qasm,512,success,344.1290951000001,345.4867387104458,309.3160128790258,345.56707349126987,322.6051970859806,345.9247236483008,307.0188189378001
7a0c7e70.qasm,16,success,408.48818259999985,368.5504067056783,140.53897322944263,375.8723946594056,126.62810843167657,374.75453518145525,109.34166587014846
7a0c7e70.qasm,64,success,280.2108366999999,473.7392310857772,14400.0,473.98649580200293,14400.0,462.71427814299227,14400.0
7a1c98cc.qasm,16,success,3.4877635,0.2738570636221258,0.3150128014230461,0.27827260843714385,0.31680778649945707,0.2799860394562842,0.3255068605662069
7a1c98cc.qasm,64,success,0.6781891,0.3205347786099603,0.2932019091282541,0.31864620174204444,0.2837382159860729,0.3177478993011136,0.289037304075564
7a79f013.qasm,16,success,438.9453946999999,166.9996171096859,173.33650595450405,169.58053971409956,171.86851618766306,213.422717134293,185.8532327490593
7a79f013.qasm,64,success,923.3542458999998,109.92493871871862,147.01909816777186,116.96433128142642,151.0244726536178,112.62421533775583,152.2795106810461
7a79f013.qasm,512,timeout,14399.999999999989,14400.0,7381.205622376463,14400.0,7294.252054416496,14400.0,7405.484245140773
7aad2132.qasm,16,success,2.6700853,2.673954637710558,18.01606451299219,2.674009086881115,16.872777781885414,2.6743914588622477,18.079125353319807
7aad2132.qasm,64,success,20.941539600000002,20.99908607737025,16.48528814647767,20.99918320304679,16.51015935753358,21.003541502288748,16.1674023036912
7aad2132.qasm,512,success,959.7448176000003,972.4141689448953,644.0198180141774,974.0249433485171,672.2735319639227,978.2575093057907,677.5880130254894
7afdbe61.qasm,16,success,2.2713569,2.020032412097285,2.308836526279802,2.0242075062952023,2.0775898981862806,2.0206944328378182,2.1155332071940256
7afdbe61.qasm,64,success,0.1793947,0.1793687951681531,1.6429247817478214,0.17925579395471125,1.528014792547166,0.17927925282152266,1.5985044077912272
7b19558f.qasm,16,success,3.3083295000000006,4.467687699916629,3.1535445845778876,4.2021591741376625,3.458395287015362,4.354362294367777,3.318739280311887
7b19558f.qasm,64,success,2.444386,3.3865124781656526,5.1988049192428445,3.386199668434604,5.958339179801852,3.4548475003620926,5.70181303696977
7b19558f.qasm,512,success,3.3641784,6.29159142151103,4.499589701544721,6.064646601224001,5.03686663344198,5.6844501546778305,5.189397673537988
7bab61ca.qasm,16,success,75.00299399999999,22.659781800138973,0.6732281806812407,23.957391449462907,0.7437658138433699,23.203317107306923,0.6513669746385249
7bab61ca.qasm,64,success,43.55957699999999,21.321402041552115,4.0034112291897275,21.366040338824256,4.086496998279703,21.38271431310766,3.967604981452656
7bab61ca.qasm,512,success,74.85026579999999,17.820614823876653,0.48561142317517886,18.92510347858452,0.48947253540763136,17.969046011919815,0.5068677801615491
7be7d477.qasm,16,success,2.4134915,2.3655443373093457,17.46421367332324,2.3650422528292507,16.599096503622267,2.3655602438008447,17.122655603954737
7be7d477.qasm,64,success,18.077428899999997,18.154982837722162,15.990681721863634,18.15497191809226,16.30299511058465,18.155015604294572,16.11053078632855
7be7d477.qasm,512,success,843.0826304,676.2184028288217,610.1233866299199,673.5534434268528,636.458677760956,675.5762279258852,664.4964254730221
7bf0f1bc.qasm,16,success,2.098813,2.122990399173264,13.980682257451592,2.1230874208942625,12.506385354340114,2.1229904593390443,13.735659171236971
7bf0f1bc.qasm,64,success,12.182565699999998,12.155751577042077,10.69846777167685,12.155499142447283,10.852382046533195,12.155388257721782,10.526885004296899
7bf0f1bc.qasm,512,success,495.0731022999998,496.31904137800814,478.74713890455854,496.2996335289901,515.0361760673984,496.32213642224036,492.0897260680866
7c9f6bae.qasm,16,success,2.2005587,2.2084193483052643,14.34494403860546,2.2089868294622788,13.071862251852098,2.2090808282004417,14.130034659373896
7c9f6bae.qasm,64,success,12.6793433,12.634192010251427,11.184119554434385,12.638219852370959,11.261173613229378,12.629235650290974,10.678600785658373
7c9f6bae.qasm,512,success,524.4238940999999,524.0984963528499,496.02463332464646,524.0845354843366,534.4363335501184,524.0997588347378,513.1172134916286
7d6d9a38.qasm,16,success,2.989781,3.0356707520679937,19.915075308458498,3.0350508139748533,18.6655829965726,3.0350112192375347,19.563003586040562
7d6d9a38.qasm,64,success,23.563448199999996,23.851458958409914,18.556125272393075,23.85091520468173,18.756937594340616,23.85179562079579,18.060140496126465
7d6d9a38.qasm,512,success,1083.7143292999995,797.3199272814292,687.5816231413773,799.2290092949835,713.2786012799297,847.2774532690421,719.6647130569623
7db40afb.qasm,16,success,0.17392759999999996,0.18503866370794714,0.20514251131458208,0.18519296462210139,0.2079645168317531,0.18490566589477697,0.20816072370353594
7db40afb.qasm,64,success,0.1741671,0.1747191090774984,0.26585024239236477,0.1751724564757753,0.27042940676013344,0.17464258996693646,0.26948074534212824
7fdad0c4.qasm,16,success,2.0015231,1.9957452460946912,15.497734829334,1.996699505939884,14.614559945999924,1.9956967531178915,15.142373343590608
7fdad0c4.qasm,64,success,15.542053600000003,12.682476408996182,13.2817697309019,12.702070341777684,13.218271259043663,12.650169166794646,12.34722314976008
7fdad0c4.qasm,512,success,695.6832452000001,656.9719154057416,513.4171957486554,656.3420289056521,547.9079961919839,654.4761083319333,550.7212530656316
81af3d74.qasm,16,success,0.24346440000000003,0.19075662547924707,0.28185124722795013,0.18979724345832744,0.2792304576064332,0.19063363198241803,0.27863255238711454
81af3d74.qasm,64,success,0.1806651,0.19393602408908336,0.36653160335674867,0.1928849878727108,0.36860132154340974,0.1918575744196473,0.3636449730542951
81af3d74.qasm,512,success,0.23417009999999996,0.19112071386038054,0.2427773167089151,0.19243442811492792,0.2457482083513859,0.19085879575674985,0.24708200291819726
81f388c7.qasm,16,success,0.17924560000000003,0.21714981744747267,0.31566003501075257,0.21905179674484776,0.3150334472297834,0.2177775875284263,0.31916167737518447
81f388c7.qasm,64,success,0.16809340000000003,0.2769481394690132,0.3695817127454148,0.2793982040400996,0.36394545198413836,0.2779382515834757,0.3771634499294156
81f388c7.qasm,512,success,0.18503920000000001,0.2682252078348571,0.4063752333358081,0.27141939272896115,0.3953177008736795,0.2668976473753099,0.4108197142471443
81fdeb0a.qasm,16,success,0.1736968,0.1917560696543448,0.19968709360353412,0.19398814140571533,0.2055352344005697,0.19202598270530263,0.20199052270676907
81fdeb0a.qasm,64,success,0.1638945,0.1827229886652757,0.2467213167202058,0.18083779333605762,0.2555280612496076,0.1827255745700587,0.2457519420669558
827a3442.qasm,16,success,0.18011539999999998,0.19118986889459397,0.1876131126223668,0.19027919621165668,0.19027206138709804,0.19041618618190928,0.1915022276655026
827a3442.qasm,64,success,0.1755154,0.18855717802656613,0.20023344564546566,0.1882152592090272,0.2010146719253941,0.18683198045338362,0.2009801198323815
827a3442.qasm,512,success,0.18864619999999999,0.20003940744036572,0.205672381646383,0.2024423628827198,0.20157220586366903,0.20057304015063132,0.20043218161305992
82b89c68.qasm,16,success,3.2725359,3.377860421579259,2.5303873030088293,3.373143529420569,2.280320919024702,3.3759518822237955,2.4678851759688354
82b89c68.qasm,64,success,0.1596555,0.1766750883190509,2.4282880951887247,0.176666603178962,2.29639626880963,0.17690662164594737,2.3515535243524894
831c33e1.qasm,16,success,2.3401965,2.359663364165041,17.52185132248507,2.359031621109359,16.599096503622267,2.3614899086380348,17.103159864337485
831c33e1.qasm,64,success,18.073409800000004,18.106860224702626,15.990681721863634,18.09770426439429,16.297985179118086,18.10416671764546,16.11053078632855
831c33e1.qasm,512,success,839.1603764000004,794.4153529122933,610.1233866299199,793.5675291933526,636.458677760956,794.6399588643301,664.3883291166425
8335b01d.qasm,16,success,0.1701279,0.1878772964079501,0.19655019284364975,0.18799558283115414,0.19862925337144122,0.18793100963765708,0.19839489362990673
8335b01d.qasm,64,success,0.9557037,0.756791349033709,0.41380870044897616,0.7523081312491071,0.4192642784409138,0.7590774162682433,0.42465751984945727
834596bc.qasm,16,success,204.27585150000007,55.82273475463239,17.748941454340436,66.19215903109541,17.771527912533866,55.627665524189794,18.054862392106653
834596bc.qasm,64,success,835.9329551000003,58.48056715989644,16.041015814946164,63.85335918849672,18.936995308245688,63.568654323928165,19.877719413712917
834596bc.qasm,512,timeout,14399.999999999989,14400.0,40.41909108301922,421.9013717912959,44.43700965295777,394.0315539218704,46.16253551776236
83b22dc5.qasm,16,success,1.2476565,1.187435397808297,4.774226394787463,1.1882793345224671,4.87807051606556,1.1885574670394932,4.696819794572374
83b22dc5.qasm,64,success,3.4044359999999996,3.4212475108863014,4.092139172904698,3.4212521470735684,3.984390014321563,3.4212358215523073,3.8265685097644475
83b22dc5.qasm,512,success,72.29796490000001,71.74617533380543,121.34915206213746,71.7502028430529,136.1662130862277,71.74873172551096,120.50721509495075
8400dcc1.qasm,16,success,0.1777404,0.2054013973896323,10.814461331280283,0.20597521000344418,10.133746203837559,0.20462623565268862,9.7579445874771
8400dcc1.qasm,64,success,9.1855849,9.971233739369538,13.48872286389023,10.05879259550663,12.905416349972382,10.086117034385516,12.92545572264179
8400dcc1.qasm,512,success,0.1613232,0.21190937301901638,25.846158149854777,0.21114965772968888,26.295842446391028,0.21216365958449485,24.397850821396283
8422040e.qasm,16,success,0.1669148,0.17960071938933872,1.689630188201836,0.1795493918234074,1.7236581892722,0.17930221470411575,1.7004074938686524
8422040e.qasm,64,success,2.531916,2.472288084814677,2.366414477149376,2.4547766698379814,2.4793546600529552,2.466960082023917,2.3814725271671042
84fe3fba.qasm,16,success,6.975659199999999,5.292756210535404,11.25963978871797,5.277963002008451,10.954604361170174,5.266458879600804,11.643622538914041
84fe3fba.qasm,64,success,0.3869507,0.3958439532625351,3.2681955068592816,0.39116801582975136,3.3139612994292094,0.3949995990074466,3.5198796300700543
85317608.qasm,16,success,0.1957883,0.2035094226244695,0.21008983558976724,0.20012427015428,0.21062394759653397,0.2003294880462117,0.21062655368174754
85317608.qasm,64,success,1.2040827,1.1630218290836398,0.9970930940643382,1.1691684637469137,0.9721848553707465,1.1621379483703813,0.96445483187837
85317608.qasm,512,success,0.1699598,0.20752081518992638,0.2167539443090678,0.20817248870031765,0.216348750086202,0.20854570994584387,0.21672640243311328
85863407.qasm,16,success,1.6870991,1.7013512904842414,10.965967826455913,1.7012469717606595,10.17552742237262,1.7015432669792894,10.660736465078605
85863407.qasm,64,success,10.459693000000001,10.52464650243952,8.586068303433963,10.523596481008017,8.771745792556858,10.52495048170805,8.547886119009453
85863407.qasm,512,success,408.0020963999999,406.7007081532441,358.8645234660967,406.6584480168252,377.6304694568952,406.67833821522566,363.6774313387494
860cc392.qasm,16,success,1.7032305,1.697814108525764,10.99303280262155,1.6976718749552409,10.202164605983473,1.6975634244086983,10.68998164911548
860cc392.qasm,64,success,10.515155199999999,10.491677566907734,8.644859839633872,10.484351667149753,8.831808721487114,10.478891015415746,8.636196438801372
860cc392.qasm,512,success,406.09597690000015,406.1866310856476,360.1090075117218,406.0544473361263,379.5283268052172,406.08440324217605,364.70594314371357
86464ad3.qasm,16,success,0.18273949999999997,0.2994989122381979,0.3246676052790334,0.3020165656303931,0.3224044523701567,0.30471245658960067,0.32462717755494075
86464ad3.qasm,64,success,0.17549750000000003,0.21175151038115184,0.2824760016281376,0.21501300531266457,0.2823297539447576,0.2117368581152961,0.29754272377916613
86464ad3.qasm,512,success,0.16250770000000003,0.2832694961762334,0.2951235764505356,0.28289707861116575,0.30745997357763816,0.2749137527928863,0.2923188211005978
871618c1.qasm,16,success,1.3089816,1.300329208510161,8.748259708749508,1.3003754332139836,8.35891267596711,1.3002469167666801,8.350786117072644
871618c1.qasm,64,success,6.5168705,6.498553040644079,6.61897567899209,6.498843280344312,6.359318393026085,6.498618696234926,5.920165827736584
871618c1.qasm,512,success,209.71884079999995,209.0517598381206,233.39732937739313,208.99016675575643,246.40917845119952,209.07227265131345,238.6724537372432
8732dc00.qasm,16,success,0.1784655,0.18229291186711422,1.2740799622524759,0.18134863333020168,1.2894479260293428,0.18250500029750813,1.2876090219070584
8732dc00.qasm,64,success,2.5046016,2.484984735002605,2.4971941048123787,2.3753514981554,2.43967527161677,2.4184707056659955,2.3309637198765163
8732dc00.qasm,512,success,0.168138,0.19171387544857216,4.97535252632731,0.19118184975508162,4.698569084904579,0.19224168282348233,4.416789108297027
884b47f6.qasm,16,success,7.955765699999999,1.8770237176288935,0.517604885510465,1.9373106463522158,0.5433593899141176,1.9327596022122588,0.5131517246109342
884b47f6.qasm,64,success,0.160642,2.7384030219668904,1.6047679766228458,2.7784097118930275,1.456883117894356,2.6937990438820876,1.4120815980610535
884b47f6.qasm,512,success,9.740085399999998,11.411145025404062,0.7154051763989523,11.178651831842739,0.6752326681840825,10.160776593665307,0.668080017445432
885efe5b.qasm,16,success,1.0773573,1.1936601194924745,4.806551898580721,1.193798576927871,4.875779265952509,1.1946465157362576,4.702770280903691
885efe5b.qasm,64,success,3.4264061,3.412865772121985,4.092139172904698,3.4124474188261944,3.9864046293085935,3.41065613196442,3.825280512555774
885efe5b.qasm,512,success,71.9190057,71.77296654063596,121.55497616839297,71.79245733085824,135.44193408574978,71.7936981772741,119.90377919993178
8930abda.qasm,16,success,0.1753091,0.19212649388285813,3.8881614718408617,0.19327452709881332,3.946342087649846,0.19217205020193248,3.6082736879673587
8930abda.qasm,64,success,4.584768,4.85673853588089,6.888541191495231,4.836471059429728,6.466354557541825,4.903014958711099,6.530758126027837
8930abda.qasm,512,success,0.17470540000000004,0.19046220397670674,13.505082140959926,0.19106269996365735,13.358548793398992,0.19082234955271477,12.407824791606847
896404d8.qasm,16,success,5.552108800000001,6.289579973284875,11.42341069549058,6.203504645405643,11.028496994552889,6.196143535314157,11.603845690776476
896404d8.qasm,64,success,0.4324345,0.5595005762372087,3.2731612241371,0.5440970236559401,3.3358013482296003,0.5673688324605268,3.5355064825289575
8a146ce3.qasm,16,success,117.96490089999998,128.15113831335185,76.51721528182968,126.35779526318956,68.3167056449837,125.58338517846013,61.825764949976794
8a146ce3.qasm,64,success,201.1105238000001,191.9202162391221,14400.0,191.6768582380777,14400.0,190.35457641598225,14400.0
8a1c1c3f.qasm,16,success,0.1880215,0.18774625251274787,0.19598044113851706,0.18749450807638066,0.1960777465430311,0.18813102826978675,0.19638997778192788
8a1c1c3f.qasm,64,success,0.2685849,0.27408815653104035,0.30768160726347193,0.27813634484179867,0.3057742356935277,0.27820836149728945,0.30747129461804995
8a1c1c3f.qasm,512,success,0.1869095,0.1858907676430078,0.20967448111004514,0.18642393953338093,0.20943012795175936,0.18621158132174154,0.21121635856709173
8a2ab626.qasm,16,success,1.7081607,1.7715065996166823,11.965475856683742,1.7716055383670655,11.144366976810232,1.772094845132179,11.63288734884011
8a2ab626.qasm,64,success,12.2454582,12.24337759847014,10.513802302150388,12.236661618127268,10.85124777519683,12.237371921365858,10.027827219226758
8a2ab626.qasm,512,success,465.39449480000013,477.1509042953111,394.44362623703614,476.81311574041143,407.61954621729586,476.8229547559661,405.4177555471745
8b77bf87.qasm,16,success,0.30872999999999995,0.3237285043986079,11.875417163106382,0.31977901329085917,11.477954389336698,0.32728505869960517,11.635239929920498
8b77bf87.qasm,64,success,10.140678399999999,8.838419483037642,14.628531289075003,8.676001468092714,14.367901944667153,8.770422472096973,14.074556082300354
8b77bf87.qasm,512,success,0.2988881,0.32704923385003204,24.69331518890056,0.3225193291755055,26.107609025076325,0.31487160014577215,23.322946350535098
8bd576fc.qasm,16,success,5.323393299999999,5.79703109320795,1.6655774270727042,5.851269296909948,1.6285774524520846,5.910033876867295,1.5873609173518164
8bd576fc.qasm,64,success,13.2989912,2.9978820994069078,4.943579392808148,3.1462092494054734,4.373080166161961,3.115908939094711,4.123922996463295
8bd576fc.qasm,512,success,1464.9315561000008,1386.4162473920396,201.97570319190638,1439.6311842546343,186.5102882846454,1424.7251383854273,180.57482005471985
8c01a935.qasm,16,success,2.698982,2.938276973125973,5.1953443605802105,2.847732735594458,5.9116967436107855,2.8104055656693596,6.146000204672137
8c01a935.qasm,64,success,14.733067500000002,11.856835381422316,4.332175932658456,11.936832908891935,4.027792630846278,12.000378123429783,4.29235077732074
8c01a935.qasm,512,success,483.89700409999983,367.0682134033226,58.70437239274321,370.4985682503459,58.3080806037495,357.2786140526367,60.44557914851944
8d5010bc.qasm,16,success,0.21662629999999997,0.2047681670377158,0.22927566993990778,0.2068664878820808,0.2307917848265426,0.20416660298431355,0.23010694866945502
8d5010bc.qasm,64,success,0.1708347,0.26019167444090413,0.38408363226191955,0.2736316967548975,0.38189899950833156,0.2666269965753089,0.39297936236889064
8d5010bc.qasm,512,success,0.2035061,0.32506179255574613,0.3004692206067603,0.2905350259711089,0.30008213626926517,0.3139149857622082,0.3143075577785793
8d9d4033.qasm,16,success,1.0986492,1.0916454647907863,3.7972165916154714,1.0915546611090408,4.023637724036917,1.0914692934449677,3.765629222220503
8d9d4033.qasm,64,success,2.5595098,2.562224222893662,2.300136532390553,2.5634603810865966,2.291512829419825,2.5628240279906067,2.3576411924227827
8d9d4033.qasm,512,success,34.40687870000001,34.47954591342671,94.72705452177004,34.49705660790475,106.8518940228961,34.49036199584411,97.9623778068148
8e84b85a.qasm,16,success,0.18267619999999998,0.19311319596565946,0.217423312466577,0.1947121232995227,0.21400488784756422,0.19376340213815046,0.2155443259296267
8e84b85a.qasm,64,success,0.1524136,0.2004962784291901,0.24287674263642792,0.20106812868342228,0.24580029576239337,0.20178154480791954,0.2484760313022033
8e84b85a.qasm,512,success,0.1863533,0.19684316904619573,0.25178149596486643,0.1974066053947011,0.24765221669988152,0.1982785997179788,0.25646103190040165
8e9564e3.qasm,16,success,1.4540433,1.457500330693458,9.625370133678745,1.4575451072036558,8.83694691354043,1.4578702413805358,8.75072163210924
8e9564e3.qasm,64,success,8.4504558,8.486157583896452,7.7362761817129195,8.487858037746747,7.832847083355337,8.487837863131638,7.540519864097437
8e9564e3.qasm,512,success,307.52745439999995,313.05525799736387,290.70296318502056,313.24567091922745,298.12124227114435,313.04743836970636,290.385006987119
8f4e1b64.qasm,16,success,11.0098067,16.673324113128885,18.449163228427604,16.88750973707252,19.043941350780756,16.69684118408924,16.6853706718778
8f4e1b64.qasm,64,success,0.5562086,18.991462377371782,1.325669270607618,18.45743143439817,1.4556621868424702,18.716570865484652,1.4450381355266921
8f564e3e.qasm,16,success,1.9908197,2.0008309393833685,15.522513949612,2.0016906847543448,14.614559945999924,2.0015905878869735,15.142373343590608
8f564e3e.qasm,64,success,15.576776499999996,15.123122332757987,13.2817697309019,15.131268467048253,13.218271259043663,15.139442818929904,12.34722314976008
8f564e3e.qasm,512,success,689.9786613999997,697.0818995419701,513.4171957486554,697.1143925760967,547.9079961919839,696.5109709671001,550.9431636132308
8f8fbcbd.qasm,16,success,712.1879557000002,867.7422847527964,48.651140821688045,865.2910079915764,50.56648581942289,863.6320835853269,43.154190673735556
8f8fbcbd.qasm,64,success,1437.2253333000003,803.8439053592164,14400.0,800.2058487441718,14400.0,786.8206552973321,14400.0
8fb9e9ac.qasm,16,success,0.1811224,0.6426126463469388,3.3518934891237833,0.614750539617936,3.431269304193039,0.6043139782347186,3.3209608729151694
8fb9e9ac.qasm,64,success,0.5304693,0.7579908394695293,1.2777003511268714,0.7483270437419849,1.2778886873010604,0.7556422966285105,1.1905167255232143
8fb9e9ac.qasm,512,success,0.1635519,0.5743146468414766,12.985908504228775,0.6234034651677364,14.449918768576394,0.5755877611086327,13.262164240937883
9143d50f.qasm,16,success,0.1758806,0.21944404459278136,15.569709488358626,0.21964944158535765,13.491408977320347,0.21953736533103413,16.90602978406255
9143d50f.qasm,64,success,2.8306142,2.1040709838987737,9.223593310518208,2.108863366936961,8.71530691312653,2.106383372161958,8.990298389547416
9143d50f.qasm,512,success,0.17785990000000002,0.21991893760607228,24.348635010626033,0.2200417916574297,26.488261140119125,0.22004883863298086,22.889195480424938
917fa943.qasm,16,success,1.7270749,1.3078484550318217,0.3228557850574311,1.2651445013921223,0.348757653158054,1.270957036680379,0.3377141563184385
917fa943.qasm,64,success,0.6866674,0.4038490728791646,1.4026015315167009,0.39148040626931446,1.285065514850262,0.40890884670852085,1.2517429819356285
917fa943.qasm,512,success,166.3146686,3.3836759865738513,0.5188933247370117,3.4771723542493675,0.5107175974688809,3.3901779617855152,0.4847189042578341
92f98bb3.qasm,16,success,0.4699449,0.47837494075417863,0.9692534039096256,0.47896644110414316,1.0507268487957024,0.4772290549030132,1.0530610349476373
92f98bb3.qasm,64,success,0.345261,0.34322641983739804,0.6127409774735155,0.34299842312066586,0.6312693365060679,0.34232808646521945,0.6472995513657929
92f98bb3.qasm,512,success,0.3467309,0.3429092646742859,1.014694347866143,0.3429549252944065,1.028477535846862,0.3427863454530125,0.9946066005724647
933b305c.qasm,16,success,1.8488212,1.852076937147093,12.108991230873153,1.8510188593664978,10.997007890612835,1.85134088705388,11.617240259222516
933b305c.qasm,64,success,10.668987299999998,10.638411013142063,9.646113706578419,10.64959195252758,9.828853822693107,10.653403351009779,9.349562817393487
933b305c.qasm,512,success,433.02179139999976,434.7745337861176,440.87124472876,435.10551607931546,470.1451323871902,435.25327445158115,452.0302788302243
93865be7.qasm,16,success,0.1846872,0.2689628799099497,0.2363456942441308,0.2629906736520183,0.23661822758638656,0.269422788573675,0.24208124851677926
93865be7.qasm,64,success,0.2199938,0.30414847623148705,0.7589917374779379,0.3035829349500819,0.7639082828135804,0.3113225478925804,0.7754552132544539
9395edc6.qasm,16,success,8.2267604,1.6658249407710783,0.5745271579254241,1.7106349942402066,0.5839897830591676,1.7777744751973636,0.6111472270368851
9395edc6.qasm,64,success,3.4462506000000004,0.8637722346838624,0.46970605858581105,0.8515070705997665,0.4737491614946402,0.8788576859322305,0.473590764490856
9395edc6.qasm,512,success,8.1534394,0.8550577662618132,0.4023402516551498,0.8184500634869961,0.44093399080447365,0.8215530978448417,0.4332326799081335
93c78575.qasm,16,success,2.2330659,2.240669748437695,14.47837184149089,2.240495774814627,13.390023485737052,2.240850607170744,14.326946923815203
93c78575.qasm,64,success,13.131851600000001,13.076551216932561,11.587496805242345,13.079791812962993,11.938656606105742,13.080177284670834,11.129833852529629
93c78575.qasm,512,success,575.9143289000002,552.3446174785431,514.8275695758028,553.6735803891734,550.9466017055827,553.5845630589685,520.5477578018707
9429600a.qasm,16,success,2.1292974,2.117219695836895,13.980682257451592,2.1175883171641434,12.50661419056757,2.1172084235455024,13.735659171236971
9429600a.qasm,64,success,12.183755600000001,12.12517924304628,10.69846777167685,12.124763755861455,10.852382046533195,12.118657830384029,10.526885004296899
9429600a.qasm,512,success,496.7916787999999,495.2289122364654,478.74713890455854,495.1959152365098,515.0361760673984,495.1589718032959,492.0897260680866
94f4e26a.qasm,16,success,2.5668699,2.5979901620296975,16.34529650437964,2.597888797153167,15.309169806905917,2.5969933456414878,16.391610181311776
94f4e26a.qasm,64,success,18.503752099999996,18.37146502146535,13.932732655109923,18.372048262920273,14.31609330581509,18.371773334112955,14.138880157908684
94f4e26a.qasm,512,success,704.7077987999999,704.3943641441285,515.1868419605437,705.3544460834571,532.0817951322487,706.3975159025365,527.1887663593675
950704f2.qasm,16,success,11.708849200000001,69.98407495063549,6.813026417434334,69.6437223251277,7.481673726391563,69.98728084879278,6.963314306354824
950704f2.qasm,64,success,2.5663469,5.977053986655533,7.60317371013696,5.976083949075785,8.900335476653243,5.973940600439069,9.152262926201926
950704f2.qasm,512,success,11.827260099999998,80.76201261485615,122.07276689640463,80.7526380093342,120.28813238279625,80.48756101718884,130.08790053996916
954ad251.qasm,16,success,0.19984290000000002,0.1800301650417007,0.20963085928607025,0.18050328288618667,0.21268707767603987,0.18124415674486877,0.2115362188246147
954ad251.qasm,64,success,0.17667839999999999,0.17331331349708146,0.30602839555368366,0.17361839639749893,0.3118445613944658,0.17359869869083913,0.31347454694056265
954ad251.qasm,512,success,0.18874259999999998,0.18435841719484491,0.2406410054388174,0.186027015906132,0.23775489675712014,0.18531695271957857,0.236838278745758
957c248b.qasm,16,success,0.1746251,4.266258189631807,1.4839744771812733,4.258670161488527,1.4894582828737783,4.251391945016021,1.618665746504477
957c248b.qasm,64,success,0.2911975,0.6044606032328146,1.148488744917037,0.6037745744784769,1.1218148148680545,0.604094644946919,1.1887316746498258
957c248b.qasm,512,success,0.1866839,4.482275255676457,14.411723985145095,4.522180731726611,15.244403348217338,4.511450667731771,14.669004684932299
964382be.qasm,16,success,2.6285394,2.5676591798986252,16.29152910000973,2.567818205593057,15.309169806905917,2.5686597889868508,16.348033638282928
964382be.qasm,64,success,18.324990700000004,18.40085708487584,13.959184332141588,18.4112428291134,14.31609330581509,18.393539608025094,14.15361218806163
964382be.qasm,512,success,696.1004410999997,681.0451303697587,515.0436387491119,684.3698571852374,532.6205818398151,681.5396730870195,527.1887663593675
965eb08c.qasm,16,success,1.6469743,1.6632155676018812,9.894338636329302,1.6633721814526938,9.086844793565149,1.6633565308986653,9.450194132251955
965eb08c.qasm,64,success,9.5513858,9.463139219452692,7.7636097818890075,9.461768630580684,7.977979156790486,9.46248801342652,7.653189075927785
965eb08c.qasm,512,success,354.3248175000001,344.06108855992863,309.3160128790258,344.0725820112835,322.6051970859806,344.0570247211404,307.0188189378001
96876fa5.qasm,16,success,8.5948081,15.481591227476892,18.198564580980253,14.71771031457008,18.752127895490155,14.49967497808595,18.98199485726905
96876fa5.qasm,64,success,0.9619184,6.252331987896513,13.02131151093383,6.429345768052741,13.177736512954832,6.502971184895397,12.413957968410658
96876fa5.qasm,512,success,7.9138945,6.518397107882075,18.2258855565566,7.664532232513899,19.97760296433157,7.267669244727679,18.418417375246015
96f82da7.qasm,16,success,0.17470950000000002,0.4013017270939178,23.19938143095864,0.39735403712951917,23.517995371020714,0.4057336179550458,23.82761272504325
96f82da7.qasm,64,success,2.1292088,2.7253288841079293,12.464330900803397,2.7307006506162423,11.525091965883806,2.7057803212566656,12.042001751229552
96f82da7.qasm,512,success,0.1789396,0.6175007111401838,27.589137536167083,0.6300835992256447,27.264720064101137,0.6028385267133299,25.97099677990325
981d8651.qasm,16,success,0.17745339999999998,0.17531699445147003,4.668525908407368,0.17529468493284675,4.68047576317227,0.1752034152896903,4.347686169738516
981d8651.qasm,64,success,4.6828124,4.7446118941133735,6.120705782315941,4.753820879524085,6.123788407557115,4.73311010317134,5.7009333263176085
981d8651.qasm,512,success,0.17061470000000004,0.17518456837921836,12.429353097169752,0.1753170693880935,13.169633331570209,0.1752095435658272,11.710961315433524
9a442b56.qasm,16,success,9.1980982,6.614247105087598,7.853574893303747,6.538891446381082,7.401272220025866,6.537719414476476,7.626258362038081
9a442b56.qasm,64,success,1.1185776,0.4597963597660626,4.7551570968162356,0.4489853001310971,4.420605866026533,0.46342879230802353,4.594410088199098
9c6b6510.qasm,16,success,0.2886272,0.7931323843786985,18.105110853280753,0.8144946701337581,18.681126934123768,0.806197146794161,21.944205646702514
9c6b6510.qasm,64,success,2.4669897,2.6694234728937003,10.299436992096563,2.6193021963689525,10.672008801163482,2.7821122235595164,10.310905864529506
9c6b6510.qasm,512,success,0.2779434,0.7206222813667986,154.74042439053238,0.7963006324641922,153.93480742968853,0.7163381553076831,142.36144068085986
9ccf974e.qasm,16,success,0.3430253,0.39855906036121524,0.2201086134366381,0.3828063117129251,0.22016197676301158,0.3941315513241912,0.21606153956456903
9ccf974e.qasm,64,success,0.17092409999999997,0.20486313885193078,0.25766145221855996,0.2021995265806711,0.2562545454130387,0.2031530010765589,0.2617692207567236
9d76010e.qasm,16,success,0.1707674,0.17992499634984843,2.108325239770722,0.1797616925371417,2.132999091394109,0.17959379091835997,2.0729024383599226
9d76010e.qasm,64,success,3.0336689,2.70550284713959,2.8657576207820883,2.6324494595354597,3.0038746940075436,2.712309500311343,2.75335256114519
9d76010e.qasm,512,success,0.1692022,0.1769521006220646,4.6568451019222,0.1769063959140593,4.969962490631412,0.17700848284638165,4.66283172694759
9d7cbc78.qasm,16,success,0.4762271,0.4830091870061775,0.9692534039096256,0.48218458448500406,1.0507159406887794,0.49126779950399857,1.0539070009913918
9d7cbc78.qasm,64,success,0.3512017,0.34089948052363456,0.6137476802159028,0.3408925453519307,0.6325029137221169,0.3408961853226737,0.6511764505951624
9d7cbc78.qasm,512,success,0.3497272,0.3416118909608155,1.014694347866143,0.34160266227145036,1.0285845942643965,0.34171970363106646,0.9925871725601795
9d7e60b6.qasm,16,success,0.18949259999999998,0.19319780550610074,14.419581233994704,0.19354872512909987,12.535720447532997,0.19346547825909424,15.446899134614906
9d7e60b6.qasm,64,success,2.0476432,2.0491607593576227,7.626460461887279,2.045746448322603,7.341365275854831,2.0443417448650116,7.243932541494279
9d7e60b6.qasm,512,success,0.17087999999999998,0.18321174030942516,22.484244140605334,0.18516719969346568,24.797815487013878,0.18520183032252044,21.142125022418544
9e3be92a.qasm,16,success,90.3924556,11.512219954430355,6.813026417434334,11.5106169861885,7.481673726391563,11.504253792728008,6.963314306354824
9e3be92a.qasm,64,success,5.0076162,2.788294665644815,7.60317371013696,2.788294665644815,8.83249640963959,2.7893004506325974,9.152262926201926
9e3be92a.qasm,512,success,90.08668939999998,13.982911905161552,122.07276689640463,13.982911905161545,120.28813238279625,13.982911905161552,130.08790053996916
9ea3bed5.qasm,16,success,3.9805098,3.934389661372999,6.993703709395543,3.79801832243915,7.140001362516182,4.027012816053185,7.265856120841051
9ea3bed5.qasm,64,success,3.8935624,3.011681968467539,1.9386970274456812,2.9755649721664166,1.9636031816856447,3.045894396386859,1.9237676157512051
9ea3bed5.qasm,512,success,3.9776184000000003,3.7883189053519915,5.8474243547055105,3.862205633976018,5.956189530786474,3.888968307977139,5.842071040281186
9f744e04.qasm,16,success,52.217373299999984,28.024564510682648,20.53876211463483,27.6043801050373,20.42715300812952,28.226983197290824,19.305721739249176
9f744e04.qasm,64,success,104.66313360000004,36.684089681520774,4.263208766564901,33.746353135753864,4.076453345526734,34.26582616144128,3.907074972754351
9f744e04.qasm,512,success,4128.416998699998,1949.3690182747152,114.58858566651266,1982.6064996592502,113.51814952850236,1911.587124932791,110.8098018799146
a0a79499.qasm,16,success,1.8720441,0.5645365917184718,0.39633636282099854,0.5464900295166653,0.39743658870619325,0.5585072738419697,0.40078110667046296
a0a79499.qasm,64,success,0.7155789,0.4159880505137877,0.5180315634165885,0.4211802819323118,0.5088660531292359,0.42005905663266807,0.5215251815080557
a0a79499.qasm,512,success,1.9413185,0.3325083263284611,0.3508137098724941,0.32945381970081555,0.35524700940122644,0.3224766632129819,0.36973332143116505
a0b53b67.qasm,16,success,0.17763,0.28875880056725867,2.919955185060505,0.29853648420165746,2.947043904804599,0.2856481517077401,3.0872355391200013
a0b53b67.qasm,64,success,0.5182719,1.1214601753612503,2.4813792436451267,1.1667162120112573,2.4042467913510603,1.1702708027298148,2.4711684039420807
a169a3ba.qasm,16,success,1.6347612,1.6447493762806054,10.266103857909918,1.6445910207391237,9.436799532598945,1.6446644271231867,9.549412468827319
a169a3ba.qasm,64,success,8.898883499999998,8.927902748740907,8.304812132504033,8.926317512950753,8.848555050955499,8.927752279904732,8.149868351705853
a169a3ba.qasm,512,success,330.86148350000013,342.67183720749915,334.12774830635647,342.50628345979345,352.90526390266325,342.5313134534054,341.5158534634572
a1b3d3aa.qasm,16,success,2.1666266,1.858103757027792,1.5585359668208025,1.87160329400971,1.6061285561644962,1.956882279528399,1.5967557574594484
a1b3d3aa.qasm,64,success,6.827168100000001,1.9177955718569857,1.972726782147911,1.9129822994284402,2.0074127865567815,2.071675622367203,2.000326874175436
a1b3d3aa.qasm,512,success,212.50459400000003,40.029033840485404,54.92093765133519,39.479242055682604,55.39847658278753,46.853989497483965,53.5517345508999
a1bc8d56.qasm,16,success,1.0850003,1.0943947287236113,3.3743693307327356,1.0941568964245467,3.4538893970793247,1.0936889871207585,3.385873068962679
a1bc8d56.qasm,64,success,2.2916824,2.276382227157956,2.030269177378618,2.2765085365627016,1.9693115057166468,2.276442129837576,2.0872418260723467
a1bc8d56.qasm,512,success,23.992057699999997,23.652432305930734,57.52296718409806,23.645320156496545,61.089902212213914,23.645320156496545,57.263157390329646
a3cb01ca.qasm,16,success,1.2192321,1.1872710677834963,4.78500723011971,1.187335060684147,4.87807051606556,1.1871166721739668,4.688049474528213
a3cb01ca.qasm,64,success,3.4253563,3.407008462665733,4.091951349895847,3.4083252653606597,3.9848960288568316,3.4084524064163055,3.8265685097644475
a3cb01ca.qasm,512,success,72.2422423,72.26664039926176,121.19071239158903,72.26644287073545,135.70350718694073,72.26253692668479,120.65842207935006
a409aaa1.qasm,16,success,2.5722586,2.3121949534435546,1.660216832049954,2.272343183662169,1.6291017831438899,2.291548948451982,1.6005439989456243
a409aaa1.qasm,64,success,6.2227107,3.741615333839076,3.2707139726905923,3.834875356249521,3.2998769660467557,3.951602186474763,3.3044404116752593
a409aaa1.qasm,512,success,194.3047202,148.7161642226579,102.25057472980536,154.23278815573565,101.0558075388008,146.2734470745665,107.59915850071555
a440a477.qasm,16,success,16.169895400000005,6.118645178061609,0.6789587843740149,6.115466807932817,0.6956779560465508,6.30223028291403,0.7354679594125029
a440a477.qasm,64,success,6.606882699999999,2.635236046478221,0.682727363946025,2.7653909949555513,0.7075075353389494,2.7395335292380993,0.714200282523565
a440a477.qasm,512,success,16.634451100000003,9.966981169932327,8.580634518332303,9.424487978422968,8.697325904527109,9.802842985087942,8.86468900387539
a44fdc9f.qasm,16,success,0.1848667,0.1834591779153871,4.473058663281657,0.1838596057045439,4.062693337684812,0.18389534248693154,4.793000395925588
a44fdc9f.qasm,64,success,1.0295765,1.0777807725415376,3.5077954513762784,1.0743711921569288,3.2801625175724602,1.0663433463407006,3.1578792444070936
a44fdc9f.qasm,512,success,0.17738700000000002,0.17331872530131168,12.18495756951039,0.1733492672433322,12.22883872357656,0.17343586245150802,11.420444236659588
a4f95806.qasm,16,success,0.16642549999999998,0.195731202749084,0.20908967103222462,0.19467106136966386,0.2101040291350594,0.19539839108408413,0.21025539992054243
a4f95806.qasm,64,success,0.6707554,0.5712996202780443,0.5320350973407278,0.5740848364217954,0.5370881798170432,0.5730892012787725,0.5408944933471043
a4f95806.qasm,512,success,0.17320600000000003,0.19644226800555764,0.23997381918950206,0.19687106146111677,0.23837460925498313,0.19703954878588972,0.23857644846314421
a75c691c.qasm,16,success,2.0765425,2.121468156029384,2.249551367274977,2.1245548362302897,2.0184414667032753,2.1217833028147823,2.065630231194601
a75c691c.qasm,64,success,0.166108,0.1794723941597175,1.5466953530216943,0.17907916957335823,1.4394033337754832,0.17907711308979865,1.5272469953424908
a8818670.qasm,16,success,0.1796637,0.18302322783734326,0.19566650541947664,0.1830370137146419,0.19896876139561134,0.18312643452028438,0.1976647949379494
a8818670.qasm,64,success,1.156165,0.9125891307700661,0.5250069626390192,0.9238277411035895,0.5332990543526517,0.9312960155859303,0.5292200522922064
a8818670.qasm,512,success,0.18732309999999996,0.20809677179468486,0.204760773729417,0.2084696029388088,0.20290337284908253,0.20793510385128613,0.2039278690502556
a8b40b61.qasm,16,success,1.6559996,1.6571859554855493,9.894338636329302,1.6568044308668701,9.086844793565149,1.6570288177075831,9.450194132251955
a8b40b61.qasm,64,success,9.471062,9.49474470186194,7.800474934797826,9.493130778059776,7.977979156790486,9.496490789337546,7.626798554834498
a8b40b61.qasm,512,success,344.19865939999994,349.4820558177584,309.1267688891086,349.4364239597136,322.51552457013895,349.5767212468259,308.17893907734526
a8dfab96.qasm,16,success,1.0960489,1.0963154984510668,3.798070244443908,1.0962033433061893,4.020701390995896,1.096001563246553,3.7711137828082792
a8dfab96.qasm,64,success,2.5684272,2.5542774906506454,2.28971219823913,2.5535844711226403,2.291285083938784,2.555837919291197,2.3573948151887976
a8dfab96.qasm,512,success,34.62364469999999,34.42202422134469,94.76683380079292,34.38048350802494,106.7768274802277,34.427509692852894,97.88665760470269
a9091180.qasm,16,success,2.1176052,2.115543139872336,13.980682257451592,2.115479791565636,12.506385354340114,2.115497195317971,13.735659171236971
a9091180.qasm,64,success,12.155388299999998,12.149810627907875,10.69846777167685,12.149745884062362,10.852382046533195,12.149610053530656,10.526885004296899
a9091180.qasm,512,success,497.33829909999974,495.1952635922542,478.74713890455854,495.19897721980794,515.0361760673984,495.2338232580729,492.0897260680866
aa41f5f1.qasm,16,success,2.0768734,2.069336550469714,13.185315023033592,2.069194617444301,12.150180021831964,2.069188904726411,13.01971850032916
aa41f5f1.qasm,64,success,12.550837200000002,12.503065565426285,10.036054212162313,12.490064871833244,10.448603994672942,12.49140230608699,9.709099423913692
aa41f5f1.qasm,512,success,497.82790249999994,506.4631060677968,402.0174405574683,506.68784864549514,426.53509507657424,506.537490691066,404.10506006261824
aac529b2.qasm,16,success,1231.2409277000006,86.96845184113539,104.05696850389722,92.54053119744471,105.07997400053453,90.81171083715633,111.44614173719101
aac529b2.qasm,64,success,49.33276260000001,74.53235492507194,78.43556236833321,74.09647426714405,80.86275505280703,69.62263373952531,73.72061609761148
aac529b2.qasm,512,success,4142.797545899999,14400.0,14400.0,14400.0,14400.0,14400.0,14400.0
aaf05f5c.qasm,16,success,1.1518439,1.1182125480485612,6.833398903004573,1.1181715571309494,6.759194456050281,1.1183242704537828,6.589499825415672
aaf05f5c.qasm,64,success,5.0934963,5.081876820877721,5.674355698028719,5.08266725187133,5.3777856803384845,5.082809406121779,5.082711080451867
aaf05f5c.qasm,512,success,144.77378309999997,145.06270584188937,193.42650512379757,145.0688921283676,205.26754834879236,145.11814447718277,188.2422953414629
ab65fd24.qasm,16,success,2.6866797,2.6723058849100454,18.012510895440244,2.6723689025451542,16.864030564240128,2.6724621490996108,18.079125353319807
ab65fd24.qasm,64,success,21.016287900000002,21.040855682107086,16.45506628697523,21.04039431175158,16.51015935753358,21.040509653392007,16.15057418553535
ab65fd24.qasm,512,success,969.4532298999997,966.0576753173194,643.3702067055077,967.9522954917893,671.9320058040962,969.3225405306998,677.5880130254894
ab8a1b3c.qasm,16,success,5.4734568,1.7210128480277564,0.4080943730300693,1.7680080238080291,0.43456542052716085,1.7544816917643211,0.41861603402733577
ab8a1b3c.qasm,64,success,0.17588040000000002,2.1473181391946348,1.533127118488022,2.1620934892292514,1.4068158937098039,2.1446159387937294,1.329919165489768
ab8a1b3c.qasm,512,success,7.0257582,12.763042178630412,0.6103949994261674,12.713420913236442,0.5832680878323167,12.43506761714575,0.5625517703913738
ab964bf6.qasm,16,success,1.1127641,1.1352631607052366,6.847757013018839,1.1347618659799779,6.758716015837565,1.1353833940678013,6.57850179853003
ab964bf6.qasm,64,success,5.0798998,5.081558039054571,5.674355698028719,5.0858876328490945,5.373535259259986,5.084208598545938,5.07982953492265
ab964bf6.qasm,512,success,144.58527109999997,145.85223600733093,195.22423273987556,145.76686839834642,206.42492518332423,145.75966132324675,189.4890419968465
aceda861.qasm,16,success,307.34320260000015,46.043932929884974,1.0810917007190162,49.50530723373457,1.1621499109046838,48.86721459876884,1.0045521843442689
aceda861.qasm,64,success,142.41094300000003,36.57411639730042,8.515763651778581,37.18420106697936,8.829323257525653,38.9839975074018,8.699766876637788
aceda861.qasm,512,success,304.2419227000001,47.57203833738351,0.7974272249603195,49.001162985076924,0.8136299537221581,51.03975811667406,0.813936558674936
ad2439c7.qasm,16,success,2.2632372,2.359592757274681,15.131667137516457,2.359809915223562,14.431274328947072,2.359636273765637,14.970287106811234
ad2439c7.qasm,64,success,16.262889900000005,16.290252530327955,13.12980857532502,16.29228191392699,13.305552953515818,16.291858183930145,12.816656875841849
ad2439c7.qasm,512,success,666.6881105000001,651.2150666927134,465.5822635617526,651.3258226387709,484.3846972033991,654.7149233067407,485.0524269154081
ad74d7c1.qasm,16,success,4.0893965,1.2342843596171198,2.546672320497175,1.1910355586418446,2.7028005022262156,1.1638459957375316,2.872471718417256
ad74d7c1.qasm,64,success,17.206083600000003,2.1207900600157856,2.8331314889048285,2.3431543345277164,2.848846163797968,2.0977576323762284,2.790153025832155
ad74d7c1.qasm,512,success,690.9794292999997,15.330017613357438,5.429438751932965,14.477225370105497,5.152644217053391,15.789319446980679,5.299951645709502
aed3c1af.qasm,16,success,1.7608045,1.7353242750374362,10.686115137769036,1.7346370274546468,9.727880597028333,1.735022556921613,10.227605066694476
aed3c1af.qasm,64,success,10.090619899999998,10.059427617509698,8.586986868405642,10.061950294216794,8.792855731813379,10.062070006745108,8.554454109111196
aed3c1af.qasm,512,success,402.51049830000005,405.3406851362406,359.5731173587584,405.4361291537833,376.92168352985607,405.4429554697413,357.60975168860216
af2659f0.qasm,16,success,0.16919179999999998,0.19212599170338635,0.19474350987801708,0.1917266745503215,0.1977327041736139,0.19249508716873834,0.19627074347193016
af2659f0.qasm,64,success,0.1564611,0.19850208945345058,0.2611888697376161,0.19897601753530866,0.2608541008781634,0.19930127034638556,0.2623234448769466
af88ad19.qasm,16,success,0.17483530000000003,0.293730935103511,1.435664213651453,0.28777497103456245,1.3828920569882468,0.29582552020956493,1.416291460227832
af88ad19.qasm,64,success,0.1752695,0.2762341461381878,0.7012443832601581,0.2760233874826576,0.7157932936898608,0.2682544264664225,0.6772490451264292
af88ad19.qasm,512,success,0.17989700000000003,0.2693584954265117,0.5540203259958159,0.26634386762434725,0.543871047444553,0.26848577671552454,0.5835516770477789
af8b17d0.qasm,16,success,0.1818541,0.1886442376114827,0.19818780403067546,0.1894890442128892,0.1977839401483106,0.18847861163939833,0.19920313813080517
af8b17d0.qasm,64,success,0.1684462,0.1860385767780263,0.33042006800203694,0.18715027503259685,0.3374583301937136,0.18557051196942642,0.33347733254937184
b06c81ca.qasm,16,success,1.5398947,1.5140844669520748,9.050931812844215,1.5165102612652628,8.455412680372392,1.516247560723013,8.458174698337507
b06c81ca.qasm,64,success,6.921094199999999,6.890466134389104,6.9358863866629346,6.890202916816875,7.633241336432517,6.891595337872322,6.77755964631551
b06c81ca.qasm,512,success,202.7487235,206.83579438042392,250.94663974732322,207.1218033880493,263.587002543278,207.47073795044398,249.34165270571748
b11883af.qasm,16,success,0.1776531,0.5496487461259684,2.2557817409484002,0.5448927087053757,2.218655889776822,0.5249095612466367,2.122770301115028
b11883af.qasm,64,success,0.3563139,0.5505975732231138,2.3031469918019063,0.538521055334539,2.3355021272653245,0.5728548799214289,2.241555950450666
b11883af.qasm,512,success,0.1822348,0.6669178221700625,0.6577935870620886,0.656005707055506,0.5957198116054816,0.6270253367330546,0.6285255781665715
b1ea1d60.qasm,16,success,0.2114184,0.18755768949818818,3.3411733342594436,0.18711625742467153,3.3117860318312666,0.1869063272998452,3.348531075015042
b1ea1d60.qasm,64,success,4.7274893,4.890773486090136,5.57414257496051,4.876396914750186,5.31342902129607,4.923972891946703,5.218385943867501
b1ea1d60.qasm,512,success,0.2223113,0.1949837534140844,13.511356938013716,0.19513250412191385,13.386105997992097,0.1957759230914239,11.52222667945103
b2346111.qasm,16,success,5166.543143199999,14400.0,100.0,14400.0,100.0,14400.0,100.0
b2346111.qasm,64,success,3106.2406232999992,1034.8804989007272,100.0,948.6269494903779,100.0,958.6029019171968,100.0
b2346111.qasm,512,success,3112.5309232000013,14400.0,100.0,14400.0,100.0,14400.0,100.0
b38d732e.qasm,16,success,0.1849359,0.356542230005677,0.46690809505780245,0.3559018964169603,0.48220386172426977,0.33594494154780746,0.4840549236993393
b38d732e.qasm,64,success,0.284838,0.45511059301073353,0.5449804683788869,0.44671648166277,0.5297249316731978,0.46270383264136955,0.5364237666610188
b38d732e.qasm,512,success,0.1656216,0.3671045525132077,0.4697857951127164,0.36767752595448105,0.4629100283155695,0.35894839347727275,0.475529942464486
b469b640.qasm,16,success,0.1815829,0.36710419274464773,0.35215798699030176,0.345895143720686,0.34267803393380775,0.35813064637206926,0.3390307600914246
b469b640.qasm,64,success,0.1756312,0.625091507965734,0.4427051481121111,0.6431667272401518,0.5096110552460369,0.6841156032349435,0.4521612247418534
b4976343.qasm,16,success,0.17541639999999997,0.1869965335140374,0.1945403098832533,0.18694216974499,0.19559999493328623,0.18686164276972025,0.19435017864014142
b4976343.qasm,64,success,0.2803895,0.2703721469933007,0.4480505930094365,0.2702867329594785,0.4398775640485378,0.2705790054021799,0.4536563797207164
b4976343.qasm,512,success,0.1761288,0.18496320176229633,0.20186540378117812,0.18533485472320924,0.20056847791802834,0.18504234590276292,0.19998522511972217
b4c090da.qasm,16,success,0.1804214,0.18865825852358234,0.19589885264820323,0.1889872552526042,0.195054114269162,0.18970268549007038,0.19581999259567928
b4c090da.qasm,64,success,0.16996559999999997,0.2092398960416225,0.2986619964780689,0.203928930300349,0.2913463626603491,0.21099503941968445,0.2998248857961484
b5baa095.qasm,16,success,0.6978439,0.7000880470857853,0.4257833683871346,0.7201839026607688,0.4229299347157568,0.7178869862180649,0.4354616241507063
b5baa095.qasm,64,success,2.8962337,3.5572619274674517,0.9532602518335042,3.58034612590158,0.9774730216991994,3.5823234513645152,0.955319567210709
b5be0645.qasm,16,timeout,14399.999999999989,14400.0,14400.0,14400.0,14400.0,14400.0,14400.0
b5be0645.qasm,64,timeout,14399.999999999989,7243.734674752733,7243.734674752733,7243.734674752733,7243.734674752733,7243.734674752733,7243.734674752733
b601af0f.qasm,16,success,0.1732445,0.21087783096420482,0.2467868822036878,0.20767774551665444,0.2457952220628646,0.21053798559217976,0.24242811262434286
b601af0f.qasm,64,success,0.2902428,0.24803770864720884,0.29006933411964014,0.2488658811749079,0.2911080821852613,0.25067989279455655,0.29535676952439244
b601af0f.qasm,512,success,0.1780364,0.23874114914214456,0.24851249375622078,0.23594997320638925,0.2532670669635077,0.24454404654237072,0.260310624431675
b630efea.qasm,16,success,1.1978284,1.2043502761204483,5.299646111168935,1.2044464328444116,5.421047746552497,1.2051158192424751,5.128084454134341
b630efea.qasm,64,success,4.1749277,4.159518227236403,4.3957373894842195,4.159143009745692,4.343715170515807,4.159359864674625,4.095829823068923
b630efea.qasm,512,success,91.48293179999997,93.22333091625784,143.120874498589,93.31381541925805,161.95877611597328,93.12948010671929,144.89578579602602
b680d160.qasm,16,success,2.0660882,2.0610869737424182,13.254671181153252,2.0610387241839976,12.150180021831964,2.0610900717480605,13.01971850032916
b680d160.qasm,64,success,12.521304800000003,12.522806847095389,10.036054212162313,12.521028748502498,10.448603994672942,12.520379167707013,9.709099423913692
b680d160.qasm,512,success,503.3593403000002,504.9705880316646,403.76323102066465,504.9058739485368,426.53509507657424,505.08235715675676,404.10506006261824
b7694c8e.qasm,16,success,4.6260506,4.6381253272060325,2.8529829047176483,4.628992877073479,2.565763517787631,4.6450806681811505,2.663935373722477
b7694c8e.qasm,64,success,0.3332834,0.18407465317747562,3.250504160410647,0.18318250973146297,3.0527681319478375,0.18178286134001176,3.2415882113521666
b792cc98.qasm,16,success,0.1753902,0.1868712691380666,0.19427585559315602,0.18806106447329896,0.1998230719449043,0.18783760517357592,0.19427711499652586
b792cc98.qasm,64,success,0.1814324,0.1822318468222721,0.236214291429732,0.18011438615375577,0.23540364424441226,0.18276439777502582,0.24362861099904348
b792cc98.qasm,512,success,0.16917660000000004,0.19266987124230753,0.22262217159200126,0.19477337965785815,0.21884676358075686,0.19427085311688563,0.21540322599499873
b97c72bf.qasm,16,success,0.22274159999999998,0.3151079955286092,0.25380921436505893,0.3147794057855774,0.24998519884101325,0.3293164225432399,0.2506756613131892
b97c72bf.qasm,64,success,0.2894879,0.4589079125646742,0.5282765723901817,0.4641435807898727,0.5747898002509793,0.47764690431588436,0.5425769679232729
b97c72bf.qasm,512,success,0.2054503,0.4404897217436994,0.3394614590924877,0.4713638123260975,0.32458426959630715,0.4797463708523851,0.32125782663735014
b9ba0e84.qasm,16,success,6.7821621,4.745642043323094,1.4276493348460648,4.7904829739419,1.3731183341907722,4.7972607506157985,1.3985892006791998
b9ba0e84.qasm,64,success,28.735752399999996,8.799915280560247,3.5744166141202665,8.683180003749987,3.3078642954194653,9.07672410355292,3.162132263801754
b9ba0e84.qasm,512,success,2299.937497400001,1133.9817190237945,106.34455261183427,1115.9188182699265,94.58643869489055,1200.463562649422,99.11098439077267
ba0c09b8.qasm,16,success,1.6862829,1.7024144055751864,11.022330539884864,1.7018148584367168,10.14876405038996,1.7019363861218202,10.653260223920942
ba0c09b8.qasm,64,success,10.520238199999998,10.526650920505578,8.586068303433963,10.52664176331296,8.771745792556858,10.527396810248193,8.547886119009453
ba0c09b8.qasm,512,success,404.0949175,406.71152318479204,358.8645234660967,406.65095891442746,378.85248721945084,406.637299911469,365.05164518614066
bb291a8b.qasm,16,success,2.2330537,2.247036681669889,14.524749960166924,2.2469113810046077,13.38432900421249,2.247139710272731,14.32994969246799
bb291a8b.qasm,64,success,13.046995199999998,13.078182540135693,11.586023797869958,13.0820845565198,11.905227461418185,13.082680566931025,11.18607872570748
bb291a8b.qasm,512,success,564.3548563,529.3271160374276,514.6844662290325,528.9047759827586,550.9466017055827,527.0105442151106,520.3918089920745
bb50273f.qasm,16,success,461.99817259999986,86.74814429295682,23.9844887333269,93.54709890259251,24.736453051850635,86.11293590541256,24.642018662914523
bb50273f.qasm,64,success,61.829867500000006,16.615047166042437,16.9285134990351,17.168023520950257,20.168164836426357,18.14238166656136,20.41391276377907
bb50273f.qasm,512,success,565.4078366999998,160.4001640377709,297.36070947427936,158.33082328668792,272.5402852126925,160.3804671260991,283.0798010874969
bc99b330.qasm,16,success,125.21808419999999,134.570103386653,110.60288801571818,134.54150729238276,97.98170098204162,135.22863075094827,87.45894490609757
bc99b330.qasm,64,success,175.69860989999995,247.7492540689658,14400.0,248.48771267722384,14400.0,246.9638993646468,14400.0
bc9dd950.qasm,16,success,1.1235861,1.0910014311268488,3.787762391233322,1.0907409571035156,4.023637724036917,1.0910135960579346,3.7646923694569243
bc9dd950.qasm,64,success,2.5736842,2.562350393793674,2.2896071039067274,2.5630580310293127,2.291512829419825,2.563475248537612,2.3566858215092106
bc9dd950.qasm,512,success,34.4556024,34.3300988572195,94.18476588535196,34.34868950443806,106.40300253679422,34.32099947785349,97.6571858941136
bd32080b.qasm,16,success,1675.8850690999998,306.74201439317693,48.634513514182466,318.2805939298271,47.11691213710511,294.5014934978352,51.06783589380308
bd32080b.qasm,64,success,6223.237383199999,236.07237915905458,14400.0,243.38949758390928,14400.0,259.26035287451117,14400.0
bd32080b.qasm,512,timeout,14399.999999999989,14400.0,14400.0,14400.0,14400.0,14400.0,14400.0
bd462bd7.qasm,16,success,8.4452683,7.195420272680193,7.229955864062163,7.1960464180236725,6.640303332233293,7.193834664590777,7.076955850796256
bd462bd7.qasm,64,success,0.18212130000000004,0.22378516584760402,3.7056785745553,0.22316110867815467,3.437259061926351,0.22352382668521972,3.6164250255442756
bdd2c3ff.qasm,16,success,8.5620839,6.983422175440468,1.9959747548793008,6.764459652840578,1.8794560619298017,6.865546854737966,1.7032987701148286
bdd2c3ff.qasm,64,success,71.33639449999998,6.6101406306509505,6.045284030931493,6.53233874091034,5.800685039369156,6.470134618963849,5.353465053700499
bdd2c3ff.qasm,512,success,2554.6987554,1381.7192950724766,199.38751613437702,1336.021624903459,197.34599212961282,1320.3296936236925,181.27826679204978
be527b4d.qasm,16,success,327.64276280000007,466.8727039104961,16.02626778577625,455.54075068954626,17.593664680831996,424.85673701988594,13.732263106456303
be527b4d.qasm,64,success,16.115476700000002,120.8061358872596,14400.0,137.91778705845203,10.0,121.32392608345978,14400.0
bf029799.qasm,16,success,1.7939698,1.7900727059285029,10.597492972136916,1.79043723555076,9.685712862674729,1.7895960801994244,10.276830920241201
bf029799.qasm,64,success,9.9905934,10.005693520165527,8.315594259710634,10.002510831725385,8.59104628723879,10.004940039183975,8.188518123249384
bf029799.qasm,512,success,373.7508546999999,381.0617484643262,333.085408405585,380.9052650766452,352.5687630354304,380.8529305605632,337.4939872695
bf0f8df9.qasm,16,success,0.54735,0.5403663623583187,2.3053798409567112,0.5405551191258932,2.430028012695113,0.5404889957531713,2.2439139890284436
bf0f8df9.qasm,64,success,1.3424396,1.3416048150644084,1.3017147870474461,1.3417112041570627,1.2698404889024428,1.341491181114778,1.3042868274150066
bf0f8df9.qasm,512,success,3.4726905999999995,3.499122404464757,2.6857338340721344,3.4980737733005793,2.667999741386878,3.498850742980266,2.740393223749812
bf9674e9.qasm,16,success,0.1775753,0.16888147572929776,1.6905428191206466,0.16878419385574603,1.7513141938706098,0.16871895905382026,1.656530258578759
bf9674e9.qasm,64,success,2.4674081,2.369669759298299,2.138270108991492,2.399163342738711,2.264633527182095,2.3751625667036107,2.10934736453141
bf9674e9.qasm,512,success,0.17353109999999997,0.18892157630166126,3.0433171068558087,0.18842823366602546,3.148711796578889,0.1882461703503697,2.9870949186687965
c05aa9cf.qasm,16,success,3.0019963,2.9979996379673226,19.915075308458498,2.998009840822754,18.6655829965726,2.9979319875525743,19.65305766616112
c05aa9cf.qasm,64,success,23.5731577,23.69750466244401,18.556125272393075,23.697441368090733,18.756937594340616,23.697431374260916,18.060140496126465
c05aa9cf.qasm,512,success,448.6712298999999,1114.3906267070658,687.5816231413773,1114.4031604750462,713.2786012799297,1114.5211402898826,719.5255611237388
c0a1d157.qasm,16,success,0.18243549999999997,0.26101611063968383,7.819305362506266,0.2598532333848719,7.6499928386049705,0.26395200042548805,8.025387343048402
c0a1d157.qasm,64,success,4.6466562,4.24817565796919,10.39379972676456,4.1776544971683665,9.948321598817978,4.192211268422042,9.890872009984506
c0a1d157.qasm,512,success,0.1828232,0.24634046590937692,14.892092329124777,0.24242423008413408,16.48003273967375,0.2489626529212156,13.498722163410784
c0ffe57a.qasm,16,success,0.3998301,0.19490729362172343,0.1876783099951128,0.19498974185422033,0.18680001324216114,0.1932162719445722,0.18802482925740927
c0ffe57a.qasm,64,success,0.1699738,0.18080432013772832,0.18825967017365025,0.18025202853768485,0.189596772472228,0.18143173652644806,0.19066767675693583
c20bb346.qasm,16,success,0.3509667,2.0170355818840835,7.424550169324553,1.9086563960076,7.552115853945546,2.2403403703487315,7.450908535901379
c20bb346.qasm,64,success,1.1472027,1.1604132141042842,2.1506397382003377,1.2194254535757212,2.3039068348803324,1.1965955677143227,2.235252097140456
c20bb346.qasm,512,success,0.3426731,1.3452496608595494,34.865174734937575,1.3805727642066021,35.73040189067097,1.3737033282188356,33.168452466384174
c246552a.qasm,16,success,4.088997,4.6845056975351715,2.1751358228255104,4.5212121344697,2.069589228077563,4.642600362927486,1.8227029376446169
c246552a.qasm,64,success,0.4388426,4.099394626093233,5.767040017260096,4.210827925456492,5.281982750573927,4.190851555447864,4.9729905706846385
c246552a.qasm,512,success,816.6656867,940.0853629874026,187.3895414067203,976.6824775615808,185.5423147869146,978.6174692802492,181.63632689191473
c39fa73b.qasm,16,success,0.17802479999999998,0.18034062715776578,0.19232875010008996,0.1803269871425287,0.19199302127425893,0.18028327251376886,0.19220313294201932
c39fa73b.qasm,64,success,0.1641723,0.17047142893638034,0.22198757690061036,0.1706158952354175,0.21836430393467554,0.17061104814731545,0.22031584664254011
c39fa73b.qasm,512,success,0.1729059,0.17811462429876151,0.19239775856784422,0.17780288861120683,0.19423977227947023,0.17793238997259997,0.1941560623704955
c3c0513f.qasm,16,success,0.1795263,0.5861116304302764,0.6145709004627351,0.5878665081699507,0.6291696502352243,0.5912046723921242,0.6477028149051014
c3c0513f.qasm,64,success,0.1589828,0.36104492722987375,0.4867213330474105,0.36136245094594793,0.4666212303218868,0.3608020483394366,0.48670107011985897
c3c0513f.qasm,512,success,0.17359960000000002,0.6003836397575436,0.4732770720089777,0.6010000410106641,0.49336254668346896,0.600206584093672,0.4773384695433841
c40ecada.qasm,16,success,1.5196586,1.5133996605231261,9.050931812844215,1.5154509850226194,8.455412680372392,1.5160007311750432,8.471736139493185
c40ecada.qasm,64,success,6.9018752999999995,6.900516552933765,6.9358863866629346,6.900921448933369,7.633241336432517,6.903159986758195,6.789105309893753
c40ecada.qasm,512,success,208.56807320000001,207.5708165026885,250.98262704247665,207.7358354791044,263.587002543278,208.20749974876028,249.34165270571748
c4c36286.qasm,16,success,1.7383957,1.7386646834630928,10.71499953793513,1.738217873335904,9.743712232065185,1.739201584657591,10.260101296822167
c4c36286.qasm,64,success,10.072573800000002,10.084533154636231,8.630550573502665,10.084618205957556,8.855309803029057,10.084829196567975,8.602729920918565
c4c36286.qasm,512,success,401.72131759999985,404.8508764584139,359.4272717300535,404.83762564437257,377.1143483030942,404.84288587214115,356.09376833668125
c4ff2c11.qasm,16,success,1.1621505,1.0334314304296432,0.45916036372997154,1.0219673497144321,0.45918461336146826,1.0391597121481118,0.4658585815042179
c4ff2c11.qasm,64,success,5.589186999999999,4.955175710072053,1.3814189645905317,4.847078127163902,1.4899740935080463,4.865444759292798,1.3919880571901486
c4ff2c11.qasm,512,success,1.1551765,2.6345152818368427,1.8818223796997124,2.8457765718790045,1.9635613232766689,2.8515373239655672,1.947950268999631
c6678d16.qasm,16,success,516.0462371999998,730.5633718957325,45.739156310522816,732.2758237321774,47.413533569657545,719.1798550694316,40.14124832361532
c6678d16.qasm,64,success,821.4442047999996,677.642761733236,14400.0,663.3780451672957,14400.0,655.3155272757189,14400.0
c6678d16.qasm,512,timeout,14399.999999999989,14400.0,14400.0,14400.0,14400.0,14400.0,14400.0
c676cfb4.qasm,16,success,0.23532530000000002,0.1872968460062134,0.2892157984929719,0.1857970295490219,0.28488238972916996,0.18559601180950583,0.28867196024228114
c676cfb4.qasm,64,success,0.2578355,0.17474778033619615,0.31699059252931583,0.17497770777102353,0.31333429585352796,0.17495317889825757,0.3288270255822919
c676cfb4.qasm,512,success,0.24538750000000004,0.18134762283587474,0.28915294945703907,0.18079935726478769,0.3020547510649705,0.1804680904295766,0.2977020216686585
c7670b0a.qasm,16,success,0.5437697,0.7259464287022973,1.2277246255262022,0.7213448415468927,1.2158932203466257,0.7398332567745907,1.211037499172669
c7670b0a.qasm,64,success,0.550425,0.7402972371958246,1.0216715273940828,0.7653361387463465,0.997529499100934,0.7488397961250283,0.9988365212684993
c7670b0a.qasm,512,success,0.5097197,0.740563959802192,1.1861198173134644,0.7255577114572186,1.1557609341443975,0.7246262783139061,1.1538150412569363
c7a93f95.qasm,16,success,1.3009129,1.304744127407834,8.748259708749508,1.3044211935536443,8.35891267596711,1.3045368411294898,8.359267095250816
c7a93f95.qasm,64,success,6.5205913,6.49358778828716,6.615852658329689,6.493115623489414,6.359318393026085,6.4929369735261036,5.917953212316574
c7a93f95.qasm,512,success,209.0101838,206.72695944541587,233.46222338751525,206.83768058752955,246.40917845119952,206.8667285310169,239.66808023127075
c7bddf55.qasm,16,success,0.5527257,0.570245599790788,2.0153975235927755,0.5703026748159296,2.0709612626963536,0.5701784617593741,1.9599257318627914
c7bddf55.qasm,64,success,1.1093257,1.1195850721693426,0.9685997192409874,1.1198301962417974,0.959680368168677,1.120132942171242,0.9901959495153927
c7bddf55.qasm,512,success,2.7514677,2.7391865106962534,2.2542271647153354,2.7416532063787664,2.298340213425968,2.7390488012740675,2.3033242421308366
c82bb473.qasm,16,success,1.3014825,1.301640391280724,8.748259708749508,1.3015976453258518,8.35891267596711,1.3016544910249122,8.359267095250816
c82bb473.qasm,64,success,6.4765742,6.532142099867506,6.61897567899209,6.532508915001689,6.359318393026085,6.532833748552013,5.914003721531769
c82bb473.qasm,512,success,210.21006139999997,208.68847219480054,233.39732937739313,208.8500987341246,246.40917845119952,208.77430766673746,239.62022113889188
c84ad65b.qasm,16,success,1.132833,1.0943147040163403,5.98297375639226,1.0963480869315625,6.145174823560046,1.0957658438926376,5.724392928788642
c84ad65b.qasm,64,success,4.321362400000001,4.308912182195176,5.181854549677745,4.309251622210643,4.936415680596086,4.308180025631254,4.678806308229543
c84ad65b.qasm,512,success,96.38189569999999,95.02926061100983,153.78665692974974,95.07620736753901,165.45715420466854,95.01090928368666,149.65133789812103
c8afe1ad.qasm,16,success,0.172325,0.1812953427223332,0.19654912028184165,0.1813212278024772,0.1982516668362359,0.18130256721795013,0.19825095047853294
c8afe1ad.qasm,64,success,0.7844303,0.8047481974023227,0.397393973889346,0.8135930602937709,0.4041505510767116,0.8117680866956805,0.40944958318604163
c945995d.qasm,16,success,1.6418214,1.6489749243330607,10.266103857909918,1.6486676954099377,9.459939254814932,1.6491152632949566,9.608569897907007
c945995d.qasm,64,success,8.8522282,8.91028410397026,8.305560055796454,8.91034806876467,8.851873934400821,8.910160843948281,8.161345232529582
c945995d.qasm,512,success,341.62067240000016,337.0504765511807,334.12774830635647,337.0718146933619,351.7669408995507,337.15098056004484,341.5158534634572
c95f41f8.qasm,16,success,0.1763965,0.18564269063194747,0.19957062202819664,0.1854074260860129,0.19858581063631237,0.1856183336259266,0.20119133540848544
c95f41f8.qasm,64,success,0.4365802,0.2847935312609681,0.2693957650629425,0.28594694822299643,0.26559205387479407,0.28547499446772473,0.27270512443870726
c95f41f8.qasm,512,success,0.17736769999999996,0.18898806045329966,0.22261505277009314,0.1889878750340862,0.21942736352380407,0.18930424217095018,0.22173364117762057
c96fe790.qasm,16,success,291.6478196,76.99723095433562,20.00092728159698,79.33877258916252,21.60230496373535,76.55266870444859,20.972176204289656
c96fe790.qasm,64,success,29.968277999999994,16.63047377057812,19.375258378983453,16.56800754715577,22.11582129447626,16.78193249515526,22.902720620045468
c96fe790.qasm,512,success,292.8521848999999,144.00649277686307,277.2211219712193,147.63796512936156,255.68992499239758,141.927294707736,275.9614922651344
c999af32.qasm,16,success,1.1311006,1.1448510140734331,6.832524669065549,1.144773926404753,6.759194456050281,1.1447873000827036,6.589239726913237
c999af32.qasm,64,success,5.0753012,5.0862459232066835,5.661801586668514,5.081981707487022,5.359777287980257,5.086913853175746,5.0709834046776825
c999af32.qasm,512,success,144.16692230000007,144.97860884452075,193.4259446301835,144.9468490626224,205.44601713765917,144.9673162121042,188.2275578103622
ca0a2ce5.qasm,16,success,3.3426185000000004,3.3280092796978282,2.516490824428222,3.3284355793202955,2.2816723649340633,3.328728766807151,2.4420947011377643
ca0a2ce5.qasm,64,success,0.1686469,0.1714395688899961,2.0597028939174167,0.17128679220397136,2.021756501031589,0.17177364626438044,2.0910652582031863
ca634f4d.qasm,16,success,1.1346432,1.0921518285583092,3.383642290823602,1.0912702123887978,3.4538893970793247,1.0911625397884088,3.385873068962679
ca634f4d.qasm,64,success,2.3053915,2.278385864264181,2.030269177378618,2.2794977500829057,1.9693115057166468,2.2787294935762232,2.087056633602903
ca634f4d.qasm,512,success,24.028526199999998,23.57486373718855,57.9610027401277,23.611758120266877,61.13797169422663,23.55330052548039,57.36446630871266
ca8c6d9a.qasm,16,success,2.1916357,2.211483771857431,14.331432515440603,2.210868120438972,13.037481025461492,2.2113840989574975,14.114430013065972
ca8c6d9a.qasm,64,success,12.676150400000001,12.640369120954574,11.184119554434385,12.638793718794027,11.255311871416666,12.64122472081731,10.69267572882454
ca8c6d9a.qasm,512,success,522.5552257,523.001648160059,497.9347121160817,522.8697268440666,534.6615914987559,522.8694170111551,513.1172134916286
ca980007.qasm,16,success,1.3004284,1.2996258783581098,8.748259708749508,1.2995660717575994,8.35891267596711,1.2996487279640383,8.358937141094884
ca980007.qasm,64,success,6.5013756,6.499451613552538,6.61897567899209,6.499324573713853,6.359318393026085,6.4988280650292785,5.916809503305956
ca980007.qasm,512,success,203.21602670000007,208.85151374099215,233.39732937739313,208.85385455381578,246.40917845119952,208.8983932591258,239.59410844634263
cab2b6e9.qasm,16,success,1.5307986,1.5371463442149906,9.08403536984583,1.5384089129357104,8.472365555961412,1.537575861480107,8.461987168507568
cab2b6e9.qasm,64,success,6.8686035,6.90295405545357,6.925052303915202,6.903342163097316,7.656841967975897,6.904887535913266,6.758597118267801
cab2b6e9.qasm,512,success,204.01155880000002,203.51209370448268,249.34353540231942,203.38315237358267,261.84212157061927,203.3779033232412,247.36169073195958
cb2b300f.qasm,16,success,1.648719,1.6442594823442709,10.311109848758298,1.6444308320164118,9.480156125069223,1.6441515227362753,9.592762528433184
cb2b300f.qasm,64,success,8.9312101,8.914552835977315,8.355940891919055,8.913984672573699,8.909269801927163,8.913889266913102,8.213954478298419
cb2b300f.qasm,512,success,336.9242883,343.23042981214815,333.0249517478143,343.08758262682665,351.56078295224347,343.225413698473,341.2358656141267
cc5bc6eb.qasm,16,success,0.23998150000000001,0.2080680829284133,0.19487976946747618,0.2086544090610539,0.19556640851826318,0.21011591153043702,0.19482663594373034
cc5bc6eb.qasm,64,success,1.4279914,1.5558148095214746,1.4478366159534797,1.5432064213879189,1.4463972630290718,1.5687411551409278,1.4291210333831361
cc5bc6eb.qasm,512,success,0.2081356,0.21621718765606046,0.20281698171250928,0.21584894761883186,0.20418282288971631,0.21518778650289225,0.2036588279587733
ccfd978a.qasm,16,success,42.34227140000001,62.59367942186992,65.38896642759069,62.41669133209417,55.439543754398,62.41043720101373,52.733617358322356
ccfd978a.qasm,64,success,2.7107435,3.3244343003759482,14400.0,3.3125112742365648,14400.0,3.2998069144788715,14400.0
cd51d9b8.qasm,16,success,1.7485021,1.7551868978380574,13.577770325295234,1.7553579822198264,12.451564220635067,1.7556670295242607,12.929920011416083
cd51d9b8.qasm,64,success,13.210056200000002,13.1349816752608,12.014518793772172,13.123474693695872,12.156685617327332,13.1335442280446,11.272413674496335
cd51d9b8.qasm,512,success,574.3465174000002,574.7690221213962,487.32261631040154,574.0297966868716,503.2297839649028,575.1206741406629,509.73385534743664
cd592018.qasm,16,success,2.3526015,2.328626471323576,15.177000660967368,2.3281686839799485,14.436605858548587,2.326428619228347,14.970287106811234
cd592018.qasm,64,success,16.3234668,16.19437475367948,13.10425427755725,16.17286083428963,13.327124146677248,16.18794890363832,12.839863961861854
cd592018.qasm,512,success,666.1303829000001,594.3590795622054,464.7260094399354,591.5687570745488,483.1168693626321,590.8265956521761,483.88914393954906
cd5b55b6.qasm,16,success,0.256669,0.18225368243495013,0.19426302826061087,0.18218856708229458,0.1949863432912285,0.18189106231647026,0.19464970169535062
cd5b55b6.qasm,64,success,0.1625885,0.18015891204484683,0.3272756536570487,0.17992006047787742,0.3253936079417583,0.1811804895852828,0.3316774893487679
cd5b55b6.qasm,512,success,0.2338264,0.18495828776969625,0.20557662547070726,0.18495069937892242,0.20652006576557289,0.18500092061175893,0.20691010847950986
ce4f4dde.qasm,16,success,0.1818813,0.20032232000124425,1.682732334787774,0.19986264501095657,1.7319796554179863,0.200616993284772,1.7771881516528032
ce4f4dde.qasm,64,success,4.050673899999999,4.669886079477647,4.267667058070979,4.692977635364861,4.342829494454672,4.669161517680284,4.064437053922009
ce4f4dde.qasm,512,success,0.1800354,0.18938079291550838,8.887880404458151,0.18996919346809427,8.7035227208174,0.1895874555936362,8.264484351221903
ce7207a3.qasm,16,success,3.4724855,3.3149268192504118,2.6506233667761703,3.307871818213164,2.3643191283094693,3.3131906519337764,2.562409526950898
ce7207a3.qasm,64,success,0.1853343,0.19266209368119505,2.7317207215974855,0.19153713468910763,2.632340437853039,0.19251502712219895,2.6943104430139435
cee426fe.qasm,16,success,60.8826121,89.13202687579458,56.61558457535458,94.84047063681966,57.44779779384344,100.19298763515214,58.843969190235114
cee426fe.qasm,64,success,142.56026650000004,86.17594693197108,100.2086871926003,92.50867280144632,101.03360340851026,90.91869137755496,94.33807107092315
cee426fe.qasm,512,success,11992.309916099994,14400.0,14400.0,14400.0,14400.0,14400.0,14400.0
cf2c4cc9.qasm,16,success,0.1780009,0.18647713148265097,0.20501068812719386,0.18644768087138333,0.20614498041578538,0.1867526353113438,0.20581558703618127
cf2c4cc9.qasm,64,success,0.3343455,0.2990577895969017,0.3106714561800712,0.3050463795905726,0.30584301232895433,0.31053624574641764,0.31054050516802584
cf2c4cc9.qasm,512,success,0.1702461,0.18616883122699152,0.2240523809102467,0.18654947792392967,0.22133140644514998,0.18649055810164983,0.22451033820935323
cf5bfeb1.qasm,16,success,2.2799182,2.2316055357257363,14.507179194267867,2.2319176322688827,13.38432900421249,2.2321068309039123,14.3175423672002
cf5bfeb1.qasm,64,success,13.079453599999999,13.077698624740519,11.586023797869958,13.076100218740326,11.905227461418185,13.07603316046133,11.195901853652934
cf5bfeb1.qasm,512,success,361.00468059999986,564.8623809298299,514.9250060630811,564.7490302093635,550.9466017055827,564.6504632225192,520.3918089920745
d168a391.qasm,16,success,0.17140079999999996,0.20366452229017054,2.8961139071463964,0.2040152798978552,2.993408194466789,0.20544134891575785,3.0679060831755676
d168a391.qasm,64,success,2.6421047,2.232990950446979,5.0382896765622736,2.2394287939055673,4.982420014157172,2.253831662813708,4.6389429219809095
d168a391.qasm,512,success,0.16305370000000002,0.20240684885575244,5.96691002742483,0.20176122560201562,6.179580704814627,0.19869595230676843,5.193369160437779
d20d9d2e.qasm,16,success,7.2601546,8.145039090091796,7.220482016636488,8.150190730461164,6.586545467420715,8.135854911090137,7.040121770100439
d20d9d2e.qasm,64,success,0.21048460000000002,0.23735020518250588,3.9388149695704033,0.23348197171872084,3.658841861354649,0.2356671356187915,3.7942965653195593
d21812d8.qasm,16,success,5.7262911999999995,6.642381030463339,6.72595558303173,6.661374847226863,6.229515426840606,6.639322387567976,6.707473291035181
d21812d8.qasm,64,success,0.17260249999999996,0.21145408731581108,3.344785801050005,0.2113976699526612,3.18567109039701,0.2115056758408848,3.2011607113390848
d2ffaf7e.qasm,16,success,0.2321556,0.17820407168618715,1.4564439550542165,0.1780649124170648,1.4905196704061903,0.17843258675443419,1.435673784778684
d2ffaf7e.qasm,64,success,2.5454339,2.5252507636698023,2.7793655992445685,2.571244614664238,2.8062554603378693,2.558761096260342,2.746020752753767
d2ffaf7e.qasm,512,success,0.2593566,0.1755928960626451,3.474049553692571,0.17526586781501824,3.49841848765413,0.1754379117043909,3.2735760654310697
d3f98c63.qasm,16,success,2.2281586,2.237608150065943,14.509728221025327,2.237604066223488,13.386692175146786,2.2374223586002,14.333100373502122
d3f98c63.qasm,64,success,13.029918900000004,13.107849596043767,11.587496805242345,13.105351189789273,11.910425005849687,13.107178487251396,11.18607872570748
d3f98c63.qasm,512,success,562.6930221000001,563.8617576153204,514.6844662290325,564.6127157966908,550.9466017055827,564.3146016214305,520.5477578018707
d3f998bc.qasm,16,success,1.6935747,1.768602272757577,11.8912202642725,1.7685769661284974,11.107536377706356,1.76858158364785,11.605214605673822
d3f998bc.qasm,64,success,12.235003299999997,12.216248003251907,10.454450264240618,12.214952989712598,10.750426280056082,12.215764978664211,9.85217412595185
d3f998bc.qasm,512,success,467.8785964000001,472.53405871460734,395.02615154568997,472.9461969672499,407.9664903227156,472.76068340420596,405.49466210084057
d49ba491.qasm,16,success,1.0047482,1.1270197125378005,6.00278848957726,1.1271890931519932,6.129501589032206,1.1267843704239373,5.712523290475421
d49ba491.qasm,64,success,4.3270887,4.315841283403798,5.184863823735652,4.315876649699392,4.939282420197565,4.311783571312915,4.681523445561429
d49ba491.qasm,512,success,96.86097500000001,94.45854949755385,155.67621268725614,94.40843239779474,166.12700339754872,94.46049832089528,149.15521330168798
d4a7f2c7.qasm,16,success,0.560587,0.5696105284566992,2.01057299399762,0.5696162320510834,2.0660037226650014,0.5694900044862354,1.9552339925969704
d4a7f2c7.qasm,64,success,1.1167891,1.1154747852567817,0.9694573947167778,1.1152624924821397,0.959680368168677,1.1152226122895728,0.9900924724723511
d4a7f2c7.qasm,512,success,2.7529107,2.743020173648107,2.2742734286396056,2.7408930029818364,2.305157535027873,2.743879792746674,2.3131308789524647
d706049b.qasm,16,success,0.2326287,0.26996077115550915,0.3531978197008946,0.2674198433952779,0.351095356171859,0.26930663572321417,0.35697135333523006
d706049b.qasm,64,success,1.7873514,1.7365132279322777,0.5084477600001471,1.7444643262118666,0.5346334255771551,1.7370290095413359,0.5130894195306569
d70a0bd6.qasm,16,success,580.3384012000004,362.76443580850713,25.000281289423747,367.51959941233196,25.906112326225692,356.5619163264013,22.927859773571335
d70a0bd6.qasm,64,success,50.607107000000006,62.86873376318326,14400.0,60.575993268260774,14400.0,63.62899661063811,14400.0
d70a0bd6.qasm,512,timeout,14399.999999999989,10169.280197644894,14400.0,10175.096437919903,14400.0,10100.402846621984,14400.0
d7fe8918.qasm,16,success,178.36455989999996,10.858774616240254,2.1851270368004756,10.261590313804552,2.5464597715006003,10.481708911286558,2.2957483368539617
d7fe8918.qasm,64,success,70.26249630000001,11.220039147429777,5.587752585674705,11.071100096846031,5.7135936883735665,11.708365681528175,5.481195133573509
d7fe8918.qasm,512,success,177.67851409999994,51.408654543752334,130.6888908927726,52.84305096104431,131.33749002081723,54.51699697531662,135.03150980608126
d87e1b4b.qasm,16,success,0.17300719999999997,0.23841401863422632,9.109834217596635,0.2414165736574838,8.54541981370758,0.23469307043518906,8.83423400226339
d87e1b4b.qasm,64,success,10.563292899999999,9.095693763487832,11.915228952470358,9.223450501814293,11.799685562044083,9.12392052337947,10.946902949267088
d87e1b4b.qasm,512,success,0.1801242,0.22473839623183844,24.989279858018257,0.22334635691022123,25.70865625144082,0.22346748356466617,24.095837848616398
d9b603b5.qasm,16,success,1.2477177,1.1820861543939531,4.74385868809516,1.182193764354939,4.830900255010137,1.1826878886247894,4.656362507193768
d9b603b5.qasm,64,success,3.4265954,3.4011932554711084,4.082943042522273,3.403112467177872,3.975661201205065,3.4039939298446864,3.817539290244492
d9b603b5.qasm,512,success,71.4677438,72.1230256559442,121.63750806305843,72.11708438718202,136.0261487453129,72.15289647681595,120.57865729032837
d9c77e07.qasm,16,success,0.1766356,0.20657393585737385,0.2148724318139666,0.20651240562048512,0.2121983994481857,0.20843840858370363,0.21241419713167245
d9c77e07.qasm,64,success,0.176099,0.1909682963361878,0.2817444296912535,0.189870359579086,0.2825856711497898,0.1866628079717731,0.28955221024728234
d9c77e07.qasm,512,success,0.1867367,0.20090732558664706,0.22877301263702407,0.2028264322012934,0.2250999492177417,0.2049855494694221,0.22576442601626295
da0e58a0.qasm,16,success,5.1639064999999995,6.189539114953065,11.227396990952782,6.163007625101453,10.883819495464602,6.170909360847496,11.60183363999915
da0e58a0.qasm,64,success,0.3444672,0.5203753788798299,3.247668872948082,0.521267789242656,3.2737746841491995,0.5243576151535114,3.4670913742052205
da213329.qasm,16,success,2.1257089,2.123384882245603,13.980682257451592,2.123357463157833,12.512221801010798,2.1233092193579246,13.735659171236971
da213329.qasm,64,success,12.139482200000002,12.174122094284648,10.69846777167685,12.174914228236045,10.852382046533195,12.174466352632372,10.526885004296899
da213329.qasm,512,success,495.7341519999999,494.1414147792258,478.48102729673707,494.2654786794837,515.0361760673984,494.2022061678715,491.8824040460789
da3a2f77.qasm,16,success,2.3491533,2.393277630624187,17.46421367332324,2.3928537768990656,16.599096503622267,2.394156160686,17.122655603954737
da3a2f77.qasm,64,success,18.0994781,18.10141454304247,15.990681721863634,18.101476169241295,16.297985179118086,18.10084111994817,16.11053078632855
da3a2f77.qasm,512,success,815.0945250000003,852.6458713753735,610.1233866299199,853.211374585999,636.458677760956,852.6449839129465,664.4964254730221
da4d0871.qasm,16,success,56.542467900000005,61.92479091653444,65.48567107814618,62.097239921657874,56.225683485825165,62.26913354842135,52.978493022213875
da4d0871.qasm,64,success,3.6433298,3.286821732078631,14400.0,3.2944029651019315,14400.0,3.281422451879597,14400.0
da505823.qasm,16,success,1.3033438,1.3001292588748752,8.748259708749508,1.3000278054134562,8.35891267596711,1.3001385940683117,8.355723604336973
da505823.qasm,64,success,6.5001772,6.533536201209509,6.61897567899209,6.535844253280662,6.359318393026085,6.536964795472898,5.914003721531769
da505823.qasm,512,success,202.88012400000008,207.8451018743854,233.69977569506875,207.83626784880977,246.40917845119952,208.11062983296242,239.08931911542396
da601912.qasm,16,success,136.53217920000003,164.9560588012384,67.88613513961401,153.35101980781798,60.92752846408553,157.7702215532512,55.91803938190527
da601912.qasm,64,success,15.833468599999998,29.685036886174515,14400.0,28.83807125160679,14400.0,29.648060629287343,14400.0
da601912.qasm,512,success,6845.365393099999,14400.0,14400.0,14400.0,14400.0,14400.0,14400.0
dae23358.qasm,16,success,1.3884339,1.3835669452561772,7.9941466980083735,1.383800422369104,7.781550865156094,1.3839759053051455,7.744314347997847
dae23358.qasm,64,success,5.7483908,5.731898122999469,6.146652283081836,5.732950385440675,5.838770279705295,5.732641372512144,5.519392014441202
dae23358.qasm,512,success,133.9679896,134.2489193631926,204.22240048494885,134.24432659703072,214.04592265186065,134.186083666334,202.48154349750473
db12c1f0.qasm,16,success,4.704939,0.2014809255990493,1.4918306580357619,0.20273514391426053,1.48803358401899,0.2004974337181277,1.6233295373700756
db12c1f0.qasm,64,success,0.5786665,0.30344313227704467,1.147792576764417,0.3020912257839493,1.124207376583877,0.3030433148739333,1.1890328559657755
db12c1f0.qasm,512,success,4.6964082,0.22431999881560286,14.383948074848314,0.2220943557051261,15.204941180231367,0.22501812512577507,14.582070901872227
db6ca211.qasm,16,success,0.2941825,0.27380081602463574,11.278978907699836,0.27311943322079796,10.435691477218652,0.28442340163711693,11.157253304811782
db6ca211.qasm,64,success,9.5803355,8.969719686337767,13.958065902974557,9.087900948583389,13.668629309285366,9.070126122212162,13.17523905089171
db6ca211.qasm,512,success,0.2892399,0.2935227573305873,25.08924051881953,0.28333968482500843,26.358937155799996,0.28354885742061103,22.13027996260229
dbcc99b4.qasm,16,success,0.16612960000000002,0.1834386002877072,4.779547824529548,0.1836672042475851,4.528228257901603,0.18339917025118682,5.156150367486362
dbcc99b4.qasm,64,success,1.0593415,1.074999555785314,4.141282665072841,1.0723347443739324,3.817843836016303,1.0728369444146564,3.742380749774254
dbcc99b4.qasm,512,success,0.1705503,0.1793018736636766,12.853538672591673,0.1800517134127514,13.123928512158711,0.1794277229016903,12.07092864086559
dc86453a.qasm,16,success,81.20216329999998,80.49871792553623,59.21566513293739,77.39348057475294,51.084808602402255,75.04903484659819,49.28590665211603
dc86453a.qasm,64,success,13.8824137,31.995476516576623,14400.0,33.1112746906088,14400.0,36.06360515955332,14400.0
dc86453a.qasm,512,success,232.4684939,556.8639422796241,5.507459207311824,619.0403571738826,5.501780291586213,526.9447917836508,5.862825370003398
de690b52.qasm,16,success,1.2104143,1.2046342871347628,5.322950393373975,1.2048359802696824,5.456780633449595,1.2049098168134758,5.157299112574704
de690b52.qasm,64,success,4.174748,4.158253214695667,4.427573580754348,4.158253554700427,4.374167183084628,4.158244592119554,4.126201974219152
de690b52.qasm,512,success,92.09334020000001,92.27659190731407,142.4638851857425,92.28463795805628,161.36026337827283,92.27080725210038,144.06175410888503
deb00fe1.qasm,16,success,0.16799240000000001,0.20474797409389928,0.21444635366735898,0.20506441018142044,0.2101489204200418,0.20333280105121518,0.21177401148673872
deb00fe1.qasm,64,success,0.5832587,0.4762014844771759,0.5147349812677701,0.4823421810952211,0.5335731664203273,0.4777007031696126,0.545248893425961
deb00fe1.qasm,512,success,0.19616600000000003,0.1900031744828673,0.19329549772738142,0.19043401671638827,0.19335839793234322,0.19063679679949982,0.19394381269411387
df1a7a89.qasm,16,timeout,14399.999999999989,14400.0,100.0,14400.0,100.0,14400.0,100.0
df1a7a89.qasm,512,timeout,14399.999999999989,14400.0,100.0,14400.0,100.0,14400.0,100.0
df43c2c2.qasm,16,success,1.8799254,1.8712490527142782,12.595940920206079,1.8712722676324764,11.554943688379687,1.8710129322500924,12.124522227579224
df43c2c2.qasm,64,success,11.393904200000001,11.270808871567233,9.770485367939491,11.277198029062214,10.013795493724006,11.274072577649418,9.683309680438759
df43c2c2.qasm,512,success,464.5924747999998,464.613473667007,437.72500977444724,464.566432526364,467.6746413819947,464.7050674637774,452.40256269126104
df458745.qasm,16,success,1.3833654,12.73756055042535,7.591172821038512,12.991874528616513,8.136872680149427,13.277131099081327,7.949731062532024
df458745.qasm,64,success,2.1396599,7.983345303761328,5.122062884128576,7.0360213188071405,4.836415010385626,7.769265792446617,4.909993155284472
df458745.qasm,512,success,1.372099,2.5799611261629876,3.8488476098943667,2.46290231631399,4.025870971158701,2.6163991446526293,3.8581025600169916
df75e229.qasm,16,success,2.3211752,2.324892183653545,15.127902522537449,2.324563182973708,14.42612704171718,2.3245331895873353,14.970287106811234
df75e229.qasm,64,success,16.271500999999997,16.31969536674831,13.12980857532502,16.318964724902546,13.290158393507609,16.31868525768304,12.816656875841849
df75e229.qasm,512,success,651.6184142999999,608.6259981155893,465.5822635617526,611.1067656288571,484.3846972033991,610.6883018535174,484.05259108122243
e10d312f.qasm,16,success,7.8625378,38.83407002079313,9.456267473694963,39.519677415937736,8.621540196916989,38.055023499608026,8.09585080978155
e10d312f.qasm,64,success,7.698335700000001,24.217152946934842,4.754397184085336,21.073818310872767,4.758572647507843,19.81349285351851,4.846642758039342
e10d312f.qasm,512,success,7.852639099999999,14.951573707261684,2.74280015853885,14.243030511000814,2.845061645836312,14.74417299807713,2.9219506489923046
e260fc6a.qasm,16,success,0.1742876,1.02659695742192,2.4888478698687972,1.0515553744847828,2.4437304591137217,1.0249568724158313,2.348983257937242
e260fc6a.qasm,64,success,0.369846,1.1016443537495602,1.5044535306839926,1.0419674351414907,1.6591091105733433,1.0208644194287209,1.4890839809727638
e260fc6a.qasm,512,success,0.1705179,2.869073953253089,1.6072427817062602,2.773442110982034,1.5881196063591578,3.3254763614065754,1.7385691762680457
e3863462.qasm,16,success,9.1420229,6.42279791880177,1.5298252769296032,6.440171074303978,1.4618340219602468,6.4605999020113645,1.511269279572964
e3863462.qasm,64,success,36.23688700000001,17.85166053564648,3.705382442121423,18.182852241167843,3.355225857717704,17.829413416393308,3.245399048570352
e3863462.qasm,512,success,3105.4514809999987,1937.6713954336628,124.39935173984098,1914.9195005389734,116.77061490912301,1897.1667280625481,119.2775874661308
e3b97044.qasm,16,success,2.6052131,2.5819722251907455,16.34529650437964,2.581698974047192,15.309169806905917,2.5813797233433897,16.348911474664355
e3b97044.qasm,64,success,18.3742898,18.394069149816367,14.016191983564694,18.394544133325784,14.287242339249454,18.39245307152481,14.15361218806163
e3b97044.qasm,512,success,703.2050625,706.0724135057567,515.0436387491119,706.3337702785741,532.0817951322487,706.819539186298,527.1887663593675
e4a4359e.qasm,16,success,137.77012070000004,197.5698550007041,25.965966814508754,197.45242101418344,26.063604586342798,197.52037865506537,24.003325773719347
e4a4359e.qasm,64,success,6.0091114,7.610804722158151,14400.0,7.593667188839501,17.160884181361205,7.597299464747864,14400.0
e4b50619.qasm,16,success,0.17564289999999996,0.18428357703075302,0.1872231647839875,0.18410095355414643,0.18726144281606394,0.18399289255948975,0.1882858611703191
e4b50619.qasm,64,success,0.2854015,0.23476390086885915,0.4328957079113565,0.23334695312190945,0.4445723994959571,0.23198482039707144,0.4341224043005691
e4b50619.qasm,512,success,0.1787359,0.18546121129520032,0.19943826866687306,0.18552180913743277,0.19719395690425753,0.18539405919905572,0.1972244181825251
e61acd2b.qasm,16,success,0.5875065,0.4718635592297556,0.9692534039096256,0.4717866280202652,1.0507159406887794,0.47202430929029754,1.0539070009913918
e61acd2b.qasm,64,success,0.340524,0.34898914892626187,0.6137476802159028,0.34917863862653764,0.6329787211121033,0.3489390601006964,0.6496773906534974
e61acd2b.qasm,512,success,0.3418323,0.3466506051746382,1.014694347866143,0.3465858414284133,1.028477535846862,0.3466330351104695,0.9925871725601795
e66c3381.qasm,16,success,2.1967006,2.1947186864114814,14.33449227702293,2.1943850902839617,13.071862251852098,2.1942431897795776,14.142279493827163
e66c3381.qasm,64,success,12.685679599999999,12.627796764672484,11.23722684461357,12.627053144455166,11.255311871416666,12.627112552374122,10.65726348619715
e66c3381.qasm,512,success,524.5309873999998,524.8940904765024,495.74891802116736,524.8783955221545,534.4363335501184,524.8966778609281,512.9745855616658
e698c12d.qasm,16,success,0.22370250000000003,0.1934768949440837,0.19327000769455802,0.19295330424670548,0.19578665113918756,0.19363994375313023,0.1932176306869935
e698c12d.qasm,64,success,0.1696466,0.17697857347733878,0.18813644099556623,0.17714766902410373,0.19121743640240554,0.1771373179931242,0.1909936985477672
e7296260.qasm,16,success,2.4096041,2.3630276294778394,17.46421367332324,2.363578968653559,16.599096503622267,2.3610336304114172,17.122655603954737
e7296260.qasm,64,success,18.1512398,18.12552552184538,15.990681721863634,18.1240339090046,16.297985179118086,18.12483154606925,16.11053078632855
e7296260.qasm,512,success,839.2742018,771.1971131429179,610.1233866299199,770.034027711816,636.458677760956,770.7659561045697,664.5168178394938
e751ad87.qasm,16,success,6.030250200000001,19.621061124176826,6.924410098405754,19.25457460366197,7.356859629548589,19.755911382814574,6.683699323939729
e751ad87.qasm,64,success,3.9561276000000003,8.013185254462586,8.531776914101261,7.701263818744155,9.66601551027844,7.995898480635954,9.94257082635331
e751ad87.qasm,512,success,5.8737042,8.77222393365204,18.6148153124359,8.746961942665305,18.417388423182622,9.168008771884816,18.75138092538614
e7540ce6.qasm,16,success,2.967996,3.026913373346056,20.015240227357083,3.0260835935511903,18.6655829965726,3.026883752007444,19.65305766616112
e7540ce6.qasm,64,success,23.462013599999995,23.824883161761235,18.556125272393075,23.8264259614261,18.76759691775943,23.824872237418152,18.060140496126465
e7540ce6.qasm,512,success,1121.9413080999996,879.1552054872119,689.1136771641035,881.2310167873242,714.0725687779822,886.2362229797075,720.4496306740624
e815593a.qasm,16,success,0.18724260000000004,0.2370562049808094,0.28432506987871276,0.23510742607655127,0.3071647772375704,0.23832845445810213,0.29978829365304305
e815593a.qasm,64,success,0.2779193,0.5154604817150931,0.5045579559176938,0.515334095626668,0.4786618632458153,0.5224268876917298,0.5052971003429311
e815593a.qasm,512,success,0.17562649999999996,0.33246655824029503,0.9289164540399035,0.3337449205841514,1.020833685436789,0.3406498272990947,0.9020863746604023
e893b1a5.qasm,16,success,29.4305108,21.80309274065178,57.633538683416205,21.821940681576294,50.11022312636546,21.846874693949204,45.47923834197302
e893b1a5.qasm,64,success,2.0071979,2.872530858382538,14400.0,2.836246685270029,4.24806188651353,2.8381974907600083,4.033347725761041
ea801020.qasm,16,success,309.4653601,110.94613951457251,19.449479487025805,110.94613951457251,20.89526984926059,110.94613951457262,20.371471234271336
ea801020.qasm,64,success,36.0080199,15.27460757626916,17.69873076344059,15.274607576269169,19.508949556439703,15.28468415836923,20.922436347592953
ea801020.qasm,512,success,230.80005270000004,118.16814015245673,279.2503873879604,118.270013839768,257.4808737321401,118.16814015245673,279.66353855509874
eb153d64.qasm,16,success,0.181782,0.17291327594021086,4.3855936743595585,0.17293913440926023,4.363469109709831,0.1730304458422977,4.165565052098908
eb153d64.qasm,64,success,4.883056699999999,4.500367947845519,6.129185900064287,4.468449461621106,6.306003508361522,4.44814466438663,5.839532144387019
eb153d64.qasm,512,success,0.17385960000000003,0.18222022188918027,13.569466008250298,0.18238676456779782,14.45370863683617,0.1823241244223072,13.113083537269004
ebb0ac17.qasm,16,success,1.1353584,0.3698780186202815,0.6343120676929299,0.3703740987910619,0.691505638757419,0.36613999749984855,0.7095946675426508
ebb0ac17.qasm,64,success,1.2178021,0.3850992033756288,0.6486966334344431,0.39812910724769623,0.6593823310859206,0.3880580436547772,0.6643522105865295
ebb0ac17.qasm,512,success,3.070161,0.315794852177349,0.7340294878553442,0.31922517591392596,0.7514214680742392,0.31764869526939427,0.7298343422476283
ebc18fd7.qasm,16,success,7.6774203000000005,9.34838935056377,23.035710229633953,8.697158408115355,23.173633150197453,8.813091580561242,21.7297307279528
ebc18fd7.qasm,64,success,2.5845105,2.409419855177501,4.369619371077864,2.452777456754894,4.764809092400234,2.4326613440538787,4.445181136101996
ebc18fd7.qasm,512,success,7.634144,7.121584054679439,73.62420936621369,7.515454670459193,73.59702973032913,7.681941843605909,66.2319729787157
ebc3e166.qasm,16,success,5179.478907899998,2036.718719937719,100.0,2062.187322648829,100.0,2088.863427189053,100.0
ebc3e166.qasm,64,success,595.4877102000002,604.188907968502,100.0,590.0136004207624,100.0,583.5315986464486,100.0
ebc3e166.qasm,512,timeout,14399.999999999989,14400.0,14400.0,14400.0,14400.0,14400.0,14400.0
ec70915a.qasm,16,success,1.0359822,1.4330604201924204,1.013364652405315,1.472882763155941,0.9578541590233632,1.4493132096188104,0.9725307961336115
ec70915a.qasm,64,success,6.390665599999999,1.7049790414714956,3.495705743565108,1.826852387837841,3.0790820208832197,1.7366478202212066,3.0898141407647186
ec70915a.qasm,512,success,196.3373207,222.02056953116727,67.83053534487034,218.03379143816545,59.47364267977546,217.41550429116276,56.66289498975172
eca6fb66.qasm,16,success,2.0567893,2.0664299979082195,13.241223521715499,2.0665364451434343,12.150180021831964,2.0663178886260667,13.01971850032916
eca6fb66.qasm,64,success,12.525143000000002,12.498960635180712,10.036054212162313,12.50067700346084,10.448603994672942,12.499330782617113,9.709099423913692
eca6fb66.qasm,512,success,519.2628030999998,499.99012221715134,403.76323102066465,499.87795617524046,426.53509507657424,499.94008592046333,404.10506006261824
ed52defd.qasm,16,success,0.5929218,0.5748223948808692,1.2985277458296811,0.5747810885925686,1.3763828929438955,0.5751128438302937,1.3299243990167122
ed52defd.qasm,64,success,0.4510283,0.4544292831367185,0.7460055357036233,0.4543981424835449,0.7630321725759746,0.45455086779730275,0.7974064102490815
ed52defd.qasm,512,success,0.4499749,0.45511711391301496,1.1133616284160668,0.45538863920027256,1.10192379533271,0.4552458766399081,1.0756818202255034
eefd994e.qasm,16,success,2.240148,2.230859034075739,14.484123790503007,2.2303706326090973,13.472701459367586,2.23050532827023,14.369260486555067
eefd994e.qasm,64,success,13.1561919,12.94202086580582,11.666840075504851,12.93803221007736,12.02289554981724,12.930638278269111,11.257470472403933
eefd994e.qasm,512,success,565.6982321,561.479017766979,512.9459832315952,561.2653170198466,552.5045334527433,561.0847568457893,521.3713858994214
ef8d10d7.qasm,16,success,3.2810824999999997,3.7651862959864397,1.9533509871838055,3.7024915241346834,1.8508611241088697,3.754460102979277,1.7180185603208418
ef8d10d7.qasm,64,success,0.3767518,1.9221973346786023,5.295458430426041,1.8660830628016811,4.690883713305642,1.919170889309787,4.516307724607875
ef8d10d7.qasm,512,success,630.5900887999998,719.8488297896955,165.0119508167887,730.9835116821246,161.5824950423395,726.1743087850549,155.15511829804043
efafd44f.qasm,16,success,4.6616661,3.1049263267236933,0.598313657348588,3.004230258670624,0.6265189297990611,3.1506114490453365,0.5957252248869991
efafd44f.qasm,64,success,3.6616828,2.474825672322853,0.9526299797592896,2.5017061920140904,0.9798774094062129,2.505556610067884,0.9470352444390597
efafd44f.qasm,512,success,4.7884434,2.9475207208503376,0.4583566193113226,3.0172953730040932,0.4754689831040268,2.864101312713293,0.46100319433318543
f030e083.qasm,16,success,18.2983299,6.842337703695773,2.142707094631381,6.647882075823046,2.028529068316795,6.836345182977178,1.811879493333041
f030e083.qasm,64,success,89.51382609999997,14.646264242308325,4.211744325625131,14.214912485504538,4.152153162532601,14.193211411286018,3.733861255211967
f030e083.qasm,512,success,6472.491164400003,1189.8001446572162,144.7280503028339,1148.9187807430308,134.06442548206226,1305.50864072265,140.29852885938794
f05a6196.qasm,16,success,104.72650230000006,313.9579125587136,19.450960397596816,313.9429795807546,20.896707927073116,314.01679530966055,20.399929542104047
f05a6196.qasm,64,success,12.820418699999998,37.035874514305014,17.69873076344059,37.0415415065741,19.508949556439703,37.0415415065741,20.922436347592953
f05a6196.qasm,512,success,104.12417669999996,229.90406370836874,279.2503873879604,230.13227643785956,257.4808737321401,230.0409641745873,279.66353855509874
f0c5e28f.qasm,16,success,0.1777949,0.2377805383447521,0.27619761350987,0.2363336985953514,0.2730631950703266,0.23514531735626182,0.28092166708892163
f0c5e28f.qasm,64,success,0.16618189999999997,0.2893721106990027,0.4326168732327266,0.2900869305639581,0.43639097942107197,0.28996495153075574,0.42827092094251806
f0c5e28f.qasm,512,success,0.1739449,0.38893671784694644,0.37023027926874413,0.376984142109877,0.3727380093773354,0.36969147321227935,0.3990646976046737
f0e878db.qasm,16,success,2.1514548,5.45543016685871,7.857609642736485,5.98060151113232,7.725576857518742,5.665778299010774,8.098506028999902
f0e878db.qasm,64,success,13.338250099999998,5.06874355814544,4.943433782185131,5.34266002864819,4.683066262724468,5.000820116763735,4.948604586275662
f0e878db.qasm,512,success,505.65583810000004,145.3452622320519,72.58190665542034,138.86518662468868,64.1353570396223,135.77704277968564,70.94460731004175
f0e91b40.qasm,16,success,1.7400719,2.976242629722362,1.284061725642801,3.032063902971737,1.2570350301228825,3.003896153319392,1.268362409034664
f0e91b40.qasm,64,success,8.277378,1.6235433824545014,4.569218423509946,1.741787304616777,4.158127188436048,1.7058000488359286,3.8995128737668527
f0e91b40.qasm,512,success,402.45571770000015,649.0274818598016,144.29155973812652,647.6521507059196,129.15118469931352,643.1574471735639,133.62318803734334
f1167cc3.qasm,16,success,1.4061182,1.383333510912582,7.9941466980083735,1.3836027587068602,7.781550865156094,1.3850065119752022,7.742338610062323
f1167cc3.qasm,64,success,5.718801399999999,5.722693392992584,6.146652283081836,5.723272307947314,5.857168699814841,5.7228652038359735,5.515370768457965
f1167cc3.qasm,512,success,134.19674820000006,133.7235923412722,204.19311793304576,133.74576881629608,214.04592265186065,133.73057147719692,202.39035875848347
f163436d.qasm,16,success,0.18145439999999996,0.24353435573559976,0.23885685109876037,0.24395243787934673,0.23357872578965358,0.24256043866796526,0.23384070419736527
f163436d.qasm,64,success,0.2191586,0.2021284891634192,0.20572009572093677,0.202508544150901,0.21432874451222483,0.2021908888549338,0.2073916557403619
f1bcea54.qasm,16,success,1.8772476000000002,1.848159061854153,12.031995502389629,1.8480659208639474,10.88106390909362,1.8468315347060005,11.54058850970457
f1bcea54.qasm,64,success,10.650654699999999,10.668680755439633,9.604487766837519,10.673356048720603,9.761559326509834,10.671033453347984,9.250242248365154
f1bcea54.qasm,512,success,446.20097660000005,433.9855071268934,440.50029748248136,434.2115095095838,467.46345024147945,434.30854097763,449.85685443178784
f27a09cf.qasm,16,success,0.177527,0.17040004868551395,15.083417153202932,0.17161904784832363,13.99481953398907,0.17029116771143152,14.417719445293292
f27a09cf.qasm,64,success,9.6810114,10.246639736544463,15.536426056181215,10.23356882012735,15.121178137125328,10.214195806893681,13.828512750742888
f2a5a67a.qasm,16,success,0.4595018,0.47099350834768483,0.9756100888421871,0.47071477861816347,1.0574275305674612,0.470945758547862,1.060535595932116
f2a5a67a.qasm,64,success,0.341567,0.34828100287953045,0.6140848385347374,0.34841212069652094,0.6328808362126463,0.3483032146466027,0.65211905190967
f2a5a67a.qasm,512,success,0.3407394,0.34604583430540053,1.03103490570739,0.3467039627020111,1.0452378356222993,0.34619048349695064,1.0085717181918843
f5398281.qasm,16,success,2.3567967,2.4086415830582335,17.46421367332324,2.408397647127567,16.599096503622267,2.4084378798747283,17.122655603954737
f5398281.qasm,64,success,18.203299199999996,18.099969379809245,15.990681721863634,18.105933420945174,16.30299511058465,18.106180772434044,16.11053078632855
f5398281.qasm,512,success,322.2864782000001,833.6240210251651,610.1233866299199,833.5272508079086,636.458677760956,832.9436487749016,664.4964254730221
f5aeb6f0.qasm,16,success,2.2514043,2.196182356342184,14.33449227702293,2.196229915409976,13.071862251852098,2.1964162587289957,14.142279493827163
f5aeb6f0.qasm,64,success,12.647261799999999,12.69406502529702,11.23722684461357,12.694336224727346,11.255311871416666,12.694740984500752,10.65726348619715
f5aeb6f0.qasm,512,success,525.0129456,521.0227386002412,495.74891802116736,520.9654226079856,534.4363335501184,521.0817131266535,512.9745855616658
f5d72dae.qasm,16,success,0.28022519999999995,0.3642706566931355,0.2548378976976549,0.37865669131884794,0.26040954675180855,0.36356428703894006,0.25331267701590754
f5d72dae.qasm,64,success,2.0205184,0.6405269327091552,0.5745992420268853,0.6319548977671564,0.5816000298703523,0.655880316767178,0.5815582937478748
f5d72dae.qasm,512,success,34.9589754,3.3741556129392873,0.7455153096099228,3.5367672316072243,0.8381692789575248,3.682338715053429,0.687681446095212
f67ec297.qasm,16,success,1.3940487,1.3941855226605715,9.807373097106336,1.3934959126774757,9.095254436674068,1.3943054395631056,9.123255488656316
f67ec297.qasm,64,success,7.96335,7.9698505438883736,7.5330571208801915,7.9684844504624035,8.503663816308581,7.969281213250304,7.445030282342374
f67ec297.qasm,512,success,284.6133111999999,284.8876883943156,292.554435495763,284.7700354508908,310.533471383163,284.93362866328437,294.71950926607036
f7ff0727.qasm,16,success,0.1900845,0.19975740011966583,0.19591403964983023,0.19991965311651894,0.19716712397993047,0.20026229901021603,0.1968732528592124
f7ff0727.qasm,64,success,0.172657,0.20238111337769749,0.4081703344478777,0.20263164121977253,0.4254615215526338,0.20350063068489324,0.4159776764093983
f8a38627.qasm,16,success,168.1454513,150.35043463531295,104.55054405463778,150.7457776313163,93.70445532387801,150.5286053127957,82.27149789383343
f8a38627.qasm,64,success,293.6294401000001,224.31617825288555,14400.0,226.383347551014,14400.0,228.73302190371626,14400.0
f8a38627.qasm,512,success,13907.117731399987,14400.0,14400.0,14400.0,14400.0,14400.0,14400.0
f8d235ae.qasm,16,success,0.1790703,0.20462825510846036,0.20649682416498683,0.21251086177920456,0.2027580734916104,0.21088941233937838,0.2039916978246193
f8d235ae.qasm,64,success,0.2438151,0.18630058009239292,0.20822579084078244,0.19074432122509455,0.2037457622304253,0.18603811574094922,0.20863327311046542
f98536e0.qasm,16,success,0.1788549,0.19433127254739094,0.18892464500746375,0.19448472294905572,0.19197941604970986,0.19386220904428228,0.1894464620896775
f98536e0.qasm,64,success,0.1664448,0.1767245685722994,0.1878188290745463,0.17664270481857483,0.1904741617724201,0.1765029617768759,0.19071307226009368
f9fee41b.qasm,16,success,2.5416661,2.5989385387493864,16.34529650437964,2.598736914293146,15.309169806905917,2.599106489346285,16.370132892096763
f9fee41b.qasm,64,success,18.3950709,18.383999560807055,13.98963228102466,18.3841875713665,14.287242339249454,18.383868449879266,14.138880157908684
f9fee41b.qasm,512,success,708.6173386,702.5451168912132,515.0436387491119,702.0501630412601,531.9338957380845,701.757741996801,527.042227049307
fabdaac7.qasm,16,success,0.17383599999999996,0.19871343902165758,0.21844484329584957,0.19905713517541548,0.22056039770990907,0.20027320296660284,0.22042492842286043
fabdaac7.qasm,64,success,1.2635249,1.1678656937863565,1.4274564029466605,1.1665194145854534,1.4203422583153167,1.15818641899254,1.425017078499694
fabdaac7.qasm,512,success,0.1686687,0.21003152915872308,0.24497766388994818,0.2111833528283155,0.24484433914424672,0.20973755907159453,0.24348355205842798
fadf1f0d.qasm,16,success,189.90480990000003,173.0011145306237,25.814718381795746,172.58481017990098,25.911787426107765,172.14988125823555,23.863509473825356
fadf1f0d.qasm,64,success,6.8785139,7.2402842296314684,14400.0,7.236157450154069,17.12182138974756,7.24523947174469,14400.0
fb107df5.qasm,16,success,17.846512699999998,7.173308361039812,0.5448455624005142,7.069867203367211,0.5685334781910908,7.470288055437369,0.539273188563554
fb107df5.qasm,64,success,11.952432699999996,5.7504687443626485,2.1250888844339846,5.5433455492979835,2.201828432521869,5.905218788326406,2.139193501738679
fb107df5.qasm,512,success,18.1957599,7.493153614588185,0.4029507268336483,7.715958016387542,0.4130914791660842,7.673475809255453,0.41331681156288774
fb7e6eb0.qasm,16,success,3.5610047999999996,2.9669379645408096,5.260405193009292,2.939192191686266,5.773551895604365,2.9096583467156067,6.459045538815358
fb7e6eb0.qasm,64,success,13.2631154,10.930047033632766,4.262914275180384,10.818583110842427,4.02340066830587,10.581749463273123,4.279218826537076
fb7e6eb0.qasm,512,success,543.1701861,401.0178274708096,74.27869529846124,390.29210001193604,75.3695867611903,393.39725588850195,76.64292829918446
fb8a2851.qasm,16,success,0.1633197,0.20720658825855506,0.1986703785719604,0.20669780572159746,0.19975942112584252,0.20832824863757124,0.1991595111571261
fb8a2851.qasm,64,success,1.2676421,1.1429796417446167,0.9045257155942132,1.1464456609233529,0.8960155307108264,1.1406934066886862,0.9003335840604614
fb8a2851.qasm,512,success,0.1731245,0.21066934913080337,0.206721895209867,0.21030825958036298,0.20681721321665547,0.21025708090385176,0.20787210000931983
fb9223a1.qasm,16,success,0.1798739,0.19463718452341064,0.19806281151150776,0.19363533725904375,0.1977740700849652,0.19389886981026797,0.19844299623230174
fb9223a1.qasm,64,success,0.16640830000000004,0.1817383000326231,0.3260846572128852,0.181499254573205,0.3218482697231968,0.1809665337168538,0.3268722259627256
fb9223a1.qasm,512,success,0.1863105,0.19398256194592373,0.21738289563580918,0.19388151971013173,0.2184902558150334,0.19405682765282875,0.21730959094886657
fb9be929.qasm,16,success,0.23531889999999997,0.18896119587306887,0.20850627097925872,0.18829553257073248,0.20936366360109912,0.18883169284825546,0.20836379280228556
fb9be929.qasm,64,success,0.1624003,0.20330663513293432,0.3130309373525764,0.2035177568230753,0.3200420008087048,0.20253156606991804,0.32015572927552605
fb9be929.qasm,512,success,0.22522469999999997,0.18234926916003968,0.2200264326642144,0.1828555658381654,0.22144444434645832,0.1828803960261296,0.2153999531974323
fbcf0ea3.qasm,16,success,2.0731039,2.065959633137651,13.254671181153252,2.066304676692549,12.150180021831964,2.0660453289914367,13.031001154725114
fbcf0ea3.qasm,64,success,12.510124499999996,12.553732792032731,10.036054212162313,12.55362125674677,10.427588950736395,12.553572684601223,9.709099423913692
fbcf0ea3.qasm,512,success,498.21153809999976,497.7157837144752,403.76323102066465,497.85827839992476,426.53509507657424,497.9015912858875,403.43397458342645
fbdc2a1f.qasm,16,success,0.5656909,0.5863031597298508,1.2976933070817247,0.5867120114573832,1.3763828929438955,0.5862235114133301,1.3301223606994523
fbdc2a1f.qasm,64,success,0.4538723,0.4531791103230149,0.7461821490989271,0.45314935395036693,0.7630321725759746,0.45311375562395145,0.7974064102490815
fbdc2a1f.qasm,512,success,0.4505086,0.45379368084060395,1.1151086260544103,0.4537765799708208,1.1019563441116056,0.45367798184514113,1.0755507680286347
fbe1d41c.qasm,16,success,0.22265400000000002,0.18777908420546224,0.20540038680918105,0.1870936252224474,0.20494410750317185,0.18783403470893675,0.2057706156991321
fbe1d41c.qasm,64,success,0.1667608,0.19859992755070563,0.269757806289207,0.19944823825580374,0.2626430724747433,0.19851771360911388,0.27574154394592093
fbe1d41c.qasm,512,success,0.21397250000000004,0.19664743937068446,0.20400589627289034,0.19699086453493533,0.20721180110972096,0.19900687396231456,0.21242577176734914
fc1ce5ab.qasm,16,success,62.19422269999998,63.798829401457695,62.75537137947831,63.48603477952035,54.102466625041274,63.942684443065495,53.90672746809955
fc1ce5ab.qasm,64,success,3.1473689,3.5325797009061506,14400.0,3.53553473309397,14400.0,3.540033793295927,14400.0
fc330f35.qasm,16,success,1.8849809,1.8722643400600918,12.59367809126591,1.8720874211698424,11.491810324754585,1.8721315355011496,12.078673634901023
fc330f35.qasm,64,success,11.3087631,11.388648008388087,9.764732321532374,11.38719680320087,10.014185841220696,11.383926996539806,9.669492087992273
fc330f35.qasm,512,success,463.7660308,464.9516424976898,438.07295852589095,464.89949895783207,466.42784026192857,464.97239455563493,451.61047770275985
fc56714f.qasm,16,success,0.1707354,0.2613354056948354,0.24549848421302017,0.2694815990472661,0.2506176294866864,0.26446187876195326,0.24917959644693896
fc56714f.qasm,64,success,0.18016170000000004,0.24152632099944607,0.349134571421254,0.2447751990125714,0.3310345233879552,0.2403015524500362,0.3419089120258043
fc56714f.qasm,512,success,0.1801311,0.29591359161080333,0.26568590741683956,0.29503058275506805,0.2551455994311531,0.2918221771901348,0.26482789473429985
fc5872f2.qasm,16,success,440.7522683000002,243.39203245096903,21.278665475307605,232.1155708273393,22.53831528210656,219.67956124956177,19.76479516794966
fc5872f2.qasm,64,success,97.44292890000001,20.832395780460562,8.437585082163594,21.613730332541465,8.191907204071912,21.183709914969732,7.203239726310618
fc5872f2.qasm,512,success,3531.155154499999,14400.0,14400.0,14400.0,14400.0,14400.0,14400.0
fc66bdd4.qasm,16,success,0.7283128,2.160176779359038,1.9943578871600542,2.02505575325012,1.9685047583854633,2.1311694278310807,1.9831113487548104
fc66bdd4.qasm,64,success,1.3749575,2.344353517889376,3.1125380482724543,2.2269927955793594,3.463272604159309,2.292688469512087,3.4013757248984504
fc66bdd4.qasm,512,success,0.727108,2.5479496948479863,5.976080301499528,2.6064719722546785,6.7843679277189795,2.432230472301612,6.079866128972427
fdf0b97e.qasm,16,success,1.9983464,1.9927459759354675,12.882876384252155,1.9929953724883103,12.030079226262608,1.9925588798233358,12.639531144601737
fdf0b97e.qasm,64,success,11.459351800000002,11.428285466173646,9.832858499303349,11.422318798789256,10.050428706364965,11.420346089394792,9.625206918188535
fdf0b97e.qasm,512,success,436.84951509999985,446.0035787769062,419.9865516399622,446.0599357700516,447.4436553152804,446.0214483222731,438.69302508713474
ffe82f32.qasm,16,success,0.2051507,0.208770015778432,0.31472816035467516,0.206741278630537,0.3153540874592712,0.20814841669119183,0.3189966166201378
ffe82f32.qasm,64,success,1.3167689,1.1991624564668522,0.38871846131770366,1.2156298570869413,0.38047235944197183,1.2169668935954945,0.3922693129155173
