filename,threshold,status,actual_s,baseline_matched_pred_s,baseline_structural_pred_s,old_walk_matched_pred_s,old_walk_structural_pred_s,old_walk_plus_angles_matched_pred_s,old_walk_plus_angles_structural_pred_s,filtered_walk_matched_pred_s,filtered_walk_structural_pred_s,filtered_plus_angles_matched_pred_s,filtered_plus_angles_structural_pred_s
0071a13b.qasm,16,success,1.8681457999999997,1.874544010823626,7.882050848950589,1.873735327612248,13.440781681561429,1.8726866883110453,10.740303945642484,1.8719831722499949,9.956898127466598,1.8687036849821155,11.113324698041948
0071a13b.qasm,64,success,11.326891999999999,11.1170613073516,9.352966566337786,11.06398196712917,11.477934918804413,11.180883003306802,11.487536982196474,11.142298871281385,11.8613797110921,11.166208230630541,13.317366718216956
0071a13b.qasm,512,success,464.3260994999999,465.8807857294143,141.8197395734768,466.5039816835233,314.87108342521657,464.9126097570886,289.14066701924645,465.9953697637607,204.52050511518104,466.27868704860595,249.98786881693363
00c20ece.qasm,16,success,161.77874129999995,52.822037700198344,8.750751968900415,60.31860059309029,8.708168929011011,51.09457792294651,8.189698081265046,59.54833444434527,7.7916845948303886,52.595850843506156,10.342835022993317
00c20ece.qasm,64,success,167.99894330000006,46.15779052564724,6.61842666779989,57.60541278561598,10.549118292618008,51.41161482102307,9.698912224153007,57.63597042148888,8.32304658000624,51.875497871490644,10.334836751874343
00c20ece.qasm,512,success,161.38951989999995,40.15319741195667,5.56423567249652,57.27630029171821,6.907703460867706,50.64473412339247,8.603845936711709,51.53972257038327,5.990380296177003,54.15488646490311,8.183591624800531
03042ac9.qasm,16,success,1.8659897,1.8637213328666529,7.882050848950589,1.8586386825601837,13.440781681561429,1.868030738817617,10.740303945642484,1.8657138353805713,9.956898127466598,1.8708276418425211,11.113324698041948
03042ac9.qasm,64,success,11.3251936,10.999066018871758,9.352966566337786,11.119474652232423,11.477934918804413,11.164066427643455,11.487536982196474,11.16324279503258,11.8613797110921,11.151929757399367,13.317366718216956
03042ac9.qasm,512,success,463.7429635000002,464.7306904711896,141.8197395734768,465.618304566374,314.87108342521657,465.4063053778697,289.14066701924645,465.7406074319897,204.52050511518104,465.1226151180954,249.98786881693363
03934028.qasm,16,success,1794.6356796999994,1460.5277971346227,21.250142052767554,1223.849116232556,16.39498915104263,1251.3383260511007,26.635029726649936,1261.5916265878184,19.387748382615204,788.7758106646854,20.483889395487402
03934028.qasm,64,success,1229.5821331999996,703.2931505805271,5.866616101454114,701.7587476567301,6.863982877297539,683.0096843063203,12.29596328791243,869.8868432190868,7.8388734839324785,497.30160779370675,9.513548108098545
03934028.qasm,512,timeout,14399.999999999989,1210.492172606866,10.116362791051849,1760.1479170196023,20.683745449694904,1463.6029730415316,17.95203740245539,1544.1643282979599,17.0599889715596,1433.7048945421714,14.630259078345448
03ee478e.qasm,16,success,0.17734449999999996,0.2101873617108033,0.23585299101554405,0.19535755429271265,0.20754991244600762,0.1949045279397443,0.21271766592462535,0.19669561540755567,0.2080112024415531,0.19478723785655086,0.21155010076378714
03ee478e.qasm,64,success,1.1159592,1.1572824524784582,0.8869602942545404,1.2029467205539557,0.6840044772785563,1.1983829384292177,0.7226315805106219,1.2012996816332377,0.7128711394467442,1.2106473943632403,0.7213265889259137
03ee478e.qasm,512,success,0.18746530000000003,0.22265542780677458,0.25701226237466995,0.19971440997729267,0.23207152312246165,0.2002738805050303,0.2522496937724279,0.19724179013307422,0.23103112513729512,0.20031570989637346,0.24005470482760893
04276362.qasm,16,success,0.17990670000000003,0.20528372828567082,0.2099003848586365,0.20964411519358436,0.2057361758522282,0.20691337537384913,0.20326953430235975,0.20923765140335523,0.2101106418814702,0.19778508911425702,0.21120599788243447
04276362.qasm,64,success,0.21635210000000002,0.2313305754884547,0.20712019524981834,0.2136474540931959,0.20039257562094312,0.21834908860557795,0.2022173180112209,0.21408903072403074,0.20086619445124826,0.2142633619126746,0.2014566644381603
0491d461.qasm,16,success,0.5425538,0.5314582022483606,1.496411877412194,0.5357319597688042,2.049783847745662,0.5466411138770678,2.30947761497421,0.537063718285486,1.6618045693098922,0.5405382800291281,2.0690933626131924
0491d461.qasm,64,success,1.3414259,1.358094832624342,1.676765719444729,1.3573700222351937,1.7193447422356247,1.347089368445195,2.4609137287802336,1.3613341484433534,1.4892393465387612,1.343051285589201,1.9232808256140685
0491d461.qasm,512,success,3.4521178,3.704154060610105,8.512564106901971,3.588849406183743,4.875578233234557,3.5533080386368576,5.344683770875517,3.5672865810431222,2.816281723503711,3.5868553936658083,4.050711324366581
0525d9ee.qasm,16,success,0.5416311,0.535814456354963,1.496411877412194,0.5375196238470167,2.0408846242767162,0.5407615993671274,2.2962144418477517,0.5390323823572469,1.6618045693098922,0.5418703984400283,2.049031601618973
0525d9ee.qasm,64,success,1.3424445,1.3600532056889227,1.676765719444729,1.3510625116435726,1.7193447422356247,1.321816862378722,2.4443077292079076,1.3311616449928327,1.4892393465387612,1.350271567651228,1.9046328511217518
0525d9ee.qasm,512,success,3.4716296,3.7383412958166047,8.512564106901971,3.564643073612445,4.875578233234557,3.4900116366597205,5.258671636191113,3.57818852022558,2.816281723503711,3.5506929174389024,3.9930893116505373
0534bf07.qasm,16,timeout,14399.999999999989,1536.6521923202135,9.53878679984965,1236.7740620761556,2.232760241578755,1321.8650093268416,2.2074104602734343,1155.4382660083359,2.8465875679185118,1165.8494343760551,2.7865164307747166
0534bf07.qasm,64,success,1767.644607299999,620.0292405906903,5.568837457640107,607.0497325545474,3.850152869402595,604.0882856611885,3.7718011714774002,499.5071959440034,4.430293561791267,549.5727728992873,4.1892171931074955
0534bf07.qasm,512,timeout,14399.999999999989,2272.1427229442716,15.772066724498057,1727.2708867211882,3.4222134870270375,2149.775005044713,3.4378391141479137,1619.4390626439033,3.7079483464263987,1860.561443043306,3.550478208128051
055dc894.qasm,16,success,4.6650311,5.1080414802267855,0.7648839769033999,4.525695207225581,1.411976978759155,4.529915847067936,1.3819175249959186,4.643962085975875,1.4264685669887218,4.537192931633475,1.3375505020068257
055dc894.qasm,64,success,3.8863319000000005,4.186587506832968,1.4252040934709267,3.5969950239415334,3.350113587033797,6.774076206325193,4.177211024266037,7.825037737864897,2.9738092111807752,5.878204405244636,3.5694212758028256
055dc894.qasm,512,success,1383.5908082999997,736.851552594129,5.037985040072633,755.6654361018979,57.428790823375756,1021.0406063453061,86.34655394561968,1104.8885266178756,67.07940087899375,1167.801344843822,113.84742100111737
056c2b99.qasm,16,success,0.5823536,0.576542052954404,0.8006258066842314,0.5777862666750699,1.2547238504298242,0.5783876999378089,1.3480668069154045,0.5779621676599157,1.0343910844130122,0.5796597760468325,1.2321916457938982
056c2b99.qasm,64,success,0.4523345,0.4571420580746234,0.8752130098444648,0.45793967661349166,1.0403445892892353,0.4562223908863497,1.5036550204876316,0.4540582139789199,1.0983903322972324,0.4572242221638511,1.1222741580078501
056c2b99.qasm,512,success,0.4509034,0.4656683994000342,2.284500873165027,0.4607011119707275,1.2161593643481121,0.4623698348371735,1.4934031722198473,0.4581688696185962,1.0683325535940549,0.45810572263094856,1.1505622710949523
058c7d32.qasm,16,success,0.21540330000000002,0.4864153221691868,0.40640245178311774,0.5355071725687783,0.6369900704601502,0.5527673206664219,0.6660135202045374,0.501934576140503,0.644318344468586,0.5563834797641806,0.717431422536492
058c7d32.qasm,64,success,0.6617786,0.5650923053330309,0.464723867830609,0.5758355384895745,0.6718783697634472,0.5575177352927502,0.7539084400290662,0.5813900006009471,0.6697225014746012,0.6290773789879538,0.7389573872754538
067475b0.qasm,16,success,1.4051409,1.3897816311087297,4.186412274536414,1.3823741546132988,7.39378234979314,1.38838436280786,6.4073019596619165,1.393862105952842,4.754533898094342,1.39028334542335,7.165556595653308
067475b0.qasm,64,success,5.705375600000001,5.718579014216202,5.575881953507287,5.807126788081317,7.3850668200766725,5.796972705135251,7.684092504251125,5.666891752671,5.6627891537749155,5.659806742883022,8.939856847035038
067475b0.qasm,512,success,134.09611699999996,132.262914463306,60.93352042185102,129.12713122697954,149.12446710099127,131.87180896518956,150.0538307671266,134.75521879284005,75.10294479024702,133.52163161453095,97.51887243953044
06857ab2.qasm,16,success,86.8517603,95.70252375907543,39.28504109845373,96.75508321116438,13.402800608687565,96.67999892233217,13.636426911692467,94.88691407373774,13.609516403286989,93.71833765641227,13.618451114121095
06857ab2.qasm,64,success,144.50145770000006,131.31362238062857,7.371229045915068,143.69936926723145,9.038457412326148,152.32765356838047,7.684743103530576,143.09459632288508,5.46032445490772,142.37017532085633,5.364842301930281
06857ab2.qasm,512,success,5763.222492099998,4821.236377500241,432.41377512003714,4322.32957154957,399.88169076071676,4080.012457955802,282.2243216646046,3708.5708606311723,266.8127294508838,3998.4070407698127,224.91947141202152
06a7dabf.qasm,16,success,1.4427283,1.450707980151281,5.719629421766723,1.4619332530359346,9.040477319660324,1.4590084414149538,8.062854836854388,1.4638106894754157,7.737391108971323,1.4647011860645,7.924825163362223
06a7dabf.qasm,64,success,8.5008263,8.449117419581926,6.817758865210951,8.492622530090761,8.666394092559493,8.434886878990609,8.576371990344391,8.379215662081883,9.411137845693283,8.537881053105162,10.187901920234756
06a7dabf.qasm,512,success,307.49403430000007,310.9946791414441,87.59553890349099,313.4119214392912,192.8500156781901,309.33595530265706,165.41479136035917,310.09528130963633,146.60642064917525,315.4863272865314,133.6822069410956
06e45cf2.qasm,16,success,0.5780354,0.5632905292103564,1.2706869151541011,0.5719802819347517,1.7745413079084218,0.577486293909469,2.1264300290202858,0.5665812324363028,1.43659999917891,0.5709732302797688,1.8145506773540618
06e45cf2.qasm,64,success,1.1292338,1.1623109196793393,1.3942257427955953,1.0857769808863638,1.4017322305283646,1.0952862082997832,1.8006155815389446,1.1158052122886195,1.1317266130366763,1.1030990121971123,1.2539033191435456
06e45cf2.qasm,512,success,2.769683,2.765835393796564,5.7197639820851345,2.6918072825976878,3.8056922008306993,2.713764997912943,4.110167778646739,2.702965787758119,2.4083373814678195,2.712195953542565,3.245327541656204
0732491c.qasm,16,success,5.4931465,19.621996019892464,9.23691187486858,15.396414869047836,2.715549292814247,17.319168992249082,3.8109896909192074,16.88531380662202,2.9169476537521772,15.71224927217351,2.518774145997221
0732491c.qasm,64,success,1.8221959,7.807874032398158,9.18204495927943,10.715605793807503,3.4956535023,11.082189032412716,4.421151319440289,7.985660453884132,3.7245567456191573,9.162223442538519,2.544938008380654
0732491c.qasm,512,success,5.6868296,12.535737310376689,5.587613938201039,16.514766618927897,7.328895213904372,12.268545279184051,5.027960000211771,15.67913007106186,5.88060341490823,24.033565405052176,3.8445901070468147
07fc5b22.qasm,16,success,0.5416286,0.5390920564081669,1.4958041373407602,0.5359752302227353,2.049783847745662,0.5373219183199308,2.30947761497421,0.5331952842502482,1.6977085469654198,0.5389350504630185,2.0690933626131924
07fc5b22.qasm,64,success,1.3364759,1.3752717513506625,1.6688592328893512,1.342765375130808,1.7193447422356247,1.3574358597137852,2.4609137287802336,1.3452691877360363,1.4892393465387612,1.3424518201219786,1.9232808256140685
07fc5b22.qasm,512,success,3.4643763999999995,3.673928651712871,8.443351372373463,3.555275823123719,4.8611172893383285,3.614573379037515,5.344683770875517,3.566860947518794,2.8005496056207346,3.5357430261201652,4.050711324366581
08239e90.qasm,16,success,63.96641979999998,47.25912887358904,31.454319220699382,47.86285180231533,13.638095905889914,47.1709597356207,19.726973407631956,47.69197243295225,12.279296172485537,47.73848414492049,15.522906596119881
08239e90.qasm,64,success,3.2675198000000005,3.208009582217632,4.775113146991868,3.342438989853573,6.857980520332064,3.15447922632344,10.140510210593225,3.2452603579691,4.692757498425314,3.3345669704381815,7.43710098820253
0885b672.qasm,16,success,1.6545858,1.640055294039241,6.473491825190937,1.6326249385227625,10.82996683286584,1.6445245537817785,8.377491436882265,1.6454064274051763,8.632228633369056,1.6343327632875913,8.882280052581462
0885b672.qasm,64,success,8.9290951,8.907017273231332,8.488082002020978,8.846685106435627,10.079773314690424,8.88446073002278,9.27980130200621,8.921894462578004,10.811028391466236,8.822678496305146,11.846729737511264
0885b672.qasm,512,success,332.10055049999994,337.2648532903836,103.70487083528305,340.56191180769105,246.20299899944192,341.6657935225728,219.26619586157673,338.64562794806193,159.6478882493723,338.8006127629805,183.93695501013238
0a0f4c36.qasm,16,success,0.1840534,0.4435682954444258,0.42682234484495263,0.2771653039230441,0.29596322746003445,0.2912624827213238,0.3121110741234826,0.27096375092669694,0.2976994660943152,0.28240462604347094,0.3059542010134515
0a0f4c36.qasm,64,success,0.2601157,0.44378986151470473,0.6097744024093483,0.3435201259400286,0.35819407975444056,0.34256478190279366,0.35605978466670807,0.32674124546548694,0.3651065787005174,0.31724168822038645,0.344374694279672
0a0f4c36.qasm,512,success,0.1663742,0.5292913677063344,0.7708028855193448,0.38337538263007515,0.8028483969183122,0.37470733907015225,0.6704396123857483,0.39575884007687434,0.8940986913219389,0.34648838445817653,0.7481328039644127
0b0e43d6.qasm,16,success,1.78757,1.7518166267984874,6.603814089824711,1.793566282418,11.360269987499596,1.7899779355477086,8.834647484035719,1.7810173021432891,8.349128273935062,1.7889194068380392,8.990569432991988
0b0e43d6.qasm,64,success,9.9584508,10.07252777203062,7.50341673898437,10.055041832793368,10.231533561690124,9.986598045366685,9.475652924468497,10.055259580867691,9.597852654050874,9.993923455285588,10.957841454425072
0b0e43d6.qasm,512,success,373.94553460000003,380.0085674076507,105.84791051945797,380.5752406951576,215.19506161946097,377.4087435361704,202.89631849180748,377.84551740040945,159.92919828564413,383.35196789795896,159.36437176503668
0b325fdd.qasm,16,success,204.4226061999999,164.5304574420959,28.860040278209866,164.49333937573368,18.4596512005698,159.2919561681921,29.253136581228134,166.61827462763893,19.552189450718853,165.05947393003234,20.718104865505307
0b325fdd.qasm,64,success,7.9006322,7.17895040856776,4.272523896793852,7.013539299807255,6.722257139847528,7.001853624435009,13.76468433710243,7.5216367803873965,5.934055085911197,7.229070821981601,8.93701726061296
0bde3200.qasm,16,success,0.23376710000000003,0.3709730320200945,0.4746471159219167,0.31285654045845585,0.33759476463213656,0.3067583459022088,0.3445797481599955,0.2990542252722859,0.36633551585009216,0.3131152115396221,0.3566069547563689
0bde3200.qasm,64,success,0.232663,0.3999450483101161,0.9426186827198098,0.34284840588734505,0.6137915962165487,0.33701367855170533,0.7745677857443115,0.34299688558125246,0.6434579339472182,0.35064586469593595,0.8449408963647694
0c0ce4a1.qasm,16,success,0.5861573,0.5726977166810507,0.8006258066842314,0.5809405636517123,1.2577400722504937,0.5816731903590706,1.3374135595756071,0.5865376970901711,1.030072271931155,0.5769780596014357,1.223929392958522
0c0ce4a1.qasm,64,success,0.4553035,0.4561388930558244,0.8719124388631015,0.4539904944377473,1.022468535248493,0.45613185627817565,1.4961286381618408,0.4547763102568024,1.1103962504960014,0.4505704007895811,1.1141315813560224
0c0ce4a1.qasm,512,success,0.4561859,0.4563620517305308,2.2986892726156474,0.46303118054625364,1.2156222508067591,0.45999835011212453,1.5041786511323547,0.4583978466680443,1.0554636489994704,0.45241699726811196,1.1463792535539548
0c676248.qasm,16,success,0.1680261,0.17598003090063447,19.280505197419224,0.17823950022790444,18.388531812926487,0.17489812154314516,20.598430580260978,0.1780203483328335,18.66747675929102,0.17505338803519968,21.809373588797555
0c676248.qasm,64,success,10.329901000000001,9.685505722354339,21.990623283783002,9.71622596577342,18.800329846172275,9.677060060970543,21.912080103377523,9.715605593821307,19.40538562405593,9.699229569587796,20.81669606140828
0c676248.qasm,512,success,0.18101140000000002,0.25779690498943286,50.87925504897346,0.17250511526045914,19.939817627488907,0.17388998864291327,20.952754567021703,0.17739819435340753,18.541706468772272,0.18687358103497717,18.23044255827457
0cc92082.qasm,16,success,0.2225849,0.5344839227535825,0.8072551659927607,0.5654569546310014,1.190287210634937,0.5507008313885727,1.2329307347173328,0.5191737308676508,1.0112704740153182,0.5778027749509145,1.2965672511734392
0cc92082.qasm,64,success,0.5742476,0.43127292840597364,0.7725701278494603,0.48948804016881653,0.7526076502897038,0.4103084263447119,0.924323500796851,0.48575013008131074,0.732209245012795,0.4248305105127505,0.753355567588754
0cc92082.qasm,512,success,0.18362350000000002,1.0240718672111748,1.5178498103880207,0.5351639188421028,0.8819302894781126,0.4107675595180643,0.873637034215776,0.5141274914946322,0.6910354973911712,0.4575051970894263,0.7661330057227713
0cd81bd7.qasm,16,success,1.4029748,1.3766760944700571,6.154676280055098,1.3931952751015233,9.525887096260599,1.3924017115867162,8.041016895211873,1.4004076568363133,7.365612299399242,1.3858206759133431,8.752573067982635
0cd81bd7.qasm,64,success,7.957766299999999,8.001304045276191,8.437392805943565,7.884823233420283,9.517711997018601,7.989122182817593,8.813093867603683,7.959009561015655,8.705014528529064,7.945039590196439,11.019126295249228
0cd81bd7.qasm,512,success,285.46857679999994,287.9752797678226,118.79108791018372,287.4843670921104,212.0408786178089,287.3431322847401,209.66270805941633,287.2289561888441,133.32021994241614,287.1974252196597,148.1575866997383
0d08bd43.qasm,16,success,2469.4623289000006,4287.310914397927,10.170068359891385,4945.925422431514,2.5556144478654206,4516.3399308337575,2.0264950989277253,5191.862409439628,3.3521717761529506,5115.643388573601,2.616300357643283
0d08bd43.qasm,64,success,188.07979880000005,1019.8791183537805,5.879780742076772,1187.1210940880771,3.465749967158963,1084.5406341815199,2.7520789569370603,1140.6368777353468,2.8450248067272,1268.2104054989572,2.646344651580101
0d08bd43.qasm,512,timeout,14399.999999999989,11209.931830795535,76.98878913397009,9527.681154508276,4.480177417905524,7981.906995142621,4.171223392111701,9290.421352421514,5.342562368239893,9056.009198795184,4.324142588473325
0d094263.qasm,16,success,0.17983059999999998,0.22076714900534855,0.5487816094919769,0.2227355366906456,0.27677917003405605,0.22090782880232726,0.28082390100229504,0.2224742285306038,0.2888832995506874,0.22255466048110914,0.2815055251659122
0d094263.qasm,64,success,0.354708,0.2520035119972559,1.3360001216378794,0.23811461097370354,0.32940666847707645,0.23105916006441926,0.3059505435081675,0.23323582840798204,0.34425498364596646,0.2404046406408238,0.31950042786493726
0d094263.qasm,512,success,0.17570120000000003,0.21822661630771412,6.8428519728721335,0.21423858083032804,0.3434519289673706,0.21090838575756513,0.32934676477617436,0.20919886162831827,0.33081095068126914,0.21134522909315237,0.32255557469036733
0d6f51b4.qasm,16,success,0.1818558,0.2182214707103386,0.2354071554260894,0.21008403788123334,0.19878629074398396,0.21344110545229625,0.2112558662564038,0.21027478911923167,0.2009921572373624,0.21082816529366494,0.21393307810175444
0d6f51b4.qasm,64,success,0.2284205,0.2735759584220003,0.3895877648108288,0.2450528140873982,0.3006666905139479,0.24965052296365797,0.2969432145167837,0.24447091131488158,0.3047811103055295,0.2552504223975323,0.3080093018026337
0d6f51b4.qasm,512,success,0.1679753,0.22300583243160957,0.2585746896713852,0.21503351178423447,0.2091521397523128,0.2166709162407109,0.21382131284929443,0.21335987958766925,0.21019330997078853,0.21423195532173986,0.2218947022489904
0e8ddfa3.qasm,16,success,1.1595966,1.1915508676252289,2.971236164857053,1.2076629316440946,3.5472303209435077,1.20225581498936,4.369041960998992,1.1979399838463565,3.5030755296109968,1.190960482807068,4.919471058081032
0e8ddfa3.qasm,64,success,3.4204512,3.3534625094267896,4.197931539076161,3.405925127606815,4.573435763642413,3.3355926647731127,5.331614371538748,3.376219912193529,4.595540349684923,3.3988400156891547,6.191082388314145
0e8ddfa3.qasm,512,success,72.21635219999999,71.99735603393967,30.808350709449837,71.84692928453343,71.81444065225772,71.17019134505095,65.87459542478904,70.77417721417889,45.1027204117236,70.995233153639,54.10077786176486
0ee54ab9.qasm,16,success,0.17814269999999996,0.37402327545278385,0.38973646298138925,0.20964678505158002,0.2068529622023533,0.2052174502580681,0.20044599762539417,0.21184845397751945,0.2385920776836496,0.2175437691131625,0.22924167397626283
0ee54ab9.qasm,64,success,0.2257454,0.39505616108291886,0.43843372295165245,0.25917974315171616,0.30324016452386066,0.2556826544792529,0.2864867253650828,0.2592762705682908,0.32176429281289143,0.2590223591173972,0.3092759747492603
0ee54ab9.qasm,512,success,0.1782451,0.45264422405080806,0.5468539955735217,0.2105400601101906,0.24061645392289105,0.20822581893927108,0.2300407678096958,0.21159511125139785,0.23935875530109024,0.2255632760659949,0.24081486437152214
0f6ae53c.qasm,16,success,0.17492429999999998,0.254829838529039,3.221797344902567,0.4230533662483619,3.0681737508755083,0.547723162602956,3.522597811349123,0.4772208627100593,3.0333537990245065,0.3908185231577295,2.5680878035846986
0f6ae53c.qasm,64,success,0.6351061,1.0028298192044882,4.132881942851181,1.1038162419927278,2.7541343932110043,1.3082981018039275,2.778132711769542,1.1075244973788485,2.7637563784779817,0.9194079522310946,2.4528120942923572
0f6ae53c.qasm,512,success,0.1797566,0.3115701731214011,51.34252771260747,0.5648401980154251,38.072687884883614,0.42594768203605643,49.20208840925446,0.4617662698829885,72.27570467151978,0.34477890760753566,52.8136288794751
10761caa.qasm,16,success,1.2039713,1.2198166184447545,3.292308926031009,1.2171261887651765,4.052342823554106,1.2189535285905952,4.872743608149496,1.214283625101749,3.732445999534458,1.2221753144807963,5.453543427915848
10761caa.qasm,64,success,4.1564553,4.157117316610877,4.5856952187659035,4.132048485457977,4.917747966978237,4.19052373159236,6.004596662939573,4.134090730652356,4.790563909303705,4.209404994285201,6.8896069579901456
10761caa.qasm,512,success,91.75166269999998,91.20740388739992,42.15137014195705,92.50557675700604,84.97395306690812,93.7831941007991,86.06735525280655,94.12410182629584,55.36820760912144,93.18918480349691,69.72403566160452
10ea3498.qasm,16,success,0.1689698,0.5669446133940188,15.876070621603358,0.7554448447135104,10.216531524417267,0.7309132307377658,10.657210193026312,0.6300558605972253,8.825589774864351,0.6526968056141871,10.787666371221766
10ea3498.qasm,64,success,1.1595227,2.5829927747806796,10.307203704537104,2.798404334041207,9.171912443998117,2.914833871752937,7.622561163999715,2.958784240626406,10.272324020732219,2.9897359070420433,8.158437817955999
10ea3498.qasm,512,success,0.1702938,1.8399083722260057,43.37421477530994,0.4321126874858361,19.685883141722464,0.6734326025064236,23.484528286086626,0.6662763392362233,21.305504172148268,0.6387460205983417,18.580583506228685
1154e9d9.qasm,16,timeout,14399.999999999989,9035.26611718711,14.90115220826609,8623.966110895532,16.078669459115304,9055.32015350488,11.243299001006735,8005.9538811163075,8.836666711039687,8314.608302408005,14.733918859696367
1154e9d9.qasm,512,timeout,14399.999999999989,9328.90067707417,18.050417420285836,8939.685115212182,14.465009418823568,9929.882605696668,16.692321007237105,9614.700534157811,13.423805821316787,9744.217648687758,9.018180681567246
12157215.qasm,16,success,2000.5838667,1469.7229191476385,69.38441763619254,1419.7281979156728,60.50566918076246,1437.7506982600917,68.90935559170204,1364.4181014723897,54.37273656087174,1495.1352526355931,64.92802771631229
12157215.qasm,64,success,851.9857254999997,1152.5258844706457,13.484955552639772,1155.5963086667164,28.331708810744562,1157.0183123310828,30.42268918539133,1169.840455556341,23.884761961315387,1238.8337132759045,27.477142486206386
12157215.qasm,512,timeout,14399.999999999989,14357.436695902536,1789.767910434727,14328.293012604776,1825.5907528107393,14344.10452830539,1894.795654693624,14183.253321483902,3091.8924722706333,13796.444357035549,2651.4489455371336
125f60d7.qasm,16,success,1463.3105540000001,1042.2584127314688,39.287042517132406,1015.5121982207095,16.517564054107037,1067.4638015798453,16.959398370847946,979.1197907984747,12.98617694012082,1030.5528834707793,12.13561534759574
125f60d7.qasm,64,success,804.1303602000003,424.3508624402003,4.540487828131621,469.3152852359362,8.090569158402982,615.4907866387448,6.247413001405979,463.08765620868206,6.318768961845238,616.5526501014659,5.29770960926877
138d2c7b.qasm,16,success,1.5629332,1.57039175757675,5.580995423342603,1.573798659048886,9.579502074554787,1.5700704599650486,7.679345890637439,1.5660796111420854,7.94319929779863,1.5696470682841885,7.795682343737577
138d2c7b.qasm,64,success,7.723485,7.711689262262605,7.130329405917485,7.698027237001792,9.065249239823514,7.741779657385742,8.147387632223007,7.697423823959033,9.316484833791884,7.7328718887206636,9.722958825497729
138d2c7b.qasm,512,success,266.476829,261.5515936435313,86.17943675485948,261.5075764872869,191.22653458858764,263.22974260519345,190.27049698298407,263.54525998223056,126.662548294616,262.77391077141846,134.36305535686677
13b8e3f8.qasm,16,success,1.15246,1.083659957172349,4.056925443570521,1.1011887645886116,5.634054546289856,1.0883657622275362,5.815578545969193,1.0966391589303146,4.4765531218381875,1.0912071422406127,6.64908569813852
13b8e3f8.qasm,64,success,5.056893600000001,5.089599278121662,5.451990554358534,5.047366361520348,5.956913528867577,5.095233642781916,7.6024066953058025,5.097023493204617,5.4707477826091875,5.04243481202028,8.49327377882987
13b8e3f8.qasm,512,success,143.3873458,143.00379804736716,57.58899162688997,146.106997053992,121.8531269034766,144.20420149574477,145.64599598006697,146.01052972343734,72.71488069788,146.2180068578036,97.42142347621541
13eb49aa.qasm,16,success,0.1763388,0.2376484542289273,0.2409301165384638,0.2027685250052621,0.296557396530262,0.2098584622750031,0.29043859396851535,0.20141958691787537,0.2975312958328268,0.2064028110526974,0.3110193724093779
13eb49aa.qasm,64,success,1.03723,0.977653575373737,0.3494751910437351,1.0333796864014642,0.380814704113319,0.9939335293670248,0.40515086484120816,1.0088055749767986,0.3623753088942747,1.0681528497672506,0.4364978525165708
14019fed.qasm,16,success,85.55772610000001,17.186305301505467,5.224775703619929,18.013823975528023,11.192898395186676,19.861016075764503,18.846182747978848,20.656975909168008,9.34144077558044,20.343670063709297,8.966372252724598
14019fed.qasm,64,success,7.701556400000001,6.258419343831647,5.023241016559725,8.453380554098798,8.275270229294671,8.759194293552204,14.810229021378571,7.216880135071911,8.565065469503178,7.767673334705675,9.376133036144209
14019fed.qasm,512,success,125.55042679999998,23.57099001993594,14.776647967566612,49.494830110737674,55.18925427036958,41.86647025929383,79.90716033236102,49.78196462824695,113.36727353476813,42.04643788898544,59.889235923298145
149b1e7c.qasm,16,success,5.221844600000001,4.321174984500305,3.6855287886737274,4.395338049513103,4.096524335639342,4.397189569827245,3.375597888245501,4.24370921490356,3.5202172361892043,4.2744936789800425,3.028002894049104
149b1e7c.qasm,64,success,0.1728306,0.2612485945422848,3.9424622215129577,0.25780781616444265,5.417183799141182,0.2473483285082334,2.744238315383825,0.22466568814551935,4.600138617152007,0.22167415846982125,3.3855311835366586
15434610.qasm,16,success,1.5159936,1.616220083078781,5.598787003861798,1.5978160342939653,9.453367954553585,1.607026390286434,7.679345890637439,1.5941487143496165,7.94319929779863,1.6149986730239785,7.795682343737577
15434610.qasm,64,success,7.743600700000001,7.751868124784742,7.093823531855971,7.739765040692805,9.056506130817093,7.7654657363604676,8.147387632223007,7.672421663060118,9.316484833791884,7.716561936570267,9.68987649731166
15434610.qasm,512,success,260.9629377999999,263.2440383014187,85.22931551555577,263.0765741153561,184.16025081325049,265.4325110526476,190.68561952252622,266.25183855112823,125.32606864501037,268.16201249185895,135.86481361752485
159b3481.qasm,16,success,0.5732643,0.5610203615694564,1.2706869151541011,0.5712664465481546,1.7663325998235995,0.5755181893933201,2.1311603100584824,0.5681653520825309,1.4033043379810302,0.5703871371823123,1.823269442456535
159b3481.qasm,64,success,1.1235271,1.1545273475511775,1.3942257427955953,1.081459997092875,1.4178129987122405,1.0794047380958098,1.7904142039764694,1.1192257817260216,1.1565815892176567,1.1188767165739386,1.2539033191435456
159b3481.qasm,512,success,2.7779996,2.717211367700366,5.7197639820851345,2.689157008745228,3.803282646667202,2.6767371473648267,4.0857852073160545,2.6912612951282453,2.4083373814678195,2.7235130039091295,3.2178684078806232
15c28669.qasm,16,success,0.2514302,1.9190002950764922,2.251149273377079,1.207321437574747,0.784349362598988,1.2158009366495957,0.6774574698038324,1.4011796033030877,0.8063335930386769,1.1582976851764748,0.8006648211256521
15c28669.qasm,64,success,0.3990744,1.0219455070115424,1.560799868638696,1.1247045486112697,1.0523876129971932,1.0240051605083298,1.0751102370775976,1.1565426099610425,1.1212080972733216,1.0820722177521405,1.0464283064228674
15c28669.qasm,512,success,0.2419986,2.5909417305009153,2.3306185469211402,2.914197247682555,2.0670529846635057,2.244549731769574,2.013895385846397,2.4068756776303495,1.870636416360103,2.6558847831868673,1.5269986918032472
1619b169.qasm,16,success,0.17318939999999997,0.30987914224538077,0.4223725135152493,0.2741924511927727,0.23357845294019985,0.27233538668298296,0.2246637445827357,0.2661124812317541,0.24644950440652386,0.2625743549327212,0.2527638015836267
1619b169.qasm,64,success,0.1710901,0.39459694592192535,0.5126721109721313,0.38506934173756246,0.37585375860913395,0.3560220828158846,0.43085666405125667,0.3687263993468052,0.46358592792960296,0.34417371565387234,0.48154544962892715
1619b169.qasm,512,success,0.18216660000000004,0.34506092434103447,0.5468962180700704,0.32746094810982534,0.35549421754985516,0.3077557725995239,0.30246404700998,0.29444136461330456,0.3518010722091886,0.295515289125641,0.3347175764870414
166e9d3a.qasm,16,success,0.18061239999999998,0.4575658814685987,0.47291424852612723,0.6739891659479735,1.0081995260578043,0.5102922888895199,0.7455549436388682,0.6021883393225137,0.9440035586144999,0.5015478364588348,0.8952054446734157
166e9d3a.qasm,64,success,0.16925800000000002,0.4507289965648884,0.5083814757254924,0.5120054568812618,0.6559728665866644,0.4183433888203935,0.5384487379679167,0.4924917730790022,0.7385062131188674,0.4457459785899422,0.5687170815355074
166e9d3a.qasm,512,success,0.169438,0.5291247757480482,0.5217928877281679,0.646167365918823,0.6007850321020871,0.4769580454736666,0.4751834444728484,0.555133675123562,0.7478046127852408,0.5240564811246342,0.5998575795047206
1688d759.qasm,16,success,1.9672979,1.950348979964523,9.042601736409003,1.9523848587841859,14.117525478801987,1.951773380754339,12.044813501140945,1.9504707114615643,9.791452613108866,1.9512815024812145,13.46380775617168
1688d759.qasm,64,success,14.099032299999998,14.335789897244986,10.522000574512798,14.040770622955502,14.268314004246514,13.978285027084887,14.098303113236659,14.24404877982962,12.24525287738335,14.040024692554686,16.144559929514013
1688d759.qasm,512,success,559.5118791999997,547.9504447910798,178.06068059926923,546.0210836315848,363.4784593144083,534.1179930234873,252.86561782593088,536.9380920249732,180.6723987438958,533.0655229203991,244.0847947916891
16ff70bb.qasm,16,success,2.1233068,2.1112415779895413,9.09155452815281,2.107921981591771,13.644860063403163,2.1150599755810084,12.328424214387296,2.1101783181573506,10.201977411315076,2.1163144730015384,12.712555111975492
16ff70bb.qasm,64,success,12.121247399999998,12.098968550446692,10.543857469361551,11.959981601786637,11.998645523489479,12.153584693874,13.703502303255613,12.134919479423047,12.145141959691765,12.154949094044829,14.688994755087059
16ff70bb.qasm,512,success,493.81017920000016,470.0209929682078,172.1192128692061,471.98420028067244,347.6839642251755,471.15609282068107,318.1516284106865,471.2811392665325,203.90913502621464,473.62943860394427,283.53056829590355
17253376.qasm,16,success,1.7846797,1.7546749386178266,8.960489989609634,1.7580577580487644,11.185280075828057,1.7588278211279609,10.199971486054366,1.7581323754708755,8.252099972954523,1.7575433593750458,10.77712811006829
17253376.qasm,64,success,12.199884,11.934111416656155,10.023628699005782,11.67868536133477,10.51873525663984,11.76133645985335,12.731323358573064,11.702470883350134,10.997346506392837,11.66281948134759,15.335949154851143
17253376.qasm,512,success,464.4622878000001,464.69957435217265,198.56035760357037,465.33749304641316,318.359166766859,464.95855137532357,265.820543943351,465.38664941460945,191.79072904584078,463.0945388692004,240.45184299415735
173d4b8b.qasm,16,success,0.4365735,0.7856929507325368,0.9161207995083279,0.7986322582190163,1.0385724703437629,0.7628577980285511,1.0352211727410798,0.8124460638591463,1.0258844091590136,0.7663244232286883,1.0880503653332272
173d4b8b.qasm,64,success,0.4759959,0.7991395228013838,1.1596682360838286,0.8171981802203435,1.1221582259626788,0.7628179704036988,1.1474625955407152,0.8325991181999083,1.171462184836682,0.7939721676951622,1.1713174176393488
173d4b8b.qasm,512,success,0.4571515,0.7674470719444286,0.98858467851673,0.7794874034624398,1.0079204413492493,0.7382844476101927,1.0461572484916961,0.824892321574355,1.045255764521309,0.7690916784015374,1.0628757306783811
175f2997.qasm,16,success,1.5397053,1.4988538634636774,5.192660302097871,1.5129556535358113,8.811665530042486,1.5159159846237695,7.305248740405413,1.5128017217782477,6.691438996729563,1.4974568836217834,7.978104657974389
175f2997.qasm,64,success,6.911357399999999,6.8774665029060715,7.178698575572116,6.880978830599881,9.227503670007302,6.855551529673938,7.919530216333607,6.945315394192837,7.927741662997013,6.85016554997342,9.882149692659498
175f2997.qasm,512,success,203.2557665999999,206.37359278878466,97.08679764993829,208.25728040446464,189.6492427486977,202.5824621698424,184.80865555382076,206.82715808810755,101.67869455453588,203.71378676471699,116.15497328360975
17e5a14b.qasm,16,success,85.25765730000002,59.96543279449771,25.224236858090656,58.35281055822265,16.57645328176048,60.370200700921,27.662746823404834,61.59182345304735,14.418119871602274,63.82898036535795,18.761570227228262
17e5a14b.qasm,64,success,4.9438845,3.7485751528186775,3.415630034575937,3.7003113074358227,6.160631773427095,3.6044356511474556,12.837228455341409,3.8182916911202462,4.758121433202541,3.7719972221398685,7.6637604479739645
195099c8.qasm,16,success,0.3044958,1.9065705363066865,34.499260642594336,0.8978621871014212,26.06320451681029,0.8276574767607632,23.606910070913717,1.0737127476411257,21.96220724045028,0.797478806923755,29.883737713208276
195099c8.qasm,64,success,10.437987799999998,8.018150059164196,25.359836458663658,5.9504242862937105,23.138369260928673,5.111521389220288,23.44482446621937,6.420252850457517,20.166194940374307,4.771116367221274,31.10030677472048
195099c8.qasm,512,success,0.2926443,4.396216323543502,116.15096225340343,0.860604932496397,19.39031090306756,0.8683841885234196,18.084392984572396,1.051542572337377,14.720176435522394,1.0128832244259973,19.969932056188075
19550378.qasm,16,success,0.7261901,0.6053686074878248,0.8381381855633907,0.4904665597751199,0.49936410843861906,0.47142123622559934,0.4266555980887376,0.49450063580804876,0.4665803145506099,0.4520717076481452,0.47431382118521825
19550378.qasm,64,success,0.7177524,0.8644224404606651,0.8578446084144355,0.4651865647956655,0.429675358995689,0.3997946096357052,0.42217417702272875,0.517176794990033,0.4485263114793913,0.4497728551929724,0.4250335668927996
19550378.qasm,512,success,0.7171464,1.3699532923648774,0.9028221377922334,0.5200318669336469,0.35519739243682963,0.3615015955518898,0.32644005750675253,0.4938456761494656,0.374599567207414,0.48790615393228776,0.3365119625333656
1959a985.qasm,16,success,4.8913162,5.1063178885919305,0.7648606826456383,4.535312107384005,1.411976978759155,4.525966135527204,1.3824063399875945,4.642156305666615,1.4264685669887218,4.541416515603959,1.3330166686978713
1959a985.qasm,64,success,31.2692711,4.131991923161224,1.4252040934709267,3.605743938750328,3.3490814491581333,6.6122440603377415,4.189961170221332,7.908007274796599,2.9738092111807752,5.81118138817765,3.5694212758028256
1959a985.qasm,512,success,1435.4921207999998,723.9792918501317,5.038108898421716,755.4635901126602,57.37869256859475,1018.5937712414977,86.1991635539262,1088.1307488227922,67.5112696177667,1167.801344843822,114.12213298233286
19d587f3.qasm,16,success,0.17350479999999996,0.2043255821860267,0.21682550186883418,0.19044565661427315,0.19771094689127192,0.19044787579217626,0.192169420085755,0.18967754624226812,0.19395017923120367,0.19828456136027423,0.20152578329795404
19d587f3.qasm,64,success,1.2004384,1.0078064627356265,0.9949039910802896,0.9275105566944032,0.640401376364622,0.9847405521847916,0.6838010403963749,0.9745177741848235,0.668032359059859,1.0037394553686878,0.6912190806052991
19d587f3.qasm,512,success,0.172592,0.22600267326147866,0.23139953133898383,0.19585651198857068,0.21539603655622447,0.1939009694239276,0.2174042633218738,0.20558038803375334,0.202827762733256,0.21019483572013356,0.2140079752330101
1a554de5.qasm,16,success,0.17159249999999998,1.0085181254752797,1.9923134795866453,0.2797878398813171,0.9187033359607035,0.2666059545547243,1.610418299783996,0.3977264406343006,1.6806227350610423,0.3762041382806856,1.5385744735082691
1a554de5.qasm,64,success,0.1756577,1.594367710606067,2.577880240446145,0.6166590239244438,1.1938616921710936,0.5964818898082711,1.6740068513515258,0.6516526002062888,1.2754746935394967,0.638560403435831,1.325705639777824
1a554de5.qasm,512,success,0.1775085,8.61922797102641,25.46844094378224,0.2990790087627745,1.7031170748622635,0.2829692245289769,2.6280069027483908,0.6109095147237565,3.4930709321342976,0.6827241588959136,3.4617493162659527
1aa22822.qasm,16,success,20.512900800000004,25.269164961325064,25.059141994735683,25.624064131907417,13.24767968880924,24.594618505435278,20.371069924184646,25.31818512890986,11.705297222960546,24.30667863196337,14.82060046453038
1aa22822.qasm,64,success,1.1141745,3.0806244963775193,3.254727684600479,2.822628209474721,6.789569712617265,2.8405172478526843,9.824064949876512,2.860550972101633,4.250120448754001,2.781305764387094,6.638909989212575
1af5b336.qasm,16,success,1.0828512,1.1136254947734705,2.161236088609384,1.095753208629024,2.864437324289435,1.102533953652963,3.972811671116249,1.1002526513325221,2.561381786151218,1.098556486198022,3.313490370937817
1af5b336.qasm,64,success,2.2817078,2.2592894126157796,2.9709025229757153,2.2597648412896185,2.6622462912152196,2.2668469540073417,4.030502307194333,2.2737203816790488,2.606480215298818,2.2694954806679637,3.364830997620065
1af5b336.qasm,512,success,23.957207000000007,23.804221753853163,18.536049865107888,23.27649159732815,30.336471476620382,23.40162642031593,33.61649399459251,23.49764652847016,19.985524968633783,23.305131462015222,23.10389021050724
1b91945f.qasm,16,success,0.5788403,0.5590925954888464,1.2733716432669406,0.5647307248525202,1.7931356817939823,0.5582010162631506,2.1141249124837436,0.5650340432275885,1.4165121200347848,0.5664290376021721,1.8357024712300305
1b91945f.qasm,64,success,1.1345342,1.1065751652185847,1.394500731566173,1.094736733607843,1.425124782964361,1.1168301103116156,1.7651805129368727,1.118435236785928,1.1547179676869452,1.1064087190557954,1.285308626540418
1b91945f.qasm,512,success,2.7687015,2.5610783809684134,5.642650774482902,2.643014763782765,3.7037580720360843,2.656169344564897,4.142336545317628,2.6688448893688013,2.4083373814678195,2.6484693956054253,3.238506781304259
1cb3c32c.qasm,16,success,8.074354699999999,7.270940832953866,5.222020716505645,7.046683244350462,5.062478576101124,6.843127668246991,5.416720987287574,6.939483165074583,5.9272149401408285,7.100828270878863,7.09174860438984
1cb3c32c.qasm,64,success,0.3971776,0.25151689668287236,3.9142085753082716,0.25945319207282663,3.3382102501431383,0.25290649026851564,2.876383946799834,0.27087989197389895,4.814640527594743,0.26533904241390566,5.129849021799713
1d1dc1d8.qasm,16,success,2.091032,2.0437291277914396,8.445217332608689,2.039059451072611,13.739894307685358,2.043402541104796,11.854829319191804,2.0364422030351115,10.135068311281172,2.0413033260675704,12.103816596324439
1d1dc1d8.qasm,64,success,12.1915016,11.75733321577263,9.882415124504218,11.689454795365954,12.706920840697418,11.74960144456804,12.837340862986807,11.631737781010992,11.918831276656604,11.801227546758401,14.115204986384745
1d1dc1d8.qasm,512,success,477.1889418,494.52174501509984,140.93761354913636,491.68884854949135,317.9115018140624,493.7643089631849,261.0281431401521,494.93958650708834,186.59844432938564,493.481042480384,233.49442073575176
1d4b1889.qasm,16,success,0.4623995,0.46109865653880605,0.6431046979640165,0.4703121872576252,0.9494324207054077,0.47478850208023304,0.9346009849309287,0.4627968293904436,0.8907007947969315,0.46610478125314103,0.9688062766708004
1d4b1889.qasm,64,success,0.339699,0.34857367646047344,0.6549141626883552,0.3469089053781726,0.7519519795356605,0.3492571708120977,1.1033944012862185,0.34807510103319333,0.8174136011180718,0.3505565930801053,0.8717250083699796
1d4b1889.qasm,512,success,0.3409897,0.35191057495439887,1.6804119256052075,0.3447253189394672,1.0402682004685344,0.3368678422175735,1.189614802263225,0.3421065752047637,0.9597441652749791,0.34147099782748297,1.0306866012691283
1db5f683.qasm,16,success,2.0087796,2.002915405312176,8.239888366016228,2.00086769885243,13.167010501377096,1.9956791665042042,11.059624934602637,2.0032027394682923,9.961056353066574,2.003787041592518,11.937860747042462
1db5f683.qasm,64,success,11.511427700000002,11.423244890533184,9.556545638761095,11.381092659008917,12.309829332631468,11.35154134360731,12.016616903599616,11.444468831658336,11.542963653538509,11.347268097788827,13.757132147379824
1db5f683.qasm,512,success,436.8524219,442.4720207897893,134.824233086244,443.85478424535916,298.87464433582096,443.31074345469335,240.2574120392656,449.05436176328084,187.27979475786253,447.3429953755909,232.48313378797562
1f1383d7.qasm,16,success,0.2250921,0.181733056592752,22.80124227761702,0.1883552540020141,14.83960084348436,0.18993816321488052,13.516990300419245,0.19309739381963723,15.95338887700174,0.18775404820019445,17.5231625559453
1f1383d7.qasm,64,success,2.1631353,2.192714396429364,21.306291853225883,1.8357439352932512,14.107275116447983,2.013412973760597,13.70406059456558,1.865798957743412,13.504080962299138,1.9177674525778634,12.899052499360147
1f1383d7.qasm,512,success,0.2264848,0.18701906886517655,84.03023940570507,0.1919955384842,16.50062527846189,0.18585597704984644,15.594139441578411,0.19095283101125243,18.883829750021043,0.18486599382142807,21.610867609002323
1fd34b96.qasm,16,success,2.6722234,2.7114108407319595,13.520397007174992,2.6825649285492665,17.152173531352485,2.689196283167561,16.765625938002188,2.6959370156242146,15.525450993913937,2.690382026767909,19.389871395922167
1fd34b96.qasm,64,success,21.079753,21.171709263105736,14.202580194015978,21.094993151536322,16.370922218026752,21.06749617127923,19.75185990717919,21.015753426453237,19.66251118653032,21.099916707426168,24.714592899402472
1fd34b96.qasm,512,success,961.0837074000003,944.0299428111003,236.66572907473636,934.9360254775953,393.0874105479783,945.4572615574007,350.5238064106645,936.6144766706972,305.5704029872564,910.7995246126079,400.63986171059094
20448412.qasm,16,success,147.65277569999995,23.551788237603496,6.646205529864768,14.243606889577142,6.939752761302899,17.897870872932415,5.613100523064898,22.04292631306748,5.622024917962349,23.53457043505016,6.342137712372549
20448412.qasm,64,success,184.3939734999999,11.932225107945593,3.1331327893603764,12.939308011484444,6.917168685772019,14.090488861325397,5.297122963054963,18.519877571493947,4.685134018427998,19.018294645417416,5.764543909087883
20448412.qasm,512,success,148.94883800000002,44.61045863336701,7.856952713057407,11.591490999894214,7.627187374971878,14.434039769959345,6.161768099542227,20.410147641241153,5.2543070034400445,19.251652576943513,6.357116576675963
2059c310.qasm,16,success,0.4773265,0.5787307971658432,0.47581303007998177,0.6018062494382387,0.4233178492840987,0.6159353375359912,0.38037344545681556,0.6248119290428094,0.425338866470682,0.6245973108301306,0.5459091432613166
2059c310.qasm,64,success,3.3123999,2.3913557141491117,0.753054775703284,2.192164053003749,0.9125243930347933,2.14888051182731,0.8546863162705425,2.423681279426703,0.9003783847885326,2.4068025400364346,0.9722480123246892
2078a631.qasm,16,success,2.4060191,2.3618035843101257,10.608410784455414,2.3573077809083522,14.723115883079595,2.363424686344701,13.05029336874087,2.344289204533983,11.844538258282737,2.3657574779501367,15.189756705201901
2078a631.qasm,64,success,16.260589,16.273489458950788,10.716932073781285,16.232465372643585,13.903133544406032,16.1120600435869,15.057430085616947,16.338745554716184,15.943563308990473,16.21998232174318,19.103965407930623
2078a631.qasm,512,success,646.7251833,471.6582904219836,172.40041449771334,478.3784553417477,340.7695423917724,470.1600456362802,257.5868162702682,480.6260543088341,192.0558088700249,462.9677653393,292.0634196065426
208334f1.qasm,16,success,0.1715742,0.3375382523508169,7.542629188042943,0.4009957712296765,7.545295537240836,0.3756465031240367,7.138730000113483,0.4812225859459883,7.086547587310816,0.4296491386150703,5.931123107129057
208334f1.qasm,64,success,1.1387004,1.407069684447574,6.985473433868387,1.2031909512972394,5.602697706358742,1.1440233477589306,6.5547404427135065,1.27907047170978,5.992567109417388,1.3198298695681976,5.648989806175853
208334f1.qasm,512,success,0.18524460000000004,0.5278029188199652,159.5152205859152,0.3567197368596308,110.0601078077693,0.393914398510217,135.59760280697967,0.4073165765684392,192.5809386591548,0.3567339418181748,133.5431550608559
2190b5a7.qasm,16,success,0.21629669999999998,0.18062265059602534,0.24908127377542214,0.17991115428798024,0.21727197748982155,0.1804425087563826,0.22196643759719634,0.181099766685371,0.2458888031243508,0.17889287820364627,0.25045762705200647
2190b5a7.qasm,64,success,0.1627301,0.18057259816004542,0.2724669641359222,0.17755839972999252,0.26340089478522644,0.1770588847040116,0.2771951168304255,0.18039500991449106,0.26799487369020225,0.17640920609490846,0.2778727616230928
2190b5a7.qasm,512,success,0.2115168,0.17793792110225,0.25242408389327126,0.17802159092551403,0.2277132138712568,0.17910103821859788,0.23755987961932298,0.17833512686440373,0.24921785262456558,0.1780489673255078,0.24931756793849977
231bbda3.qasm,16,success,4.4113397,2.4510276913568974,1.3225187613082414,5.670769344784109,2.4715833236943303,3.964426702423651,2.626906802007562,4.15896055343425,2.4651861357507467,3.599248972979938,2.2120799079724804
231bbda3.qasm,64,success,1.1731902,1.3970121549424737,1.8027581303943085,1.9083934237635627,2.999069278614073,1.5631683943568608,2.8671872428429284,1.8116440019036013,2.867867244349845,1.6698312484024733,2.1972256058180815
231bbda3.qasm,512,success,4.424197,5.956690986486711,2.7945231053245974,10.894909042119123,13.212348133233744,10.805678028272705,13.798152963483584,16.56410989464604,20.745513044990673,11.564887648231597,14.541883996510377
235dda60.qasm,16,success,2.3659587,2.3692091966820086,10.73797546385582,2.3676290222664957,14.723115883079595,2.365611228295689,13.124645490661296,2.378434214766962,12.037253556376097,2.3711521449731308,15.189756705201901
235dda60.qasm,64,success,16.3526073,16.36418133299483,10.90429539557337,16.296193875002352,13.772230959270608,16.321137929529222,15.228167096839554,16.298054670663348,16.36982966868678,16.27412706770783,19.103965407930623
235dda60.qasm,512,success,307.20749069999994,614.9039839997167,175.41447804838657,625.618626007418,340.18297606406026,614.4789277525741,257.5868162702682,636.0107272607089,198.953940417863,622.7400781222408,292.0634196065426
24ca3082.qasm,16,success,2771.0450235,3521.1274332034163,8.397860591098546,5053.253493054099,2.4717235775232678,4546.080396845037,2.2524038963795676,4497.064958958571,2.5496098022132316,4779.902346576813,2.429928610664641
24ca3082.qasm,64,success,1988.8930581999996,752.2142102349761,4.77850056184876,1016.553305897669,4.125744833032762,1024.3881099700307,3.6974970175668287,926.9692766278864,3.883352283786756,1030.8464943619615,3.7948669012784375
24ca3082.qasm,512,success,2669.2542047999996,8661.835905005186,28.2157204999682,10703.1625117846,3.500525074123663,7796.959756256442,3.776470571852077,8745.353484144603,3.4678089505317433,8931.318787956798,3.2182293234748047
25e26219.qasm,16,success,2.1708568,1.6533580546590971,0.6399552691540127,1.823638999647957,1.1423642875594113,1.6679423568164915,1.018829559719718,1.6185750016662708,1.130697517397733,1.5690403219018596,1.054561772580659
25e26219.qasm,64,success,19.4090902,1.5545042381006664,1.0193008805019237,1.3428099851530062,2.447548254713501,1.3698579352523301,2.5687778599401234,1.6444189145184318,2.5237685940571373,1.7153590595475365,2.8150975339248188
25e26219.qasm,512,success,705.1982490999998,196.58578140062386,2.548145641025303,189.58540590548031,34.83153818163851,224.17436097894532,49.99021041846529,212.2843521286697,39.522664266056125,240.62832871844208,52.91809630251571
25e5b703.qasm,16,success,0.17933479999999996,0.19411877724358909,0.25167285020719143,0.19381399455253864,0.20827360986778307,0.19555150644492186,0.2079590465980304,0.19593538359220591,0.23204981655267137,0.18906220796456574,0.21710419458308483
25e5b703.qasm,64,success,0.21299800000000002,0.23031903561453443,0.30130901379518316,0.22675770649425464,0.26589540318933974,0.22201757549122678,0.2697419718953465,0.22270773631186858,0.28371476408134017,0.21809565998689712,0.26619027379321175
25e5b703.qasm,512,success,0.17741980000000002,0.19775072558023085,0.3160962056578749,0.18577559888637218,0.22927517352738214,0.19018701284523515,0.24349148839868134,0.1868984162395094,0.2537027673199439,0.18807163339897495,0.22621428656181866
264ca70e.qasm,16,success,1.6579639,1.6435962693308073,5.770781237386349,1.652116861007841,9.945749276077702,1.64187693049246,8.166750391098931,1.6485317249160432,8.169532880814858,1.6469120124033618,8.094882250999468
264ca70e.qasm,64,success,9.2260978,9.487503117325366,6.462376037488159,9.461045435111817,8.801619554283574,9.522075083020148,8.853139410267973,9.4984680647433,9.486333736917718,9.486748717411631,9.863234981466377
264ca70e.qasm,512,success,351.8730803,345.2216327250224,94.90014370155912,344.200748257129,186.68913157144368,343.82752882690033,177.31921027403624,345.8779317530078,146.56515711543398,342.4017180102031,144.74344666496432
27a012bc.qasm,16,success,0.5722517,0.5747768628066949,0.8006258066842314,0.5796194917008435,1.2358070829827625,0.5856901212421736,1.3591072741914236,0.5793624617663492,1.0188984339719651,0.5819017793793796,1.2321916457938982
27a012bc.qasm,64,success,0.4555887,0.45801659720147886,0.8752130098444648,0.4509557564331429,1.024659897670716,0.4514383280518873,1.5241734717662563,0.4524386295389071,1.08193912953405,0.4524296051528371,1.1222741580078501
27a012bc.qasm,512,success,0.4530507,0.46515923932602915,2.284500873165027,0.4579548044262287,1.2161593643481121,0.45774230033443863,1.513680282446494,0.45905675070893404,1.0683325535940549,0.4578260691952231,1.1505622710949523
27dbf314.qasm,16,success,4101.517750300001,3085.2018012242547,71.2881344451967,3044.4450896522253,66.52170424879642,2881.7394091823267,73.25945878508963,3269.5410983071197,61.3000763045611,3065.7152706833513,68.3931186406954
27dbf314.qasm,64,success,781.3788183,2586.2057513836594,13.544396710232862,2850.3081565133116,28.664036250109994,2707.4873052373346,31.782754790596577,3070.040400109305,22.69861284366233,2851.0258011520054,28.516359570894846
27dbf314.qasm,512,timeout,14399.999999999989,14261.758673855049,1831.258874298975,14308.29973485945,1941.0107176957795,14228.24261068571,1955.0911288571565,14204.36477291742,3044.34263820358,14028.9565085978,2737.0699635868164
27e0ec8e.qasm,16,success,0.18189549999999996,0.18589731414114177,1.7815247245443817,0.19033995584408694,1.7995131858185498,0.19161744589199453,1.9358753676016078,0.1893764244811706,2.3076821899823883,0.18963816446014942,2.00719313753268
27e0ec8e.qasm,64,success,0.5226683,0.5945383573601637,2.9702805445450284,0.4919052769795839,2.2672689664791554,0.5359141533420515,2.3298153294711494,0.5199083927710355,2.2940548936206997,0.5559712023235409,2.0884327045231132
27e0ec8e.qasm,512,success,0.17007229999999998,0.19310313542366708,11.934393946852834,0.19159288787628737,2.9326889478994356,0.1867526083924387,2.8754711342109327,0.1944219906128283,3.8550549163686108,0.19243185623826164,3.8660910743264645
2818a462.qasm,16,success,0.1707319,0.39450195657173504,3.4997353379117624,0.2646357752652459,2.1814604719873993,0.25512274132879603,2.630432321124258,0.29647948080764874,2.16513587531053,0.29151651508380455,2.2707109704213377
2818a462.qasm,64,success,0.532209,1.0334796895252332,3.479647087298169,0.7904885436444296,2.2344220174338587,0.752340119049087,2.532811113122379,0.7287200902390646,2.5075857887091715,0.6982253713419481,2.243083495701041
2818a462.qasm,512,success,0.1782918,0.6668335656282697,6.856203346011038,0.2731788476910179,2.392758317393023,0.2806816414237878,2.640431505147891,0.3247021518535091,3.8977860625253045,0.3157531918890538,3.846193995668928
28f914b0.qasm,16,success,0.17556589999999997,0.22621467665906503,0.5295981603730929,0.4216583081162654,0.6771400228009163,0.3830693040309794,0.5761479387116736,0.41709769188458384,0.5665352934443757,0.3734456394765664,0.5785607831761379
28f914b0.qasm,64,success,0.3044709,0.20774543883389135,0.5041683473799848,0.2829265533922594,0.5662777327492831,0.28964672055573604,0.47560774836877656,0.29485984415741956,0.4774310229851812,0.2937463604975322,0.5007398023698431
28f914b0.qasm,512,success,0.18904039999999997,0.2326774388631905,0.7337333185379115,0.44055882765851656,0.6169922371500889,0.3904327144440762,0.5534650418135438,0.4030285769986141,0.5509705364420197,0.4048416373914008,0.48221173620821633
29886bb3.qasm,16,success,1.1166224,1.0744183774127585,2.161236088609384,1.0755353242439953,2.864437324289435,1.071800049842538,3.972811671116249,1.0916273243756112,2.5505109124312764,1.0786612562764448,3.313490370937817
29886bb3.qasm,64,success,2.2984934,2.2094207346577655,2.9709025229757153,2.2404004300942075,2.6622462912152196,2.2609024418983865,4.030502307194333,2.2165158675247367,2.546541017164249,2.1858308522475074,3.3849267862092196
29886bb3.qasm,512,success,24.0384279,22.369372541305946,18.444593838985504,23.1103849657037,30.314370283534842,22.33625835205264,33.160571466567,22.890761322675694,19.45963397044005,21.59593964853103,23.10389021050724
29a887f9.qasm,16,success,1.282956,1.7363632067236858,0.6153433649744388,2.485742404487228,1.3425568379079154,2.7456588989505266,1.3852873807857153,2.3884087671617027,1.4106145391164604,2.5163421766606167,1.4492314429667001
29a887f9.qasm,64,success,0.1893478,0.9553815539669698,0.9506841471897234,0.9645732501663746,3.5552085387801386,0.9144486404488443,3.710948010105513,0.8981704619166622,3.8331639195693192,1.05420527526761,3.738209802904763
29a887f9.qasm,512,success,115.45068950000004,212.08055215313536,2.2031168709487567,298.28107395831375,36.68121704433482,284.20622896384293,75.35548403766919,498.66179639147856,65.54360764028053,445.51364569068716,75.7363286302179
2a04dd73.qasm,16,success,2475.065750599999,1933.1204523013112,66.65911742419563,2008.632932671791,65.97312669323021,2057.088337750647,72.16594703312082,2183.800589273663,62.50630210187819,1961.8639132353276,69.64929849219209
2a04dd73.qasm,64,success,4965.618169699998,658.9534426734757,13.195257216746786,749.5701776431218,29.313898935376276,779.4271266735987,30.875252168377695,783.6072042454306,23.478328200689244,718.4516862015261,30.485317662417447
2a04dd73.qasm,512,timeout,14399.999999999989,12980.447941115071,1919.064395218085,12986.097251112473,1995.8508579210568,13378.472322472808,1837.2863667066406,13692.398550042284,3155.2379544777814,12726.695622713472,2676.9885017253955
2a0e53ef.qasm,16,success,2.3114425,3.3615979351547502,3.4816462807571167,2.887653847252046,2.6170562273823994,3.003490620515347,3.0224293220007894,2.684147270450094,2.586008716044626,3.16825833620318,3.2010162290361355
2a0e53ef.qasm,64,success,7.718355099999999,9.232461377685572,4.040975415302656,9.165475703923542,3.1976086675257376,8.421605832163934,3.7855038665699454,8.97844443579214,3.696100524274508,9.76280474067901,3.3969076095661417
2a48defb.qasm,16,success,1.2252849,1.3939340440632089,2.0405860842289547,1.3451742831565021,4.258270298117495,1.2698380957622717,4.215296163476686,1.46404465022577,3.188761059929044,1.3504649548145171,3.1836847085980953
2a48defb.qasm,64,success,1.1154698,1.4367352999190262,2.091025120107296,1.3869983368559329,4.283881955272684,1.31206855613363,4.335730170381023,1.5296956853938615,3.216376863021671,1.3684269455709195,3.3018074342653234
2a48defb.qasm,512,success,1.0666831,1.4647800534320072,2.1893415085603456,1.3687747584891303,4.256551422708103,1.2862724238197856,4.4059272728903975,1.4883510792964614,3.2882321635211786,1.3983265021041305,3.3373104529337234
2af6859b.qasm,16,success,1.6940842,1.6875721284708438,6.601033594460281,1.689751720769874,11.550895817761514,1.68893364309831,9.916823860536256,1.6828370263238404,8.566212250780483,1.6914183982940472,9.438675290663145
2af6859b.qasm,64,success,10.535087,10.468900812537196,7.528441686939137,10.499259057600383,10.407817488924957,10.479125688705837,10.396973191952737,10.518960692790653,10.047673540482393,10.489632218683777,11.372374527897763
2af6859b.qasm,512,success,406.7180611000001,406.14777087035895,104.83713838680416,405.6599605004422,218.99325846278512,405.67457960527764,214.38140281883213,406.7788200090559,173.25899237738608,406.30130033930544,180.7829916730302
2afe3d2e.qasm,16,timeout,14399.999999999989,3470.3571109811055,11201.508270973787,4479.265575330112,9729.99833184888,3728.614486226108,10456.23033559062,4520.973695333999,10387.959030243153,3687.8178562084568,10324.358698760447
2afe3d2e.qasm,64,success,42993.98471110003,2224.258917180618,10629.20570042677,3180.488269068607,7447.011223187567,2656.988484388168,8842.024558929186,2764.6185680080553,6946.3044585139,2066.3972235028573,8569.019484056906
2b148d98.qasm,16,success,1.743242,1.7239671784427586,8.960489989609634,1.7298523244806816,11.273157049783181,1.7273914866019306,10.199971486054366,1.7251567514666792,8.252099972954523,1.7225725769853892,10.77712811006829
2b148d98.qasm,64,success,12.223726400000002,11.930722861392848,10.04754797552071,11.92749521094069,10.51873525663984,11.960956054389237,12.731323358573064,11.83751044432951,10.849665454450385,11.871629831452331,15.335949154851143
2b148d98.qasm,512,success,463.92748639999985,462.3180631921398,198.56035760357037,464.1737774279544,318.359166766859,471.57716149157284,264.8117689889775,464.83724547978017,191.79072904584078,471.68239543541137,240.45184299415735
2b2951ed.qasm,16,success,2.0077434,2.0021637420351417,8.237663581995823,1.9995162496426326,13.167010501377096,2.00206981668831,11.056107094473312,2.0011589141431307,9.961056353066574,2.0034539645018965,11.937860747042462
2b2951ed.qasm,64,success,11.446549900000003,11.295111411175002,9.556545638761095,11.360380365859944,12.309829332631468,11.360267091976597,12.076239155930795,11.247995431842536,11.542963653538509,11.284066767910511,13.757132147379824
2b2951ed.qasm,512,success,452.89710410000015,440.59104833894986,136.2088382246356,439.56410590851056,298.87464433582096,439.963190956764,240.2574120392656,439.86851973435597,187.27979475786253,440.39166672654363,232.48313378797562
2bc3295c.qasm,16,success,1.2265953,1.4873642376272977,0.6691024145107415,1.4346493244919594,1.1030163663280006,1.5983872076200534,1.0835592104416012,1.4994155676746073,1.0774801718951752,1.5946295245775421,1.127562769439699
2bc3295c.qasm,64,success,2.2849539,1.0823622292369883,1.0215586742266909,0.9870221095932993,2.324644442263575,1.607856977854599,3.054165078761485,1.8587487733930463,2.5490075414148783,2.398669981182702,3.279113977563839
2bc3295c.qasm,512,success,247.46428770000006,102.58708250381098,2.7158205845804275,110.4233467339017,37.41184265681183,192.6672182809923,60.892470090969766,211.06978621744398,47.83181848398499,228.63561987688186,69.6203444519936
2cbfff1b.qasm,16,success,1.6880952,1.6172205529475334,5.598787003861798,1.5965922587312285,9.453367954553585,1.6045381788215434,7.679345890637439,1.5932702397140583,7.94319929779863,1.6130306346223493,7.795682343737577
2cbfff1b.qasm,64,success,7.727305599999999,7.750945522382502,7.093823531855971,7.743047342258642,9.056506130817093,7.764565286436498,8.147387632223007,7.693996298743879,9.316484833791884,7.7148405850332225,9.68987649731166
2cbfff1b.qasm,512,success,262.0564581000001,263.2440383014187,85.22931551555577,263.24947979939463,184.16025081325049,266.1188571560394,190.68561952252622,266.4366578460995,125.32606864501037,268.3554890913672,135.86481361752485
2cedce95.qasm,16,success,2.0571062,2.042961216837192,8.445217332608689,2.034386352502106,13.739894307685358,2.0440003742600097,11.854829319191804,2.035430582287234,10.087513476154317,2.0420226050421433,12.044290485749627
2cedce95.qasm,64,success,12.120102900000001,12.152474488287496,9.882415124504218,12.061513879902817,12.706920840697418,12.042249091697121,12.837340862986807,12.090245386011228,11.860053690756505,12.059863685254584,13.926377891758708
2cedce95.qasm,512,success,487.45001670000016,495.1954337879295,140.93761354913636,493.18332099322475,317.9115018140624,492.2069881578632,260.1633673710803,494.50641527407885,188.02224419620146,493.6192012456131,233.49442073575176
2d399444.qasm,16,success,0.24198299999999998,0.19085290976085031,0.32086215335067897,0.23676103915654909,0.2587262144351336,0.21092843182684437,0.2494201314862324,0.19941219970250257,0.24653552024783412,0.19846587902170224,0.24446617589805092
2d399444.qasm,64,success,0.174648,0.184264123031724,0.38211087255233434,0.22617043470945303,0.2784971007158445,0.20060363800598818,0.26714110371343874,0.1905879780854882,0.26733164681060145,0.18807590285763612,0.2796170433947211
2ea1bf91.qasm,16,success,4.1367724,4.7185392931484476,3.590697933761275,4.903013285726483,4.096524335639342,4.81634798017818,3.3110364655167044,4.828881977381795,3.511770407597856,4.740132337833466,3.028002894049104
2ea1bf91.qasm,64,success,0.1732643,0.2551821321925925,3.852501463998552,0.23904823116297746,5.417183799141182,0.23474603157246826,2.7366338580959804,0.22819306313254253,4.600138617152007,0.21651854973931112,3.3855311835366586
3026aed7.qasm,16,success,2.6565661,2.701685471723011,13.520397007174992,2.6617503443407733,17.34650267685444,2.657744628949117,16.765625938002188,2.6868228839761876,15.525450993913937,2.6754928434817145,19.389871395922167
3026aed7.qasm,64,success,20.9371593,21.411090024876845,14.149019948085469,21.173856779429574,16.540823535484467,21.403668129026038,19.571219904174242,21.05641526499029,19.66251118653032,21.07956844959757,24.714592899402472
3026aed7.qasm,512,success,976.3809184000002,1032.0971217890342,239.01197143083533,1007.929689365873,410.84757985926,1024.9952742890534,350.5238064106645,1045.5120825540503,307.7484173517117,1009.5532496895559,401.93119091509357
306ac152.qasm,16,success,0.1732208,0.20972737767240984,3.1747088087912716,0.2020514678310429,2.7991027798997457,0.20586717069261112,3.1918107799391064,0.20642982770398974,3.0504129474690402,0.20616439409918205,3.4221317049307673
306ac152.qasm,64,success,4.8258445,4.656914032372048,6.126088086899713,4.710693766676946,4.715865685577139,4.717535246404784,5.273079833628466,4.686795274993899,4.098740290677266,4.563960609336941,4.196138676025391
306ac152.qasm,512,success,0.19620739999999998,0.2006256388623741,39.463433599592115,0.20527819237169312,6.675987923237877,0.20645177548292776,8.87920179733722,0.20812622143322204,6.933112583594254,0.20299797834241753,6.902671653116346
3099a023.qasm,16,success,0.1891862,0.23638882882572937,0.20661808433840181,0.22284431155739554,0.1977089474885826,0.2134226875149286,0.19652712459454835,0.22521568128124525,0.18833190043987982,0.21770557310184743,0.19409867920669618
3099a023.qasm,64,success,0.1662113,0.2449570818480576,0.23207003616701596,0.22903500070787136,0.21433820936317205,0.2307974440435917,0.22928445872673436,0.22751938711469782,0.20780342841243601,0.2384316273083281,0.22823111831197518
31b8fb3c.qasm,16,success,0.4341455,2.3517864556001666,1.3610039948731105,0.857026490428417,0.7263784384788363,0.8822974098933791,0.7989359625871342,1.2342875173396115,0.8166780988724085,1.060229396393736,0.6347717856964344
31b8fb3c.qasm,64,success,0.7438204,1.3180167228076318,1.8293238867676611,1.3444680371466566,1.3125320931008795,1.1985793062378782,1.3882180804853765,1.3700866132603906,1.2434642238766072,1.2987547906593577,1.1631602418399654
31b8fb3c.qasm,512,success,0.4242436,6.282444586404766,2.9927580774528306,2.00164209803021,3.266805833468129,1.386597025481236,2.7753181925372368,2.308594665701611,3.1058871706026645,2.01835346986674,2.232977771514581
31fd025e.qasm,16,success,1.6643892,1.5400568429087929,5.603185006711228,1.5437992202903865,9.49915185605489,1.5403725411859488,7.679345890637439,1.5408490542668325,7.94319929779863,1.5392749430291839,7.867480131629636
31fd025e.qasm,64,success,7.7553806,7.710685707480992,7.158679015045744,7.708129164831961,8.953770474005882,7.7244358290534025,8.147387632223007,7.7318074899200635,9.316484833791884,7.712287841588474,9.855070456151035
31fd025e.qasm,512,success,267.4834676,263.0440252857601,86.52207917820475,263.4807778212447,191.22653458858764,264.4866721541219,189.50689185515782,262.3556650015523,126.662548294616,263.3161143704729,134.36305535686677
320de9fb.qasm,16,success,31.2115921,37.27099837399829,35.76729807868192,67.88850139611944,54.870306022257324,53.353131424993904,64.06687860508048,49.784373238576165,63.7252696269783,46.77750939150973,72.43711645455001
320de9fb.qasm,64,success,323.8165090000001,28.8233719600103,18.321070898423425,52.59140483514146,29.065134743063343,30.929549435099567,31.77149155885874,52.62041099997158,38.23482220963764,40.75480894361305,37.80086031947095
320de9fb.qasm,512,timeout,14399.999999999989,214.50664330786353,85.41652937914964,1389.035472600044,266.6688850651911,781.340865919063,350.15237137301534,1404.3170649083047,376.9972387036004,1111.2116249432677,402.12352755672435
32de9cc1.qasm,16,success,1.1081809,1.0842366146424065,2.161236088609384,1.084305011063927,2.864437324289435,1.078962181103198,3.972811671116249,1.0832439638262923,2.563745882230404,1.0781795965851864,3.313490370937817
32de9cc1.qasm,64,success,2.2914262,2.232599421280552,2.9709025229757153,2.257924877306431,2.6622462912152196,2.285064825645816,4.030502307194333,2.2566927299639326,2.546958233736577,2.275696071941089,3.3849267862092196
32de9cc1.qasm,512,success,23.9661902,23.043553924845888,18.444593838985504,22.893648199218077,30.314370283534842,22.70571829540487,33.160571466567,23.16339316398043,19.657346926819013,22.792760948223247,23.10389021050724
32f44532.qasm,16,success,9.8694186,6.835933485963375,5.472421918265148,6.052791092332126,5.683237098039346,5.957543784983982,6.275355805025474,5.4059499811594005,6.564005354774692,6.307874934307386,8.071908346018153
32f44532.qasm,64,success,0.2578694,0.35128012004693837,4.2546039796307245,0.4232555464580481,3.927061329560827,0.38343112344067654,3.3406941516187985,0.38517269229880224,5.244195925838692,0.44889327171841037,5.259933072301202
336f664c.qasm,16,success,0.1830161,1.1862454579933053,7.284240714747819,0.3400827948661816,7.853771404430951,0.35710323703572766,8.332387738551397,0.4355943983026763,7.02431116421663,0.3854296860514294,7.020901019393617
336f664c.qasm,64,success,0.9599532,4.113952224491383,7.881335404752365,2.3135662514825754,6.760487083035519,2.1920144216849122,7.80437930033635,2.557421820251438,6.710160938509105,2.336068344033943,5.84311205578369
33a2f9be.qasm,16,success,1.0288815,1.0459769795512774,3.6235404455325853,1.056546312969339,5.363943825943498,1.0502336540209165,4.990292522344829,1.0568688339404422,4.076712457297992,1.0675071637813625,5.679271665139297
33a2f9be.qasm,64,success,4.3299639,4.289881088787089,4.80763403196622,4.304645205621224,5.72476655806888,4.282956915020306,6.462680518627875,4.347404781782278,4.860384096945752,4.256611405156276,7.469644137286647
33a2f9be.qasm,512,success,94.16065650000002,95.63254001123325,42.37025090384578,96.63776833918706,99.28945507566712,94.1790693544491,119.15298147529383,93.75439128219894,50.397098986725055,93.34733539970395,74.49277210627653
33c62fb8.qasm,16,success,30.588287800000003,164.0610300268832,8.171707161983106,38.67508562071826,12.219113289298983,42.173786562040185,12.809413461341672,39.51876920481566,9.403612640692002,38.368591035181026,8.802559109210268
33c62fb8.qasm,64,success,12.3254206,23.846286730733826,7.115876369718874,16.21664965636393,11.329421148543025,15.048119573778195,11.80762994556862,15.375611579695237,8.59116827213239,16.257534199931744,9.697914433276956
33c62fb8.qasm,512,success,30.066362499999993,133.60832503756666,19.726050293227583,16.914851915852644,15.288397751873596,18.665519498897883,22.69755192654993,15.736946622622575,16.48243064774091,17.310633206831167,20.723475134364666
3436484d.qasm,16,success,1.3751076,1.3960229665914272,4.189746302142057,1.4028984455383142,7.306603159958491,1.4157287051333303,6.4073019596619165,1.4052266889860971,4.800262039434288,1.4070047628216003,7.188007679028834
3436484d.qasm,64,success,5.724491800000001,5.709707323008333,5.58634745307788,5.724746051348582,7.43048934533002,5.750237773876816,7.61441232774773,5.744205777628795,5.634438595029133,5.733491794469982,9.021425973889118
3436484d.qasm,512,success,133.89079619999998,133.94661624680566,60.93352042185102,132.82717539625483,148.85584648371548,133.4355723387229,149.74968755072817,132.82109727689988,76.1553834748583,133.8843920941978,97.51887243953044
36d0ea8f.qasm,16,success,0.21199920000000003,0.18736530897451037,1.7717178428773022,0.1903018331838338,1.7995131858185498,0.19136758869752427,1.9207985432363697,0.18979536192954172,2.270078640952504,0.18967072485700276,2.00719313753268
36d0ea8f.qasm,64,success,0.4986337,0.5921676996653342,2.9702805445450284,0.4919052769795839,2.2568967969354827,0.5255168776148147,2.3292579913130003,0.5172648780398089,2.2674142999409472,0.5482644838546807,2.0884327045231132
36d0ea8f.qasm,512,success,0.24181749999999996,0.19512697685432234,11.809593646311408,0.19159288787628737,2.9209693105227,0.18741707997155194,2.874783264333231,0.19467071382578627,3.7910350056437467,0.19198288208274664,3.8660910743264645
36e23777.qasm,16,success,1.4011911,1.3912915477853984,6.154676280055098,1.402550725283529,9.525887096260599,1.3827741318649132,8.006010274608773,1.4063355609061154,7.365612299399242,1.3914816382941486,8.752573067982635
36e23777.qasm,64,success,7.946151799999999,7.896883547686193,8.437392805943565,7.964993516702464,9.517711997018601,7.876060684486348,8.800402437171565,7.944628281093711,8.705014528529064,8.0472279276139,11.017141819768362
36e23777.qasm,512,success,294.89537780000006,281.96079979658333,118.79108791018372,284.8544916794299,212.0408786178089,284.0556988940548,209.66270805941633,287.399178235305,132.61990629915314,283.83789559203143,148.1575866997383
371eea68.qasm,16,success,0.1772997,0.38334279497129403,0.3549893234478878,0.26205679233142615,0.22433829482607642,0.22826741382176946,0.21146268599998652,0.26703777595437594,0.2467137420674735,0.24694960884672199,0.23091228203958317
371eea68.qasm,64,success,0.2752777,0.6210643733185169,0.6793577735260089,0.3794399628364306,0.5208206482028608,0.358085776545587,0.4882864526385255,0.42500950157759926,0.5125902290692045,0.36592204699077185,0.48177946113854825
376d7d92.qasm,16,success,0.1843133,0.21302478037493527,1.1186029627717826,0.20539185999867512,1.0845158533523056,0.19974391166163336,1.2959341253958803,0.20271768641873394,1.1851824618162161,0.20213595256414993,1.3864187178806757
376d7d92.qasm,64,success,2.6315011,2.399317607395931,3.2237974435577588,2.4200804917364516,2.2760885287123678,2.3158949824318653,2.486765106814892,2.347162617079451,2.076339694336222,2.2591984342023235,2.1120546963788156
376d7d92.qasm,512,success,0.17325090000000004,0.24551862128445337,2.9776752592059994,0.20043645532456353,1.9777073680305457,0.1944886332847066,2.399836963383756,0.1977166132002985,2.1790166430794167,0.19417665836109568,2.7541512315935455
37bd268c.qasm,16,success,0.2436995,0.2527595570827454,26.749538268329715,0.3167981414421557,17.876198758143587,0.39631776735357643,16.580532886079837,0.3407079271378819,16.068022127018107,0.41264046559691536,12.139093092510764
37bd268c.qasm,64,success,1.1299787,1.4763260098131537,13.81494888233535,1.4530736161919848,12.050377497443634,1.6721571737609642,11.458494560968786,1.4994270357947583,10.672192964572096,1.6486585292530507,8.537995402134884
37bd268c.qasm,512,success,0.2388701,0.3076136934463298,49.24820163188303,0.23625905013233545,28.035154869681513,0.25018598574691514,31.724140754551655,0.2554220964473362,33.17988931779764,0.27303363029188016,29.3931356366355
3814b0b9.qasm,16,success,133.23585000000006,135.63018392875966,63.763856201458765,138.55105178857303,29.71209699797664,132.92650131805834,44.56177847584292,132.98243945460536,24.050951914311725,132.7925210255242,31.689125579191902
3814b0b9.qasm,64,success,255.78723799999995,161.31355752081026,9.963511716897756,174.40631573110394,17.500920712115306,169.53533830114696,23.016632663221618,163.1436412251801,13.950656453154085,164.58775294853655,16.081961469869242
383bbcad.qasm,16,success,0.18195030000000004,0.2111388491770894,0.250465363885244,0.21140254259027857,0.20657147628791145,0.19944866199916822,0.20604207481503922,0.20353238345502808,0.21837552661964754,0.2015413329475937,0.21688804899920766
383bbcad.qasm,64,success,0.6394028,0.5365202332599118,0.45878450209428434,0.4790934956502316,0.38193891610501995,0.4820111842172204,0.41173987743698,0.5002566671094624,0.3781694971580582,0.4690287474624426,0.3912038609848267
383bbcad.qasm,512,success,0.1866326,0.2225809039798036,0.27442590946656414,0.21582239061837605,0.2506260707060502,0.20685927369159993,0.2510592047053678,0.2104720426584697,0.24040011860476876,0.2070045054173988,0.24596795179364664
3841ff5b.qasm,16,success,2.0053667,1.998001689243648,11.61449371433627,1.9982329981069153,16.089611274033633,1.9925365887529238,13.705350804262409,2.000575203244752,11.943686538062163,1.9941188142483819,14.941077615931041
3841ff5b.qasm,64,success,15.528729499999997,13.35392146097333,13.228027891170997,13.011421752180482,15.7405844274267,13.346365256588257,16.991699598310348,13.037411950262333,15.70644368115903,13.19408291843995,18.888148185159377
3841ff5b.qasm,512,success,698.9163240000001,685.3665646204337,248.3767159528131,673.1891978376639,444.5365683080091,685.8692280809519,363.1159336308077,695.2578388950577,267.12432398165737,696.9812783760161,327.37270441630073
385fa1b6.qasm,16,success,3.8934353,3.699177552349673,4.860721809834653,3.042444499229599,7.4918057420631525,2.8162394393309853,6.472522302756853,2.7269360028836513,6.6359154295435925,2.952963470503337,5.203544320126164
385fa1b6.qasm,64,success,3.5853261,3.879239376611882,5.130201797049932,3.2120111079792064,7.643290307289549,3.121179925057834,7.076497368778711,3.154298488120362,6.985590353195428,3.2096349414378498,5.512928347991754
385fa1b6.qasm,512,success,3.8160909999999997,4.320829558571337,4.770258435473329,3.058574060862773,7.33512897953007,2.9497427764475717,6.799884343816267,2.904280608550328,6.41448663759033,3.002201965851282,5.260680218488834
386534f5.qasm,16,success,1.7916922,1.7937497198998664,6.624866300264001,1.7971446021368251,11.30551589050046,1.7969110856806472,8.834647484035719,1.796525112781545,8.349128273935062,1.7967243786832066,9.033768371441054
386534f5.qasm,64,success,10.0276048,9.971436594056623,7.5145281746148,9.975301110936634,10.37702850427451,9.909462929772157,9.475652924468497,9.969026755026013,9.539551516723167,9.954271127668292,11.010492971334251
386534f5.qasm,512,success,387.70292720000015,373.67704164912897,105.84791051945797,371.4511145334613,207.2430826970489,373.5812185434671,204.22222350728984,370.02822706561597,159.92919828564413,370.4253042887902,160.00913787688287
3a8d3e53.qasm,16,success,0.2819158,4.588607800709009,2.6301960444942374,5.153182836196702,3.571903860701469,4.535084403999725,4.117505433032845,5.39922176450108,3.2836809309652115,5.058969598669999,3.8949381796643814
3a8d3e53.qasm,64,success,1.254632,4.6482871681062825,3.0170388982289156,3.445458579092097,2.8172154855563227,3.379595932166097,3.511008660891085,3.8345901828975006,2.5852151385706383,3.6116771236662704,2.8831091576536636
3a8d3e53.qasm,512,success,0.2745265,5.581143340280957,2.8697649543312584,4.3058300596635695,3.1066754339212403,5.0644416914509565,3.2823369606115977,5.549688605032914,2.718027030095613,4.777417440378452,2.309275017051532
3be98d6c.qasm,16,success,2.6949336,2.617440508230755,6.295806551563258,5.167797475270823,6.8221614529245125,4.669968113497688,6.780639074860742,5.15841378714558,5.778057966072712,4.201319678340982,7.059603648902999
3be98d6c.qasm,64,success,18.448310400000004,7.77223576038054,5.9919961786515215,10.68634525796699,5.227442548075985,12.448577158624735,5.664611169788173,11.173481074429862,5.751702853222487,10.164066104905036,4.569213601157144
3be98d6c.qasm,512,success,485.3121658,10.104270718670449,37.920441404889374,321.17362354182603,56.99194744917143,298.1515858798072,46.25816641264392,257.12901017958495,70.15804747681682,243.64672981564115,79.24283251230837
3c1f4948.qasm,16,success,0.1785881,0.19611491990288044,0.21273834044649226,0.21308384836602878,0.27411418870607746,0.20948446616528307,0.2375662000161751,0.2193042969557587,0.2504110797457078,0.21109119315324618,0.2560770087136424
3c1f4948.qasm,64,success,0.21056039999999998,0.20519777793677635,0.26411324479940446,0.2037557693830161,0.27166959267468344,0.19401865718029404,0.2848174082445709,0.2078466364751776,0.27243881642920303,0.2034810843177222,0.29246139165185137
3c1f4948.qasm,512,success,0.17540579999999997,0.2225639189200384,0.22225435989145076,0.19906921578208184,0.22178356806130317,0.19236991311402762,0.22190567113419543,0.19940605898890132,0.2128973675225201,0.19439525130671076,0.21479051627592177
3c2f55c1.qasm,16,timeout,14399.999999999989,28.860617231931617,75.96592198002544,43.424411866259895,135.17841490506166,31.590627074059203,161.38930961535536,47.83082418196972,124.52322942713533,24.451792307188917,119.78666638985592
3c2f55c1.qasm,64,success,10512.19065499999,22.819398619698532,53.918364580277725,52.39519680010722,127.1947849047231,34.078839720191894,113.00961360039675,45.6867492470166,102.69904464293882,34.25775661400085,91.6584259723231
3c890561.qasm,16,success,16.929373900000005,3.377684306381908,1.23946468322715,6.72261388787365,2.42771891623585,4.360266358289749,2.414297164102547,4.838134741133494,2.3833192639790304,4.176038117714521,2.0547964281673994
3c890561.qasm,64,success,1.2557023,1.7250489270412441,1.7899793897378276,2.297314407600996,3.0657330499582898,1.9147436624643668,2.7012171085147108,2.045026840117952,2.7696187863823845,2.0276549183880093,2.0713100380730074
3c890561.qasm,512,success,17.211887000000004,7.352987489343286,3.1967702717004722,10.37611453511127,12.304016226408468,9.548593722041389,13.859446558903732,13.656329217927778,20.382638500465504,10.281045394163927,15.526833321966496
3ccd19ee.qasm,16,success,2.046703,2.0651543341039993,8.445217332608689,2.0633536573523745,13.580178596933882,2.0624558030481204,11.854829319191804,2.0641263229330358,10.087513476154317,2.0641641479893513,12.044290485749627
3ccd19ee.qasm,64,success,12.164556399999997,12.06702401475049,9.882415124504218,12.080183801089742,12.706920840697418,12.117699937943943,12.837340862986807,12.130107102561052,11.860053690756505,12.073536706635421,13.92386983851357
3ccd19ee.qasm,512,success,483.04813420000016,489.175721351504,144.478748665119,490.10289210000695,317.9115018140624,486.3135647780655,266.36354106578654,488.61505638721303,185.67823614489058,486.15479706868433,233.49442073575176
3db115f1.qasm,16,success,0.2136195,0.2074487801038269,0.21218180484432786,0.2524663388706009,0.2689475359475287,0.22917397204714618,0.29345759777094393,0.24588900092458488,0.25708670450549653,0.25391648558522645,0.2851861157426181
3db115f1.qasm,64,success,0.2706139,0.43391269846264263,0.44696407229943863,0.4862968843145096,0.556255222226106,0.44615381066486165,0.5559890216222947,0.49999111827625325,0.5502520338525241,0.4468340271879542,0.5891255199120898
3db115f1.qasm,512,success,0.17478360000000004,0.22599930401306947,0.24402923713853078,0.30301679685039357,0.3696580062967773,0.40352922100111593,0.31996393565033227,0.3452069388840384,0.36367626847881057,0.3343342840852193,0.3483995997626266
3e2fde05.qasm,16,success,1.4735673,1.4387017019621398,5.719629421766723,1.4446365496530067,9.040477319660324,1.4398055437488364,8.062854836854388,1.4374487446305504,7.737391108971323,1.4397677673786375,7.891266428206421
3e2fde05.qasm,64,success,8.440909600000001,8.434928207941535,6.817758865210951,8.51081495797523,8.666394092559493,8.48533830023488,8.576371990344391,8.522584955404591,9.411137845693283,8.525821479129542,10.085312258631422
3e2fde05.qasm,512,success,314.5541481999999,308.660617037683,86.05618995390047,310.2940500447055,192.8500156781901,309.8371205715324,165.41479136035917,311.35527566710897,146.60642064917525,311.1909129251586,130.48516820223256
3e730381.qasm,16,success,0.1677842,0.18946638930688006,0.7423101615600919,0.18164608650378097,0.6837296599468226,0.18152817524668197,0.6928408319470041,0.18976527166953905,0.7147536621513755,0.19129161557338034,0.7091665409667898
3e730381.qasm,64,success,1.4118832,1.3955504830942165,1.793288180750185,1.518873358329898,1.372542938680981,1.5484488111844115,1.2116034206942083,1.6102260228469354,1.5389177226543727,1.717282731680156,1.2954840289406908
3eb6cff0.qasm,16,success,13.542158100000002,54.944330231857954,7.324444344579581,45.491256149150935,8.416542258534257,38.96237448661718,7.352635600613319,34.93249134536285,8.41199276931478,46.220390638794534,5.868362537648283
3eb6cff0.qasm,64,success,12.568248899999999,45.75118211873346,15.139039038116817,36.547658104668336,8.271847054805479,31.544795089143207,6.864921129871866,28.431909634254342,8.792502925183461,32.80667043077848,5.7309197045065705
3eb6cff0.qasm,512,success,13.965547100000002,11.123482942487257,14.503917229418766,5.328209057653094,8.792899296221067,5.360050015847703,7.899125703966709,5.994372306947839,7.259173227948845,5.776402112048177,5.240913334753601
3eca4614.qasm,16,success,1.7950401,1.791915979778605,6.603814089824711,1.791287813945645,11.456362795525566,1.7908991193737092,8.90038866873279,1.7912518700375397,8.349128273935062,1.7900304388124277,9.033768371441054
3eca4614.qasm,64,success,9.9800103,10.003128190392909,7.553199057523334,10.00796576632495,10.358921094929919,9.98565099044264,9.57061166254026,10.004139300909554,9.539551516723167,10.00620240817534,11.010492971334251
3eca4614.qasm,512,success,372.2380488000001,380.3365240468084,105.84791051945797,379.7809766412255,215.19506161946097,380.3873444055213,203.7138754033308,382.5088388460826,159.92919828564413,380.1483178008168,159.36437176503668
3ee85ccf.qasm,16,success,1.0895266,1.0991146398756793,2.4375608544709104,1.108378261587104,3.1837076939379094,1.1071289499737824,4.251031645973624,1.101139439759663,2.9192355803443655,1.1087175885809644,3.8046984532610026
3ee85ccf.qasm,64,success,2.564209,2.574224888984336,3.366560345582469,2.526015605361568,2.9396214446504247,2.586803453839195,4.5273843561852285,2.559019624757902,2.867158397652672,2.5797627618623995,4.0233724923197
3ee85ccf.qasm,512,success,34.452299200000006,34.27599175893687,24.92933223986449,34.47143456443504,53.066574935540736,34.17508065794491,47.06076573426708,33.81855021579582,32.7177577619515,34.06740472610262,37.6940106588634
3f072f57.qasm,16,success,1.2063047,1.1421844989581176,3.6235404455325853,1.1366854205364094,5.363943825943498,1.1339620927360805,5.0322134146228725,1.1347503654824862,4.076712457297992,1.1356888676795653,5.679271665139297
3f072f57.qasm,64,success,4.3106777,4.256232011337091,4.80763403196622,4.271068763122257,5.72476655806888,4.27161202370169,6.416830697509307,4.283909913691689,4.860384096945752,4.2942521560672064,7.469644137286647
3f072f57.qasm,512,success,94.2666482,95.33079114037511,43.302080855876405,95.72836169666174,99.28945507566712,95.06451341894424,121.9926171582653,94.03637966287627,50.397098986725055,94.04189226287203,75.12844353074203
3f858470.qasm,16,success,0.4377763,4.046882737004048,2.5823536606019437,1.4455915871691882,1.0480458318577122,1.2145020518209755,1.3597752537295114,2.02061956957115,1.7712786195186994,1.6999201380619906,1.5446107309478552
3f858470.qasm,64,success,0.7186984,1.6701101582737408,1.8037576156106017,1.4636070176333158,1.4277225124943551,1.3403710278033463,1.5784243016631196,1.2434692837863992,1.4192262562428892,1.2769107435987213,1.301754239834345
3f858470.qasm,512,success,0.4335088,24.01533322080291,3.1627170982251687,1.7635425849852047,1.0388846716702504,1.2725547549430702,1.1454121822134646,2.536809143242169,1.8807342307544377,2.363137971468788,1.947193061763583
40b719e2.qasm,16,success,240.8145595,242.77721660294284,66.93930831778941,247.5867318494706,34.681310021362144,231.1067560272183,48.13266733400068,252.6905744682151,28.483996648153934,213.19755922967084,37.18526940657597
40b719e2.qasm,64,success,419.87369199999995,229.42047391138297,11.226957449259002,243.71605740072263,21.71957473418682,281.6084870512057,25.78190513130688,254.57109768836338,17.59878910523371,255.01567670143896,17.02296559490995
40b719e2.qasm,512,timeout,14399.999999999989,12926.938808490477,1101.0156988145416,12684.286859774451,1127.0393321015595,12877.967004710872,1169.308869035447,12876.83572837727,1660.303159502598,13266.804257190932,1463.1232394606145
40e78b26.qasm,16,success,0.1820556,0.25658304644527014,0.2963203924660223,0.21256676173235303,0.20414356497433925,0.2110870128344095,0.1974382060303507,0.2139139650421629,0.2192459337739388,0.2190705136078293,0.2165802009661117
40e78b26.qasm,64,success,0.1782775,0.2755165693538756,0.3393931501736578,0.2279758929224193,0.28052719773734647,0.22393021357162243,0.29538831152878753,0.22475008669217802,0.2876817643821593,0.21755398970949996,0.26933023084017144
41bd27aa.qasm,16,success,1.101841,1.992717749624669,2.498701042731606,1.721731433395572,2.071837756043677,1.7288675473729673,2.392866857874089,1.7412048331917493,2.1736940192838747,1.7987674851372069,2.1248618420483436
41bd27aa.qasm,64,success,4.6966688,4.17540814151997,2.8386341279343528,4.147686705766833,2.4585152194259767,4.527554877776488,2.447027246423091,4.9066051725149835,2.5227505157543004,4.7272632531218655,2.3992124751419355
41bd27aa.qasm,512,success,153.17248469999996,192.80227993869792,16.81764428565577,196.62839260818464,27.487282413237672,233.47306046024116,23.93237430410876,198.64368895679326,24.319177391910777,229.5107132654728,28.991345324355887
42a256ea.qasm,16,success,1.735077,1.7344315138135216,6.969726053280161,1.7330801870398382,11.733042846315657,1.726965608239142,9.348739924399915,1.7381551147737113,8.800933535531142,1.7315640686733549,9.066470038977485
42a256ea.qasm,64,success,10.099978700000001,10.08622049161357,8.23939430768365,10.087345503095356,10.442723079608793,10.107237405849629,10.499691285777853,10.12324520728097,11.637686200070894,10.084119143890481,11.464849784984889
42a256ea.qasm,512,success,403.5172516000002,400.622937415623,119.69806349570966,406.61646980303914,244.8674961726488,405.8050403297421,220.35003281587475,407.59157961901957,174.07237416893426,405.7413937190135,187.53274566027503
42a71e24.qasm,16,success,16.5057448,5.289156773217677,2.6033429988392016,4.006466955372798,3.6164744156875557,4.721756646069226,5.703609173358781,4.369174243086819,3.6569858232383066,5.089176386655569,4.078603673016987
42a71e24.qasm,64,success,30.1654734,11.19010149196649,5.836727845585325,10.992270497295399,7.675067957260376,10.96968592868307,10.458240558610397,11.675916241519934,7.109662246288291,13.49138455276011,8.59550060240056
42a71e24.qasm,512,success,1844.9185097000002,74.31832593349964,15.219389197856646,676.5188545212143,37.70975047008146,745.2202256078239,135.2188240370553,694.7744069661175,50.17800093320921,757.4933105793556,85.55035110703965
42fa6cae.qasm,16,success,1.9149404,1.943391002362817,9.042601736409003,1.941681756256997,14.117525478801987,1.9457915887421535,12.03136119939946,1.9394765710782744,9.7455100599491,1.9430176985337058,13.397593260696329
42fa6cae.qasm,64,success,14.109905799999998,14.100399595503642,10.522000574512798,14.108333166757859,14.268314004246514,14.098248521825155,14.104995515394828,14.113124736959803,12.243690180020053,14.122318011868359,15.922848244269629
42fa6cae.qasm,512,success,563.9146286000002,545.1658653163286,179.1398349901707,546.7008034188515,363.4784593144083,542.5151638187415,252.02788417584716,546.381028603331,181.1575069677335,546.8923232850436,244.0847947916891
43168c33.qasm,16,success,0.17956979999999997,0.20654733293125757,0.2045939859173011,0.2095232591694734,0.20762806375272877,0.2066630489000854,0.20602224042390113,0.20700376146324181,0.212336716323683,0.2043953542259496,0.2090457525685753
43168c33.qasm,64,success,0.1776479,0.20326426696623362,0.22710582492666603,0.20267977889849195,0.2302256541873652,0.19768047058552113,0.22758988103708533,0.1999808782694885,0.22035961313037544,0.1957898730707098,0.22440696846362512
43168c33.qasm,512,success,0.1781855,0.18599556193745892,0.19936973227664054,0.1868586620711701,0.2005264343675335,0.18617511975930892,0.2000464269940812,0.18675280500403893,0.20092935677776483,0.18677969382028084,0.19757360789692205
4318a3ef.qasm,16,success,1.5160106,1.6138111409876033,5.580995423342603,1.6120239834697356,9.579502074554787,1.6181781447160628,7.679345890637439,1.6152893836171338,7.94319929779863,1.6251524489943163,7.795682343737577
4318a3ef.qasm,64,success,7.7249488,7.726863525957062,7.130329405917485,7.715514938070949,9.065249239823514,7.746629631627581,8.147387632223007,7.634521329560555,9.316484833791884,7.666890880069384,9.722958825497729
4318a3ef.qasm,512,success,261.0483979000001,261.6763386974198,86.17943675485948,264.1868399698434,191.22653458858764,265.7713214315413,190.27049698298407,263.4025531628309,126.662548294616,265.90713137763936,134.36305535686677
4327c91d.qasm,16,success,1.7815141,1.7393374519762779,9.083677828085886,1.741845249577387,11.481807190419097,1.744809718837958,10.298295053691472,1.741813745576094,8.280788734107277,1.7360116718427323,10.840237896338941
4327c91d.qasm,64,success,12.242160500000002,12.305718929164614,10.273110666932746,12.352787068746432,10.87185128742876,12.304151467917038,12.872948105885337,12.34030174913291,11.223944743868326,12.306556382709497,15.542913416856964
4327c91d.qasm,512,success,470.9695791000001,462.00442465686154,198.56035760357037,460.22297603766566,319.9147495306029,456.2914305360758,265.07407640462907,463.04795720346334,191.79072904584078,457.10465596812156,240.45184299415735
432efc30.qasm,16,success,0.1794426,0.24314483182413626,0.2834008136211515,0.2433257414449951,0.27404440636958577,0.24233363502072347,0.24699631555435853,0.2420485646049449,0.29114930395175403,0.24118098700402812,0.29263482438562527
432efc30.qasm,64,success,0.1695758,0.2374511753297803,0.33715721576549446,0.24389934085795323,0.2905559882372196,0.2401388486229055,0.3076929742378193,0.24048857911632732,0.29375509052218196,0.24381455582965195,0.29932725117538406
432efc30.qasm,512,success,0.17470619999999998,0.2235835052074136,0.3427463162428251,0.22411323179557538,0.23652760009652535,0.22453387519091622,0.2532287418575173,0.22237896412018493,0.27179016682150714,0.22718307649138425,0.2626898541983568
445caba2.qasm,16,success,0.18654210000000002,0.18336004267578357,0.2835181383808612,0.1848065556148342,0.22971761945372063,0.1893933294404035,0.22428260231636885,0.18385910724125445,0.2508100949440516,0.18683270345565342,0.23813878124436594
445caba2.qasm,64,success,0.1677918,0.19575355298400557,0.3373516954947003,0.19340615686638687,0.314482500094488,0.19229469072258756,0.31094848340750314,0.19473011633998413,0.3024957431026549,0.19350257195880335,0.31708829496446844
445caba2.qasm,512,success,0.1767249,0.18514240827392264,0.3447375848282372,0.18502505467280023,0.24648495761321812,0.18679476436446976,0.2540083469454066,0.18325341631468436,0.2685285630238268,0.18685843295311466,0.25239581397895805
448ebca1.qasm,16,success,0.1762951,0.22875328504624434,0.2398979796519605,0.22095618102002332,0.24068082498486942,0.2253148058373517,0.23740901865114733,0.21294105443124312,0.23994704960087546,0.2208848399867477,0.23575831863771438
448ebca1.qasm,64,success,0.2993708,0.21667248391975874,0.24807554477382712,0.19491198593684564,0.26136379015982236,0.2218579736103496,0.25435252682453124,0.19753289227494844,0.25019524325350273,0.20796879954270173,0.2469308511707624
448ebca1.qasm,512,success,0.18492459999999997,0.23578620419263513,0.24263135160346413,0.19626748855882117,0.21625266604199378,0.20040599225665606,0.22186993681092787,0.19826210742283018,0.21303617978499145,0.19763099448586907,0.21692724176103664
46073cb3.qasm,16,success,81.2164082,78.18296244666935,12.756360743775382,41.37521823600198,5.842450103983484,40.80664866844734,8.96502031390421,33.13994940941984,6.224866896307323,29.701150376532365,6.0255363083901035
46073cb3.qasm,64,success,28.287276099999993,26.34416207875496,11.967891980837905,18.61148553844868,6.757037464707771,17.531182291226564,7.469968509659462,18.05549970741767,6.63044399847646,14.604698738543643,5.579995675225886
46073cb3.qasm,512,success,82.40704189999998,147.66759260471008,19.546099897516573,22.97668351700629,15.796521336841936,28.205342509405025,9.330432522939924,24.329618410313724,12.558744936216055,20.199532881864265,8.680593013356265
46188cf9.qasm,16,success,2.0354675,2.0634755646284417,8.445217332608689,2.0672346384091056,13.739894307685358,2.0634860764163676,11.854829319191804,2.0641019493861057,10.087513476154317,2.067309189007416,12.044290485749627
46188cf9.qasm,64,success,12.1403033,12.141469502052946,9.882415124504218,12.160612541256892,12.706920840697418,12.15535088105264,12.837340862986807,12.132801914057428,11.860053690756505,12.158375528755743,13.926377891758708
46188cf9.qasm,512,success,496.7963674000002,484.4931409372608,144.03719136308052,485.9163614460747,317.9115018140624,485.7979584476834,266.36354106578654,487.27727663018123,188.02224419620146,485.7358781019477,233.49442073575176
46de7f9b.qasm,16,success,7.0660452,6.0038374557513245,4.3058017242824045,6.001041302481686,5.076785818531483,6.140635691637231,4.511826233055499,5.992933491263006,4.014204823285349,6.13127533168399,6.029333184947273
46de7f9b.qasm,64,success,0.17458329999999997,0.1949530621507803,3.85807264714396,0.1978166517063327,3.9914500310444576,0.1965986635746167,3.04284919334825,0.19498778082455717,3.6192829186494357,0.195855382794499,4.50707611321923
4737100f.qasm,16,success,118.890095,151.92917283410006,24.9392829052195,130.39055425107586,32.72462055740968,137.54858326188352,31.109141011386807,132.31192501940018,34.79586328572218,163.22165610717204,38.83847005550053
4737100f.qasm,64,success,214.64638220000006,168.5942300455186,59.502075054650064,173.57643503415844,76.16699366897576,188.13327333846897,60.453139553709676,200.414093250614,79.50966301608698,188.84433298953266,73.49839817968463
4737100f.qasm,512,timeout,14399.999999999989,2712.2142001637285,2056.9446295235307,5709.563679858846,3420.244647360997,6367.6088450054285,3700.6735307948716,7207.211903418288,3776.5286452140467,6687.465862349651,4012.307991814644
474aa01a.qasm,16,success,1.7337241,1.761393491868575,10.677464885259027,1.7399832822488608,12.282262616565385,1.7328225403334918,11.375272621138343,1.7413259451100438,9.603338533825962,1.747889288715789,12.708804501264938
474aa01a.qasm,64,success,13.154595900000004,10.977507241053335,11.897358753882239,11.21562592524756,11.653558641290854,10.633491792519239,14.764547848351917,11.358008122594844,12.584156130050731,11.049965152144331,18.252759936547342
474aa01a.qasm,512,success,584.1059148999998,577.9022006304931,259.2391802372776,579.5100055626021,396.90044836158813,580.0039659167898,305.76571888783536,577.1879724573874,255.75454162226427,578.2900678377598,318.24801117328803
4846208f.qasm,16,success,4.935263999999999,0.25929609102688517,0.37348294938068577,0.3517601628622805,0.4348748442698558,0.328204785905003,0.40670801974826837,0.3390669085608169,0.4112283690055195,0.3346016773640447,0.4025268129416572
4846208f.qasm,64,success,0.23925899999999997,0.264892159225338,0.4011283346368076,0.3047209848452845,0.3982979323706564,0.3170457486696108,0.4184646743277837,0.32621219199738655,0.38226412372041296,0.3195760434606505,0.4463616065204573
4a262567.qasm,16,success,1.8019782,1.788147196611483,6.603814089824711,1.7940245613757573,11.315479610583031,1.7926350565489673,8.90038866873279,1.798903769135192,8.349128273935062,1.788565008805336,9.033768371441054
4a262567.qasm,64,success,9.9888149,10.033434469670878,7.553199057523334,10.016344098906876,10.231533561690124,9.954691372642651,9.57061166254026,10.00662918197201,9.539551516723167,9.956172239926032,11.010492971334251
4a262567.qasm,512,success,371.86355819999983,375.7483988356753,103.98780586214228,377.026131049575,215.19506161946097,373.2473126351699,203.7138754033308,373.14467864205824,159.0773179422261,379.6284346756007,160.4962210458022
4a5eba47.qasm,16,success,0.1833999,0.19188322135330568,2.362660012552706,0.1793662345912555,2.511253132206,0.17914080866520735,3.564562877920701,0.17964048450851988,3.022025982784156,0.17852564727567158,2.9353495408023416
4a5eba47.qasm,64,success,5.2547247,4.4686353300131705,5.359326634240307,3.954918623800071,4.144076186864934,4.038716990673972,5.202772538370207,4.022133296729731,4.360796217105545,3.9988405272412963,3.966718807960823
4a5eba47.qasm,512,success,0.1847617,0.19531752131921548,9.487392028917746,0.17911553778431785,4.9791699211732805,0.1784384398745104,7.329787921291983,0.17896537575058716,5.104473735341216,0.17848576295033652,6.199764615218332
4ae57e38.qasm,16,success,16.3446989,1.063178144449082,0.9475507614822395,1.6324994784773008,1.2276565396383254,1.8060993037482638,1.3366082970191995,1.5598445863529764,1.3203220484277167,1.6337582406698876,1.506753204704183
4ae57e38.qasm,64,success,2.3998315,1.0694252478989144,1.01309484747928,1.760294561001662,1.2241046474724562,1.8979938341956262,1.597350499757289,1.7653052121894741,1.6207171154377962,2.657916349341128,1.6835620287506494
4ae57e38.qasm,512,success,37.56116829999999,3.276552812759251,2.769384509857925,27.531517610852845,32.604352580722114,27.13422404117278,55.93312310054042,22.40920971276364,42.741276548043906,30.760379948928218,40.60076351191463
4cbdcf4f.qasm,16,success,1.1965732,1.2156838960142327,3.303819558098419,1.2132898258862572,4.052342823554106,1.2101586525770935,4.881190209473771,1.2102927404756774,3.8213495303424616,1.2131813666213334,5.453543427915848
4cbdcf4f.qasm,64,success,4.1559375,4.196421706489631,4.645711560456444,4.151386934657351,4.917747966978237,4.19613708721078,6.015005261914513,4.146364782509703,4.894481688287603,4.1550653416132315,6.8896069579901456
4cbdcf4f.qasm,512,success,94.93661020000002,91.78544674285725,42.51894571647856,92.34625152785479,85.30481762406987,91.13286716514307,86.06735525280655,91.7335741008587,56.789693232906565,93.04102121954448,70.24912122290799
4d59437e.qasm,16,timeout,14399.999999999989,8666.653056471823,8493.802124466521,6453.549183090476,4696.774731549557,6184.024767973847,5770.3338143100755,7882.9769241314425,4685.463198082514,6327.98572172981,5329.59319114201
4d59437e.qasm,64,timeout,14399.999999999989,7669.509594992754,7154.295871333644,6202.353025001159,3189.3010060705255,5817.80864119626,4585.761990294801,6963.581046115619,3397.6358667472664,5509.85425782993,3972.387128591066
4d78cdd5.qasm,16,success,0.1960339,0.18452660784647978,0.18923883207605016,0.1851483426324961,0.18749179781878872,0.18456552920009464,0.18871557461341668,0.18407276001228504,0.18754989483920087,0.18536464257012605,0.1858840170235609
4d78cdd5.qasm,64,success,0.17771010000000004,0.17258570140733928,0.1925783312331029,0.1722294646509688,0.18368416461762896,0.17299069281671156,0.18517910946238234,0.1735490221909918,0.18348712807655854,0.173963000403892,0.18338063062550441
4dc2ff13.qasm,16,success,0.179415,0.2048239225942556,0.215453543308199,0.19678013247219367,0.20074424591277412,0.19530812107661713,0.20267698050086613,0.19647907206618453,0.20431488305435427,0.19813721714262017,0.20393633907241723
4dc2ff13.qasm,64,success,0.6179387,0.5710308690837935,0.43914453372029916,0.6006593843161783,0.45431079612629827,0.6082190856405987,0.4238642216194926,0.612619567206329,0.3965386731784244,0.5950611758560778,0.4220489889055177
4dc2ff13.qasm,512,success,0.18002370000000004,0.21307204584340658,0.23721126114695315,0.20571253953321247,0.2431903548817704,0.2038578514409187,0.24870860065006,0.20056142843831462,0.22390831048877283,0.20603470335318286,0.23725252849375864
4e8df7a8.qasm,16,timeout,14399.999999999989,11424.157648307179,5981.224392234353,11183.095065597847,2388.7982109444456,12250.69596875911,3272.589313421208,11474.133856721734,3072.1593089732874,9114.355514052704,2557.4498277907906
4e8df7a8.qasm,64,timeout,14399.999999999989,10981.865408929965,5138.124579747713,10017.244547317996,2039.4445420393536,11562.321036386784,3242.338401770911,10336.301587957203,2603.7158175763843,7819.867118139188,2486.4320479306325
4f476879.qasm,16,success,1.1168596,1.1298717194708492,3.991304006587818,1.1348054555692788,5.574465884286532,1.1290127471136306,5.8023646303863385,1.1334676341659164,4.491634894128713,1.1284682258160563,6.64908569813852
4f476879.qasm,64,success,5.087435700000001,5.132636583040602,5.440233099539356,5.104600797144998,5.879401907259942,5.140604839722147,7.5301996599264,5.155565514586018,5.4707477826091875,5.091228016734668,8.49327377882987
4f476879.qasm,512,success,148.26441930000004,146.1670970677929,57.58899162688997,144.04764130725724,121.94291505800751,148.40735019033653,145.64599598006697,145.65873648180198,73.18839142448955,144.67943676196043,98.15509562160383
4f48ab57.qasm,16,success,0.5463127,0.4253235439612267,0.47626502088871575,0.5917018127620521,0.7166785871066543,0.49124035325863286,0.655967136931657,0.5855779585651439,0.6642462648255975,0.555645248594556,0.6377813848452719
4f48ab57.qasm,64,success,0.4028144,0.7524042482326591,0.7792048420757002,0.7974277145116131,0.8353814559911382,0.6929124644377742,0.871782312293681,0.8635419204666639,0.8607033581543352,0.7852176848406707,0.905338827405576
4f48ab57.qasm,512,success,0.9204006,0.6679966000103067,1.1472055799229377,1.5183061159551217,1.7288980043851556,1.6530686070952685,1.8179484050106343,1.7155178573586847,1.7801017673851787,1.28648238124589,1.3826127682051759
4f9a3ab1.qasm,16,success,0.1827227,0.18005863381584888,0.23699366811875622,0.1835694334999355,0.197436013208112,0.18350343125051494,0.19960696696632493,0.18159474207261317,0.19522600787165234,0.18392774662342712,0.19771480788137344
4f9a3ab1.qasm,64,success,0.2759283,0.2731943485654024,0.4644001708427547,0.26085411234797584,0.4640488070780503,0.2589367632637484,0.430130348770246,0.263642128407305,0.4590312119778173,0.25257338426389564,0.4467138734929651
4f9a3ab1.qasm,512,success,0.17816029999999997,0.18263526019140636,0.2908941741486055,0.1814436510086484,0.20651799754402028,0.18192101811111838,0.20976643302807507,0.18220709766884877,0.2103860306225464,0.18247401370974534,0.21150018742096613
4fd60583.qasm,16,success,69.0350985,75.91924995953072,25.224236858090656,75.2115508052955,16.57645328176048,77.46823129543218,28.179113318781393,78.30315746274539,14.421612147074155,78.29287705896624,18.761570227228262
4fd60583.qasm,64,success,3.5823552,4.209378008100698,3.415630034575937,4.103215792566498,6.160631773427095,4.300442688162655,12.87703815637866,4.098592044007437,4.764124340488176,4.268723404148459,7.6637604479739645
4ffb1090.qasm,16,success,1.9565706999999999,27.48059861837981,5.4637218858553185,27.418169639255087,6.663879428438601,29.081583216417993,6.592505920299323,23.110055186060297,5.719705690095209,32.20307337802659,5.868231046809077
4ffb1090.qasm,64,success,2.7308021,21.866014996355332,8.873410751446198,18.155278011994383,5.616224835763689,13.180387976601729,5.3720357373009975,12.240305473756692,6.564133845476584,14.293512771486402,4.753976312416074
4ffb1090.qasm,512,success,1.9538451,12.469722089133155,9.891195248127541,5.301481894144803,6.64118897271273,5.984533231949725,7.237030750671833,6.613409873945605,5.998706583401941,5.806637003522102,4.178333848868656
5050d142.qasm,16,success,0.21214299999999997,0.30130918166431475,0.30790033522787624,0.2811965900587733,0.3702943823863822,0.2826344476981526,0.328456829881594,0.3070776814574495,0.3564994527827508,0.29990946682141617,0.4106668085229144
5050d142.qasm,64,success,1.9698752999999998,1.465089884058506,0.6313728206933177,1.7989415372026736,0.6880042723172201,1.5995943226737719,0.6133854501755212,1.8094027501176044,0.6189792007439484,1.645476057080527,0.6901582823961973
51b16166.qasm,16,success,1.2138746,1.1895112661759735,3.292308926031009,1.1917305202934276,4.052342823554106,1.1872161826096934,4.872743608149496,1.1915610281878437,3.732445999534458,1.1981119404398208,5.453543427915848
51b16166.qasm,64,success,4.156859,4.151967528781986,4.5856952187659035,4.1254874031059,4.917747966978237,4.198171274573926,6.004596662939573,4.151856303314583,4.790563909303705,4.200837426146732,6.8896069579901456
51b16166.qasm,512,success,91.95425450000003,91.37926683142963,42.15137014195705,92.552732659028,84.97395306690812,93.57996541419071,86.06735525280655,94.23009604571351,55.36820760912144,92.95868158607958,69.72403566160452
51b543de.qasm,16,success,2.9811427,3.061040961250562,14.796256905813827,3.0349599876648643,19.9683268151011,3.056597496298864,20.344614306766953,3.0226459433731865,15.850203935088869,3.03847352788825,22.066658323195707
51b543de.qasm,64,success,23.505974599999995,24.326152169666976,15.535312704780349,23.887290893326977,18.40360122572991,23.901063169521635,22.827740203792594,24.40269176637576,18.644280479641633,23.872322627485968,28.117809466348778
51b543de.qasm,512,success,1080.9138732999998,727.5948287464379,223.5426488951689,721.2491894043519,451.6461129059631,720.3581690899895,373.449623708849,714.1074418254451,299.7198797139609,727.9901741971381,417.6009627551506
52b00428.qasm,16,success,2.009074,1.9950003295661185,11.61449371433627,1.992384765787265,16.089611274033633,1.9971368158756437,13.705350804262409,1.992732265630663,11.943686538062163,1.9863081808593552,14.941077615931041
52b00428.qasm,64,success,7.728845400000001,15.653465882137173,13.228027891170997,15.707840971963831,15.72618569280985,15.611908447653585,16.991699598310348,15.720033767974934,15.70644368115903,15.669367262225048,18.82242096607682
52b00428.qasm,512,success,691.5553226999999,690.5429021626752,248.3767159528131,694.1590899655699,444.5365683080091,682.2925994147672,363.1159336308077,689.9799922416498,267.12432398165737,684.2670560534966,327.37270441630073
53442dc5.qasm,16,success,0.1755131,0.2084715696496254,0.3228999662822089,0.2205961815842004,0.2707771903786051,0.22924646422204897,0.25460282601625883,0.22056324346444156,0.2961627086677241,0.2234606062162372,0.2846536338246375
53442dc5.qasm,64,success,0.2352298,0.21519272377822363,0.3616388380768095,0.22069726714776905,0.3284458488826362,0.22897482032903993,0.323166947025751,0.21925852955329378,0.3230545603515575,0.22125870461416214,0.3233803131975696
53442dc5.qasm,512,success,0.18592699999999998,0.19692662104429548,0.40961514452330444,0.19980144331926394,0.25352837702968395,0.2001616209685535,0.25799122245059075,0.1978455211208555,0.2872671466788169,0.20260618698361593,0.2617941619744974
5357322a.qasm,16,success,1.9833841000000003,2.0902509127769084,1.4404143135306884,2.1221869233823507,2.3070788775796944,2.183348541038086,2.2832224031383483,2.1320232812467412,1.8363277578637438,2.083047540776212,2.758111373877191
5357322a.qasm,64,success,0.1795194,0.1729170979869578,1.6080972784066672,0.17620313146455927,2.152480605302443,0.17490611373795997,1.7853283207203368,0.17058040162521448,2.0002360577870557,0.17736553805505767,1.9983147205499092
5385a9e9.qasm,16,success,1.7063132,1.6905148656864988,6.510175878656714,1.6908526956574281,11.550895817761514,1.6905458440692174,9.809682533856279,1.689831572113421,8.566212250780483,1.6924604568022725,9.438675290663145
5385a9e9.qasm,64,success,10.5206042,10.494245652456753,7.482485313747582,10.506009210049749,10.407817488924957,10.497741813451839,10.311611476755798,10.499458048323216,9.953343363804443,10.504051328428512,11.374422990083241
5385a9e9.qasm,512,success,406.11038670000005,406.77645078625386,103.06725506637949,405.70328595718195,218.99325846278512,405.7905733927235,211.19492187456953,406.8303786248467,168.69992552323131,406.6996791395247,180.7829916730302
53e971c2.qasm,16,success,0.1748129,0.19000634319206394,0.29917056575533035,0.2328033480335241,0.38240136640452643,0.2237171957324642,0.40503624908646463,0.22206798150283283,0.39032263546286033,0.22510875915429557,0.3553266057291784
53e971c2.qasm,64,success,0.1728286,0.19489842835948476,0.3822058972028473,0.25991351747450436,0.46370715011246705,0.23316642698622092,0.42693330750637015,0.2305100435233493,0.4463516587109155,0.24405939686548508,0.3814745321181726
53e971c2.qasm,512,success,0.1791764,0.18497185941845493,0.3666591168452218,0.2162556688161092,0.472098135451016,0.22188277218319047,0.3567265658799098,0.2317512041151678,0.37157773741920924,0.22089827373292156,0.31845517955906133
54c8f710.qasm,16,success,0.5430322,1.2234410721423326,1.0669898785645628,0.8460471878721495,0.9048359837440817,0.8857691898931934,0.9100438646557514,0.8061354285398584,0.8985021383081366,0.9103806764407777,0.9252841796503314
54c8f710.qasm,64,success,0.5765128,1.2385332702155283,1.0886953961685026,0.871494718504226,0.987826752570497,0.9474830009781584,0.9756172137917911,0.8371205061652701,0.9928817832279079,0.9854379707077567,0.9762380691370749
54c8f710.qasm,512,success,0.5371048,1.2224725199603381,1.2952113905935472,0.8955232280961768,0.8952613714178465,0.9301538727768563,0.920531111405224,0.8418735738726386,0.8625148554197503,0.950039739118966,0.9455933045586896
54f0b8c5.qasm,16,success,0.18011680000000002,0.3943985212135144,0.48719932923830805,0.7243283141399666,0.6173090503292917,0.5539934122738631,0.6019998750509055,0.798247179821388,0.5805536183125375,0.5575449565455155,0.4818987435936142
54f0b8c5.qasm,64,success,0.2660724,0.5395623299862201,0.7694001294293832,1.0836255128466417,1.0169152152121157,0.7696500707865278,0.7498236672734401,1.1378847691048544,1.2718838160819086,0.8254820635659613,0.8788773763052322
54f0b8c5.qasm,512,success,0.1865154,0.791811796198021,1.445805646003608,2.672884045214065,1.7898639740909472,2.381008941721103,1.8087455163706592,2.7726069843781382,2.0096324024040535,4.481057348332537,2.3803813345802887
551cc6ea.qasm,16,success,4.0511647,3.246476383813929,0.7260698421226723,3.6819924607848145,1.4912269247491257,3.463519823083427,1.5891937389143787,3.4366128839185426,1.5834173683314605,3.309309996327309,1.5760877769497996
551cc6ea.qasm,64,success,0.6177918,3.225770209265407,1.402406990438216,4.654467149901824,4.038308455273542,4.527297822139399,3.8796389633169923,4.443442891319132,3.723535971469605,4.252393660022034,4.1304501124912
551cc6ea.qasm,512,success,903.4430423000003,582.9861633388488,3.5865950918257896,798.7071478706346,53.74920255860163,606.7712692057287,70.41591933556656,708.2065220716498,68.68056994336935,695.0137096694522,96.73909128101276
568c1ef9.qasm,16,success,0.1891656,0.1923694461055024,0.23224846850091,0.19132050143515322,0.1952631202579683,0.19135125716762133,0.19729856492983147,0.1915177958825305,0.1943039990461748,0.19056731816959432,0.19391032103725084
568c1ef9.qasm,64,success,0.24343100000000004,0.29693130243732335,0.46930415931598485,0.2670641580956251,0.4921343281056269,0.29578359950401373,0.4640805792646342,0.2822567968553301,0.4937415635583121,0.284184925360579,0.460872277636286
568c1ef9.qasm,512,success,0.1862508,0.19378499351593473,0.2644384462783018,0.1928257191414843,0.2021155988674099,0.19592650913435466,0.20846028830867577,0.19334279353417338,0.20726653237927598,0.19319735086741524,0.20677463559291862
574915eb.qasm,16,success,1.6900419,1.5516201648878722,2.8601038690608043,1.4995653808364584,2.3881646627600643,1.397882534473405,2.901594740236975,1.4658814755307128,2.6427066679474134,1.39013727628477,2.8139749347269554
574915eb.qasm,64,success,6.495244199999999,5.458160293124845,3.9971130630712417,5.578340211463241,3.919777742172966,5.267604962076733,3.877811272168096,4.994094435673145,3.8876586294286977,5.545364530774163,3.8989838543216173
574915eb.qasm,512,success,257.82087350000006,105.94201574424152,17.126500393894844,144.4024995296676,23.963239104085563,133.2395325458569,22.16359850406598,143.3310105000919,22.75626690518668,137.35441940897533,27.29881013085429
577f5adb.qasm,16,success,1.1850882,1.0578446581772436,0.5437985112095863,0.9841997041420766,0.45004818173335825,0.9735528822996679,0.4497022056624054,1.0107377015082328,0.49413077371248265,1.003700408533308,0.6225550333291665
577f5adb.qasm,64,success,5.6904274,2.977140321504767,1.003308608285932,3.426822945453275,1.294484478133884,3.4671839643313245,1.3488138694766714,3.361612977567491,1.2618685485274508,3.429717892645375,1.3185651254953603
587be285.qasm,16,success,1.3891152,1.4040884441588337,6.154676280055098,1.4094858359694105,9.525887096260599,1.4067265610622988,7.981623311792593,1.415791858132664,7.365612299399242,1.400139328018997,8.752573067982635
587be285.qasm,64,success,7.918703600000001,7.996496151983549,8.437392805943565,7.9699315606108305,9.517711997018601,7.9458407148073285,8.725651152165623,7.932235777698978,8.705014528529064,7.941281043882297,11.019126295249228
587be285.qasm,512,success,284.79549880000013,287.527920606119,118.79108791018372,287.17952056255865,212.0408786178089,285.2792240854256,209.66270805941633,285.1397830932952,133.32021994241614,285.75219322949937,148.1575866997383
588e0101.qasm,16,success,0.22066920000000004,0.4385221414710272,0.35697630698528143,0.5954105002456367,0.35210046677021556,0.5385971782865143,0.35668977956285985,0.5583052247910546,0.3564850875330837,0.5688757813118684,0.3304934630052052
588e0101.qasm,64,success,0.48802539999999994,0.5568304525215648,0.40795950671426245,0.7190303040709121,0.46724001545028787,0.8032959838882673,0.41468582918449404,0.8340092727183676,0.4602583179831281,0.6722978247264904,0.39181043010894384
588e0101.qasm,512,success,9.7979156,1.138432130651254,0.4086913377217214,4.354387907559127,0.7340261370694197,3.9669255798038283,0.5210909394682306,3.7497248941462464,0.6050071709275927,3.25698878489457,0.566389597995198
591d39f6.qasm,16,success,2.6787045,2.7039897878294004,13.520397007174992,2.6606682456576527,17.152173531352485,2.6622774810821666,16.765625938002188,2.6878011182901,15.525450993913937,2.687092730286978,19.389871395922167
591d39f6.qasm,64,success,20.992547700000003,21.413280008170055,14.202580194015978,21.173856779429574,16.370922218026752,21.41569766084714,19.571219904174242,21.06787371402333,19.66251118653032,21.09103949809651,24.714592899402472
591d39f6.qasm,512,success,981.4918502999997,1027.0972257600483,239.01197143083533,1001.4592891555859,401.67711434787225,1028.4153118466634,350.5238064106645,1043.0874597763595,307.7484173517117,1011.3992643943126,401.93119091509357
59267ce4.qasm,16,success,0.2185542,0.344309857279576,0.2470381201712685,0.25062228208116194,0.25929253681426223,0.23665220050309746,0.25624463473624126,0.2623445656441131,0.24939980177151722,0.2494423574985926,0.2568510613079093
59267ce4.qasm,64,success,0.2873506,0.4803281578069972,0.3892578863636162,0.3710170206803722,0.3542157238396497,0.36986617239571296,0.3361031205523611,0.37904275086923633,0.3486440089808918,0.35472253011639054,0.3502459244588058
59267ce4.qasm,512,success,0.2381152,0.42719718183386485,0.25885601192807045,0.2543165461655454,0.2516051739601274,0.2610780302830712,0.24932383460556526,0.257262032527622,0.25567907950872776,0.2733896342662298,0.25013227206198646
5a4964e2.qasm,16,success,3.0040687,3.0663758730376505,14.796256905813827,3.0349599876648643,19.9683268151011,3.056597496298864,20.344614306766953,3.0226459433731865,15.850203935088869,3.0398868846869553,22.066658323195707
5a4964e2.qasm,64,success,23.571399400000004,24.326152169666976,15.535312704780349,23.905460266561146,18.40360122572991,23.901063169521635,22.827740203792594,24.40269176637576,18.644280479641633,23.872322627485968,28.117809466348778
5a4964e2.qasm,512,success,1113.7247560999997,729.8700818945972,223.5426488951689,721.9386601366173,451.6461129059631,728.9871224903384,373.449623708849,722.8109887075955,299.7198797139609,727.1186478208093,417.6009627551506
5a741dbe.qasm,16,success,1607.2905075999995,0.26699500964061135,0.24106407287903414,0.7915093279540539,0.5678925434803175,0.821574880394854,0.5921182215882189,0.6553864598937305,0.630042282171924,0.5529297401614982,0.6589080451145787
5a741dbe.qasm,64,success,63.61018129999999,0.3057589134751294,0.2796932089943457,0.8581002792788862,0.7187885206935928,0.8405012300249859,0.6741215533808032,0.841327496285088,0.7596682277202246,0.6936731708395312,0.8637614059431766
5a9f20b0.qasm,16,success,1.9873639,1.9353141704654384,9.042601736409003,1.9253270226146597,14.117525478801987,1.9298480132886822,11.90137441947898,1.9341732641699572,9.7455100599491,1.9348049176594904,13.397593260696329
5a9f20b0.qasm,64,success,14.174923699999999,14.013757355322412,10.522000574512798,14.060001496203796,14.268314004246514,14.079394193804262,13.989190022025735,14.005180939041109,12.184865546934391,14.025997440838209,15.925716365824496
5a9f20b0.qasm,512,success,556.7358081999998,558.0476860435404,178.06068059926923,554.6611352133726,363.4784593144083,541.9161324090255,252.02788417584716,555.1869664009935,179.78141478830068,550.3026851557756,244.0847947916891
5b419375.qasm,16,success,5.069990999999999,3.3790384394364854,4.8608595970829525,3.394641562317383,4.34392879090095,3.434959109758361,3.968240901075742,3.5916378764338917,4.303694411245011,3.4083898878173695,4.532727176241699
5b419375.qasm,64,success,18.199755699999997,11.843592144495712,5.311813475372246,11.170830788858588,4.76093934014013,11.385078759355455,4.910019986699425,11.874111023347046,5.371975767774745,12.832142095569113,3.9334054523177846
5b419375.qasm,512,success,735.2598270999999,459.7642459335481,30.13593756168139,471.15647166989464,38.631501739325714,465.5585074085958,46.49536984900641,479.1486799308198,58.206726148974234,515.7448169022746,49.044768413831534
5b482142.qasm,16,success,0.18248999999999999,0.18673449181784801,0.20672588497412067,0.18962006273637322,0.1953203723823586,0.18641132388448495,0.19879790793500043,0.18679418386614038,0.20678668068469194,0.188025739604861,0.2095783340689295
5b482142.qasm,64,success,0.176904,0.184489686589226,0.20959638778105427,0.18063943610965943,0.19363699446142688,0.19627178098927311,0.19966433233056194,0.18068644351368887,0.203006392685536,0.20444066022929375,0.200570373548634
5b58ce32.qasm,16,success,0.23533430000000002,0.21110283182866338,0.20735807097389766,0.19463752274365292,0.2012704037359286,0.195612244458817,0.20357503990389075,0.20099858607245893,0.20355314513431033,0.1973274973196061,0.20413015068744908
5b58ce32.qasm,64,success,0.1714296,0.2094969562677954,0.23401349212297964,0.198038703959358,0.23389807006596275,0.19942596161532114,0.22285422959552934,0.20435992665031763,0.23285562211471203,0.1983015284388402,0.21798310992454661
5c176f37.qasm,16,success,2.1709223,2.055435653066015,0.6580066066251624,1.950344097931116,1.0691034052734185,2.0940479273453922,1.0224100757180983,2.0140542020878014,1.266204196521805,2.114684927641492,1.079033183750053
5c176f37.qasm,64,success,0.177055,7.397831730722142,1.0327641962647656,7.396884671805786,2.589174077633076,7.306064560197033,2.6536580211078817,8.877465706416537,2.850322986753891,8.468820376921084,3.0181159857814013
5c176f37.qasm,512,success,218.88470399999989,418.35272220279427,2.730463989785703,421.95294017249034,41.42920516488094,377.32926310894413,63.59494369823453,429.87318977059834,50.29196615619224,452.57071883942007,55.40169557984153
5c2359c8.qasm,16,success,18.8537477,4.220035298295705,1.888113677405154,5.465717189393082,3.389954716644452,6.807183498895796,4.055390368483189,5.057426298708214,3.0480928730536703,5.381626423777645,2.7040116091900477
5c2359c8.qasm,64,success,0.8920383,1.9419791230091574,2.098222497593748,1.723080792911732,3.6166768777108182,1.95067672311345,4.036262459446305,1.7416828293886228,3.2192460081649625,1.7994128187220302,2.5879415686761233
5c2359c8.qasm,512,success,26.214138599999995,11.867295900790074,4.605339498691299,13.952975307610147,16.929995364751797,13.373596779338515,17.21406799581264,16.643656394994657,26.72159620929301,14.20462751223984,18.948648270931354
5cfcb9cd.qasm,16,success,45.6465889,23.970237267247573,8.1741370946208,19.993165756116664,8.715719221679041,18.248403384042167,7.98193598103623,16.357959462813795,7.92612770997472,22.80222665241757,9.217962560137428
5cfcb9cd.qasm,64,success,42.3598636,25.202990474592934,5.7886445310896955,21.145579027785114,10.228924215550638,21.74913292799488,9.466497211815577,15.6365513115675,7.8861538553466195,22.37905480681458,8.812495772888827
5cfcb9cd.qasm,512,success,45.74182770000001,34.94396005461705,5.336310436848467,20.80033794762846,7.332229893012605,20.152941634942504,8.312527230033957,16.006697965604168,6.065833886968283,23.633914133254066,7.519904140696161
5d14d092.qasm,16,success,1.8427508,1.8352623520391227,8.036689279333174,1.8345136779095341,13.410347820628859,1.84504266908453,10.085141022697924,1.8363179316875895,9.325398224148959,1.8416798382856052,10.676998283071145
5d14d092.qasm,64,success,10.707354900000002,10.636787359861481,9.823608938737431,10.635471663233096,12.115784162789483,10.754477473004519,10.610781301963899,10.579611935198661,11.382474747928793,10.653522592552115,13.338178472944698
5d14d092.qasm,512,success,449.6638395999999,427.7659162928956,150.823744465498,437.07225709943856,303.5657727271431,437.46117471282406,273.3224589956192,430.88071493823907,189.9854731738291,431.97538051875375,258.5938633733275
5d2b11a2.qasm,16,success,1.7544678,1.7557492353220774,10.677464885259027,1.744911504943808,12.282262616565385,1.7504149731207759,11.375272621138343,1.7606476774134316,9.5878279500991,1.7571970266156152,12.747994387298355
5d2b11a2.qasm,64,success,6.910084599999999,13.074821356311338,11.897358753882239,13.026859773183185,11.653558641290854,12.940667664820817,14.764547848351917,13.011100548048107,12.584156130050731,12.901892889805689,18.1118946955878
5d2b11a2.qasm,512,success,578.8071934000002,566.5633765997276,259.2391802372776,557.5504118540829,403.01691576418216,567.3832922088469,305.76571888783536,566.324649348897,255.75454162226427,563.0045440307699,318.24801117328803
5d565485.qasm,16,success,1.7579763,1.746604809166105,10.677464885259027,1.7495903851870833,12.282262616565385,1.7461808052465373,11.375272621138343,1.751530414462645,9.5878279500991,1.746609113579797,12.747994387298355
5d565485.qasm,64,success,13.180583699999998,12.03339812522172,11.897358753882239,11.892575602853011,11.653558641290854,11.630203604639542,14.764547848351917,11.876494530241319,12.584156130050731,11.738443565724447,18.1118946955878
5d565485.qasm,512,success,577.6552693999998,578.5287039423467,259.2391802372776,579.0119619038318,403.01691576418216,579.1950963735391,305.76571888783536,579.2023527801223,255.75454162226427,579.2911805345702,318.24801117328803
5da1db4b.qasm,16,success,1.6695542,1.6449504877123164,5.770781237386349,1.6525626379171614,9.823442671471833,1.6454413443652391,8.166750391098931,1.6497833880824693,8.169532880814858,1.6486549961694952,8.094882250999468
5da1db4b.qasm,64,success,9.5052925,9.496455575802647,6.462376037488159,9.462250840035804,8.693382741466833,9.525576055171737,8.853139410267973,9.507512353669453,9.486333736917718,9.490008052569191,9.863234981466377
5da1db4b.qasm,512,success,340.80459760000014,345.6474814251858,94.90014370155912,344.2017837548022,186.68913157144368,343.4904347919971,177.31921027403624,345.6107088142797,146.56515711543398,343.12018998643174,144.74344666496432
5e3dc35d.qasm,16,success,0.1754587,0.19775323825506028,0.25072400234017866,0.1948423518240508,0.2224353465626498,0.19861725274442665,0.22354234484586682,0.19747348318131883,0.2443810389506616,0.19927302411586253,0.2544619860424697
5e3dc35d.qasm,64,success,0.1674483,0.18485276120349678,0.25855683046566574,0.18719126613710968,0.2576514313892329,0.18062249653793208,0.2544570554941556,0.18356266065233728,0.2645408874959012,0.18145793698861265,0.2753610739092467
5e3dc35d.qasm,512,success,0.1802698,0.19165324398450007,0.2470134144493626,0.18977015153840462,0.2224273064960283,0.19157844509052316,0.23481647117764384,0.19190460416056862,0.25681218501679653,0.19135568781935372,0.25734275059197187
5e4c8439.qasm,16,success,1.1020779,1.116748908397993,2.4375608544709104,1.113434955984702,3.2026571376901467,1.1081025665924147,4.251031645973624,1.1046597689785356,2.909433526677291,1.1141069601580285,3.8046984532610026
5e4c8439.qasm,64,success,2.5658197,2.5960841906997745,3.366560345582469,2.582572894267288,2.9169809699694182,2.5204778371133316,4.5273843561852285,2.5797141821087,2.867158397652672,2.5594197503087157,4.0089360157029885
5e4c8439.qasm,512,success,34.3699009,34.63759296788031,25.120902004073667,34.63693701308235,53.42811204479236,34.503988019738756,46.966780261962995,34.73399199374921,32.89296573678197,34.90715349095713,37.6940106588634
5e6b0a76.qasm,16,success,0.9429384,0.8511969773573143,1.040318540603704,0.7594304919014643,0.9507068020543195,0.896205125310485,1.0096026323967755,0.7732507098878435,0.942100956984879,0.8844774153883421,0.9299016360062093
5e6b0a76.qasm,64,success,0.8332049,0.7896737602506978,1.6035160252741076,0.5606146980894757,0.6292655529097964,0.5271051219159626,0.6443817044967893,0.5122421212045964,0.6856863774087144,0.6253643939728674,0.6474487519423835
5eaee29f.qasm,16,success,0.9021112,0.41907564616337173,0.5223390180742359,0.4278726250989031,0.6985354287667517,0.43383699380032,0.6123544671187849,0.41226363681704203,0.5827262825556841,0.40919770116096627,0.65069456222064
5eaee29f.qasm,64,success,0.1723742,0.37793204679548037,0.3693365846849719,0.3367880135090249,0.43465780573267443,0.3534753128085428,0.38799682233644023,0.33219718465156417,0.4113437718033282,0.3461636687917605,0.4161426515328189
5eaee29f.qasm,512,success,0.8121324,0.6098678959421966,0.6367676083898404,0.41085401492691603,0.5366570729194392,0.39990554770589426,0.488789305406996,0.4766167220892736,0.5116630073296787,0.4693379606452903,0.5519593799647904
5ed4dd47.qasm,16,success,0.1778839,0.18630630061464848,0.19790628971368524,0.18657400264154167,0.1970640249666154,0.18330908600937473,0.196908034546625,0.1857500603621952,0.2021072173797907,0.18606434963501015,0.1989095840649178
5ed4dd47.qasm,64,success,0.1692181,0.1744345744729977,0.2271680478497599,0.17459209807192916,0.2208326082973709,0.17218383071109641,0.21998840974512074,0.1754343040013084,0.23094622682558438,0.1748020071369102,0.2247073362897601
5ed4dd47.qasm,512,success,0.1719626,0.18145875819282767,0.19792021765968673,0.18400058417241608,0.19338132699600633,0.18171347997923015,0.1973796604387756,0.1821566805328454,0.20354681595382243,0.1833222756275497,0.1967921717127411
5ee9c404.qasm,16,success,0.6110617,0.1781511988370187,0.6853232979164738,0.18262462938459958,0.7566579123515589,0.1879313609800849,0.6444321474056675,0.18653760826889262,0.708436814049586,0.18628438947064144,0.6961309140180852
5ee9c404.qasm,64,success,0.3699508,0.1652936824591278,0.5171241073356913,0.17344194975901725,0.616971165794066,0.1756689031468956,0.5788765770825574,0.17658188645146777,0.55532967323816,0.17161552245496392,0.5379583819111243
5ee9c404.qasm,512,success,0.602949,0.17425739684162314,1.150394669975253,0.1828406350351265,0.7508603062120429,0.18665868045666803,0.6496936586134271,0.18682343502275867,0.7277070208352509,0.18466922786860557,0.6231111200195222
5ef5ff7c.qasm,16,success,1.9424587,1.9398234947272515,9.042601736409003,1.934084991674302,14.117525478801987,1.9389603720053117,12.044813501140945,1.9416473302195256,9.791452613108866,1.9426337251637242,13.46380775617168
5ef5ff7c.qasm,64,success,14.129976999999997,14.198548908426897,10.522000574512798,14.167927727099817,14.268314004246514,14.11949455147822,14.098303113236659,14.123536551260669,12.24525287738335,14.144500839779363,16.144559929514013
5ef5ff7c.qasm,512,success,549.4164624999999,558.3372116891566,178.06068059926923,557.645784589616,363.4784593144083,558.118633314356,252.86561782593088,555.9743046593735,180.6723987438958,559.012360642469,244.0847947916891
5f0ad979.qasm,16,success,1.4398049,1.4391175229388546,5.719629421766723,1.4447543307531467,9.040477319660324,1.4454249265399273,8.062854836854388,1.453669709695034,7.737391108971323,1.4475726389984118,7.891266428206421
5f0ad979.qasm,64,success,8.5335451,8.419980539040827,6.817758865210951,8.481851822825188,8.666394092559493,8.424062334254815,8.576371990344391,8.38089692315936,9.411137845693283,8.5135073718121,10.085312258631422
5f0ad979.qasm,512,success,314.93001089999996,310.5023123784927,86.05618995390047,314.1033364053673,192.8500156781901,309.7981329821487,165.41479136035917,310.6531678620466,146.60642064917525,314.8415326473203,130.48516820223256
5f39af5c.qasm,16,success,1.206501,1.2515189271275426,2.371820653603625,1.5227805134885533,4.894121279189218,1.6992175918327757,4.318739513316399,1.8090726438439193,3.6256498141153513,1.5262357401824562,3.7308643699751847
5f39af5c.qasm,64,success,1.2441665,1.2720827575383087,2.341041541013564,1.518138908805842,4.854360910739005,1.7071919338889083,4.272672179911397,1.807813529706898,3.571104363257555,1.5374170649683698,3.6835602464773394
5f39af5c.qasm,512,success,1.2038937,1.2731817775892835,2.391035007165398,1.5314651981382728,4.994690852647037,1.7119924921094032,4.32550950872146,1.8273388654705196,3.5983051705447475,1.5585738219867125,3.7632100504360624
5f6a8a9b.qasm,16,success,0.21687830000000002,0.19319944399594371,0.22981975716716452,0.20217013410767914,0.24859940512512269,0.19823767217533508,0.23997667943830656,0.194504097832672,0.2382404090055048,0.19392081628821806,0.23877186688585206
5f6a8a9b.qasm,64,success,0.1669181,0.21761151006503945,0.2773773985353473,0.22285447104289324,0.2835798326371758,0.22136179698163563,0.2738666127858211,0.2204470917117482,0.26616560167495973,0.23207167421199798,0.26055170556445806
5f6a8a9b.qasm,512,success,0.2251206,0.1882594134050442,0.23639331146347928,0.1871841487885435,0.216967472601819,0.19090508495880057,0.20181145777720463,0.18613559869274043,0.20844890662867566,0.1880284977671275,0.20779533151346005
5f79d6db.qasm,16,success,1.4444159,1.447969586291497,5.719629421766723,1.448852113334455,9.040477319660324,1.448472655930667,8.062854836854388,1.4510707079322782,7.737391108971323,1.4451106522099466,7.929183307138063
5f79d6db.qasm,64,success,8.4894781,8.473412766050343,6.817758865210951,8.446172408868955,8.666394092559493,8.484385777334841,8.576371990344391,8.502983779036924,9.411137845693283,8.441401942448786,10.13377134531635
5f79d6db.qasm,512,success,309.13355079999997,312.3704863169231,86.05618995390047,313.00492280788984,192.8500156781901,314.0518831682919,165.41479136035917,314.67803652457263,146.60642064917525,313.48822319282374,130.48516820223256
613afa2d.qasm,16,success,1.1619439,1.1347842217722979,3.6235404455325853,1.1505280604432642,5.363943825943498,1.132428966990458,5.0322134146228725,1.1414261069993112,4.076712457297992,1.1549333512764755,5.679271665139297
613afa2d.qasm,64,success,4.2897754,4.282981746397989,4.80763403196622,4.2281563467628995,5.72476655806888,4.286727628304588,6.416830697509307,4.337892027138431,4.860384096945752,4.244957119758663,7.469644137286647
613afa2d.qasm,512,success,94.37437180000002,94.45512819110014,43.302080855876405,94.87077087866096,99.28945507566712,93.61269554723776,121.9926171582653,94.87572877527003,50.397098986725055,94.11126854546053,75.12844353074203
622c4417.qasm,16,success,1.8900389,1.9491564328514301,9.042601736409003,1.948832126821402,14.117525478801987,1.9473076234174416,12.03136119939946,1.9480422812672982,9.7455100599491,1.9488236819392715,13.397593260696329
622c4417.qasm,64,success,14.084895399999999,14.247996329490112,10.522000574512798,14.1210052136005,14.268314004246514,14.147944075658264,14.104995515394828,14.173269255509862,12.243690180020053,14.141666274426619,15.922848244269629
622c4417.qasm,512,success,556.6662470999999,550.1859098221058,179.1398349901707,549.8792676083309,363.4784593144083,545.9931842563803,252.02788417584716,549.3105826422819,181.1575069677335,553.2617063529557,244.0847947916891
635bd24f.qasm,16,success,9.4363397,6.759410892445241,5.425982316974568,5.990114955443908,5.683237098039346,5.775563351175608,6.239522432377052,5.361999420601884,6.504460337660971,6.239221751742008,8.016856242565082
635bd24f.qasm,64,success,0.2822097,0.3557591421710397,4.210204626324865,0.4222209471446433,3.927061329560827,0.38484833648030475,3.321618207216812,0.38548700642714195,5.207437821488442,0.4491327144252499,5.224059228441789
637811d8.qasm,16,success,1.9822721,1.9991895992024873,8.12427902094064,1.9971792027095714,12.98798945489639,1.9958261849363408,11.066879404469393,1.9953020702501485,9.720606611730414,1.9996892792177028,11.785307142649115
637811d8.qasm,64,success,11.433697700000002,11.50442007239831,9.498208974141782,11.472977031775802,12.014650149609068,11.512778085625502,11.820654304206494,11.463386313729373,11.312457875045158,11.481602243792942,13.501142262756103
637811d8.qasm,512,success,435.3994821999999,439.0794216914377,139.4793606868217,438.9408503935045,290.44460719119695,438.59212848452563,250.0886641548248,438.90914415475436,186.2856606987144,438.54065787735533,233.35063369501245
63aaa50d.qasm,16,success,0.1790994,0.5835477975772473,0.7270908905372276,0.33697920005146886,0.4156844615077982,0.33003227274257024,0.46525147958405,0.329281585236248,0.43559683255521037,0.3197770583953491,0.4117536292822353
63aaa50d.qasm,64,success,0.3013606,0.4532787702725598,0.8486457641652401,0.381473904340801,0.6204594054879674,0.4086204262090704,0.6147343730853293,0.44466661076468483,0.6561017452413704,0.4159163417408666,0.6037392593585565
63aaa50d.qasm,512,success,0.1729242,0.5631534950578051,1.7472134114541498,0.5058771143435159,1.5070497229288522,0.4643302943966153,1.3170479180907009,0.4717101010076526,1.4300158621017245,0.429765274484461,1.2331982676405282
64273f69.qasm,16,success,1.3970083,1.379940611251587,6.154676280055098,1.3883222440639131,9.525887096260599,1.3690474274390678,8.041016895211873,1.3900402815605006,7.365612299399242,1.3836062064762928,8.752573067982635
64273f69.qasm,64,success,7.9696109,7.90497752229798,8.437392805943565,7.98651090318807,9.517711997018601,7.898063544142062,8.813093867603683,7.977171024632348,8.705014528529064,8.057809827485903,11.019126295249228
64273f69.qasm,512,success,282.52643209999997,282.1319464973337,118.79108791018372,285.8143741962437,212.0408786178089,285.3190701815397,209.66270805941633,287.4611439797521,133.32021994241614,284.10165630152426,148.1575866997383
6457f235.qasm,16,success,0.22334520000000002,1.3732613105922453,1.2349355555685149,1.0020610079890293,1.1744937125449946,0.9198571801516476,1.110722736662156,1.1896013018982179,1.266774116758948,1.075765630323006,1.0703246717950579
6457f235.qasm,64,success,1.0101255,3.23360630147664,1.7537011920398844,2.355839734723614,1.6720750157557442,2.081895840496884,1.647389207069784,2.242325447821841,1.8720903145101904,1.9344773485776194,1.5096169975503813
6457f235.qasm,512,success,20.677099000000002,30.124704294883628,2.708328499839694,14.969599211184152,1.8481224382015369,13.83515101683253,1.7746455029631996,17.772821588777443,2.3495195452687727,14.710586729480207,2.5164124993499755
64731b8d.qasm,16,success,2.0507906,2.069329572459631,7.9728673495933835,2.071689970404427,12.801589511417232,2.0696933845403787,11.794046549710265,2.0685182505659143,9.209277803460074,2.074244267777792,12.054184665915376
64731b8d.qasm,64,success,12.590871699999997,12.60148476738558,9.052555452396808,12.557136792319685,11.740923225507705,12.541606467013507,12.467821659384454,12.539937170737144,10.758683414142551,12.60400275352479,13.745727720127201
64731b8d.qasm,512,success,496.20632519999975,507.2032648733734,141.67649583001972,506.3039693654251,308.65069297518676,505.6230861267986,273.3325102335183,504.129694639156,156.77683210873127,502.13326008577826,222.9556905859118
64f32748.qasm,16,success,1.9956137,1.9988326031321693,8.237663581995823,1.9996944542463426,13.167010501377096,1.9948664749465554,11.056107094473312,2.0039425592419677,9.961056353066574,2.0003443577512523,11.937860747042462
64f32748.qasm,64,success,11.509393199999998,11.424764864173934,9.556545638761095,11.394123306950664,12.309829332631468,11.439221225814556,12.076239155930795,11.45614552782525,11.542963653538509,11.387449838136783,13.757132147379824
64f32748.qasm,512,success,437.9071593999999,442.7660167476628,137.65663859615685,443.61310841723105,298.87464433582096,443.6833029306759,240.2574120392656,450.0353587631338,187.27979475786253,446.9344411214486,232.48313378797562
6533abd6.qasm,16,success,9723.491495600001,490.21402415172446,469.02070330127765,407.510423142897,384.1025817833152,412.58370960977487,358.1150591772731,405.45599926379145,459.87741964968353,371.4486071296992,396.606865402257
6533abd6.qasm,64,success,232.80990819999994,180.75020572067686,83.9632291622233,255.79007720157824,82.00587480542956,214.00772302808812,80.92785534757611,199.3091842341823,101.28350915453774,240.89366855296893,91.77464614917022
6533abd6.qasm,512,timeout,14399.999999999989,2000.3477501267237,3352.3146793956857,2675.6245476637055,3103.098121634401,2164.123605905348,3044.4208332204785,3173.9121951395846,4086.5551648915257,2873.6831677518144,4391.035506045601
65dcd512.qasm,16,success,0.5612492,0.5247948673051944,0.734979104940317,2.130007152519611,1.1687964968203965,2.4830568313047294,1.3074728459229854,2.427999638022868,1.4697239183548345,2.5951281305345777,1.1408050601361388
65dcd512.qasm,64,success,0.5177774,0.41107268376358963,0.8724555660992728,0.6136615765970733,1.5822441643191536,0.6456300297085253,1.3698498031045256,0.5943119772521971,1.6444295072789392,0.6215721101862796,1.224121527416938
65dcd512.qasm,512,success,0.5506512,0.5761372010388164,1.7412920549620785,2.692128974483203,8.765983196570152,2.685406074276903,5.874711043724271,3.184607129142623,9.22909366959314,2.758407774760005,7.793503966672451
661be484.qasm,16,success,879.1681902999999,750.7806378148925,71.26702992460484,699.3423836278139,41.56617811311065,680.6191273307843,57.82729789021369,684.5528531947895,34.18612497493653,697.5718710547013,46.346784494263034
661be484.qasm,64,success,505.07029809999983,802.1250174446643,12.128329660616403,800.0143264937876,24.113589915158858,800.0509887468152,26.39548632143294,763.7488869004228,19.472811861536226,804.6416407868629,20.181579947337564
661be484.qasm,512,timeout,14399.999999999989,14283.540709610568,1203.5218745702766,14340.999352812401,1289.9808164610806,14239.905435000092,1279.9571215255382,14159.265881941974,1959.4885569910946,14328.295548951723,1813.8265659649846
66343f14.qasm,16,success,0.1837175,0.19443742459252622,0.24443643066424633,0.19534729569968637,0.2206184495584991,0.1904944148474691,0.22406556551321757,0.19567874263297055,0.22742639714919347,0.19224762383922073,0.22769322123079608
66343f14.qasm,64,success,0.17714659999999996,0.19228832236440774,0.351736733666577,0.1927753126845902,0.29988252830539425,0.18752293503772155,0.2930615430804486,0.19021823640920368,0.31144771900544294,0.18868252504328437,0.3215719850331736
6694b099.qasm,16,success,13.838370900000003,6.619908976533752,4.979490926605773,8.662353651499682,8.189325105696168,7.843741119947088,7.27662635152315,7.749306222957495,7.076349093527095,7.7344975132375975,6.8961259738928735
6694b099.qasm,64,success,13.804308500000001,6.127806119597791,4.035568682491559,8.50970798134759,8.2223591214717,7.601497774510271,7.203896683529196,7.324828659409079,7.023649817536542,7.597262819021497,6.612724727818016
6694b099.qasm,512,success,13.781358199999998,8.38591991605399,4.556189304337302,9.103267458850583,8.291042389905815,7.7560958629179115,7.486511397168825,8.475467764743817,6.889419809013906,7.725274750733711,6.7609814124569425
67346cae.qasm,16,success,0.179131,0.2481662128833939,0.21122073403918246,0.22306775322449376,0.19332841525609615,0.20084742037101955,0.20216804130258131,0.23273307093401924,0.19119945243705688,0.21714917618656532,0.19894686102136927
67346cae.qasm,64,success,0.1538984,0.2521187824462246,0.3836138528167462,0.22282363049102388,0.2864980912125145,0.20212303260769016,0.3536912096898882,0.24147159348881983,0.29224502959893667,0.2161611855076629,0.34650958128971854
6740a375.qasm,16,success,0.1709286,0.17530888793482247,19.30583068309979,0.1755818611156484,17.491563662029588,0.17530368912826083,20.598430580260978,0.1751105610203784,17.585356937801212,0.17629104636956275,22.285515232208777
6740a375.qasm,64,success,10.014619999999999,9.664304288151488,21.795035221393853,9.812583100083401,18.179999646317093,9.990996023908506,22.068397958700864,9.92189937097456,18.773578760757196,9.921227459908575,21.179080006421003
6785591a.qasm,16,success,0.21514669999999997,0.19582062432324882,0.25839583443210873,0.1826912356746362,0.19552275978712538,0.18041097619631197,0.20376199899917943,0.1868246090587598,0.21178157483669116,0.18050254056759854,0.21592382572634736
6785591a.qasm,64,success,1.0548189,1.0399023850683242,0.8159618661502072,1.0419665783588725,0.6369988795904943,1.0725316668711835,0.6217267395077236,1.005392829518872,0.6042140557072295,1.0891153368659503,0.5891127790549257
6785591a.qasm,512,success,0.22718,0.20637848259614178,0.3396008937505583,0.18914740653764442,0.23789154350670932,0.1865553095978583,0.26827745299614103,0.19079972352182661,0.23770610251654845,0.1857529688869042,0.2490172756564546
67b5fe45.qasm,16,success,397.968539,514.832585830317,21.59812313015339,390.7021237373788,15.104232637009934,425.62992147852526,21.80538530340732,428.9412735056078,13.409946804431664,316.6425892298779,18.28585665880875
67b5fe45.qasm,64,success,113.48249140000004,199.34025699287002,5.371715529946082,172.64364607488395,6.470088832946278,167.75618199512402,9.28614138026991,194.36122111642314,6.134389616563268,136.0936344255135,8.313542935056384
67b5fe45.qasm,512,success,1642.6080189999993,1112.964297335164,9.060541445103375,1554.4894076763892,14.849801623543577,1284.2852032022756,11.92592695976382,1338.6197813747156,13.364545555917909,1630.9030921789104,10.325996299293594
67f3547d.qasm,16,success,1.4342771,2.7009202075722065,0.5307638301864547,1.9997472200176967,0.4923180484398395,2.1311586136551623,0.5143461982268533,1.8809019602404462,0.5031116389555205,2.062862776852861,0.5141748624906635
67f3547d.qasm,64,success,1.2461029,2.7635643050515664,0.6321200943608853,2.1708649539993057,0.6587172654372573,2.3475412626833063,0.6191011647157819,2.057496551370635,0.5775357264713799,2.211238569006636,0.6363056541685
67f3547d.qasm,512,success,1.4320807,2.7328814805304322,0.5029924729476143,2.274616929718853,0.44414262406364396,2.429571963570998,0.46224609921244536,2.019972850563404,0.4252353242532299,2.263767517050576,0.45472772731124667
68528bdf.qasm,16,success,0.18044680000000002,0.24884068936728046,0.307218741301479,0.21568467987664108,0.23684161500963155,0.21810490304427155,0.22810876206359942,0.203205935702299,0.27656287566729815,0.21634879664161458,0.2851473486924179
68528bdf.qasm,64,success,0.16605900000000004,0.27834938086127475,0.3263427686144356,0.2448885280948885,0.31551806228260304,0.24598174814943077,0.32279975933325067,0.2259432398770462,0.303197716797631,0.2396430151357736,0.3359860211492201
68528bdf.qasm,512,success,0.1813397,0.2571164105294719,0.32173316611928915,0.21478325190485079,0.29807225213808114,0.22857413798856308,0.2773991548915945,0.22181602119627097,0.35008842278149394,0.23178001919381477,0.38997673064252
699bd83c.qasm,16,success,724.0946028,320.8713972283293,32.73001088187275,352.02538087092154,54.10322365821752,312.55985799688557,62.04789263414774,338.07437523474493,67.73534566825282,354.1303746756463,67.26506562820678
699bd83c.qasm,64,success,1079.0000190999995,257.79005220921835,65.82304857721033,291.80308910264444,109.54226437319902,282.09511609594614,82.46397356463879,271.31621785487147,99.89579135311926,296.47586918250306,87.62143501010908
699bd83c.qasm,512,timeout,14399.999999999989,8643.948075333268,1740.6655113741028,12232.792996504078,3092.5559563261886,11137.061392638196,3022.904397397695,11976.334940273066,3960.992323219059,10758.282781476713,3537.5406213212814
69c7223c.qasm,16,success,0.9718195,1.5999164235168641,0.6119208764690741,1.4098466306072974,0.8834945645808204,1.4299839962492555,0.904512106598091,1.703638629544385,0.857934609901862,1.4507116745883573,0.8821186187295971
69c7223c.qasm,64,success,5.8605898,5.694960160454891,1.0235423667272072,5.933969868913693,2.183019900956225,5.006328992864404,2.4303547186951637,4.70155850558178,2.096732249222242,5.223978855274125,2.824140641103024
69c7223c.qasm,512,success,278.43948709999995,182.67512021796492,2.883042758621834,185.631563073602,25.408526799536276,192.48486619368668,35.19283408758899,192.93420364247402,30.598321689762976,188.69490675568278,34.12744124612667
69c8191e.qasm,16,success,0.1765269,0.17271353819216687,3.6988096433049287,0.17447192813712342,4.392464274220972,0.17407879612138044,4.556664021956317,0.1732360364823859,5.224513519562202,0.17389776164173384,5.061669887839309
69c8191e.qasm,64,success,1.0784193,1.0316676616723734,5.05936766073826,1.0557929674504205,5.079128868409209,1.0598249928493453,5.050482719329073,1.0428622467014186,5.038482568106092,1.0328737127168495,4.155951682266613
69c8191e.qasm,512,success,0.1721093,0.1768322810076904,39.141953909581076,0.17907638552746508,7.9670534414099246,0.17865786794347344,8.462950516156633,0.18061116960985507,10.143651695648003,0.17640165600288263,9.821650392424598
69cf1b12.qasm,16,success,1.8664405,1.8642986101204087,8.036689279333174,1.8668806127016417,13.410347820628859,1.8665617064967432,10.085141022697924,1.8643876993595732,9.325398224148959,1.864932434728051,10.676998283071145
69cf1b12.qasm,64,success,10.711429399999998,10.664799806422055,9.823608938737431,10.661447667910473,12.115784162789483,10.640238029958859,10.610781301963899,10.659537604997107,11.382474747928793,10.658786603007735,13.338178472944698
69cf1b12.qasm,512,success,436.15847559999986,444.04829964412187,150.823744465498,443.8886099840791,303.5657727271431,444.8331507703843,273.3224589956192,444.45805090849234,189.9854731738291,444.81973961615734,258.5938633733275
69e799fa.qasm,16,success,1.7161594,1.730135359914079,6.969726053280161,1.745326556676276,11.733042846315657,1.7497709629937659,9.391528757438609,1.7491088828102057,8.800933535531142,1.7500663021050096,9.066470038977485
69e799fa.qasm,64,success,10.0683018,10.132894679313722,8.23939430768365,10.023141399644858,10.442723079608793,10.110955326532876,10.496180750175771,10.127555019830073,11.637686200070894,10.044647549717403,11.464849784984889
69e799fa.qasm,512,success,403.8135676999998,402.4975801150079,119.69806349570966,405.1533914810029,244.8674961726488,404.71730218587675,220.35003281587475,404.897248492521,174.07237416893426,405.2381073844101,187.53274566027503
6a5034af.qasm,16,success,6.6179706,84.6423433384494,104.61861136524934,21.19406017489463,8.792050521089912,17.816240185049004,9.982793794612997,17.80754669112219,11.88041146342773,19.593619420802163,7.32512360994946
6a5034af.qasm,64,success,4.0574428,37.9978015957952,49.4257309604015,17.22114284537759,8.71372413019256,13.044902650381054,9.53124752335862,13.93515864227768,10.249312102716193,16.791051410041327,6.716786331383713
6a5034af.qasm,512,success,6.5558647,656.7739380062358,123.82894372830006,21.652675692455773,5.4486823590021904,16.243285439432345,4.870048301971378,18.652667848356057,8.324595598306455,20.33595208003318,5.556571448834702
6bc3891b.qasm,16,success,0.17711910000000003,0.23809972106225052,0.2683879470592635,0.2770190879878916,0.26150197413699294,0.263439297815418,0.2556447855485378,0.2757991075602426,0.2576120443199746,0.2813105430925565,0.2519690772061907
6bc3891b.qasm,64,success,0.31236659999999994,0.26504564192022456,0.3189369785027269,0.24243720894437734,0.25120430204746574,0.26141677668562713,0.271831876925375,0.24333591271075458,0.2549081036197353,0.25672737562614834,0.2799203145332774
6bc3891b.qasm,512,success,0.17175660000000004,0.22963285910269735,0.30442255335654206,0.22049984751331964,0.21566806971667538,0.2232887508192665,0.21587676167973463,0.21761796992388047,0.21387145928707643,0.22247254148339585,0.21489535872667892
6c69bcc7.qasm,16,success,1.8685516,1.889414340351209,7.882050848950589,1.8968224692419977,13.381199624953927,1.8970354162177043,10.740303945642484,1.8809360844370138,9.956898127466598,1.893533069734995,11.113324698041948
6c69bcc7.qasm,64,success,11.340408599999998,11.399142033285196,9.437495911849782,11.292361560987201,11.478575047446501,11.336891852626241,11.487536982196474,11.344905115688917,11.8613797110921,11.343321774270246,13.317366718216956
6c69bcc7.qasm,512,success,472.5519850000001,464.163218728936,141.8197395734768,461.22545272017726,314.87108342521657,465.1354381335705,289.14066701924645,463.1969554860812,204.52050511518104,465.48923612631427,249.98786881693363
6c848dc7.qasm,16,success,0.1774831,0.2121204352110584,0.348154491842959,0.29965812626436905,0.3708332811648393,0.2912815918707841,0.352951572642149,0.2966571886793628,0.3638450494092061,0.292721700702373,0.34608769683820584
6c848dc7.qasm,64,success,0.3084388,0.26929162386399846,0.4248709743378306,0.27544286620823766,0.33248781896522883,0.28447522771306827,0.33591488199957314,0.2691411091253199,0.3414877400068528,0.28797282252083006,0.3497771251992259
6c848dc7.qasm,512,success,0.1831113,0.20191101656929708,0.6489924292378128,0.19350306203394904,0.24958739993528398,0.18994423920209952,0.2561865563132923,0.1916505654060221,0.27483577221460675,0.20120425775712486,0.25733883950260367
6d2833ea.qasm,16,success,1.8673472,1.8314928587933477,8.036689279333174,1.8332099251228795,13.410347820628859,1.8430014513377613,10.085141022697924,1.8339024860670379,9.325398224148959,1.8394789883193279,10.676998283071145
6d2833ea.qasm,64,success,10.6146131,10.591693019287508,9.823608938737431,10.625066874309036,12.115784162789483,10.723381169825561,10.610781301963899,10.530784570916657,11.382474747928793,10.631980121732138,13.338178472944698
6d2833ea.qasm,512,success,436.21131729999996,426.6267154241201,150.823744465498,436.51769460892615,303.5657727271431,437.25736088814114,273.3224589956192,430.12597778801177,189.9854731738291,431.7398501769209,258.5938633733275
6da6ce61.qasm,16,success,2.6050772,2.5727695167615527,10.788959667413799,2.5691201280354066,15.56309624665915,2.57782037530961,14.413193643202131,2.5697031458464044,12.372417746571502,2.573423458186362,17.071738262094097
6da6ce61.qasm,64,success,18.417722099999995,18.424656740356145,10.662932395429232,18.474964027184253,14.459776089629019,18.588685995394147,16.236754195418282,18.419763098395403,15.711022760582381,18.355577998924606,20.52988417732848
6da6ce61.qasm,512,success,709.6141829000002,691.2852024115854,169.06436842335646,692.9604002931729,302.57897989052066,681.4684926649998,242.97404235683766,689.4227915899914,203.01710339111975,671.0038288779822,316.09916565211523
6de17b5a.qasm,16,success,10.0667903,1.6392715034044405,33.051577774313664,2.6201694672126963,22.435593101970436,3.160549059602403,20.87754850827695,2.378631006533317,20.85487999197985,2.8151578076455572,21.225807806291265
6de17b5a.qasm,64,success,53.133645300000005,7.983245668636437,23.18156765169603,10.150480148895694,14.141548044958022,12.025521116048074,15.542942321772914,10.415795319675174,17.00840154932003,11.619590968476315,12.949319135458289
6de17b5a.qasm,512,success,1966.0381447999994,52.19491964657936,126.81835061581006,307.93544184676745,125.35765916161412,322.8144676255819,90.41436840240674,319.89858388193863,119.51126934788935,270.1368714563324,147.8248716322113
6ee18f92.qasm,16,success,0.172242,0.2213560634993016,0.2565420308776742,0.20424979261008597,0.29154549513551953,0.2047267346622875,0.29536258417797556,0.20440986381544968,0.2911719929852592,0.19885908802750218,0.29984550351043604
6ee18f92.qasm,64,success,1.1563193,0.9058246165836901,0.36645444537586536,1.0053489666110178,0.38120542507744726,0.994923527439038,0.40464264192290744,0.9737132063713172,0.37088805020896753,0.97702840033996,0.42499624451418666
6f16ddc6.qasm,16,success,0.18066420000000002,0.18584443479037077,0.2043555841110565,0.18380423191922002,0.19835084708500958,0.1820407911551654,0.2005269073954828,0.1840106908584026,0.20479322544402676,0.1850230826088725,0.19947210860472164
6f16ddc6.qasm,64,success,0.1723963,0.17768420578626992,0.2663476771711628,0.17398716549743753,0.2575519387136666,0.17202194031093848,0.24906043014788848,0.17488730230608643,0.2578630060657583,0.17578196892480205,0.24625963937057743
6f6328cc.qasm,16,success,6.304043,6.253520625171997,4.227123589729389,6.3672551750348445,4.986272496397121,6.3501982068001706,4.4860629208613885,6.336006577421276,4.06231319887543,6.282308128419343,5.8254897355760775
6f6328cc.qasm,64,success,0.2283101,0.18404110963240106,3.80437855729171,0.18681030658660122,3.868822127492253,0.18604844128323797,3.025473995439811,0.23898679320023591,3.623501581169625,0.22288806732994412,4.396279493932632
6fef948c.qasm,16,success,10.714402200000004,9.069689318329933,7.507381345915728,6.324779675910566,8.597643261184691,6.648968486198334,8.648541517050443,6.235307320322176,7.79488418217287,6.67041786949431,8.599276091722754
6fef948c.qasm,64,success,0.5896737,2.9480846896247153,5.42185526256623,4.176113160537824,5.45081290052217,3.7228721104077565,6.1945985611381005,3.5684662340526825,5.459706520197897,3.5496179755660484,6.348236608719194
6fef948c.qasm,512,success,7.8826795,25.580467427954105,15.263425741915993,94.65867458859556,21.523018346807355,91.98310092584012,19.75677472748267,99.22033162560741,18.56959151602491,106.7511102489028,24.15243477653316
700c376b.qasm,16,success,2.0538495,2.042793694980816,8.445217332608689,2.039709252140313,13.739894307685358,2.0432152504727337,11.854829319191804,2.0364977113431797,10.135068311281172,2.0406076290274093,12.103816596324439
700c376b.qasm,64,success,12.202639099999999,12.025392500688916,9.882415124504218,11.979794438366056,12.706920840697418,11.853654188273223,12.837340862986807,11.92783052566024,11.918831276656604,12.08150454305396,14.115204986384745
700c376b.qasm,512,success,480.9286841000001,495.7591954853588,141.36966885239252,494.39910602777087,317.9115018140624,494.663496556235,261.0281431401521,494.57080005091626,186.59844432938564,493.96563981645596,233.49442073575176
7063be19.qasm,16,success,1.984057,1.9929321420325867,11.676312482432698,1.9928676179475386,16.229378546707945,1.9875523010663594,13.705350804262409,1.9903658236009207,11.943686538062163,1.9914409196784695,14.941077615931041
7063be19.qasm,64,success,15.381964099999996,15.550908942641442,13.325914646292,15.661865036847011,15.862795959299085,15.562002060389556,16.991699598310348,15.711092005684215,15.70644368115903,15.65313193791633,18.82242096607682
7063be19.qasm,512,success,699.658068,716.6108002048431,253.8391538278462,719.6464374152748,444.5365683080091,707.1372831957681,370.8143217156331,715.224133192095,267.12432398165737,703.4680888195475,327.37270441630073
70d5d461.qasm,16,success,7.1855928,5.302307919020751,0.9317964342027124,5.591833798092272,2.068038289177186,5.045741649888884,1.8897472644152467,2.2592886848132894,0.3819401231472291,2.338585346685002,0.4617973660373351
70d5d461.qasm,64,success,0.1600138,11.212305110305698,1.360438930333035,11.573488972501195,3.8560612006398105,5.801198142662406,3.092184207996811,2.8608851239959865,0.856622981477987,2.9863720192919687,0.997835061102455
70d5d461.qasm,512,success,8.8462365,1447.5117912262194,4.254061892748315,1488.1182995546494,52.03486867562111,1454.3281421010345,65.43827213020737,9.80009661741028,0.4657540415598088,9.809823074373066,0.5398156037633498
711cdd0b.qasm,16,success,1.5356056,1.4968041391711322,5.192660302097871,1.4865190207068464,8.811665530042486,1.52319649469799,7.220681118698574,1.5087180633378936,6.691438996729563,1.510054432364947,7.978104657974389
711cdd0b.qasm,64,success,6.9356012,6.910420481246971,7.178698575572116,6.910327776218024,9.227503670007302,6.897047089783537,7.843749948930598,6.859364385221606,7.861185541995908,6.8689863927594095,9.882149692659498
711cdd0b.qasm,512,success,204.2237956,206.64925225309702,97.08679764993829,208.50198418197135,189.6492427486977,208.4664866057601,185.18400390905123,213.88925469542724,101.67869455453588,209.9046327041458,116.87801115756511
72b5f996.qasm,16,success,0.1764023,0.23387405070323236,7.53888263322097,0.2834047850356214,5.727277670489032,0.2740383113184198,5.911386432146067,0.2749846447542711,5.344902904730722,0.2547579893041474,4.309425967600151
72b5f996.qasm,64,success,0.6280924,0.7309613377547806,5.205549442662725,0.8365648405261668,5.133873006335224,0.926336975875501,5.221486389921066,0.8203779748674593,4.9844855638671985,0.7330159294439864,4.253419450731462
72b5f996.qasm,512,success,0.1757353,0.23714062419932036,12.777297799037875,0.25290692274323684,12.100198843998822,0.226650092499526,9.675415719158918,0.23360489686530447,11.81920557384404,0.25313312377143227,11.965694539133828
72cc2f13.qasm,16,success,15.445616199999996,10.039345155897225,19.04186447553112,9.5070166485952,8.079093986793348,9.5308521541521,10.21195727668834,9.509830548074714,7.377359669019927,10.25199410229469,8.206903630350396
72cc2f13.qasm,64,success,25.191536599999996,0.706928031028335,2.016087034446164,0.7238625766541805,2.6817007384308287,0.7966679829633226,3.070831954228746,0.7694493242226538,1.6167381303278896,0.818346338222692,1.9650617520635596
72d8892d.qasm,16,success,0.955442,1.0391688382702098,3.1739207149353867,1.4784841807129052,2.827166088399407,1.5671999142165596,3.140493494325542,1.7412538381270262,2.3143779904187536,1.5498003239883256,2.5579963818019036
72d8892d.qasm,64,success,5.2796491,2.652302912854353,3.667640150503062,3.3030667482039737,3.369187778675979,3.2460636388416337,3.1308812495540024,3.110993728136425,3.5828483839955614,3.537528837299378,3.1711407484095977
72d8892d.qasm,512,success,142.81771470000007,3.3740195065827336,11.75857870276879,45.40897943201307,18.18068453717888,32.0171302659202,12.484203859170574,35.17479536752513,14.252909030590036,31.2925086088406,21.397543833939718
73191d24.qasm,16,success,0.1741543,0.2901543230475837,0.4422516951798604,0.3518819587096685,0.30101156076468416,0.34647268328620806,0.3014318691891335,0.355977758473276,0.34942765147377214,0.34497343826994004,0.31409718745263676
73191d24.qasm,64,success,0.1658449,0.27728434097062293,0.5555629026913942,0.34250627421440544,0.440742796963862,0.3449941287908738,0.4652530719114589,0.34474786338980645,0.5066356404015295,0.3326029648401071,0.47925420102449195
73191d24.qasm,512,success,0.1710847,0.25719993885957926,0.7569764673279524,0.41448654166765436,0.5408853967696962,0.4545444579705348,0.49001854641101483,0.38973098423591246,0.5845104462772743,0.4247449125602038,0.6680038739176593
7337baba.qasm,16,success,0.17470819999999998,0.17805117887086788,0.29758319343085027,0.18026359511696258,0.21589287022571124,0.17884437984485238,0.2227087915540716,0.18016566669984585,0.21473762127260557,0.17901346671056914,0.2292623091725415
7337baba.qasm,64,success,0.1769813,0.17829652407055643,0.3955512140626352,0.17977910880410505,0.27308394943283765,0.17887849499197417,0.2674008303171135,0.17841797692840314,0.27569431674849426,0.17876491697160415,0.2838754361536852
733f4518.qasm,16,success,280.2611961999999,226.612329129976,30.448974537324915,261.28045689910317,14.81020836056177,259.9134864889947,15.70723491980021,252.46838070373082,14.230636061379252,260.6930770654495,16.424748521871724
733f4518.qasm,64,success,27.346887899999995,47.53708504495577,5.392079224685291,47.770935833331464,7.928960497041315,46.189007038687556,4.599754541222308,44.89357503742326,7.483068044748054,46.95793510052069,6.774318449749237
733f4518.qasm,512,success,11435.180826499996,10312.858088604444,400.57163143701524,10341.281882565016,251.82091249248873,9776.702227506608,51.95059352010607,10317.843410082969,397.41205012708775,10239.551187845227,284.62992476204374
73f498a0.qasm,16,success,0.586508,0.26195227317309094,0.46046034383352114,0.3497400283581028,0.5398476337521916,0.39393222981779946,0.5318353136660918,0.3691265879466655,0.47428701318208155,0.44237353041312416,0.4949730876488626
73f498a0.qasm,64,success,0.9841235,0.4263833241319382,0.7478771286536835,0.4935727289759664,0.6333985200955625,0.44381925209057355,0.6752635623959596,0.47932782030746146,0.6035059825984261,0.4478005297304282,0.6597171550769798
73f498a0.qasm,512,success,1.3402632,0.3065759555328602,0.7858445936331829,0.30879626840374264,0.6450141617998816,0.3115390110887559,0.699310922416646,0.39506735104975366,0.5767135883031661,0.3394626289070888,0.5941407869734405
742bfb51.qasm,16,timeout,14399.999999999989,9401.93297206712,6214.007405046408,5925.707619416143,2723.9227353800757,7732.464141767567,3510.0824024680064,8059.364272363081,3411.540820908622,7472.771442904976,3048.0064812470428
742bfb51.qasm,64,timeout,14399.999999999989,8643.078687140012,5518.3657155882875,5425.326057790621,2429.531916941749,6364.075116812069,3446.743691584495,7025.957968907661,2735.8400159415432,6944.970265624411,2783.0385347876704
749ea355.qasm,16,success,0.22915330000000003,0.363165745912115,92.468133173677,0.8649441603037105,56.71753990174191,0.6924517102444614,43.15475738064958,0.6445845262572788,41.18381788004327,0.49483551617555654,41.36357637264363
749ea355.qasm,64,success,2.3689134,2.1769817191276477,46.32323445228162,2.24291334368971,32.52179145204204,2.045749915065289,25.057913235738013,1.6911672692691835,25.945289857708545,1.9974127990950221,25.39948399678979
749ea355.qasm,512,success,0.2225618,0.4927553026799105,102.07763954703776,0.5221857699490638,52.51501192950258,0.3770630134797325,54.55430353676096,0.44657486114813294,52.09647013471135,0.444260637087399,63.54327525055774
7513561e.qasm,16,success,1.7643061,1.755203256298726,10.677464885259027,1.7438669286024473,12.282262616565385,1.7571217256058402,11.375272621138343,1.7530118205430987,9.5878279500991,1.7539496220108215,12.747994387298355
7513561e.qasm,64,success,13.212665399999999,10.592539232505528,11.897358753882239,10.736755544992286,11.653558641290854,10.341755989331928,14.764547848351917,10.471409295845191,12.584156130050731,10.541873853495462,18.1118946955878
7513561e.qasm,512,success,574.2641708,578.7741477900256,267.8918710585317,573.3820684236942,403.01691576418216,577.716262443518,313.0526808692561,575.6297840123901,255.75454162226427,577.2716096413029,318.24801117328803
75137edd.qasm,16,success,4.2534029,1.2551613151796455,1.0433470202056712,1.9461129806534339,1.4761350308830472,1.869597718370243,1.6185521122333724,2.0445067886554265,1.9875774206557821,1.4142172471025618,1.4319944062297316
75137edd.qasm,64,success,0.1687236,0.7768884964067674,1.0437270649624286,0.8471710313550527,1.4057222493931838,0.9881925363482841,1.2128544781632147,1.134864676449637,1.553979418223227,0.8624149652820482,1.2737488809369644
75137edd.qasm,512,success,6.0661241,3.3996292670345323,2.216226320411579,3.115516464625321,10.319893523768265,3.4253271864654855,5.745008296454667,4.376280571628545,8.836335904077888,4.552721850312592,8.053930447663758
751d7ced.qasm,16,success,2.1812843,2.1963050111878637,9.30910039278291,2.1998665025629327,14.644000072001733,2.1968648929505736,12.923840933911285,2.1959967792320847,10.749932561272207,2.1962586167375524,13.42391114613568
751d7ced.qasm,64,success,12.570806900000001,12.698352632350323,10.84322711279745,12.718379095770178,13.502815015292876,12.699921688286178,13.628035514053378,12.725783608578723,12.753389178895613,12.694608562024841,15.5437029618188
751d7ced.qasm,512,success,525.1337435000002,522.3765325195793,173.81051015628796,521.6611805198576,387.6645947683734,520.370364320965,331.6187096103369,523.5172023757308,207.0022919204381,521.2087682841455,291.34253720285705
752a65aa.qasm,16,success,1.7403424,1.7287128011084554,6.994093739913587,1.7453411622743553,11.733042846315657,1.744975591144422,9.348739924399915,1.7429010836744963,8.800933535531142,1.747990985126074,9.105026494979086
752a65aa.qasm,64,success,10.069334200000002,10.115131396476212,8.31124488065806,9.996132769712906,10.442723079608793,10.07873947258087,10.499691285777853,10.137358569739407,11.637686200070894,10.051355425674354,11.581472357455866
752a65aa.qasm,512,success,411.4862542999999,400.1776689818135,123.20836085716095,403.397262137915,245.26562330989086,405.78469387073335,220.35003281587475,407.81038584835346,174.750666583736,404.8639410492998,187.53274566027503
7548d858.qasm,16,success,0.5394256,0.5390920564081669,1.4958041373407602,0.5369421520832672,2.049783847745662,0.5373219183199308,2.30947761497421,0.5331952842502482,1.6977085469654198,0.5389350504630185,2.0690933626131924
7548d858.qasm,64,success,1.3349159,1.379670926190794,1.6688592328893512,1.342765375130808,1.7193447422356247,1.3574358597137852,2.4609137287802336,1.3452691877360363,1.4892393465387612,1.3424518201219786,1.9232808256140685
7548d858.qasm,512,success,3.4632725999999994,3.673928651712871,8.443351372373463,3.5355590008936804,4.8611172893383285,3.614573379037515,5.344683770875517,3.566860947518794,2.816281723503711,3.5357430261201652,4.050711324366581
758554e0.qasm,16,success,755.0281160999999,646.5037663380388,8.384781210230202,606.1626085522344,9.457986979487657,837.9985822561462,8.093128072113435,569.8768447805583,7.02834653413424,829.4165873831373,8.605343312983125
758554e0.qasm,64,success,590.6946547999999,384.41699932394476,3.9532859466755386,512.2224799250781,4.890122323280298,631.7624741399735,4.362586499499245,434.6620112574226,3.704358699710716,522.4551755578838,3.844744776290442
758554e0.qasm,512,success,592.4959399000002,425.8061340714549,7.508593818352789,83.22581931971627,7.312327497338465,89.53124647701696,7.338325539650356,63.24980568703257,6.1237470159671235,90.19066046147321,3.850976928987213
75bd5cbf.qasm,16,success,42.215876699999995,5.777732491936911,0.5642443372218804,5.219533253269283,1.1295789519952133,5.568511168013083,1.1118121410296562,4.723584692826201,1.186235004458324,5.046878938168503,1.1901414003366335
75bd5cbf.qasm,64,success,15.9747854,6.552214872299068,1.2044874242419508,6.098559255681531,2.5309442556850525,5.46013182501159,1.9864146800985083,5.357678175740357,2.19250628967759,4.522872860340177,1.7909068361822966
75bd5cbf.qasm,512,success,41.622736499999995,7.542552827084645,2.8692470480235825,16.4252205255334,51.32497534055085,9.850244137568444,37.05742108774812,15.459108477361434,31.157141835839713,10.310972281134466,34.58833241953007
76034335.qasm,16,success,0.16997750000000003,0.32279731214296437,0.6229851536249824,0.5384654413797557,0.5623278076861349,0.490221515155995,0.5918550964468413,0.46345771667151564,0.5606888896028699,0.4606440181374438,0.5637079144252033
76034335.qasm,64,success,0.7581466,0.40361981165026767,1.655355499275652,0.4530084967621871,0.6640468648052109,0.41364238865432446,0.5705485800721952,0.48399493482373507,0.6233043437298174,0.41235044206331695,0.5605764880121873
76034335.qasm,512,success,0.246009,0.3750576676063714,11.247977311454827,0.2772686275148139,0.4949863113736829,0.2768340416553489,0.405455317756668,0.28278865644282813,0.5223550063749914,0.2901307298117717,0.3827256879277657
76d0b692.qasm,16,success,22.912727,22.92893713770949,25.376050557413528,23.409060234509415,13.24767968880924,23.923218513036712,20.127278194413357,22.050822606822653,11.721711981387141,23.091010305226074,14.642125154071334
76d0b692.qasm,64,success,4.2618177,1.597040258177015,3.1975014006780516,1.5479103350733825,6.876731382091441,1.5753356829381366,9.913755795062666,1.5788027513301905,4.349994009508429,1.5941221877241956,6.564675684955665
77a3a480.qasm,16,success,1.6496207,1.6457425378073118,6.409577176991888,1.646848139686331,10.82996683286584,1.6517784311793857,8.297302834001197,1.650803580691546,8.594256786357558,1.6444595169049991,8.862722628965836
77a3a480.qasm,64,success,8.934466900000002,8.899769141725118,8.45864795091505,8.90544227358383,10.079773314690424,8.886737741186451,9.187727957870399,8.925340479077596,10.787224158688067,8.900947801686439,11.848863643480435
77a3a480.qasm,512,success,343.5808607,334.9762029038543,103.19478504996171,338.9149830599422,241.94088986388456,339.53850709753715,218.14541861059527,336.8910093831706,158.85442331030694,338.3892812665558,182.9967628661491
78adf5c7.qasm,16,success,4.0229352,2.913675125590789,3.8879400875927974,3.133579746518985,3.7175367086236815,3.227410669881148,3.5851923435086763,3.1651336939013666,3.644126709922287,2.829923814848765,3.9525564828614055
78adf5c7.qasm,64,success,10.8530249,8.320991318463237,4.2957499428414945,8.880740393837856,3.802162709491652,9.055715115657245,4.15909959783059,10.194676896959786,4.409031221337098,8.396483632573531,3.4643026862408255
78adf5c7.qasm,512,success,527.2902871999997,208.17559141576672,28.015706837001606,389.9604319710071,43.79735907496142,326.72821769120856,40.622061165167345,354.06990885700776,62.07865070303707,344.69245352619487,54.85240689151789
78f96e37.qasm,16,success,1.3827565,1.39452572155351,4.189746302142057,1.3995623241801711,7.3241674517972815,1.3942887754792899,6.4073019596619165,1.394527549599573,4.800262039434288,1.396248950023141,7.165556595653308
78f96e37.qasm,64,success,5.7355776999999994,5.722429813156529,5.58634745307788,5.747625386642293,7.190403689652894,5.711594724737877,7.629877280591523,5.713595495240651,5.634438595029133,5.725328990148482,8.99324837645877
78f96e37.qasm,512,success,134.27502299999998,134.2102262767018,60.93352042185102,133.53450609297434,147.84856940853433,136.37572017100817,150.0538307671266,133.76413701394875,75.75534922590185,134.89339129274552,97.51887243953044
79b12d71.qasm,16,success,1.6729174,1.6490114502459587,5.770781237386349,1.6529917981245303,9.945749276077702,1.651210588289128,8.267121493325215,1.6578198004185134,8.208045918753193,1.6381513013545435,8.20611824433019
79b12d71.qasm,64,success,9.5001241,9.52596338304279,6.462376037488159,9.527792260399078,8.801619554283574,9.546598483823056,8.941859728864873,9.513479365656783,9.533347334885933,9.515656639383547,9.998770830734879
79b12d71.qasm,512,success,344.1290951000001,343.60407561298115,94.90014370155912,344.7054077301361,186.68913157144368,346.0817007031493,177.31921027403624,345.0665384229369,146.50695926202343,344.78824872369734,144.74344666496432
7a0c7e70.qasm,16,success,408.48818259999985,455.1947312211663,65.84807039218369,512.7023995596035,39.14351867377958,494.34427374722867,58.217447893910524,459.29903733205873,31.657285805896397,491.89746847925284,46.84914671621381
7a0c7e70.qasm,64,success,280.2108366999999,478.976846315734,11.86449024461323,527.1170875601427,23.718390945531205,481.8752144447985,27.51388595980091,460.9740242317567,20.317606761713026,533.8569722834508,23.746413279570955
7a1c98cc.qasm,16,success,3.4877635,0.2415797308672024,0.29667896770221586,0.28695800743596045,0.33305485870634227,0.2789884485828273,0.3091053465595887,0.2767409637455289,0.3188381921027075,0.2803889495573412,0.3373801476526782
7a1c98cc.qasm,64,success,0.6781891,0.2658303785469686,0.28906937985738423,0.3532451361676358,0.3279495090553794,0.3467022094475128,0.31014923568796415,0.36172446540656816,0.3398976976403812,0.38145464584889754,0.32547452944513106
7a79f013.qasm,16,success,438.9453946999999,125.66013347060048,79.01936632215858,148.2206943811504,102.50910131170109,152.8756220144551,104.55998876810548,150.3771253193127,103.43953045651345,134.36011491347134,112.32872150709117
7a79f013.qasm,64,success,923.3542458999998,72.48245375472898,137.95865468542445,100.9609402302141,172.14376092824443,114.49766244846171,160.42125956646342,98.21535281166614,170.20515187803863,97.22961344037351,171.4889466487958
7a79f013.qasm,512,timeout,14399.999999999989,3791.0919707905346,3691.083441540651,8756.331669675914,4512.2903689725135,7530.637908010077,4989.083387711889,9978.39780773845,5390.315502681608,8311.9098132673,5855.325182299178
7aad2132.qasm,16,success,2.6700853,2.6831112105049346,13.520397007174992,2.6815610583751885,17.34650267685444,2.6710688271565157,16.765625938002188,2.6927359291919433,15.525450993913937,2.6706450960891273,19.389871395922167
7aad2132.qasm,64,success,20.941539600000002,21.038505387925056,14.202580194015978,20.972893115839778,16.494151016327013,20.993930869634355,19.571219904174242,20.977329018336146,19.66251118653032,21.005896377521978,24.714592899402472
7aad2132.qasm,512,success,959.7448176000003,988.2787058828272,239.01197143083533,973.0277611613801,406.09272508015175,995.0110046152176,350.5238064106645,975.6845192672438,307.7484173517117,1000.5834992429826,401.93119091509357
7afdbe61.qasm,16,success,2.2713569,1.9155189806111133,1.4495629324161987,1.9628480343614398,2.308285609665678,1.9505410182393088,2.242595950697095,1.966287824372908,1.8870169808665263,1.9830066505999195,2.875061008001606
7afdbe61.qasm,64,success,0.1793947,0.18062333584486703,1.598927248205416,0.18057001362975314,2.149430663430813,0.17836123545184382,1.7878924662528721,0.2038479980313992,2.096323900665118,0.19489863880208655,2.0974915797675324
7b19558f.qasm,16,success,3.3083295000000006,7.849331291420247,3.7168624226786795,3.4075195478781692,3.0939706367329727,3.7870746942562103,4.379753104153934,3.6234117891391544,2.9135052162615462,3.6013994722980494,2.4352390715086316
7b19558f.qasm,64,success,2.444386,3.079070009820473,4.1019050451967365,3.792533121639419,5.112255479245929,3.435485492017639,5.65280396627778,3.4682721804769834,3.9752090378071725,3.6223004405118737,4.147447801555859
7b19558f.qasm,512,success,3.3641784,14.572335831236204,6.711292596977359,5.743121675645131,7.431904508444939,3.593742466241079,10.628581662421551,5.543377600967187,9.921210293548274,5.709417582892219,7.602831866936515
7bab61ca.qasm,16,success,75.00299399999999,19.699168817411348,0.48736320019028834,13.466794340918833,0.49053472691416133,14.57270400355954,0.43353644017180704,12.976632176069293,0.4062512175200953,21.69829820394185,0.43206939020585194
7bab61ca.qasm,64,success,43.55957699999999,22.00783176304184,4.522565066610441,16.253398081194437,3.9030944358781103,18.094727247499907,3.7320058707556965,18.02834089312269,3.8702330281472967,27.055163813296893,3.802894175834747
7bab61ca.qasm,512,success,74.85026579999999,19.43565915485567,0.5690306235508195,14.603172622938319,0.38277923192754115,14.848512554790922,0.3325596767934828,13.17129223175178,0.34168513318323607,24.10422279040641,0.3631614613284316
7be7d477.qasm,16,success,2.4134915,2.3775658445964853,12.786045488165717,2.380279064642278,16.4623866958256,2.3807060002651137,15.845472312880398,2.3755073934387188,13.684364635058945,2.3803365642984105,18.760780847452082
7be7d477.qasm,64,success,18.077428899999997,18.164950027070248,14.171933706896345,18.128696473847256,17.404396725975865,18.190952517988524,18.949660851091664,18.154732482800213,19.090502289845432,18.183152035669423,25.579559742730986
7be7d477.qasm,512,success,843.0826304,626.1131084716208,231.6579587692448,640.9169899543152,436.25934449837297,612.5713107625174,375.07722619519564,641.8029009015816,293.5019253877797,608.6579585913422,405.8944815001768
7bf0f1bc.qasm,16,success,2.098813,2.121266922898508,9.09155452815281,2.121592150430368,13.644860063403163,2.120728900570514,12.328424214387296,2.1213044200989435,10.250071855492015,2.1214266871973084,12.775383965379449
7bf0f1bc.qasm,64,success,12.182565699999998,12.153085462770202,10.543857469361551,12.157081242439094,11.998645523489479,12.162014127740404,13.703502303255613,12.153650968392608,12.145141959691765,12.173970671901971,14.890843882961674
7bf0f1bc.qasm,512,success,495.0731022999998,495.49406604425485,172.1192128692061,495.90948751466675,347.6839642251755,497.021415005184,318.1516284106865,496.69171967196655,203.90913502621464,495.86193403225246,283.53056829590355
7c9f6bae.qasm,16,success,2.2005587,2.1906486109934007,9.30910039278291,2.194577479761221,14.644000072001733,2.2061993052669564,12.923840933911285,2.20149280654377,10.749932561272207,2.2104938967684733,13.42391114613568
7c9f6bae.qasm,64,success,12.6793433,12.684618754048591,10.84322711279745,12.654911493648331,13.502815015292876,12.665620357199947,13.628035514053378,12.633763681230569,12.753389178895613,12.658611586143731,15.5437029618188
7c9f6bae.qasm,512,success,524.4238940999999,524.1318331748201,173.81051015628796,523.9778962534142,387.6645947683734,526.1675711776732,331.6187096103369,523.9571213158522,207.0022919204381,522.0990112119316,291.34253720285705
7d6d9a38.qasm,16,success,2.989781,3.1051341588651296,14.796256905813827,3.08048658674583,19.9683268151011,3.060571204483388,20.344614306766953,3.102410994168243,15.850203935088869,3.1449391526246897,22.066658323195707
7d6d9a38.qasm,64,success,23.563448199999996,25.701850679226943,15.535312704780349,25.314121619194246,18.40360122572991,24.943966730546666,22.827740203792594,25.218789476212674,18.644280479641633,24.737616507192246,28.117809466348778
7d6d9a38.qasm,512,success,1083.7143292999995,827.3902323744896,222.68034758185266,818.003676557589,451.6461129059631,712.3913960256419,373.449623708849,841.8643393102963,299.7198797139609,726.9958740673336,417.6009627551506
7db40afb.qasm,16,success,0.17392759999999996,0.18103875817357654,0.2600525067079273,0.18084027233159425,0.20718804974214342,0.18050125644999002,0.21642307367373437,0.18111522465239782,0.20810699050059592,0.17934401858236299,0.21419111522593862
7db40afb.qasm,64,success,0.1741671,0.17741915806063224,0.32174128425368154,0.17821115535290735,0.23867728924782428,0.17498576884821845,0.23625882580713037,0.17719317456849049,0.24400581094364748,0.1751532911357376,0.24353371878830304
7fdad0c4.qasm,16,success,2.0015231,1.9939168603391149,11.61449371433627,1.9972774938844662,16.089611274033633,1.9913421615827793,13.705350804262409,1.997229354626377,11.943686538062163,1.9969742657248244,14.941077615931041
7fdad0c4.qasm,64,success,15.542053600000003,12.366687154817136,13.228027891170997,12.237424278955336,15.7405844274267,12.14601504628272,16.991699598310348,12.129845433115618,15.70644368115903,12.311413166815242,18.888148185159377
7fdad0c4.qasm,512,success,695.6832452000001,632.2094339874777,248.3767159528131,620.8335664301211,444.5365683080091,642.1724508724344,363.1159336308077,643.9670918631538,267.12432398165737,643.4000325847974,327.37270441630073
81af3d74.qasm,16,success,0.24346440000000003,0.20580194155920695,0.3148492035948179,0.21646888542599688,0.32221436674788045,0.20128205028798177,0.3708836112875437,0.20736365045624697,0.3476195899193414,0.19498690326437632,0.3712993358506806
81af3d74.qasm,64,success,0.1806651,0.20180703235680256,0.4116992495698285,0.21213932694736057,0.3932492818048963,0.19806382365806133,0.414776795655835,0.20477120124101506,0.38364627612987773,0.2039319904774952,0.42633426366052485
81af3d74.qasm,512,success,0.23417009999999996,0.19928613826018102,0.4181800814788907,0.20460666482299233,0.2861171632237759,0.19840648340389166,0.28380615756438987,0.1985581299395803,0.2923225434935791,0.1963983952181566,0.27836777247173994
81f388c7.qasm,16,success,0.17924560000000003,0.2844472823905113,0.4912750677345742,0.23448254595562756,0.26450026973014096,0.23866581416584703,0.2678660571260894,0.23350508384742152,0.32523791588731527,0.22848237788401995,0.327426282303706
81f388c7.qasm,64,success,0.16809340000000003,0.3007371640859913,0.4828205118943956,0.26328901404536853,0.3479027791397963,0.25834998487135585,0.3573418313262602,0.2661236746738203,0.35547159944106294,0.2637177529707745,0.3682627792391562
81f388c7.qasm,512,success,0.18503920000000001,0.29097269639965867,0.7193888907716608,0.24606987139169537,0.4669438388862881,0.2526957125479123,0.4408622957340381,0.26072572236176794,0.4486018351875001,0.2665696713501471,0.43298361955501263
81fdeb0a.qasm,16,success,0.1736968,0.19626675035515423,0.2834736531431314,0.19469955168253447,0.2083671348449715,0.191570724753757,0.21787867137788502,0.19210618840588867,0.20560607831655867,0.19234038671682135,0.21111986211676192
81fdeb0a.qasm,64,success,0.1638945,0.18540199140207192,0.31460054799019743,0.18188718705865375,0.23264324346648405,0.17757391626872002,0.23687987339190533,0.17893735998561375,0.2377207712339695,0.178243577206796,0.24640521369760227
827a3442.qasm,16,success,0.18011539999999998,0.19739997385039168,0.1862319423902406,0.19726410099122002,0.18752419014642496,0.1928773259306402,0.18550299677056997,0.19765298281740246,0.1855447926810917,0.19212718026729078,0.18612709414778228
827a3442.qasm,64,success,0.1755154,0.18296575800169498,0.1900880174093774,0.18683349960355675,0.19451199626687968,0.18122422411644357,0.18895425214646452,0.18301491676683207,0.19248511994577588,0.18030488374230055,0.19046140257121616
827a3442.qasm,512,success,0.18864619999999999,0.18105487539373172,0.18940938754190098,0.1817358290486588,0.18424382124143618,0.17900743752513293,0.18422439078251576,0.18013870821633884,0.18450630671303203,0.17989259673406136,0.18373310947153643
82b89c68.qasm,16,success,3.2725359,3.2260668374942187,3.304247983395691,3.37355602548113,3.8522999225216767,3.410077748710128,3.1325362549577114,3.3489828160342943,3.050086586064712,3.308955641353452,3.17242826514197
82b89c68.qasm,64,success,0.1596555,0.18074339946651713,3.335331676775797,0.17726375428702326,4.444649092075539,0.17953326095376657,2.4396251589679228,0.17555713550111676,4.439061269763857,0.17447669304398125,3.3511448931139207
831c33e1.qasm,16,success,2.3401965,2.357376796931435,12.786045488165717,2.3546515360554907,16.4623866958256,2.3475681707306313,15.845472312880398,2.346084956851106,13.684364635058945,2.3503113714548336,18.760780847452082
831c33e1.qasm,64,success,18.073409800000004,18.048140426034745,14.171933706896345,18.122293220901348,17.404396725975865,18.011468349661865,18.949660851091664,18.15450165766546,19.090502289845432,18.198230953397598,25.579559742730986
831c33e1.qasm,512,success,839.1603764000004,747.9450214901913,231.6579587692448,754.8932515414517,432.1502531971746,734.4034652922048,375.07722619519564,742.8768308399817,293.5019253877797,733.8048438917331,405.8944815001768
8335b01d.qasm,16,success,0.1701279,0.20212643311847536,0.20024233776133185,0.2008317380086905,0.20778094811973194,0.20356139218717823,0.20494736688412662,0.2043093608495477,0.2048859957536059,0.2054429895334639,0.2061951225140175
8335b01d.qasm,64,success,0.9557037,0.6931433811550459,0.4579176367457047,0.7046878593289423,0.4679483887045466,0.6847359382642525,0.42268634745605155,0.7108756789009019,0.4973577376510916,0.693401308606534,0.41925600793783774
834596bc.qasm,16,success,204.27585150000007,41.52017144111392,15.651322986006079,28.843565994574334,16.66939983345646,32.71573548201555,16.288223427713223,32.216064979085594,17.66774126723902,36.437387575582676,17.250910771662117
834596bc.qasm,64,success,835.9329551000003,35.863522645643904,12.959329770438437,32.64497618647647,8.257144169550875,33.26061203774589,12.223912027884564,31.944823151093537,11.745768114597082,37.207346313980274,9.124567330698774
834596bc.qasm,512,timeout,14399.999999999989,45.60665422899713,33.05509755629285,119.40148306398953,17.130854597234716,216.05999947261674,37.80429971332166,130.75103708870037,20.073301486128084,173.93104479955227,23.46993919732703
83b22dc5.qasm,16,success,1.2476565,1.1851602591518973,2.971236164857053,1.1990767299676035,3.5472303209435077,1.1868107375922838,4.369041960998992,1.1945807436390312,3.5030755296109968,1.1884091937909038,4.919471058081032
83b22dc5.qasm,64,success,3.4044359999999996,3.3706002233810155,4.197931539076161,3.4088304740892013,4.573435763642413,3.385112345247692,5.331614371538748,3.395343107203394,4.595540349684923,3.409906010573465,6.191082388314145
83b22dc5.qasm,512,success,72.29796490000001,70.35596778113494,30.808350709449837,70.71744142340707,71.81444065225772,70.30704569653071,65.87459542478904,70.81404213465098,45.1027204117236,70.67614734798259,54.10077786176486
8400dcc1.qasm,16,success,0.1777404,0.2125832920660543,11.71188574315546,0.20736075220068143,14.69339303093673,0.2129954073944838,13.709892086201132,0.21132057600556559,12.260664195377391,0.2208629860650002,12.914615238245952
8400dcc1.qasm,64,success,9.1855849,8.553930120219729,13.57121474396469,10.051368165425627,16.356525569456654,10.108262715016181,16.531375456627487,10.07990384907211,13.331310601446749,10.256287990419345,14.733480073800072
8400dcc1.qasm,512,success,0.1613232,0.23882993233476724,17.44966036327534,0.224058317229485,13.887948314214775,0.2191669973664369,18.370208400254537,0.2238540365470997,12.724079792169096,0.23676218183331957,13.456765753268693
8422040e.qasm,16,success,0.1669148,0.17815097638342248,1.8301271900061191,0.1788404219968609,1.916274059811561,0.18065110574801427,2.0475779386368758,0.1792316850198679,1.8660552565705053,0.18039691398227034,2.2522820299007464
8422040e.qasm,64,success,2.531916,2.203424565558199,3.8006218916673085,2.257553415738172,2.84811290682771,2.276368915959241,2.8082341554007093,2.217443073208479,2.9161425102727305,2.323962815173696,2.946635177732074
84fe3fba.qasm,16,success,6.975659199999999,5.308504316398284,8.341808259329465,5.230915047743254,10.227657576541551,5.3324471883911215,8.952557012241646,5.123071892738083,9.35350226554143,5.316165061405567,10.63168997684955
84fe3fba.qasm,64,success,0.3869507,0.4179531846350238,4.3634637025628855,0.4358773706540367,5.4131221291490705,0.4328206772205626,4.744014706638636,0.4292070838394106,4.960931525552716,0.4315646505697622,6.00934568422502
85317608.qasm,16,success,0.1957883,0.21356324801901735,0.2488837521151745,0.1975606134966675,0.21164399875992032,0.1962079931977763,0.2029917690370997,0.2029656088034873,0.2087674812454147,0.20562088836919343,0.21732285073659777
85317608.qasm,64,success,1.2040827,1.0835068657320324,1.005900401223929,0.9585148939025782,0.6549854856476428,0.9928527200646251,0.6865986103283118,1.0315977672853207,0.6609878051733858,0.9880004491504256,0.7131887205279676
85317608.qasm,512,success,0.1699598,0.22637673306121725,0.2574709323815072,0.2017951551022812,0.22931051008947592,0.19834187472243425,0.23119899080615952,0.2220930532179469,0.22082448059976287,0.2189110158011678,0.23659992539534194
85863407.qasm,16,success,1.6870991,1.7043385977177434,6.601033594460281,1.7080602783394936,11.550895817761514,1.700925338168916,9.809682533856279,1.7014695947166305,8.566212250780483,1.700827603975302,9.438675290663145
85863407.qasm,64,success,10.459693000000001,10.522345545076291,7.528441686939137,10.523896671320838,10.407817488924957,10.525979280312017,10.311611476755798,10.503457959904612,9.953343363804443,10.530119543702405,11.374422990083241
85863407.qasm,512,success,408.0020963999999,406.13497444362446,104.4356123263085,406.70404009821476,218.99325846278512,406.39623689225726,211.19492187456953,405.46091239958434,168.69992552323131,408.15073132603254,180.7829916730302
860cc392.qasm,16,success,1.7032305,1.7046551011024282,6.601033594460281,1.7091144055627323,11.550895817761514,1.704897615937601,9.809682533856279,1.7009830893850713,8.606595325579882,1.7006843531086373,9.48532375282839
860cc392.qasm,64,success,10.515155199999999,10.411714482669538,7.528441686939137,10.436000948230593,10.407817488924957,10.379137036621167,10.311611476755798,10.445241355493012,9.953343363804443,10.423020020157157,11.530724860899145
860cc392.qasm,512,success,406.09597690000015,404.8827560142457,104.4249040993776,405.95307049119685,218.99325846278512,404.8911172692904,211.19492187456953,407.3571150685161,168.69992552323131,404.9748085237288,182.16837973977746
86464ad3.qasm,16,success,0.18273949999999997,0.24343324269906633,0.30210755469628126,0.2866758708490708,0.3130716056181865,0.32341410923450387,0.3066375282491913,0.2841623997297469,0.3293925405613267,0.28502172498241074,0.3196037218928786
86464ad3.qasm,64,success,0.17549750000000003,0.2409963376399703,0.30848936586215797,0.21665768694081072,0.26815562393350656,0.22029270040274312,0.29116155147794415,0.2224676749194973,0.288341459658159,0.22599092800429177,0.2894938426283595
86464ad3.qasm,512,success,0.16250770000000003,0.27065161496799883,0.4080346316354551,0.2086195489454462,0.23236877848086804,0.21446113996566374,0.2547683879747102,0.21582764079979166,0.28698916837652566,0.22590434719429175,0.26731784572300354
871618c1.qasm,16,success,1.3089816,1.3017427218243791,4.8533332632939565,1.303760911231967,7.407483742428738,1.2931972660321744,7.558987373568267,1.2962244509510468,5.554550261665623,1.2955791312767182,7.725274632960416
871618c1.qasm,64,success,6.5168705,6.542053013647297,6.516543219142395,6.525504104406222,7.431435878606462,6.461238145238717,8.816264501811851,6.515378793445842,6.428449385033389,6.51596893546123,9.796179604948614
871618c1.qasm,512,success,209.71884079999995,212.31564483198534,74.93172751085477,210.51509117294594,160.0026705963476,208.94519725868358,177.4007579064926,209.08019925579134,108.79369454451565,209.94978201090365,119.54933255819793
8732dc00.qasm,16,success,0.1784655,0.18678111516880225,1.569151614621591,0.1823385304171055,1.2372298777340467,0.1845950929383581,1.4366047705739777,0.1858698395649633,1.282377297783062,0.1844323531629278,1.5321879313958753
8732dc00.qasm,64,success,2.5046016,1.9880614776010075,3.67037075861289,2.1941412917956677,2.509733436461531,2.296928163256318,2.7656071762358563,2.3032345678658235,2.0538257008644525,2.105896172131564,2.0861941813978735
8732dc00.qasm,512,success,0.168138,0.1985476087425193,23.40542754350449,0.19934274980430167,3.433173490837641,0.20016514836947588,4.4661170812541195,0.1999737818265751,3.896488414376663,0.20016736503496613,4.421573520219877
884b47f6.qasm,16,success,7.955765699999999,5.672235614511937,0.9579487435468305,5.806768172385754,2.1188996250781997,5.472385945128093,1.884011163999952,2.346325309656951,0.42760412219981203,2.3414975799249316,0.4685393824253976
884b47f6.qasm,64,success,0.160642,11.041289820760898,1.409837962145626,10.527485484665382,3.9942708768810125,5.755628752135011,3.191301733755499,2.975836535359454,0.946665972375104,3.0574432824221436,0.9783749978268209
884b47f6.qasm,512,success,9.740085399999998,1528.9645971435823,4.647999273348854,1440.8784340762886,53.55088105725576,1487.2582058791481,65.12449121339046,9.709323963610549,0.5763925800705951,9.825419086307683,0.5162267104355428
885efe5b.qasm,16,success,1.0773573,1.160485828485342,2.9652056029516918,1.1596761424787045,3.5472303209435077,1.1620759877070173,4.2976788555312355,1.1625012257415455,3.485687471242949,1.1554464487769396,4.919471058081032
885efe5b.qasm,64,success,3.4264061,3.4249151078444227,4.189411218032585,3.40684659729871,4.573435763642413,3.395181349423785,5.268073059937317,3.4055251716203654,4.5728774927830065,3.3748692921102323,6.191082388314145
885efe5b.qasm,512,success,71.9190057,69.6940443635091,30.148468186028378,71.08656607580083,71.76897171379882,71.7554104440303,64.34122515921918,71.44149318067782,44.88029683999973,70.5702896454812,53.64302422130765
8930abda.qasm,16,success,0.1753091,0.19703326940702728,2.759384610680552,0.19739283900267665,3.659623839534674,0.1965618399833409,4.04206712762706,0.19561436911963154,4.637225486818394,0.19325666897915375,4.715235197789627
8930abda.qasm,64,success,4.584768,4.894440932537765,6.248417030795184,4.924342454535383,5.9870817729360155,4.977107227074826,6.471360323376597,4.868030254209516,6.311121404818139,4.884003625472088,6.46848216290442
8930abda.qasm,512,success,0.17470540000000004,0.20172801808158483,10.219900726209762,0.19073863903369687,6.4317637560881815,0.1852498003414856,8.31283730622504,0.19250752954836556,8.02885414487042,0.1862411927514,7.878076441678294
896404d8.qasm,16,success,5.552108800000001,7.1083869782745825,8.000600300093595,5.933785621029444,10.280790512046487,6.089037737332155,8.852847578397833,6.6438548509951305,9.122975644614655,5.552471463405842,10.929467061404583
896404d8.qasm,64,success,0.4324345,0.6866784544838949,4.34155063023326,0.6570467466643334,5.546014939648704,0.8318195146630879,4.935967197807179,0.6174965030563254,4.962243176060006,0.740042662311994,6.366425891105976
8a146ce3.qasm,16,success,117.96490089999998,134.45044550017195,58.28519785507214,132.44995423403122,18.56769357245036,136.9248839161802,23.00406735093392,133.8566727757398,15.955941011903704,133.76591824065608,15.771821888230596
8a146ce3.qasm,64,success,201.1105238000001,171.7863611984229,8.237240983069817,172.881216192703,10.975886305469217,181.6745024043333,9.73684552127367,166.89703958885733,7.10235540244859,179.1338386750517,6.15456249539024
8a1c1c3f.qasm,16,success,0.1880215,0.19581337047281636,0.20975586822024073,0.19520674310393607,0.20550300168743438,0.20540983865003026,0.20560706813182283,0.1962852000231576,0.2128167933285245,0.19961940615675994,0.21053780178387377
8a1c1c3f.qasm,64,success,0.2685849,0.23955081077952284,0.2932345368115092,0.25423443378760296,0.2597095176310112,0.2616652170510596,0.26359703554717157,0.2389053553067915,0.24384316545195794,0.25022043643418007,0.2811218794895511
8a1c1c3f.qasm,512,success,0.1869095,0.18860440149976826,0.21514613020120055,0.18859408077102527,0.20351761662031073,0.19369853811059518,0.2145435419484698,0.18701672166164512,0.20670749134156752,0.19319093376811053,0.2101217743063991
8a2ab626.qasm,16,success,1.7081607,1.7612692582044789,9.083677828085886,1.7629086961837186,11.481807190419097,1.760022358662977,10.222228474760145,1.7717043118856626,8.280788734107277,1.7609695733548631,10.840237896338941
8a2ab626.qasm,64,success,12.2454582,12.126709233642226,10.220701234639332,12.285412546311832,10.87185128742876,12.279433644297136,12.7690478716208,12.164488986653843,11.353759835381737,12.269878200176151,15.542913416856964
8a2ab626.qasm,512,success,465.39449480000013,491.0068709597079,199.30253194516337,486.67394014551434,319.9147495306029,488.76199914815,265.07407640462907,479.1304098077084,192.7290001784528,495.8966410166428,240.04304531605032
8b77bf87.qasm,16,success,0.30872999999999995,0.29056274565158696,24.02909385435624,0.29624301929219093,19.233484142269,0.3187765753171373,14.373534125597171,0.317509140435641,12.759900444780087,0.3255668952992858,15.526608180429907
8b77bf87.qasm,64,success,10.140678399999999,7.956932506918108,22.841443834102222,7.320874764720124,20.202624154217855,8.238087254953891,17.117800457929917,6.958014270319775,12.386640968417234,8.169303480793827,14.570461448473884
8b77bf87.qasm,512,success,0.2988881,0.36181435424705605,75.13231101052301,0.29112617928071743,17.82386839852318,0.32830055932185065,15.762970609931457,0.32671377194740686,14.061588768944667,0.3321095590225166,13.698791198979292
8bd576fc.qasm,16,success,5.323393299999999,6.991871488926711,0.928126363912854,7.091840476614048,2.0665160033803347,6.8881206644261574,1.8563607084965286,5.609171937666768,1.7274754237572567,5.728046516690485,1.8243760163298128
8bd576fc.qasm,64,success,13.2989912,0.16593446414826582,1.344075199134418,0.1699893384486802,3.875502041761293,1.3226212630823941,4.245894093565752,3.69171120328416,3.519458033944045,3.8397022722563645,3.970530759747088
8bd576fc.qasm,512,success,1464.9315561000008,9.430976170455205,4.254061892748315,9.061828761639301,52.02053241041843,441.31620086917366,100.31398657918791,1420.2399578672569,72.73239438309727,1574.2913390184158,130.16402426769608
8c01a935.qasm,16,success,2.698982,3.5700179797815617,3.58770215003237,3.356025191588527,2.945234771708923,2.956399583072165,3.233926062688381,3.124701672071152,2.95999598426173,3.095001189014366,3.28602053054223
8c01a935.qasm,64,success,14.733067500000002,11.565897751312509,4.827292576994533,11.217124442629741,3.931713233947494,10.701296789412694,4.680601933940804,10.570398525283736,4.555601318017173,10.254324776350174,3.687162574785836
8c01a935.qasm,512,success,483.89700409999983,381.9089320737422,28.003385602345,333.3894637820775,32.15416634137263,384.2899620762814,37.106440035422246,300.7841771671507,42.12679891614299,349.7256965946962,34.13824164788995
8d5010bc.qasm,16,success,0.21662629999999997,0.20367846712294255,0.22151693788838484,0.20145741588291638,0.237201291881354,0.20205929141481943,0.25784939708100224,0.2008837842661076,0.238841149315597,0.2082123789953747,0.2524833291105735
8d5010bc.qasm,64,success,0.1708347,0.22614326537534923,0.29091067439546675,0.23063770393979338,0.3470670789630913,0.22741346462225792,0.3405611191958113,0.2249076576293744,0.34499222786947065,0.2212904242361876,0.35242492273895953
8d5010bc.qasm,512,success,0.2035061,0.2089738998373652,0.23882432864933165,0.22104873738874337,0.26340515660393865,0.23770344658615578,0.24798755996473087,0.21266201476603472,0.2587754795009029,0.2131617645799507,0.2579213012804535
8d9d4033.qasm,16,success,1.0986492,1.0885428622273472,2.4375608544709104,1.083612031249916,3.171601649087912,1.0746407801780862,4.251031645973624,1.0827123168234858,2.937628518677397,1.078299084302346,3.8046984532610026
8d9d4033.qasm,64,success,2.5595098,2.5614483514999806,3.366560345582469,2.5653614929052173,2.996589363720392,2.569124994580889,4.5273843561852285,2.5811882174933864,2.867158397652672,2.5546305851479465,4.0233724923197
8d9d4033.qasm,512,success,34.40687870000001,35.1997954546056,24.92933223986449,34.505132482996665,53.42811204479236,34.65112876384876,46.966780261962995,34.286315229945885,33.066660571257934,34.57804581546778,38.01272746354095
8e84b85a.qasm,16,success,0.18267619999999998,0.1930051344697815,0.20772694637764857,0.19258040641140428,0.20503709827252534,0.1940187936072701,0.20094806334171994,0.1952421307705535,0.20423422076072437,0.19637443364973672,0.1999504082446689
8e84b85a.qasm,64,success,0.1524136,0.20579347392374153,0.2622690650234458,0.2024866742161192,0.25687451848319004,0.21130212256739536,0.24019514180682583,0.21087625019080392,0.2503258454958002,0.2126726603137286,0.23387913067601446
8e84b85a.qasm,512,success,0.1863533,0.1889891221491857,0.20218336389008015,0.19006669131267284,0.21609379732520995,0.1912915443361226,0.20651413280197942,0.1926550826200684,0.19760042509026893,0.19432316474007647,0.19992795217000173
8e9564e3.qasm,16,success,1.4540433,1.4393567228417,5.719629421766723,1.454156447206424,9.040477319660324,1.4511677947704293,7.975743784344281,1.459821515286257,7.737391108971323,1.4579550889608144,7.962903289225467
8e9564e3.qasm,64,success,8.4504558,8.443499058655394,6.817758865210951,8.497895757553538,8.666394092559493,8.440689317434234,8.50595786021761,8.379215662081883,9.26615337219348,8.522137740818298,10.236853941712095
8e9564e3.qasm,512,success,307.52745439999995,312.5651164085061,87.26004813949156,316.20996403908885,192.8500156781901,310.09564693108604,163.17135901842732,310.78968029006774,144.19902789258617,317.6662512550865,133.6822069410956
8f4e1b64.qasm,16,success,11.0098067,17.691024461847693,19.04186447553112,17.475029239750505,8.212097808186773,16.726758257204736,10.21553934910938,17.738827476812126,7.391003931699601,18.145140364541547,7.9883608725278945
8f4e1b64.qasm,64,success,0.5562086,13.196025830844407,2.0444082458667734,16.76072383477403,2.690046483288004,15.385702646500171,3.070831954228746,15.10304652930696,1.5465533386713342,16.325206194914415,1.8616652370058846
8f564e3e.qasm,16,success,1.9908197,2.00974719789356,11.61449371433627,2.0022387488130775,16.089611274033633,2.002331788220005,13.705350804262409,2.0025288853671555,11.943686538062163,2.001949780374634,14.941077615931041
8f564e3e.qasm,64,success,15.576776499999996,14.533171954633211,13.228027891170997,14.511720011797534,15.7405844274267,14.804280598831589,16.991699598310348,14.416736668949591,15.70644368115903,14.497831794119142,18.888148185159377
8f564e3e.qasm,512,success,689.9786613999997,686.3101767945752,248.3767159528131,685.6596665334368,444.5365683080091,690.8939126872893,363.1159336308077,696.4978432865298,267.12432398165737,695.4532828661573,327.37270441630073
8f8fbcbd.qasm,16,success,712.1879557000002,789.7256463577065,67.93037553601754,891.4495000018214,45.045505481964575,859.1443292803638,66.6560661143187,873.8299385039408,42.38068041350765,922.5703271297432,51.6355575364911
8f8fbcbd.qasm,64,success,1437.2253333000003,708.4086871041044,12.921940525276977,759.0255918033516,27.171687229752884,766.047532601933,30.551794149997335,733.9165926186394,21.66793914000248,792.7229843424502,26.70097552926293
8fb9e9ac.qasm,16,success,0.1811224,0.9032150292885112,7.990160109882661,0.8332707424468333,5.616344392333891,0.74254193100802,6.824635853991017,0.8716843529539505,5.4203912466379665,0.8027632558723683,4.526300220038043
8fb9e9ac.qasm,64,success,0.5304693,1.2140456834518625,2.7538752879597745,0.921561482745211,2.4249747978275673,0.7519453700919496,1.2671782764148958,1.0451099345526786,2.623160821035492,0.8507959520000625,1.7718407369078777
8fb9e9ac.qasm,512,success,0.1635519,2.854872357560627,33.48469585344636,1.2035908666239499,16.944650192720797,1.1506538934500992,28.897182368047453,2.5679435989953916,54.77731968846163,1.7819143997332016,83.75625354960036
9143d50f.qasm,16,success,0.1758806,0.21672799089483544,22.80124227761702,0.2159047075301958,14.83960084348436,0.2197616091684101,13.516990300419245,0.21620544032513309,15.95338887700174,0.21467866775084296,17.5231625559453
9143d50f.qasm,64,success,2.8306142,2.120793471259432,21.306291853225883,2.084516505659337,14.107275116447983,2.0696525002951036,13.70406059456558,2.0704065880717835,13.504080962299138,2.0610900482539303,12.899052499360147
9143d50f.qasm,512,success,0.17785990000000002,0.2128966559626992,84.03023940570507,0.21479554092616365,16.50062527846189,0.22083650895583956,15.594139441578411,0.2159501971276837,18.883829750021043,0.21369440646521545,21.610867609002323
917fa943.qasm,16,success,1.7270749,1.9237181284924458,0.6924665999982589,2.168417807610264,1.3204517998812175,2.321717140338758,1.2974554033320136,1.289699192507652,0.26395298709378806,1.520381841487381,0.33831145677884844
917fa943.qasm,64,success,0.6866674,1.3746716877690728,1.020175264636499,1.2267265454213678,2.640913060952507,0.8847114086375643,2.9236207072900653,0.47946358837426645,0.7331500203545147,0.4570707155856427,0.8510883301785446
917fa943.qasm,512,success,166.3146686,103.87971207354158,2.674875906768741,119.05811040359956,38.77881537914181,42.40795855053206,51.72788242611357,1.9713614003311302,0.27264931523635066,2.3875359659106357,0.34069473456558697
92f98bb3.qasm,16,success,0.4699449,0.475399287392908,0.6501570180117734,0.47657900388808144,0.9494324207054077,0.4805948735521841,0.9242667681236759,0.47757786891257337,0.8907007947969315,0.47904442176739365,0.9582752156341953
92f98bb3.qasm,64,success,0.345261,0.34804601316174977,0.663515452378646,0.34545110850708416,0.7512382645925952,0.3440025057151734,1.093493352717536,0.34517349607693976,0.8283361638616592,0.34337141267425103,0.8653682538796945
92f98bb3.qasm,512,success,0.3467309,0.3470206920734798,1.6804119256052075,0.348254746015551,1.0398087687908364,0.3491973833821252,1.187254033670412,0.35095493407125056,0.9593202968227718,0.3460880545759198,1.0104667286906823
933b305c.qasm,16,success,1.8488212,1.8311702246570134,8.036689279333174,1.8338659127313883,13.410347820628859,1.8442100086000817,10.085141022697924,1.8361023989083598,9.325398224148959,1.8391731748126743,10.676998283071145
933b305c.qasm,64,success,10.668987299999998,10.542241017930971,9.823608938737431,10.593662222966744,12.115784162789483,10.698460130447675,10.610781301963899,10.498591727476612,11.382474747928793,10.60218262287356,13.338178472944698
933b305c.qasm,512,success,433.02179139999976,427.53239781250426,150.823744465498,436.4446020477663,303.5657727271431,437.6099887778175,273.3224589956192,432.567559069969,189.9854731738291,432.1154104478696,258.5938633733275
93865be7.qasm,16,success,0.1846872,0.2460393460526911,0.2959636268202867,0.26790062198793674,0.25918167992213126,0.27027781618838287,0.2706483798087108,0.25494552544995075,0.2816681785797932,0.29504707696048926,0.27060003182552245
93865be7.qasm,64,success,0.2199938,0.300678242018337,0.8781561241467031,0.31651083937706137,0.6337351343170736,0.32340486817768094,0.8588417884114462,0.30384825943143795,0.6911071058459903,0.344128407428237,0.945787783005875
9395edc6.qasm,16,success,8.2267604,1.6653523246409294,0.41141751522542463,1.520632939336579,0.6351367880832544,1.8083001117240578,0.5654363698953287,1.443490500216171,0.5772924069618044,1.7580321015169114,0.5272929859735053
9395edc6.qasm,64,success,3.4462506000000004,1.5107382377718483,0.46571880570339813,1.0676725188765195,0.5325378422187023,1.2325521612815302,0.5178310672569795,1.0453831377356375,0.4691142451877284,1.263882893610271,0.496763206011748
9395edc6.qasm,512,success,8.1534394,1.6647026908890588,0.6058914057676663,1.048957510395936,0.3449783037687578,1.1390599744927365,0.3378030335955244,1.0213591054210795,0.37531170530011493,1.2628089799181224,0.3305716011463847
93c78575.qasm,16,success,2.2330659,2.2489465991742636,9.77714130919765,2.2580356970215543,15.390310858754418,2.245672385554957,13.131044296298793,2.248714583661803,11.447469369936009,2.2478467376385756,13.719243677791104
93c78575.qasm,64,success,13.131851600000001,13.05548248608833,11.149786325314711,13.08039546673898,14.684170332152467,13.08151662722508,14.178113434249806,13.15284820591653,13.257174591629223,13.110075612148888,16.41723348550255
93c78575.qasm,512,success,575.9143289000002,543.6902128606397,181.94499102448924,546.5155430073329,403.142485133331,546.3184556874196,369.6168261733354,546.3288825074275,220.77044553650055,540.6506826126747,302.9520934151578
9429600a.qasm,16,success,2.1292974,2.1128193220161573,9.09155452815281,2.1137110815477893,13.644860063403163,2.114499170620644,12.328424214387296,2.1135582976437632,10.250071855492015,2.1154699304892244,12.775383965379449
9429600a.qasm,64,success,12.183755600000001,12.065313181489277,10.543857469361551,12.01178056806199,11.998645523489479,12.049104070486285,13.703502303255613,12.151505330504994,12.145141959691765,12.073525045424482,14.890843882961674
9429600a.qasm,512,success,496.7916787999999,494.58191633214943,172.1192128692061,491.68506897745397,347.6839642251755,495.48930259947804,318.1516284106865,496.4457064123542,203.90913502621464,494.9053681381726,283.53056829590355
94f4e26a.qasm,16,success,2.5668699,2.6393531743684213,10.788959667413799,2.6133069294941427,15.476783358147912,2.593827729702088,14.413193643202131,2.6044816924154275,12.372417746571502,2.5914796609787683,17.071738262094097
94f4e26a.qasm,64,success,18.503752099999996,18.293123592554164,10.638113806995161,18.304577908047893,14.37958221164092,18.415534540963083,16.236754195418282,18.35328947438355,15.809034016753003,18.318119478222517,20.52988417732848
94f4e26a.qasm,512,success,704.7077987999999,712.8676934273454,169.06436842335646,696.2456719351654,302.24068980628795,701.5320238545441,242.97404235683766,695.6784045835844,203.01710339111975,696.1253911088013,316.09916565211523
950704f2.qasm,16,success,11.708849200000001,44.909109727545236,3.330607238800568,52.955761121242155,7.276097605699919,55.14866403187697,9.770247673957133,53.262713308194435,4.896281090593859,54.19829607742357,5.576229576974616
950704f2.qasm,64,success,2.5663469,6.280230300699939,3.951407323516773,6.6897053787881395,6.455807265174449,7.116089980117099,10.15169312167769,7.187710802598182,6.132594099889911,7.1267375278430505,7.827350778294404
950704f2.qasm,512,success,11.827260099999998,73.6050148042769,8.27925122633559,79.97151664474234,41.623164979983144,74.65070113935602,50.55783529202951,74.25697518646304,68.60339794629726,72.13503471915604,39.67390120360378
954ad251.qasm,16,success,0.19984290000000002,0.17924883781740197,0.3043066179645019,0.1793908338524678,0.22389733136946988,0.17932641290594542,0.22922580976943213,0.17891529342622842,0.22154913088736694,0.17928433098814905,0.2360335449436973
954ad251.qasm,64,success,0.17667839999999999,0.17314068308298353,0.3741840062520157,0.17316624576049863,0.26070224102219225,0.17375868663589003,0.2576135735372763,0.17372632575837763,0.2610095269363478,0.17315419965942655,0.2758881261928811
954ad251.qasm,512,success,0.18874259999999998,0.17466930739486722,0.4030166298406485,0.17467993190778874,0.23943818928228067,0.17494965521144598,0.22694445401196564,0.17431447866634472,0.2289572517847784,0.17521983165059293,0.2403639058652948
957c248b.qasm,16,success,0.1746251,2.58923483645861,0.8243054660100334,3.640811944098992,1.153727151703073,3.742567086323443,1.266401342657289,3.8336722685863163,1.4872809400413785,3.863382232556373,1.140542745879059
957c248b.qasm,64,success,0.2911975,0.7354008044084211,0.9143840426560343,0.6713248060965702,1.5810924750307538,0.6615610544854885,1.3291741158354253,0.6274216032506631,1.442004300447938,0.6352780000006397,1.2427304591121846
957c248b.qasm,512,success,0.1866839,2.837558215323056,1.8121983003796176,4.446988767340787,11.553553705040436,4.1817131586088605,5.64243303391491,4.335086335159697,8.914954424486103,4.335185798464969,7.76117294989586
964382be.qasm,16,success,2.6285394,2.5786219055308655,10.788959667413799,2.5695625309796677,15.494106116209482,2.5915373179905608,14.439842985642178,2.570586035902586,12.325526415353863,2.5747483482714517,17.071738262094097
964382be.qasm,64,success,18.324990700000004,18.53265789993665,10.662932395429232,18.363677522428713,14.395676901210091,18.534535070205887,16.236754195418282,18.44561115572848,15.742759438991959,18.373828354095302,20.52988417732848
964382be.qasm,512,success,696.1004410999997,674.8315560119248,169.06436842335646,676.8579031737748,302.57897989052066,675.0583129549403,242.97404235683766,679.456201597781,203.01710339111975,656.9606103378566,316.09916565211523
965eb08c.qasm,16,success,1.6469743,1.6611647701332246,5.770781237386349,1.6645572371132438,9.945749276077702,1.6635647528066084,8.20605782731756,1.6635662053652682,8.208045918753193,1.663908235025348,8.20611824433019
965eb08c.qasm,64,success,9.5513858,9.425901359796143,6.462376037488159,9.386740399139565,8.801619554283574,9.421217980293472,8.853139410267973,9.421113046836108,9.533347334885933,9.39904722815944,9.998770830734879
965eb08c.qasm,512,success,354.3248175000001,345.85296565398056,94.90014370155912,344.87018710879823,186.68913157144368,344.276182136626,177.31921027403624,344.7851398451174,147.29152365111247,344.080220840308,144.74344666496432
96876fa5.qasm,16,success,8.5948081,23.108094191359378,17.55584764578182,19.91884222625863,12.447910319694262,17.439446150651523,16.20543319364385,18.66321130554559,13.408250908476917,16.995524772348606,20.289822823663496
96876fa5.qasm,64,success,0.9619184,8.447967587752538,11.581397477555825,10.389745994432934,9.74099215864838,9.265384141563912,11.304106376839256,8.85320686617265,10.393915072822216,9.970991663764746,13.37432571472128
96876fa5.qasm,512,success,7.9138945,30.264294749222575,76.34533883491999,8.898005541357897,27.23347084070888,11.440093006480199,20.473184532049615,9.581272832517595,23.498399479184318,11.841526340260982,33.23520016239348
96f82da7.qasm,16,success,0.17470950000000002,1.4004598368164594,29.965746624812134,0.43836368008042226,17.23087185156421,0.37275593230663967,17.11135158295088,0.5088340206448249,14.772035037995202,0.5596499054716984,19.72965097644122
96f82da7.qasm,64,success,2.1292088,5.109865859699523,22.279781514005695,2.479499727020001,15.721175295563365,2.060298380638768,16.225004973859097,2.3306805702721807,13.330980350594963,2.602174509874002,15.01329633709519
96f82da7.qasm,512,success,0.1789396,10.640088685516968,62.60049687661409,0.48682786070710854,21.964420675775123,0.4088788906876166,18.153419520184286,0.868177603959442,24.881991789923045,0.9903451589745829,23.111932788750448
981d8651.qasm,16,success,0.17745339999999998,0.17590765041547174,3.9407830925227403,0.17619521152021872,4.811823981708951,0.17639636490945504,5.336082962259693,0.17588794672089966,5.405680325050756,0.17613239308388043,5.696573099896656
981d8651.qasm,64,success,4.6828124,4.699448561820145,8.026292713102348,4.593220205154339,6.4379433440865705,4.61798401334243,6.384370269410475,4.6604339932284375,6.958309929961289,4.668852029265643,6.777404956694423
981d8651.qasm,512,success,0.17061470000000004,0.1780436891293994,10.941741592784295,0.17519825875039466,6.441420628157404,0.17631287354605982,6.202882207456901,0.17522890875891345,6.461679606855826,0.17530336347318035,6.145254446410867
9a442b56.qasm,16,success,9.1980982,6.769255998203588,5.518303335666989,5.979648568073271,5.683237098039346,5.82128599339354,6.354550910758882,5.381808333178891,6.730476462391856,6.265020040735598,7.987874252044636
9a442b56.qasm,64,success,1.1185776,0.36139002923093744,4.214028364474194,0.429439141917064,3.9792119834840154,0.38897205720321837,3.345054810357596,0.4324189112671137,5.569107522037548,0.5124910625955064,5.582844364012908
9c6b6510.qasm,16,success,0.2886272,0.8118661625781686,32.80920558259818,1.0275180572483351,22.90701182454485,1.1518177734648816,18.426507500257877,0.9896990631673007,16.909409922376454,1.0146033876276248,16.205649600371547
9c6b6510.qasm,64,success,2.4669897,3.210067542743342,16.775599880367487,2.3368884665544667,18.141674575385746,2.483540840402571,19.106612662069438,2.338721672013937,15.910488103021617,2.429795460961513,17.176007421700074
9c6b6510.qasm,512,success,0.2779434,2.3342198036429758,300.0410518314774,2.1035357389247724,250.02822534741307,1.1212331338605186,285.75138423512203,1.8930096745094136,325.2435086043416,1.0595354945242756,289.0383348588571
9ccf974e.qasm,16,success,0.3430253,0.24852004593559834,0.24171803819512086,0.2598701477941664,0.2296985225388825,0.24490661839300745,0.22564905285267026,0.2596264029833405,0.22343582377591256,0.2529447728253991,0.22003330265025015
9ccf974e.qasm,64,success,0.17092409999999997,0.22562517875692614,0.2598355506594828,0.2104453109909173,0.25053455292317245,0.20668778947577596,0.24290567501106758,0.21660532427638202,0.24580060196810574,0.20451294299246617,0.23740621617659513
9d76010e.qasm,16,success,0.1707674,0.17857821647778324,2.165478544425463,0.17905930019027513,2.208329189661778,0.18086336047902996,2.5290786953702593,0.17882121704697485,2.1845757706250284,0.18045568426149963,2.6824074399398445
9d76010e.qasm,64,success,3.0336689,2.469605350475895,4.326919090620312,2.4480470049530645,3.1808164937192895,2.506882499124547,3.277702439972193,2.4563489588775282,3.2727767813176203,2.48957547662407,3.491178211021651
9d76010e.qasm,512,success,0.1692022,0.18048467157297696,5.473871787404251,0.1781769778147162,3.069618290159079,0.1768593580778848,2.922015871878301,0.17856890343705853,2.6341941094135555,0.17874908539459514,3.5003656131319327
9d7cbc78.qasm,16,success,0.4762271,0.4698417514901995,0.6501570180117734,0.48410635075623665,0.9494324207054077,0.4878403284768509,0.9245338372270913,0.4869272293997636,0.8907007947969315,0.48561474705603414,0.9582752156341953
9d7cbc78.qasm,64,success,0.3512017,0.3487719179008498,0.6576770240843085,0.3409076184147913,0.7512382645925952,0.3408896663577739,1.093973720603638,0.341071245877981,0.8166377533011102,0.3408747724643704,0.8682141031686991
9d7cbc78.qasm,512,success,0.3497272,0.3403287573362325,1.6804119256052075,0.343070912351355,1.0398087687908364,0.3418448289532186,1.187254033670412,0.34229499186449,0.9593202968227718,0.34213787296316,1.0104667286906823
9d7e60b6.qasm,16,success,0.18949259999999998,0.1947044923226341,15.770382417514309,0.1941746459610097,12.710647684401327,0.19784392251432967,11.116287653219157,0.2005996733390329,13.218685083183319,0.19773650804110396,14.963916009203833
9d7e60b6.qasm,64,success,2.0476432,2.0244972600004694,15.441190449531186,1.6232973166414442,12.168921400898219,1.7956869605100783,11.294136650922681,1.5919634160815728,11.225834006229455,1.6367719673249448,10.334515576683929
9d7e60b6.qasm,512,success,0.17087999999999998,0.199644531769811,90.7381388712097,0.19005764593793106,14.446602846799959,0.19281854837569942,14.177037388931998,0.19878097742111006,16.74908342658426,0.18930916932995148,18.190753394471432
9e3be92a.qasm,16,success,90.3924556,10.891596911508122,3.330607238800568,11.918218823193554,7.276097605699919,12.370537023525166,9.770247673957133,11.041165475456953,4.896281090593859,11.315740867405562,5.576229576974616
9e3be92a.qasm,64,success,5.0076162,2.748647399346575,3.951407323516773,2.9254997585126037,6.455807265174449,3.001258571338094,10.15169312167769,2.8774397334385857,6.132594099889911,3.0294373463164166,7.827350778294404
9e3be92a.qasm,512,success,90.08668939999998,13.735273361456105,8.27925122633559,14.69450921610516,41.623164979983144,17.39041734306872,50.55783529202951,17.9078299949586,68.60339794629726,16.531455611389642,39.67390120360378
9ea3bed5.qasm,16,success,3.9805098,3.7006217982159955,3.4953309464991,4.011674475440741,6.9755877801731,4.3218041553620195,6.055740913327266,3.8770584888918966,6.272250537393013,3.8000246021786066,5.672229934745677
9ea3bed5.qasm,64,success,3.8935624,3.5588299357438906,3.4164755949166032,3.969185368937801,6.89025966495372,4.35204776125137,5.988628178072379,3.8484887639336187,6.180039016770275,3.819067359791049,5.6041125938583916
9ea3bed5.qasm,512,success,3.9776184000000003,4.322144416689479,3.5651958784406514,4.011503236666405,7.103742027715003,4.449553341922569,6.1125245863717055,3.9507558181102995,6.307057420859841,3.8712577958777006,5.447525797676202
9f744e04.qasm,16,success,52.217373299999984,43.01296435834204,11.67098553207459,29.88201692152605,7.077911559705464,31.712767828484342,8.375773319971657,27.76324219620415,8.154514428268168,26.501698087620813,8.609976007908848
9f744e04.qasm,64,success,104.66313360000004,37.38591588995952,2.674566098494655,27.156001854911835,3.768043847968903,37.93738204428787,3.4672982978736173,26.810751239914733,2.8579905594570074,29.23056769330012,2.411617288927579
9f744e04.qasm,512,success,4128.416998699998,1641.897951136949,343.21205355477747,1754.2999471021965,327.9931480798123,1860.093597760734,233.17692370299156,1356.260399181364,243.63536315076496,1931.0348463645032,207.15523800992887
a0a79499.qasm,16,success,1.8720441,0.23897448061370966,0.29135653834942044,0.4108780847304143,0.33372213919702,0.4657946423824242,0.3745025794340428,0.4596334943106103,0.37505062915654236,0.5304206200852629,0.3697418318550473
a0a79499.qasm,64,success,0.7155789,0.31060228412172114,0.34991609731379625,0.4509547403404717,0.3638687463550254,0.4704599616061909,0.46149348524219624,0.42571112783517556,0.3896434564162027,0.41824834947706596,0.4645637398539883
a0a79499.qasm,512,success,1.9413185,0.2711723483243098,0.29674361086992385,0.5117051443490711,0.37741930261162593,0.5517195390053312,0.5451917932608408,0.5056108911024522,0.382661985936012,0.5461965124691435,0.4978710632181039
a0b53b67.qasm,16,success,0.17763,0.9794569834563993,3.7850133688706706,0.2806708200178904,2.7995574047418557,0.29391021037389387,3.614584481514584,0.3487381917070552,2.8359026910385627,0.3296881144848668,2.939298057956411
a0b53b67.qasm,64,success,0.5182719,2.5685643564875655,4.278339019218395,1.280978495973787,2.8894543627125477,1.140864759755545,3.8792016038724815,1.3346241757897679,2.910657198426935,1.2008687213768552,2.590408856928597
a169a3ba.qasm,16,success,1.6347612,1.6518587447208744,6.409577176991888,1.6456518408552092,10.82996683286584,1.6423635709202513,8.35904548067536,1.6385145661205736,8.594256786357558,1.639583495692828,8.862722628965836
a169a3ba.qasm,64,success,8.898883499999998,8.975239783102046,8.45864795091505,9.017186050876877,10.079773314690424,8.889537131175441,9.27980130200621,8.868224033478937,10.787224158688067,9.001568433783008,11.846729737511264
a169a3ba.qasm,512,success,330.86148350000013,341.23807866077414,105.61480701950804,340.13568432098015,241.94088986388456,345.78811869781185,218.14541861059527,341.9788379686775,158.0199818431015,349.46059517753844,184.39911564935045
a1b3d3aa.qasm,16,success,2.1666266,1.2412584937436961,1.4858942840295974,1.9796250660140642,1.5550851023042316,2.2791645070038715,1.5437229223062867,1.9899378719642224,1.4092545856441652,1.9625337897022013,1.596251384635376
a1b3d3aa.qasm,64,success,6.827168100000001,1.9546052246339742,1.9430036266142923,2.448185013846318,1.7190806230735465,2.506136337832691,1.9923919762894338,2.040490778167366,1.843380411064655,2.4920431086878785,1.8178265487352696
a1b3d3aa.qasm,512,success,212.50459400000003,9.172064902285076,9.378067123946403,28.81697579590404,27.620688037938976,50.824746001388355,33.541762292867276,29.05805746459017,25.69317257072675,32.784500199759094,32.85798739381696
a1bc8d56.qasm,16,success,1.0850003,1.0669071682033886,2.161236088609384,1.0745411467373565,2.864437324289435,1.0796740570722927,3.972811671116249,1.0814215503386297,2.561381786151218,1.07238789712138,3.313490370937817
a1bc8d56.qasm,64,success,2.2916824,2.264361444307038,2.9709025229757153,2.283713994965774,2.6622462912152196,2.2855950529404,4.030502307194333,2.2243797709846675,2.606480215298818,2.240801319815262,3.364830997620065
a1bc8d56.qasm,512,success,23.992057699999997,23.078831572296803,18.536049865107888,23.363133971049407,30.336471476620382,22.76451924485944,33.817105754908006,23.36719010639304,19.985524968633783,22.716558410907748,23.10389021050724
a3cb01ca.qasm,16,success,1.2192321,1.2017563138832965,2.971236164857053,1.2000206767056008,3.5338853411552527,1.2162518612397317,4.369041960998992,1.2070550025615416,3.491313089274815,1.2079190640230397,4.919471058081032
a3cb01ca.qasm,64,success,3.4253563,3.377719742546935,4.197931539076161,3.327597713531278,4.582290373257314,3.380705569578074,5.331614371538748,3.396466459971811,4.595540349684923,3.381849521385922,6.191082388314145
a3cb01ca.qasm,512,success,72.2422423,70.91929265089658,30.808350709449837,70.79313416538687,71.61770234083023,70.78620946694723,65.87459542478904,72.03770293535193,45.036623965827886,72.36276685441796,53.85042116346439
a409aaa1.qasm,16,success,2.5722586,1.7127282678842022,1.3781830318567834,2.6215456903928467,1.6212902467437662,2.7668651990982087,1.6884015781794461,2.3959189402771983,1.392933232410897,2.1384883697212596,1.467856443583376
a409aaa1.qasm,64,success,6.2227107,3.284342135039589,2.6444504035596155,3.930002618099108,2.5855392168612945,5.054665092273443,3.075249100045428,4.49858343191387,2.383803162998739,4.333031338334957,2.8736150162483596
a409aaa1.qasm,512,success,194.3047202,7.319434428690665,7.812147452354101,97.44843832721061,13.413587099021955,92.109568548642,27.06261520057391,112.27859637480265,12.996452769895656,128.58800313450402,19.204857935163172
a440a477.qasm,16,success,16.169895400000005,4.3699724586608975,0.41848824737705664,4.258584019512758,0.6527159089500079,4.267513770712781,0.6064080009198407,4.1100284714671265,0.655852105362954,4.959926644704389,0.6491888770752051
a440a477.qasm,64,success,6.606882699999999,4.543347174553773,0.6347271537572236,4.137115477467154,0.659112325956079,3.924994393281618,0.6964561458721948,3.8026851218583477,0.6698595958482125,4.154277743302409,0.6590024637047556
a440a477.qasm,512,success,16.634451100000003,5.24147403480792,1.2424397235184648,8.953811626856522,9.948647377744201,7.8041125498843575,6.861827258616653,9.513747404938513,7.786765809775497,8.065215420706057,6.995316147296411
a44fdc9f.qasm,16,success,0.1848667,0.19015633004281243,3.230382574554364,0.18543232461514778,4.100689106321499,0.183982240392721,4.3400801218149105,0.18540899335907787,4.863189409151001,0.18148179092753017,4.560634809962242
a44fdc9f.qasm,64,success,1.0295765,1.0025114168348543,4.123529813748344,0.9720890089090193,5.017679172323726,1.0230003229788662,4.62800968044081,1.01336058197972,4.456959525704597,1.0545272080971393,3.5569682780489202
a44fdc9f.qasm,512,success,0.17738700000000002,0.1935458549951857,41.562990768943195,0.1786746356306025,8.207919622845248,0.1798589433304617,7.928284948989605,0.18100357395864314,10.18752002501019,0.1740232605050378,8.77203268115918
a4f95806.qasm,16,success,0.16642549999999998,0.2140052926300181,0.2479916566153903,0.20488356536939453,0.2097019216480792,0.19616773765353326,0.21127937587860698,0.20682254621399568,0.2132679969196266,0.20261683994432503,0.21840016778267843
a4f95806.qasm,64,success,0.6707554,0.5642904270296004,0.5321155661805347,0.4705045253581563,0.4156061030877903,0.49680976153467377,0.4284805306015878,0.5066626668325418,0.3866293299237852,0.49382364021257713,0.4675535845373737
a4f95806.qasm,512,success,0.17320600000000003,0.22280318748306788,0.266128309146172,0.20606240525054031,0.24204356632446658,0.20343716442636156,0.2511163499174239,0.22525307930745322,0.22835471290151219,0.20805430331131047,0.24639432429410982
a75c691c.qasm,16,success,2.0765425,2.0145713384602413,1.4492879785301127,2.137258232190083,2.311259668137451,2.129291562141823,2.303968507849028,2.068424644440696,1.8534253650823305,2.1533480145458905,2.758111373877191
a75c691c.qasm,64,success,0.166108,0.18555544730706405,1.6048232936155058,0.18095347515199398,2.145389187039893,0.18136868299632497,1.8196318221567258,0.18239937771627596,2.0022923095369323,0.17899354861157693,1.9983147205499092
a8818670.qasm,16,success,0.1796637,0.19244747210892268,0.20466940012636398,0.19967144184102084,0.20797430572347855,0.18552156386559626,0.20393679978274906,0.19222096367621053,0.20770649339809077,0.19744616176126392,0.21037649934247002
a8818670.qasm,64,success,1.156165,0.9010556854297859,0.6302120235739969,0.9157001358030984,0.6988091468825193,0.8962579498564609,0.5970070046334055,0.8929235138569646,0.7543944330905374,0.8847090810091992,0.5914009342877364
a8818670.qasm,512,success,0.18732309999999996,0.247534382505833,0.20582427126934638,0.25326504557636925,0.21038723243106938,0.2391170830071698,0.20645013456036684,0.2477760205854799,0.2063122291985971,0.24153686749115608,0.21297717279394812
a8b40b61.qasm,16,success,1.6559996,1.6509530366390297,5.82052958608542,1.6535379351208206,9.906535959907982,1.6466552756249015,8.166750391098931,1.651987519933066,8.106514342701951,1.6539093137556449,8.20611824433019
a8b40b61.qasm,64,success,9.471062,9.429354632225824,6.518086438439535,9.45226714438814,8.801619554283574,9.44172050439082,8.853139410267973,9.437669151496687,9.533347334885933,9.474488704880185,9.998770830734879
a8b40b61.qasm,512,success,344.19865939999994,348.31082024178306,94.90014370155912,350.14912882345317,186.68913157144368,351.89665213259514,177.31921027403624,348.24050591546177,147.29152365111247,349.0438633250653,144.74344666496432
a8dfab96.qasm,16,success,1.0960489,1.079027704464942,2.4375608544709104,1.088139145376142,3.114976114220173,1.0859616662160947,4.266109231178411,1.0851571397123505,2.904745502059713,1.0851160469728014,3.8046984532610026
a8dfab96.qasm,64,success,2.5684272,2.5423215912728634,3.366560345582469,2.569018759279898,2.962818035184944,2.561181650847779,4.493711232389453,2.5721510764684186,2.88677395307258,2.525877218441637,4.0233724923197
a8dfab96.qasm,512,success,34.62364469999999,34.385975920291514,24.928910238021857,34.79927996896709,53.3942843143739,33.832061921101506,47.06076573426708,34.79935894681151,33.11518971374116,34.504821097358594,38.06293280675013
a9091180.qasm,16,success,2.1176052,2.1134934747401513,9.09155452815281,2.1141302986026256,13.644860063403163,2.11376498588963,12.328424214387296,2.113239560845466,10.250071855492015,2.1147283143314173,12.775383965379449
a9091180.qasm,64,success,12.155388299999998,12.149908261198645,10.543857469361551,12.162875798161863,11.998645523489479,12.132673154750943,13.703502303255613,12.183538012921355,12.145141959691765,12.137483405069357,14.890843882961674
a9091180.qasm,512,success,497.33829909999974,494.65919093619726,172.1192128692061,491.12937162127105,347.6839642251755,495.44562851827425,318.1516284106865,496.23671734894975,203.90913502621464,495.00775598480664,283.53056829590355
aa41f5f1.qasm,16,success,2.0768734,2.0689884807895202,7.9728673495933835,2.0683075066321175,12.801589511417232,2.0681620109728334,11.794046549710265,2.0687098280524894,9.209277803460074,2.069948315534596,12.054184665915376
aa41f5f1.qasm,64,success,12.550837200000002,12.396224238008584,9.052555452396808,12.246586242912745,11.740923225507705,12.353042295747208,12.467821659384454,12.23362279008752,10.758683414142551,12.450173609676348,13.745727720127201
aa41f5f1.qasm,512,success,497.82790249999994,506.722435473483,139.18676213161896,505.05513370948313,308.65069297518676,508.3707047062711,273.3325102335183,506.5737548446768,155.9417431880813,505.99528333519015,222.9556905859118
aac529b2.qasm,16,success,1231.2409277000006,57.935441440917906,42.92545987932695,60.38766960235015,86.73726292541554,74.02636180957698,65.22642958272218,86.31855086557232,79.39008025997157,61.16174823885796,61.6987681439447
aac529b2.qasm,64,success,49.33276260000001,47.42024640780703,30.162960150676017,76.70917752184754,86.08014363671786,87.84209984457551,86.593650228256,114.96556256832524,90.82449572251575,73.57417914584961,73.36263678768752
aac529b2.qasm,512,success,4142.797545899999,2315.950536200094,2117.5609455456474,4886.968609420762,3957.830608341739,5842.504957838581,3950.7800047727947,4301.629221436122,3864.873480519505,5785.787218099215,5170.43760985406
aaf05f5c.qasm,16,success,1.1518439,1.1024125472955324,3.991304006587818,1.109575732733978,5.623732218638552,1.1172143703642772,5.799117765880745,1.111404225045964,4.4765531218381875,1.1118662269071713,6.64908569813852
aaf05f5c.qasm,64,success,5.0934963,5.110318881615475,5.416780586304916,5.053627593387225,5.956913528867577,5.119368562366058,7.517169109652789,5.114801248086628,5.4707477826091875,5.096250496331895,8.49327377882987
aaf05f5c.qasm,512,success,144.77378309999997,145.33415863800872,57.58899162688997,146.8357666308344,121.8531269034766,146.2832271904698,145.64599598006697,145.94729958157663,72.71488069788,146.8477832021061,97.42142347621541
ab65fd24.qasm,16,success,2.6866797,2.7177827874628075,13.520397007174992,2.6604313494453846,17.152173531352485,2.6691208133016766,16.765625938002188,2.688487331358766,15.525450993913937,2.6763970909866743,19.389871395922167
ab65fd24.qasm,64,success,21.016287900000002,21.264617982831236,14.149019948085469,21.179269508392366,16.370922218026752,21.41569766084714,19.571219904174242,21.086208441303263,19.66251118653032,21.109394385851047,24.714592899402472
ab65fd24.qasm,512,success,969.4532298999997,1023.7465208140642,239.01197143083533,1007.1524030433176,401.67711434787225,1032.1916029140643,350.5238064106645,1040.2400187456287,307.7484173517117,1004.8591436087637,401.93119091509357
ab8a1b3c.qasm,16,success,5.4734568,3.8449882454113475,0.8374615914586783,4.06209438337429,1.8335851467362543,3.960395448838399,1.7656595644452078,2.060970701474992,0.3432504509241348,2.1036326751884156,0.38479766839323903
ab8a1b3c.qasm,64,success,0.17588040000000002,7.171148268736327,1.2361236813662855,7.208121384536066,2.9867534463616634,4.278415942127913,2.9990204349210368,2.603947327525016,0.8190655763664065,2.5536995293787808,0.9198920946168287
ab8a1b3c.qasm,512,success,7.0257582,954.9675573840289,3.9861078823920577,1067.8106470506411,42.35750846603213,1007.5202868936137,55.41069681070627,9.282270928365232,0.40119848688618714,8.75728448258786,0.4076550895712028
ab964bf6.qasm,16,success,1.1127641,1.114637459202748,3.991304006587818,1.1098190836632453,5.574465884286532,1.1187222970330348,5.8023646303863385,1.0966501315823416,4.4765531218381875,1.1170093125247196,6.64908569813852
ab964bf6.qasm,64,success,5.0798998,5.092762373509281,5.440233099539356,5.073409831579393,5.879401907259942,5.130980063151692,7.5301996599264,5.130777979993911,5.4707477826091875,5.092790324134356,8.49327377882987
ab964bf6.qasm,512,success,144.58527109999997,148.20206369151893,57.58899162688997,147.77489602377833,121.94291505800751,146.31144663624875,145.64599598006697,144.74547245896196,73.18839142448955,146.573097406462,98.15509562160383
aceda861.qasm,16,success,307.34320260000015,34.522533493039845,0.8340439162353839,42.02058097902557,1.041178779179699,40.909981890420994,0.8497864654602344,48.81603621313986,0.8037263055428135,41.42716781514108,0.7948598203512404
aceda861.qasm,64,success,142.41094300000003,39.63209107076041,8.269744442305953,41.70456109744631,7.358510088618071,45.057336102206214,7.501768739283595,47.07657546815262,8.16838001032857,42.12650531128293,7.264469126028438
aceda861.qasm,512,success,304.2419227000001,49.559306316817754,1.2656705945037958,40.563441563284975,0.8969124824624094,42.79833992158748,0.7683303651301173,44.75506880060287,0.7817102711152654,45.482006707572694,0.7639016593156088
ad2439c7.qasm,16,success,2.2632372,2.3611351456302048,10.714196972599678,2.3586644653944533,14.723115883079595,2.3579145715929775,13.07515031227626,2.367746125896183,12.037253556376097,2.360074711368928,15.189756705201901
ad2439c7.qasm,64,success,16.262889900000005,16.36418133299483,11.010813836711126,16.325334567661823,13.824107101095155,16.305765247977202,15.170739195455743,16.284390608508517,16.36982966868678,16.315474759141384,19.013493756111362
ad2439c7.qasm,512,success,666.6881105000001,639.4798022606151,175.41447804838657,637.4351364017348,340.18297606406026,640.133362283145,258.2749993513545,647.4477754294226,198.953940417863,642.3696222303,292.31051454746597
ad74d7c1.qasm,16,success,4.0893965,0.9169827783949477,1.1822712242548217,1.1502936683192413,3.1424042372940835,1.2919620046730629,2.5646849429748233,1.1664013696969853,2.557449503896536,1.2095903557867889,2.8276904932446336
ad74d7c1.qasm,64,success,17.206083600000003,1.6679552868426106,1.4469906944191204,1.69085005500287,2.016236028894693,2.187318166697524,2.1096521668349184,1.3886199281958453,1.6238522841298342,1.7415801129518318,2.6269538759546815
ad74d7c1.qasm,512,success,690.9794292999997,4.041352168885621,5.411798791656909,6.371136298655942,2.539854423408907,10.149866653191879,4.495097873982676,3.9373208592751916,2.4819839184312538,11.22497028672897,3.4969308598597686
aed3c1af.qasm,16,success,1.7608045,1.7301775627281746,6.909702830644094,1.7229332234729668,11.733042846315657,1.7285978584401644,9.348739924399915,1.7285314566960064,8.596180199176388,1.7339484256625435,9.066470038977485
aed3c1af.qasm,64,success,10.090619899999998,10.082889590494482,8.168436712631015,10.075802784779835,10.442723079608793,10.053208865912907,10.499691285777853,10.090419244702849,11.390599260238858,10.037233940507551,11.464849784984889
aed3c1af.qasm,512,success,402.51049830000005,407.60069458272415,118.66722477129126,405.38415893205655,244.8674961726488,407.7895628770778,220.35003281587475,405.41723359933366,170.37653553715887,405.70732194884266,187.53274566027503
af2659f0.qasm,16,success,0.16919179999999998,0.1970258984334455,0.2010319051103573,0.19792805885192305,0.18929032675180388,0.19729847265454872,0.1912438217633749,0.19834853102254396,0.19434482926726937,0.1951121973259912,0.19443301436904664
af2659f0.qasm,64,success,0.1564611,0.20542123310208968,0.25426806618757325,0.20102094969695672,0.25564030176540853,0.1968463737368075,0.24831433317436302,0.20211631511513378,0.2626597660834705,0.19775631924911546,0.2628943688876697
af88ad19.qasm,16,success,0.17483530000000003,0.22117544199661823,0.4046678668893925,0.2993987105593492,1.3126306979782385,0.3148752618056169,0.9215818151512959,0.33559808557842014,1.1954093043033291,0.32246858830360486,1.0518589909618523
af88ad19.qasm,64,success,0.1752695,0.27694884333520603,0.5576608360624753,0.3164404112149032,0.8082070363397668,0.28764903991393526,0.7861849721507002,0.29800672482618157,1.0600507817063545,0.2989398912895072,0.7691565000501859
af88ad19.qasm,512,success,0.17989700000000003,0.24281169840707667,0.4778601520781776,0.24178268587774263,0.613001055884438,0.27365784661624,0.5260366763104114,0.26802910202417535,0.7267658147375635,0.32196434724228823,0.5354974932258862
af8b17d0.qasm,16,success,0.1818541,0.18880918678930364,0.24834188177918273,0.1888484302513165,0.2076824140660943,0.18888882799047263,0.21097132369668764,0.1898890765019314,0.20682932928990855,0.1868050997518987,0.21221747169445318
af8b17d0.qasm,64,success,0.1684462,0.18637930319714588,0.36054983682101455,0.19045005243237623,0.3011965516057812,0.18928638687952928,0.29571830912576025,0.18763050712699778,0.30393350188407836,0.18883963649914384,0.3173695239625997
b06c81ca.qasm,16,success,1.5398947,1.4764603552501214,5.213305896644757,1.4746024227983672,8.846544990209969,1.4954364253069623,7.220681118698574,1.4932732106690623,6.691438996729563,1.4911659628826013,7.9399538400776635
b06c81ca.qasm,64,success,6.921094199999999,6.895330790089404,7.207240496580444,6.939626945697024,9.264029153822587,6.88829825866393,7.843749948930598,6.862866847544688,7.90922931607051,6.872130799894127,9.834893845623698
b06c81ca.qasm,512,success,202.7487235,206.84150171747424,97.70602149246561,210.18823308004698,189.6492427486977,208.37735428428346,184.77018022550925,213.77734055413995,101.67869455453588,212.35692794649887,117.7736783905517
b11883af.qasm,16,success,0.1776531,0.6539550076454019,1.4221279390203216,0.5783551951398662,1.0575824687115853,0.5860198191759607,1.4024984236836833,0.5673438633573755,0.9855528434107362,0.5951518869784073,1.1982277636574878
b11883af.qasm,64,success,0.3563139,0.778378084437471,1.7492719225877742,0.7114979522738105,0.9612920004203943,0.6511030029855563,1.0978570387418884,0.633044116619843,1.068193384245935,0.6216403900051428,0.9903763421183918
b11883af.qasm,512,success,0.1822348,1.0961751729581652,2.337439627898872,0.6413923808374453,0.9012701706200203,0.6179808196911881,1.0531528889162765,0.6187765383159292,0.9342771499831235,0.5719488136424938,0.9715016685807442
b1ea1d60.qasm,16,success,0.2114184,0.1990573926671963,2.541527790677783,0.18436755128587623,2.6741773194182263,0.1902574720749909,3.0583617238397345,0.1855258443709041,2.8022665071869697,0.18407780355604614,3.393928056382606
b1ea1d60.qasm,64,success,4.7274893,4.893143550885459,5.299367062630982,4.789787216228993,4.380341343401325,4.839758517828653,4.863410472940152,4.8031257772152145,3.7815786905675117,4.900353447749145,4.105873025296609
b1ea1d60.qasm,512,success,0.2223113,0.2167078418395734,24.702501349354694,0.19362960851494196,5.689849200968458,0.20027446948761604,7.861217000772465,0.19231469372946675,6.254141340461181,0.1943946487640278,6.177099927254804
b2346111.qasm,16,success,5166.543143199999,2289.2455260914194,10.444693983572398,2021.2090531325127,14.96605449685081,2537.048053300516,9.626709420463513,2326.831070653462,9.169997504514376,2199.474286984496,12.058141603623286
b2346111.qasm,64,success,3106.2406232999992,1506.148537958897,5.309207193670132,1518.9842935906686,5.963688736948324,1712.5933913944775,5.570887451405282,1833.546626063433,4.538215786004452,1723.2491493549,5.500921116905855
b2346111.qasm,512,success,3112.5309232000013,920.4747745463504,11.17272989489462,4341.877241120394,12.045226155941297,3521.721419116212,13.71144271320758,3261.957853405919,11.585708140971885,3108.135469035487,8.122681387432841
b38d732e.qasm,16,success,0.1849359,0.8407517127353331,0.8073622550259767,0.2916163878996088,0.2445524900632883,0.2890386158596507,0.30188996935003726,0.3047952869232528,0.3284432270207251,0.30123241303061793,0.3783916470592868
b38d732e.qasm,64,success,0.284838,0.7089708867717618,0.8587000616810848,0.3818137290636763,0.3233149444165394,0.37420167002763616,0.38874599485438777,0.3598855723814543,0.4135585627795241,0.355215334313423,0.44924926139598104
b38d732e.qasm,512,success,0.1656216,1.594079200495133,1.5345542430345238,0.29631693761735173,0.2717956955902014,0.28926891412996275,0.34320358373203325,0.33901210563434203,0.3488399347124578,0.34767483474360333,0.45018868449797017
b469b640.qasm,16,success,0.1815829,0.3751008279866122,0.4974552282493351,0.24875500566801512,0.3298335304691694,0.2806187708791928,0.31515118588290386,0.26139546143185494,0.33164884285787266,0.2698670083202965,0.33530264117707487
b469b640.qasm,64,success,0.1756312,0.4024388853465182,0.5104624518898936,0.29841771831820413,0.3947990796013074,0.34265836687204726,0.3587781073114793,0.3039974087532407,0.382428274500837,0.32228293893818444,0.36339182593709907
b4976343.qasm,16,success,0.17541639999999997,0.1883289032010174,0.23870857034939233,0.19256087862904547,0.1988349624967106,0.19056536547665653,0.19907906912297027,0.192116607377789,0.19651835182725744,0.19061285714300397,0.1986929694271118
b4976343.qasm,64,success,0.2803895,0.2754294367873567,0.4644001708427547,0.26079347137134506,0.46392965064271685,0.2626475268175395,0.42951431241099697,0.2576163302134201,0.460820065467378,0.26342332130407914,0.44682581956354633
b4976343.qasm,512,success,0.1761288,0.18844908722884882,0.2949511400453261,0.1912095411633707,0.20862152025376207,0.19075026563563702,0.20920931368102624,0.19264696327676217,0.21297646775955745,0.19167307236085582,0.21307539622551447
b4c090da.qasm,16,success,0.1804214,0.20174401688332136,0.21534952307479174,0.1903954665070449,0.20530714005019873,0.19309323669305964,0.19919740673077363,0.19168958820089263,0.20273684972085748,0.19224560441859162,0.20312133245546088
b4c090da.qasm,64,success,0.16996559999999997,0.20928869496229643,0.3472116319444739,0.1976386365651425,0.3330563899595006,0.1971256567698816,0.3232632443742432,0.19342096996982452,0.32130961317692663,0.19299327053454324,0.3265842878525113
b5baa095.qasm,16,success,0.6978439,0.844309278989016,0.49693901662917783,0.7380211172804997,0.42899653478432936,0.759425743206408,0.4163853265418745,0.801462840180366,0.4708480076211385,0.7823928871897523,0.5637443706301227
b5baa095.qasm,64,success,2.8962337,3.375218603454988,0.8734225761140464,3.60901954489692,1.0355440739871422,3.268566965739205,1.1045848664090927,3.353631697035617,1.047198202221552,3.4345882020002367,1.0821680428313167
b5be0645.qasm,16,timeout,14399.999999999989,1234.0917156864712,571.7608137928936,836.2357602665345,745.9358665412597,880.4409996634072,828.5093991204577,1026.9553875639401,745.6824050770559,1029.785344292137,877.3915653223783
b5be0645.qasm,64,timeout,14399.999999999989,986.2029660001808,528.7480769308658,1073.494362064635,681.6213202098878,818.3788691705769,670.0181291882016,986.1710144808235,634.5668417802826,852.0396629987022,707.1882384776187
b601af0f.qasm,16,success,0.1732445,0.24188480604949072,0.33178977766658674,0.2053732164042805,0.22272018807484903,0.20071818540180217,0.22203859096604117,0.19848176811752546,0.2581492192924502,0.20667818155434037,0.2381521778492587
b601af0f.qasm,64,success,0.2902428,0.2520268250964083,0.40124592314014673,0.2209294185119684,0.2964674927751873,0.2511083542658892,0.2899178056761254,0.2177998444064345,0.3191691332588986,0.2567951897284327,0.29161515907282315
b601af0f.qasm,512,success,0.1780364,0.2735965762298086,0.5283157868367038,0.20145703350426492,0.2612835788244077,0.20786579827928234,0.266725273143324,0.19521785991831703,0.30246318909437653,0.20477701232742926,0.24222252711502082
b630efea.qasm,16,success,1.1978284,1.1766271736870373,3.301190514520019,1.1867337771646476,4.052342823554106,1.2005885138239363,4.86737418103001,1.1915519056904103,3.8213495303424616,1.2019851096170953,5.39064526529663
b630efea.qasm,64,success,4.1749277,4.144551714657766,4.637008254271243,4.130403891045972,4.917747966978237,4.198552344261861,5.947565496223952,4.105033362306195,4.894481688287603,4.168158024674088,6.790501030283681
b630efea.qasm,512,success,91.48293179999997,95.17011643508974,41.66776663931127,95.73052163742793,85.30481762406987,94.67067803333089,86.06735525280655,92.4685727886826,56.789693232906565,94.4430756278506,70.24912122290799
b680d160.qasm,16,success,2.0660882,2.0596131451896422,7.9728673495933835,2.061284713854967,12.801589511417232,2.058024490582486,11.794046549710265,2.0592338694395957,9.209277803460074,2.058291075160852,12.054184665915376
b680d160.qasm,64,success,12.521304800000003,12.548643475925466,9.052555452396808,12.524602215692193,11.740923225507705,12.508614514334075,12.467821659384454,12.50041961475906,10.758683414142551,12.48779084959919,13.745727720127201
b680d160.qasm,512,success,503.3593403000002,506.9740163131428,139.18676213161896,507.67544787410156,308.65069297518676,509.0264848118428,273.3325102335183,508.18719695220585,155.9417431880813,508.4055273519989,222.9556905859118
b7694c8e.qasm,16,success,4.6260506,4.585837489975999,3.679755991575916,4.525608487174317,4.096524335639342,4.525772770112617,3.388545309944526,4.534035400064083,3.7502167325872544,4.5215682861589634,3.1474205055633853
b7694c8e.qasm,64,success,0.3332834,0.18025953190495791,3.9424622215129577,0.1798472133758456,5.417183799141182,0.18313765800772577,2.779509933149272,0.1997886252865785,4.880411638925694,0.2011336382921965,3.757945518919725
b792cc98.qasm,16,success,0.1753902,0.18842479899964765,0.20660586789744048,0.18863127333328597,0.19519234289828827,0.18540388502578717,0.19048906469956836,0.18832722374868774,0.19344185272501843,0.18434389364669931,0.19843020087391663
b792cc98.qasm,64,success,0.1814324,0.18227590472189173,0.23340824340250627,0.179641096097904,0.21525483000791443,0.1762931753275774,0.20543449403331657,0.17771892899928127,0.22043026605157753,0.17605999565972116,0.21159072882875507
b792cc98.qasm,512,success,0.16917660000000004,0.18784709925658488,0.22861932397170606,0.18617397987390893,0.19728852547923195,0.18234547994831224,0.19270967446211126,0.18412912092586,0.1987019913849238,0.1818039590946324,0.19431058922317293
b97c72bf.qasm,16,success,0.22274159999999998,0.28773686215268657,0.2766474322740702,0.44058705882943905,0.3009124272078886,0.49177926604530986,0.3276247411146901,0.4843982024501944,0.3282540573692137,0.40527807087120865,0.292281249329129
b97c72bf.qasm,64,success,0.2894879,0.5380398554759995,0.5711556009944994,0.7510244922017855,0.5951812953175942,0.6846536213987402,0.5610929482723596,0.6438946894465164,0.7104655052564879,0.5841621971783347,0.5481574733550497
b97c72bf.qasm,512,success,0.2054503,0.31869028725200527,0.3037363439576738,0.7011128328260234,0.39373426851720195,0.596048078260493,0.4143168743900802,0.7125898151098085,0.36561185631341137,0.5169214577065654,0.3668116935773236
b9ba0e84.qasm,16,success,6.7821621,4.879902838988212,0.7794761607440613,5.398871815955745,1.5081280299362054,5.294828872775366,1.4083415896210671,4.771356725209405,1.5788373581092423,4.728297511117029,1.4567752088295414
b9ba0e84.qasm,64,success,28.735752399999996,4.298762983627925,1.168330031795056,6.0025490531027845,2.9921596177349463,8.860363753122197,3.3030533672564615,8.480287753598537,2.8047885644998867,8.0681471603281,3.3768291959335497
b9ba0e84.qasm,512,success,2299.937497400001,453.08141873499954,3.9064340596065024,546.6517986710777,42.065921027708775,1000.3819046884593,64.36622518166745,1176.9228115090218,50.214735964322124,1252.2872067671547,80.05622669201784
ba0c09b8.qasm,16,success,1.6862829,1.7019639246196232,6.510175878656714,1.7023247266748878,11.550895817761514,1.6995801291461896,9.809682533856279,1.7031958533625173,8.566212250780483,1.7024338958783722,9.438675290663145
ba0c09b8.qasm,64,success,10.520238199999998,10.564666805226869,7.482485313747582,10.525270686993027,10.407817488924957,10.527099804892227,10.311611476755798,10.49557412377831,9.953343363804443,10.536127524499586,11.374422990083241
ba0c09b8.qasm,512,success,404.0949175,406.19720137117423,103.06725506637949,406.37235769466133,218.99325846278512,406.45377548962136,211.19492187456953,405.9304931109834,168.69992552323131,406.8809341506336,180.7829916730302
bb291a8b.qasm,16,success,2.2330537,2.2500893115736695,9.77714130919765,2.2595708084597166,15.390310858754418,2.251622492139452,13.131044296298793,2.2490705766937067,11.447469369936009,2.249220819459208,13.719243677791104
bb291a8b.qasm,64,success,13.046995199999998,13.09834891232034,11.123243050990736,13.092176220596956,14.684170332152467,13.105125035215057,14.178113434249806,13.14735890057398,13.473938783967736,13.08050628175378,16.41723348550255
bb291a8b.qasm,512,success,564.3548563,523.3819575680745,178.2013140007413,520.5981988967267,403.142485133331,507.30923709920864,369.98294749349054,527.7660713921554,221.36704418561766,508.74761587528144,302.9520934151578
bb50273f.qasm,16,success,461.99817259999986,64.95309459307232,10.997096327485988,74.4462600159214,21.2174636374025,90.3307153589834,35.23351021813358,104.70083190938765,19.919468851395745,83.53611931730525,24.490056868596245
bb50273f.qasm,64,success,61.829867500000006,20.310706590268207,7.557677578946143,21.47738117856068,13.379484195503096,25.254205729249428,23.94401913746876,22.28835366979839,13.877179931281509,20.798641643586897,16.27723979162703
bb50273f.qasm,512,success,565.4078366999998,98.81969993354237,40.6982930482298,192.67461751250974,132.3138438719693,163.22947955094455,144.58703954974993,230.1931903647651,188.23353512979497,140.3869135637413,125.24728108709596
bc99b330.qasm,16,success,125.21808419999999,158.50152144082796,61.47350114242926,139.81212568396504,30.704269570222824,141.21114134047406,42.918842425999394,142.53027153825016,24.78771303422545,137.6017437578777,30.80756564505235
bc99b330.qasm,64,success,175.69860989999995,214.6501118597641,10.460550560713868,230.72655961682872,17.856709820415627,233.62311640870664,22.700067933074003,240.45013278541686,14.291667155993975,240.6150635660869,15.913864706685663
bc9dd950.qasm,16,success,1.1235861,1.080487830315962,2.4375608544709104,1.0925665274277578,3.1837076939379094,1.073751817700141,4.251031645973624,1.0735058330046334,2.9192355803443655,1.0760392786693556,3.8046984532610026
bc9dd950.qasm,64,success,2.5736842,2.5294650242045207,3.366560345582469,2.564475675460774,2.9396214446504247,2.5688453343161695,4.5273843561852285,2.5802047534696766,2.867158397652672,2.555242574093406,4.0233724923197
bc9dd950.qasm,512,success,34.4556024,35.20680636565049,25.123478020989268,34.47915612893757,53.42811204479236,34.55426631048905,46.966780261962995,34.160237467434186,32.7177577619515,34.06564173304824,37.6940106588634
bd32080b.qasm,16,success,1675.8850690999998,318.09710959216943,24.61994339947282,204.90904489428178,23.24916743950575,167.69507384466,17.340665749783867,201.44606948643874,26.335267710246473,217.7612355129329,17.699600580988466
bd32080b.qasm,64,success,6223.237383199999,209.62225500598888,15.164377269356375,148.02374586796896,12.11657214296285,105.61035159797842,13.472815655211082,133.64125564858904,14.94643118008554,157.3170301847524,11.68342004660821
bd32080b.qasm,512,timeout,14399.999999999989,242.15843048246816,73.48212821567695,414.31972414701744,29.565569200556354,487.5151677564924,39.995655636964614,386.51832552052605,24.511644328246224,394.3915996804391,33.52333796657987
bd462bd7.qasm,16,success,8.4452683,7.248278908053559,5.192819971727081,7.096771593673699,5.063856742849279,6.80866251153873,5.270229227734256,7.095923506166907,5.6931646762481485,7.124619517557119,7.248766916758685
bd462bd7.qasm,64,success,0.18212130000000004,0.2355285222926158,3.894859957374667,0.2439429284309109,3.3320163510795764,0.24853720803838658,2.7921932018101034,0.2339524692167252,4.4605568838104945,0.2366899023076676,4.88373246098044
bdd2c3ff.qasm,16,success,8.5620839,6.497119859116842,1.289592772828864,6.623785015421307,2.4209095188818566,5.602993113445175,2.600914688769426,6.89815678178025,2.1488085507029373,6.643619086634423,2.0287367490058026
bdd2c3ff.qasm,64,success,71.33639449999998,6.919785748688212,2.679303066135011,8.170496612622046,6.0958857003272895,6.25656882523502,6.025154199461369,8.68253083999895,4.201011721549536,7.41784381632916,5.88492413745741
bdd2c3ff.qasm,512,success,2554.6987554,1391.315236116355,8.290450289039393,1213.737196039572,78.72650389244588,1205.9742672074797,93.14057345886384,1387.9710071658742,89.79847012247627,1390.8240320642617,141.42918245587452
be527b4d.qasm,16,success,327.64276280000007,268.2834955943751,23.788409181643864,429.8641254438586,12.584797197496268,408.4028805276566,11.760889086422404,415.7995126689595,11.158060977119064,261.36254666362936,9.831323419374066
be527b4d.qasm,64,success,16.115476700000002,113.20721789563004,4.323375500646769,155.04760355079588,4.888700054770746,140.57084113338445,3.618062741995728,159.41297124151427,4.898331729074067,129.24392082853254,3.5348892637359364
bf029799.qasm,16,success,1.7939698,1.783667712714945,6.603814089824711,1.7922781561214196,11.501710834262218,1.7894066971584481,8.843951007265522,1.784002770554769,8.349128273935062,1.7835257312149855,9.033768371441054
bf029799.qasm,64,success,9.9905934,10.053235429929924,7.553199057523334,10.056529368641726,10.358921094929919,10.00256486245477,9.475652924468497,10.01189179994562,9.539551516723167,9.995616326209166,11.010492971334251
bf029799.qasm,512,success,373.7508546999999,381.5471912010312,105.84791051945797,379.55895007630346,215.19506161946097,378.5457928490328,202.89631849180748,378.2440849069325,159.92919828564413,381.64016114537026,159.36437176503668
bf0f8df9.qasm,16,success,0.54735,0.5340732747300632,1.4958041373407602,0.5391552277268867,2.049783847745662,0.5354760845900918,2.30947761497421,0.535165731618335,1.6779089298693655,0.5366086592302732,2.0690933626131924
bf0f8df9.qasm,64,success,1.3424396,1.3499838957758001,1.6688592328893512,1.3390830293771194,1.7193447422356247,1.3333734961505601,2.4609137287802336,1.3310440781945172,1.4892393465387612,1.3500251650471435,1.9232808256140685
bf0f8df9.qasm,512,success,3.4726905999999995,3.5704860000484846,8.443351372373463,3.5187611382138066,4.8611172893383285,3.5389062165222014,5.344683770875517,3.544400571604876,2.816281723503711,3.6272079980831373,4.050711324366581
bf9674e9.qasm,16,success,0.1775753,0.17359837314722354,1.7328566421014326,0.1722905564445484,1.8310463717219936,0.17031312149249,1.972191729117003,0.17237054574150312,1.8087261715559046,0.17000410134898547,2.136067275186938
bf9674e9.qasm,64,success,2.4674081,2.4030536075342193,3.639979505312028,2.4586135843431527,2.784947892508867,2.4960307438976677,2.732759873915159,2.4859103005919208,2.906409902679914,2.4777508595919477,2.8102236274753523
bf9674e9.qasm,512,success,0.17353109999999997,0.20749088192012313,4.528516804141799,0.19552715405842325,2.4706255234684735,0.1960719668324669,2.4611367643669593,0.196530497961392,2.351552321140147,0.19433704248364234,2.686595926831123
c05aa9cf.qasm,16,success,3.0019963,3.0729145983746347,14.796256905813827,3.0692733844995934,19.9683268151011,3.0308702503245204,20.344614306766953,3.0270147203288014,15.850203935088869,3.022226180934349,22.066658323195707
c05aa9cf.qasm,64,success,23.5731577,24.524807600679907,15.535312704780349,24.035218007109723,18.40360122572991,24.077836150004472,22.827740203792594,24.177800429977136,18.644280479641633,24.15767173911871,28.117809466348778
c05aa9cf.qasm,512,success,448.6712298999999,1153.8235675290296,223.5426488951689,1128.106385220305,451.6461129059631,1133.9043588764205,373.449623708849,1135.0962545295,299.7198797139609,1155.5115483228262,417.6009627551506
c0a1d157.qasm,16,success,0.18243549999999997,0.3989351585402557,12.456541212689432,0.31098598617170903,7.172650699062837,0.28797205076673227,9.51420910132221,0.30638847847327705,10.297990185045707,0.2954642531374182,8.799411007398781
c0a1d157.qasm,64,success,4.6466562,4.546339997613885,11.210342032300762,3.424185779413577,8.828292440213326,3.5985973423668876,11.015574931758204,3.5908085007855703,9.577261851573178,3.7199650263760513,9.77086669327971
c0a1d157.qasm,512,success,0.1828232,0.8108056802901169,66.37929731310494,0.2800282528316917,12.062364481475067,0.2879754470641482,11.956544884945732,0.2848597515405693,9.911934255576837,0.2709134562155515,10.597048285942101
c0ffe57a.qasm,16,success,0.3998301,0.200367774170908,0.19273513305779993,0.1892509239272274,0.190051523866324,0.19266831989793576,0.18740222616302699,0.19307092571379553,0.1904357887041284,0.1949083024141792,0.18575485457777344
c0ffe57a.qasm,64,success,0.1699738,0.18423823059535538,0.19189253348644272,0.17845509244695085,0.19253082804280935,0.17484335199554127,0.18475301776890402,0.17790607421505467,0.19233422502303218,0.17901455594183355,0.18437451112705608
c20bb346.qasm,16,success,0.3509667,1.9179851691812768,11.18023487972193,2.143667393287477,13.79505620677433,1.596631098906241,9.483432489297998,2.1537756571224937,10.161208490003505,2.0488285835424325,9.119267118692871
c20bb346.qasm,64,success,1.1472027,1.4138674503612336,3.60161680460149,1.7927777992014213,3.647446706759371,0.9565189956659836,2.8183375160849806,1.6429026025877447,3.835504511575113,1.4503729486775698,3.7435779485556995
c20bb346.qasm,512,success,0.3426731,11.63439220733851,47.98403009916363,5.095717220956807,40.37866478015423,4.678636376670817,65.67394503531958,5.364241344350095,60.86708849962213,7.033358891675232,185.89764345771624
c246552a.qasm,16,success,4.088997,4.689645546594726,1.130290978523125,4.662751933300442,2.6678238776990186,5.007545655132696,2.732598765518769,4.833942530697256,2.144915599841134,4.632914845343873,2.392482445927178
c246552a.qasm,64,success,0.4388426,1.2567583172410879,1.6821488288430488,0.8846196014323076,5.779120091116055,4.927823609070487,5.909821487990856,6.747270441633587,5.499879816089343,5.893431549426609,5.467897434100757
c246552a.qasm,512,success,816.6656867,82.06089675970821,4.597821799935289,60.17364990281464,71.14361986038871,655.2469160987832,90.6026641134183,979.1464421468629,92.06944353755085,947.7568294191225,131.90622774319039
c39fa73b.qasm,16,success,0.17802479999999998,0.18011426795245836,0.19773381240761365,0.18058090350396733,0.19846938375918716,0.1808752224891528,0.19970184134585794,0.1800271448921571,0.202251341857188,0.1807817845191005,0.19843784461447356
c39fa73b.qasm,64,success,0.1641723,0.17515260536650837,0.24564693643234833,0.17214114889575788,0.23736979706177286,0.1730984759651789,0.2274117884596408,0.17261327853830635,0.236138485736174,0.17232635617143646,0.2289152968833225
c39fa73b.qasm,512,success,0.1729059,0.1781668110839165,0.20181101713126973,0.1780605778059207,0.1975107177022425,0.17785277193905252,0.19815329568997367,0.1777409741651392,0.1995188825348138,0.177104677624794,0.19927648166330855
c3c0513f.qasm,16,success,0.1795263,0.5471069953556601,0.6747133190058892,0.596315125107204,0.7379206409192348,0.5805720158618929,0.6195332005963758,0.58814881693624,0.7096921729383985,0.5704964688746672,0.6788465579792027
c3c0513f.qasm,64,success,0.1589828,0.37339155612010705,0.5122302768766619,0.35443482943456456,0.6129455746937971,0.35768291171870836,0.5738813817899564,0.3605088277572468,0.5581219767554323,0.35666355981788034,0.5348875504266232
c3c0513f.qasm,512,success,0.17359960000000002,0.5428951008212516,1.0956815775098396,0.6043496083351397,0.7304362913870402,0.5803557703868212,0.6666385221805342,0.5983627722909904,0.7114248292089222,0.598581265131472,0.5616230667665103
c40ecada.qasm,16,success,1.5196586,1.470580452076138,5.213305896644757,1.4675906082229302,8.867811137360881,1.4912635262766059,7.220681118698574,1.4884905605495093,6.691438996729563,1.4879185054201074,7.9399538400776635
c40ecada.qasm,64,success,6.9018752999999995,6.941474788631573,7.207240496580444,7.013827922361994,9.120707524401027,6.890907628295035,7.843749948930598,6.8919852080588955,7.90922931607051,6.899309004374385,9.834893845623698
c40ecada.qasm,512,success,208.56807320000001,209.16562456629867,96.67840077137818,211.34059361390018,189.6492427486977,212.63790561528467,184.77018022550925,215.5824109604479,100.60583199255329,214.84299225695352,117.7736783905517
c4c36286.qasm,16,success,1.7383957,1.7337937190743238,6.969726053280161,1.7321958273136115,11.733042846315657,1.7340061129187634,9.391528757438609,1.7237463097588324,8.800933535531142,1.734980237380995,9.105026494979086
c4c36286.qasm,64,success,10.072573800000002,10.13549643896142,8.23939430768365,10.108904598135052,10.442723079608793,10.127482959963066,10.496180750175771,10.107068999986595,11.637686200070894,10.081698246868688,11.581472357455866
c4c36286.qasm,512,success,401.72131759999985,406.9701865690948,122.14322663840785,407.3176594534083,244.8674961726488,407.74958709006506,220.35003281587475,407.5333567696436,174.07237416893426,405.26819272090177,187.53274566027503
c4ff2c11.qasm,16,success,1.1621505,0.9525016249179249,0.5597527882185013,1.0516096101379517,0.47361879438514876,1.0693073124254238,0.4608969684751015,1.070735177772265,0.5162636894321408,1.0825025530234573,0.6187354181865299
c4ff2c11.qasm,64,success,5.589186999999999,4.048177231356833,1.060050679543585,4.50226497771748,1.3537618440473538,4.451903763823437,1.4589285681106525,4.656430473783155,1.3545360042773105,4.5006297145834235,1.3055412635907233
c4ff2c11.qasm,512,success,1.1551765,4.556861321396047,3.375541337141356,2.5510904732932214,1.6590692489545444,3.3601625786303795,2.9013672955852674,2.7029196897768566,1.756599759306333,3.11148041168493,2.654932902906544
c6678d16.qasm,16,success,516.0462371999998,692.4403388496062,68.82564897388329,672.6087355107466,40.440494601325106,649.8540882624835,56.62581594547,610.8340564911099,32.56656589491527,700.3090009449859,45.93311493152564
c6678d16.qasm,64,success,821.4442047999996,569.4925671190053,12.115719968339999,558.10004050399,23.113964963137878,528.2977770971563,24.960413853492728,534.704801102978,20.225498683972198,574.7835689370708,19.341836116025295
c6678d16.qasm,512,timeout,14399.999999999989,13764.974255815818,1239.9253040605038,14346.277706449915,1304.3145730015192,13420.459325683965,1212.933536907248,14299.904864668797,1953.7430633288436,13934.752357625088,1747.5006771636477
c676cfb4.qasm,16,success,0.23532530000000002,0.18056349616622727,0.2840204927155202,0.18352571174576904,0.27819677311434143,0.18338694129660763,0.2466109291413705,0.18100371174365834,0.2886630830765659,0.18203175066253663,0.29511213150985904
c676cfb4.qasm,64,success,0.2578355,0.17813101937298134,0.33537478439550183,0.18058032406953342,0.2824892120280492,0.1761025715637144,0.2989431312923131,0.17866026943307178,0.289128726007777,0.17622982137221893,0.30192686758999526
c676cfb4.qasm,512,success,0.24538750000000004,0.17707892354707527,0.34960503753237826,0.1765621625514295,0.23514482337401613,0.1757411879050259,0.25057077850242443,0.17576331217967725,0.2751522176459585,0.17526749218919657,0.2682662127622879
c7670b0a.qasm,16,success,0.5437697,0.7865096650767269,0.8956301976051578,0.8094056121753308,1.1030990283858175,0.823897875585501,1.1074482882847705,0.7553867493955734,1.0524028585363436,0.7868662815695108,1.1061278233516145
c7670b0a.qasm,64,success,0.550425,0.7754905528108019,0.9120926205604504,0.8051349248037684,1.0740829011066744,0.8166378814472351,1.07808827663689,0.7507340126558167,1.026390850359419,0.7869229869075945,1.085052121038221
c7670b0a.qasm,512,success,0.5097197,0.7793312124458652,0.9059477138553585,0.8076230035273739,1.078625318331648,0.8093506428888692,1.083255091244719,0.7523027868222898,1.038282251195177,0.7879509504329029,1.094511230469509
c7a93f95.qasm,16,success,1.3009129,1.3022606886968509,4.8533332632939565,1.313239636364157,7.407483742428738,1.3070163100264898,7.539089737952739,1.3037255258508946,5.554550261665623,1.3088930700660142,7.725274632960416
c7a93f95.qasm,64,success,6.5205913,6.516873428847287,6.516543219142395,6.505241969270948,7.431435878606462,6.5181918431242165,8.777268600659482,6.514813201524998,6.428449385033389,6.495406564875885,9.796179604948614
c7a93f95.qasm,512,success,209.0101838,208.24023842627182,74.93172751085477,205.7279249282281,160.92042338068157,207.62703983141702,177.4007579064926,208.49565692899864,108.79369454451565,208.0625624271851,119.54933255819793
c7bddf55.qasm,16,success,0.5527257,0.5659191147638246,1.2706869151541011,0.5738587176705738,1.7740346464456054,0.5785787343820148,2.1161347200990703,0.5688318394647777,1.4299219761055197,0.5735465238141542,1.823269442456535
c7bddf55.qasm,64,success,1.1093257,1.1635439615856227,1.3942257427955953,1.0780658371589917,1.4178129987122405,1.0833561012126809,1.7715083606569697,1.117185386263421,1.1547179676869452,1.1041799578310554,1.2539033191435456
c7bddf55.qasm,512,success,2.7514677,2.7064431333935253,5.720350513921,2.678554560035887,3.803282646667202,2.6820529369598063,4.142336545317628,2.668389012530909,2.4083373814678195,2.67903092337893,3.2178684078806232
c82bb473.qasm,16,success,1.3014825,1.2930796398592042,4.8533332632939565,1.293605408762949,7.407483742428738,1.298920004963592,7.549097438716094,1.3025274131669988,5.554550261665623,1.302513174949982,7.725274632960416
c82bb473.qasm,64,success,6.4765742,6.545366010401077,6.516543219142395,6.5171943607700875,7.431435878606462,6.524362118771387,8.788919911458027,6.538711973916069,6.428449385033389,6.580584070686951,9.796179604948614
c82bb473.qasm,512,success,210.21006139999997,208.19116046335304,74.93172751085477,206.59878363954743,160.0026705963476,207.17797200382913,177.4007579064926,207.68438246579757,108.79369454451565,208.99570435470892,119.54933255819793
c84ad65b.qasm,16,success,1.132833,1.0614128655763488,3.6235404455325853,1.0805793448001473,5.342795291094621,1.0754529069642798,5.044796484070389,1.0761483657173498,4.0729532157900605,1.0872929880741105,5.802632437479084
c84ad65b.qasm,64,success,4.321362400000001,4.265169572117755,4.842471787163445,4.369244303411478,5.702195399797343,4.305268281410155,6.562481646238552,4.314902977583484,4.973970448214413,4.282485116648154,7.496310993804603
c84ad65b.qasm,512,success,96.38189569999999,96.77781412992239,42.5803403646006,95.00499966338367,98.41135662309753,95.78387632802091,120.97604406165263,94.17593942738196,51.329974950380944,93.5056406788695,74.18096951816267
c8afe1ad.qasm,16,success,0.172325,0.19892116811438626,0.2004182227918663,0.19838375509655937,0.20784468358734315,0.19339239377580886,0.2033430202820124,0.1937935746693905,0.20559425594935743,0.19279711810261768,0.20649782012431647
c8afe1ad.qasm,64,success,0.7844303,0.7047414968862208,0.42580745543154064,0.7670411878483249,0.4452476419770229,0.7750523294520795,0.4064892461261787,0.7767391534070953,0.46712481544517326,0.7570247632472423,0.39835274631883927
c945995d.qasm,16,success,1.6418214,1.6389044695359747,6.409577176991888,1.6465937190669788,10.82996683286584,1.6684652589003133,8.35904548067536,1.651511854712845,8.594256786357558,1.6589064547487593,8.862722628965836
c945995d.qasm,64,success,8.8522282,9.000430506649975,8.45864795091505,8.924579711741496,10.079773314690424,8.881526182990594,9.27980130200621,8.96664859949587,10.787224158688067,8.863501585791678,11.848863643480435
c945995d.qasm,512,success,341.62067240000016,341.0458295496193,103.441690166001,331.32767800794164,241.94088986388456,337.88262844160795,218.14541861059527,338.8486499461834,158.85442331030694,340.99695668529426,184.39911564935045
c95f41f8.qasm,16,success,0.1763965,0.19218416600053467,0.20641093548101944,0.1911745331457069,0.19804700800360395,0.19108425713521845,0.1983850505826922,0.19183531892297237,0.19385524782774735,0.19212019988682888,0.19920831148179796
c95f41f8.qasm,64,success,0.4365802,0.24988868544603537,0.23840428979993777,0.2547536106810579,0.23638997679183238,0.24389114450638566,0.23275479938808089,0.23901764470897402,0.22455592283458942,0.2528875154102567,0.24044059751429234
c95f41f8.qasm,512,success,0.17736769999999996,0.1914102026976453,0.21452291168937385,0.1940298414540506,0.2059563223613082,0.1952309661136562,0.21709960632823436,0.19458393692973436,0.20081563560139892,0.19744481684403725,0.20641814425017305
c96fe790.qasm,16,success,291.6478196,37.371408679328134,8.706711738180942,72.73316356595677,17.70861289603028,83.36943782435982,27.209229462885308,80.69733769318373,16.758236537316407,82.42557769393244,20.52659554808988
c96fe790.qasm,64,success,29.968277999999994,14.34709733247872,7.632734396083972,18.328294525582827,13.117050220517571,18.34656861963313,21.44991329871544,17.600930303994073,13.593861682651355,18.003705850878323,17.748810406914505
c96fe790.qasm,512,success,292.8521848999999,32.06629475051554,22.82919421655086,94.71139871531224,88.64901923131706,107.03796333104562,105.21808183979714,101.23013351311108,122.16388450968267,112.5063511247433,98.97943889463932
c999af32.qasm,16,success,1.1311006,1.1223667100023513,3.991304006587818,1.1121104640178852,5.623732218638552,1.1237024503295145,5.815578545969193,1.121056586807717,4.4765531218381875,1.1280968177246982,6.64908569813852
c999af32.qasm,64,success,5.0753012,5.097708962724633,5.416780586304916,5.076360474329282,5.956913528867577,5.118274724936003,7.6024066953058025,5.0941242464439584,5.4707477826091875,5.091211570380766,8.463718776353348
c999af32.qasm,512,success,144.16692230000007,144.9276399270658,57.58899162688997,146.37981577143526,121.8531269034766,146.74969028244018,145.64599598006697,146.3713934391352,72.71488069788,145.4310591886963,97.42142347621541
ca0a2ce5.qasm,16,success,3.3426185000000004,3.2405162307667252,3.325752328279498,3.304038745218888,3.8522999225216767,3.26040678557684,3.079297401730133,3.2793143901407027,3.033383425176131,3.2056132667462185,3.139424444874729
ca0a2ce5.qasm,64,success,0.1686469,0.177693160805205,3.294990405323536,0.18028990566866543,4.428503652680972,0.17757054348730494,2.4246238601926033,0.17237537813538648,4.431587061526058,0.175228327108814,3.3326230225124633
ca634f4d.qasm,16,success,1.1346432,1.0763115416875122,2.161236088609384,1.0650949025960557,2.864437324289435,1.0824228562753664,3.972811671116249,1.0806042341840862,2.548159020658464,1.0823167827900226,3.313490370937817
ca634f4d.qasm,64,success,2.3053915,2.2635038914527517,2.9709025229757153,2.2642793061621576,2.6622462912152196,2.24351990344059,4.030502307194333,2.278984812874729,2.60605324844602,2.238531352243242,3.364830997620065
ca634f4d.qasm,512,success,24.028526199999998,22.480002325884172,18.536049865107888,22.627402405319643,30.336471476620382,22.79831902372968,33.61649399459251,22.43479130982529,19.985524968633783,22.25004651717219,23.10389021050724
ca8c6d9a.qasm,16,success,2.1916357,2.2284950225029214,9.30910039278291,2.2352560294603614,14.644000072001733,2.235468532630794,12.923840933911285,2.23115315450607,10.749932561272207,2.2298798921791034,13.42391114613568
ca8c6d9a.qasm,64,success,12.676150400000001,12.723157590090256,10.84322711279745,12.655542086369904,13.502815015292876,12.615233598511008,13.628035514053378,12.619363788391533,12.753389178895613,12.631676684435266,15.5437029618188
ca8c6d9a.qasm,512,success,522.5552257,524.4525103274857,173.81051015628796,523.3030326446545,387.6645947683734,522.1911624833608,331.6187096103369,518.5678081625473,207.0022919204381,522.6683721780391,291.34253720285705
ca980007.qasm,16,success,1.3004284,1.3013740646415743,4.8533332632939565,1.303760911231967,7.407483742428738,1.2931972660321744,7.558987373568267,1.3008329542210153,5.554550261665623,1.2930292702943087,7.725274632960416
ca980007.qasm,64,success,6.5013756,6.542053013647297,6.516543219142395,6.525504104406222,7.431435878606462,6.474410044409411,8.816264501811851,6.515378793445842,6.428449385033389,6.51596893546123,9.796179604948614
ca980007.qasm,512,success,203.21602670000007,212.5349876964704,74.93172751085477,211.33718434085975,160.0026705963476,208.8779435336672,177.4007579064926,209.04861800018392,108.79369454451565,209.46781673044242,119.54933255819793
cab2b6e9.qasm,16,success,1.5307986,1.5462916815389867,5.213305896644757,1.5397170245249678,8.846544990209969,1.5274586401284402,7.305248740405413,1.5264662160817815,6.691438996729563,1.5215781963128305,7.9399538400776635
cab2b6e9.qasm,64,success,6.8686035,6.91151748376614,7.207240496580444,6.930594695702084,9.264029153822587,6.87529998370899,7.950250483512136,6.80290301060077,7.976192195978849,6.876663133790636,9.834893845623698
cab2b6e9.qasm,512,success,204.01155880000002,197.8819509044766,97.47280685206665,201.89001503565981,189.6492427486977,201.99796025719792,188.79016014844893,202.46155360701394,101.67869455453588,202.44256743530266,116.15497328360975
cb2b300f.qasm,16,success,1.648719,1.6405352914573328,6.409577176991888,1.6344107376837345,10.71138836126102,1.6375423657714205,8.35904548067536,1.629839364622909,8.594256786357558,1.6321452343052842,8.944347796770654
cb2b300f.qasm,64,success,8.9312101,8.915391015588517,8.45864795091505,8.896163376284694,10.063887510746818,8.912216836010732,9.2647647613766,8.896322543922278,10.787224158688067,8.8907904120397,12.009861208668497
cb2b300f.qasm,512,success,336.9242883,341.70253836861235,105.36271488778851,340.18659191724237,241.94088986388456,344.9155261527401,217.79194633857648,341.26705434001184,158.85442331030694,346.9712847924942,182.9967628661491
cc5bc6eb.qasm,16,success,0.23998150000000001,0.22455718166154798,0.21844520398737535,0.22546722676652597,0.19497363742113696,0.2183994552305634,0.19483411530478037,0.2277220859403836,0.20320932091835,0.2121438805517171,0.20491438022880976
cc5bc6eb.qasm,64,success,1.4279914,1.627106523148078,1.3857292258843605,1.568080030484197,1.5802139042815158,1.5974371768071405,1.6648160333523214,1.6420918182449857,1.6012420823023277,1.5670210293037008,1.5898684172544009
cc5bc6eb.qasm,512,success,0.2081356,0.28771747452440666,0.3342457816844517,0.2158697647758155,0.22146840768513895,0.23920958492242322,0.2001795795848526,0.23865668337681872,0.22259622669643564,0.21642157450840543,0.22971552729199113
ccfd978a.qasm,16,success,42.34227140000001,60.19257878105033,31.313060907472707,59.58303797360229,13.365165464022741,60.6218367209956,19.618695593019176,63.353388226586944,11.924910637563311,60.788362505215346,15.527973780942576
ccfd978a.qasm,64,success,2.7107435,3.461011452460796,4.506994291702453,3.197232919071093,6.429301622014388,3.2615815029836375,9.863301936463198,3.214347393785196,4.389722179875871,3.2231518537979658,7.217178644066648
cd51d9b8.qasm,16,success,1.7485021,1.737498562740222,10.757455490772749,1.7384052600997344,12.282262616565385,1.7444777181462396,11.35622919252006,1.7550701869003278,9.5878279500991,1.7511026159348533,12.815055418415067
cd51d9b8.qasm,64,success,13.210056200000002,13.111597485943589,11.860560654897577,12.959453284620587,11.609827667824336,13.131779021932669,14.809639729987193,13.04356796313949,12.584156130050731,12.97179044548921,18.1118946955878
cd51d9b8.qasm,512,success,574.3465174000002,569.8964189761749,259.2391802372776,566.7975668986295,403.01691576418216,576.3076182734972,304.5283694076022,574.0630047569945,255.75454162226427,571.7715590951408,318.24801117328803
cd592018.qasm,16,success,2.3526015,2.339740903193549,10.73797546385582,2.3296967694566764,14.616562258933852,2.327457678518935,13.128821499829419,2.323303127168978,11.913675917191929,2.348372765415582,15.189756705201901
cd592018.qasm,64,success,16.3234668,15.955727662764488,10.90429539557337,16.02871729294476,13.724743086443253,15.896013398670926,15.152983290899158,16.208005635760202,16.546648806877222,16.105213320724,19.103965407930623
cd592018.qasm,512,success,666.1303829000001,610.9576369132438,175.41447804838657,606.0173297621324,338.79850770169355,561.3113961481524,257.5868162702682,602.9676486709234,200.60771455182746,570.3082986690065,290.63702171623373
cd5b55b6.qasm,16,success,0.256669,0.18263702227713594,0.2191171616767882,0.18229550674481818,0.19677169940111222,0.18397005566379757,0.20026819268364782,0.18284728402143927,0.20052004596529147,0.18330819821857106,0.197670788118755
cd5b55b6.qasm,64,success,0.1625885,0.1796949454461443,0.37557733990752834,0.18151393954738868,0.407130028869647,0.1902504450908821,0.40301374336379014,0.19001008622299423,0.3771413219745734,0.18968287074410908,0.37753423129750774
cd5b55b6.qasm,512,success,0.2338264,0.18528913267102495,0.2388844704421686,0.18562939515351665,0.21588519419360647,0.18762154923325688,0.22335904106182294,0.18573144865571972,0.21811294406233797,0.18605526266531172,0.21683883406439358
ce4f4dde.qasm,16,success,0.1818813,0.1987009651916563,1.8761341427933886,0.19803594607084207,1.92176002224887,0.19534409437510175,2.6802065389240632,0.19335025407819773,2.392320261234421,0.1920885650453583,2.157132787591427
ce4f4dde.qasm,64,success,4.050673899999999,4.416312197477789,4.918568186464597,4.47744007194859,3.4048525761147115,4.55191297675766,4.100956306206407,4.316286739199669,3.5722903442039398,4.479555983502879,3.1762268648902268
ce4f4dde.qasm,512,success,0.1800354,0.2050536290446133,7.15667251170195,0.1957287664918141,3.8179606560731734,0.19310272360122924,5.240730281342277,0.18951149524188377,4.528254883000246,0.18853788446336958,4.093505856608389
ce7207a3.qasm,16,success,3.4724855,3.188371417875291,3.303616214831009,3.2639322936818917,3.7887984973044637,3.3040039108539117,3.1303969904194733,3.3337948073761208,3.21772140704033,3.294743784067376,3.384201545448864
ce7207a3.qasm,64,success,0.1853343,0.17293457169773774,3.2739598090207296,0.17267740256595163,4.370263435701416,0.17676294669756953,2.471674236041669,0.21027782476370208,4.732113481431184,0.23563138461012684,3.8013097673051877
cee426fe.qasm,16,success,60.8826121,64.70740176067498,38.42596287587883,68.99772322137643,49.21720335914379,112.33100614640331,35.57651516559577,66.35006834547086,56.85824612092874,87.67836578435858,48.4314938288182
cee426fe.qasm,64,success,142.56026650000004,51.43771124928254,32.49747972738073,71.1848519659016,52.78609456760485,102.76823321275134,46.65649634659699,88.73759654718505,70.98566042735165,78.98048094118312,63.29839838185082
cee426fe.qasm,512,success,11992.309916099994,2404.9723025677554,2372.3460667580557,4636.265151382057,3149.364964590684,4374.82006489203,3849.0614307629007,3893.015234762096,4462.735926240527,4003.2456787253172,4523.395027561541
cf2c4cc9.qasm,16,success,0.1780009,0.19394305495182165,0.22269310511976015,0.19601709780037155,0.20749588339687353,0.2031525200648475,0.21062085367349223,0.19723922475174283,0.2236847673029691,0.19955979215696806,0.21314023125475282
cf2c4cc9.qasm,64,success,0.3343455,0.2756151331657043,0.293914447312067,0.282330777681879,0.26196162390353284,0.28307446995133745,0.2708776584574935,0.26499349499023567,0.2526037156899696,0.272945410708342,0.2795063968205199
cf2c4cc9.qasm,512,success,0.1702461,0.18855396734891777,0.2238345039461277,0.18755641826505373,0.20643285034590533,0.19321690402764344,0.22354765524804754,0.18742207297482136,0.21458012476490315,0.19317793492115848,0.21389520146364252
cf5bfeb1.qasm,16,success,2.2799182,2.224231725874856,9.856430568697233,2.2266168115400453,15.44369801719416,2.230571003201232,13.131044296298793,2.22760578353522,11.632425154551292,2.2312081085075137,13.719243677791104
cf5bfeb1.qasm,64,success,13.079453599999999,12.997520793871283,11.151075643525184,12.940982522761072,14.60828628212478,13.072449734298996,14.178113434249806,12.988325094763097,13.596562634985013,13.071599467335249,16.41723348550255
cf5bfeb1.qasm,512,success,361.00468059999986,566.5422397946851,183.43979129072164,566.6910299603234,389.9009892621681,565.8440038796704,369.98294749349054,558.7854738029506,223.39430393003957,564.2296782944571,302.9520934151578
d168a391.qasm,16,success,0.17140079999999996,0.23285697517086368,5.65441749924064,0.21740008782106698,3.0375727858088175,0.20755435773558106,3.78078495885865,0.21514889942105103,4.9830253728996245,0.21626267449455577,4.219313344659191
d168a391.qasm,64,success,2.6421047,1.7371629377972504,6.8367939478624375,1.8753124943615092,4.480735214832728,1.7965109688306402,5.640104840540324,1.9824967971727439,6.248621255832729,1.9509552550772165,5.394259117930301
d168a391.qasm,512,success,0.16305370000000002,0.2540966733500707,41.85903731398981,0.22687472704489764,6.795009531111509,0.21540728198832174,7.486534617407456,0.21594135988435503,6.271426782277563,0.21305567284659904,6.486615852229133
d20d9d2e.qasm,16,success,7.2601546,8.19795717689843,5.190260631653217,8.228528312911216,5.063856742849279,8.060347388594913,5.240135302588409,8.134578189706696,5.670461132546256,8.004211701245387,7.199328810043138
d20d9d2e.qasm,64,success,0.21048460000000002,0.2192948548115793,3.8721388998126223,0.23510738553117064,3.3320163510795764,0.22769733774410877,2.7762492931911344,0.21808344375072625,4.442113120377101,0.22486820249797715,4.850424383986277
d21812d8.qasm,16,success,5.7262911999999995,6.819435244895037,4.184984400466634,6.653155739208661,4.95893911920539,6.64463262614491,4.4860629208613885,6.670522750432628,3.998196736427433,6.582589423824604,5.901068388314748
d21812d8.qasm,64,success,0.17260249999999996,0.2003649396351618,3.749818240145587,0.20100616093038226,3.847614306504756,0.19943000600823213,2.9858183450378246,0.198931341377079,3.6053447657931614,0.2039168314337346,4.411194996131086
d2ffaf7e.qasm,16,success,0.2321556,0.18031919741886246,1.3363364756398206,0.17863967956577642,1.6100441326026655,0.17926602052303645,1.4645772319573251,0.1791962898385373,1.6751006883497592,0.1797621753766792,2.039883859830227
d2ffaf7e.qasm,64,success,2.5454339,2.535074979086008,3.5041754181794054,2.5452225660042282,3.0360364980714944,2.5725836655065386,2.833485389890314,2.6017899791492036,2.7818315663136133,2.567342835006784,2.915808752786193
d2ffaf7e.qasm,512,success,0.2593566,0.1766120706337644,3.076596806706079,0.17384775522263332,2.2075150832913275,0.17466348598626896,2.596241510401223,0.17423201833761706,2.6991143732287455,0.17637504098710888,3.036365049068904
d3f98c63.qasm,16,success,2.2281586,2.2476904865928136,9.77714130919765,2.248401807732098,15.390310858754418,2.245639092944899,13.131044296298793,2.248782284413635,11.447469369936009,2.24363244797727,13.719243677791104
d3f98c63.qasm,64,success,13.029918900000004,13.10590066275011,11.123243050990736,13.00107713612465,14.684170332152467,13.138234842294079,14.178113434249806,13.038213651303938,13.437625638502137,13.094983345026174,16.41723348550255
d3f98c63.qasm,512,success,562.6930221000001,559.1892222826151,181.94499102448924,563.4748553426526,403.142485133331,563.4448461505743,369.98294749349054,563.7017674158595,220.77044553650055,563.4086643279539,302.9520934151578
d3f998bc.qasm,16,success,1.6935747,1.7615900514715384,8.960489989609634,1.7554735864583415,11.273157049783181,1.752507597169079,10.153499299449976,1.7598634735734513,8.252099972954523,1.7587923012032247,10.77712811006829
d3f998bc.qasm,64,success,12.235003299999997,12.187561406172904,10.04754797552071,12.185225532710177,10.51873525663984,12.22976895703604,12.735581456349351,12.234869024808251,10.849665454450385,12.188632566037219,15.335949154851143
d3f998bc.qasm,512,success,467.8785964000001,481.44380626385174,198.56035760357037,471.9893690360971,318.359166766859,479.99428180801596,264.8117689889775,468.0624954447416,191.79072904584078,484.07549109822367,240.45184299415735
d49ba491.qasm,16,success,1.0047482,1.100798506215346,3.6235404455325853,1.11112513766917,5.363943825943498,1.1014901467606077,4.990292522344829,1.103597970516944,4.076712457297992,1.1110012555517432,5.774884597242039
d49ba491.qasm,64,success,4.3270887,4.306588835138737,4.80763403196622,4.277904670642814,5.72476655806888,4.290884348094031,6.462680518627875,4.29360033672267,4.860384096945752,4.305081680185292,7.505020232632901
d49ba491.qasm,512,success,96.86097500000001,94.82432288252589,42.37025090384578,95.46529138927895,99.28945507566712,95.03464096762569,118.85638695598142,95.1517278959213,49.979298808209,93.81999840943575,74.49277210627653
d4a7f2c7.qasm,16,success,0.560587,0.578361622911824,1.2706869151541011,0.5714395094437019,1.7462989387560364,0.5707157759185896,2.111437789561508,0.5751818397520814,1.4189370311471443,0.5709922888535011,1.8145506773540618
d4a7f2c7.qasm,64,success,1.1167891,1.1109204791127965,1.3942257427955953,1.1093450015381265,1.4017322305283646,1.12421037429759,1.7715083606569697,1.1082701082682953,1.129903040793614,1.090823750577349,1.2539033191435456
d4a7f2c7.qasm,512,success,2.7529107,2.6133296797771433,5.720350513921,2.644255178558013,3.803282646667202,2.65262395993534,4.142336545317628,2.6278642770190004,2.4083373814678195,2.6690496028387107,3.245327541656204
d706049b.qasm,16,success,0.2326287,0.28861823645484097,0.3292118648774632,0.2855758913120179,0.3499251496368605,0.28127488704686343,0.32887819380734873,0.30043452849683044,0.3558967692132256,0.2903421704629722,0.4181328266386748
d706049b.qasm,64,success,1.7873514,1.6520780220579838,0.6134991375840382,1.5433909080055446,0.6205908881500711,1.6408863379092684,0.5645569654590755,1.7089296599266335,0.6085793333385554,1.7249108528385628,0.666169852726124
d70a0bd6.qasm,16,success,580.3384012000004,337.33482084618265,29.548271574698557,333.10822294312055,15.790978538458914,335.3458790685174,15.023176452395951,400.1548363521658,14.025459933520914,311.8410002144887,16.914981633504855
d70a0bd6.qasm,64,success,50.607107000000006,71.39443528903122,5.451090508237489,68.21203075326166,7.983668782516872,74.38382284666542,4.523301729109295,80.90232653923542,7.4735575317526886,70.67431544984184,6.940406078179941
d70a0bd6.qasm,512,timeout,14399.999999999989,8992.026130952203,402.8460296941951,9241.893019545183,256.5818870305626,9413.549993064116,54.999700946923575,8873.494975547084,392.48055343908806,9133.78951483345,293.59494355967956
d7fe8918.qasm,16,success,178.36455989999996,5.537340140063091,0.86310615785473,6.873057534126907,1.7361757319690392,7.770912151734106,1.8463821158358784,5.542587374397718,1.8274784841954086,6.858797530812013,1.702456556058575
d7fe8918.qasm,64,success,70.26249630000001,8.236060968920645,3.965089274459641,10.074467751045518,3.6930616487249512,9.360510773707842,3.6733025950484484,7.513547868645708,3.8262093732423823,7.278861451043456,3.144357032203822
d7fe8918.qasm,512,success,177.67851409999994,6.606935375925804,2.9303502070143344,35.00904375563094,120.76230424601408,23.007694979935412,103.87714592328511,37.970156789954096,75.67167071788256,20.442349857705626,102.27453514064531
d87e1b4b.qasm,16,success,0.17300719999999997,0.2398526811014247,13.625630914848468,0.22012660013783353,11.128008861189588,0.21833238373688194,13.599060305061617,0.21627639706328805,10.228482022437175,0.2160311017942817,10.623977204116757
d87e1b4b.qasm,64,success,10.563292899999999,8.064983602147361,17.02550011963053,9.169647196463988,12.019475921046903,8.852379963620303,15.206092414752092,9.058481449850516,11.560061810108634,8.89036444411035,11.97726625814249
d87e1b4b.qasm,512,success,0.1801242,0.2726651125953592,17.673601654317014,0.21775197340159255,11.542236579288693,0.2172965207038207,16.14079528884726,0.2204717376883224,10.934859996388052,0.23097655634386752,13.287146045781219
d9b603b5.qasm,16,success,1.2477177,1.180081153922089,2.971236164857053,1.1909780059440025,3.5338853411552527,1.195946184202436,4.333781455036503,1.1874587917665125,3.5194668751940683,1.1897006516885544,4.838020936552657
d9b603b5.qasm,64,success,3.4265954,3.3705170997633496,4.197931539076161,3.3318144258580684,4.556230112385898,3.3904001737869507,5.210972626405618,3.3708755888030004,4.5728774927830065,3.360193714541174,6.161899746019165
d9b603b5.qasm,512,success,71.4677438,70.7714874768681,30.811509944438946,70.15213869382984,71.76897171379882,71.05231704482303,65.62617158325268,72.09448801666481,44.800294024967954,71.86855472592592,54.10077786176486
d9c77e07.qasm,16,success,0.1766356,0.1976989002538142,0.22611287352117895,0.1980734116657619,0.20902870648027574,0.20086777209695075,0.22301754446160113,0.20004537178447532,0.2176287276920425,0.2030967147455014,0.21366650125249273
d9c77e07.qasm,64,success,0.176099,0.18777850729186082,0.2885872489056745,0.20018108309454644,0.26212515539447473,0.19363900712144336,0.2332443751479514,0.19478727878835314,0.2603441946321898,0.1899721267929987,0.24513719401775644
d9c77e07.qasm,512,success,0.1867367,0.1910150035844185,0.24054796752617041,0.18835401915517214,0.20281529558401923,0.18979256035748968,0.20976688753649114,0.19070737520196435,0.2056131935698355,0.18894928131740413,0.21500249934336302
da0e58a0.qasm,16,success,5.1639064999999995,7.393364799859928,8.42962933585463,6.080705530233088,10.215296574481753,5.967019091824552,9.047807355388844,6.396389560686032,9.35350226554143,5.46725563094086,10.63168997684955
da0e58a0.qasm,64,success,0.3444672,0.6715999897760754,4.43805157864115,0.6427965376048518,5.49058065392083,0.8040575376326922,4.864313691995259,0.5830672555716201,4.960931525552716,0.6996743209099971,6.00934568422502
da213329.qasm,16,success,2.1257089,2.1219767254297865,9.09155452815281,2.121925193206825,13.644860063403163,2.124083468043451,12.328424214387296,2.1213183673002205,10.250071855492015,2.1256306907915707,12.775383965379449
da213329.qasm,64,success,12.139482200000002,12.173383353535337,10.543857469361551,12.1633297608321,11.998645523489479,12.175252494224047,13.703502303255613,12.21177137552789,12.145141959691765,12.192841554704865,14.890843882961674
da213329.qasm,512,success,495.7341519999999,492.09040203215426,172.1192128692061,492.27691259942804,347.6839642251755,489.143815290655,318.1516284106865,491.65347828323445,203.90913502621464,489.7169354737638,283.53056829590355
da3a2f77.qasm,16,success,2.3491533,2.3893909110124087,12.786045488165717,2.3870705353510346,16.4623866958256,2.3863952004501385,15.845472312880398,2.3891949194347557,13.684364635058945,2.391999248916785,18.760780847452082
da3a2f77.qasm,64,success,18.0994781,18.358681299457626,14.171933706896345,18.09890179977553,17.404396725975865,18.07894730096769,18.949660851091664,17.972352244878792,19.090502289845432,18.10865124693526,25.579559742730986
da3a2f77.qasm,512,success,815.0945250000003,874.5253880160886,231.6579587692448,864.0289016478863,432.1502531971746,885.1493918722485,375.07722619519564,872.0202954484284,293.5019253877797,889.7824245628153,405.8944815001768
da4d0871.qasm,16,success,56.542467900000005,59.1105101519697,31.296943779079445,58.55239673711449,13.638095905889914,60.042873656738095,19.726973407631956,61.50555672427199,12.417740399236374,59.809203095383175,15.522906596119881
da4d0871.qasm,64,success,3.6433298,3.4684802325213346,4.775113146991868,3.2586608643217096,6.857980520332064,3.2411248004133575,10.140510210593225,3.3041243621062133,4.5246785929450795,3.203963875104824,7.536354740700888
da505823.qasm,16,success,1.3033438,1.2900197703694976,4.8533332632939565,1.2981014134307867,7.316391139944903,1.294476507655919,7.549097438716094,1.3001105352841993,5.509994924921205,1.295392661888178,7.725274632960416
da505823.qasm,64,success,6.5001772,6.518495436852614,6.516543219142395,6.547395832424989,7.340048727731384,6.539176900089385,8.788919911458027,6.542826012200351,6.357921317873198,6.602824961487265,9.796179604948614
da505823.qasm,512,success,202.88012400000008,210.507731234123,74.93172751085477,208.51964059025602,160.0026705963476,207.6383900011656,177.4007579064926,208.87686708050526,108.79369454451565,209.78377404553038,119.54933255819793
da601912.qasm,16,success,136.53217920000003,156.41266254295604,30.704613432495737,160.27471739740287,14.155587744987455,156.21257233480944,14.40515694579817,149.8356768030243,13.63926414132987,157.34820144002884,15.666437861946152
da601912.qasm,64,success,15.833468599999998,42.91864670109998,5.293179398136674,42.11004761157128,7.552794074367198,43.57163861218261,4.719521241905489,38.98392665496264,7.252520805786517,47.242950516194114,6.6901569693267255
da601912.qasm,512,success,6845.365393099999,8832.22447881654,407.6053640561066,9282.62717003082,239.96616657535913,5298.164410796012,52.44849417798428,7861.657312712034,394.2055530431903,7661.628118320088,280.00136536741655
dae23358.qasm,16,success,1.3884339,1.3830718294552558,4.189746302142057,1.3924784385211524,7.3241674517972815,1.3853719342747304,6.4073019596619165,1.3946392169318167,4.800262039434288,1.3894609479003983,7.188007679028834
dae23358.qasm,64,success,5.7483908,5.735004585714193,5.58634745307788,5.73964913368265,7.294892059020811,5.716867628220306,7.629877280591523,5.746127992987081,5.634438595029133,5.746431329721759,9.021425973889118
dae23358.qasm,512,success,133.9679896,134.26892606449414,60.93352042185102,134.6312103470875,148.85584648371548,133.90238588457365,150.0538307671266,133.9082403317326,75.75534922590185,134.42654875825684,97.51887243953044
db12c1f0.qasm,16,success,4.704939,0.19259809146948664,0.8243054660100334,0.2248134212761945,1.1417900026218681,0.22395433910741802,1.3046281191871194,0.23148922471970113,1.4834489106696502,0.22790286903491158,1.1405842306619658
db12c1f0.qasm,64,success,0.5786665,0.2966844615435913,0.9143840426560343,0.30295769753938306,1.5774961824572724,0.30772921470462483,1.3291741158354253,0.310977915861412,1.442004300447938,0.3127043809683402,1.2393436839416987
db12c1f0.qasm,512,success,4.6964082,0.21098056493523695,1.8163110232732687,0.27569995078226744,11.819617663367776,0.2611179946603124,5.64243303391491,0.25918482177216046,8.926457232624202,0.2589033177970311,7.715258524467679
db6ca211.qasm,16,success,0.2941825,0.27466919105436577,20.58818960168344,0.2654509962653694,16.554690762870322,0.2888576925889029,13.010814157629657,0.2634455852659258,12.797552707918204,0.28931515070026625,13.525920477212912
db6ca211.qasm,64,success,9.5803355,8.387585868055139,19.286481821339088,8.705750419903188,17.738051496670266,7.979231946167945,15.352098981140639,9.199874346021371,12.78240170106516,8.349416886730534,13.337904877890125
db6ca211.qasm,512,success,0.2892399,0.3055923701667598,48.21244140229745,0.2574107125691733,14.425800282395967,0.27011463009819403,14.52234447061904,0.2727607995672206,12.121947875153655,0.32527957109870204,12.646626568928754
dbcc99b4.qasm,16,success,0.16612960000000002,0.1828806317684481,3.69930131299353,0.18214608851733435,4.392464274220972,0.18286772280993985,4.556664021956317,0.18366145801890738,5.224513519562202,0.18465359101535814,5.061669887839309
dbcc99b4.qasm,64,success,1.0593415,1.051798841996103,5.22757949848068,1.090804166905911,5.074495011413167,1.0719438765492573,5.122139911045821,1.0620404790191338,5.038482568106092,1.06860337015117,4.130977627814186
dbcc99b4.qasm,512,success,0.1705503,0.17675559324900803,36.769731576284926,0.17694889106469766,7.957324090876413,0.17704145425962192,8.462950516156633,0.1785238011986196,10.143651695648003,0.1792409453892084,9.821650392424598
dc86453a.qasm,16,success,81.20216329999998,86.32932682712269,25.282517270256918,70.24729091995266,13.461455833769556,69.65576552457175,16.976656757297086,75.61458700186348,11.173011149583713,79.17056991339645,12.125162543635518
dc86453a.qasm,64,success,13.8824137,42.16705463122195,5.097893405528395,37.84521020954077,5.203657643473335,34.518406357377124,4.808867242085477,51.775245538698144,4.719297130836862,45.41211089844137,4.528491001458617
dc86453a.qasm,512,success,232.4684939,389.88388994878943,10.534160313086996,1000.5762763512772,10.05746163621648,894.3734036479125,10.65143058751931,813.9721424615478,10.052941328701738,676.9260863394695,7.6820844944889455
de690b52.qasm,16,success,1.2104143,1.218611891365532,3.292308926031009,1.210510651975843,4.052342823554106,1.2110073191259634,4.872743608149496,1.209027401413021,3.732445999534458,1.2094780746983762,5.453543427915848
de690b52.qasm,64,success,4.174748,4.172297514000589,4.5856952187659035,4.185505266311271,4.917747966978237,4.172709949159701,6.004596662939573,4.1603498995088835,4.790563909303705,4.163106164135121,6.8896069579901456
de690b52.qasm,512,success,92.09334020000001,92.9603661319027,42.15137014195705,93.20808418436644,84.97395306690812,93.2699472937737,86.06735525280655,94.07231197322785,55.36820760912144,93.5325445947182,69.72403566160452
deb00fe1.qasm,16,success,0.16799240000000001,0.2456850263176983,0.23340018576455399,0.23043042606341144,0.2248993433811739,0.2225411435650067,0.22117358785721808,0.2329080319019479,0.22148548373026225,0.23588502369265427,0.2428108924069533
deb00fe1.qasm,64,success,0.5832587,0.43907610554811227,0.5033000291308348,0.42319704647416717,0.47319185169655437,0.40705030721125146,0.42038384219819447,0.41334185257691686,0.4065385128375666,0.38922130786115117,0.5009912160475903
deb00fe1.qasm,512,success,0.19616600000000003,0.2464430706708928,0.23094477281919734,0.21314845494203621,0.20052638704448603,0.2082587211111431,0.20346484340918763,0.22245287641523892,0.19901455537631624,0.20693324437777713,0.2092408270377398
df1a7a89.qasm,16,timeout,14399.999999999989,6031.868135500268,11.288688281894983,5908.456314133892,13.992993199924408,6654.287606215723,10.169930697015065,5629.783562459229,8.450057705080326,6247.102367260451,13.269651377592538
df1a7a89.qasm,512,timeout,14399.999999999989,5108.742996350832,13.461987563573583,8872.79602252902,12.420797468536895,8268.70375776268,18.564458922767788,6244.710570894732,13.713580898197065,7303.6594384518785,8.852253688429586
df43c2c2.qasm,16,success,1.8799254,1.8785073320129417,7.882050848950589,1.8767773358398563,13.440781681561429,1.878028252207834,10.740303945642484,1.8745841690393439,9.956898127466598,1.8740011134184733,11.113324698041948
df43c2c2.qasm,64,success,11.393904200000001,11.199129826546871,9.39513617429149,11.22159697515259,11.529685346031018,11.066518430534078,11.487536982196474,11.217248975299032,11.8613797110921,11.14018380730611,13.317366718216956
df43c2c2.qasm,512,success,464.5924747999998,465.7690063835445,141.8197395734768,466.09854060917075,314.87108342521657,464.58267106962893,289.14066701924645,466.7178598726295,204.52050511518104,465.07721018277306,249.98786881693363
df458745.qasm,16,success,1.3833654,19.375484064650838,6.669167193690975,13.872727376591156,11.165491421850188,17.7021826547483,8.319506105286507,12.50299502235706,9.78584862784756,25.563108141659118,10.553244969452358
df458745.qasm,64,success,2.1396599,14.498320875786584,5.368983171519087,8.857697012019578,5.5911230708939295,8.44668245296888,5.63007191853448,7.089229269828105,5.639416703635777,10.469770800021744,5.440025155257923
df458745.qasm,512,success,1.372099,9.349571167248358,4.2617448372910545,3.567517388766574,5.83073846937416,3.715227232212716,5.201116956897157,5.770925952450194,4.502791762721566,3.98998078983524,4.67288076695923
df75e229.qasm,16,success,2.3211752,2.317630297931583,10.714196972599678,2.3140618737145724,14.616562258933852,2.3130207858636256,13.038141582669654,2.32352416722783,11.913675917191929,2.3038643071382365,15.189756705201901
df75e229.qasm,64,success,16.271500999999997,16.333389732854656,11.010813836711126,16.39530574373249,13.776440354733584,16.301318718976493,15.000646061344588,16.29704081718276,16.48513131709144,16.399985029712326,19.013493756111362
df75e229.qasm,512,success,651.6184142999999,531.8442772007456,175.41447804838657,538.862463669334,338.21533411434143,532.1561639620459,258.2749993513545,536.2824099978632,201.64911473771681,543.3812960257894,292.31051454746597
e10d312f.qasm,16,success,7.8625378,51.35790783233494,5.743300657548204,53.6305234331618,5.232920984535685,47.83562175823698,5.095624623420663,50.988492051213996,5.8090830557082205,46.28269020924965,4.44082191512464
e10d312f.qasm,64,success,7.698335700000001,31.99232023074705,4.054089058831373,29.033924648357132,3.5531806112617015,28.771714750460333,3.9109663336218006,29.801863265322055,4.50792911713461,29.37600504370115,3.631213833870142
e10d312f.qasm,512,success,7.852639099999999,58.72698235495138,6.234795590667374,48.204680913332915,3.701110306240755,38.06754418084525,3.440627236288417,27.665387763924727,3.5966216513381704,23.937029805066864,3.5694417488139165
e260fc6a.qasm,16,success,0.1742876,0.8270782762764884,1.0632604960110559,1.0897182402707009,2.4212042252651353,1.3299292395152604,2.104327513224703,1.3781087563712353,2.41415578508327,1.5003597355848246,2.194795543560164
e260fc6a.qasm,64,success,0.369846,1.1921809493063416,1.3876007407314501,1.4375771314347647,1.9066826010946734,1.3141890849016347,1.606563458540495,1.5217297478020555,2.0544972541712534,1.3646533490637682,1.70863243847054
e260fc6a.qasm,512,success,0.1705179,1.763055095809738,1.929798299288961,2.7850356934679414,2.213325616841762,2.426368460422956,2.01106739253047,3.888671977365643,2.2683843195019433,2.896886840773473,2.309083106588076
e3863462.qasm,16,success,9.1420229,7.383619416147262,0.8584492027745547,6.773357064922923,1.7328933476875306,6.736423268951318,1.5857505723421816,6.409501106404243,1.5113949247366691,6.490742097555511,1.5823950606439927
e3863462.qasm,64,success,36.23688700000001,15.872857584021284,1.2897698484186857,16.19169330034715,3.3176543692547167,18.97925658312703,3.6660558687685465,20.988956155171593,2.8727944039751083,18.028958866035875,3.382976628183844
e3863462.qasm,512,success,3105.4514809999987,1176.6691010609961,4.51315318614643,1066.8991310060817,50.790692412678645,1552.5949954937282,78.58831372009426,1795.2537508942012,64.31407852759443,1874.0153768977152,102.69774821272964
e3b97044.qasm,16,success,2.6052131,2.5962913137916726,10.80981543300375,2.5767007882208786,15.545696356084767,2.5739761548154987,14.413193643202131,2.5785034585077526,12.356876808770618,2.560897698468197,17.071738262094097
e3b97044.qasm,64,success,18.3742898,18.343094440119227,10.638113806995161,18.33909421970078,14.443609735729895,18.42628117576771,16.298217431106032,18.34391084007043,15.711022760582381,18.38987755398651,20.52988417732848
e3b97044.qasm,512,success,703.2050625,692.9958417213221,169.06436842335646,702.9837958223646,302.24068980628795,697.3919146468866,242.97404235683766,703.5908211914671,203.01710339111975,703.4019276390026,316.09916565211523
e4a4359e.qasm,16,success,137.77012070000004,197.95516166552687,29.117396244997508,197.36400642182508,18.4596512005698,194.7632090058001,29.253136581228134,204.86503895958413,19.552189450718853,198.88786117636357,20.96159082326693
e4a4359e.qasm,64,success,6.0091114,8.310459511211379,4.2041032555042985,8.260784702481986,6.722257139847528,8.603146425329015,13.76468433710243,8.394874590376231,5.940215642938979,8.378922582611748,9.013159436101526
e4b50619.qasm,16,success,0.17564289999999996,0.18664105800762584,0.21947889985052066,0.18906909890170714,0.19817068357330245,0.18599135020516175,0.19246942731309263,0.18695730304362376,0.20205903950911605,0.1878442999400623,0.192736232308637
e4b50619.qasm,64,success,0.2854015,0.21730967415162175,0.47947376865210456,0.2108964504614473,0.407865151558107,0.21489684229644077,0.4078875996723126,0.2097309936957942,0.42957238107379503,0.21699532560891857,0.42072040757411994
e4b50619.qasm,512,success,0.1787359,0.18697075589567733,0.27106448866145844,0.18779277041908068,0.21171210196748275,0.1867643963423728,0.2190150564554791,0.18724676570973725,0.2089452352837974,0.18729259256823377,0.20913260916202572
e61acd2b.qasm,16,success,0.5875065,0.46067604168215814,0.6431046979640165,0.4703121872576252,0.9494324207054077,0.4738176175535995,0.9245338372270913,0.46467922801347206,0.8907007947969315,0.4665497442937559,0.9582752156341953
e61acd2b.qasm,64,success,0.340524,0.34718219472265693,0.6549141626883552,0.34695465166490497,0.7512382645925952,0.3488556795034205,1.093973720603638,0.3491903547642842,0.8166377533011102,0.3496300486741112,0.8682141031686991
e61acd2b.qasm,512,success,0.3418323,0.35051046359765936,1.6804119256052075,0.34404418644259666,1.0398087687908364,0.3364805931583523,1.187254033670412,0.3416027758995043,0.9593202968227718,0.34074765507954746,1.0104667286906823
e66c3381.qasm,16,success,2.1967006,2.196215153716271,9.30910039278291,2.196094329505592,14.586262862981805,2.195727338520269,12.923840933911285,2.2010854087754623,10.749932561272207,2.19473294669992,13.42391114613568
e66c3381.qasm,64,success,12.685679599999999,12.636203659559397,10.84322711279745,12.602089160462956,13.502815015292876,12.648904032865408,13.628035514053378,12.609160035001159,12.753389178895613,12.613086383751126,15.5437029618188
e66c3381.qasm,512,success,524.5309873999998,525.4521286735954,173.81051015628796,525.2557941943999,387.6645947683734,525.8326636094139,332.36142510574257,526.391543130835,207.0022919204381,525.2007499322872,291.34253720285705
e698c12d.qasm,16,success,0.22370250000000003,0.198047045540741,0.19256144558846439,0.1983934600909951,0.19019541406139598,0.19848541589239094,0.19029308875719583,0.19640061126217329,0.18876588975249461,0.19637514977416662,0.18775580990669685
e698c12d.qasm,64,success,0.1696466,0.1808268810009985,0.19010008950865753,0.1819788840664168,0.18509404721431333,0.1808910542781191,0.1831013932005733,0.17951924096762395,0.1847825137032436,0.1807052504722013,0.18348503316160453
e7296260.qasm,16,success,2.4096041,2.3603332468695273,12.786045488165717,2.3598514461937468,16.4623866958256,2.3537598387180876,15.845472312880398,2.350954357668786,13.684364635058945,2.3551376453074186,18.760780847452082
e7296260.qasm,64,success,18.1512398,18.15131327096199,14.171933706896345,18.127711841234717,17.404396725975865,18.063036828303044,18.949660851091664,18.201661417919873,19.090502289845432,18.191749452742823,25.579559742730986
e7296260.qasm,512,success,839.2742018,681.5922732034234,231.6579587692448,681.2544196728384,436.25934449837297,700.2807250089622,375.07722619519564,689.6226000504182,293.5019253877797,685.4202220736247,405.8944815001768
e751ad87.qasm,16,success,6.030250200000001,28.62900199927374,6.102784895715442,15.587920534920817,7.637420004673608,17.901555017054466,10.89411365873516,18.387468127045704,8.506812962753342,18.382412166104075,5.8935048379059785
e751ad87.qasm,64,success,3.9561276000000003,10.437391049331625,6.064370891314796,8.737094803697413,5.616492622799286,9.445554117743036,10.791435388586738,11.490611124079734,7.34469162824421,9.001054609105582,7.181785546157103
e751ad87.qasm,512,success,5.8737042,12.252618546366659,12.293076718453145,11.116756328787057,12.099113805109122,10.977828652293276,18.800985550623324,13.19210310371213,17.069623433943597,11.209432172701733,19.314204030901408
e7540ce6.qasm,16,success,2.967996,3.080337316466005,14.796256905813827,3.0741475770595854,19.9683268151011,3.0443094681579113,20.344614306766953,3.0932549288087094,15.933584189817887,3.1229707918250718,22.066658323195707
e7540ce6.qasm,64,success,23.462013599999995,25.543007218381536,15.535312704780349,24.958309751828406,18.40360122572991,24.784082771098902,22.91632670486645,24.844810728259176,18.644280479641633,24.678458925226753,28.117809466348778
e7540ce6.qasm,512,success,1121.9413080999996,862.4390991345256,223.5426488951689,858.1938655594861,451.6461129059631,745.0790982025655,373.449623708849,831.4758519197959,299.7198797139609,721.7065940826699,418.5311634525014
e815593a.qasm,16,success,0.18724260000000004,0.23154867595072787,0.3033161391006988,0.25138586655315237,0.354012834222313,0.2610091674901836,0.3486204662594697,0.2836915340891313,0.3576038207936858,0.2644481415433275,0.2985008855733004
e815593a.qasm,64,success,0.2779193,0.37256673698828,0.4163143577758342,0.49090742605614646,0.41342102105269246,0.4904509720426374,0.4120542877927956,0.496316040077506,0.42193380622681365,0.487660177609372,0.3589662324813258
e815593a.qasm,512,success,0.17562649999999996,0.23184152058202098,0.30824403086949453,0.363789712300847,0.5752090053070081,0.3833002141779345,0.4738134043020076,0.3374318813885995,0.4941037613068477,0.3964960488689828,0.4648833536282137
e893b1a5.qasm,16,success,29.4305108,20.627058429707947,24.944788493822347,22.307700413101404,13.26143303033153,21.700110031693004,20.03749474905175,21.26292075065853,11.74744013263672,20.847740240724256,14.591008349368675
e893b1a5.qasm,64,success,2.0071979,2.283547800197609,3.3439869564351956,2.363620197121944,6.904904700971312,2.279117500507338,10.272339796908524,2.138400592515796,4.3480008580251575,2.4100923408022217,6.640901035165789
ea801020.qasm,16,success,309.4653601,127.0929075325863,8.651813494165925,126.94206112233444,16.085310417760628,122.10632882561222,26.388194216457936,127.30043093610087,16.360548832354514,117.53515684049495,18.312879125736337
ea801020.qasm,64,success,36.0080199,17.513845773135245,7.894618197499136,16.471906303142276,11.277515714034259,17.840787187169738,21.38070558291788,18.24052787031676,13.077543184225224,18.198597258685226,15.938469237317682
ea801020.qasm,512,success,230.80005270000004,142.6517918726576,31.347678038985325,134.20310432902377,92.58030360666328,130.44545580999497,140.0830526676035,128.8503796897488,153.84616698464004,134.10631219032481,105.50305220328858
eb153d64.qasm,16,success,0.181782,0.17683339973451703,4.026235189025423,0.17488657999407262,5.098921383124068,0.1739812636195298,5.419438028201114,0.17356401624261553,5.402959031902645,0.174570479925359,5.928363980996034
eb153d64.qasm,64,success,4.883056699999999,4.429948554837252,8.015075955454533,4.280744521524115,6.650307541278432,4.235308152563328,6.466135008289182,4.340183391180925,6.946220850001077,4.31666567557339,6.924052861348595
eb153d64.qasm,512,success,0.17385960000000003,0.18078600423444627,10.932511884493103,0.1836293467165162,6.88552572070483,0.1738662764769355,6.28767298800939,0.1802227352693893,6.84632267571856,0.1947288090970291,6.434274421354239
ebb0ac17.qasm,16,success,1.1353584,0.2945250129853065,0.3841294798585422,0.2969480403163433,0.7728235184893536,0.3180892189938098,0.599557348526494,0.3322058044174575,0.610844791091908,0.341220010673142,0.6698729749091263
ebb0ac17.qasm,64,success,1.2178021,0.3609423403225211,0.43412905427400345,0.31001517260207284,0.6240007053373833,0.3432600245338016,0.58387985686781,0.3523264230401016,0.6592035190037807,0.34934359924613834,0.6530053062581942
ebb0ac17.qasm,512,success,3.070161,0.30490574100254164,0.4200688445015232,0.3342300364948751,0.6389615193849641,0.40147713153597,0.6560743689793589,0.36550906027302243,0.6484816761072334,0.43473875599720757,0.6908924952735146
ebc18fd7.qasm,16,success,7.6774203000000005,9.784185188291763,41.680542253385795,7.2925724149078155,33.34779255922684,4.3011022594320485,23.568188159318467,7.451101439133049,31.308236489644628,7.533026931382414,23.27027824139653
ebc18fd7.qasm,64,success,2.5845105,3.919588053070199,9.624847925283303,3.5386334576208034,15.408328621618937,2.351328136282384,8.788560707907648,4.079230281764773,14.471791204839322,3.7751401659111705,10.870511229330226
ebc18fd7.qasm,512,success,7.634144,45.04003176447575,107.74495739119247,50.86108603331322,129.1139868130171,33.05929495968231,123.33086334863845,36.71139053130054,142.8026081463604,45.780343039688304,362.44920215030345
ebc3e166.qasm,16,success,5179.478907899998,1884.2117324018514,9.146363343992387,1765.3533613695438,2.5764791852412245,1931.7269610091134,2.1708268608705668,1715.4271098763502,2.691514008406382,1790.3884409409436,2.5465019296526723
ebc3e166.qasm,64,success,595.4877102000002,782.9580799142335,4.924159994899468,749.6891905066514,3.5973910229533144,792.2479623501096,2.923906289706355,731.7230049482316,3.1556195914481893,769.5006859690122,3.2255122759107175
ebc3e166.qasm,512,timeout,14399.999999999989,3984.4757826674563,32.29496834035093,4134.374372005742,4.099224238318759,3875.6095418027926,3.5955995990075134,3572.0077556516853,3.543566625986995,4101.553443606562,3.53241263625895
ec70915a.qasm,16,success,1.0359822,1.3756945060538008,0.5906410535822431,1.371317517344288,0.9528997242846878,1.4133737448523946,0.9027655644752995,1.4477101783994786,0.986094379267068,1.3310313532546454,0.9201165512581153
ec70915a.qasm,64,success,6.390665599999999,1.9849878419653175,1.1026822556913758,1.7821978199224764,2.394425976007304,1.8100034141274204,2.6407789039462015,1.5680136337984805,2.345949320258872,1.8321987421456036,2.885308177906379
ec70915a.qasm,512,success,196.3373207,225.73796906790358,2.910746458365456,209.05826256001893,33.16865345364964,212.4749788073015,42.262851776890855,215.6623578753558,39.49403233098613,219.85244585578928,42.20697838680292
eca6fb66.qasm,16,success,2.0567893,2.0670830538424596,7.9728673495933835,2.067509086287605,12.801589511417232,2.066802333329959,11.794046549710265,2.0673154473445345,9.209277803460074,2.066367192195148,12.054184665915376
eca6fb66.qasm,64,success,12.525143000000002,12.478319150257985,9.052555452396808,12.396818085638758,11.740923225507705,12.449377938299461,12.467821659384454,12.514989904856407,10.758683414142551,12.368179666326432,13.745727720127201
eca6fb66.qasm,512,success,519.2628030999998,501.2237594255246,139.18676213161896,500.9147574966429,308.65069297518676,501.9176916260451,273.3325102335183,499.4684688734689,155.9417431880813,501.6137531181057,222.9556905859118
ed52defd.qasm,16,success,0.5929218,0.5777894483956426,0.8006258066842314,0.5774702017229092,1.2547238504298242,0.5743984865713972,1.3567577640992587,0.5785414035640565,1.0275044095552723,0.5750773662329928,1.2357917046573836
ed52defd.qasm,64,success,0.4510283,0.45337589813503687,0.8752130098444648,0.45231489421262333,1.039357146607362,0.4549169532162058,1.5133490514772734,0.4541131804665256,1.0900419731984268,0.4556026381147181,1.1318441578087426
ed52defd.qasm,512,success,0.4499749,0.4720840558583435,2.284500873165027,0.4656120115993273,1.2156222508067591,0.46480822539517475,1.5011270227479596,0.4667228513035149,1.0678607273696101,0.46299288145058964,1.150302305813477
eefd994e.qasm,16,success,2.240148,2.2427031179162826,9.77714130919765,2.2338287870210114,15.390310858754418,2.232198501887652,13.120196326005592,2.2319617129082365,11.501435346764094,2.2316635262914506,13.787047855806666
eefd994e.qasm,64,success,13.1561919,12.81650499133222,11.267410354894192,12.766374763605628,14.725721256504997,12.90299914276407,14.596525930140745,12.795529029777953,13.437625638502137,12.83116923894565,16.642831241946357
eefd994e.qasm,512,success,565.6982321,558.6866116833125,178.01141021179495,557.214277772363,403.142485133331,551.9939978830504,371.2127604805971,560.5995525482905,220.77044553650055,559.3737087629747,303.69687129405935
ef8d10d7.qasm,16,success,3.2810824999999997,3.698810561428482,0.9597496232216489,4.032729827899408,2.414649310000645,4.094512310374209,2.267489687106583,3.9367161393010166,2.0091397497190764,3.5620052451708832,2.1431900426331914
ef8d10d7.qasm,64,success,0.3767518,0.6566070904612876,1.4614207285649388,0.6114414207747687,5.200233598156009,2.6228851908916297,4.994335763539685,3.3229485158803302,4.3973477759330555,2.897454156206977,4.670308893431813
ef8d10d7.qasm,512,success,630.5900887999998,64.54459233160152,3.830041599667147,53.48498097393437,53.21464676993528,548.386317784259,85.5871553509886,723.4593379175027,83.98178000556955,756.9334645391776,107.07283775364799
efafd44f.qasm,16,success,4.6616661,3.172876081773091,0.5185960050688675,2.5026148686137057,0.4734449421577822,2.7707620093419014,0.4926910919655983,2.6039520113651484,0.4647572803185365,2.8810446383464137,0.4940223002127257
efafd44f.qasm,64,success,3.6616828,3.080999034347836,0.8526873200284433,2.6235165037057073,0.8589719640068807,2.8399332692710457,0.8157129519313895,2.6564317636292256,0.8152319409303683,2.906075483170576,0.8174515417557744
efafd44f.qasm,512,success,4.7884434,3.3644310962729094,0.465070858366664,2.6053780218634586,0.3947015668046217,2.6999563740949224,0.43178495722366195,2.595733670396493,0.3862433885517814,2.8837921332982397,0.41546360610006355
f030e083.qasm,16,success,18.2983299,8.339013866640192,1.2614664875297747,8.552963513491843,2.630919650689424,7.908310328354055,2.716652639024237,7.061319933684499,2.020901092128837,7.625769572007012,2.301027135700148
f030e083.qasm,64,success,89.51382609999997,9.686857399692366,2.1124470440408314,7.007522964875029,5.97396233458271,17.571153907452064,5.359162750438496,19.167858963449063,4.4227144541241765,20.010936600299495,5.393065108133383
f030e083.qasm,512,success,6472.491164400003,394.3994693382599,8.175286466965236,222.48503837160143,70.74512341635663,986.6208357148686,87.35451459450387,1722.9292568988196,89.67741130655578,1583.101366042854,144.06629053325233
f05a6196.qasm,16,success,104.72650230000006,294.25839202097535,8.651813494165925,303.9384084839381,16.085310417760628,317.50584007787324,26.388194216457936,321.21179740696243,16.360548832354514,318.5168633300216,18.312879125736337
f05a6196.qasm,64,success,12.820418699999998,38.389521565099706,7.894618197499136,37.963185928772965,11.277515714034259,38.603973293442834,21.38070558291788,37.24152057771984,13.077543184225224,38.11638978254581,15.938469237317682
f05a6196.qasm,512,success,104.12417669999996,201.77771643226123,31.347678038985325,220.73094156341506,92.58030360666328,231.53362225142,140.0830526676035,219.85248778393938,153.84616698464004,229.011553036001,105.50305220328858
f0c5e28f.qasm,16,success,0.1777949,0.22941333302296563,0.3159319658613666,0.26165528512744896,0.33930606710748923,0.2627855633492679,0.35274009740841206,0.26384119893172975,0.3366568291066418,0.2642527332828386,0.358792923834292
f0c5e28f.qasm,64,success,0.16618189999999997,0.250544794390308,0.4297705203991921,0.31019656281694546,0.4664952550373173,0.31954244122374453,0.5070904007548842,0.33424615493269455,0.4802596145281303,0.32808497333608294,0.5224379407151001
f0c5e28f.qasm,512,success,0.1739449,0.24004183366494267,0.4409078049564069,0.27772555210887023,0.4066508209881688,0.37163155179043744,0.36231596132327765,0.35823547829823243,0.3890192967675364,0.32153141741553826,0.37968433554912356
f0e878db.qasm,16,success,2.1514548,3.2274278201006354,4.6941588888772605,4.236746903918303,6.074685062460229,4.7114239085699054,5.744689400077651,4.48425352838305,4.15863143154313,5.153313189163065,5.841959185379821
f0e878db.qasm,64,success,13.338250099999998,3.057320801465745,4.451595866971629,3.440315084320825,4.777119048409643,4.511939817054302,5.966077773104755,4.193428830678793,4.167011506559981,4.668163253569804,6.221322565286406
f0e878db.qasm,512,success,505.65583810000004,26.471933526718974,19.89035316805847,121.01144837729146,25.426048506944856,113.46270435360147,56.610782968091776,116.49818293203015,24.879214292028816,168.5922272656636,44.60849759827372
f0e91b40.qasm,16,success,1.7400719,3.1989312103923098,0.672734499824368,3.388429870410454,1.3409790208042587,3.7489249075049145,1.3977450337778838,2.750628908881673,1.3765048483118856,3.158943886683917,1.342968667509617
f0e91b40.qasm,64,success,8.277378,0.5087232662448016,1.0161033796599002,0.8497326716285206,2.7555391309377106,1.2452634949860453,3.8516900145290283,1.5923732865499662,3.2682022576292127,2.019874301247186,3.770428626497826
f0e91b40.qasm,512,success,402.45571770000015,87.64503675791013,2.99540029225756,144.95674429912935,37.6009531194378,388.0394241229962,78.2103558743982,617.4538733763642,55.612518179349294,644.0229564814696,89.56126045936878
f1167cc3.qasm,16,success,1.4061182,1.3773987674436996,4.189746302142057,1.392904327982244,7.306603159958491,1.3838729946470403,6.4073019596619165,1.397308187667955,4.800262039434288,1.3911170011273835,7.188007679028834
f1167cc3.qasm,64,success,5.718801399999999,5.721619936062041,5.58634745307788,5.751382529180608,7.43048934533002,5.7405700880611725,7.61441232774773,5.7802409914899595,5.634438595029133,5.714407928425149,9.021425973889118
f1167cc3.qasm,512,success,134.19674820000006,132.98806719420685,60.93352042185102,132.61875328273848,148.85584648371548,133.34456351901713,149.74968755072817,131.8229028570248,76.1553834748583,132.786373956189,97.51887243953044
f163436d.qasm,16,success,0.18145439999999996,0.2551485867791771,0.2336483528824355,0.21245784920753405,0.22474329565707704,0.2285873021177997,0.22075162082664992,0.214081308891138,0.2282354972868045,0.23576238776089894,0.21293347075228078
f163436d.qasm,64,success,0.2191586,0.24940925629849328,0.22243349961464245,0.2106861473780302,0.18498395110048454,0.21496000913571975,0.19645378950954756,0.20860822645981503,0.1955451163891412,0.2203937244081679,0.1952909046958494
f1bcea54.qasm,16,success,1.8772476000000002,1.815980836998331,7.992498505201754,1.8220758680496896,13.410347820628859,1.8371497071408858,10.040778037393887,1.8227633224640234,9.28437723064563,1.8294590973028013,10.561741404294022
f1bcea54.qasm,64,success,10.650654699999999,10.580863404953595,9.8127573675051,10.621652668564728,12.115784162789483,10.719327135995021,10.610781301963899,10.582701347117268,11.244011086751057,10.62826324117794,13.223310191190006
f1bcea54.qasm,512,success,446.20097660000005,428.69183478326903,150.43778349628857,438.1927853188222,298.31063587486693,434.981080527588,272.62302137354874,431.80862116324664,188.04821880567272,431.67938295136275,256.11313113523727
f27a09cf.qasm,16,success,0.177527,0.17502787981034676,19.60249654816598,0.17029894989128655,18.388531812926487,0.17257511707269566,20.670917524482707,0.17025116821111322,18.61808264570929,0.17107191957383,22.256694265528026
f27a09cf.qasm,64,success,9.6810114,9.820218254664862,22.18341185766544,10.174270481419795,18.908481136358485,10.07825883357507,22.146057794272423,10.232311456506933,19.354039004800867,10.223870856236772,21.05230576990586
f2a5a67a.qasm,16,success,0.4595018,0.45730558504611746,0.6501570180117734,0.47198704120580026,0.9650712814403757,0.47427994803448226,0.9245338372270913,0.4635885167161813,0.8888698067036502,0.4657756162264844,0.9709001884883408
f2a5a67a.qasm,64,success,0.341567,0.3458640411700028,0.6576770240843085,0.34715403603489353,0.7650395305107868,0.34838967823849604,1.0734507346752697,0.3488948405744442,0.8201416073217165,0.3491816824500837,0.869251934472632
f2a5a67a.qasm,512,success,0.3407394,0.3502669153947445,1.6745973414283266,0.34354484588089484,1.0400632192247243,0.33789483251270247,1.1650591830729453,0.3407794723533684,0.9588480902116658,0.34081273819309243,1.043273732562025
f5398281.qasm,16,success,2.3567967,2.4064503161422173,12.786045488165717,2.4067662318525955,16.4623866958256,2.408291263401002,15.845472312880398,2.4075135893741506,13.684364635058945,2.4016127712767146,18.760780847452082
f5398281.qasm,64,success,18.203299199999996,18.11048537569252,14.171933706896345,18.10202070237776,17.404396725975865,18.137633939105573,18.949660851091664,18.047998812147593,19.090502289845432,18.187557197127827,25.579559742730986
f5398281.qasm,512,success,322.2864782000001,838.7504928643881,231.6579587692448,830.8227040487573,436.25934449837297,792.2149448472151,375.07722619519564,845.973555271002,293.5019253877797,815.9058419659117,405.8944815001768
f5aeb6f0.qasm,16,success,2.2514043,2.1963050111878637,9.311614544713494,2.1998665025629327,14.586262862981805,2.197117762286198,12.923840933911285,2.1961483079406254,10.749932561272207,2.1962586167375524,13.42391114613568
f5aeb6f0.qasm,64,success,12.647261799999999,12.714296056155918,10.84322711279745,12.742836009725984,13.502815015292876,12.79312988497449,13.628035514053378,12.731611163036911,12.753389178895613,12.736892328949358,15.5437029618188
f5aeb6f0.qasm,512,success,525.0129456,516.0749508050236,170.23420717760143,515.8315188009506,387.6645947683734,515.5440218798228,332.36142510574257,518.0918854080303,207.0022919204381,511.9763864307078,291.34253720285705
f5d72dae.qasm,16,success,0.28022519999999995,0.3645142879738371,0.2895077509625747,0.6150549395641949,0.3291416054113965,0.5570491401299579,0.3340071970356831,0.5970682626779189,0.29771870504189374,0.5216890707679736,0.29905941345877607
f5d72dae.qasm,64,success,2.0205184,0.7115730173126791,0.4873806192628722,0.8933700761960515,0.5237243536591238,0.7554724751012645,0.45544541210132433,0.8224209484305768,0.4993328704959757,0.722796672897215,0.47516468319995525
f5d72dae.qasm,512,success,34.9589754,0.6769650021821932,0.2850032556933979,5.053154323503011,0.8095046274299725,4.381093122309182,0.5397793624953295,3.7917957647877842,0.6214738795564214,4.423903294459909,0.6670472140038854
f67ec297.qasm,16,success,1.3940487,1.3803813298568184,6.154676280055098,1.383454944714006,9.525887096260599,1.373609006205762,7.981623311792593,1.3902741056964556,7.365612299399242,1.3831270006322143,8.752573067982635
f67ec297.qasm,64,success,7.96335,7.919136684343557,8.437392805943565,7.986406801610418,9.517711997018601,7.909853261068406,8.725651152165623,8.004758794723736,8.705014528529064,8.068769997700235,11.019126295249228
f67ec297.qasm,512,success,284.6133111999999,282.51603797961934,118.79108791018372,286.46268521587996,212.0408786178089,284.70852542031855,209.66270805941633,287.74860562801337,133.32021994241614,284.5255417230918,148.1575866997383
f7ff0727.qasm,16,success,0.1900845,0.1928710010840921,0.21687014299698404,0.19286985195999612,0.19257227121571227,0.19466652095202258,0.19791462993337547,0.19212435050378793,0.1938158300804394,0.19386642904924875,0.20626207366057803
f7ff0727.qasm,64,success,0.172657,0.201954100998763,0.4141240135965453,0.2057242454896719,0.3578743904209498,0.21869896441093656,0.3833698079989049,0.20923289639260778,0.3719993989955378,0.2180372574419301,0.4156495426752366
f8a38627.qasm,16,success,168.1454513,155.63309913310792,65.05240171781674,156.37195859491734,32.04555591707557,152.19322847720542,44.08189350369954,164.40453477931712,24.354160430814613,161.26906795093305,29.449773096711965
f8a38627.qasm,64,success,293.6294401000001,202.9328127703003,10.11591517438054,203.76717671959588,17.811341341976423,217.54197623644114,22.45406991835885,218.89757952331058,13.45529167455656,205.42499469049991,13.74273375159476
f8a38627.qasm,512,success,13907.117731399987,7316.424135085083,831.0016781338977,7799.512163364224,937.1496769276622,8444.459969220978,937.901831082898,8052.901157205533,1157.181233608921,7670.8736838752475,990.7012523788438
f8d235ae.qasm,16,success,0.1790703,0.20296160711458008,0.20022615791155818,0.19368102125786238,0.19740056257831384,0.19868830901520246,0.19002855871774074,0.19596540753412453,0.19109329237958153,0.19786873892140505,0.19066515845884066
f8d235ae.qasm,64,success,0.2438151,0.19676702754770226,0.2227529872031383,0.18396934165592316,0.20096578482657912,0.18394081537569465,0.19001266842443884,0.18293026445980615,0.20021548641597306,0.1829414322338923,0.1917751821199984
f98536e0.qasm,16,success,0.1788549,0.19415999672388543,0.19135535296407277,0.1921284805831393,0.18578578884800973,0.19391009542523086,0.18763251131225092,0.19276837333610633,0.18596927734149796,0.19283214058997253,0.1840079244173336
f98536e0.qasm,64,success,0.1664448,0.17692395433399777,0.1923160972518151,0.17773506634095398,0.1811909392412264,0.17867726798098132,0.18216036922412807,0.17792669941537434,0.1821807501152198,0.17829461987785664,0.18147001397349133
f9fee41b.qasm,16,success,2.5416661,2.588356699221889,10.788959667413799,2.6071471326570674,15.56309624665915,2.600158760571498,14.413193643202131,2.588662133320059,12.325526415353863,2.5826343286683846,17.071738262094097
f9fee41b.qasm,64,success,18.3950709,18.43764744662373,10.638113806995161,18.51402680069447,14.459776089629019,18.315447297610543,16.236754195418282,18.433792215381374,15.645159065270677,18.36085626351805,20.52988417732848
f9fee41b.qasm,512,success,708.6173386,697.69630788623,169.06436842335646,713.246147304637,302.57897989052066,694.3339870899501,242.97404235683766,703.4883367595107,203.01710339111975,699.641138448185,316.09916565211523
fabdaac7.qasm,16,success,0.17383599999999996,0.2738284297918377,0.2987532065524371,0.2158008426142675,0.24262851502746638,0.21926788221014304,0.2510527480231465,0.20562041622567057,0.2606200695868936,0.22112064418063063,0.274324757479461
fabdaac7.qasm,64,success,1.2635249,1.0087500934509217,0.8967377433673964,0.8930254668195237,0.7711657221369633,0.9525791880767819,0.8846484280777414,0.9941007204745416,0.8830672620423236,1.013468468453399,0.9054961541718664
fabdaac7.qasm,512,success,0.1686687,0.299372817032539,0.3825617670368651,0.2566333744290929,0.2732741241053466,0.24950371403821645,0.31146569486931425,0.21177282335512798,0.3365774266215264,0.23790909745347738,0.32319178290284767
fadf1f0d.qasm,16,success,189.90480990000003,168.3434076631884,28.860040278209866,167.5793588166497,18.4596512005698,168.22055064380717,29.253136581228134,166.72198105869455,19.552189450718853,166.8240943839659,20.718104865505307
fadf1f0d.qasm,64,success,6.8785139,7.73600684093716,4.272523896793852,7.654749042844879,6.722257139847528,7.734825775281993,13.76468433710243,7.656804613321753,5.934055085911197,7.6682650565288055,8.93701726061296
fb107df5.qasm,16,success,17.846512699999998,6.68949940552976,0.39400906914595557,6.760982533547402,0.40442643122938926,7.0665934143876,0.3792779172621527,6.815107066154009,0.35076377661682234,6.557661752742431,0.33892054813556755
fb107df5.qasm,64,success,11.952432699999996,7.77547363639494,2.2953141953167577,7.89534709532103,2.3863182370061042,8.02449384529179,2.273212719088149,8.486963000264387,2.203216827738003,8.154091891667889,2.0325258539830333
fb107df5.qasm,512,success,18.1957599,8.252389059434728,0.4550045411316951,7.474122132732797,0.3058003744614148,7.542454817359648,0.29979073860353195,6.703340661531864,0.29334683452739196,7.4943744092923374,0.2905151164019112
fb7e6eb0.qasm,16,success,3.5610047999999996,3.0795406575108837,3.9562598109290947,2.956936068205681,3.688700856839283,2.981662172264824,3.442786668226184,2.8605651497935107,3.6133036535118856,2.900248847911443,3.708514866226558
fb7e6eb0.qasm,64,success,13.2631154,10.868010377059163,5.366088314507861,12.3045998728272,4.445651371969519,10.344770902983647,4.765952852913708,11.498722801928276,4.795358324804235,9.993909973542362,3.8897314137605337
fb7e6eb0.qasm,512,success,543.1701861,329.04704853450215,26.22378354625927,384.0620419581179,36.72661834797334,359.9351614159851,35.283861397675814,439.1958797144533,42.175318078119794,367.7385754401774,46.75025135176857
fb8a2851.qasm,16,success,0.1633197,0.22758698225530488,0.24426830180387646,0.21300577923104277,0.19838227069158476,0.2095039811560072,0.19780469624204214,0.21431750413468523,0.21125366296599585,0.2138752960679177,0.2119353911341845
fb8a2851.qasm,64,success,1.2676421,1.0700011441321844,0.9350181418964436,1.1196985595339972,0.6514436642291196,1.1632798964318996,0.7037480688167126,1.1455914580023985,0.7018940060485116,1.1421158950161998,0.7280934457893442
fb8a2851.qasm,512,success,0.1731245,0.23531553343005887,0.2947248293021257,0.21573378687961203,0.2385921921546996,0.21582151056915366,0.23533464907009796,0.21079041527088238,0.2284485579587398,0.21527281168546147,0.23418984615964342
fb9223a1.qasm,16,success,0.1798739,0.21515080469830763,0.22039964428331804,0.19867148087649814,0.20177312879404838,0.19905084807304912,0.2017356423726757,0.19788502540760336,0.20314215720124176,0.2013169887754239,0.1996475845824587
fb9223a1.qasm,64,success,0.16640830000000004,0.19279898249080668,0.3711538831002854,0.19507535478907778,0.3923067220084955,0.19970833920436273,0.3792854474406132,0.19636821741604799,0.3695921766088302,0.198107508681427,0.37793944396658324
fb9223a1.qasm,512,success,0.1863105,0.20725507294908893,0.2584464205297092,0.1912701874420909,0.22924730411563646,0.19514942503743482,0.22451460225369965,0.1938612453552856,0.21531190678516582,0.19610333689798098,0.2213001972962834
fb9be929.qasm,16,success,0.23531889999999997,0.19207291194812978,0.2478637913204193,0.1906899460440676,0.2016489746860072,0.19105258104389494,0.21029692404086509,0.1903564935238989,0.2054238782417357,0.19185669803948388,0.21347930202109
fb9be929.qasm,64,success,0.1624003,0.19729139633545753,0.3804582771621206,0.2006758068233163,0.2993452969146834,0.20395948024438748,0.3034366383495784,0.20276331826359806,0.3043808802821954,0.20202696651669425,0.3134445192101245
fb9be929.qasm,512,success,0.22522469999999997,0.18333370102016816,0.31306211814499196,0.1834135980901718,0.2079277335120741,0.18385867733531258,0.21713311055159426,0.18448842587342723,0.2080759362141208,0.18496228880439614,0.22015316074573898
fbcf0ea3.qasm,16,success,2.0731039,2.067456649591968,7.9728673495933835,2.0661801427293764,12.801589511417232,2.0660319081498955,11.794046549710265,2.0674132142575243,9.209277803460074,2.066187290827827,12.054184665915376
fbcf0ea3.qasm,64,success,12.510124499999996,12.556006303128216,9.052555452396808,12.537721655279212,11.740923225507705,12.542437017395883,12.467821659384454,12.58064976156905,10.758683414142551,12.553002343785218,13.745727720127201
fbcf0ea3.qasm,512,success,498.21153809999976,499.91247921474564,139.18676213161896,498.8846949330972,308.65069297518676,497.89557238927256,273.3325102335183,498.1380939473623,155.9417431880813,498.00943944766965,222.9556905859118
fbdc2a1f.qasm,16,success,0.5656909,0.5930443156967012,0.8006258066842314,0.5996390523752442,1.2577400722504937,0.5983751549658829,1.3520345665945894,0.5974062862995879,1.0275044095552723,0.5964792344176291,1.2357917046573836
fbdc2a1f.qasm,64,success,0.4538723,0.45493558482268404,0.8752130098444648,0.4599373847038663,1.0232774951588077,0.45709086085909495,1.5067878158683217,0.452749491369421,1.0900419731984268,0.4556978582819006,1.1318441578087426
fbdc2a1f.qasm,512,success,0.4505086,0.46919529881466415,2.284539545676933,0.46876877354681784,1.2156222508067591,0.46662762955062187,1.5119582322160448,0.47006779559761,1.0661873264700334,0.46291524417772045,1.1509942730483758
fbe1d41c.qasm,16,success,0.22265400000000002,0.2147620923028147,0.2842850092937829,0.19352315646551677,0.2023096921180456,0.19141485055541752,0.19541024681458802,0.18826424843893153,0.2105611452163728,0.19490417166489235,0.20995394335884496
fbe1d41c.qasm,64,success,0.1667608,0.2184244568075971,0.33419274262616,0.19472940838495698,0.2684262115764868,0.19187856462792968,0.27981645475881217,0.1980942441437943,0.2614014904071498,0.19334560869622597,0.2690229939175487
fbe1d41c.qasm,512,success,0.21397250000000004,0.22304947772154937,0.33859129500828306,0.18778702430590816,0.22381697308870407,0.18937634573609047,0.23088978969417198,0.18812648825735082,0.22587565241343738,0.1972884012709638,0.21775351284991323
fc1ce5ab.qasm,16,success,62.19422269999998,59.6728432300459,25.195745357230933,58.04525546419679,16.574499569223885,60.31023540984571,27.662746823404834,61.65060266637032,14.35206009348453,62.92150221215426,18.761570227228262
fc1ce5ab.qasm,64,success,3.1473689,3.7296644837098003,3.384402819882532,3.6632344401772716,6.113446995587384,3.543598568510975,12.748773403755134,3.830903270485695,4.720568588811174,3.756932616108023,7.6637604479739645
fc330f35.qasm,16,success,1.8849809,1.8694922928740256,7.9165154516901906,1.8756984418405656,13.440781681561429,1.8772983338874194,10.721717369869145,1.8754680853109842,9.956898127466598,1.8752568095649953,11.113324698041948
fc330f35.qasm,64,success,11.3087631,11.46620364798923,9.347138195690706,11.430134955700654,11.477934918804413,11.436339833457659,11.621680451942806,11.483552281237255,11.8613797110921,11.419231087797534,13.317366718216956
fc330f35.qasm,512,success,463.7660308,466.7380312142464,141.8197395734768,465.65951033894913,314.87108342521657,468.2427027893479,289.14066701924645,463.91146768537266,204.52050511518104,464.12763898226444,248.22490774734084
fc56714f.qasm,16,success,0.1707354,0.2261675893793751,0.21711226624587526,0.24195673520687558,0.26637267418466365,0.24656578965563403,0.2578254268239064,0.2397898091694245,0.2570406763007383,0.2530529999134592,0.23703093914642717
fc56714f.qasm,64,success,0.18016170000000004,0.25700460827686766,0.3143970090596813,0.22893361469454518,0.2874397107437713,0.22797973612785044,0.28778814897627925,0.2337500085878843,0.2788689005869158,0.2379332193001725,0.2886028017868448
fc56714f.qasm,512,success,0.1801311,0.2804667272386615,0.2835509541340287,0.21915328681498378,0.20560295661451602,0.2078078378989832,0.21593522849685198,0.21738732385852905,0.21727151234554734,0.22510276302901489,0.22727795441541
fc5872f2.qasm,16,success,440.7522683000002,129.71760773614352,54.26271247750474,159.29039149986738,35.759946517079314,129.06973249625526,29.219267442425345,120.60903952789337,24.591638428083478,159.5808751259711,17.4624100814786
fc5872f2.qasm,64,success,97.44292890000001,18.27871508420773,8.309373234551895,23.864283929946662,13.831105494862047,18.4021509314575,6.356310573589943,23.343645741579607,11.115653343062684,21.773010218835182,7.334244894713566
fc5872f2.qasm,512,success,3531.155154499999,143.89608147633606,47.39160489917594,959.5895146637221,85.54252099000696,397.1904436915897,61.459427477580505,897.8012088479672,97.46895099276173,615.8624887811116,90.88921379351206
fc66bdd4.qasm,16,success,0.7283128,3.6929104929106593,2.3883092445496943,2.564050776117961,2.0573620651580353,2.7741812667613384,2.7460988802658592,2.586644929946056,2.5408172579154216,2.622894038758752,1.8437627232918656
fc66bdd4.qasm,64,success,1.3749575,2.275314316560351,3.325818335114031,2.2498654552409656,2.9885378379363634,2.4268547919719015,3.5422895782079458,1.8978733993581183,3.220609724422426,2.417302790165493,2.5892045643195516
fc66bdd4.qasm,512,success,0.727108,3.1208962496967576,3.212703374478202,3.04208647213629,4.509899009623143,2.3792153770418234,4.54922015771266,2.3497010889438417,6.853795358010818,2.8739541118055887,5.393929890629464
fdf0b97e.qasm,16,success,1.9983464,1.9969239313925768,8.237663581995823,1.996519521552294,13.167010501377096,1.994216653536319,11.056107094473312,2.0035348860809696,9.961056353066574,2.0001229163418395,11.937860747042462
fdf0b97e.qasm,64,success,11.459351800000002,11.43901007750714,9.556545638761095,11.406030928661846,12.309829332631468,11.439008442059295,12.076239155930795,11.4517713830162,11.542963653538509,11.379146745540217,13.757132147379824
fdf0b97e.qasm,512,success,436.84951509999985,442.4075263039469,137.65663859615685,443.705600046981,298.87464433582096,444.7875657041171,240.2574120392656,450.1557101060352,187.27979475786253,448.37305323291633,232.48313378797562
ffe82f32.qasm,16,success,0.2051507,0.21271472884629788,0.2880180890139357,0.20855591756971664,0.306010782814028,0.21709961563630797,0.3032142832181066,0.20373893287156822,0.30290497463875743,0.22260448114060094,0.3683508140783932
ffe82f32.qasm,64,success,1.3167689,1.1567641443844696,0.42759588795353937,1.0935827286923643,0.4595869462197693,1.14482291518578,0.45075913271128737,1.147344987286321,0.44274123670123305,1.1448181917144262,0.5000105506010966
