filename,qubits,nearest_mqt_family,confidence,scaled_reference_distance,outside_reference_95pct,prob_arithmetic,prob_ghz,prob_graphstate,prob_qaoa,prob_qft,prob_qnn,prob_qpe,prob_randomcircuit,prob_vqe_su2,prob_wstate
0071a13b.qasm,47,qaoa,0.5121363217919643,5.586224035997099,1,0.07781011572559174,0.0,0.00522875816993464,0.5121363217919643,0.0,0.0,0.0,0.02357480431250923,0.38125,0.0
00c20ece.qasm,256,qnn,0.8399734706616727,29.70846175433355,1,0.0,0.10108458177278404,0.05894194756554307,0.0,0.0,0.8399734706616727,0.0,0.0,0.0,0.0
03042ac9.qasm,47,qaoa,0.5121363217919643,5.586224035997099,1,0.07781011572559174,0.0,0.00522875816993464,0.5121363217919643,0.0,0.0,0.0,0.02357480431250923,0.38125,0.0
03934028.qasm,128,arithmetic,0.6011224339093191,5595.88765096773,1,0.6011224339093191,0.0,0.0010620915032679738,0.08439334343987187,0.0,0.0,0.004166666666666667,0.26133879781420766,0.04791666666666667,0.0
03ee478e.qasm,32,qnn,0.5177083333333334,0.13387630725047128,0,0.0,0.4822916666666666,0.0,0.0,0.0,0.5177083333333334,0.0,0.0,0.0,0.0
04276362.qasm,3,arithmetic,0.30288051760714896,2.298621048073064,1,0.30288051760714896,0.0,0.045172848507321825,0.2956837908385405,0.044380700939839327,0.0,0.09249017343521393,0.021222862206468764,0.19816910646546682,0.0
0491d461.qasm,16,qaoa,0.40581124671688934,5.2699749973430805,1,0.14918066660433935,0.0,0.013562091503267974,0.40581124671688934,0.0,0.0,0.0,0.06269599517550338,0.36875,0.0
0525d9ee.qasm,16,qaoa,0.40581124671688934,5.2699749973430805,1,0.14918066660433935,0.0,0.013562091503267974,0.40581124671688934,0.0,0.0,0.0,0.06269599517550338,0.36875,0.0
0534bf07.qasm,256,qnn,0.4895833333333333,25.432821802023177,1,0.0106852754393738,0.08958333333333332,0.008333333333333333,0.022648057893959534,0.0125,0.4895833333333333,0.0,0.0,0.15,0.21666666666666667
055dc894.qasm,56,qaoa,0.41511160211816217,5.561772095804321,1,0.11523107179972875,0.0,0.00522875816993464,0.41511160211816217,0.0,0.0,0.004166666666666667,0.05192856791217448,0.4083333333333333,0.0
056c2b99.qasm,12,qaoa,0.38644187734751995,4.539108449823209,1,0.16438336930704206,0.0,0.021895424836601306,0.38644187734751995,0.0,0.0,0.0,0.09394599517550338,0.3333333333333333,0.0
058c7d32.qasm,16,qaoa,0.5762227132292732,4.734292503985836,1,0.08049890348959626,0.0,0.0343954248366013,0.5762227132292732,0.0,0.0,0.0023255813953488376,0.035724043715847,0.2708333333333333,0.0
067475b0.qasm,32,qaoa,0.46491806842053013,5.363733769404201,1,0.11341634723910254,0.0,0.00522875816993464,0.46491806842053013,0.0,0.0,0.0,0.035186826170432735,0.38125,0.0
06857ab2.qasm,30,randomcircuit,0.9625,2.1332000183820936,1,0.0375,0.0,0.0,0.0,0.0,0.0,0.0,0.9625,0.0,0.0
06a7dabf.qasm,41,qaoa,0.503802988458631,5.338230931232445,1,0.0819767823922584,0.0,0.00522875816993464,0.503802988458631,0.0,0.0,0.0,0.027741470979175897,0.38125,0.0
06e45cf2.qasm,16,qaoa,0.4348554859102111,5.137745049634833,1,0.13055309407768423,0.0,0.013562091503267974,0.4348554859102111,0.0,0.0,0.0,0.05227932850883672,0.36875,0.0
0732491c.qasm,64,vqe_su2,0.47619535519125683,663.4579742651075,1,0.21306683794144032,0.004166666666666667,0.10102429031314016,0.09519045323047254,0.0936897299903568,0.0,0.0,0.0125,0.47619535519125683,0.004166666666666667
07fc5b22.qasm,16,qaoa,0.40581124671688934,5.2699749973430805,1,0.14918066660433935,0.0,0.013562091503267974,0.40581124671688934,0.0,0.0,0.0,0.06269599517550338,0.36875,0.0
08239e90.qasm,68,qaoa,0.45547930126794467,6.146667946333426,1,0.26477770344464047,0.0,0.032761437908496734,0.45547930126794467,0.0,0.0,0.02460672352867446,0.21404150051691034,0.008333333333333333,0.0
0885b672.qasm,39,qaoa,0.4996363217919644,5.6796613657713095,1,0.08614344905892507,0.0,0.00522875816993464,0.4996363217919644,0.0,0.0,0.0,0.027741470979175897,0.38125,0.0
0a0f4c36.qasm,32,arithmetic,0.3324554315725983,3.0870511490417303,1,0.3324554315725983,0.04175249687890137,0.1878187341598366,0.0031045751633986926,0.24060457516339867,0.023696941323345815,0.013121890547263681,0.0,0.03244535519125683,0.125
0b0e43d6.qasm,45,qaoa,0.5079696551252977,5.39032270748961,1,0.0819767823922584,0.0,0.00522875816993464,0.5079696551252977,0.0,0.0,0.0,0.02357480431250923,0.38125,0.0
0b325fdd.qasm,100,qaoa,0.4429793012679447,6.840348983742419,1,0.27638972530256395,0.0,0.0369281045751634,0.4429793012679447,0.0,0.0,0.02460672352867446,0.21076281199232014,0.008333333333333333,0.0
0bde3200.qasm,8,qnn,0.8587234706616728,29.195223945120322,1,0.0,0.08233458177278404,0.05894194756554307,0.0,0.0,0.8587234706616728,0.0,0.0,0.0,0.0
0c0ce4a1.qasm,12,qaoa,0.38644187734751995,4.539108449823209,1,0.16438336930704206,0.0,0.021895424836601306,0.38644187734751995,0.0,0.0,0.0,0.09394599517550338,0.3333333333333333,0.0
0c676248.qasm,256,qnn,0.775,1.8585928614887672,0,0.0,0.17777777777777778,0.03333333333333333,0.0,0.0,0.775,0.0,0.0,0.0,0.01388888888888889
0cc92082.qasm,13,arithmetic,0.630413643767549,4.102225899345762,1,0.630413643767549,0.0,0.024221006231950146,0.15228771662275525,0.16571841851494692,0.0,0.008463541666666666,0.016812339862798578,0.0020833333333333333,0.0
0cd81bd7.qasm,36,qaoa,0.48942112652450565,5.871019982407493,1,0.09635864432638384,0.0,0.00522875816993464,0.48942112652450565,0.0,0.0,0.0,0.027741470979175897,0.38125,0.0
0d08bd43.qasm,48,qnn,0.5083333333333333,25.65823916694626,1,0.0106852754393738,0.07083333333333333,0.008333333333333333,0.022648057893959534,0.0125,0.5083333333333333,0.0,0.0,0.15,0.21666666666666667
0d094263.qasm,8,graphstate,0.9958333333333333,1.334221835403326,0,0.0,0.004166666666666667,0.9958333333333333,0.0,0.0,0.0,0.0,0.0,0.0,0.0
0d6f51b4.qasm,16,graphstate,0.588685631279875,6.759936743346661,1,0.03805970149253731,0.2603783700980392,0.588685631279875,0.045121017156862744,0.0031045751633986926,0.05173611111111111,0.005970149253731344,0.0,0.0,0.006944444444444444
0e8ddfa3.qasm,24,qaoa,0.4688832636879888,5.380049715319626,1,0.10736781863831044,0.0,0.013562091503267974,0.4688832636879888,0.0,0.0,0.0,0.0393534928370994,0.37083333333333335,0.0
0ee54ab9.qasm,18,qft,0.9850716560509554,0.39806714991054537,0,0.00034501061571125263,0.0,0.004166666666666667,0.0020833333333333333,0.9850716560509554,0.0,0.008333333333333333,0.0,0.0,0.0
0f6ae53c.qasm,64,arithmetic,0.5901147669703091,3.5923094252538244,1,0.5901147669703091,0.0,0.0,0.2411958816779443,0.0032786885245901644,0.0,0.0016927083333333334,0.044967954493823056,0.11875,0.0
10761caa.qasm,24,qaoa,0.46283473508719675,5.46486499655667,1,0.11758301390576921,0.0,0.013562091503267974,0.46283473508719675,0.0,0.0,0.0,0.035186826170432735,0.37083333333333335,0.0
10ea3498.qasm,140,graphstate,0.5835984677107698,10.094872119045625,1,0.04941571213698947,0.26250461853748985,0.5835984677107698,0.053022875816993456,0.0031045751633986926,0.03441791510611735,0.005970149253731344,0.0,0.0031045751633986926,0.00486111111111111
1154e9d9.qasm,25,vqe_su2,0.31408598019125683,13101.997045888349,1,0.23420890390962826,0.0,0.08094107434640521,0.18100792677320524,0.15306372549019606,0.0,0.014044331395348837,0.018481391227292865,0.31408598019125683,0.004166666666666667
12157215.qasm,54,randomcircuit,0.9559505606523955,4.016751608485389,1,0.038493883792048926,0.0,0.0,0.0013888888888888887,0.0,0.0,0.004166666666666667,0.9559505606523955,0.0,0.0
125f60d7.qasm,24,arithmetic,0.4656407455873716,11.39606473007949,1,0.4656407455873716,0.0,0.0,0.17550091074681237,0.0125,0.0,0.0023255813953488376,0.11069942893713387,0.23125,0.0020833333333333333
138d2c7b.qasm,39,qaoa,0.491302988458631,5.692557381153514,1,0.09119809386766824,0.0,0.00522875816993464,0.491302988458631,0.0,0.0,0.0,0.031020159503766066,0.38125,0.0
13b8e3f8.qasm,28,qaoa,0.47325140175386343,5.314604709054686,1,0.10508301390576921,0.0,0.00522875816993464,0.47325140175386343,0.0,0.0,0.0,0.035186826170432735,0.38125,0.0
13eb49aa.qasm,25,ghz,0.7519038701622972,29.24327176592056,1,0.0008879781420765028,0.7519038701622972,0.09512371369427922,0.0074453551912568305,0.004166666666666667,0.1265605493133583,0.0,0.0,0.011828533496732026,0.0020833333333333333
14019fed.qasm,128,qft,0.5524306857653372,4.231907277113356,1,0.08164838483775465,0.0,0.12185762364647348,0.024614481209150326,0.5524306857653372,0.0,0.0016927083333333334,0.007339449541284404,0.06736111111111111,0.14305555555555557
149b1e7c.qasm,88,qaoa,0.4839581477614971,4.02027723618337,1,0.13352308817363168,0.0,0.12142614897327088,0.4839581477614971,0.06226561662916532,0.0,0.006343871124031009,0.005981391227292867,0.18233506944444444,0.004166666666666667
15434610.qasm,39,qaoa,0.491302988458631,5.692557381153514,1,0.09119809386766824,0.0,0.00522875816993464,0.491302988458631,0.0,0.0,0.0,0.031020159503766066,0.38125,0.0
159b3481.qasm,16,qaoa,0.4348554859102111,5.137745049634833,1,0.13055309407768423,0.0,0.013562091503267974,0.4348554859102111,0.0,0.0,0.0,0.05227932850883672,0.36875,0.0
15c28669.qasm,32,vqe_su2,0.47619535519125683,166.66745592330764,1,0.21306683794144032,0.004166666666666667,0.10102429031314016,0.09519045323047254,0.0936897299903568,0.0,0.0,0.0125,0.47619535519125683,0.004166666666666667
1619b169.qasm,16,vqe_su2,0.48244535519125686,43.234076906966116,1,0.20890017127477367,0.004166666666666667,0.09685762364647349,0.0931071198971392,0.0936897299903568,0.0,0.0,0.0125,0.48244535519125686,0.008333333333333333
166e9d3a.qasm,16,arithmetic,0.43618378398779495,29.807765936923037,1,0.43618378398779495,0.0,0.09579553214320552,0.12296249142061962,0.14692756884174432,0.0,0.006768872511277887,0.02211084034854527,0.1692509107468124,0.0
1688d759.qasm,53,qaoa,0.3874522829629414,6.106099704937117,1,0.1574737242882829,0.0,0.00522875816993464,0.3874522829629414,0.0,0.0,0.004166666666666667,0.06442856791217448,0.38125,0.0
16ff70bb.qasm,49,qaoa,0.513024299934041,5.636722959122774,1,0.07692213758351524,0.0,0.00522875816993464,0.513024299934041,0.0,0.0,0.0,0.02357480431250923,0.38125,0.0
17253376.qasm,53,vqe_su2,0.39166666666666666,5.763008962284811,1,0.14914039095494952,0.0,0.00522875816993464,0.3895356162962747,0.0,0.0,0.004166666666666667,0.06026190124550781,0.39166666666666666,0.0
173d4b8b.qasm,8,qnn,0.8587234706616728,29.195223945120322,1,0.0,0.08233458177278404,0.05894194756554307,0.0,0.0,0.8587234706616728,0.0,0.0,0.0,0.0
175f2997.qasm,36,qaoa,0.47692112652450563,5.887155750299138,1,0.10557995580179368,0.0,0.00522875816993464,0.47692112652450563,0.0,0.0,0.0,0.031020159503766066,0.38125,0.0
17e5a14b.qasm,98,qaoa,0.4596459679346114,6.355740610873751,1,0.27966841382715407,0.0,0.0369281045751634,0.4596459679346114,0.0,0.0,0.02044005686200779,0.19498412346773,0.008333333333333333,0.0
195099c8.qasm,256,vqe_su2,0.6011953551912569,16.596176030905188,1,0.17438524590163934,0.0020833333333333333,0.05114379084967318,0.0931071198971392,0.049309113160291435,0.0020833333333333333,0.0016927083333333334,0.008333333333333333,0.6011953551912569,0.016666666666666666
19550378.qasm,8,vqe_su2,0.4,44.067302766154604,1,0.15846310939838085,0.0,0.14783801580333625,0.12457208293153327,0.14879040042944075,0.0,0.0,0.016169724770642203,0.4,0.004166666666666667
1959a985.qasm,56,qaoa,0.41511160211816217,5.5613591401722005,1,0.11523107179972875,0.0,0.00522875816993464,0.41511160211816217,0.0,0.0,0.004166666666666667,0.05192856791217448,0.4083333333333333,0.0
19d587f3.qasm,32,vqe_su2,1.0,0.0,0,0.0,0.0,0.0,0.0,0.0,0.0,0.0,0.0,1.0,0.0
1a554de5.qasm,45,qaoa,0.42919717106336697,8.770520662368591,1,0.1158085649945328,0.0,0.00522875816993464,0.42919717106336697,0.0,0.0,0.0033854166666666668,0.0502393787229853,0.3961407103825137,0.0
1aa22822.qasm,66,qaoa,0.4596459679346114,5.831805450864924,1,0.26805639196923065,0.0,0.0369281045751634,0.4596459679346114,0.0,0.0,0.02044005686200779,0.20659614532565349,0.008333333333333333,0.0
1af5b336.qasm,20,qaoa,0.4647165970213222,5.177617982662809,1,0.1124224634470536,0.0,0.013562091503267974,0.4647165970213222,0.0,0.0,0.0,0.0384655146950229,0.37083333333333335,0.0
1b91945f.qasm,16,qaoa,0.4348554859102111,5.137745049634833,1,0.13055309407768423,0.0,0.013562091503267974,0.4348554859102111,0.0,0.0,0.0,0.05227932850883672,0.36875,0.0
1cb3c32c.qasm,60,qaoa,0.4112831430755731,4.89642838481566,1,0.1650943801615102,0.0,0.11619739080333624,0.4112831430755731,0.054820261437908496,0.0,0.0023255813953488376,0.022110840348545265,0.2240017361111111,0.004166666666666667
1d1dc1d8.qasm,50,qaoa,0.5088576332673742,6.368856893084308,1,0.0810888042501819,0.0,0.00522875816993464,0.5088576332673742,0.0,0.0,0.0,0.02357480431250923,0.38125,0.0
1d4b1889.qasm,12,qaoa,0.43833167698322123,4.349528215553703,1,0.1444380141157852,0.0,0.021895424836601306,0.43833167698322123,0.0,0.0,0.0,0.06616821739772562,0.32916666666666666,0.0
1db5f683.qasm,49,qaoa,0.5088576332673742,6.53415734662645,1,0.0810888042501819,0.0,0.00522875816993464,0.5088576332673742,0.0,0.0,0.0,0.02357480431250923,0.38125,0.0
1f1383d7.qasm,256,arithmetic,0.6255138319281635,12.889392708076354,1,0.6255138319281635,0.0,0.026062091503267975,0.1616020154310652,0.008392239434501429,0.0,0.025435910925026037,0.05179855558671922,0.0928620218579235,0.008333333333333333
1fd34b96.qasm,53,qaoa,0.38656430482086485,6.1357971329521614,1,0.1583617024303594,0.0,0.00522875816993464,0.38656430482086485,0.0,0.0,0.004166666666666667,0.06442856791217448,0.38125,0.0
20448412.qasm,2,randomcircuit,0.5198778065717056,8.170823248519417,1,0.20397820037450146,0.0,0.03101469353767148,0.1917679710454518,0.004786036036036037,0.0,0.03632376338264594,0.5198778065717056,0.012251529051987767,0.0
2059c310.qasm,67,ghz,0.756070536828964,29.32633372369072,1,0.0008879781420765028,0.756070536828964,0.09512371369427922,0.0074453551912568305,0.004166666666666667,0.12239388264669165,0.0,0.0,0.011828533496732026,0.0020833333333333333
2078a631.qasm,53,qaoa,0.38656430482086485,6.063633512175211,1,0.1583617024303594,0.0,0.00522875816993464,0.38656430482086485,0.0,0.0,0.004166666666666667,0.06442856791217448,0.38125,0.0
208334f1.qasm,128,arithmetic,0.6029655275669713,3.793513474222359,1,0.6029655275669713,0.0,0.0,0.21758477056683317,0.0,0.0,0.0016927083333333334,0.059006993532862095,0.11875,0.0
2190b5a7.qasm,8,graphstate,0.40519771700297386,2.959043385424761,1,0.12955377864858203,0.03689138576779027,0.40519771700297386,0.061554285722559596,0.1442742999340409,0.007724719101123595,0.004166666666666667,0.003669724770642202,0.05557853349673202,0.15138888888888888
231bbda3.qasm,64,qft,0.7051879084967321,0.9525566945433358,0,0.05316087632225397,0.015604575163398693,0.18962418300653594,0.02114071038251366,0.7051879084967321,0.0,0.0,0.006948413295232366,0.0,0.008333333333333333
235dda60.qasm,53,qaoa,0.38656430482086485,6.063633512175211,1,0.1583617024303594,0.0,0.00522875816993464,0.38656430482086485,0.0,0.0,0.004166666666666667,0.06442856791217448,0.38125,0.0
24ca3082.qasm,256,qnn,0.4895833333333333,25.51280250613876,1,0.0106852754393738,0.08958333333333332,0.008333333333333333,0.022648057893959534,0.0125,0.4895833333333333,0.0,0.0,0.15,0.21666666666666667
25e26219.qasm,56,qaoa,0.5439106217260053,4.715148379692941,1,0.029904539245244256,0.0,0.08243483902875044,0.5439106217260053,0.0,0.0,0.0,0.0,0.33958333333333335,0.004166666666666667
25e5b703.qasm,6,qaoa,0.6431152203764757,1.8672777938927603,0,0.16940735204053098,0.0,0.01137123090515276,0.6431152203764757,0.009919313524590164,0.0,0.027101999088858037,0.07033488406439227,0.06875,0.0
264ca70e.qasm,43,qaoa,0.503802988458631,5.303163864311019,1,0.0819767823922584,0.0,0.00522875816993464,0.503802988458631,0.0,0.0,0.0,0.027741470979175897,0.38125,0.0
27a012bc.qasm,12,qaoa,0.38644187734751995,4.539108449823209,1,0.16438336930704206,0.0,0.021895424836601306,0.38644187734751995,0.0,0.0,0.0,0.09394599517550338,0.3333333333333333,0.0
27dbf314.qasm,56,randomcircuit,0.9559505606523955,4.822157739652217,1,0.038493883792048926,0.0,0.0,0.0013888888888888887,0.0,0.0,0.004166666666666667,0.9559505606523955,0.0,0.0
27e0ec8e.qasm,64,arithmetic,0.5962761036238607,10.907637234140179,1,0.5962761036238607,0.0,0.03660150569541712,0.19226379687861692,0.011670927959091592,0.0,0.024654660925026037,0.03366792495608859,0.0965317466285657,0.008333333333333333
2818a462.qasm,64,graphstate,0.599632261315421,9.473615029548524,1,0.0392412935323383,0.25417128520415655,0.599632261315421,0.05549683415032679,0.0031045751633986926,0.03233458177278402,0.005970149253731344,0.0,0.0031045751633986926,0.006944444444444444
28f914b0.qasm,16,qft,0.4765314071683027,1.1664250098440936,0,0.2268931367598672,0.015604575163398693,0.1866015056954171,0.02494369884114472,0.4765314071683027,0.0,0.0463865822318581,0.006372427473344905,0.0,0.016666666666666666
29886bb3.qasm,20,qaoa,0.4647165970213222,5.177617982662809,1,0.1124224634470536,0.0,0.013562091503267974,0.4647165970213222,0.0,0.0,0.0,0.0384655146950229,0.37083333333333335,0.0
29a887f9.qasm,56,vqe_su2,0.4131944444444445,4.850632898276133,1,0.11106440513306208,0.004166666666666667,0.03651960784313726,0.38173741911162623,0.0,0.0,0.0,0.0491507901343967,0.4131944444444445,0.004166666666666667
2a04dd73.qasm,62,randomcircuit,0.9559505606523955,4.287659140393866,1,0.038493883792048926,0.0,0.0,0.0013888888888888887,0.0,0.0,0.004166666666666667,0.9559505606523955,0.0,0.0
2a0e53ef.qasm,92,graphstate,0.39096144377939557,3.797578562109707,1,0.014569570181877498,0.19691934943453038,0.39096144377939557,0.0178620218579235,0.011437908496732025,0.00950374531835206,0.0,0.0,0.10457929426452228,0.25416666666666665
2a48defb.qasm,16,qnn,0.8587234706616728,29.33443205557638,1,0.0,0.08233458177278404,0.05894194756554307,0.0,0.0,0.8587234706616728,0.0,0.0,0.0,0.0
2af6859b.qasm,47,qaoa,0.5079696551252977,5.40353267571858,1,0.0819767823922584,0.0,0.00522875816993464,0.5079696551252977,0.0,0.0,0.0,0.02357480431250923,0.38125,0.0
2afe3d2e.qasm,60,qaoa,0.42631471599800747,13.683901134078264,1,0.2358406872807535,0.0,0.09591503267973854,0.42631471599800747,0.0,0.0,0.005859375,0.15659614532565352,0.079474043715847,0.0
2b148d98.qasm,53,vqe_su2,0.39166666666666666,5.763008962284811,1,0.14914039095494952,0.0,0.00522875816993464,0.3895356162962747,0.0,0.0,0.004166666666666667,0.06026190124550781,0.39166666666666666,0.0
2b2951ed.qasm,49,qaoa,0.5088576332673742,6.53415734662645,1,0.0810888042501819,0.0,0.00522875816993464,0.5088576332673742,0.0,0.0,0.0,0.02357480431250923,0.38125,0.0
2bc3295c.qasm,56,qaoa,0.5147439550593387,3.9985275961684903,1,0.025737872578577587,0.0,0.10743483902875045,0.5147439550593387,0.0,0.0,0.0,0.0,0.35208333333333336,0.0
2cbfff1b.qasm,39,qaoa,0.491302988458631,5.692557381153514,1,0.09119809386766824,0.0,0.00522875816993464,0.491302988458631,0.0,0.0,0.0,0.031020159503766066,0.38125,0.0
2cedce95.qasm,50,qaoa,0.5088576332673742,6.368856893084308,1,0.0810888042501819,0.0,0.00522875816993464,0.5088576332673742,0.0,0.0,0.0,0.02357480431250923,0.38125,0.0
2d399444.qasm,5,arithmetic,0.34195739253572943,3.656138336299661,1,0.34195739253572943,0.0,0.0740082079343365,0.12112578314814333,0.1600347054805529,0.0,0.0977054227409464,0.0,0.09980646630236795,0.1053620218579235
2ea1bf91.qasm,88,qaoa,0.4839581477614971,4.021416815924725,1,0.13352308817363168,0.0,0.12142614897327088,0.4839581477614971,0.06226561662916532,0.0,0.006343871124031009,0.005981391227292867,0.18233506944444444,0.004166666666666667
3026aed7.qasm,53,qaoa,0.38656430482086485,6.1357971329521614,1,0.1583617024303594,0.0,0.00522875816993464,0.38656430482086485,0.0,0.0,0.004166666666666667,0.06442856791217448,0.38125,0.0
306ac152.qasm,128,vqe_su2,0.9791666666666666,0.980516877058187,0,0.0,0.0,0.0,0.0,0.0,0.0,0.0,0.0,0.9791666666666666,0.020833333333333332
3099a023.qasm,2,randomcircuit,0.5615444732383722,6.406883161729602,1,0.17882077710157765,0.0,0.03101469353767148,0.18576644199346407,0.0020833333333333333,0.0,0.030353614128914592,0.5615444732383722,0.010416666666666666,0.0
31b8fb3c.qasm,64,qft,0.742687908496732,0.9584196222409889,0,0.0338302752293578,0.0125,0.19272875816993465,0.0020833333333333333,0.742687908496732,0.0,0.0,0.003669724770642202,0.0,0.0125
31fd025e.qasm,39,qaoa,0.491302988458631,5.692557381153514,1,0.09119809386766824,0.0,0.00522875816993464,0.491302988458631,0.0,0.0,0.0,0.031020159503766066,0.38125,0.0
320de9fb.qasm,100,qaoa,0.43675589996353353,2.7702731582362734,1,0.23524636388864725,0.0,0.00448657399751791,0.43675589996353353,0.006296824347283064,0.0,0.1358163414460056,0.18139799635701276,0.0,0.0
32de9cc1.qasm,20,qaoa,0.4647165970213222,5.177617982662809,1,0.1124224634470536,0.0,0.013562091503267974,0.4647165970213222,0.0,0.0,0.0,0.0384655146950229,0.37083333333333335,0.0
32f44532.qasm,90,qaoa,0.3513903650968953,5.027837242520924,1,0.23087306868610039,0.0,0.11450468247000291,0.3513903650968953,0.05588235294117647,0.0,0.004018289728682171,0.011386796632698272,0.22777777777777777,0.004166666666666667
336f664c.qasm,118,graphstate,0.392483660130719,2.5673338414135105,1,0.1338592470744225,0.015604575163398693,0.392483660130719,0.3015542965820207,0.01413429758799124,0.0,0.0586399651281145,0.0,0.004557291666666667,0.07916666666666666
33a2f9be.qasm,28,qaoa,0.48346659702132216,5.214739644715162,1,0.09486781863831044,0.0,0.00522875816993464,0.48346659702132216,0.0,0.0,0.0,0.035186826170432735,0.38125,0.0
33c62fb8.qasm,256,qft,0.6380274078321331,3.838583730181431,1,0.11143380327131512,0.029166666666666667,0.1908876728986168,0.008455349560626201,0.6380274078321331,0.0,0.0016927083333333334,0.003669724770642202,0.004166666666666667,0.0125
3436484d.qasm,32,qaoa,0.46491806842053013,5.363107528453232,1,0.11341634723910254,0.0,0.00522875816993464,0.46491806842053013,0.0,0.0,0.0,0.035186826170432735,0.38125,0.0
36d0ea8f.qasm,64,arithmetic,0.5727412924595247,10.905345044914727,1,0.5727412924595247,0.0,0.03553941419214915,0.21956914972382405,0.011670927959091592,0.0,0.02611287741408941,0.029501258289421923,0.0965317466285657,0.008333333333333333
36e23777.qasm,36,qaoa,0.485254459857839,5.871212998332439,1,0.10052531099305052,0.0,0.00522875816993464,0.485254459857839,0.0,0.0,0.0,0.027741470979175897,0.38125,0.0
371eea68.qasm,28,graphstate,0.379983660130719,2.171916841788996,1,0.15812869220526976,0.015604575163398693,0.379983660130719,0.3112886605307755,0.01413429758799124,0.0,0.03713615604851251,0.0,0.004557291666666667,0.07916666666666666
376d7d92.qasm,64,wstate,0.9934027777777779,0.07521703263769403,0,0.0,0.0,0.0,0.002430555555555555,0.0,0.0,0.0,0.0,0.004166666666666667,0.9934027777777779
37bd268c.qasm,128,graphstate,0.5359047887678485,7.474278695317325,1,0.11626532263919102,0.18164013732833958,0.5359047887678485,0.009313725490196077,0.055495285545912355,0.07710582360284939,0.022191583292329564,0.0,0.0,0.0020833333333333333
3814b0b9.qasm,38,randomcircuit,0.9578363914373089,1.9070081657155877,0,0.03799694189602446,0.0,0.0,0.0,0.0,0.0,0.004166666666666667,0.9578363914373089,0.0,0.0
383bbcad.qasm,16,wstate,1.0,0.13911891953945743,0,0.0,0.0,0.0,0.0,0.0,0.0,0.0,0.0,0.0,1.0
3841ff5b.qasm,53,qaoa,0.3874522829629414,6.15790744163463,1,0.1574737242882829,0.0,0.00522875816993464,0.3874522829629414,0.0,0.0,0.004166666666666667,0.06442856791217448,0.38125,0.0
385fa1b6.qasm,32,qnn,0.8587234706616728,29.45273493175784,1,0.0,0.08233458177278404,0.05894194756554307,0.0,0.0,0.8587234706616728,0.0,0.0,0.0,0.0
386534f5.qasm,45,qaoa,0.5079696551252977,5.39032270748961,1,0.0819767823922584,0.0,0.00522875816993464,0.5079696551252977,0.0,0.0,0.0,0.02357480431250923,0.38125,0.0
3a8d3e53.qasm,64,arithmetic,0.7528847343739005,153.9230134394167,1,0.7528847343739005,0.0,0.0,0.034260079751883034,0.004166666666666667,0.0,0.013495612417563347,0.14935957345665338,0.04583333333333333,0.0
3be98d6c.qasm,128,graphstate,0.9024889800881591,1.9853074954191885,0,0.02772906341339433,0.0031045751633986926,0.9024889800881591,0.05940613950498232,0.004166666666666667,0.0,0.0,0.0,0.0031045751633986926,0.0
3c1f4948.qasm,9,vqe_su2,0.5949453551912569,18.11806967624122,1,0.1934050795460466,0.004166666666666667,0.045915032679738545,0.09155318312486002,0.04772313296903461,0.0,0.0014582164890633764,0.0,0.5949453551912569,0.020833333333333332
3c2f55c1.qasm,45,qaoa,0.4292860274734173,10.762259651702653,1,0.23495270913867697,0.0,0.10008169934640522,0.4292860274734173,0.0,0.0,0.005859375,0.15242947865898684,0.07739071038251367,0.0
3c890561.qasm,64,qpe,0.8106300021630977,0.8961273825988324,0,0.0023669397329269095,0.015604575163398693,0.16772875816993463,0.0,0.0,0.0,0.8106300021630977,0.003669724770642202,0.0,0.0
3ccd19ee.qasm,50,qaoa,0.5088576332673742,6.369182169925314,1,0.0810888042501819,0.0,0.00522875816993464,0.5088576332673742,0.0,0.0,0.0,0.02357480431250923,0.38125,0.0
3db115f1.qasm,30,graphstate,0.5420513015806362,8.081221839334797,1,0.05447035694573264,0.28611572964860105,0.5420513015806362,0.053022875816993456,0.018883263687988858,0.03302902621722846,0.008955223880597015,0.0,0.0,0.003472222222222222
3e2fde05.qasm,41,qaoa,0.503802988458631,5.338712183626135,1,0.0819767823922584,0.0,0.00522875816993464,0.503802988458631,0.0,0.0,0.0,0.027741470979175897,0.38125,0.0
3e730381.qasm,35,ghz,0.9625,0.13196464011845052,0,0.0,0.9625,0.0,0.0,0.0,0.0375,0.0,0.0,0.0,0.0
3eb6cff0.qasm,257,vqe_su2,0.5886953551912569,616.4470926881872,1,0.19814773203460076,0.004166666666666667,0.045915032679738545,0.09514386396963923,0.04772313296903461,0.0,0.0014582164890633764,0.0,0.5886953551912569,0.01875
3eca4614.qasm,45,qaoa,0.5079696551252977,5.39032270748961,1,0.0819767823922584,0.0,0.00522875816993464,0.5079696551252977,0.0,0.0,0.0,0.02357480431250923,0.38125,0.0
3ee85ccf.qasm,20,qaoa,0.4424983436498879,5.289279972206448,1,0.12630738348515458,0.0,0.013562091503267974,0.4424983436498879,0.0,0.0,0.0,0.04679884802835624,0.37083333333333335,0.0
3f072f57.qasm,28,qaoa,0.48346659702132216,5.214739644715162,1,0.09486781863831044,0.0,0.00522875816993464,0.48346659702132216,0.0,0.0,0.0,0.035186826170432735,0.38125,0.0
3f858470.qasm,63,qft,0.9673428978810208,0.27535031996127357,0,0.0013388944077601824,0.0,0.00522875816993464,0.008333333333333333,0.9673428978810208,0.0,0.008333333333333333,0.007339449541284404,0.0,0.0020833333333333333
40b719e2.qasm,40,randomcircuit,0.9564475025484199,2.3943917348179324,1,0.03799694189602446,0.0,0.0,0.0013888888888888887,0.0,0.0,0.004166666666666667,0.9564475025484199,0.0,0.0
40e78b26.qasm,20,wstate,0.4001332636879889,4.699812628342102,1,0.0949362455170216,0.14036687825879415,0.14123936792538444,0.10707562673570388,0.03223039215686275,0.00733458177278402,0.0023255813953488376,0.0,0.07435806255011146,0.4001332636879889
41bd27aa.qasm,68,graphstate,0.4732923823580106,3.3529997300558305,1,0.016033534145841462,0.19644702508812512,0.4732923823580106,0.016398057893959532,0.00727124183006536,0.015145131086142323,0.0,0.0,0.09624596093118895,0.17916666666666667
42a256ea.qasm,43,qaoa,0.5079696551252977,5.461925678254643,1,0.0819767823922584,0.0,0.00522875816993464,0.5079696551252977,0.0,0.0,0.0,0.02357480431250923,0.38125,0.0
42a71e24.qasm,64,arithmetic,0.5645684427958694,78.83478578347137,1,0.5645684427958694,0.0,0.023284313725490193,0.11634175673510425,0.0,0.0,0.06270199390643681,0.14768682617043272,0.08541666666666667,0.0
42fa6cae.qasm,53,qaoa,0.3874522829629414,6.106099704937117,1,0.1574737242882829,0.0,0.00522875816993464,0.3874522829629414,0.0,0.0,0.004166666666666667,0.06442856791217448,0.38125,0.0
43168c33.qasm,7,qaoa,0.2996316382673615,3.1313021814559803,1,0.13512977960322078,0.0027777777777777775,0.19517548016856096,0.2996316382673615,0.02433297502244817,0.0027777777777777775,0.07666969453457259,0.0,0.06092063276813457,0.20258424408014572
4318a3ef.qasm,39,qaoa,0.491302988458631,5.692557381153514,1,0.09119809386766824,0.0,0.00522875816993464,0.491302988458631,0.0,0.0,0.0,0.031020159503766066,0.38125,0.0
4327c91d.qasm,53,vqe_su2,0.39166666666666666,5.763008962284811,1,0.14914039095494952,0.0,0.00522875816993464,0.3895356162962747,0.0,0.0,0.004166666666666667,0.06026190124550781,0.39166666666666666,0.0
432efc30.qasm,8,qft,0.354182945463535,1.1471734101793845,0,0.2175726152202483,0.015604575163398693,0.15522875816993462,0.0,0.354182945463535,0.0,0.25054173661351403,0.002702702702702703,0.0,0.004166666666666667
445caba2.qasm,8,qft,0.7041103655078114,1.0499079213437026,0,0.0659808509306701,0.015604575163398693,0.1876635971986851,0.0031045751633986926,0.7041103655078114,0.0,0.008333333333333333,0.002702702702702703,0.0,0.0125
448ebca1.qasm,8,arithmetic,0.3728253669622644,5.356615066123562,1,0.3728253669622644,0.0,0.061519607843137245,0.13586903788431634,0.17684894996249864,0.0,0.006370491293532339,0.013426746418549696,0.22897313296903463,0.004166666666666667
46073cb3.qasm,128,vqe_su2,0.48244535519125686,2651.18056805768,1,0.20890017127477367,0.004166666666666667,0.10519095697980682,0.08894045323047253,0.0936897299903568,0.0,0.0,0.0125,0.48244535519125686,0.004166666666666667
46188cf9.qasm,50,qaoa,0.5088576332673742,6.368856893084308,1,0.0810888042501819,0.0,0.00522875816993464,0.5088576332673742,0.0,0.0,0.0,0.02357480431250923,0.38125,0.0
46de7f9b.qasm,30,qaoa,0.48693673784681496,5.079606749708578,1,0.19428740753886853,0.0,0.06584987170848902,0.48693673784681496,0.07042483660130718,0.0,0.0023255813953488376,0.028980209717914637,0.15119535519125682,0.0
4737100f.qasm,128,arithmetic,0.5058579881551821,161.13595199452934,1,0.5058579881551821,0.0,0.023284313725490193,0.11217509006843758,0.0,0.0,0.06454307917775463,0.20872286220646874,0.08541666666666667,0.0
474aa01a.qasm,53,vqe_su2,0.39166666666666666,5.779787800286218,1,0.14914039095494952,0.0,0.00522875816993464,0.3895356162962747,0.0,0.0,0.004166666666666667,0.06026190124550781,0.39166666666666666,0.0
4846208f.qasm,15,graphstate,0.32166974530399467,3.962526517367423,1,0.27471529689139695,0.054102466126900194,0.32166974530399467,0.23146798784681497,0.008333333333333333,0.007724719101123595,0.01765129656947819,0.0,0.03641848816029144,0.04791666666666667
4a262567.qasm,45,qaoa,0.5079696551252977,5.390880655053848,1,0.0819767823922584,0.0,0.00522875816993464,0.5079696551252977,0.0,0.0,0.0,0.02357480431250923,0.38125,0.0
4a5eba47.qasm,128,wstate,0.9822916666666668,0.9404133902848586,0,0.0,0.0013888888888888887,0.0,0.002430555555555555,0.0,0.0013888888888888887,0.0,0.0,0.0125,0.9822916666666668
4ae57e38.qasm,32,qpe,0.6180690757026925,0.5843452891912568,0,0.18738703123931302,0.0,0.0,0.01852633129754634,0.06816588223792289,0.0,0.6180690757026925,0.10040632433126842,0.0074453551912568305,0.0
4cbdcf4f.qasm,24,qaoa,0.46283473508719675,5.464486454412479,1,0.11758301390576921,0.0,0.013562091503267974,0.46283473508719675,0.0,0.0,0.0,0.035186826170432735,0.37083333333333335,0.0
4d59437e.qasm,57,qaoa,0.34002794292129046,13.329631000265051,1,0.20018177255207129,0.0,0.01772875816993464,0.34002794292129046,0.0,0.0,0.0023255813953488376,0.12187392310343131,0.3178620218579235,0.0
4d78cdd5.qasm,3,qft,0.47919077514503916,1.9018776446599461,0,0.11800118504313085,0.0,0.09892531848756196,0.0787060728007419,0.47919077514503916,0.0,0.041148870745748405,0.0020833333333333333,0.1361111111111111,0.04583333333333333
4dc2ff13.qasm,16,qnn,0.6729166666666667,0.1606058857641188,0,0.0,0.3260212418300653,0.0010620915032679738,0.0,0.0,0.6729166666666667,0.0,0.0,0.0,0.0
4e8df7a8.qasm,177,vqe_su2,0.3386953551912569,14.11945644042018,1,0.2001817725520713,0.0,0.01772875816993464,0.3224732981125473,0.0,0.0,0.0023255813953488376,0.11859523457884116,0.3386953551912569,0.0
4f476879.qasm,28,qaoa,0.47325140175386343,5.313891130439304,1,0.10508301390576921,0.0,0.00522875816993464,0.47325140175386343,0.0,0.0,0.0,0.035186826170432735,0.38125,0.0
4f48ab57.qasm,16,arithmetic,0.4652793890168257,20.589421658408384,1,0.4652793890168257,0.004166666666666667,0.01772875816993464,0.21718611686122902,0.03853355867040017,0.0,0.02430939482702473,0.05779611578791908,0.17083333333333334,0.004166666666666667
4f9a3ab1.qasm,32,arithmetic,0.5657041247562624,9.63823501411364,1,0.5657041247562624,0.0,0.026062091503267975,0.21919090162452534,0.018359459109773966,0.0,0.03991173445041647,0.029576333364497002,0.0928620218579235,0.008333333333333333
4fd60583.qasm,98,qaoa,0.4596459679346114,6.355683918592741,1,0.27966841382715407,0.0,0.0369281045751634,0.4596459679346114,0.0,0.0,0.02044005686200779,0.19498412346773,0.008333333333333333,0.0
4ffb1090.qasm,129,vqe_su2,0.5886953551912569,306.0804179277051,1,0.19814773203460076,0.004166666666666667,0.045915032679738545,0.09514386396963923,0.04772313296903461,0.0,0.0014582164890633764,0.0,0.5886953551912569,0.01875
5050d142.qasm,41,ghz,0.682116104868914,29.345801193022012,1,0.015229063413394332,0.682116104868914,0.09546831543184733,0.01994535519125683,0.00727124183006536,0.16605805243445693,0.0,0.0,0.011828533496732026,0.0020833333333333333
51b16166.qasm,24,qaoa,0.46283473508719675,5.46486499655667,1,0.11758301390576921,0.0,0.013562091503267974,0.46283473508719675,0.0,0.0,0.0,0.035186826170432735,0.37083333333333335,0.0
51b543de.qasm,53,qaoa,0.38656430482086485,6.344720971027495,1,0.1583617024303594,0.0,0.00522875816993464,0.38656430482086485,0.0,0.0,0.004166666666666667,0.06442856791217448,0.38125,0.0
52b00428.qasm,53,qaoa,0.3874522829629414,6.15790744163463,1,0.1574737242882829,0.0,0.00522875816993464,0.3874522829629414,0.0,0.0,0.004166666666666667,0.06442856791217448,0.38125,0.0
53442dc5.qasm,8,qft,0.4778491898329044,1.2936055163422133,0,0.2460020314319989,0.015604575163398693,0.15743483902875044,0.009855485910211079,0.4778491898329044,0.0,0.05652339815225611,0.002702702702702703,0.013194444444444444,0.020833333333333332
5357322a.qasm,28,qaoa,0.46230438490563847,3.704246221747317,1,0.17072501079214086,0.0,0.10829553214320552,0.46230438490563847,0.062091503267973844,0.0,0.0023255813953488376,0.024813543051247968,0.16944444444444443,0.0
5385a9e9.qasm,47,qaoa,0.5079696551252977,5.403117294779366,1,0.0819767823922584,0.0,0.00522875816993464,0.5079696551252977,0.0,0.0,0.0,0.02357480431250923,0.38125,0.0
53e971c2.qasm,16,arithmetic,0.54380488159496,3.2445510804826423,1,0.54380488159496,0.0,0.0,0.34819149052985915,0.00625,0.0,0.035797574626865676,0.018039386581648574,0.04791666666666667,0.0
54c8f710.qasm,8,wstate,0.48194444444444445,0.6393228059622013,0,0.0,0.4371310046724682,0.032313439771976205,0.0013888888888888887,0.0,0.04305555555555555,0.0,0.0,0.004166666666666667,0.48194444444444445
54f0b8c5.qasm,31,qaoa,0.5625748811324042,2.6928785650247122,1,0.19157203815125795,0.0,0.08341503267973854,0.5625748811324042,0.0,0.0,0.02131782945736434,0.10778688524590166,0.03333333333333333,0.0
551cc6ea.qasm,56,vqe_su2,0.40625,5.60953569943435,1,0.12356440513306208,0.0,0.00522875816993464,0.4033060465626066,0.0,0.0,0.004166666666666667,0.05748412346773003,0.40625,0.0
568c1ef9.qasm,31,arithmetic,0.4147693960494856,9.624277289441993,1,0.4147693960494856,0.03743579946023353,0.09095777189865827,0.20359579876729553,0.011411457060593636,0.0,0.03270107324578073,0.022686826170432727,0.1388928577396768,0.04754901960784313
574915eb.qasm,85,ghz,0.4486304171715502,2.7669964465148853,1,0.004166666666666667,0.4486304171715502,0.15536458907064693,0.0,0.0,0.025171660424469413,0.0,0.0,0.10833333333333334,0.25833333333333336
577f5adb.qasm,115,ghz,0.7602372034956306,29.353347832701466,1,0.0008879781420765028,0.7602372034956306,0.09653558052434456,0.0074453551912568305,0.004166666666666667,0.12239388264669165,0.0,0.0,0.00625,0.0020833333333333333
587be285.qasm,36,qaoa,0.48942112652450565,5.871019982407493,1,0.09635864432638384,0.0,0.00522875816993464,0.48942112652450565,0.0,0.0,0.0,0.027741470979175897,0.38125,0.0
588e0101.qasm,28,graphstate,0.470303442751269,2.820810034886097,1,0.014569570181877498,0.20243221937651462,0.470303442751269,0.013695355191256831,0.00727124183006536,0.024040262172284645,0.0,0.0,0.0843545751633987,0.18333333333333332
591d39f6.qasm,53,qaoa,0.38656430482086485,6.1357971329521614,1,0.1583617024303594,0.0,0.00522875816993464,0.38656430482086485,0.0,0.0,0.004166666666666667,0.06442856791217448,0.38125,0.0
59267ce4.qasm,32,graphstate,0.5735701698121531,8.239971851436811,1,0.0392412935323383,0.27708795187082325,0.5735701698121531,0.05549683415032679,0.0031045751633986926,0.03858458177278402,0.005970149253731344,0.0,0.0,0.006944444444444444
5a4964e2.qasm,53,qaoa,0.38656430482086485,6.344720971027495,1,0.1583617024303594,0.0,0.00522875816993464,0.38656430482086485,0.0,0.0,0.004166666666666667,0.06442856791217448,0.38125,0.0
5a741dbe.qasm,18,qaoa,0.4227674187007101,5.980901582050277,1,0.2723165185138762,0.0,0.09174836601307187,0.4227674187007101,0.0,0.0,0.013011116293532339,0.11443253676296242,0.085724043715847,0.0
5a9f20b0.qasm,53,qaoa,0.3874522829629414,6.106099704937117,1,0.1574737242882829,0.0,0.00522875816993464,0.3874522829629414,0.0,0.0,0.004166666666666667,0.06442856791217448,0.38125,0.0
5b419375.qasm,140,ghz,0.4208512911250642,3.4891764413754656,1,0.004166666666666667,0.4208512911250642,0.18661593733935516,0.004166666666666667,0.0,0.017532771535580527,0.0,0.0,0.1375,0.22916666666666666
5b482142.qasm,2,qft,0.3651170276843431,5.4261900379683965,1,0.11637070798276235,0.0027777777777777775,0.14553728359587334,0.11491848829063818,0.3651170276843431,0.0027777777777777775,0.04270038823099658,0.0020833333333333333,0.17924499310427536,0.028472222222222225
5b58ce32.qasm,4,vqe_su2,0.6763054043785056,0.5958867976962928,0,0.04135083274391124,0.0,0.01304193664063047,0.2373104351531559,0.00727124183006536,0.0,0.005970149253731344,0.0,0.6763054043785056,0.01875
5c176f37.qasm,56,vqe_su2,0.49236111111111114,4.4262144569649156,1,0.06442213758351524,0.00625,0.021895424836601306,0.38107985548959644,0.0,0.0020833333333333333,0.0,0.027741470979175897,0.49236111111111114,0.004166666666666667
5c2359c8.qasm,64,qft,0.6201206756587986,2.81315487358747,1,0.031190211218203378,0.0,0.11246219880987218,0.02214052287581699,0.6201206756587986,0.0,0.0,0.003669724770642202,0.06319444444444444,0.14722222222222223
5cfcb9cd.qasm,128,qnn,0.8399734706616727,29.655923261712427,1,0.0,0.10108458177278404,0.05894194756554307,0.0,0.0,0.8399734706616727,0.0,0.0,0.0,0.0
5d14d092.qasm,45,qaoa,0.5079696551252977,5.676528611646248,1,0.0819767823922584,0.0,0.00522875816993464,0.5079696551252977,0.0,0.0,0.0,0.02357480431250923,0.38125,0.0
5d2b11a2.qasm,53,vqe_su2,0.39166666666666666,5.779342151985626,1,0.14914039095494952,0.0,0.00522875816993464,0.3895356162962747,0.0,0.0,0.004166666666666667,0.06026190124550781,0.39166666666666666,0.0
5d565485.qasm,53,vqe_su2,0.39166666666666666,5.779342151985626,1,0.14914039095494952,0.0,0.00522875816993464,0.3895356162962747,0.0,0.0,0.004166666666666667,0.06026190124550781,0.39166666666666666,0.0
5da1db4b.qasm,43,qaoa,0.503802988458631,5.303163864311019,1,0.0819767823922584,0.0,0.00522875816993464,0.503802988458631,0.0,0.0,0.0,0.027741470979175897,0.38125,0.0
5e3dc35d.qasm,8,graphstate,0.309512760607625,2.776256097722825,1,0.23268391648315798,0.04800249687890138,0.309512760607625,0.014675747348119576,0.13865450551805422,0.025780274656679147,0.016106965174129354,0.0,0.05625,0.15833333333333333
5e4c8439.qasm,20,qaoa,0.45083167698322124,5.289459441151973,1,0.1221407168184879,0.0,0.013562091503267974,0.45083167698322124,0.0,0.0,0.0,0.042632181361689565,0.37083333333333335,0.0
5e6b0a76.qasm,11,qaoa,0.37212979896070436,2.887423903236889,1,0.2568966321536555,0.0,0.0970140414962543,0.37212979896070436,0.02980131377639613,0.0,0.023980341209453675,0.0,0.14726120573686938,0.07291666666666667
5eaee29f.qasm,16,qft,0.611635411045152,2.4815458871520195,1,0.030845200602492125,0.0,0.11246219880987218,0.02214052287581699,0.611635411045152,0.0,0.0,0.0,0.06736111111111111,0.15555555555555556
5ed4dd47.qasm,7,arithmetic,0.3019950328408497,4.208350921983402,1,0.3019950328408497,0.05785601752405081,0.0964417267456804,0.06881111283916932,0.10046361867834566,0.02825374531835206,0.04224646275772011,0.0032786885245901644,0.1312091503267974,0.16944444444444443
5ee9c404.qasm,16,qpe,0.8177817434566299,0.922524514572061,0,0.0030515898767034394,0.015604575163398693,0.16356209150326795,0.0,0.0,0.0,0.8177817434566299,0.0,0.0,0.0
5ef5ff7c.qasm,53,qaoa,0.3874522829629414,6.106099704937117,1,0.1574737242882829,0.0,0.00522875816993464,0.3874522829629414,0.0,0.0,0.004166666666666667,0.06442856791217448,0.38125,0.0
5f0ad979.qasm,41,qaoa,0.503802988458631,5.338712183626135,1,0.0819767823922584,0.0,0.00522875816993464,0.503802988458631,0.0,0.0,0.0,0.027741470979175897,0.38125,0.0
5f39af5c.qasm,2,randomcircuit,0.3636273953256535,5.850979053201553,1,0.29268882609013075,0.0,0.03334027493302032,0.20072067374815455,0.021696735157288434,0.0,0.07359123236043143,0.3636273953256535,0.014334862385321102,0.0
5f6a8a9b.qasm,8,arithmetic,0.5039213669408293,3.696487603783527,1,0.5039213669408293,0.0,0.00522875816993464,0.38114889203052016,0.04764805789395954,0.0,0.007169214551078881,0.04446704374701067,0.010416666666666666,0.0
5f79d6db.qasm,41,qaoa,0.503802988458631,5.338712183626135,1,0.0819767823922584,0.0,0.00522875816993464,0.503802988458631,0.0,0.0,0.0,0.027741470979175897,0.38125,0.0
613afa2d.qasm,28,qaoa,0.48346659702132216,5.214739644715162,1,0.09486781863831044,0.0,0.00522875816993464,0.48346659702132216,0.0,0.0,0.0,0.035186826170432735,0.38125,0.0
622c4417.qasm,53,qaoa,0.3874522829629414,6.106099704937117,1,0.1574737242882829,0.0,0.00522875816993464,0.3874522829629414,0.0,0.0,0.004166666666666667,0.06442856791217448,0.38125,0.0
635bd24f.qasm,90,qaoa,0.3513903650968953,5.027723397243592,1,0.23087306868610039,0.0,0.11450468247000291,0.3513903650968953,0.05588235294117647,0.0,0.004018289728682171,0.011386796632698272,0.22777777777777777,0.004166666666666667
637811d8.qasm,49,qaoa,0.5088576332673742,6.53415734662645,1,0.0810888042501819,0.0,0.00522875816993464,0.5088576332673742,0.0,0.0,0.0,0.02357480431250923,0.38125,0.0
63aaa50d.qasm,32,qft,0.7791666666666667,0.9222082968252144,0,0.0,0.015604575163398693,0.18856209150326794,0.0,0.7791666666666667,0.0,0.004166666666666667,0.0,0.0,0.0125
64273f69.qasm,36,qaoa,0.48942112652450565,5.871019982407493,1,0.09635864432638384,0.0,0.00522875816993464,0.48942112652450565,0.0,0.0,0.0,0.027741470979175897,0.38125,0.0
6457f235.qasm,35,ghz,0.45529439303811414,2.269127874971589,1,0.004166666666666667,0.45529439303811414,0.15495061320408307,0.0010416666666666667,0.0,0.048088327091136085,0.0,0.0,0.041666666666666664,0.2947916666666667
64731b8d.qasm,51,qaoa,0.5088576332673742,5.931808813460688,1,0.0810888042501819,0.0,0.00522875816993464,0.5088576332673742,0.0,0.0,0.0,0.02357480431250923,0.38125,0.0
64f32748.qasm,49,qaoa,0.5088576332673742,6.53415734662645,1,0.0810888042501819,0.0,0.00522875816993464,0.5088576332673742,0.0,0.0,0.0,0.02357480431250923,0.38125,0.0
6533abd6.qasm,256,qpe,0.542976231499794,3.9271069103066982,1,0.2553261979688667,0.0,0.0,0.048087180568948895,0.055089896416035414,0.0,0.542976231499794,0.09107513835509823,0.0074453551912568305,0.0
65dcd512.qasm,32,qft,0.6272777266142174,0.9568581013079337,0,0.10000974102552519,0.015604575163398693,0.1907681723620838,0.019274299934040895,0.6272777266142174,0.0,0.028193057427389135,0.006372427473344905,0.0,0.0125
661be484.qasm,42,randomcircuit,0.9564475025484199,3.5887109472729275,1,0.03799694189602446,0.0,0.0,0.0013888888888888887,0.0,0.0,0.004166666666666667,0.9564475025484199,0.0,0.0
66343f14.qasm,6,graphstate,0.6077678063266504,4.650936839182364,1,0.013387978142076503,0.27066127129690826,0.6077678063266504,0.025092414014786242,0.0,0.07095817727840202,0.0,0.0,0.004166666666666667,0.007965686274509803
6694b099.qasm,2,randomcircuit,0.49904447323837225,6.713419392355464,1,0.22181521710740756,0.0,0.03334027493302032,0.19385130437878514,0.010767427263328903,0.0,0.026846440693764757,0.49904447323837225,0.014334862385321102,0.0
67346cae.qasm,7,ghz,0.6042355718036279,28.94416029757212,1,0.04533642964352077,0.6042355718036279,0.16531697230270478,0.07561728797263995,0.047875816993464056,0.010112359550561797,0.006492248062015505,0.0,0.025936516285844476,0.019076797385620913
6740a375.qasm,255,qnn,0.775,1.8533603227187188,0,0.0,0.17777777777777778,0.03333333333333333,0.0,0.0,0.775,0.0,0.0,0.0,0.01388888888888889
6785591a.qasm,27,wstate,0.9958333333333333,0.2668569423102952,0,0.0,0.0,0.0,0.0,0.0,0.0,0.0,0.0,0.004166666666666667,0.9958333333333333
67b5fe45.qasm,64,arithmetic,0.5802891005759857,2620.878835029419,1,0.5802891005759857,0.0,0.0010620915032679738,0.08856001010653854,0.0,0.0,0.0016927083333333334,0.2804794228142076,0.04791666666666667,0.0
67f3547d.qasm,16,wstate,0.5875,0.47860944640545133,0,0.0,0.3861111111111111,0.016666666666666666,0.0,0.0,0.00972222222222222,0.0,0.0,0.0,0.5875
68528bdf.qasm,16,arithmetic,0.2907887649059317,3.0167576590050773,1,0.2907887649059317,0.04175249687890137,0.24304749232977124,0.0031045751633986926,0.21454248366013073,0.023696941323345815,0.013121890547263681,0.0,0.03244535519125683,0.1375
699bd83c.qasm,256,arithmetic,0.4856874077387,326.49447002049834,1,0.4856874077387,0.0,0.023284313725490193,0.11217509006843758,0.0,0.0,0.06454307917775463,0.2288934426229508,0.08541666666666667,0.0
69c7223c.qasm,56,wstate,0.575,4.222168104062224,1,0.024972473697088327,0.0,0.15988453853227805,0.04425091074681239,0.01977124183006536,0.0,0.002985074626865672,0.0,0.17313576056689023,0.575
69c8191e.qasm,128,arithmetic,0.6347167649811086,11.96599710416258,1,0.6347167649811086,0.0,0.026062091503267975,0.15176594985729472,0.008392239434501429,0.0,0.02842098555189171,0.04944661348067876,0.0928620218579235,0.008333333333333333
69cf1b12.qasm,45,qaoa,0.5079696551252977,5.676528611646248,1,0.0819767823922584,0.0,0.00522875816993464,0.5079696551252977,0.0,0.0,0.0,0.02357480431250923,0.38125,0.0
69e799fa.qasm,43,qaoa,0.5079696551252977,5.461925678254643,1,0.0819767823922584,0.0,0.00522875816993464,0.5079696551252977,0.0,0.0,0.0,0.02357480431250923,0.38125,0.0
6a5034af.qasm,160,qft,0.8129897742656021,3.309051708643624,1,0.14738504540053718,0.0,0.01588767289861681,0.008455349560626201,0.8129897742656021,0.0,0.0016927083333333334,0.007339449541284404,0.004166666666666667,0.0020833333333333333
6bc3891b.qasm,8,arithmetic,0.5759632217167947,8.708520029604863,1,0.5759632217167947,0.0,0.023284313725490193,0.1112483436498879,0.0,0.0,0.06970535826198467,0.1343820959791759,0.08541666666666667,0.0
6c69bcc7.qasm,47,qaoa,0.5121363217919643,5.586224035997099,1,0.07781011572559174,0.0,0.00522875816993464,0.5121363217919643,0.0,0.0,0.0,0.02357480431250923,0.38125,0.0
6c848dc7.qasm,8,arithmetic,0.4942368257124898,0.8407108126532082,0,0.4942368257124898,0.0,0.0,0.015261608803870797,0.3270911072231101,0.0,0.14542600892926086,0.0179844493312684,0.0,0.0
6d2833ea.qasm,45,qaoa,0.5079696551252977,5.676528611646248,1,0.0819767823922584,0.0,0.00522875816993464,0.5079696551252977,0.0,0.0,0.0,0.02357480431250923,0.38125,0.0
6da6ce61.qasm,53,qaoa,0.38656430482086485,6.111386276373967,1,0.1583617024303594,0.0,0.00522875816993464,0.38656430482086485,0.0,0.0,0.004166666666666667,0.06442856791217448,0.38125,0.0
6de17b5a.qasm,256,graphstate,0.9667483660130718,2.300790932565517,1,0.008333333333333333,0.0031045751633986926,0.9667483660130718,0.018709150326797385,0.0,0.0,0.0,0.0,0.0031045751633986926,0.0
6ee18f92.qasm,25,ghz,0.7519038701622972,29.24327176592056,1,0.0008879781420765028,0.7519038701622972,0.09512371369427922,0.0074453551912568305,0.004166666666666667,0.1265605493133583,0.0,0.0,0.011828533496732026,0.0020833333333333333
6f16ddc6.qasm,10,arithmetic,0.28971790485383425,5.968650052359218,1,0.28971790485383425,0.0020833333333333333,0.13125304848307479,0.19661535438912697,0.06448221365048751,0.0020833333333333333,0.020401879352073906,0.0032786885245901644,0.23105646630236795,0.059027777777777776
6f6328cc.qasm,30,qaoa,0.48693673784681496,5.079298273646783,1,0.19428740753886853,0.0,0.06584987170848902,0.48693673784681496,0.07042483660130718,0.0,0.0023255813953488376,0.028980209717914637,0.15119535519125682,0.0
6fef948c.qasm,18,arithmetic,0.46807945478837587,3.8433826469377705,1,0.46807945478837587,0.0,0.0,0.10382298281888445,0.0,0.0,0.004018289728682171,0.3886626059973909,0.035416666666666666,0.0
700c376b.qasm,50,qaoa,0.5088576332673742,6.369182169925314,1,0.0810888042501819,0.0,0.00522875816993464,0.5088576332673742,0.0,0.0,0.0,0.02357480431250923,0.38125,0.0
7063be19.qasm,53,qaoa,0.3874522829629414,6.15790744163463,1,0.1574737242882829,0.0,0.00522875816993464,0.3874522829629414,0.0,0.0,0.004166666666666667,0.06442856791217448,0.38125,0.0
70d5d461.qasm,56,qaoa,0.41156430482086487,4.582144682268705,1,0.10689773846639541,0.0,0.05106209150326797,0.41156430482086487,0.0,0.0,0.025,0.11589253187613845,0.28958333333333336,0.0
711cdd0b.qasm,36,qaoa,0.47692112652450563,5.887509529555267,1,0.10557995580179368,0.0,0.00522875816993464,0.47692112652450563,0.0,0.0,0.0,0.031020159503766066,0.38125,0.0
72b5f996.qasm,64,graphstate,0.5109047887678486,6.990055056195344,1,0.11626532263919102,0.19830680399500625,0.5109047887678486,0.009313725490196077,0.055495285545912355,0.08543915693618272,0.022191583292329564,0.0,0.0,0.0020833333333333333
72cc2f13.qasm,36,qaoa,0.4877913927712127,5.465746758756317,1,0.23859611140483944,0.0,0.02336601307189542,0.4877913927712127,0.0,0.0,0.01745498223514212,0.20987483385024366,0.022916666666666665,0.0
72d8892d.qasm,64,graphstate,0.9438725490196077,1.4870481011650358,0,0.016666666666666666,0.0031045751633986926,0.9438725490196077,0.033251633986928104,0.0,0.0,0.0,0.0,0.0031045751633986926,0.0
73191d24.qasm,15,qaoa,0.5388287451785986,2.564448935683123,1,0.2190502757612795,0.0,0.0244281045751634,0.5388287451785986,0.0,0.0,0.1012994318620078,0.03394808743169399,0.08244535519125683,0.0
7337baba.qasm,2,graphstate,0.530350689198616,6.363668929764304,1,0.015467624705295483,0.17773302673129174,0.530350689198616,0.0179968341503268,0.09538599592842603,0.1522345689212014,0.005970149253731344,0.0,0.0,0.00486111111111111
733f4518.qasm,48,arithmetic,0.35824338921460536,4.070673870272213,1,0.35824338921460536,0.0,0.0010620915032679738,0.29952097106749953,0.0,0.0,0.0023255813953488376,0.31593130015261156,0.022916666666666665,0.0
73f498a0.qasm,16,arithmetic,0.5752924865117163,18.578249128425984,1,0.5752924865117163,0.0,0.023284313725490193,0.1139510463525906,0.0,0.0,0.058535327239770146,0.14352015950376604,0.08541666666666667,0.0
742bfb51.qasm,97,qaoa,0.3296112762546238,13.774660879631133,1,0.19929379440999478,0.0,0.01772875816993464,0.3296112762546238,0.0,0.0,0.0023255813953488376,0.12276190124550783,0.3282786885245902,0.0
749ea355.qasm,256,graphstate,0.5442381221011819,7.979330824488483,1,0.11626532263919102,0.17539013732833958,0.5442381221011819,0.009313725490196077,0.055495285545912355,0.07502249026951605,0.022191583292329564,0.0,0.0,0.0020833333333333333
7513561e.qasm,53,vqe_su2,0.39166666666666666,5.779342151985626,1,0.14914039095494952,0.0,0.00522875816993464,0.3895356162962747,0.0,0.0,0.004166666666666667,0.06026190124550781,0.39166666666666666,0.0
75137edd.qasm,32,qft,0.6159540089921319,2.6975315479750055,1,0.02235993598884558,0.0,0.11662886547653885,0.02214052287581699,0.6159540089921319,0.0,0.0,0.0,0.06736111111111111,0.15555555555555556
751d7ced.qasm,50,qaoa,0.513024299934041,5.708979778838667,1,0.07692213758351524,0.0,0.00522875816993464,0.513024299934041,0.0,0.0,0.0,0.02357480431250923,0.38125,0.0
752a65aa.qasm,43,qaoa,0.5079696551252977,5.461493760854271,1,0.0819767823922584,0.0,0.00522875816993464,0.5079696551252977,0.0,0.0,0.0,0.02357480431250923,0.38125,0.0
7548d858.qasm,16,qaoa,0.40581124671688934,5.2699749973430805,1,0.14918066660433935,0.0,0.013562091503267974,0.40581124671688934,0.0,0.0,0.0,0.06269599517550338,0.36875,0.0
758554e0.qasm,16,vqe_su2,0.4616120218579235,670.3066635878256,1,0.17467885979936384,0.0,0.12496219880987218,0.14119789992499734,0.08504901960784313,0.0,0.0,0.008333333333333333,0.4616120218579235,0.004166666666666667
75bd5cbf.qasm,65,wstate,0.36875,5.028907348938108,1,0.0125,0.20905353831607548,0.21303787315487993,0.020465686274509804,0.0,0.009808052434456928,0.0,0.0,0.16638484982007784,0.36875
76034335.qasm,16,graphstate,0.9906862745098038,1.3303983990230073,0,0.0,0.0031045751633986926,0.9906862745098038,0.006209150326797385,0.0,0.0,0.0,0.0,0.0,0.0
76d0b692.qasm,66,qaoa,0.4596459679346114,5.83174243811134,1,0.26805639196923065,0.0,0.0369281045751634,0.4596459679346114,0.0,0.0,0.02044005686200779,0.20659614532565349,0.008333333333333333,0.0
77a3a480.qasm,39,qaoa,0.4996363217919644,5.679200358798638,1,0.08614344905892507,0.0,0.00522875816993464,0.4996363217919644,0.0,0.0,0.0,0.027741470979175897,0.38125,0.0
78adf5c7.qasm,112,graphstate,0.4521827113126261,4.133808358643046,1,0.014569570181877498,0.20536100324961443,0.4521827113126261,0.01994535519125683,0.00727124183006536,0.014840823970037453,0.0,0.0,0.09832929426452228,0.1875
78f96e37.qasm,32,qaoa,0.46491806842053013,5.363733769404201,1,0.11341634723910254,0.0,0.00522875816993464,0.46491806842053013,0.0,0.0,0.0,0.035186826170432735,0.38125,0.0
79b12d71.qasm,43,qaoa,0.503802988458631,5.303163864311019,1,0.0819767823922584,0.0,0.00522875816993464,0.503802988458631,0.0,0.0,0.0,0.027741470979175897,0.38125,0.0
7a0c7e70.qasm,48,randomcircuit,0.9559505606523955,2.3891481037774236,1,0.038493883792048926,0.0,0.0,0.0013888888888888887,0.0,0.0,0.004166666666666667,0.9559505606523955,0.0,0.0
7a1c98cc.qasm,17,graphstate,0.682368161437171,1.8760198442412401,0,0.08310368283055362,0.00727124183006536,0.682368161437171,0.09756635854755433,0.048049930354655525,0.0,0.0,0.0,0.010807291666666666,0.07083333333333333
7a79f013.qasm,256,arithmetic,0.48018725295010367,326.04920223688106,1,0.48018725295010367,0.004166666666666667,0.01772875816993464,0.1739923761044736,0.005362021857923497,0.0,0.03653277037776236,0.10703015387313546,0.17291666666666666,0.0020833333333333333
7aad2132.qasm,53,qaoa,0.38656430482086485,6.1357971329521614,1,0.1583617024303594,0.0,0.00522875816993464,0.38656430482086485,0.0,0.0,0.004166666666666667,0.06442856791217448,0.38125,0.0
7afdbe61.qasm,28,qaoa,0.46230438490563847,3.703748425654209,1,0.17072501079214086,0.0,0.10829553214320552,0.46230438490563847,0.062091503267973844,0.0,0.0023255813953488376,0.024813543051247968,0.16944444444444443,0.0
7b19558f.qasm,128,qft,0.6380274078321331,3.177999598670985,1,0.11143380327131512,0.029166666666666667,0.1908876728986168,0.008455349560626201,0.6380274078321331,0.0,0.0016927083333333334,0.003669724770642202,0.004166666666666667,0.0125
7bab61ca.qasm,128,wstate,0.6743055555555556,0.9872732661024284,0,0.0,0.18229166666666666,0.020833333333333332,0.0,0.0,0.1204861111111111,0.0,0.0,0.0020833333333333333,0.6743055555555556
7be7d477.qasm,53,qaoa,0.38656430482086485,6.08545718442965,1,0.1583617024303594,0.0,0.00522875816993464,0.38656430482086485,0.0,0.0,0.004166666666666667,0.06442856791217448,0.38125,0.0
7bf0f1bc.qasm,49,qaoa,0.513024299934041,5.636722959122774,1,0.07692213758351524,0.0,0.00522875816993464,0.513024299934041,0.0,0.0,0.0,0.02357480431250923,0.38125,0.0
7c9f6bae.qasm,50,qaoa,0.513024299934041,5.708979778838667,1,0.07692213758351524,0.0,0.00522875816993464,0.513024299934041,0.0,0.0,0.0,0.02357480431250923,0.38125,0.0
7d6d9a38.qasm,53,qaoa,0.38656430482086485,6.344720971027495,1,0.1583617024303594,0.0,0.00522875816993464,0.38656430482086485,0.0,0.0,0.004166666666666667,0.06442856791217448,0.38125,0.0
7db40afb.qasm,3,graphstate,0.39934882503578334,2.45858130096747,1,0.027655996035457858,0.3345879690827642,0.39934882503578334,0.036796849887495986,0.03244535519125683,0.1554414977601527,0.010251284784866874,0.0,0.0,0.003472222222222222
7fdad0c4.qasm,53,qaoa,0.3874522829629414,6.15790744163463,1,0.1574737242882829,0.0,0.00522875816993464,0.3874522829629414,0.0,0.0,0.004166666666666667,0.06442856791217448,0.38125,0.0
81af3d74.qasm,14,graphstate,0.5834050025161387,5.195508220968484,1,0.138024236798854,0.15762563569435262,0.5834050025161387,0.010876727740276438,0.055495285545912355,0.016362359550561797,0.026078399212727577,0.0,0.008660130718954247,0.003472222222222222
81f388c7.qasm,16,qft,0.7576947327411471,0.9311311691320584,0,0.017311014733753485,0.015604575163398693,0.1802287581699346,0.0,0.7576947327411471,0.0,0.013958216489063376,0.002702702702702703,0.0,0.0125
81fdeb0a.qasm,3,wstate,0.27986111111111106,2.834637868673882,1,0.12036909314892082,0.034634556069618856,0.17759743739010517,0.15890096537854567,0.13401501225490195,0.005251248439450686,0.06610413421388167,0.0,0.023266441993464053,0.27986111111111106
827a3442.qasm,3,qft,0.4541632752893595,2.142400807861172,1,0.07972426168686361,0.0,0.11763446881435935,0.06667329093799683,0.4541632752893595,0.0,0.07833248104919857,0.0,0.009027777777777777,0.19444444444444445
82b89c68.qasm,58,qaoa,0.4391191094662647,4.062796370243322,1,0.15625018999345425,0.0,0.11725948230660421,0.4391191094662647,0.05898692810457516,0.0,0.004651162790697675,0.010148057893959533,0.20941840277777776,0.004166666666666667
831c33e1.qasm,53,qaoa,0.38656430482086485,6.08545718442965,1,0.1583617024303594,0.0,0.00522875816993464,0.38656430482086485,0.0,0.0,0.004166666666666667,0.06442856791217448,0.38125,0.0
8335b01d.qasm,23,ghz,0.9645833333333333,0.09616617136167398,0,0.0,0.9645833333333333,0.004166666666666667,0.0,0.0,0.03125,0.0,0.0,0.0,0.0
834596bc.qasm,128,arithmetic,0.5033953320894965,130.58362574761253,1,0.5033953320894965,0.0,0.008333333333333333,0.1344611399050389,0.0,0.0,0.06588541666666667,0.22542477800546445,0.0625,0.0
83b22dc5.qasm,24,qaoa,0.4688832636879888,5.380049715319626,1,0.10736781863831044,0.0,0.013562091503267974,0.4688832636879888,0.0,0.0,0.0,0.0393534928370994,0.37083333333333335,0.0
8400dcc1.qasm,256,qnn,0.775,1.8602280364999932,0,0.0,0.17777777777777778,0.03333333333333333,0.0,0.0,0.775,0.0,0.0,0.0,0.01388888888888889
8422040e.qasm,65,ghz,0.771875,0.031877090468411556,0,0.0,0.771875,0.0,0.0,0.0,0.22673611111111114,0.0,0.0,0.0,0.0013888888888888887
84fe3fba.qasm,34,qaoa,0.49612472610454605,5.1200379150595285,1,0.24187479992942956,0.0,0.02336601307189542,0.49612472610454605,0.0,0.0,0.01745498223514212,0.2024294786589868,0.01875,0.0
85317608.qasm,32,vqe_su2,1.0,0.024716651428343096,0,0.0,0.0,0.0,0.0,0.0,0.0,0.0,0.0,1.0,0.0
85863407.qasm,47,qaoa,0.5079696551252977,5.403117294779366,1,0.0819767823922584,0.0,0.00522875816993464,0.5079696551252977,0.0,0.0,0.0,0.02357480431250923,0.38125,0.0
860cc392.qasm,47,qaoa,0.5079696551252977,5.403117294779366,1,0.0819767823922584,0.0,0.00522875816993464,0.5079696551252977,0.0,0.0,0.0,0.02357480431250923,0.38125,0.0
86464ad3.qasm,8,qft,0.5375971460030108,2.1119381503019663,1,0.11371916829675424,0.0,0.11895444687188769,0.0190359477124183,0.5375971460030108,0.0,0.008609957782595715,0.0,0.06736111111111111,0.13472222222222224
871618c1.qasm,32,qaoa,0.4810877931911723,5.385963509483289,1,0.10141328913512701,0.0,0.00522875816993464,0.4810877931911723,0.0,0.0,0.0,0.031020159503766066,0.38125,0.0
8732dc00.qasm,64,vqe_su2,0.99375,0.0,0,0.0,0.0,0.0,0.0,0.0,0.0,0.0,0.0,0.99375,0.00625
884b47f6.qasm,56,qaoa,0.4157309714875315,4.653130052022696,1,0.10689773846639541,0.0,0.0468954248366013,0.4157309714875315,0.0,0.0,0.025,0.11589253187613845,0.28958333333333336,0.0
885efe5b.qasm,24,qaoa,0.4688832636879888,5.380898905202509,1,0.10736781863831044,0.0,0.013562091503267974,0.4688832636879888,0.0,0.0,0.0,0.0393534928370994,0.37083333333333335,0.0
8930abda.qasm,128,qnn,0.7881944444444445,0.9346767506395818,0,0.0,0.18125,0.020833333333333332,0.0,0.0,0.7881944444444445,0.0,0.0,0.0,0.009722222222222222
896404d8.qasm,34,qaoa,0.49612472610454605,5.116078617628548,1,0.24604146659609627,0.0,0.02336601307189542,0.49612472610454605,0.0,0.0,0.01745498223514212,0.2024294786589868,0.014583333333333334,0.0
8a146ce3.qasm,30,randomcircuit,0.9625,2.4652833357435586,1,0.0375,0.0,0.0,0.0,0.0,0.0,0.0,0.9625,0.0,0.0
8a1c1c3f.qasm,8,vqe_su2,0.9958333333333333,0.06229589904297697,0,0.0,0.0,0.0,0.0,0.0,0.0,0.0,0.0,0.9958333333333333,0.004166666666666667
8a2ab626.qasm,53,vqe_su2,0.39166666666666666,5.763469974817662,1,0.14914039095494952,0.0,0.00522875816993464,0.3895356162962747,0.0,0.0,0.004166666666666667,0.06026190124550781,0.39166666666666666,0.0
8b77bf87.qasm,256,vqe_su2,0.9791666666666666,1.9188214269802786,0,0.0,0.0,0.0,0.0,0.0,0.0,0.0,0.0,0.9791666666666666,0.020833333333333332
8bd576fc.qasm,56,qaoa,0.41156430482086487,4.582144682268705,1,0.10689773846639541,0.0,0.05106209150326797,0.41156430482086487,0.0,0.0,0.025,0.11589253187613845,0.28958333333333336,0.0
8c01a935.qasm,115,ghz,0.37668866352720853,3.4572030128308233,1,0.004166666666666667,0.37668866352720853,0.1468366173716677,0.004166666666666667,0.0,0.013974719101123596,0.0,0.0,0.14583333333333334,0.30833333333333335
8d5010bc.qasm,16,graphstate,0.500488122101182,6.1915894195403105,1,0.12043198930585769,0.19726513732833958,0.500488122101182,0.009313725490196077,0.055495285545912355,0.09481415693618271,0.02010824995899623,0.0,0.0,0.0020833333333333333
8d9d4033.qasm,20,qaoa,0.44666501031655453,5.288342952626827,1,0.1221407168184879,0.0,0.013562091503267974,0.44666501031655453,0.0,0.0,0.0,0.04679884802835624,0.37083333333333335,0.0
8e84b85a.qasm,8,arithmetic,0.3028412434945345,13.0558971044735,1,0.3028412434945345,0.004166666666666667,0.05947712418300652,0.11422533535826088,0.16952099572752596,0.0,0.016396532960199005,0.0384267464185497,0.29494535519125686,0.0
8e9564e3.qasm,41,qaoa,0.503802988458631,5.338230931232445,1,0.0819767823922584,0.0,0.00522875816993464,0.503802988458631,0.0,0.0,0.0,0.027741470979175897,0.38125,0.0
8f4e1b64.qasm,36,qaoa,0.4877913927712127,5.465750055493787,1,0.23859611140483944,0.0,0.02336601307189542,0.4877913927712127,0.0,0.0,0.01745498223514212,0.20987483385024366,0.022916666666666665,0.0
8f564e3e.qasm,53,qaoa,0.3874522829629414,6.15790744163463,1,0.1574737242882829,0.0,0.00522875816993464,0.3874522829629414,0.0,0.0,0.004166666666666667,0.06442856791217448,0.38125,0.0
8f8fbcbd.qasm,58,randomcircuit,0.9559505606523955,2.4109124982264336,1,0.038493883792048926,0.0,0.0,0.0013888888888888887,0.0,0.0,0.004166666666666667,0.9559505606523955,0.0,0.0
8fb9e9ac.qasm,63,qaoa,0.5222276672810167,2.945969066545463,1,0.2074705472645188,0.0,0.05629084967320261,0.5222276672810167,0.0,0.0,0.016518289728682172,0.18499264605257984,0.0125,0.0
9143d50f.qasm,256,arithmetic,0.6228111292254608,12.889959678263596,1,0.6228111292254608,0.0,0.026062091503267975,0.16576868209773188,0.008392239434501429,0.0,0.025435910925026037,0.050334591622755255,0.0928620218579235,0.008333333333333333
917fa943.qasm,56,qaoa,0.4524180684205301,4.183287830948716,1,0.09382175264450796,0.0,0.0718954248366013,0.4524180684205301,0.0,0.0,0.016666666666666666,0.07561475409836066,0.28958333333333336,0.0
92f98bb3.qasm,12,qaoa,0.43833167698322123,4.349528215553703,1,0.1444380141157852,0.0,0.021895424836601306,0.43833167698322123,0.0,0.0,0.0,0.06616821739772562,0.32916666666666666,0.0
933b305c.qasm,45,qaoa,0.5079696551252977,5.676528611646248,1,0.0819767823922584,0.0,0.00522875816993464,0.5079696551252977,0.0,0.0,0.0,0.02357480431250923,0.38125,0.0
93865be7.qasm,4,qnn,0.8608068039950061,29.00537303005324,1,0.0,0.0802512484394507,0.05894194756554307,0.0,0.0,0.8608068039950061,0.0,0.0,0.0,0.0
9395edc6.qasm,13,arithmetic,0.31291349376587524,1.773554896173357,0,0.31291349376587524,0.028495200163398692,0.24225230295769995,0.29971146864077186,0.041804371880371664,0.0020833333333333333,0.02998809314743817,0.0,0.010112847222222221,0.03263888888888889
93c78575.qasm,51,qaoa,0.513024299934041,5.978974427548672,1,0.07692213758351524,0.0,0.00522875816993464,0.513024299934041,0.0,0.0,0.0,0.02357480431250923,0.38125,0.0
9429600a.qasm,49,qaoa,0.513024299934041,5.636722959122774,1,0.07692213758351524,0.0,0.00522875816993464,0.513024299934041,0.0,0.0,0.0,0.02357480431250923,0.38125,0.0
94f4e26a.qasm,53,qaoa,0.38656430482086485,6.111386276373967,1,0.1583617024303594,0.0,0.00522875816993464,0.38656430482086485,0.0,0.0,0.004166666666666667,0.06442856791217448,0.38125,0.0
950704f2.qasm,128,qpe,0.7522038246268657,3.15711008612871,1,0.037675801695388304,0.028104575163398694,0.1593954248366013,0.012393271857923497,0.0,0.0,0.7522038246268657,0.01022710181982253,0.0,0.0
954ad251.qasm,2,graphstate,0.2997390083555871,5.637725498917601,1,0.08860023510908982,0.04275635464860101,0.2997390083555871,0.05856055964052287,0.24830790209293,0.010806803995006243,0.030262539136940787,0.0,0.010049019607843136,0.21091757741347905
957c248b.qasm,32,qpe,0.8147966688297643,0.9028941817506031,0,0.0018699978369024442,0.015604575163398693,0.16772875816993463,0.0,0.0,0.0,0.8147966688297643,0.0,0.0,0.0
964382be.qasm,53,qaoa,0.38656430482086485,6.111386276373967,1,0.1583617024303594,0.0,0.00522875816993464,0.38656430482086485,0.0,0.0,0.004166666666666667,0.06442856791217448,0.38125,0.0
965eb08c.qasm,43,qaoa,0.503802988458631,5.303163864311019,1,0.0819767823922584,0.0,0.00522875816993464,0.503802988458631,0.0,0.0,0.0,0.027741470979175897,0.38125,0.0
96876fa5.qasm,16,arithmetic,0.47228488973151567,422.25967726508935,1,0.47228488973151567,0.0,0.0010620915032679738,0.15820616112435965,0.0,0.0,0.004018289728682171,0.3560952345788412,0.008333333333333333,0.0
96f82da7.qasm,256,graphstate,0.6079655946487544,10.679006446299963,1,0.0392412935323383,0.24375461853748986,0.6079655946487544,0.05549683415032679,0.0031045751633986926,0.03441791510611735,0.005970149253731344,0.0,0.0031045751633986926,0.006944444444444444
981d8651.qasm,128,qnn,0.7715277777777778,0.9363329924084081,0,0.0,0.19791666666666666,0.020833333333333332,0.0,0.0,0.7715277777777778,0.0,0.0,0.0,0.009722222222222222
9a442b56.qasm,90,qaoa,0.3513903650968953,5.027382414919117,1,0.23087306868610039,0.0,0.11450468247000291,0.3513903650968953,0.06004901960784314,0.0,0.004018289728682171,0.011386796632698272,0.2236111111111111,0.004166666666666667
9c6b6510.qasm,256,arithmetic,0.6241898971463568,4.224773157450149,1,0.6241898971463568,0.0,0.004166666666666667,0.1990832415148454,0.0,0.0,0.0016927083333333334,0.05628415300546449,0.11458333333333333,0.0
9ccf974e.qasm,9,graphstate,0.46234923747664347,3.4133155998116282,1,0.17331646191459782,0.05898606750752735,0.46234923747664347,0.12266441156380586,0.04175908068145291,0.00950374531835206,0.010647932213930348,0.0,0.0311897299903568,0.08958333333333333
9d76010e.qasm,78,ghz,0.5315972222222222,0.2702178486431374,0,0.0,0.5315972222222222,0.004166666666666667,0.0,0.0,0.45868055555555554,0.0,0.0,0.0,0.005555555555555555
9d7cbc78.qasm,12,qaoa,0.43833167698322123,4.349528215553703,1,0.1444380141157852,0.0,0.021895424836601306,0.43833167698322123,0.0,0.0,0.0,0.06616821739772562,0.32916666666666666,0.0
9d7e60b6.qasm,256,arithmetic,0.5142341922444374,12.886880566174261,1,0.5142341922444374,0.02582525519571124,0.04435448336638026,0.1663293606041071,0.001834862385321101,0.0,0.03621033740374357,0.07357824511231038,0.10744535519125684,0.030187908496732026
9e3be92a.qasm,128,qpe,0.7522038246268657,3.1571174907186466,1,0.037675801695388304,0.028104575163398694,0.1593954248366013,0.012393271857923497,0.0,0.0,0.7522038246268657,0.01022710181982253,0.0,0.0
9ea3bed5.qasm,2,randomcircuit,0.49487780657170555,6.261175347952577,1,0.22598188377407424,0.0,0.03334027493302032,0.19385130437878514,0.010767427263328903,0.0,0.026846440693764757,0.49487780657170555,0.014334862385321102,0.0
9f744e04.qasm,30,randomcircuit,0.9620030581039756,1.8152276037676291,0,0.03799694189602446,0.0,0.0,0.0,0.0,0.0,0.0,0.9620030581039756,0.0,0.0
a0a79499.qasm,16,qpe,0.6305690757026926,0.5759854723676899,0,0.1952234226766219,0.0,0.0,0.01108097610628951,0.06816588223792289,0.0,0.6305690757026926,0.09496064327647319,0.0,0.0
a0b53b67.qasm,64,graphstate,0.39665032679738566,2.1685109827336624,1,0.14533507830754525,0.015604575163398693,0.39665032679738566,0.30376005738869893,0.01413429758799124,0.0,0.040791706421646846,0.0,0.004557291666666667,0.07916666666666666
a169a3ba.qasm,39,qaoa,0.4996363217919644,5.6796613657713095,1,0.08614344905892507,0.0,0.00522875816993464,0.4996363217919644,0.0,0.0,0.0,0.027741470979175897,0.38125,0.0
a1b3d3aa.qasm,32,arithmetic,0.46111272235015904,36.96623328431483,1,0.46111272235015904,0.004166666666666667,0.01772875816993464,0.21718611686122902,0.03853355867040017,0.0,0.02430939482702473,0.061962782454585745,0.17083333333333334,0.004166666666666667
a1bc8d56.qasm,20,qaoa,0.4647165970213222,5.177617982662809,1,0.1124224634470536,0.0,0.013562091503267974,0.4647165970213222,0.0,0.0,0.0,0.0384655146950229,0.37083333333333335,0.0
a3cb01ca.qasm,24,qaoa,0.4688832636879888,5.381748978453401,1,0.10736781863831044,0.0,0.013562091503267974,0.4688832636879888,0.0,0.0,0.0,0.0393534928370994,0.37083333333333335,0.0
a409aaa1.qasm,32,arithmetic,0.566959153178383,38.2898239910639,1,0.566959153178383,0.0,0.023284313725490193,0.1139510463525906,0.0,0.0,0.06270199390643681,0.14768682617043272,0.08541666666666667,0.0
a440a477.qasm,26,wstate,0.325,3.518869400490059,1,0.029421512287917964,0.16298336867518545,0.3054304898247801,0.027141521946247117,0.008333333333333333,0.013366104868913858,0.0,0.0,0.12832366906362228,0.325
a44fdc9f.qasm,127,arithmetic,0.5175919246948906,11.981550717009915,1,0.5175919246948906,0.02582525519571124,0.04435448336638026,0.16379649616960573,0.0,0.0,0.03451762907041023,0.07628094781501309,0.10744535519125684,0.030187908496732026
a4f95806.qasm,16,vqe_su2,0.9979166666666667,0.0,0,0.0,0.0,0.0,0.0,0.0,0.0,0.0,0.0,0.9979166666666667,0.0020833333333333333
a75c691c.qasm,28,qaoa,0.46230438490563847,3.704246221747317,1,0.17072501079214086,0.0,0.10829553214320552,0.46230438490563847,0.062091503267973844,0.0,0.0023255813953488376,0.024813543051247968,0.16944444444444443,0.0
a8818670.qasm,32,ghz,0.98921568627451,0.037739515182939436,0,0.0,0.98921568627451,0.0010620915032679738,0.0,0.0,0.00972222222222222,0.0,0.0,0.0,0.0
a8b40b61.qasm,43,qaoa,0.503802988458631,5.303163864311019,1,0.0819767823922584,0.0,0.00522875816993464,0.503802988458631,0.0,0.0,0.0,0.027741470979175897,0.38125,0.0
a8dfab96.qasm,20,qaoa,0.45083167698322124,5.287411993504392,1,0.1221407168184879,0.0,0.013562091503267974,0.45083167698322124,0.0,0.0,0.0,0.042632181361689565,0.37083333333333335,0.0
a9091180.qasm,49,qaoa,0.513024299934041,5.636722959122774,1,0.07692213758351524,0.0,0.00522875816993464,0.513024299934041,0.0,0.0,0.0,0.02357480431250923,0.38125,0.0
aa41f5f1.qasm,51,qaoa,0.5088576332673742,5.931808813460688,1,0.0810888042501819,0.0,0.00522875816993464,0.5088576332673742,0.0,0.0,0.0,0.02357480431250923,0.38125,0.0
aac529b2.qasm,128,qpe,0.555476231499794,3.184935678358535,1,0.24282619796886667,0.0,0.0,0.048087180568948895,0.055089896416035414,0.0,0.555476231499794,0.09107513835509823,0.0074453551912568305,0.0
aaf05f5c.qasm,28,qaoa,0.47325140175386343,5.314604709054686,1,0.10508301390576921,0.0,0.00522875816993464,0.47325140175386343,0.0,0.0,0.0,0.035186826170432735,0.38125,0.0
ab65fd24.qasm,53,qaoa,0.38656430482086485,6.1357971329521614,1,0.1583617024303594,0.0,0.00522875816993464,0.38656430482086485,0.0,0.0,0.004166666666666667,0.06442856791217448,0.38125,0.0
ab8a1b3c.qasm,56,qaoa,0.41156430482086487,4.433785960784353,1,0.10689773846639541,0.0,0.05106209150326797,0.41156430482086487,0.0,0.0,0.025,0.11589253187613845,0.28958333333333336,0.0
ab964bf6.qasm,28,qaoa,0.47325140175386343,5.314604709054686,1,0.10508301390576921,0.0,0.00522875816993464,0.47325140175386343,0.0,0.0,0.0,0.035186826170432735,0.38125,0.0
aceda861.qasm,256,wstate,0.6784722222222223,1.8937127511393965,0,0.0,0.0625,0.016666666666666666,0.0,0.0,0.24027777777777778,0.0,0.0,0.0020833333333333333,0.6784722222222223
ad2439c7.qasm,53,qaoa,0.38656430482086485,6.063633512175211,1,0.1583617024303594,0.0,0.00522875816993464,0.38656430482086485,0.0,0.0,0.004166666666666667,0.06442856791217448,0.38125,0.0
ad74d7c1.qasm,32,arithmetic,0.6266412730322688,29.665159180559275,1,0.6266412730322688,0.0,0.009395424836601307,0.21378056236986745,0.02114071038251366,0.0,0.019781949626865674,0.03842674641854969,0.07083333333333333,0.0
aed3c1af.qasm,43,qaoa,0.5079696551252977,5.461925678254643,1,0.0819767823922584,0.0,0.00522875816993464,0.5079696551252977,0.0,0.0,0.0,0.02357480431250923,0.38125,0.0
af2659f0.qasm,4,wstate,0.33574346405228755,1.7586877943126926,0,0.0634903488091769,0.00588235294117647,0.17236873994000584,0.17621625173570388,0.026715686274509803,0.0027777777777777775,0.011940298507462688,0.0,0.20486507996189904,0.33574346405228755
af88ad19.qasm,17,vqe_su2,0.5928620218579236,36.61707945042869,1,0.19668376807063678,0.004166666666666667,0.045915032679738545,0.0903578279336032,0.04772313296903461,0.0,0.0014582164890633764,0.0,0.5928620218579236,0.020833333333333332
af8b17d0.qasm,4,ghz,0.701275749063671,1.009321915079469,0,0.0,0.701275749063671,0.04544319600499378,0.0,0.0,0.24703105493133556,0.0,0.0,0.0,0.0062499999999999995
b06c81ca.qasm,36,qaoa,0.47692112652450563,5.887509529555267,1,0.10557995580179368,0.0,0.00522875816993464,0.47692112652450563,0.0,0.0,0.0,0.031020159503766066,0.38125,0.0
b11883af.qasm,8,arithmetic,0.4331320519275796,95.75460995591968,1,0.4331320519275796,0.0,0.0,0.13514805789395953,0.0,0.0,0.011736353158304088,0.4199835370201567,0.0,0.0
b1ea1d60.qasm,128,vqe_su2,0.9791666666666666,0.9777783950377731,0,0.0,0.0,0.0,0.0,0.0,0.0,0.0,0.0,0.9791666666666666,0.020833333333333332
b2346111.qasm,20,vqe_su2,0.33732944424354444,2512.5037485590724,1,0.23625211338081412,0.0,0.09127909014974146,0.17817756884174435,0.1426470588235294,0.0,0.004166666666666667,0.010148057893959533,0.33732944424354444,0.0
b38d732e.qasm,29,qft,0.9777595645476874,0.3180615660638134,0,0.0008419525117357175,0.0,0.00522875816993464,0.0020833333333333333,0.9777595645476874,0.0,0.008333333333333333,0.003669724770642202,0.0,0.0020833333333333333
b469b640.qasm,4,qaoa,0.40700198663713744,6.193627008932611,1,0.19779106216955764,0.0,0.0010620915032679738,0.40700198663713744,0.0,0.0,0.0023255813953488376,0.15609523457884114,0.23572404371584701,0.0
b4976343.qasm,32,arithmetic,0.5615558365120601,9.623012220195642,1,0.5615558365120601,0.0,0.026062091503267975,0.2313789093043363,0.019164189301030796,0.0,0.03523395149021747,0.025409666697830336,0.0928620218579235,0.008333333333333333
b4c090da.qasm,18,vqe_su2,0.3965277777777778,6.532521227804002,1,0.1889376625327524,0.008029026217228464,0.08807081304208193,0.12201787327004379,0.03850182149362477,0.0038623595505617976,0.006135999449262382,0.008333333333333333,0.3965277777777778,0.13958333333333334
b5baa095.qasm,83,ghz,0.7602372034956306,29.336157946291365,1,0.0008879781420765028,0.7602372034956306,0.09653558052434456,0.0074453551912568305,0.004166666666666667,0.12239388264669165,0.0,0.0,0.00625,0.0020833333333333333
b5be0645.qasm,21,qaoa,0.3671112762546238,11.447386840831234,1,0.1829654807742088,0.0,0.026062091503267975,0.3671112762546238,0.0,0.0,0.004651162790697675,0.1459859449613548,0.2711407103825137,0.0020833333333333333
b601af0f.qasm,7,arithmetic,0.5008704249120198,1.528226802884285,0,0.5008704249120198,0.0,0.008333333333333333,0.012697091302367942,0.03850251932845876,0.0,0.039304989088527885,0.3850138642575145,0.015277777777777777,0.0
b630efea.qasm,24,qaoa,0.46283473508719675,5.465287240077083,1,0.11758301390576921,0.0,0.013562091503267974,0.46283473508719675,0.0,0.0,0.0,0.035186826170432735,0.37083333333333335,0.0
b680d160.qasm,51,qaoa,0.5088576332673742,5.931808813460688,1,0.0810888042501819,0.0,0.00522875816993464,0.5088576332673742,0.0,0.0,0.0,0.02357480431250923,0.38125,0.0
b7694c8e.qasm,88,qaoa,0.4839581477614971,4.023256139663005,1,0.13352308817363168,0.0,0.12142614897327088,0.4839581477614971,0.06226561662916532,0.0,0.006343871124031009,0.005981391227292867,0.18233506944444444,0.004166666666666667
b792cc98.qasm,3,graphstate,0.25088953027256394,4.654270448177966,1,0.10249558269053534,0.06838441837409119,0.25088953027256394,0.13485567060615042,0.04953479086306655,0.045876248439450686,0.048253079375356805,0.0,0.23096067937878514,0.06875
b97c72bf.qasm,32,arithmetic,0.5575048520572256,3.5243430677652428,1,0.5575048520572256,0.0,0.0,0.2834779488631924,0.005362021857923497,0.0,0.0046777829601990055,0.034394060928126205,0.11458333333333333,0.0
b9ba0e84.qasm,56,qaoa,0.47286433435859926,4.931811513170485,1,0.10393104226199429,0.0,0.03022875816993464,0.47286433435859926,0.0,0.0,0.020833333333333332,0.10755919854280512,0.26458333333333334,0.0
ba0c09b8.qasm,47,qaoa,0.5079696551252977,5.403117294779366,1,0.0819767823922584,0.0,0.00522875816993464,0.5079696551252977,0.0,0.0,0.0,0.02357480431250923,0.38125,0.0
bb291a8b.qasm,51,qaoa,0.513024299934041,5.978974427548672,1,0.07692213758351524,0.0,0.00522875816993464,0.513024299934041,0.0,0.0,0.0,0.02357480431250923,0.38125,0.0
bb50273f.qasm,256,qft,0.5368261106019384,4.8173197710255495,1,0.09414838483775465,0.0,0.12079553214320551,0.024614481209150326,0.5368261106019384,0.0,0.0016927083333333334,0.007339449541284404,0.06736111111111111,0.14722222222222223
bc99b330.qasm,38,randomcircuit,0.9573394495412845,1.9396836534674708,0,0.038493883792048926,0.0,0.0,0.0,0.0,0.0,0.004166666666666667,0.9573394495412845,0.0,0.0
bc9dd950.qasm,20,qaoa,0.4424983436498879,5.289279972206448,1,0.12630738348515458,0.0,0.013562091503267974,0.4424983436498879,0.0,0.0,0.0,0.04679884802835624,0.37083333333333335,0.0
bd32080b.qasm,256,arithmetic,0.528688945987221,261.98762417189874,1,0.528688945987221,0.0,0.009395424836601307,0.13339904840177094,0.0,0.0,0.06887049129353233,0.201312756147541,0.058333333333333334,0.0
bd462bd7.qasm,60,qaoa,0.4112831430755731,4.896580767813465,1,0.1650943801615102,0.0,0.11619739080333624,0.4112831430755731,0.054820261437908496,0.0,0.0023255813953488376,0.022110840348545265,0.2240017361111111,0.004166666666666667
bdd2c3ff.qasm,56,qaoa,0.38031430482086487,6.4266045223225605,1,0.1541950357636927,0.0,0.00522875816993464,0.38031430482086487,0.0,0.0,0.008333333333333333,0.07276190124550781,0.37916666666666665,0.0
be527b4d.qasm,15,randomcircuit,0.7920964711891919,8.38104637752306,1,0.15551281842829442,0.0,0.0,0.033640710382513664,0.008333333333333333,0.0,0.008333333333333333,0.7920964711891919,0.0020833333333333333,0.0
bf029799.qasm,45,qaoa,0.5079696551252977,5.39032270748961,1,0.0819767823922584,0.0,0.00522875816993464,0.5079696551252977,0.0,0.0,0.0,0.02357480431250923,0.38125,0.0
bf0f8df9.qasm,16,qaoa,0.40581124671688934,5.2699749973430805,1,0.14918066660433935,0.0,0.013562091503267974,0.40581124671688934,0.0,0.0,0.0,0.06269599517550338,0.36875,0.0
bf9674e9.qasm,64,ghz,0.7975694444444444,0.02676734445438522,0,0.0,0.7975694444444444,0.0,0.0,0.0,0.20243055555555556,0.0,0.0,0.0,0.0
c05aa9cf.qasm,53,qaoa,0.38656430482086485,6.344720971027495,1,0.1583617024303594,0.0,0.00522875816993464,0.38656430482086485,0.0,0.0,0.004166666666666667,0.06442856791217448,0.38125,0.0
c0a1d157.qasm,128,vqe_su2,0.6053620218579235,15.624234709677676,1,0.17438524590163934,0.004166666666666667,0.05114379084967318,0.0931071198971392,0.049309113160291435,0.0,0.0016927083333333334,0.008333333333333333,0.6053620218579235,0.0125
c0ffe57a.qasm,4,qaoa,0.6411774675714661,1.7425008296106594,0,0.10208826395773868,0.0,0.006372549019607843,0.6411774675714661,0.07370352512589734,0.0,0.00846158084461122,0.022998818490621773,0.14519779499005697,0.0
c20bb346.qasm,127,qaoa,0.49306100061434993,3.641435008174223,1,0.22241394086220376,0.0,0.05212418300653594,0.49306100061434993,0.0,0.0,0.0033854166666666668,0.2206821255169103,0.008333333333333333,0.0
c246552a.qasm,56,vqe_su2,0.38333333333333336,6.212401906414263,1,0.14497372428828287,0.0,0.01568627450980392,0.37907809995640546,0.0,0.0,0.004166666666666667,0.07276190124550781,0.38333333333333336,0.0
c39fa73b.qasm,8,arithmetic,0.3262716144206,4.749601758420628,1,0.3262716144206,0.0,0.1108223134214926,0.15300727397264496,0.11051619589092469,0.0,0.05083176119286993,0.0032786885245901644,0.20499437479909996,0.04027777777777777
c3c0513f.qasm,16,qpe,0.8177817434566299,0.922524514572061,0,0.0030515898767034394,0.015604575163398693,0.16356209150326795,0.0,0.0,0.0,0.8177817434566299,0.0,0.0,0.0
c40ecada.qasm,36,qaoa,0.47692112652450563,5.887509529555267,1,0.10557995580179368,0.0,0.00522875816993464,0.47692112652450563,0.0,0.0,0.0,0.031020159503766066,0.38125,0.0
c4c36286.qasm,43,qaoa,0.5079696551252977,5.461493760854271,1,0.0819767823922584,0.0,0.00522875816993464,0.5079696551252977,0.0,0.0,0.0,0.02357480431250923,0.38125,0.0
c4ff2c11.qasm,129,ghz,0.7602372034956306,29.359607165585217,1,0.0008879781420765028,0.7602372034956306,0.09653558052434456,0.0074453551912568305,0.004166666666666667,0.12239388264669165,0.0,0.0,0.00625,0.0020833333333333333
c6678d16.qasm,42,randomcircuit,0.9564475025484199,3.272544445980495,1,0.03799694189602446,0.0,0.0,0.0013888888888888887,0.0,0.0,0.004166666666666667,0.9564475025484199,0.0,0.0
c676cfb4.qasm,8,qft,0.354182945463535,1.1471734101793845,0,0.2175726152202483,0.015604575163398693,0.15522875816993462,0.0,0.354182945463535,0.0,0.25054173661351403,0.002702702702702703,0.0,0.004166666666666667
c7670b0a.qasm,2,randomcircuit,0.34110135365898686,5.497398156075582,1,0.25353991255033137,0.0,0.03101469353767148,0.2025551248874236,0.01885531920239912,0.0,0.13835026282985435,0.34110135365898686,0.014583333333333334,0.0
c7a93f95.qasm,32,qaoa,0.4810877931911723,5.385963509483289,1,0.10141328913512701,0.0,0.00522875816993464,0.4810877931911723,0.0,0.0,0.0,0.031020159503766066,0.38125,0.0
c7bddf55.qasm,16,qaoa,0.4348554859102111,5.137745049634833,1,0.13055309407768423,0.0,0.013562091503267974,0.4348554859102111,0.0,0.0,0.0,0.05227932850883672,0.36875,0.0
c82bb473.qasm,32,qaoa,0.4810877931911723,5.385963509483289,1,0.10141328913512701,0.0,0.00522875816993464,0.4810877931911723,0.0,0.0,0.0,0.031020159503766066,0.38125,0.0
c84ad65b.qasm,28,qaoa,0.48346659702132216,5.216249807063096,1,0.09486781863831044,0.0,0.00522875816993464,0.48346659702132216,0.0,0.0,0.0,0.035186826170432735,0.38125,0.0
c8afe1ad.qasm,22,ghz,0.9513888888888891,0.16274463239100612,0,0.0,0.9513888888888891,0.0,0.0,0.0,0.04861111111111111,0.0,0.0,0.0,0.0
c945995d.qasm,39,qaoa,0.4996363217919644,5.679200358798638,1,0.08614344905892507,0.0,0.00522875816993464,0.4996363217919644,0.0,0.0,0.0,0.027741470979175897,0.38125,0.0
c95f41f8.qasm,8,qnn,0.6375,0.25954602353978434,0,0.0,0.3625,0.0,0.0,0.0,0.6375,0.0,0.0,0.0,0.0
c96fe790.qasm,256,qft,0.6088607411654664,3.838859783919413,1,0.12659773769754462,0.029166666666666667,0.19505433956528345,0.02087210160980653,0.6088607411654664,0.0,0.0,0.006948413295232366,0.004166666666666667,0.008333333333333333
c999af32.qasm,28,qaoa,0.47325140175386343,5.314604709054686,1,0.10508301390576921,0.0,0.00522875816993464,0.47325140175386343,0.0,0.0,0.0,0.035186826170432735,0.38125,0.0
ca0a2ce5.qasm,58,qaoa,0.4432857761329314,4.062626831948047,1,0.15625018999345425,0.0,0.11309281563993755,0.4432857761329314,0.06315359477124181,0.0,0.004651162790697675,0.010148057893959533,0.2052517361111111,0.004166666666666667
ca634f4d.qasm,20,qaoa,0.4647165970213222,5.177617982662809,1,0.1124224634470536,0.0,0.013562091503267974,0.4647165970213222,0.0,0.0,0.0,0.0384655146950229,0.37083333333333335,0.0
ca8c6d9a.qasm,50,qaoa,0.513024299934041,5.7088254382858015,1,0.07692213758351524,0.0,0.00522875816993464,0.513024299934041,0.0,0.0,0.0,0.02357480431250923,0.38125,0.0
ca980007.qasm,32,qaoa,0.4810877931911723,5.385963509483289,1,0.10141328913512701,0.0,0.00522875816993464,0.4810877931911723,0.0,0.0,0.0,0.031020159503766066,0.38125,0.0
cab2b6e9.qasm,36,qaoa,0.47692112652450563,5.887013125817355,1,0.10557995580179368,0.0,0.00522875816993464,0.47692112652450563,0.0,0.0,0.0,0.031020159503766066,0.38125,0.0
cb2b300f.qasm,39,qaoa,0.4996363217919644,5.679200358798638,1,0.08614344905892507,0.0,0.00522875816993464,0.4996363217919644,0.0,0.0,0.0,0.027741470979175897,0.38125,0.0
cc5bc6eb.qasm,36,wstate,1.0,0.23623548390794427,0,0.0,0.0,0.0,0.0,0.0,0.0,0.0,0.0,0.0,1.0
ccfd978a.qasm,68,qaoa,0.45547930126794467,6.1466681886343935,1,0.26477770344464047,0.0,0.032761437908496734,0.45547930126794467,0.0,0.0,0.02460672352867446,0.21404150051691034,0.008333333333333333,0.0
cd51d9b8.qasm,53,vqe_su2,0.39166666666666666,5.779342151985626,1,0.14914039095494952,0.0,0.00522875816993464,0.3895356162962747,0.0,0.0,0.004166666666666667,0.06026190124550781,0.39166666666666666,0.0
cd592018.qasm,53,qaoa,0.38656430482086485,6.063633512175211,1,0.1583617024303594,0.0,0.00522875816993464,0.38656430482086485,0.0,0.0,0.004166666666666667,0.06442856791217448,0.38125,0.0
cd5b55b6.qasm,16,arithmetic,0.3009403978386223,7.86393309626281,1,0.3009403978386223,0.039519132793566863,0.12224862157186085,0.1623558486610568,0.07298966034501232,0.0020833333333333333,0.023179657129851688,0.019408137645842562,0.20764285773967683,0.04963235294117647
ce4f4dde.qasm,118,wstate,0.9822916666666668,0.8274670478606585,0,0.0,0.0013888888888888887,0.0,0.002430555555555555,0.0,0.0013888888888888887,0.0,0.0,0.0125,0.9822916666666668
ce7207a3.qasm,58,qaoa,0.4432857761329314,4.062291463758812,1,0.15625018999345425,0.0,0.11309281563993755,0.4432857761329314,0.06315359477124181,0.0,0.004651162790697675,0.010148057893959533,0.2052517361111111,0.004166666666666667
cee426fe.qasm,128,arithmetic,0.4726628538329839,164.82054241835257,1,0.4726628538329839,0.004166666666666667,0.01772875816993464,0.1938746211696057,0.02297557276783476,0.0,0.02898068704442902,0.08461084034854528,0.17291666666666666,0.0020833333333333333
cf2c4cc9.qasm,8,vqe_su2,0.9958333333333333,0.06229589904297697,0,0.0,0.0,0.0,0.0,0.0,0.0,0.0,0.0,0.9958333333333333,0.004166666666666667
cf5bfeb1.qasm,51,qaoa,0.513024299934041,5.978974427548672,1,0.07692213758351524,0.0,0.00522875816993464,0.513024299934041,0.0,0.0,0.0,0.02357480431250923,0.38125,0.0
d168a391.qasm,64,vqe_su2,0.613695355191257,14.631804850610893,1,0.17438524590163934,0.004166666666666667,0.05114379084967318,0.09519045323047254,0.049309113160291435,0.0,0.0016927083333333334,0.008333333333333333,0.613695355191257,0.0020833333333333333
d20d9d2e.qasm,60,qaoa,0.4112831430755731,4.896529864492093,1,0.1650943801615102,0.0,0.11619739080333624,0.4112831430755731,0.054820261437908496,0.0,0.0023255813953488376,0.022110840348545265,0.2240017361111111,0.004166666666666667
d21812d8.qasm,30,qaoa,0.48693673784681496,5.079503800580206,1,0.19428740753886853,0.0,0.06584987170848902,0.48693673784681496,0.07042483660130718,0.0,0.0023255813953488376,0.028980209717914637,0.15119535519125682,0.0
d2ffaf7e.qasm,64,qnn,0.7263888888888889,0.08105760868166449,0,0.0,0.27222222222222225,0.0,0.0,0.0,0.7263888888888889,0.0,0.0,0.0,0.0013888888888888887
d3f98c63.qasm,51,qaoa,0.513024299934041,5.978974427548672,1,0.07692213758351524,0.0,0.00522875816993464,0.513024299934041,0.0,0.0,0.0,0.02357480431250923,0.38125,0.0
d3f998bc.qasm,53,vqe_su2,0.39166666666666666,5.763008962284811,1,0.14914039095494952,0.0,0.00522875816993464,0.3895356162962747,0.0,0.0,0.004166666666666667,0.06026190124550781,0.39166666666666666,0.0
d49ba491.qasm,28,qaoa,0.48346659702132216,5.215494391331029,1,0.09486781863831044,0.0,0.00522875816993464,0.48346659702132216,0.0,0.0,0.0,0.035186826170432735,0.38125,0.0
d4a7f2c7.qasm,16,qaoa,0.4348554859102111,5.137745049634833,1,0.13055309407768423,0.0,0.013562091503267974,0.4348554859102111,0.0,0.0,0.0,0.05227932850883672,0.36875,0.0
d706049b.qasm,41,ghz,0.7664872034956306,29.31086058284393,1,0.0008879781420765028,0.7664872034956306,0.09236891385767791,0.0074453551912568305,0.004166666666666667,0.12031054931335831,0.0,0.0,0.00625,0.0020833333333333333
d70a0bd6.qasm,48,arithmetic,0.35824338921460536,4.95161319613453,1,0.35824338921460536,0.0,0.0010620915032679738,0.29952097106749953,0.0,0.0,0.0023255813953488376,0.31593130015261156,0.022916666666666665,0.0
d7fe8918.qasm,260,wstate,0.40208333333333335,6.7776914661493155,1,0.004166666666666667,0.3038623595505618,0.0922752808988764,0.004166666666666667,0.0,0.0288623595505618,0.0,0.0,0.16458333333333333,0.40208333333333335
d87e1b4b.qasm,256,wstate,0.9822916666666668,1.870719972269438,0,0.0,0.0013888888888888887,0.0,0.002430555555555555,0.0,0.0013888888888888887,0.0,0.0,0.0125,0.9822916666666668
d9b603b5.qasm,24,qaoa,0.4688832636879888,5.380898905202509,1,0.10736781863831044,0.0,0.013562091503267974,0.4688832636879888,0.0,0.0,0.0,0.0393534928370994,0.37083333333333335,0.0
d9c77e07.qasm,8,graphstate,0.5071507496990376,5.797928252006909,1,0.12043198930585769,0.1940972222222222,0.5071507496990376,0.006209150326797385,0.055495285545912355,0.09442401960784315,0.02010824995899623,0.0,0.0,0.0020833333333333333
da0e58a0.qasm,34,qaoa,0.49612472610454605,5.120229398509184,1,0.24187479992942956,0.0,0.02336601307189542,0.49612472610454605,0.0,0.0,0.01745498223514212,0.2024294786589868,0.01875,0.0
da213329.qasm,49,qaoa,0.513024299934041,5.636722959122774,1,0.07692213758351524,0.0,0.00522875816993464,0.513024299934041,0.0,0.0,0.0,0.02357480431250923,0.38125,0.0
da3a2f77.qasm,53,qaoa,0.38656430482086485,6.08545718442965,1,0.1583617024303594,0.0,0.00522875816993464,0.38656430482086485,0.0,0.0,0.004166666666666667,0.06442856791217448,0.38125,0.0
da4d0871.qasm,68,qaoa,0.45547930126794467,6.14666800638508,1,0.26477770344464047,0.0,0.032761437908496734,0.45547930126794467,0.0,0.0,0.02460672352867446,0.21404150051691034,0.008333333333333333,0.0
da505823.qasm,32,qaoa,0.4810877931911723,5.385963509483289,1,0.10141328913512701,0.0,0.00522875816993464,0.4810877931911723,0.0,0.0,0.0,0.031020159503766066,0.38125,0.0
da601912.qasm,48,arithmetic,0.35824338921460536,3.459473065546422,1,0.35824338921460536,0.0,0.0010620915032679738,0.29952097106749953,0.0,0.0,0.0023255813953488376,0.31593130015261156,0.022916666666666665,0.0
dae23358.qasm,32,qaoa,0.46491806842053013,5.363733769404201,1,0.11341634723910254,0.0,0.00522875816993464,0.46491806842053013,0.0,0.0,0.0,0.035186826170432735,0.38125,0.0
db12c1f0.qasm,32,qpe,0.8147966688297643,0.9028941817506031,0,0.0018699978369024442,0.015604575163398693,0.16772875816993463,0.0,0.0,0.0,0.8147966688297643,0.0,0.0,0.0
db6ca211.qasm,256,vqe_su2,0.9791666666666666,1.9173488058317867,0,0.0,0.0,0.0,0.0,0.0,0.0,0.0,0.0,0.9791666666666666,0.020833333333333332
dbcc99b4.qasm,128,arithmetic,0.6403861638882125,11.968158923623829,1,0.6403861638882125,0.0,0.026062091503267975,0.14937523947478107,0.005113550909911265,0.0,0.030113693885225043,0.04775390514734543,0.0928620218579235,0.008333333333333333
dc86453a.qasm,32,arithmetic,0.5573678186383103,1142.9547833313025,1,0.5573678186383103,0.0,0.0,0.11840631615221779,0.0,0.0,0.0,0.2908925318761384,0.03333333333333333,0.0
de690b52.qasm,24,qaoa,0.46283473508719675,5.46486499655667,1,0.11758301390576921,0.0,0.013562091503267974,0.46283473508719675,0.0,0.0,0.0,0.035186826170432735,0.37083333333333335,0.0
deb00fe1.qasm,16,vqe_su2,0.6032786885245902,12.097606218392363,1,0.17438524590163934,0.00625,0.05114379084967318,0.0993571198971392,0.049309113160291435,0.0020833333333333333,0.0016927083333333334,0.008333333333333333,0.6032786885245902,0.004166666666666667
df1a7a89.qasm,24,vqe_su2,0.34774611091021107,9362.568813917962,1,0.2350705213410131,0.0,0.06116983251633985,0.1744423768482803,0.15723039215686274,0.0,0.005859375,0.014314724560626201,0.34774611091021107,0.004166666666666667
df43c2c2.qasm,47,qaoa,0.5121363217919643,5.586224035997099,1,0.07781011572559174,0.0,0.00522875816993464,0.5121363217919643,0.0,0.0,0.0,0.02357480431250923,0.38125,0.0
df458745.qasm,128,arithmetic,0.7683422826978545,319.4720667845174,1,0.7683422826978545,0.0,0.0,0.0375387682764732,0.004166666666666667,0.0,0.01648068704442902,0.12763826198124356,0.04583333333333333,0.0
df75e229.qasm,53,qaoa,0.38656430482086485,6.063633512175211,1,0.1583617024303594,0.0,0.00522875816993464,0.38656430482086485,0.0,0.0,0.004166666666666667,0.06442856791217448,0.38125,0.0
e10d312f.qasm,256,arithmetic,0.8144692299289122,650.7075808227362,1,0.8144692299289122,0.0,0.0,0.034260079751883034,0.010807291666666666,0.0,0.015299095004628024,0.07933097031457689,0.04583333333333333,0.0
e260fc6a.qasm,33,vqe_su2,0.5907786885245903,74.32490162102117,1,0.19398106536793408,0.004166666666666667,0.045915032679738545,0.09514386396963923,0.04772313296903461,0.0,0.0014582164890633764,0.0,0.5907786885245903,0.020833333333333332
e3863462.qasm,56,qaoa,0.439842993345455,5.0989179076749265,1,0.11195238327513857,0.0,0.03022875816993464,0.439842993345455,0.0,0.0,0.025,0.12839253187613844,0.26458333333333334,0.0
e3b97044.qasm,53,qaoa,0.38656430482086485,6.111386276373967,1,0.1583617024303594,0.0,0.00522875816993464,0.38656430482086485,0.0,0.0,0.004166666666666667,0.06442856791217448,0.38125,0.0
e4a4359e.qasm,100,qaoa,0.4429793012679447,6.840349002291373,1,0.27638972530256395,0.0,0.0369281045751634,0.4429793012679447,0.0,0.0,0.02460672352867446,0.21076281199232014,0.008333333333333333,0.0
e4b50619.qasm,8,ghz,0.865951797385621,0.18365924972558303,0,0.0,0.865951797385621,0.0010620915032679738,0.0,0.0,0.1329861111111111,0.0,0.0,0.0,0.0
e61acd2b.qasm,12,qaoa,0.43833167698322123,4.349528215553703,1,0.1444380141157852,0.0,0.021895424836601306,0.43833167698322123,0.0,0.0,0.0,0.06616821739772562,0.32916666666666666,0.0
e66c3381.qasm,50,qaoa,0.513024299934041,5.708979778838667,1,0.07692213758351524,0.0,0.00522875816993464,0.513024299934041,0.0,0.0,0.0,0.02357480431250923,0.38125,0.0
e698c12d.qasm,4,graphstate,0.24138603569578196,1.572219463639874,0,0.16766892698270666,0.0,0.24138603569578196,0.20761893576013335,0.07175345548055287,0.0020833333333333333,0.04929950299613613,0.0,0.19718889900454342,0.06300091074681238
e7296260.qasm,53,qaoa,0.38656430482086485,6.08545718442965,1,0.1583617024303594,0.0,0.00522875816993464,0.38656430482086485,0.0,0.0,0.004166666666666667,0.06442856791217448,0.38125,0.0
e751ad87.qasm,256,arithmetic,0.31638312915028366,4.229922578849841,1,0.31638312915028366,0.05039013732833957,0.1561204701373625,0.02216195221257902,0.24477124183006535,0.015667915106117352,0.013121890547263681,0.0,0.043883263687988866,0.1375
e7540ce6.qasm,53,qaoa,0.38656430482086485,6.344720971027495,1,0.1583617024303594,0.0,0.00522875816993464,0.38656430482086485,0.0,0.0,0.004166666666666667,0.06442856791217448,0.38125,0.0
e815593a.qasm,32,graphstate,0.5025714554345153,6.538214104424777,1,0.11626532263919102,0.20664013732833958,0.5025714554345153,0.009313725490196077,0.055495285545912355,0.08543915693618272,0.022191583292329564,0.0,0.0,0.0020833333333333333
e893b1a5.qasm,66,qaoa,0.4596459679346114,5.831943498800804,1,0.26805639196923065,0.0,0.0369281045751634,0.4596459679346114,0.0,0.0,0.02044005686200779,0.20659614532565349,0.008333333333333333,0.0
ea801020.qasm,256,qpe,0.7397038246268657,3.82168103216724,1,0.04689711317079814,0.028104575163398694,0.1593954248366013,0.015671960382513662,0.0,0.0,0.7397038246268657,0.01022710181982253,0.0,0.0
eb153d64.qasm,127,qnn,0.7631944444444445,0.9260596233988337,0,0.0,0.20625,0.020833333333333332,0.0,0.0,0.7631944444444445,0.0,0.0,0.0,0.009722222222222222
ebb0ac17.qasm,16,arithmetic,0.3955273711493073,15.750064276063748,1,0.3955273711493073,0.0,0.06160130718954246,0.1353149136053405,0.16487283865048752,0.0,0.018339245573293392,0.013426746418549696,0.20675091074681237,0.004166666666666667
ebc18fd7.qasm,255,qaoa,0.45984968350830946,4.247663604452768,1,0.25994030157289544,0.0,0.049650224673202605,0.45984968350830946,0.0,0.0,0.004018289728682171,0.22237483385024365,0.004166666666666667,0.0
ebc3e166.qasm,74,qnn,0.4895833333333333,25.757065662603598,1,0.0106852754393738,0.08958333333333332,0.008333333333333333,0.022648057893959534,0.0125,0.4895833333333333,0.0,0.0,0.15,0.21666666666666667
ec70915a.qasm,56,vqe_su2,0.8107434640522875,3.4761246374462833,1,0.004166666666666667,0.00625,0.026062091503267975,0.14652777777777776,0.0,0.0020833333333333333,0.0,0.0,0.8107434640522875,0.004166666666666667
eca6fb66.qasm,51,qaoa,0.5088576332673742,5.931808813460688,1,0.0810888042501819,0.0,0.00522875816993464,0.5088576332673742,0.0,0.0,0.0,0.02357480431250923,0.38125,0.0
ed52defd.qasm,12,qaoa,0.38644187734751995,4.539108449823209,1,0.16438336930704206,0.0,0.021895424836601306,0.38644187734751995,0.0,0.0,0.0,0.09394599517550338,0.3333333333333333,0.0
eefd994e.qasm,51,qaoa,0.513024299934041,5.978974427548672,1,0.07692213758351524,0.0,0.00522875816993464,0.513024299934041,0.0,0.0,0.0,0.02357480431250923,0.38125,0.0
ef8d10d7.qasm,56,vqe_su2,0.4041666666666667,5.973963332245248,1,0.13664039095494954,0.0,0.01568627450980392,0.3707447666230721,0.0,0.0,0.004166666666666667,0.06859523457884115,0.4041666666666667,0.0
efafd44f.qasm,32,wstate,0.6458333333333334,0.407562700682722,0,0.0,0.3419934640522876,0.009395424836601307,0.0,0.0,0.0027777777777777775,0.0,0.0,0.0,0.6458333333333334
f030e083.qasm,56,qaoa,0.403727913383556,5.675151301963466,1,0.12028571660847191,0.0,0.03022875816993464,0.403727913383556,0.0,0.0,0.0125,0.1686742785047041,0.26458333333333334,0.0
f05a6196.qasm,256,qpe,0.7397038246268657,3.82168103216724,1,0.04689711317079814,0.028104575163398694,0.1593954248366013,0.015671960382513662,0.0,0.0,0.7397038246268657,0.01022710181982253,0.0,0.0
f0c5e28f.qasm,19,graphstate,0.5247053030126111,4.965106992699261,1,0.20266901234923787,0.1058874591503268,0.5247053030126111,0.014155416264866603,0.08253776920604308,0.010416666666666666,0.049579353742404776,0.0,0.008660130718954247,0.0013888888888888887
f0e878db.qasm,32,qaoa,0.4916683907202889,0.8795439604845361,0,0.22355935468663646,0.0,0.003387672898616811,0.4916683907202889,0.004461961961961963,0.0,0.1127672758640373,0.16415534386845865,0.0,0.0
f0e91b40.qasm,56,vqe_su2,0.4152777777777778,4.921847540399512,1,0.11106440513306208,0.004166666666666667,0.024019607843137256,0.39215408577829286,0.0,0.0,0.0,0.0491507901343967,0.4152777777777778,0.004166666666666667
f1167cc3.qasm,32,qaoa,0.46491806842053013,5.363107528453232,1,0.11341634723910254,0.0,0.00522875816993464,0.46491806842053013,0.0,0.0,0.0,0.035186826170432735,0.38125,0.0
f163436d.qasm,13,graphstate,0.6524424978406349,6.374916903545965,1,0.046198047074905636,0.14388907248292573,0.6524424978406349,0.06649047190874577,0.05753776920604307,0.014669163545568041,0.0,0.0,0.01391186683006536,0.00486111111111111
f1bcea54.qasm,45,qaoa,0.5079696551252977,5.676295845360833,1,0.0819767823922584,0.0,0.00522875816993464,0.5079696551252977,0.0,0.0,0.0,0.02357480431250923,0.38125,0.0
f27a09cf.qasm,260,qnn,0.775,1.8792562314030468,0,0.0,0.17777777777777778,0.03333333333333333,0.0,0.0,0.775,0.0,0.0,0.0,0.01388888888888889
f2a5a67a.qasm,12,qaoa,0.43833167698322123,4.349528215553703,1,0.1444380141157852,0.0,0.021895424836601306,0.43833167698322123,0.0,0.0,0.0,0.06616821739772562,0.32916666666666666,0.0
f5398281.qasm,53,qaoa,0.38656430482086485,6.08545718442965,1,0.1583617024303594,0.0,0.00522875816993464,0.38656430482086485,0.0,0.0,0.004166666666666667,0.06442856791217448,0.38125,0.0
f5aeb6f0.qasm,50,qaoa,0.513024299934041,5.708979778838667,1,0.07692213758351524,0.0,0.00522875816993464,0.513024299934041,0.0,0.0,0.0,0.02357480431250923,0.38125,0.0
f5d72dae.qasm,32,graphstate,0.8983223134214924,0.9683515975097385,0,0.02772906341339433,0.0031045751633986926,0.8983223134214924,0.05940613950498232,0.008333333333333333,0.0,0.0,0.0,0.0031045751633986926,0.0
f67ec297.qasm,36,qaoa,0.48942112652450565,5.871019982407493,1,0.09635864432638384,0.0,0.00522875816993464,0.48942112652450565,0.0,0.0,0.0,0.027741470979175897,0.38125,0.0
f7ff0727.qasm,5,graphstate,0.42948133734075267,3.4021928105086787,1,0.018736236848544165,0.22601734045678196,0.42948133734075267,0.04627552267491697,0.0031045751633986926,0.27360720973782776,0.0,0.0,0.0,0.0027777777777777775
f8a38627.qasm,36,randomcircuit,0.9578363914373089,2.284718454569363,1,0.03799694189602446,0.0,0.0,0.0,0.0,0.0,0.004166666666666667,0.9578363914373089,0.0,0.0
f8d235ae.qasm,4,qaoa,0.5724099535179527,2.6465740228030645,1,0.12951651774502543,0.0,0.0010620915032679738,0.5724099535179527,0.0,0.0,0.008696072688881177,0.03800798749569242,0.2503073770491803,0.0
f98536e0.qasm,3,qft,0.3869957679198111,2.3844984204068647,1,0.09266609169758462,0.0,0.17029864451587912,0.06760620915032681,0.3869957679198111,0.0020833333333333333,0.027374673056867232,0.0,0.016864169215086645,0.2361111111111111
f9fee41b.qasm,53,qaoa,0.38656430482086485,6.111386276373967,1,0.1583617024303594,0.0,0.00522875816993464,0.38656430482086485,0.0,0.0,0.004166666666666667,0.06442856791217448,0.38125,0.0
fabdaac7.qasm,32,vqe_su2,0.6095286885245902,13.543728495411571,1,0.17438524590163934,0.004166666666666667,0.05114379084967318,0.09727378656380586,0.049309113160291435,0.0,0.0016927083333333334,0.008333333333333333,0.6095286885245902,0.004166666666666667
fadf1f0d.qasm,100,qaoa,0.4429793012679447,6.840348983742419,1,0.27638972530256395,0.0,0.0369281045751634,0.4429793012679447,0.0,0.0,0.02460672352867446,0.21076281199232014,0.008333333333333333,0.0
fb107df5.qasm,64,wstate,0.6604166666666667,0.35626045835275827,0,0.0,0.32083333333333336,0.008333333333333333,0.0,0.0,0.008333333333333333,0.0,0.0,0.0020833333333333333,0.6604166666666667
fb7e6eb0.qasm,115,ghz,0.4136883697767496,3.8401276316602906,1,0.004166666666666667,0.4136883697767496,0.18783316580377463,0.004166666666666667,0.0,0.01931179775280899,0.0,0.0,0.1375,0.23333333333333334
fb8a2851.qasm,32,wstate,1.0,0.10393885812295903,0,0.0,0.0,0.0,0.0,0.0,0.0,0.0,0.0,0.0,1.0
fb9223a1.qasm,16,arithmetic,0.3950951972361301,7.72287877861646,1,0.3950951972361301,0.0,0.09387254901960781,0.16137700510860847,0.11220890422425803,0.0,0.023787296018740575,0.023574804312509235,0.16647313296903463,0.023611111111111114
fb9be929.qasm,8,graphstate,0.6504733151034046,5.5578769627708136,1,0.029726368159203976,0.1902573529411765,0.6504733151034046,0.028454350490196078,0.0031045751633986926,0.08923611111111111,0.005970149253731344,0.0,0.0,0.0027777777777777775
fbcf0ea3.qasm,51,qaoa,0.5088576332673742,5.931808813460688,1,0.0810888042501819,0.0,0.00522875816993464,0.5088576332673742,0.0,0.0,0.0,0.02357480431250923,0.38125,0.0
fbdc2a1f.qasm,12,qaoa,0.38644187734751995,4.538760681714884,1,0.16438336930704206,0.0,0.021895424836601306,0.38644187734751995,0.0,0.0,0.0,0.09394599517550338,0.3333333333333333,0.0
fbe1d41c.qasm,15,qaoa,0.5526928205099902,6.422612414737553,1,0.07566234441196558,0.0,0.015232797238745686,0.5526928205099902,0.0032786885245901644,0.0,0.002985074626865672,0.012850760596662236,0.30083918075784727,0.036458333333333336
fc1ce5ab.qasm,98,qaoa,0.4596459679346114,6.3556366009291345,1,0.27966841382715407,0.0,0.0369281045751634,0.4596459679346114,0.0,0.0,0.02044005686200779,0.19498412346773,0.008333333333333333,0.0
fc330f35.qasm,47,qaoa,0.5121363217919643,5.585819404934085,1,0.07781011572559174,0.0,0.00522875816993464,0.5121363217919643,0.0,0.0,0.0,0.02357480431250923,0.38125,0.0
fc56714f.qasm,8,arithmetic,0.4376314425491406,11.863262062504036,1,0.4376314425491406,0.004166666666666667,0.018790849673202614,0.1731675080885219,0.09367356101644983,0.0,0.034021209360175865,0.06027007412125241,0.17411202185792352,0.004166666666666667
fc5872f2.qasm,42,randomcircuit,0.4228409451713708,5.572783222313352,1,0.3966298599837652,0.0,0.0010620915032679738,0.11880818861291378,0.0,0.0,0.0023255813953488376,0.4228409451713708,0.058333333333333334,0.0
fc66bdd4.qasm,128,arithmetic,0.32888312915028367,3.6351944966507848,1,0.32888312915028367,0.05247347066167291,0.1561204701373625,0.017995285545912353,0.24060457516339867,0.017751248439450685,0.013121890547263681,0.0,0.04179993035465553,0.13125
fdf0b97e.qasm,49,qaoa,0.5088576332673742,6.53415734662645,1,0.0810888042501819,0.0,0.00522875816993464,0.5088576332673742,0.0,0.0,0.0,0.02357480431250923,0.38125,0.0
ffe82f32.qasm,31,ghz,0.756070536828964,29.27923977268758,1,0.0008879781420765028,0.756070536828964,0.09512371369427922,0.0074453551912568305,0.004166666666666667,0.12239388264669165,0.0,0.0,0.011828533496732026,0.0020833333333333333
