team,filename,threshold,pred_duration_s,parse_s,predict_s
Merged Runtime Predictor,0071a13b.qasm,16,1.868221,0.7769,0.2615
Merged Runtime Predictor,0071a13b.qasm,64,11.316286,0.7769,0.2413
Merged Runtime Predictor,0071a13b.qasm,512,464.523045,0.7769,0.2411
Merged Runtime Predictor,00c20ece.qasm,16,159.148861,0.8090,0.2398
Merged Runtime Predictor,00c20ece.qasm,64,166.928783,0.8090,0.2247
Merged Runtime Predictor,00c20ece.qasm,512,159.389862,0.8090,0.2293
Merged Runtime Predictor,03042ac9.qasm,16,1.865832,0.7765,0.2641
Merged Runtime Predictor,03042ac9.qasm,64,11.201612,0.7765,0.2300
Merged Runtime Predictor,03042ac9.qasm,512,463.778120,0.7765,0.2357
Merged Runtime Predictor,03934028.qasm,16,1729.139852,15.0375,0.2433
Merged Runtime Predictor,03934028.qasm,64,1295.425418,15.0375,0.2300
Merged Runtime Predictor,03934028.qasm,512,14400.000000,15.0375,0.2346
Merged Runtime Predictor,03ee478e.qasm,16,0.178425,0.0105,0.2340
Merged Runtime Predictor,03ee478e.qasm,64,1.119493,0.0105,0.2310
Merged Runtime Predictor,03ee478e.qasm,512,0.189239,0.0105,0.2713
Merged Runtime Predictor,04276362.qasm,16,0.186573,0.0037,0.2185
Merged Runtime Predictor,04276362.qasm,64,0.209712,0.0037,0.2214
Merged Runtime Predictor,04276362.qasm,512,0.190779,0.0037,0.2186
Merged Runtime Predictor,0491d461.qasm,16,0.540854,0.2349,0.2457
Merged Runtime Predictor,0491d461.qasm,64,1.342854,0.2349,0.2402
Merged Runtime Predictor,0491d461.qasm,512,3.463965,0.2349,0.2303
Merged Runtime Predictor,0525d9ee.qasm,16,0.538639,0.2308,0.2275
Merged Runtime Predictor,0525d9ee.qasm,64,1.341753,0.2308,0.2248
Merged Runtime Predictor,0525d9ee.qasm,512,3.524669,0.2308,0.2252
Merged Runtime Predictor,0534bf07.qasm,16,14400.000000,4.5346,0.2236
Merged Runtime Predictor,0534bf07.qasm,64,2244.152849,4.5346,0.2236
Merged Runtime Predictor,0534bf07.qasm,512,14400.000000,4.5346,0.2218
Merged Runtime Predictor,055dc894.qasm,16,4.715521,0.2320,0.2678
Merged Runtime Predictor,055dc894.qasm,64,6.059565,0.2320,0.2533
Merged Runtime Predictor,055dc894.qasm,512,1383.525161,0.2320,0.2391
Merged Runtime Predictor,056c2b99.qasm,16,0.582817,0.1804,0.2406
Merged Runtime Predictor,056c2b99.qasm,64,0.452534,0.1804,0.2296
Merged Runtime Predictor,056c2b99.qasm,512,0.453669,0.1804,0.2297
Merged Runtime Predictor,058c7d32.qasm,16,0.238815,0.1215,0.2198
Merged Runtime Predictor,058c7d32.qasm,64,0.617300,0.1215,0.2278
Merged Runtime Predictor,058c7d32.qasm,512,1.248955,0.1215,0.2210
Merged Runtime Predictor,067475b0.qasm,16,1.414401,0.4872,0.2365
Merged Runtime Predictor,067475b0.qasm,64,5.722179,0.4872,0.2296
Merged Runtime Predictor,067475b0.qasm,512,133.342089,0.4872,0.2294
Merged Runtime Predictor,06857ab2.qasm,16,88.157240,3.0056,0.2423
Merged Runtime Predictor,06857ab2.qasm,64,143.971260,3.0056,0.2320
Merged Runtime Predictor,06857ab2.qasm,512,5222.471076,3.0056,0.2314
Merged Runtime Predictor,06a7dabf.qasm,16,1.444845,0.6371,0.2337
Merged Runtime Predictor,06a7dabf.qasm,64,8.492852,0.6371,0.2303
Merged Runtime Predictor,06a7dabf.qasm,512,308.322206,0.6371,0.2255
Merged Runtime Predictor,06e45cf2.qasm,16,0.573270,0.2493,0.2440
Merged Runtime Predictor,06e45cf2.qasm,64,1.120185,0.2493,0.2445
Merged Runtime Predictor,06e45cf2.qasm,512,2.759196,0.2493,0.2297
Merged Runtime Predictor,0732491c.qasm,16,5.086458,4.1787,0.2262
Merged Runtime Predictor,0732491c.qasm,64,2.076340,4.1787,0.2194
Merged Runtime Predictor,0732491c.qasm,512,5.687405,4.1787,0.2211
Merged Runtime Predictor,07fc5b22.qasm,16,0.539369,0.2307,0.2383
Merged Runtime Predictor,07fc5b22.qasm,64,1.336720,0.2307,0.2390
Merged Runtime Predictor,07fc5b22.qasm,512,3.489888,0.2307,0.2179
Merged Runtime Predictor,08239e90.qasm,16,59.763572,8.5823,0.2296
Merged Runtime Predictor,08239e90.qasm,64,3.283218,8.5823,0.2185
Merged Runtime Predictor,08239e90.qasm,512,898.225151,8.5823,0.2189
Merged Runtime Predictor,0885b672.qasm,16,1.660246,0.6226,0.2302
Merged Runtime Predictor,0885b672.qasm,64,8.951824,0.6226,0.2218
Merged Runtime Predictor,0885b672.qasm,512,333.323874,0.6226,0.2474
Merged Runtime Predictor,0a0f4c36.qasm,16,0.187708,0.0535,0.2525
Merged Runtime Predictor,0a0f4c36.qasm,64,0.262008,0.0535,0.2411
Merged Runtime Predictor,0a0f4c36.qasm,512,0.170291,0.0535,0.2232
Merged Runtime Predictor,0b0e43d6.qasm,16,1.789490,0.7139,0.2326
Merged Runtime Predictor,0b0e43d6.qasm,64,9.955115,0.7139,0.2237
Merged Runtime Predictor,0b0e43d6.qasm,512,373.743381,0.7139,0.2271
Merged Runtime Predictor,0b325fdd.qasm,16,187.543433,12.9567,0.2469
Merged Runtime Predictor,0b325fdd.qasm,64,7.661303,12.9567,0.2325
Merged Runtime Predictor,0b325fdd.qasm,512,14400.000000,12.9567,0.2312
Merged Runtime Predictor,0bde3200.qasm,16,0.235717,0.0021,0.2387
Merged Runtime Predictor,0bde3200.qasm,64,0.236806,0.0021,0.2212
Merged Runtime Predictor,0bde3200.qasm,512,0.293917,0.0021,0.2288
Merged Runtime Predictor,0c0ce4a1.qasm,16,0.587582,0.1738,0.2492
Merged Runtime Predictor,0c0ce4a1.qasm,64,0.457527,0.1738,0.2826
Merged Runtime Predictor,0c0ce4a1.qasm,512,0.460607,0.1738,0.2234
Merged Runtime Predictor,0c676248.qasm,16,0.169407,0.0496,0.2397
Merged Runtime Predictor,0c676248.qasm,64,10.194524,0.0496,0.2234
Merged Runtime Predictor,0c676248.qasm,512,0.183997,0.0496,0.2290
Merged Runtime Predictor,0cc92082.qasm,16,0.241499,0.1451,0.2278
Merged Runtime Predictor,0cc92082.qasm,64,0.491870,0.1451,0.2273
Merged Runtime Predictor,0cc92082.qasm,512,0.212664,0.1451,0.2157
Merged Runtime Predictor,0cd81bd7.qasm,16,1.397024,0.5835,0.2436
Merged Runtime Predictor,0cd81bd7.qasm,64,7.965086,0.5835,0.2305
Merged Runtime Predictor,0cd81bd7.qasm,512,287.543952,0.5835,0.2265
Merged Runtime Predictor,0d08bd43.qasm,16,2376.374592,4.4876,0.2410
Merged Runtime Predictor,0d08bd43.qasm,64,281.784897,4.4876,0.2297
Merged Runtime Predictor,0d08bd43.qasm,512,14400.000000,4.4876,0.2671
Merged Runtime Predictor,0d094263.qasm,16,0.193327,0.0023,0.2521
Merged Runtime Predictor,0d094263.qasm,64,0.316345,0.0023,0.2191
Merged Runtime Predictor,0d094263.qasm,512,0.186049,0.0023,0.2324
Merged Runtime Predictor,0d6f51b4.qasm,16,0.186092,0.0026,0.2171
Merged Runtime Predictor,0d6f51b4.qasm,64,0.219453,0.0026,0.2258
Merged Runtime Predictor,0d6f51b4.qasm,512,0.175735,0.0026,0.2234
Merged Runtime Predictor,0e8ddfa3.qasm,16,1.155689,0.3550,0.2421
Merged Runtime Predictor,0e8ddfa3.qasm,64,3.417185,0.3550,0.2316
Merged Runtime Predictor,0e8ddfa3.qasm,512,72.037080,0.3550,0.2404
Merged Runtime Predictor,0ee54ab9.qasm,16,0.181077,0.0465,0.2490
Merged Runtime Predictor,0ee54ab9.qasm,64,0.221273,0.0465,0.2360
Merged Runtime Predictor,0ee54ab9.qasm,512,0.182233,0.0465,0.2333
Merged Runtime Predictor,0f6ae53c.qasm,16,0.180606,0.0351,0.2313
Merged Runtime Predictor,0f6ae53c.qasm,64,0.632262,0.0351,0.2379
Merged Runtime Predictor,0f6ae53c.qasm,512,0.188397,0.0351,0.2317
Merged Runtime Predictor,10761caa.qasm,16,1.206570,0.4153,0.2393
Merged Runtime Predictor,10761caa.qasm,64,4.164169,0.4153,0.2206
Merged Runtime Predictor,10761caa.qasm,512,92.176888,0.4153,0.2141
Merged Runtime Predictor,10ea3498.qasm,16,0.175533,0.0253,0.2259
Merged Runtime Predictor,10ea3498.qasm,64,1.167533,0.0253,0.2219
Merged Runtime Predictor,10ea3498.qasm,512,0.177414,0.0253,0.2166
Merged Runtime Predictor,1154e9d9.qasm,16,14400.000000,3.8014,0.2381
Merged Runtime Predictor,1154e9d9.qasm,64,4982.131160,3.8014,0.2181
Merged Runtime Predictor,1154e9d9.qasm,512,14400.000000,3.8014,0.2284
Merged Runtime Predictor,12157215.qasm,16,1132.892890,17.1827,0.2287
Merged Runtime Predictor,12157215.qasm,64,612.233900,17.1827,0.2249
Merged Runtime Predictor,12157215.qasm,512,14400.000000,17.1827,0.2295
Merged Runtime Predictor,125f60d7.qasm,16,960.386559,38.3240,0.2391
Merged Runtime Predictor,125f60d7.qasm,64,525.122283,38.3240,0.2315
Merged Runtime Predictor,125f60d7.qasm,512,14400.000000,38.3240,0.2385
Merged Runtime Predictor,138d2c7b.qasm,16,1.561647,0.6227,0.2710
Merged Runtime Predictor,138d2c7b.qasm,64,7.720580,0.6227,0.2406
Merged Runtime Predictor,138d2c7b.qasm,512,266.362527,0.6227,0.2425
Merged Runtime Predictor,13b8e3f8.qasm,16,1.151599,0.4310,0.2250
Merged Runtime Predictor,13b8e3f8.qasm,64,5.063652,0.4310,0.2261
Merged Runtime Predictor,13b8e3f8.qasm,512,143.817318,0.4310,0.2252
Merged Runtime Predictor,13eb49aa.qasm,16,0.176286,0.0035,0.2297
Merged Runtime Predictor,13eb49aa.qasm,64,1.056203,0.0035,0.2488
Merged Runtime Predictor,13eb49aa.qasm,512,1.095858,0.0035,0.2341
Merged Runtime Predictor,14019fed.qasm,16,74.566042,1.2400,0.2354
Merged Runtime Predictor,14019fed.qasm,64,8.763240,1.2400,0.2774
Merged Runtime Predictor,14019fed.qasm,512,114.372878,1.2400,0.2247
Merged Runtime Predictor,149b1e7c.qasm,16,4.979742,0.2470,0.2338
Merged Runtime Predictor,149b1e7c.qasm,64,0.179764,0.2470,0.2272
Merged Runtime Predictor,149b1e7c.qasm,512,5.602205,0.2470,0.2171
Merged Runtime Predictor,15434610.qasm,16,1.530769,0.6063,0.2225
Merged Runtime Predictor,15434610.qasm,64,7.732736,0.6063,0.2212
Merged Runtime Predictor,15434610.qasm,512,261.081175,0.6063,0.2281
Merged Runtime Predictor,159b3481.qasm,16,0.576131,0.2251,0.2248
Merged Runtime Predictor,159b3481.qasm,64,1.118120,0.2251,0.2236
Merged Runtime Predictor,159b3481.qasm,512,2.753192,0.2251,0.2168
Merged Runtime Predictor,15c28669.qasm,16,0.272534,0.5602,0.2294
Merged Runtime Predictor,15c28669.qasm,64,0.394697,0.5602,0.2588
Merged Runtime Predictor,15c28669.qasm,512,0.280486,0.5602,0.2160
Merged Runtime Predictor,1619b169.qasm,16,0.174238,0.0679,0.2342
Merged Runtime Predictor,1619b169.qasm,64,0.174040,0.0679,0.2247
Merged Runtime Predictor,1619b169.qasm,512,0.182899,0.0679,0.2266
Merged Runtime Predictor,166e9d3a.qasm,16,0.185123,0.0247,0.2231
Merged Runtime Predictor,166e9d3a.qasm,64,0.171347,0.0247,0.2304
Merged Runtime Predictor,166e9d3a.qasm,512,0.172159,0.0247,0.2289
Merged Runtime Predictor,1688d759.qasm,16,1.964500,0.8373,0.2372
Merged Runtime Predictor,1688d759.qasm,64,14.148766,0.8373,0.2276
Merged Runtime Predictor,1688d759.qasm,512,557.868511,0.8373,0.2427
Merged Runtime Predictor,16ff70bb.qasm,16,2.124276,0.8246,0.2464
Merged Runtime Predictor,16ff70bb.qasm,64,12.136961,0.8246,0.2377
Merged Runtime Predictor,16ff70bb.qasm,512,487.519832,0.8246,0.2333
Merged Runtime Predictor,17253376.qasm,16,1.783370,0.7228,0.2276
Merged Runtime Predictor,17253376.qasm,64,11.980542,0.7228,0.2200
Merged Runtime Predictor,17253376.qasm,512,463.379367,0.7228,0.2316
Merged Runtime Predictor,173d4b8b.qasm,16,0.444891,0.0034,0.2237
Merged Runtime Predictor,173d4b8b.qasm,64,0.464149,0.0034,0.2328
Merged Runtime Predictor,173d4b8b.qasm,512,0.456223,0.0034,0.2365
Merged Runtime Predictor,175f2997.qasm,16,1.539303,0.5537,0.2289
Merged Runtime Predictor,175f2997.qasm,64,6.885172,0.5537,0.2347
Merged Runtime Predictor,175f2997.qasm,512,203.131473,0.5537,0.2266
Merged Runtime Predictor,17e5a14b.qasm,16,79.500038,12.8681,0.2496
Merged Runtime Predictor,17e5a14b.qasm,64,4.523746,12.8681,0.2260
Merged Runtime Predictor,17e5a14b.qasm,512,875.262095,12.8681,0.2189
Merged Runtime Predictor,195099c8.qasm,16,0.346481,0.1788,0.2241
Merged Runtime Predictor,195099c8.qasm,64,8.044193,0.1788,0.2328
Merged Runtime Predictor,195099c8.qasm,512,0.333577,0.1788,0.2249
Merged Runtime Predictor,19550378.qasm,16,0.697177,0.0508,0.2297
Merged Runtime Predictor,19550378.qasm,64,0.723370,0.0508,0.2239
Merged Runtime Predictor,19550378.qasm,512,0.688104,0.0508,0.2239
Merged Runtime Predictor,1959a985.qasm,16,4.878375,0.2374,0.2350
Merged Runtime Predictor,1959a985.qasm,64,19.991757,0.2374,0.2226
Merged Runtime Predictor,1959a985.qasm,512,1403.121603,0.2374,0.2280
Merged Runtime Predictor,19d587f3.qasm,16,0.176010,0.0189,0.2261
Merged Runtime Predictor,19d587f3.qasm,64,1.209815,0.0189,0.2266
Merged Runtime Predictor,19d587f3.qasm,512,0.172354,0.0189,0.2323
Merged Runtime Predictor,1a554de5.qasm,16,0.174234,0.0354,0.2203
Merged Runtime Predictor,1a554de5.qasm,64,0.186563,0.0354,0.2711
Merged Runtime Predictor,1a554de5.qasm,512,0.182823,0.0354,0.2208
Merged Runtime Predictor,1aa22822.qasm,16,21.718610,4.2420,0.2330
Merged Runtime Predictor,1aa22822.qasm,64,1.383431,4.2420,0.2301
Merged Runtime Predictor,1aa22822.qasm,512,621.237223,4.2420,0.2371
Merged Runtime Predictor,1af5b336.qasm,16,1.084622,0.2912,0.2211
Merged Runtime Predictor,1af5b336.qasm,64,2.274905,0.2912,0.2182
Merged Runtime Predictor,1af5b336.qasm,512,23.612652,0.2912,0.2236
Merged Runtime Predictor,1b91945f.qasm,16,0.576725,0.2138,0.2318
Merged Runtime Predictor,1b91945f.qasm,64,1.127025,0.2138,0.2197
Merged Runtime Predictor,1b91945f.qasm,512,2.705382,0.2138,0.2235
Merged Runtime Predictor,1cb3c32c.qasm,16,7.938736,0.6900,0.2245
Merged Runtime Predictor,1cb3c32c.qasm,64,0.378927,0.6900,0.2187
Merged Runtime Predictor,1cb3c32c.qasm,512,32.446545,0.6900,0.2515
Merged Runtime Predictor,1d1dc1d8.qasm,16,2.086178,0.8184,0.2175
Merged Runtime Predictor,1d1dc1d8.qasm,64,12.107826,0.8184,0.2256
Merged Runtime Predictor,1d1dc1d8.qasm,512,478.496206,0.8184,0.2283
Merged Runtime Predictor,1d4b1889.qasm,16,0.486752,0.1570,0.2282
Merged Runtime Predictor,1d4b1889.qasm,64,0.340534,0.1570,0.2231
Merged Runtime Predictor,1d4b1889.qasm,512,0.340899,0.1570,0.2239
Merged Runtime Predictor,1db5f683.qasm,16,2.008247,0.7720,0.2205
Merged Runtime Predictor,1db5f683.qasm,64,11.480735,0.7720,0.2242
Merged Runtime Predictor,1db5f683.qasm,512,437.636173,0.7720,0.2177
Merged Runtime Predictor,1f1383d7.qasm,16,0.211489,0.0421,0.2208
Merged Runtime Predictor,1f1383d7.qasm,64,2.276687,0.0421,0.2351
Merged Runtime Predictor,1f1383d7.qasm,512,0.213052,0.0421,0.2222
Merged Runtime Predictor,1fd34b96.qasm,16,2.676234,1.1022,0.2333
Merged Runtime Predictor,1fd34b96.qasm,64,21.107271,1.1022,0.2265
Merged Runtime Predictor,1fd34b96.qasm,512,969.320580,1.1022,0.2197
Merged Runtime Predictor,20448412.qasm,16,149.871618,0.8102,0.2494
Merged Runtime Predictor,20448412.qasm,64,174.272148,0.8102,0.2121
Merged Runtime Predictor,20448412.qasm,512,148.929366,0.8102,0.2213
Merged Runtime Predictor,2059c310.qasm,16,0.493250,0.0081,0.2200
Merged Runtime Predictor,2059c310.qasm,64,3.134020,0.0081,0.2220
Merged Runtime Predictor,2059c310.qasm,512,1.492385,0.0081,0.2440
Merged Runtime Predictor,2078a631.qasm,16,2.393030,0.9632,0.2180
Merged Runtime Predictor,2078a631.qasm,64,16.174138,0.9632,0.2197
Merged Runtime Predictor,2078a631.qasm,512,588.718540,0.9632,0.2242
Merged Runtime Predictor,208334f1.qasm,16,0.182498,0.0547,0.2249
Merged Runtime Predictor,208334f1.qasm,64,1.120976,0.0547,0.2202
Merged Runtime Predictor,208334f1.qasm,512,0.191571,0.0547,0.2244
Merged Runtime Predictor,2190b5a7.qasm,16,0.208540,0.0037,0.2296
Merged Runtime Predictor,2190b5a7.qasm,64,0.170367,0.0037,0.2206
Merged Runtime Predictor,2190b5a7.qasm,512,0.204293,0.0037,0.2188
Merged Runtime Predictor,231bbda3.qasm,16,4.542490,0.3675,0.2185
Merged Runtime Predictor,231bbda3.qasm,64,1.214977,0.3675,0.2232
Merged Runtime Predictor,231bbda3.qasm,512,4.403820,0.3675,0.2217
Merged Runtime Predictor,235dda60.qasm,16,2.366732,0.9819,0.2237
Merged Runtime Predictor,235dda60.qasm,64,16.329754,0.9819,0.2141
Merged Runtime Predictor,235dda60.qasm,512,364.796273,0.9819,0.2181
Merged Runtime Predictor,24ca3082.qasm,16,3004.222652,20.1864,0.2309
Merged Runtime Predictor,24ca3082.qasm,64,1684.351420,20.1864,0.2234
Merged Runtime Predictor,24ca3082.qasm,512,14400.000000,20.1864,0.2166
Merged Runtime Predictor,25e26219.qasm,16,2.143422,0.0694,0.2307
Merged Runtime Predictor,25e26219.qasm,64,16.540131,0.0694,0.2167
Merged Runtime Predictor,25e26219.qasm,512,624.815925,0.0694,0.2172
Merged Runtime Predictor,25e5b703.qasm,16,0.182575,0.0182,0.2196
Merged Runtime Predictor,25e5b703.qasm,64,0.206740,0.0182,0.2276
Merged Runtime Predictor,25e5b703.qasm,512,0.180802,0.0182,0.2247
Merged Runtime Predictor,264ca70e.qasm,16,1.658661,0.6887,0.2339
Merged Runtime Predictor,264ca70e.qasm,64,9.293226,0.6887,0.2407
Merged Runtime Predictor,264ca70e.qasm,512,350.349098,0.6887,0.2771
Merged Runtime Predictor,27a012bc.qasm,16,0.573766,0.1757,0.2314
Merged Runtime Predictor,27a012bc.qasm,64,0.454594,0.1757,0.2212
Merged Runtime Predictor,27a012bc.qasm,512,0.455807,0.1757,0.2289
Merged Runtime Predictor,27dbf314.qasm,16,1946.826405,30.4206,0.2359
Merged Runtime Predictor,27dbf314.qasm,64,684.410830,30.4206,0.2203
Merged Runtime Predictor,27dbf314.qasm,512,14400.000000,30.4206,0.2156
Merged Runtime Predictor,27e0ec8e.qasm,16,0.189454,0.0099,0.2234
Merged Runtime Predictor,27e0ec8e.qasm,64,0.516546,0.0099,0.2457
Merged Runtime Predictor,27e0ec8e.qasm,512,0.185001,0.0099,0.2216
Merged Runtime Predictor,2818a462.qasm,16,0.178179,0.0123,0.2249
Merged Runtime Predictor,2818a462.qasm,64,0.503793,0.0123,0.2191
Merged Runtime Predictor,2818a462.qasm,512,0.185999,0.0123,0.2151
Merged Runtime Predictor,28f914b0.qasm,16,0.188393,0.0159,0.2319
Merged Runtime Predictor,28f914b0.qasm,64,0.287605,0.0159,0.2514
Merged Runtime Predictor,28f914b0.qasm,512,0.198277,0.0159,0.2170
Merged Runtime Predictor,29886bb3.qasm,16,1.112001,0.2853,0.2175
Merged Runtime Predictor,29886bb3.qasm,64,2.289349,0.2853,0.2215
Merged Runtime Predictor,29886bb3.qasm,512,23.371537,0.2853,0.2223
Merged Runtime Predictor,29a887f9.qasm,16,1.304856,0.0811,0.2262
Merged Runtime Predictor,29a887f9.qasm,64,0.242466,0.0811,0.2208
Merged Runtime Predictor,29a887f9.qasm,512,128.740305,0.0811,0.2245
Merged Runtime Predictor,2a04dd73.qasm,16,1598.152834,27.1858,0.2482
Merged Runtime Predictor,2a04dd73.qasm,64,1865.453344,27.1858,0.2583
Merged Runtime Predictor,2a04dd73.qasm,512,14400.000000,27.1858,0.2301
Merged Runtime Predictor,2a0e53ef.qasm,16,2.329961,0.0463,0.2407
Merged Runtime Predictor,2a0e53ef.qasm,64,7.878839,0.0463,0.2391
Merged Runtime Predictor,2a0e53ef.qasm,512,328.299664,0.0463,0.2237
Merged Runtime Predictor,2a48defb.qasm,16,1.194167,0.0108,0.2386
Merged Runtime Predictor,2a48defb.qasm,64,1.129421,0.0108,0.2325
Merged Runtime Predictor,2a48defb.qasm,512,1.104442,0.0108,0.2265
Merged Runtime Predictor,2af6859b.qasm,16,1.692903,0.7312,0.2371
Merged Runtime Predictor,2af6859b.qasm,64,10.539538,0.7312,0.2299
Merged Runtime Predictor,2af6859b.qasm,512,406.145346,0.7312,0.2201
Merged Runtime Predictor,2afe3d2e.qasm,16,14400.000000,8.1909,0.2392
Merged Runtime Predictor,2afe3d2e.qasm,64,31773.744649,8.1909,0.2334
Merged Runtime Predictor,2afe3d2e.qasm,512,14400.000000,8.1909,0.2428
Merged Runtime Predictor,2b148d98.qasm,16,1.733806,0.7623,0.2427
Merged Runtime Predictor,2b148d98.qasm,64,12.179222,0.7623,0.2422
Merged Runtime Predictor,2b148d98.qasm,512,463.659024,0.7623,0.2403
Merged Runtime Predictor,2b2951ed.qasm,16,2.007539,0.7723,0.2326
Merged Runtime Predictor,2b2951ed.qasm,64,11.409609,0.7723,0.2317
Merged Runtime Predictor,2b2951ed.qasm,512,450.491054,0.7723,0.2309
Merged Runtime Predictor,2bc3295c.qasm,16,1.264458,0.0582,0.2364
Merged Runtime Predictor,2bc3295c.qasm,64,2.418417,0.0582,0.2225
Merged Runtime Predictor,2bc3295c.qasm,512,253.892689,0.0582,0.2231
Merged Runtime Predictor,2cbfff1b.qasm,16,1.663891,0.6085,0.2327
Merged Runtime Predictor,2cbfff1b.qasm,64,7.724529,0.6085,0.2321
Merged Runtime Predictor,2cbfff1b.qasm,512,261.760364,0.6085,0.3205
Merged Runtime Predictor,2cedce95.qasm,16,2.057874,0.7973,0.2300
Merged Runtime Predictor,2cedce95.qasm,64,12.119070,0.7973,0.2259
Merged Runtime Predictor,2cedce95.qasm,512,486.775971,0.7973,0.2226
Merged Runtime Predictor,2d399444.qasm,16,0.230211,0.0020,0.2216
Merged Runtime Predictor,2d399444.qasm,64,0.181786,0.0020,0.2226
Merged Runtime Predictor,2d399444.qasm,512,0.219542,0.0020,0.2278
Merged Runtime Predictor,2ea1bf91.qasm,16,4.355860,0.2476,0.2283
Merged Runtime Predictor,2ea1bf91.qasm,64,0.177977,0.2476,0.2274
Merged Runtime Predictor,2ea1bf91.qasm,512,5.535777,0.2476,0.2296
Merged Runtime Predictor,3026aed7.qasm,16,2.657675,1.1469,0.2335
Merged Runtime Predictor,3026aed7.qasm,64,20.954781,1.1469,0.2407
Merged Runtime Predictor,3026aed7.qasm,512,989.570607,1.1469,0.2179
Merged Runtime Predictor,306ac152.qasm,16,0.174982,0.0731,0.2310
Merged Runtime Predictor,306ac152.qasm,64,4.845986,0.0731,0.2369
Merged Runtime Predictor,306ac152.qasm,512,0.197827,0.0731,0.2330
Merged Runtime Predictor,3099a023.qasm,16,0.188262,0.0152,0.2341
Merged Runtime Predictor,3099a023.qasm,64,0.168709,0.0152,0.2202
Merged Runtime Predictor,3099a023.qasm,512,0.220691,0.0152,0.2294
Merged Runtime Predictor,31b8fb3c.qasm,16,0.481863,0.3579,0.2356
Merged Runtime Predictor,31b8fb3c.qasm,64,0.755066,0.3579,0.2214
Merged Runtime Predictor,31b8fb3c.qasm,512,0.500168,0.3579,0.2191
Merged Runtime Predictor,31fd025e.qasm,16,1.647514,0.6169,0.2450
Merged Runtime Predictor,31fd025e.qasm,64,7.735716,0.6169,0.2826
Merged Runtime Predictor,31fd025e.qasm,512,266.398329,0.6169,0.2245
Merged Runtime Predictor,320de9fb.qasm,16,39.137137,4.1032,0.2455
Merged Runtime Predictor,320de9fb.qasm,64,255.919550,4.1032,0.2321
Merged Runtime Predictor,320de9fb.qasm,512,14400.000000,4.1032,0.2397
Merged Runtime Predictor,32de9cc1.qasm,16,1.103374,0.2851,0.2412
Merged Runtime Predictor,32de9cc1.qasm,64,2.267151,0.2851,0.2343
Merged Runtime Predictor,32de9cc1.qasm,512,23.061738,0.2851,0.2294
Merged Runtime Predictor,32f44532.qasm,16,9.860629,0.7205,0.2250
Merged Runtime Predictor,32f44532.qasm,64,0.281663,0.7205,0.2214
Merged Runtime Predictor,32f44532.qasm,512,27.311424,0.7205,0.2215
Merged Runtime Predictor,336f664c.qasm,16,0.189381,0.0312,0.2312
Merged Runtime Predictor,336f664c.qasm,64,0.932860,0.0312,0.2195
Merged Runtime Predictor,336f664c.qasm,512,0.427868,0.0312,0.2211
Merged Runtime Predictor,33a2f9be.qasm,16,1.026776,0.4514,0.2426
Merged Runtime Predictor,33a2f9be.qasm,64,4.322333,0.4514,0.2385
Merged Runtime Predictor,33a2f9be.qasm,512,94.069363,0.4514,0.2300
Merged Runtime Predictor,33c62fb8.qasm,16,30.385610,3.9590,0.2491
Merged Runtime Predictor,33c62fb8.qasm,64,14.318725,3.9590,0.2418
Merged Runtime Predictor,33c62fb8.qasm,512,28.604540,3.9590,0.2386
Merged Runtime Predictor,3436484d.qasm,16,1.381398,0.4878,0.2353
Merged Runtime Predictor,3436484d.qasm,64,5.704251,0.4878,0.2338
Merged Runtime Predictor,3436484d.qasm,512,133.592582,0.4878,0.2418
Merged Runtime Predictor,36d0ea8f.qasm,16,0.205078,0.0101,0.2335
Merged Runtime Predictor,36d0ea8f.qasm,64,0.503022,0.0101,0.2412
Merged Runtime Predictor,36d0ea8f.qasm,512,0.222545,0.0101,0.2370
Merged Runtime Predictor,36e23777.qasm,16,1.400905,0.5787,0.2267
Merged Runtime Predictor,36e23777.qasm,64,7.967210,0.5787,0.2809
Merged Runtime Predictor,36e23777.qasm,512,293.066356,0.5787,0.2433
Merged Runtime Predictor,371eea68.qasm,16,0.179135,0.0080,0.2389
Merged Runtime Predictor,371eea68.qasm,64,0.279769,0.0080,0.2318
Merged Runtime Predictor,371eea68.qasm,512,0.296699,0.0080,0.2173
Merged Runtime Predictor,376d7d92.qasm,16,0.187108,0.0245,0.2395
Merged Runtime Predictor,376d7d92.qasm,64,2.625738,0.0245,0.2198
Merged Runtime Predictor,376d7d92.qasm,512,0.173968,0.0245,0.2215
Merged Runtime Predictor,37bd268c.qasm,16,0.235757,0.0216,0.2322
Merged Runtime Predictor,37bd268c.qasm,64,1.132669,0.0216,0.2234
Merged Runtime Predictor,37bd268c.qasm,512,0.235603,0.0216,0.2185
Merged Runtime Predictor,3814b0b9.qasm,16,135.288678,3.6205,0.2404
Merged Runtime Predictor,3814b0b9.qasm,64,242.508126,3.6205,0.2280
Merged Runtime Predictor,3814b0b9.qasm,512,9377.238215,3.6205,0.2395
Merged Runtime Predictor,383bbcad.qasm,16,0.186571,0.0057,0.2360
Merged Runtime Predictor,383bbcad.qasm,64,0.618723,0.0057,0.2350
Merged Runtime Predictor,383bbcad.qasm,512,0.189468,0.0057,0.2263
Merged Runtime Predictor,3841ff5b.qasm,16,2.003503,0.8905,0.2651
Merged Runtime Predictor,3841ff5b.qasm,64,15.399138,0.8905,0.2227
Merged Runtime Predictor,3841ff5b.qasm,512,698.074783,0.8905,0.2367
Merged Runtime Predictor,385fa1b6.qasm,16,3.751021,0.0387,0.2339
Merged Runtime Predictor,385fa1b6.qasm,64,3.614504,0.0387,0.2375
Merged Runtime Predictor,385fa1b6.qasm,512,3.771402,0.0387,0.2205
Merged Runtime Predictor,386534f5.qasm,16,1.791569,0.7134,0.2339
Merged Runtime Predictor,386534f5.qasm,64,10.021854,0.7134,0.2196
Merged Runtime Predictor,386534f5.qasm,512,382.616737,0.7134,0.2415
Merged Runtime Predictor,3a8d3e53.qasm,16,0.354429,0.2193,0.2242
Merged Runtime Predictor,3a8d3e53.qasm,64,1.130617,0.2193,0.2309
Merged Runtime Predictor,3a8d3e53.qasm,512,0.337152,0.2193,0.2308
Merged Runtime Predictor,3be98d6c.qasm,16,2.766758,0.0227,0.2290
Merged Runtime Predictor,3be98d6c.qasm,64,18.741994,0.0227,0.2426
Merged Runtime Predictor,3be98d6c.qasm,512,509.902201,0.0227,0.2404
Merged Runtime Predictor,3c1f4948.qasm,16,0.183031,0.0120,0.2267
Merged Runtime Predictor,3c1f4948.qasm,64,0.203083,0.0120,0.2296
Merged Runtime Predictor,3c1f4948.qasm,512,0.180969,0.0120,0.2358
Merged Runtime Predictor,3c2f55c1.qasm,16,14400.000000,1.0598,0.2419
Merged Runtime Predictor,3c2f55c1.qasm,64,10483.256550,1.0598,0.2356
Merged Runtime Predictor,3c2f55c1.qasm,512,281.520128,1.0598,0.2342
Merged Runtime Predictor,3c890561.qasm,16,14.606370,0.3650,0.2415
Merged Runtime Predictor,3c890561.qasm,64,1.364297,0.3650,0.2386
Merged Runtime Predictor,3c890561.qasm,512,14.771693,0.3650,0.2190
Merged Runtime Predictor,3ccd19ee.qasm,16,2.045658,0.8225,0.2395
Merged Runtime Predictor,3ccd19ee.qasm,64,12.166007,0.8225,0.2369
Merged Runtime Predictor,3ccd19ee.qasm,512,482.825578,0.8225,0.2366
Merged Runtime Predictor,3db115f1.qasm,16,0.213302,0.0065,0.2361
Merged Runtime Predictor,3db115f1.qasm,64,0.270950,0.0065,0.2299
Merged Runtime Predictor,3db115f1.qasm,512,0.177520,0.0065,0.2222
Merged Runtime Predictor,3e2fde05.qasm,16,1.462130,0.6346,0.2238
Merged Runtime Predictor,3e2fde05.qasm,64,8.444593,0.6346,0.2297
Merged Runtime Predictor,3e2fde05.qasm,512,312.855945,0.6346,0.2247
Merged Runtime Predictor,3e730381.qasm,16,0.171076,0.0060,0.2196
Merged Runtime Predictor,3e730381.qasm,64,1.404813,0.0060,0.2193
Merged Runtime Predictor,3e730381.qasm,512,0.222737,0.0060,0.2257
Merged Runtime Predictor,3eb6cff0.qasm,16,13.284301,9.1235,0.2435
Merged Runtime Predictor,3eb6cff0.qasm,64,12.650560,9.1235,0.2233
Merged Runtime Predictor,3eb6cff0.qasm,512,12.446291,9.1235,0.2232
Merged Runtime Predictor,3eca4614.qasm,16,1.796212,0.7142,0.2441
Merged Runtime Predictor,3eca4614.qasm,64,9.976805,0.7142,0.2391
Merged Runtime Predictor,3eca4614.qasm,512,374.564209,0.7142,0.2412
Merged Runtime Predictor,3ee85ccf.qasm,16,1.076992,0.2985,0.2324
Merged Runtime Predictor,3ee85ccf.qasm,64,2.566935,0.2985,0.2283
Merged Runtime Predictor,3ee85ccf.qasm,512,34.478911,0.2985,0.2304
Merged Runtime Predictor,3f072f57.qasm,16,1.191419,0.4124,0.2218
Merged Runtime Predictor,3f072f57.qasm,64,4.299206,0.4124,0.2200
Merged Runtime Predictor,3f072f57.qasm,512,94.259093,0.4124,0.2571
Merged Runtime Predictor,3f858470.qasm,16,0.455898,0.7088,0.2406
Merged Runtime Predictor,3f858470.qasm,64,0.663592,0.7088,0.2300
Merged Runtime Predictor,3f858470.qasm,512,0.467450,0.7088,0.2330
Merged Runtime Predictor,40b719e2.qasm,16,253.140322,8.2104,0.2470
Merged Runtime Predictor,40b719e2.qasm,64,394.193575,8.2104,0.2262
Merged Runtime Predictor,40b719e2.qasm,512,14400.000000,8.2104,0.2465
Merged Runtime Predictor,40e78b26.qasm,16,0.182653,0.0039,0.2217
Merged Runtime Predictor,40e78b26.qasm,64,0.179423,0.0039,0.2287
Merged Runtime Predictor,40e78b26.qasm,512,0.203640,0.0039,0.2399
Merged Runtime Predictor,41bd27aa.qasm,16,1.137895,0.0256,0.2386
Merged Runtime Predictor,41bd27aa.qasm,64,4.545335,0.0256,0.2225
Merged Runtime Predictor,41bd27aa.qasm,512,151.723903,0.0256,0.2397
Merged Runtime Predictor,42a256ea.qasm,16,1.733609,0.6921,0.2757
Merged Runtime Predictor,42a256ea.qasm,64,10.100448,0.6921,0.2406
Merged Runtime Predictor,42a256ea.qasm,512,403.840505,0.6921,0.2314
Merged Runtime Predictor,42a71e24.qasm,16,17.243152,0.3226,0.2338
Merged Runtime Predictor,42a71e24.qasm,64,27.542764,0.3226,0.2204
Merged Runtime Predictor,42a71e24.qasm,512,1810.003549,0.3226,0.2234
Merged Runtime Predictor,42fa6cae.qasm,16,1.908246,0.8388,0.2452
Merged Runtime Predictor,42fa6cae.qasm,64,14.083083,0.8388,0.2385
Merged Runtime Predictor,42fa6cae.qasm,512,561.193839,0.8388,0.2283
Merged Runtime Predictor,43168c33.qasm,16,0.180261,0.0019,0.2206
Merged Runtime Predictor,43168c33.qasm,64,0.177889,0.0019,0.2250
Merged Runtime Predictor,43168c33.qasm,512,0.178729,0.0019,0.2198
Merged Runtime Predictor,4318a3ef.qasm,16,1.537387,0.6490,0.2335
Merged Runtime Predictor,4318a3ef.qasm,64,7.721378,0.6490,0.2223
Merged Runtime Predictor,4318a3ef.qasm,512,261.299962,0.6490,0.2228
Merged Runtime Predictor,4327c91d.qasm,16,1.779855,0.7362,0.2403
Merged Runtime Predictor,4327c91d.qasm,64,12.266198,0.7362,0.2440
Merged Runtime Predictor,4327c91d.qasm,512,470.231109,0.7362,0.2193
Merged Runtime Predictor,432efc30.qasm,16,0.183990,0.0047,0.2404
Merged Runtime Predictor,432efc30.qasm,64,0.173119,0.0047,0.2274
Merged Runtime Predictor,432efc30.qasm,512,0.178703,0.0047,0.2232
Merged Runtime Predictor,445caba2.qasm,16,0.186059,0.0044,0.2334
Merged Runtime Predictor,445caba2.qasm,64,0.169354,0.0044,0.2320
Merged Runtime Predictor,445caba2.qasm,512,0.176746,0.0044,0.2226
Merged Runtime Predictor,448ebca1.qasm,16,0.181406,0.0066,0.2275
Merged Runtime Predictor,448ebca1.qasm,64,0.284316,0.0066,0.2179
Merged Runtime Predictor,448ebca1.qasm,512,0.190322,0.0066,0.2553
Merged Runtime Predictor,46073cb3.qasm,16,65.772116,20.0943,0.2451
Merged Runtime Predictor,46073cb3.qasm,64,31.748158,20.0943,0.2286
Merged Runtime Predictor,46073cb3.qasm,512,703.242253,20.0943,0.2415
Merged Runtime Predictor,46188cf9.qasm,16,2.039573,0.8289,0.2472
Merged Runtime Predictor,46188cf9.qasm,64,12.122082,0.8289,0.2391
Merged Runtime Predictor,46188cf9.qasm,512,495.931074,0.8289,0.2396
Merged Runtime Predictor,46de7f9b.qasm,16,6.740712,0.6199,0.2392
Merged Runtime Predictor,46de7f9b.qasm,64,0.176647,0.6199,0.2234
Merged Runtime Predictor,46de7f9b.qasm,512,21.239076,0.6199,0.2358
Merged Runtime Predictor,4737100f.qasm,16,124.070174,0.8678,0.2221
Merged Runtime Predictor,4737100f.qasm,64,202.642854,0.8678,0.2280
Merged Runtime Predictor,4737100f.qasm,512,14400.000000,0.8678,0.2332
Merged Runtime Predictor,474aa01a.qasm,16,1.727503,0.7864,0.2345
Merged Runtime Predictor,474aa01a.qasm,64,12.964402,0.7864,0.2351
Merged Runtime Predictor,474aa01a.qasm,512,585.323749,0.7864,0.2269
Merged Runtime Predictor,4846208f.qasm,16,3.117724,0.0073,0.2412
Merged Runtime Predictor,4846208f.qasm,64,0.295557,0.0073,0.2305
Merged Runtime Predictor,4846208f.qasm,512,0.319589,0.0073,0.2266
Merged Runtime Predictor,4a262567.qasm,16,1.800426,0.7047,0.2290
Merged Runtime Predictor,4a262567.qasm,64,9.981332,0.7047,0.2293
Merged Runtime Predictor,4a262567.qasm,512,372.842166,0.7047,0.2155
Merged Runtime Predictor,4a5eba47.qasm,16,0.183193,0.0428,0.2553
Merged Runtime Predictor,4a5eba47.qasm,64,5.121653,0.0428,0.2355
Merged Runtime Predictor,4a5eba47.qasm,512,0.184032,0.0428,0.2775
Merged Runtime Predictor,4ae57e38.qasm,16,13.161481,0.1028,0.2303
Merged Runtime Predictor,4ae57e38.qasm,64,2.932346,0.1028,0.2280
Merged Runtime Predictor,4ae57e38.qasm,512,41.784669,0.1028,0.2255
Merged Runtime Predictor,4cbdcf4f.qasm,16,1.197686,0.3769,0.2321
Merged Runtime Predictor,4cbdcf4f.qasm,64,4.166507,0.3769,0.2261
Merged Runtime Predictor,4cbdcf4f.qasm,512,94.404963,0.3769,0.2327
Merged Runtime Predictor,4d59437e.qasm,16,14400.000000,11.4457,0.2371
Merged Runtime Predictor,4d59437e.qasm,64,14400.000000,11.4457,0.2292
Merged Runtime Predictor,4d59437e.qasm,512,14400.000000,11.4457,0.2334
Merged Runtime Predictor,4d78cdd5.qasm,16,0.195201,0.0017,0.2287
Merged Runtime Predictor,4d78cdd5.qasm,64,0.178578,0.0017,0.2233
Merged Runtime Predictor,4d78cdd5.qasm,512,0.192351,0.0017,0.2335
Merged Runtime Predictor,4dc2ff13.qasm,16,0.180853,0.0053,0.2339
Merged Runtime Predictor,4dc2ff13.qasm,64,0.603239,0.0053,0.2325
Merged Runtime Predictor,4dc2ff13.qasm,512,0.182193,0.0053,0.2191
Merged Runtime Predictor,4e8df7a8.qasm,16,14400.000000,31.5822,0.2435
Merged Runtime Predictor,4e8df7a8.qasm,64,14400.000000,31.5822,0.2242
Merged Runtime Predictor,4e8df7a8.qasm,512,14400.000000,31.5822,0.2237
Merged Runtime Predictor,4f476879.qasm,16,1.116232,0.4360,0.2450
Merged Runtime Predictor,4f476879.qasm,64,5.091794,0.4360,0.2395
Merged Runtime Predictor,4f476879.qasm,512,147.661322,0.4360,0.2411
Merged Runtime Predictor,4f48ab57.qasm,16,0.522412,0.0161,0.2347
Merged Runtime Predictor,4f48ab57.qasm,64,0.432002,0.0161,0.2302
Merged Runtime Predictor,4f48ab57.qasm,512,0.982136,0.0161,0.2308
Merged Runtime Predictor,4f9a3ab1.qasm,16,0.181451,0.0049,0.2406
Merged Runtime Predictor,4f9a3ab1.qasm,64,0.275989,0.0049,0.2292
Merged Runtime Predictor,4f9a3ab1.qasm,512,0.177840,0.0049,0.2311
Merged Runtime Predictor,4fd60583.qasm,16,71.335600,12.8471,0.2234
Merged Runtime Predictor,4fd60583.qasm,64,3.807372,12.8471,0.2436
Merged Runtime Predictor,4fd60583.qasm,512,873.557956,12.8471,0.2559
Merged Runtime Predictor,4ffb1090.qasm,16,2.002731,2.4822,0.2390
Merged Runtime Predictor,4ffb1090.qasm,64,2.547611,2.4822,0.2281
Merged Runtime Predictor,4ffb1090.qasm,512,1.866182,2.4822,0.2215
Merged Runtime Predictor,5050d142.qasm,16,0.218864,0.0057,0.2345
Merged Runtime Predictor,5050d142.qasm,64,1.922937,0.0057,0.2158
Merged Runtime Predictor,5050d142.qasm,512,1.432844,0.0057,0.2317
Merged Runtime Predictor,51b16166.qasm,16,1.210442,0.4144,0.2589
Merged Runtime Predictor,51b16166.qasm,64,4.166621,0.4144,0.2277
Merged Runtime Predictor,51b16166.qasm,512,92.033181,0.4144,0.2319
Merged Runtime Predictor,51b543de.qasm,16,3.001468,1.2224,0.2402
Merged Runtime Predictor,51b543de.qasm,64,23.724361,1.2224,0.2411
Merged Runtime Predictor,51b543de.qasm,512,1076.430822,1.2224,0.2406
Merged Runtime Predictor,52b00428.qasm,16,2.007932,0.8579,0.2243
Merged Runtime Predictor,52b00428.qasm,64,9.086201,0.8579,0.2422
Merged Runtime Predictor,52b00428.qasm,512,689.377204,0.8579,0.2537
Merged Runtime Predictor,53442dc5.qasm,16,0.179884,0.0049,0.2333
Merged Runtime Predictor,53442dc5.qasm,64,0.227391,0.0049,0.2179
Merged Runtime Predictor,53442dc5.qasm,512,0.189131,0.0049,0.2202
Merged Runtime Predictor,5357322a.qasm,16,2.013163,0.1774,0.2304
Merged Runtime Predictor,5357322a.qasm,64,0.177505,0.1774,0.2263
Merged Runtime Predictor,5357322a.qasm,512,3.101748,0.1774,0.2257
Merged Runtime Predictor,5385a9e9.qasm,16,1.706287,0.7294,0.2282
Merged Runtime Predictor,5385a9e9.qasm,64,10.522710,0.7294,0.2140
Merged Runtime Predictor,5385a9e9.qasm,512,405.370021,0.7294,0.2308
Merged Runtime Predictor,53e971c2.qasm,16,0.175529,0.0072,0.2216
Merged Runtime Predictor,53e971c2.qasm,64,0.174774,0.0072,0.2191
Merged Runtime Predictor,53e971c2.qasm,512,0.179883,0.0072,0.2150
Merged Runtime Predictor,54c8f710.qasm,16,0.541690,0.0025,0.2216
Merged Runtime Predictor,54c8f710.qasm,64,0.568806,0.0025,0.2588
Merged Runtime Predictor,54c8f710.qasm,512,0.532830,0.0025,0.2229
Merged Runtime Predictor,54f0b8c5.qasm,16,0.192671,0.0439,0.2320
Merged Runtime Predictor,54f0b8c5.qasm,64,0.271128,0.0439,0.2255
Merged Runtime Predictor,54f0b8c5.qasm,512,0.237969,0.0439,0.2206
Merged Runtime Predictor,551cc6ea.qasm,16,3.882803,0.1661,0.2327
Merged Runtime Predictor,551cc6ea.qasm,64,0.695358,0.1661,0.2191
Merged Runtime Predictor,551cc6ea.qasm,512,905.570187,0.1661,0.2214
Merged Runtime Predictor,568c1ef9.qasm,16,0.191234,0.0050,0.2241
Merged Runtime Predictor,568c1ef9.qasm,64,0.244522,0.0050,0.2189
Merged Runtime Predictor,568c1ef9.qasm,512,0.189084,0.0050,0.2203
Merged Runtime Predictor,574915eb.qasm,16,1.655070,0.0252,0.2269
Merged Runtime Predictor,574915eb.qasm,64,6.502246,0.0252,0.2197
Merged Runtime Predictor,574915eb.qasm,512,248.543527,0.0252,0.2284
Merged Runtime Predictor,577f5adb.qasm,16,1.174545,0.0138,0.2377
Merged Runtime Predictor,577f5adb.qasm,64,5.587219,0.0138,0.2286
Merged Runtime Predictor,577f5adb.qasm,512,1.629218,0.0138,0.2342
Merged Runtime Predictor,587be285.qasm,16,1.386366,0.6142,0.2424
Merged Runtime Predictor,587be285.qasm,64,7.934889,0.6142,0.2324
Merged Runtime Predictor,587be285.qasm,512,285.649443,0.6142,0.2315
Merged Runtime Predictor,588e0101.qasm,16,0.235545,0.0112,0.2299
Merged Runtime Predictor,588e0101.qasm,64,0.515419,0.0112,0.2496
Merged Runtime Predictor,588e0101.qasm,512,8.771277,0.0112,0.2371
Merged Runtime Predictor,591d39f6.qasm,16,2.678046,1.1095,0.2409
Merged Runtime Predictor,591d39f6.qasm,64,20.974699,1.1095,0.2266
Merged Runtime Predictor,591d39f6.qasm,512,985.244951,1.1095,0.2369
Merged Runtime Predictor,59267ce4.qasm,16,0.217935,0.0051,0.2330
Merged Runtime Predictor,59267ce4.qasm,64,0.299313,0.0051,0.2253
Merged Runtime Predictor,59267ce4.qasm,512,0.231305,0.0051,0.2718
Merged Runtime Predictor,5a4964e2.qasm,16,3.018285,1.2342,0.2512
Merged Runtime Predictor,5a4964e2.qasm,64,23.764193,1.2342,0.2447
Merged Runtime Predictor,5a4964e2.qasm,512,1095.017163,1.2342,0.2165
Merged Runtime Predictor,5a741dbe.qasm,16,658.258170,0.0219,0.2321
Merged Runtime Predictor,5a741dbe.qasm,64,100.699183,0.0219,0.2269
Merged Runtime Predictor,5a741dbe.qasm,512,8.477327,0.0219,0.2202
Merged Runtime Predictor,5a9f20b0.qasm,16,1.978208,0.8281,0.2335
Merged Runtime Predictor,5a9f20b0.qasm,64,14.180744,0.8281,0.2300
Merged Runtime Predictor,5a9f20b0.qasm,512,555.685481,0.8281,0.2346
Merged Runtime Predictor,5b419375.qasm,16,5.069303,0.0897,0.2293
Merged Runtime Predictor,5b419375.qasm,64,17.934423,0.0897,0.2285
Merged Runtime Predictor,5b419375.qasm,512,777.665757,0.0897,0.2240
Merged Runtime Predictor,5b482142.qasm,16,0.182460,0.0018,0.2239
Merged Runtime Predictor,5b482142.qasm,64,0.177343,0.0018,0.2230
Merged Runtime Predictor,5b482142.qasm,512,0.200076,0.0018,0.2453
Merged Runtime Predictor,5b58ce32.qasm,16,0.227250,0.0056,0.2646
Merged Runtime Predictor,5b58ce32.qasm,64,0.177548,0.0056,0.2186
Merged Runtime Predictor,5b58ce32.qasm,512,0.211846,0.0056,0.2322
Merged Runtime Predictor,5c176f37.qasm,16,1.971720,0.1126,0.2265
Merged Runtime Predictor,5c176f37.qasm,64,0.298084,0.1126,0.2248
Merged Runtime Predictor,5c176f37.qasm,512,226.271915,0.1126,0.2113
Merged Runtime Predictor,5c2359c8.qasm,16,16.878013,0.4785,0.2352
Merged Runtime Predictor,5c2359c8.qasm,64,1.045664,0.4785,0.2396
Merged Runtime Predictor,5c2359c8.qasm,512,26.421617,0.4785,0.2283
Merged Runtime Predictor,5cfcb9cd.qasm,16,45.199990,0.3742,0.2181
Merged Runtime Predictor,5cfcb9cd.qasm,64,43.007311,0.3742,0.2154
Merged Runtime Predictor,5cfcb9cd.qasm,512,45.965929,0.3742,0.2244
Merged Runtime Predictor,5d14d092.qasm,16,1.845752,0.7343,0.2391
Merged Runtime Predictor,5d14d092.qasm,64,10.702311,0.7343,0.2146
Merged Runtime Predictor,5d14d092.qasm,512,447.546818,0.7343,0.2206
Merged Runtime Predictor,5d2b11a2.qasm,16,1.753553,0.7374,0.2155
Merged Runtime Predictor,5d2b11a2.qasm,64,8.084796,0.7374,0.2091
Merged Runtime Predictor,5d2b11a2.qasm,512,575.526424,0.7374,0.2292
Merged Runtime Predictor,5d565485.qasm,16,1.755905,0.7778,0.2434
Merged Runtime Predictor,5d565485.qasm,64,12.996869,0.7778,0.2355
Merged Runtime Predictor,5d565485.qasm,512,579.607852,0.7778,0.2286
Merged Runtime Predictor,5da1db4b.qasm,16,1.668618,0.6825,0.2327
Merged Runtime Predictor,5da1db4b.qasm,64,9.482616,0.6825,0.2244
Merged Runtime Predictor,5da1db4b.qasm,512,342.409996,0.6825,0.2358
Merged Runtime Predictor,5e3dc35d.qasm,16,0.176174,0.0034,0.2378
Merged Runtime Predictor,5e3dc35d.qasm,64,0.167230,0.0034,0.2314
Merged Runtime Predictor,5e3dc35d.qasm,512,0.180474,0.0034,0.2311
Merged Runtime Predictor,5e4c8439.qasm,16,1.102748,0.3030,0.2349
Merged Runtime Predictor,5e4c8439.qasm,64,2.518022,0.3030,0.2252
Merged Runtime Predictor,5e4c8439.qasm,512,33.654576,0.3030,0.2375
Merged Runtime Predictor,5e6b0a76.qasm,16,1.050808,0.0048,0.2598
Merged Runtime Predictor,5e6b0a76.qasm,64,0.794021,0.0048,0.2321
Merged Runtime Predictor,5e6b0a76.qasm,512,0.572240,0.0048,0.2206
Merged Runtime Predictor,5eaee29f.qasm,16,0.838078,0.0227,0.2217
Merged Runtime Predictor,5eaee29f.qasm,64,0.207958,0.0227,0.2379
Merged Runtime Predictor,5eaee29f.qasm,512,0.759417,0.0227,0.2353
Merged Runtime Predictor,5ed4dd47.qasm,16,0.177713,0.0019,0.2348
Merged Runtime Predictor,5ed4dd47.qasm,64,0.169096,0.0019,0.2251
Merged Runtime Predictor,5ed4dd47.qasm,512,0.172268,0.0019,0.2225
Merged Runtime Predictor,5ee9c404.qasm,16,0.511918,0.0157,0.2195
Merged Runtime Predictor,5ee9c404.qasm,64,0.359240,0.0157,0.2186
Merged Runtime Predictor,5ee9c404.qasm,512,0.496034,0.0157,0.2207
Merged Runtime Predictor,5ef5ff7c.qasm,16,1.951780,0.8405,0.2451
Merged Runtime Predictor,5ef5ff7c.qasm,64,14.163415,0.8405,0.2389
Merged Runtime Predictor,5ef5ff7c.qasm,512,551.403443,0.8405,0.2696
Merged Runtime Predictor,5f0ad979.qasm,16,1.440777,0.6720,0.2398
Merged Runtime Predictor,5f0ad979.qasm,64,8.467817,0.6720,0.2268
Merged Runtime Predictor,5f0ad979.qasm,512,314.641641,0.6720,0.2286
Merged Runtime Predictor,5f39af5c.qasm,16,1.210568,0.0116,0.2445
Merged Runtime Predictor,5f39af5c.qasm,64,1.229327,0.0116,0.2288
Merged Runtime Predictor,5f39af5c.qasm,512,1.211395,0.0116,0.2365
Merged Runtime Predictor,5f6a8a9b.qasm,16,0.213879,0.0080,0.2385
Merged Runtime Predictor,5f6a8a9b.qasm,64,0.173857,0.0080,0.2222
Merged Runtime Predictor,5f6a8a9b.qasm,512,0.218185,0.0080,0.2268
Merged Runtime Predictor,5f79d6db.qasm,16,1.445262,0.6368,0.2427
Merged Runtime Predictor,5f79d6db.qasm,64,8.485459,0.6368,0.2419
Merged Runtime Predictor,5f79d6db.qasm,512,311.188411,0.6368,0.2271
Merged Runtime Predictor,613afa2d.qasm,16,1.166959,0.4457,0.2385
Merged Runtime Predictor,613afa2d.qasm,64,4.287863,0.4457,0.2224
Merged Runtime Predictor,613afa2d.qasm,512,94.280077,0.4457,0.2306
Merged Runtime Predictor,622c4417.qasm,16,1.895900,0.8260,0.2483
Merged Runtime Predictor,622c4417.qasm,64,14.103360,0.8260,0.2431
Merged Runtime Predictor,622c4417.qasm,512,552.484313,0.8260,0.2380
Merged Runtime Predictor,635bd24f.qasm,16,9.554883,0.7156,0.2397
Merged Runtime Predictor,635bd24f.qasm,64,0.294311,0.7156,0.2336
Merged Runtime Predictor,635bd24f.qasm,512,28.279814,0.7156,0.2140
Merged Runtime Predictor,637811d8.qasm,16,1.984171,0.8040,0.2312
Merged Runtime Predictor,637811d8.qasm,64,11.477892,0.8040,0.2235
Merged Runtime Predictor,637811d8.qasm,512,435.164993,0.8040,0.2351
Merged Runtime Predictor,63aaa50d.qasm,16,0.184102,0.0637,0.2341
Merged Runtime Predictor,63aaa50d.qasm,64,0.298581,0.0637,0.2395
Merged Runtime Predictor,63aaa50d.qasm,512,0.187322,0.0637,0.2483
Merged Runtime Predictor,64273f69.qasm,16,1.397168,0.5762,0.2304
Merged Runtime Predictor,64273f69.qasm,64,7.947035,0.5762,0.2276
Merged Runtime Predictor,64273f69.qasm,512,284.298277,0.5762,0.2194
Merged Runtime Predictor,6457f235.qasm,16,0.251674,0.0123,0.2363
Merged Runtime Predictor,6457f235.qasm,64,0.974101,0.0123,0.2233
Merged Runtime Predictor,6457f235.qasm,512,19.686550,0.0123,0.2177
Merged Runtime Predictor,64731b8d.qasm,16,2.051922,0.8618,0.2406
Merged Runtime Predictor,64731b8d.qasm,64,12.588832,0.8618,0.2364
Merged Runtime Predictor,64731b8d.qasm,512,491.304848,0.8618,0.2417
Merged Runtime Predictor,64f32748.qasm,16,1.996015,0.7662,0.2292
Merged Runtime Predictor,64f32748.qasm,64,11.483738,0.7662,0.2223
Merged Runtime Predictor,64f32748.qasm,512,437.574157,0.7662,0.2123
Merged Runtime Predictor,6533abd6.qasm,16,5357.006025,5.9183,0.2373
Merged Runtime Predictor,6533abd6.qasm,64,333.948551,5.9183,0.2285
Merged Runtime Predictor,6533abd6.qasm,512,14400.000000,5.9183,0.2230
Merged Runtime Predictor,65dcd512.qasm,16,0.561562,0.0664,0.2394
Merged Runtime Predictor,65dcd512.qasm,64,0.503007,0.0664,0.2291
Merged Runtime Predictor,65dcd512.qasm,512,0.573951,0.0664,0.2352
Merged Runtime Predictor,661be484.qasm,16,824.876654,11.2094,0.2605
Merged Runtime Predictor,661be484.qasm,64,586.327449,11.2094,0.2328
Merged Runtime Predictor,661be484.qasm,512,14400.000000,11.2094,0.2355
Merged Runtime Predictor,66343f14.qasm,16,0.184194,0.0018,0.2359
Merged Runtime Predictor,66343f14.qasm,64,0.177886,0.0018,0.2302
Merged Runtime Predictor,66343f14.qasm,512,0.186082,0.0018,0.2310
Merged Runtime Predictor,6694b099.qasm,16,13.817716,0.1278,0.2282
Merged Runtime Predictor,6694b099.qasm,64,13.767115,0.1278,0.2227
Merged Runtime Predictor,6694b099.qasm,512,13.925680,0.1278,0.2312
Merged Runtime Predictor,67346cae.qasm,16,0.177414,0.0024,0.2229
Merged Runtime Predictor,67346cae.qasm,64,0.157373,0.0024,0.2298
Merged Runtime Predictor,67346cae.qasm,512,0.238703,0.0024,0.2249
Merged Runtime Predictor,6740a375.qasm,16,0.172015,0.0486,0.2351
Merged Runtime Predictor,6740a375.qasm,64,9.933118,0.0486,0.2149
Merged Runtime Predictor,6740a375.qasm,512,0.188287,0.0486,0.2258
Merged Runtime Predictor,6785591a.qasm,16,0.211978,0.0091,0.2324
Merged Runtime Predictor,6785591a.qasm,64,1.044088,0.0091,0.2210
Merged Runtime Predictor,6785591a.qasm,512,0.221307,0.0091,0.2765
Merged Runtime Predictor,67b5fe45.qasm,16,363.914181,9.8780,0.2409
Merged Runtime Predictor,67b5fe45.qasm,64,122.017917,9.8780,0.2294
Merged Runtime Predictor,67b5fe45.qasm,512,1659.334700,9.8780,0.2559
Merged Runtime Predictor,67f3547d.qasm,16,1.412396,0.0044,0.2411
Merged Runtime Predictor,67f3547d.qasm,64,1.306841,0.0044,0.2190
Merged Runtime Predictor,67f3547d.qasm,512,1.422280,0.0044,0.2273
Merged Runtime Predictor,68528bdf.qasm,16,0.182748,0.0094,0.2290
Merged Runtime Predictor,68528bdf.qasm,64,0.167103,0.0094,0.2345
Merged Runtime Predictor,68528bdf.qasm,512,0.181391,0.0094,0.2293
Merged Runtime Predictor,699bd83c.qasm,16,755.493067,3.6827,0.2368
Merged Runtime Predictor,699bd83c.qasm,64,1027.365967,3.6827,0.2301
Merged Runtime Predictor,699bd83c.qasm,512,14400.000000,3.6827,0.2297
Merged Runtime Predictor,69c7223c.qasm,16,0.993934,0.0473,0.2395
Merged Runtime Predictor,69c7223c.qasm,64,5.639439,0.0473,0.2511
Merged Runtime Predictor,69c7223c.qasm,512,282.734673,0.0473,0.2440
Merged Runtime Predictor,69c8191e.qasm,16,0.174222,0.0172,0.2373
Merged Runtime Predictor,69c8191e.qasm,64,1.072212,0.0172,0.2251
Merged Runtime Predictor,69c8191e.qasm,512,0.172065,0.0172,0.2407
Merged Runtime Predictor,69cf1b12.qasm,16,1.867609,0.7332,0.2390
Merged Runtime Predictor,69cf1b12.qasm,64,10.697430,0.7332,0.2334
Merged Runtime Predictor,69cf1b12.qasm,512,436.363406,0.7332,0.2203
Merged Runtime Predictor,69e799fa.qasm,16,1.717438,0.6913,0.2318
Merged Runtime Predictor,69e799fa.qasm,64,10.072753,0.6913,0.2221
Merged Runtime Predictor,69e799fa.qasm,512,404.023595,0.6913,0.2411
Merged Runtime Predictor,6a5034af.qasm,16,6.356566,3.7260,0.2386
Merged Runtime Predictor,6a5034af.qasm,64,4.363400,3.7260,0.2287
Merged Runtime Predictor,6a5034af.qasm,512,6.534365,3.7260,0.2321
Merged Runtime Predictor,6bc3891b.qasm,16,0.182770,0.0061,0.2504
Merged Runtime Predictor,6bc3891b.qasm,64,0.299190,0.0061,0.2636
Merged Runtime Predictor,6bc3891b.qasm,512,0.180168,0.0061,0.2294
Merged Runtime Predictor,6c69bcc7.qasm,16,1.868665,0.7622,0.2355
Merged Runtime Predictor,6c69bcc7.qasm,64,11.274763,0.7622,0.2387
Merged Runtime Predictor,6c69bcc7.qasm,512,471.594904,0.7622,0.2388
Merged Runtime Predictor,6c848dc7.qasm,16,0.179805,0.0080,0.2397
Merged Runtime Predictor,6c848dc7.qasm,64,0.308413,0.0080,0.2211
Merged Runtime Predictor,6c848dc7.qasm,512,0.184060,0.0080,0.2224
Merged Runtime Predictor,6d2833ea.qasm,16,1.866854,0.7413,0.2171
Merged Runtime Predictor,6d2833ea.qasm,64,10.632133,0.7413,0.2224
Merged Runtime Predictor,6d2833ea.qasm,512,437.944327,0.7413,0.2167
Merged Runtime Predictor,6da6ce61.qasm,16,2.606339,1.1127,0.2418
Merged Runtime Predictor,6da6ce61.qasm,64,18.428576,1.1127,0.2233
Merged Runtime Predictor,6da6ce61.qasm,512,708.169068,1.1127,0.2242
Merged Runtime Predictor,6de17b5a.qasm,16,9.507451,0.0657,0.2412
Merged Runtime Predictor,6de17b5a.qasm,64,43.881165,0.0657,0.2348
Merged Runtime Predictor,6de17b5a.qasm,512,1526.885199,0.0657,0.2240
Merged Runtime Predictor,6ee18f92.qasm,16,0.173552,0.0036,0.2202
Merged Runtime Predictor,6ee18f92.qasm,64,1.143099,0.0036,0.2257
Merged Runtime Predictor,6ee18f92.qasm,512,1.076326,0.0036,0.2190
Merged Runtime Predictor,6f16ddc6.qasm,16,0.180934,0.0022,0.2279
Merged Runtime Predictor,6f16ddc6.qasm,64,0.172326,0.0022,0.2231
Merged Runtime Predictor,6f16ddc6.qasm,512,0.183479,0.0022,0.2225
Merged Runtime Predictor,6f6328cc.qasm,16,6.331848,0.6578,0.2230
Merged Runtime Predictor,6f6328cc.qasm,64,0.228816,0.6578,0.2176
Merged Runtime Predictor,6f6328cc.qasm,512,22.950825,0.6578,0.2282
Merged Runtime Predictor,6fef948c.qasm,16,10.059827,1.5077,0.2205
Merged Runtime Predictor,6fef948c.qasm,64,0.707801,1.5077,0.2243
Merged Runtime Predictor,6fef948c.qasm,512,9.222714,1.5077,0.2396
Merged Runtime Predictor,700c376b.qasm,16,2.052970,0.7951,0.2467
Merged Runtime Predictor,700c376b.qasm,64,12.203407,0.7951,0.2680
Merged Runtime Predictor,700c376b.qasm,512,480.291816,0.7951,0.2411
Merged Runtime Predictor,7063be19.qasm,16,1.985101,0.8700,0.2402
Merged Runtime Predictor,7063be19.qasm,64,13.939142,0.8700,0.2329
Merged Runtime Predictor,7063be19.qasm,512,702.046897,0.8700,0.2329
Merged Runtime Predictor,70d5d461.qasm,16,7.040645,0.1898,0.2488
Merged Runtime Predictor,70d5d461.qasm,64,0.164014,0.1898,0.2256
Merged Runtime Predictor,70d5d461.qasm,512,10.150795,0.1898,0.2191
Merged Runtime Predictor,711cdd0b.qasm,16,1.534105,0.5623,0.2331
Merged Runtime Predictor,711cdd0b.qasm,64,6.926875,0.5623,0.2206
Merged Runtime Predictor,711cdd0b.qasm,512,204.058028,0.5623,0.2259
Merged Runtime Predictor,72b5f996.qasm,16,0.185009,0.0134,0.2623
Merged Runtime Predictor,72b5f996.qasm,64,0.616999,0.0134,0.2581
Merged Runtime Predictor,72b5f996.qasm,512,0.181305,0.0134,0.2280
Merged Runtime Predictor,72cc2f13.qasm,16,14.632526,2.1086,0.2372
Merged Runtime Predictor,72cc2f13.qasm,64,12.280377,2.1086,0.2362
Merged Runtime Predictor,72cc2f13.qasm,512,573.478623,2.1086,0.2379
Merged Runtime Predictor,72d8892d.qasm,16,1.020418,0.0155,0.2323
Merged Runtime Predictor,72d8892d.qasm,64,5.155556,0.0155,0.2261
Merged Runtime Predictor,72d8892d.qasm,512,120.678299,0.0155,0.2197
Merged Runtime Predictor,73191d24.qasm,16,0.177496,0.0114,0.2967
Merged Runtime Predictor,73191d24.qasm,64,0.169342,0.0114,0.2347
Merged Runtime Predictor,73191d24.qasm,512,0.175329,0.0114,0.2248
Merged Runtime Predictor,7337baba.qasm,16,0.175104,0.0010,0.2204
Merged Runtime Predictor,7337baba.qasm,64,0.176837,0.0010,0.2106
Merged Runtime Predictor,7337baba.qasm,512,0.189934,0.0010,0.2267
Merged Runtime Predictor,733f4518.qasm,16,282.620594,8.8868,0.2376
Merged Runtime Predictor,733f4518.qasm,64,28.251981,8.8868,0.2312
Merged Runtime Predictor,733f4518.qasm,512,14400.000000,8.8868,0.2380
Merged Runtime Predictor,73f498a0.qasm,16,0.607617,0.0186,0.2551
Merged Runtime Predictor,73f498a0.qasm,64,0.938891,0.0186,0.2366
Merged Runtime Predictor,73f498a0.qasm,512,1.274574,0.0186,0.2410
Merged Runtime Predictor,742bfb51.qasm,16,14400.000000,16.1106,0.2478
Merged Runtime Predictor,742bfb51.qasm,64,14400.000000,16.1106,0.2309
Merged Runtime Predictor,742bfb51.qasm,512,14400.000000,16.1106,0.2286
Merged Runtime Predictor,749ea355.qasm,16,0.249335,0.0464,0.2401
Merged Runtime Predictor,749ea355.qasm,64,2.180806,0.0464,0.2250
Merged Runtime Predictor,749ea355.qasm,512,0.235895,0.0464,0.2277
Merged Runtime Predictor,7513561e.qasm,16,1.761132,0.7825,0.2428
Merged Runtime Predictor,7513561e.qasm,64,12.498373,0.7825,0.2526
Merged Runtime Predictor,7513561e.qasm,512,574.852680,0.7825,0.2295
Merged Runtime Predictor,75137edd.qasm,16,3.556791,0.0928,0.2251
Merged Runtime Predictor,75137edd.qasm,64,0.214390,0.0928,0.2366
Merged Runtime Predictor,75137edd.qasm,512,5.305337,0.0928,0.2193
Merged Runtime Predictor,751d7ced.qasm,16,2.185811,0.8220,0.2294
Merged Runtime Predictor,751d7ced.qasm,64,12.585842,0.8220,0.2222
Merged Runtime Predictor,751d7ced.qasm,512,525.328555,0.8220,0.2292
Merged Runtime Predictor,752a65aa.qasm,16,1.743453,0.6933,0.2560
Merged Runtime Predictor,752a65aa.qasm,64,10.017405,0.6933,0.2588
Merged Runtime Predictor,752a65aa.qasm,512,411.464259,0.6933,0.2219
Merged Runtime Predictor,7548d858.qasm,16,0.538271,0.2296,0.2332
Merged Runtime Predictor,7548d858.qasm,64,1.335935,0.2296,0.2312
Merged Runtime Predictor,7548d858.qasm,512,3.486285,0.2296,0.2242
Merged Runtime Predictor,758554e0.qasm,16,775.840404,3.1701,0.2408
Merged Runtime Predictor,758554e0.qasm,64,594.766017,3.1701,0.2310
Merged Runtime Predictor,758554e0.qasm,512,483.666872,3.1701,0.2283
Merged Runtime Predictor,75bd5cbf.qasm,16,36.624249,0.0252,0.2437
Merged Runtime Predictor,75bd5cbf.qasm,64,17.944789,0.0252,0.2296
Merged Runtime Predictor,75bd5cbf.qasm,512,41.205884,0.0252,0.2184
Merged Runtime Predictor,76034335.qasm,16,0.189637,0.0034,0.2305
Merged Runtime Predictor,76034335.qasm,64,0.661393,0.0034,0.2298
Merged Runtime Predictor,76034335.qasm,512,0.275230,0.0034,0.2240
Merged Runtime Predictor,76d0b692.qasm,16,23.516298,4.2610,0.2281
Merged Runtime Predictor,76d0b692.qasm,64,3.402549,4.2610,0.2419
Merged Runtime Predictor,76d0b692.qasm,512,684.309727,4.2610,0.2425
Merged Runtime Predictor,77a3a480.qasm,16,1.649356,0.6259,0.2346
Merged Runtime Predictor,77a3a480.qasm,64,8.930346,0.6259,0.2379
Merged Runtime Predictor,77a3a480.qasm,512,342.907248,0.6259,0.2661
Merged Runtime Predictor,78adf5c7.qasm,16,4.035619,0.0556,0.2405
Merged Runtime Predictor,78adf5c7.qasm,64,10.649367,0.0556,0.2381
Merged Runtime Predictor,78adf5c7.qasm,512,516.561673,0.0556,0.2310
Merged Runtime Predictor,78f96e37.qasm,16,1.387900,0.4856,0.2279
Merged Runtime Predictor,78f96e37.qasm,64,5.740271,0.4856,0.2257
Merged Runtime Predictor,78f96e37.qasm,512,133.842834,0.4856,0.2197
Merged Runtime Predictor,79b12d71.qasm,16,1.670501,0.6767,0.2268
Merged Runtime Predictor,79b12d71.qasm,64,9.511123,0.6767,0.2239
Merged Runtime Predictor,79b12d71.qasm,512,343.834611,0.6767,0.2313
Merged Runtime Predictor,7a0c7e70.qasm,16,375.089944,12.0915,0.2395
Merged Runtime Predictor,7a0c7e70.qasm,64,299.760866,12.0915,0.2277
Merged Runtime Predictor,7a0c7e70.qasm,512,14400.000000,12.0915,0.2202
Merged Runtime Predictor,7a1c98cc.qasm,16,2.542037,0.0048,0.2203
Merged Runtime Predictor,7a1c98cc.qasm,64,0.759672,0.0048,0.2324
Merged Runtime Predictor,7a1c98cc.qasm,512,0.608524,0.0048,0.2300
Merged Runtime Predictor,7a79f013.qasm,16,527.091403,3.6149,0.2195
Merged Runtime Predictor,7a79f013.qasm,64,810.620478,3.6149,0.2224
Merged Runtime Predictor,7a79f013.qasm,512,14400.000000,3.6149,0.2330
Merged Runtime Predictor,7aad2132.qasm,16,2.667330,1.1442,0.2340
Merged Runtime Predictor,7aad2132.qasm,64,20.949065,1.1442,0.2404
Merged Runtime Predictor,7aad2132.qasm,512,974.067576,1.1442,0.2386
Merged Runtime Predictor,7afdbe61.qasm,16,2.260635,0.1765,0.2293
Merged Runtime Predictor,7afdbe61.qasm,64,0.183374,0.1765,0.2208
Merged Runtime Predictor,7afdbe61.qasm,512,3.429783,0.1765,0.2330
Merged Runtime Predictor,7b19558f.qasm,16,3.224314,0.8234,0.2253
Merged Runtime Predictor,7b19558f.qasm,64,2.497976,0.8234,0.2217
Merged Runtime Predictor,7b19558f.qasm,512,3.431794,0.8234,0.2306
Merged Runtime Predictor,7bab61ca.qasm,16,70.203742,0.0493,0.2350
Merged Runtime Predictor,7bab61ca.qasm,64,51.819990,0.0493,0.2273
Merged Runtime Predictor,7bab61ca.qasm,512,68.860040,0.0493,0.2283
Merged Runtime Predictor,7be7d477.qasm,16,2.407264,1.0193,0.2332
Merged Runtime Predictor,7be7d477.qasm,64,18.100224,1.0193,0.2289
Merged Runtime Predictor,7be7d477.qasm,512,781.579423,1.0193,0.2373
Merged Runtime Predictor,7bf0f1bc.qasm,16,2.103648,0.8023,0.2334
Merged Runtime Predictor,7bf0f1bc.qasm,64,12.175232,0.8023,0.2180
Merged Runtime Predictor,7bf0f1bc.qasm,512,495.330149,0.8023,0.2354
Merged Runtime Predictor,7c9f6bae.qasm,16,2.212348,0.8629,0.2358
Merged Runtime Predictor,7c9f6bae.qasm,64,12.670913,0.8629,0.2106
Merged Runtime Predictor,7c9f6bae.qasm,512,523.503305,0.8629,0.2241
Merged Runtime Predictor,7d6d9a38.qasm,16,3.017059,1.2451,0.2475
Merged Runtime Predictor,7d6d9a38.qasm,64,23.890663,1.2451,0.2485
Merged Runtime Predictor,7d6d9a38.qasm,512,953.946276,1.2451,0.2681
Merged Runtime Predictor,7db40afb.qasm,16,0.174323,0.0013,0.2444
Merged Runtime Predictor,7db40afb.qasm,64,0.173957,0.0013,0.2414
Merged Runtime Predictor,7db40afb.qasm,512,0.192528,0.0013,0.2290
Merged Runtime Predictor,7fdad0c4.qasm,16,2.002127,0.9081,0.2467
Merged Runtime Predictor,7fdad0c4.qasm,64,15.269401,0.9081,0.2380
Merged Runtime Predictor,7fdad0c4.qasm,512,680.136344,0.9081,0.2347
Merged Runtime Predictor,81af3d74.qasm,16,0.239901,0.0035,0.2415
Merged Runtime Predictor,81af3d74.qasm,64,0.186877,0.0035,0.2305
Merged Runtime Predictor,81af3d74.qasm,512,0.227939,0.0035,0.2209
Merged Runtime Predictor,81f388c7.qasm,16,0.180325,0.0149,0.2451
Merged Runtime Predictor,81f388c7.qasm,64,0.171147,0.0149,0.2264
Merged Runtime Predictor,81f388c7.qasm,512,0.191100,0.0149,0.2319
Merged Runtime Predictor,81fdeb0a.qasm,16,0.173455,0.0018,0.2252
Merged Runtime Predictor,81fdeb0a.qasm,64,0.163866,0.0018,0.2203
Merged Runtime Predictor,81fdeb0a.qasm,512,0.177654,0.0018,0.2259
Merged Runtime Predictor,827a3442.qasm,16,0.180869,0.0018,0.2232
Merged Runtime Predictor,827a3442.qasm,64,0.176331,0.0018,0.2155
Merged Runtime Predictor,827a3442.qasm,512,0.187120,0.0018,0.2166
Merged Runtime Predictor,82b89c68.qasm,16,3.293397,0.2633,0.2610
Merged Runtime Predictor,82b89c68.qasm,64,0.162398,0.2633,0.2324
Merged Runtime Predictor,82b89c68.qasm,512,5.502642,0.2633,0.2184
Merged Runtime Predictor,831c33e1.qasm,16,2.343584,0.9872,0.2440
Merged Runtime Predictor,831c33e1.qasm,64,18.077379,0.9872,0.2430
Merged Runtime Predictor,831c33e1.qasm,512,825.401758,0.9872,0.2445
Merged Runtime Predictor,8335b01d.qasm,16,0.171751,0.0040,0.2375
Merged Runtime Predictor,8335b01d.qasm,64,0.923491,0.0040,0.2261
Merged Runtime Predictor,8335b01d.qasm,512,0.213755,0.0040,0.2291
Merged Runtime Predictor,834596bc.qasm,16,252.373197,0.9228,0.2649
Merged Runtime Predictor,834596bc.qasm,64,669.566371,0.9228,0.2302
Merged Runtime Predictor,834596bc.qasm,512,14400.000000,0.9228,0.2207
Merged Runtime Predictor,83b22dc5.qasm,16,1.244309,0.3617,0.2356
Merged Runtime Predictor,83b22dc5.qasm,64,3.410123,0.3617,0.2300
Merged Runtime Predictor,83b22dc5.qasm,512,72.079881,0.3617,0.2266
Merged Runtime Predictor,8400dcc1.qasm,16,0.178570,0.0848,0.2463
Merged Runtime Predictor,8400dcc1.qasm,64,9.158107,0.0848,0.2226
Merged Runtime Predictor,8400dcc1.qasm,512,0.164956,0.0848,0.2313
Merged Runtime Predictor,8422040e.qasm,16,0.168295,0.0094,0.2272
Merged Runtime Predictor,8422040e.qasm,64,2.552511,0.0094,0.2273
Merged Runtime Predictor,8422040e.qasm,512,0.176513,0.0094,0.2303
Merged Runtime Predictor,84fe3fba.qasm,16,6.472669,1.0165,0.2799
Merged Runtime Predictor,84fe3fba.qasm,64,0.382932,1.0165,0.2332
Merged Runtime Predictor,84fe3fba.qasm,512,211.298078,1.0165,0.2331
Merged Runtime Predictor,85317608.qasm,16,0.194156,0.0168,0.2184
Merged Runtime Predictor,85317608.qasm,64,1.207740,0.0168,0.2220
Merged Runtime Predictor,85317608.qasm,512,0.170710,0.0168,0.2220
Merged Runtime Predictor,85863407.qasm,16,1.689495,0.7337,0.2268
Merged Runtime Predictor,85863407.qasm,64,10.470033,0.7337,0.2176
Merged Runtime Predictor,85863407.qasm,512,408.148894,0.7337,0.2300
Merged Runtime Predictor,860cc392.qasm,16,1.705211,0.7333,0.2190
Merged Runtime Predictor,860cc392.qasm,64,10.497495,0.7333,0.2220
Merged Runtime Predictor,860cc392.qasm,512,405.872301,0.7333,0.2206
Merged Runtime Predictor,86464ad3.qasm,16,0.184159,0.0064,0.2610
Merged Runtime Predictor,86464ad3.qasm,64,0.174669,0.0064,0.2224
Merged Runtime Predictor,86464ad3.qasm,512,0.166035,0.0064,0.2324
Merged Runtime Predictor,871618c1.qasm,16,1.306480,0.5046,0.2379
Merged Runtime Predictor,871618c1.qasm,64,6.517257,0.5046,0.2247
Merged Runtime Predictor,871618c1.qasm,512,209.917033,0.5046,0.2193
Merged Runtime Predictor,8732dc00.qasm,16,0.179700,0.0394,0.2252
Merged Runtime Predictor,8732dc00.qasm,64,2.472523,0.0394,0.2214
Merged Runtime Predictor,8732dc00.qasm,512,0.168833,0.0394,0.2291
Merged Runtime Predictor,884b47f6.qasm,16,7.553167,0.2077,0.2269
Merged Runtime Predictor,884b47f6.qasm,64,0.169106,0.2077,0.2168
Merged Runtime Predictor,884b47f6.qasm,512,9.208818,0.2077,0.2282
Merged Runtime Predictor,885efe5b.qasm,16,1.086157,0.3566,0.2264
Merged Runtime Predictor,885efe5b.qasm,64,3.418629,0.3566,0.2278
Merged Runtime Predictor,885efe5b.qasm,512,70.332876,0.3566,0.2510
Merged Runtime Predictor,8930abda.qasm,16,0.176948,0.0394,0.2197
Merged Runtime Predictor,8930abda.qasm,64,4.487925,0.0394,0.2216
Merged Runtime Predictor,8930abda.qasm,512,0.178316,0.0394,0.2300
Merged Runtime Predictor,896404d8.qasm,16,5.583315,1.0120,0.2415
Merged Runtime Predictor,896404d8.qasm,64,0.453544,1.0120,0.2320
Merged Runtime Predictor,896404d8.qasm,512,185.799467,1.0120,0.2200
Merged Runtime Predictor,8a146ce3.qasm,16,115.399735,4.3019,0.2421
Merged Runtime Predictor,8a146ce3.qasm,64,196.787193,4.3019,0.2297
Merged Runtime Predictor,8a146ce3.qasm,512,7190.605647,4.3019,0.2299
Merged Runtime Predictor,8a1c1c3f.qasm,16,0.187900,0.0054,0.2401
Merged Runtime Predictor,8a1c1c3f.qasm,64,0.274327,0.0054,0.2264
Merged Runtime Predictor,8a1c1c3f.qasm,512,0.185200,0.0054,0.2281
Merged Runtime Predictor,8a2ab626.qasm,16,1.708137,0.7664,0.2387
Merged Runtime Predictor,8a2ab626.qasm,64,12.295926,0.7664,0.2418
Merged Runtime Predictor,8a2ab626.qasm,512,464.383934,0.7664,0.2377
Merged Runtime Predictor,8b77bf87.qasm,16,0.316404,0.1522,0.2363
Merged Runtime Predictor,8b77bf87.qasm,64,9.619834,0.1522,0.2316
Merged Runtime Predictor,8b77bf87.qasm,512,0.307192,0.1522,0.2460
Merged Runtime Predictor,8bd576fc.qasm,16,5.538536,0.1957,0.2301
Merged Runtime Predictor,8bd576fc.qasm,64,12.451618,0.1957,0.2187
Merged Runtime Predictor,8bd576fc.qasm,512,1492.570962,0.1957,0.2406
Merged Runtime Predictor,8c01a935.qasm,16,2.680523,0.0523,0.2242
Merged Runtime Predictor,8c01a935.qasm,64,14.377471,0.0523,0.2258
Merged Runtime Predictor,8c01a935.qasm,512,465.439886,0.0523,0.2202
Merged Runtime Predictor,8d5010bc.qasm,16,0.214281,0.0035,0.2519
Merged Runtime Predictor,8d5010bc.qasm,64,0.174854,0.0035,0.2390
Merged Runtime Predictor,8d5010bc.qasm,512,0.203715,0.0035,0.2582
Merged Runtime Predictor,8d9d4033.qasm,16,1.094940,0.3017,0.2424
Merged Runtime Predictor,8d9d4033.qasm,64,2.570999,0.3017,0.2245
Merged Runtime Predictor,8d9d4033.qasm,512,34.524249,0.3017,0.2228
Merged Runtime Predictor,8e84b85a.qasm,16,0.182108,0.0100,0.2349
Merged Runtime Predictor,8e84b85a.qasm,64,0.156288,0.0100,0.2273
Merged Runtime Predictor,8e84b85a.qasm,512,0.184559,0.0100,0.2192
Merged Runtime Predictor,8e9564e3.qasm,16,1.452252,0.6375,0.2474
Merged Runtime Predictor,8e9564e3.qasm,64,8.454412,0.6375,0.2407
Merged Runtime Predictor,8e9564e3.qasm,512,308.013547,0.6375,0.2342
Merged Runtime Predictor,8f4e1b64.qasm,16,10.989540,2.1516,0.2411
Merged Runtime Predictor,8f4e1b64.qasm,64,1.205854,2.1516,0.2318
Merged Runtime Predictor,8f4e1b64.qasm,512,524.098785,2.1516,0.2456
Merged Runtime Predictor,8f564e3e.qasm,16,1.992894,0.8676,0.2417
Merged Runtime Predictor,8f564e3e.qasm,64,15.534407,0.8676,0.2266
Merged Runtime Predictor,8f564e3e.qasm,512,691.968381,0.8676,0.2357
Merged Runtime Predictor,8f8fbcbd.qasm,16,820.982678,9.7312,0.2353
Merged Runtime Predictor,8f8fbcbd.qasm,64,1217.723235,9.7312,0.2405
Merged Runtime Predictor,8f8fbcbd.qasm,512,14400.000000,9.7312,0.2186
Merged Runtime Predictor,8fb9e9ac.qasm,16,0.205990,0.1473,0.2357
Merged Runtime Predictor,8fb9e9ac.qasm,64,0.532080,0.1473,0.2177
Merged Runtime Predictor,8fb9e9ac.qasm,512,0.185307,0.1473,0.2184
Merged Runtime Predictor,9143d50f.qasm,16,0.186203,0.0415,0.2399
Merged Runtime Predictor,9143d50f.qasm,64,2.606726,0.0415,0.2175
Merged Runtime Predictor,9143d50f.qasm,512,0.188395,0.0415,0.2365
Merged Runtime Predictor,917fa943.qasm,16,1.782261,0.0748,0.2217
Merged Runtime Predictor,917fa943.qasm,64,0.774039,0.0748,0.2345
Merged Runtime Predictor,917fa943.qasm,512,71.826897,0.0748,0.2211
Merged Runtime Predictor,92f98bb3.qasm,16,0.471071,0.1577,0.2302
Merged Runtime Predictor,92f98bb3.qasm,64,0.345577,0.1577,0.2309
Merged Runtime Predictor,92f98bb3.qasm,512,0.343759,0.1577,0.2574
Merged Runtime Predictor,933b305c.qasm,16,1.849160,0.7331,0.2228
Merged Runtime Predictor,933b305c.qasm,64,10.650224,0.7331,0.2273
Merged Runtime Predictor,933b305c.qasm,512,433.937585,0.7331,0.2222
Merged Runtime Predictor,93865be7.qasm,16,0.191670,0.0009,0.2284
Merged Runtime Predictor,93865be7.qasm,64,0.217745,0.0009,0.2187
Merged Runtime Predictor,93865be7.qasm,512,0.272001,0.0009,0.2172
Merged Runtime Predictor,9395edc6.qasm,16,7.725256,0.0058,0.2189
Merged Runtime Predictor,9395edc6.qasm,64,4.283745,0.0058,0.2211
Merged Runtime Predictor,9395edc6.qasm,512,6.857791,0.0058,0.2200
Merged Runtime Predictor,93c78575.qasm,16,2.237979,0.8581,0.2434
Merged Runtime Predictor,93c78575.qasm,64,13.152932,0.8581,0.2356
Merged Runtime Predictor,93c78575.qasm,512,573.661632,0.8581,0.2648
Merged Runtime Predictor,9429600a.qasm,16,2.127576,0.8055,0.2295
Merged Runtime Predictor,9429600a.qasm,64,12.158189,0.8055,0.2242
Merged Runtime Predictor,9429600a.qasm,512,497.082056,0.8055,0.2278
Merged Runtime Predictor,94f4e26a.qasm,16,2.566418,1.0629,0.2343
Merged Runtime Predictor,94f4e26a.qasm,64,18.473162,1.0629,0.2365
Merged Runtime Predictor,94f4e26a.qasm,512,699.916376,1.0629,0.2257
Merged Runtime Predictor,950704f2.qasm,16,19.678698,0.8851,0.2377
Merged Runtime Predictor,950704f2.qasm,64,3.045244,0.8851,0.2351
Merged Runtime Predictor,950704f2.qasm,512,19.886105,0.8851,0.2340
Merged Runtime Predictor,954ad251.qasm,16,0.195852,0.0014,0.2406
Merged Runtime Predictor,954ad251.qasm,64,0.179296,0.0014,0.2303
Merged Runtime Predictor,954ad251.qasm,512,0.188179,0.0014,0.2297
Merged Runtime Predictor,957c248b.qasm,16,0.318888,0.0652,0.2264
Merged Runtime Predictor,957c248b.qasm,64,0.329475,0.0652,0.2209
Merged Runtime Predictor,957c248b.qasm,512,0.377667,0.0652,0.2271
Merged Runtime Predictor,964382be.qasm,16,2.623413,1.0587,0.2435
Merged Runtime Predictor,964382be.qasm,64,18.307582,1.0587,0.2404
Merged Runtime Predictor,964382be.qasm,512,686.532210,1.0587,0.2372
Merged Runtime Predictor,965eb08c.qasm,16,1.650162,0.7186,0.2396
Merged Runtime Predictor,965eb08c.qasm,64,9.536337,0.7186,0.2243
Merged Runtime Predictor,965eb08c.qasm,512,352.448700,0.7186,0.2247
Merged Runtime Predictor,96876fa5.qasm,16,7.789380,0.9835,0.2365
Merged Runtime Predictor,96876fa5.qasm,64,1.153849,0.9835,0.2402
Merged Runtime Predictor,96876fa5.qasm,512,8.560102,0.9835,0.2379
Merged Runtime Predictor,96f82da7.qasm,16,0.184621,0.0408,0.2277
Merged Runtime Predictor,96f82da7.qasm,64,1.985643,0.0408,0.2250
Merged Runtime Predictor,96f82da7.qasm,512,0.202114,0.0408,0.2218
Merged Runtime Predictor,981d8651.qasm,16,0.177936,0.0193,0.2247
Merged Runtime Predictor,981d8651.qasm,64,4.710451,0.0193,0.2197
Merged Runtime Predictor,981d8651.qasm,512,0.171232,0.0193,0.2656
Merged Runtime Predictor,9a442b56.qasm,16,9.314553,0.7145,0.2292
Merged Runtime Predictor,9a442b56.qasm,64,0.864769,0.7145,0.2199
Merged Runtime Predictor,9a442b56.qasm,512,31.233335,0.7145,0.2273
Merged Runtime Predictor,9c6b6510.qasm,16,0.302636,0.1246,0.2303
Merged Runtime Predictor,9c6b6510.qasm,64,2.133190,0.1246,0.2256
Merged Runtime Predictor,9c6b6510.qasm,512,0.294015,0.1246,0.2189
Merged Runtime Predictor,9ccf974e.qasm,16,0.307222,0.0037,0.2331
Merged Runtime Predictor,9ccf974e.qasm,64,0.184883,0.0037,0.2254
Merged Runtime Predictor,9ccf974e.qasm,512,0.216357,0.0037,0.2236
Merged Runtime Predictor,9d76010e.qasm,16,0.170445,0.0117,0.2227
Merged Runtime Predictor,9d76010e.qasm,64,2.965418,0.0117,0.2282
Merged Runtime Predictor,9d76010e.qasm,512,0.170204,0.0117,0.2241
Merged Runtime Predictor,9d7cbc78.qasm,16,0.473305,0.1590,0.2291
Merged Runtime Predictor,9d7cbc78.qasm,64,0.349368,0.1590,0.2538
Merged Runtime Predictor,9d7cbc78.qasm,512,0.347671,0.1590,0.2592
Merged Runtime Predictor,9d7e60b6.qasm,16,0.195013,0.0420,0.2378
Merged Runtime Predictor,9d7e60b6.qasm,64,2.087617,0.0420,0.2198
Merged Runtime Predictor,9d7e60b6.qasm,512,0.174650,0.0420,0.2199
Merged Runtime Predictor,9e3be92a.qasm,16,54.677084,0.8337,0.2197
Merged Runtime Predictor,9e3be92a.qasm,64,4.263972,0.8337,0.2187
Merged Runtime Predictor,9e3be92a.qasm,512,55.333459,0.8337,0.2209
Merged Runtime Predictor,9ea3bed5.qasm,16,3.966606,0.0391,0.2196
Merged Runtime Predictor,9ea3bed5.qasm,64,3.913803,0.0391,0.2330
Merged Runtime Predictor,9ea3bed5.qasm,512,3.991935,0.0391,0.2218
Merged Runtime Predictor,9f744e04.qasm,16,55.490786,1.8120,0.2287
Merged Runtime Predictor,9f744e04.qasm,64,100.135023,1.8120,0.2341
Merged Runtime Predictor,9f744e04.qasm,512,3706.498578,1.8120,0.2225
Merged Runtime Predictor,a0a79499.qasm,16,1.744773,0.0259,0.2423
Merged Runtime Predictor,a0a79499.qasm,64,0.788379,0.0259,0.2174
Merged Runtime Predictor,a0a79499.qasm,512,1.820321,0.0259,0.2304
Merged Runtime Predictor,a0b53b67.qasm,16,0.183243,0.0206,0.2233
Merged Runtime Predictor,a0b53b67.qasm,64,0.532772,0.0206,0.2213
Merged Runtime Predictor,a0b53b67.qasm,512,0.378331,0.0206,0.2207
Merged Runtime Predictor,a169a3ba.qasm,16,1.639364,0.6225,0.2319
Merged Runtime Predictor,a169a3ba.qasm,64,8.896654,0.6225,0.2333
Merged Runtime Predictor,a169a3ba.qasm,512,331.710964,0.6225,0.2278
Merged Runtime Predictor,a1b3d3aa.qasm,16,2.281744,0.0728,0.2946
Merged Runtime Predictor,a1b3d3aa.qasm,64,6.619063,0.0728,0.2309
Merged Runtime Predictor,a1b3d3aa.qasm,512,195.198725,0.0728,0.2325
Merged Runtime Predictor,a1bc8d56.qasm,16,1.083371,0.2906,0.2290
Merged Runtime Predictor,a1bc8d56.qasm,64,2.279063,0.2906,0.2206
Merged Runtime Predictor,a1bc8d56.qasm,512,23.630699,0.2906,0.2218
Merged Runtime Predictor,a3cb01ca.qasm,16,1.219500,0.3617,0.2400
Merged Runtime Predictor,a3cb01ca.qasm,64,3.427544,0.3617,0.2301
Merged Runtime Predictor,a3cb01ca.qasm,512,71.708769,0.3617,0.2323
Merged Runtime Predictor,a409aaa1.qasm,16,2.604320,0.0666,0.2310
Merged Runtime Predictor,a409aaa1.qasm,64,6.149662,0.0666,0.2255
Merged Runtime Predictor,a409aaa1.qasm,512,184.171826,0.0666,0.2208
Merged Runtime Predictor,a440a477.qasm,16,14.455345,0.0118,0.2220
Merged Runtime Predictor,a440a477.qasm,64,7.393536,0.0118,0.2284
Merged Runtime Predictor,a440a477.qasm,512,14.990748,0.0118,0.2138
Merged Runtime Predictor,a44fdc9f.qasm,16,0.186077,0.0185,0.2746
Merged Runtime Predictor,a44fdc9f.qasm,64,1.022335,0.0185,0.2299
Merged Runtime Predictor,a44fdc9f.qasm,512,0.177445,0.0185,0.2171
Merged Runtime Predictor,a4f95806.qasm,16,0.169456,0.0083,0.2411
Merged Runtime Predictor,a4f95806.qasm,64,0.660649,0.0083,0.2305
Merged Runtime Predictor,a4f95806.qasm,512,0.175541,0.0083,0.2135
Merged Runtime Predictor,a75c691c.qasm,16,2.078480,0.1773,0.2498
Merged Runtime Predictor,a75c691c.qasm,64,0.169434,0.1773,0.2170
Merged Runtime Predictor,a75c691c.qasm,512,3.118110,0.1773,0.2223
Merged Runtime Predictor,a8818670.qasm,16,0.180135,0.0078,0.2224
Merged Runtime Predictor,a8818670.qasm,64,1.107137,0.0078,0.2228
Merged Runtime Predictor,a8818670.qasm,512,0.196493,0.0078,0.2309
Merged Runtime Predictor,a8b40b61.qasm,16,1.654451,0.6867,0.2304
Merged Runtime Predictor,a8b40b61.qasm,64,9.426920,0.6867,0.2309
Merged Runtime Predictor,a8b40b61.qasm,512,346.107227,0.6867,0.2848
Merged Runtime Predictor,a8dfab96.qasm,16,1.090496,0.3015,0.2472
Merged Runtime Predictor,a8dfab96.qasm,64,2.566529,0.3015,0.2344
Merged Runtime Predictor,a8dfab96.qasm,512,34.599704,0.3015,0.2293
Merged Runtime Predictor,a9091180.qasm,16,2.113157,0.8066,0.2426
Merged Runtime Predictor,a9091180.qasm,64,12.155448,0.8066,0.2299
Merged Runtime Predictor,a9091180.qasm,512,497.238224,0.8066,0.2296
Merged Runtime Predictor,aa41f5f1.qasm,16,2.078533,0.8242,0.2448
Merged Runtime Predictor,aa41f5f1.qasm,64,12.469883,0.8242,0.2456
Merged Runtime Predictor,aa41f5f1.qasm,512,498.308366,0.8242,0.2299
Merged Runtime Predictor,aac529b2.qasm,16,879.913906,1.3877,0.2470
Merged Runtime Predictor,aac529b2.qasm,64,71.670061,1.3877,0.2326
Merged Runtime Predictor,aac529b2.qasm,512,4790.511073,1.3877,0.2388
Merged Runtime Predictor,aaf05f5c.qasm,16,1.147743,0.4382,0.2397
Merged Runtime Predictor,aaf05f5c.qasm,64,5.092823,0.4382,0.2344
Merged Runtime Predictor,aaf05f5c.qasm,512,144.915570,0.4382,0.2332
Merged Runtime Predictor,ab65fd24.qasm,16,2.685472,1.1546,0.2391
Merged Runtime Predictor,ab65fd24.qasm,64,21.071404,1.1546,0.2311
Merged Runtime Predictor,ab65fd24.qasm,512,949.243419,1.1546,0.2362
Merged Runtime Predictor,ab8a1b3c.qasm,16,5.152043,0.1559,0.2456
Merged Runtime Predictor,ab8a1b3c.qasm,64,0.201957,0.1559,0.2357
Merged Runtime Predictor,ab8a1b3c.qasm,512,8.844167,0.1559,0.2276
Merged Runtime Predictor,ab964bf6.qasm,16,1.113661,0.4313,0.2341
Merged Runtime Predictor,ab964bf6.qasm,64,5.088219,0.4313,0.2317
Merged Runtime Predictor,ab964bf6.qasm,512,146.392863,0.4313,0.2320
Merged Runtime Predictor,aceda861.qasm,16,272.468060,0.0867,0.2420
Merged Runtime Predictor,aceda861.qasm,64,176.376882,0.0867,0.2385
Merged Runtime Predictor,aceda861.qasm,512,267.922265,0.0867,0.2260
Merged Runtime Predictor,ad2439c7.qasm,16,2.282381,0.9852,0.2459
Merged Runtime Predictor,ad2439c7.qasm,64,16.278456,0.9852,0.2400
Merged Runtime Predictor,ad2439c7.qasm,512,632.752190,0.9852,0.2370
Merged Runtime Predictor,ad74d7c1.qasm,16,4.306809,0.0693,0.2358
Merged Runtime Predictor,ad74d7c1.qasm,64,14.308784,0.0693,0.2208
Merged Runtime Predictor,ad74d7c1.qasm,512,512.325518,0.0693,0.2169
Merged Runtime Predictor,aed3c1af.qasm,16,1.755680,0.6973,0.2506
Merged Runtime Predictor,aed3c1af.qasm,64,10.096031,0.6973,0.2345
Merged Runtime Predictor,aed3c1af.qasm,512,402.745267,0.6973,0.2312
Merged Runtime Predictor,af2659f0.qasm,16,0.168934,0.0032,0.2263
Merged Runtime Predictor,af2659f0.qasm,64,0.158527,0.0032,0.2288
Merged Runtime Predictor,af2659f0.qasm,512,0.180329,0.0032,0.2327
Merged Runtime Predictor,af88ad19.qasm,16,0.179859,0.0430,0.2371
Merged Runtime Predictor,af88ad19.qasm,64,0.177751,0.0430,0.2676
Merged Runtime Predictor,af88ad19.qasm,512,0.182943,0.0430,0.2204
Merged Runtime Predictor,af8b17d0.qasm,16,0.181689,0.0012,0.2222
Merged Runtime Predictor,af8b17d0.qasm,64,0.168969,0.0012,0.2194
Merged Runtime Predictor,af8b17d0.qasm,512,0.202455,0.0012,0.2258
Merged Runtime Predictor,b06c81ca.qasm,16,1.537842,0.5582,0.2275
Merged Runtime Predictor,b06c81ca.qasm,64,6.923225,0.5582,0.2245
Merged Runtime Predictor,b06c81ca.qasm,512,203.262258,0.5582,0.2158
Merged Runtime Predictor,b11883af.qasm,16,0.190892,0.1622,0.2491
Merged Runtime Predictor,b11883af.qasm,64,0.331347,0.1622,0.2397
Merged Runtime Predictor,b11883af.qasm,512,0.196447,0.1622,0.2188
Merged Runtime Predictor,b1ea1d60.qasm,16,0.207640,0.0647,0.2279
Merged Runtime Predictor,b1ea1d60.qasm,64,4.765179,0.0647,0.2418
Merged Runtime Predictor,b1ea1d60.qasm,512,0.218530,0.0647,0.2267
Merged Runtime Predictor,b2346111.qasm,16,4671.067165,3.2951,0.2411
Merged Runtime Predictor,b2346111.qasm,64,3206.726998,3.2951,0.2298
Merged Runtime Predictor,b2346111.qasm,512,3156.002826,3.2951,0.2321
Merged Runtime Predictor,b38d732e.qasm,16,0.189389,0.1248,0.2386
Merged Runtime Predictor,b38d732e.qasm,64,0.276767,0.1248,0.2704
Merged Runtime Predictor,b38d732e.qasm,512,0.172557,0.1248,0.2424
Merged Runtime Predictor,b469b640.qasm,16,0.182561,0.0801,0.2273
Merged Runtime Predictor,b469b640.qasm,64,0.178461,0.0801,0.2193
Merged Runtime Predictor,b469b640.qasm,512,0.297048,0.0801,0.2347
Merged Runtime Predictor,b4976343.qasm,16,0.177321,0.0050,0.2184
Merged Runtime Predictor,b4976343.qasm,64,0.278349,0.0050,0.2300
Merged Runtime Predictor,b4976343.qasm,512,0.176808,0.0050,0.2225
Merged Runtime Predictor,b4c090da.qasm,16,0.180177,0.0025,0.2226
Merged Runtime Predictor,b4c090da.qasm,64,0.170594,0.0025,0.2254
Merged Runtime Predictor,b4c090da.qasm,512,0.221997,0.0025,0.2216
Merged Runtime Predictor,b5baa095.qasm,16,0.698923,0.0105,0.2335
Merged Runtime Predictor,b5baa095.qasm,64,2.942034,0.0105,0.2224
Merged Runtime Predictor,b5baa095.qasm,512,1.643158,0.0105,0.2236
Merged Runtime Predictor,b5be0645.qasm,16,14400.000000,3.8693,0.2295
Merged Runtime Predictor,b5be0645.qasm,64,14400.000000,3.8693,0.2230
Merged Runtime Predictor,b5be0645.qasm,512,290.048500,3.8693,0.2375
Merged Runtime Predictor,b601af0f.qasm,16,0.177122,0.0376,0.2312
Merged Runtime Predictor,b601af0f.qasm,64,0.279005,0.0376,0.2203
Merged Runtime Predictor,b601af0f.qasm,512,0.181712,0.0376,0.2289
Merged Runtime Predictor,b630efea.qasm,16,1.195044,0.4228,0.2442
Merged Runtime Predictor,b630efea.qasm,64,4.185857,0.4228,0.2302
Merged Runtime Predictor,b630efea.qasm,512,91.947757,0.4228,0.2366
Merged Runtime Predictor,b680d160.qasm,16,2.064851,0.8173,0.2318
Merged Runtime Predictor,b680d160.qasm,64,12.521458,0.8173,0.2404
Merged Runtime Predictor,b680d160.qasm,512,506.571696,0.8173,0.2397
Merged Runtime Predictor,b7694c8e.qasm,16,4.622235,0.2483,0.2454
Merged Runtime Predictor,b7694c8e.qasm,64,0.307688,0.2483,0.2407
Merged Runtime Predictor,b7694c8e.qasm,512,5.903774,0.2483,0.2320
Merged Runtime Predictor,b792cc98.qasm,16,0.175620,0.0016,0.2303
Merged Runtime Predictor,b792cc98.qasm,64,0.179305,0.0016,0.2180
Merged Runtime Predictor,b792cc98.qasm,512,0.171055,0.0016,0.2344
Merged Runtime Predictor,b97c72bf.qasm,16,0.224372,0.0222,0.2748
Merged Runtime Predictor,b97c72bf.qasm,64,0.295804,0.0222,0.2329
Merged Runtime Predictor,b97c72bf.qasm,512,0.208513,0.0222,0.2453
Merged Runtime Predictor,b9ba0e84.qasm,16,6.946550,0.1684,0.2441
Merged Runtime Predictor,b9ba0e84.qasm,64,26.939430,0.1684,0.2368
Merged Runtime Predictor,b9ba0e84.qasm,512,2302.313712,0.1684,0.2211
Merged Runtime Predictor,ba0c09b8.qasm,16,1.688960,0.7360,0.2413
Merged Runtime Predictor,ba0c09b8.qasm,64,10.521159,0.7360,0.2401
Merged Runtime Predictor,ba0c09b8.qasm,512,404.415848,0.7360,0.2412
Merged Runtime Predictor,bb291a8b.qasm,16,2.240662,0.8444,0.2332
Merged Runtime Predictor,bb291a8b.qasm,64,13.029215,0.8444,0.2443
Merged Runtime Predictor,bb291a8b.qasm,512,556.728755,0.8444,0.2387
Merged Runtime Predictor,bb50273f.qasm,16,416.778580,5.4950,0.2437
Merged Runtime Predictor,bb50273f.qasm,64,64.271213,5.4950,0.2287
Merged Runtime Predictor,bb50273f.qasm,512,498.222343,5.4950,0.2319
Merged Runtime Predictor,bc99b330.qasm,16,127.560301,3.6534,0.2420
Merged Runtime Predictor,bc99b330.qasm,64,180.590715,3.6534,0.2247
Merged Runtime Predictor,bc99b330.qasm,512,9385.990765,3.6534,0.2314
Merged Runtime Predictor,bc9dd950.qasm,16,1.114371,0.3037,0.2409
Merged Runtime Predictor,bc9dd950.qasm,64,2.578701,0.3037,0.2291
Merged Runtime Predictor,bc9dd950.qasm,512,34.623153,0.3037,0.2362
Merged Runtime Predictor,bd32080b.qasm,16,2139.240008,3.8400,0.2422
Merged Runtime Predictor,bd32080b.qasm,64,4526.797075,3.8400,0.2252
Merged Runtime Predictor,bd32080b.qasm,512,14400.000000,3.8400,0.2403
Merged Runtime Predictor,bd462bd7.qasm,16,8.192222,0.7439,0.2391
Merged Runtime Predictor,bd462bd7.qasm,64,0.192431,0.7439,0.2435
Merged Runtime Predictor,bd462bd7.qasm,512,28.841878,0.7439,0.2427
Merged Runtime Predictor,bdd2c3ff.qasm,16,9.115595,0.3074,0.2326
Merged Runtime Predictor,bdd2c3ff.qasm,64,66.377791,0.3074,0.2411
Merged Runtime Predictor,bdd2c3ff.qasm,512,2594.387004,0.3074,0.2422
Merged Runtime Predictor,be527b4d.qasm,16,302.301482,12.9017,0.2467
Merged Runtime Predictor,be527b4d.qasm,64,21.787465,12.9017,0.2411
Merged Runtime Predictor,be527b4d.qasm,512,14400.000000,12.9017,0.2311
Merged Runtime Predictor,bf029799.qasm,16,1.793044,0.7101,0.2629
Merged Runtime Predictor,bf029799.qasm,64,9.980983,0.7101,0.2394
Merged Runtime Predictor,bf029799.qasm,512,373.651185,0.7101,0.2792
Merged Runtime Predictor,bf0f8df9.qasm,16,0.542636,0.2313,0.2390
Merged Runtime Predictor,bf0f8df9.qasm,64,1.342418,0.2313,0.2266
Merged Runtime Predictor,bf0f8df9.qasm,512,3.499223,0.2313,0.2243
Merged Runtime Predictor,bf9674e9.qasm,16,0.176170,0.0127,0.2434
Merged Runtime Predictor,bf9674e9.qasm,64,2.471448,0.0127,0.2210
Merged Runtime Predictor,bf9674e9.qasm,512,0.175281,0.0127,0.2221
Merged Runtime Predictor,c05aa9cf.qasm,16,3.019656,1.2337,0.2388
Merged Runtime Predictor,c05aa9cf.qasm,64,23.776194,1.2337,0.2315
Merged Runtime Predictor,c05aa9cf.qasm,512,561.718005,1.2337,0.2283
Merged Runtime Predictor,c0a1d157.qasm,16,0.196293,0.0837,0.2312
Merged Runtime Predictor,c0a1d157.qasm,64,4.319929,0.0837,0.2366
Merged Runtime Predictor,c0a1d157.qasm,512,0.192507,0.0837,0.2488
Merged Runtime Predictor,c0ffe57a.qasm,16,0.328913,0.0037,0.2266
Merged Runtime Predictor,c0ffe57a.qasm,64,0.201458,0.0037,0.2521
Merged Runtime Predictor,c0ffe57a.qasm,512,0.210099,0.0037,0.2254
Merged Runtime Predictor,c20bb346.qasm,16,0.396275,0.3473,0.2305
Merged Runtime Predictor,c20bb346.qasm,64,1.099439,0.3473,0.2222
Merged Runtime Predictor,c20bb346.qasm,512,0.407596,0.3473,0.2212
Merged Runtime Predictor,c246552a.qasm,16,3.853361,0.2277,0.2227
Merged Runtime Predictor,c246552a.qasm,64,0.488695,0.2277,0.2227
Merged Runtime Predictor,c246552a.qasm,512,805.615512,0.2277,0.2199
Merged Runtime Predictor,c39fa73b.qasm,16,0.177789,0.0019,0.2218
Merged Runtime Predictor,c39fa73b.qasm,64,0.164729,0.0019,0.2397
Merged Runtime Predictor,c39fa73b.qasm,512,0.172584,0.0019,0.2209
Merged Runtime Predictor,c3c0513f.qasm,16,0.208749,0.0158,0.2298
Merged Runtime Predictor,c3c0513f.qasm,64,0.173010,0.0158,0.2236
Merged Runtime Predictor,c3c0513f.qasm,512,0.209249,0.0158,0.2555
Merged Runtime Predictor,c40ecada.qasm,16,1.523440,0.6313,0.2419
Merged Runtime Predictor,c40ecada.qasm,64,6.913269,0.6313,0.2350
Merged Runtime Predictor,c40ecada.qasm,512,207.394283,0.6313,0.2357
Merged Runtime Predictor,c4c36286.qasm,16,1.738937,0.6913,0.2446
Merged Runtime Predictor,c4c36286.qasm,64,10.079792,0.6913,0.2305
Merged Runtime Predictor,c4c36286.qasm,512,402.358047,0.6913,0.2348
Merged Runtime Predictor,c4ff2c11.qasm,16,1.159994,0.0160,0.2330
Merged Runtime Predictor,c4ff2c11.qasm,64,5.394379,0.0160,0.2282
Merged Runtime Predictor,c4ff2c11.qasm,512,1.424773,0.0160,0.2276
Merged Runtime Predictor,c6678d16.qasm,16,595.078330,10.0168,0.2436
Merged Runtime Predictor,c6678d16.qasm,64,756.385673,10.0168,0.2303
Merged Runtime Predictor,c6678d16.qasm,512,14400.000000,10.0168,0.2413
Merged Runtime Predictor,c676cfb4.qasm,16,0.230447,0.0047,0.2406
Merged Runtime Predictor,c676cfb4.qasm,64,0.250806,0.0047,0.2392
Merged Runtime Predictor,c676cfb4.qasm,512,0.237388,0.0047,0.2284
Merged Runtime Predictor,c7670b0a.qasm,16,0.542014,0.0039,0.2365
Merged Runtime Predictor,c7670b0a.qasm,64,0.551355,0.0039,0.2193
Merged Runtime Predictor,c7670b0a.qasm,512,0.518970,0.0039,0.2226
Merged Runtime Predictor,c7a93f95.qasm,16,1.300504,0.4947,0.2362
Merged Runtime Predictor,c7a93f95.qasm,64,6.536894,0.4947,0.2435
Merged Runtime Predictor,c7a93f95.qasm,512,210.982005,0.4947,0.2421
Merged Runtime Predictor,c7bddf55.qasm,16,0.558010,0.2471,0.2334
Merged Runtime Predictor,c7bddf55.qasm,64,1.112086,0.2471,0.2264
Merged Runtime Predictor,c7bddf55.qasm,512,2.737919,0.2471,0.2362
Merged Runtime Predictor,c82bb473.qasm,16,1.301471,0.4966,0.2364
Merged Runtime Predictor,c82bb473.qasm,64,6.496951,0.4966,0.2385
Merged Runtime Predictor,c82bb473.qasm,512,210.543554,0.4966,0.2277
Merged Runtime Predictor,c84ad65b.qasm,16,1.117122,0.4109,0.2436
Merged Runtime Predictor,c84ad65b.qasm,64,4.300924,0.4109,0.2198
Merged Runtime Predictor,c84ad65b.qasm,512,96.078124,0.4109,0.2213
Merged Runtime Predictor,c8afe1ad.qasm,16,0.174285,0.0037,0.2379
Merged Runtime Predictor,c8afe1ad.qasm,64,0.783312,0.0037,0.2369
Merged Runtime Predictor,c8afe1ad.qasm,512,0.213927,0.0037,0.2224
Merged Runtime Predictor,c945995d.qasm,16,1.641888,0.6395,0.2213
Merged Runtime Predictor,c945995d.qasm,64,8.871892,0.6395,0.2456
Merged Runtime Predictor,c945995d.qasm,512,342.079279,0.6395,0.2401
Merged Runtime Predictor,c95f41f8.qasm,16,0.181892,0.0029,0.2183
Merged Runtime Predictor,c95f41f8.qasm,64,0.400036,0.0029,0.2218
Merged Runtime Predictor,c95f41f8.qasm,512,0.181633,0.0029,0.2197
Merged Runtime Predictor,c96fe790.qasm,16,271.863395,3.7924,0.2310
Merged Runtime Predictor,c96fe790.qasm,64,29.287028,3.7924,0.2474
Merged Runtime Predictor,c96fe790.qasm,512,293.852752,3.7924,0.2262
Merged Runtime Predictor,c999af32.qasm,16,1.134256,0.4294,0.2249
Merged Runtime Predictor,c999af32.qasm,64,5.090289,0.4294,0.2130
Merged Runtime Predictor,c999af32.qasm,512,145.123550,0.4294,0.2119
Merged Runtime Predictor,ca0a2ce5.qasm,16,3.344226,0.2299,0.2204
Merged Runtime Predictor,ca0a2ce5.qasm,64,0.167161,0.2299,0.2346
Merged Runtime Predictor,ca0a2ce5.qasm,512,5.455388,0.2299,0.2265
Merged Runtime Predictor,ca634f4d.qasm,16,1.118842,0.2821,0.2515
Merged Runtime Predictor,ca634f4d.qasm,64,2.291496,0.2821,0.2373
Merged Runtime Predictor,ca634f4d.qasm,512,23.288341,0.2821,0.2236
Merged Runtime Predictor,ca8c6d9a.qasm,16,2.192611,0.8082,0.2443
Merged Runtime Predictor,ca8c6d9a.qasm,64,12.662542,0.8082,0.2363
Merged Runtime Predictor,ca8c6d9a.qasm,512,503.016023,0.8082,0.2412
Merged Runtime Predictor,ca980007.qasm,16,1.300758,0.4940,0.2216
Merged Runtime Predictor,ca980007.qasm,64,6.509832,0.4940,0.2233
Merged Runtime Predictor,ca980007.qasm,512,205.019977,0.4940,0.2192
Merged Runtime Predictor,cab2b6e9.qasm,16,1.536839,0.5497,0.2243
Merged Runtime Predictor,cab2b6e9.qasm,64,6.847728,0.5497,0.2298
Merged Runtime Predictor,cab2b6e9.qasm,512,202.564359,0.5497,0.2965
Merged Runtime Predictor,cb2b300f.qasm,16,1.650806,0.6111,0.2412
Merged Runtime Predictor,cb2b300f.qasm,64,8.945103,0.6111,0.2323
Merged Runtime Predictor,cb2b300f.qasm,512,338.500003,0.6111,0.2316
Merged Runtime Predictor,cc5bc6eb.qasm,16,0.235537,0.0124,0.2411
Merged Runtime Predictor,cc5bc6eb.qasm,64,1.415776,0.0124,0.2378
Merged Runtime Predictor,cc5bc6eb.qasm,512,0.231881,0.0124,0.2334
Merged Runtime Predictor,ccfd978a.qasm,16,46.599983,8.5632,0.2425
Merged Runtime Predictor,ccfd978a.qasm,64,2.861033,8.5632,0.2267
Merged Runtime Predictor,ccfd978a.qasm,512,905.653783,8.5632,0.2332
Merged Runtime Predictor,cd51d9b8.qasm,16,1.744422,0.7324,0.2429
Merged Runtime Predictor,cd51d9b8.qasm,64,12.766489,0.7324,0.2660
Merged Runtime Predictor,cd51d9b8.qasm,512,574.624040,0.7324,0.2480
Merged Runtime Predictor,cd592018.qasm,16,2.352717,0.9290,0.2305
Merged Runtime Predictor,cd592018.qasm,64,16.294223,0.9290,0.2199
Merged Runtime Predictor,cd592018.qasm,512,652.260253,0.9290,0.2287
Merged Runtime Predictor,cd5b55b6.qasm,16,0.239917,0.0031,0.2422
Merged Runtime Predictor,cd5b55b6.qasm,64,0.173958,0.0031,0.2344
Merged Runtime Predictor,cd5b55b6.qasm,512,0.225221,0.0031,0.2297
Merged Runtime Predictor,ce4f4dde.qasm,16,0.182656,0.0369,0.2391
Merged Runtime Predictor,ce4f4dde.qasm,64,4.077525,0.0369,0.2389
Merged Runtime Predictor,ce4f4dde.qasm,512,0.181627,0.0369,0.2209
Merged Runtime Predictor,ce7207a3.qasm,16,3.370690,0.2285,0.2203
Merged Runtime Predictor,ce7207a3.qasm,64,0.194542,0.2285,0.2277
Merged Runtime Predictor,ce7207a3.qasm,512,5.687444,0.2285,0.2439
Merged Runtime Predictor,cee426fe.qasm,16,65.275972,0.8287,0.2372
Merged Runtime Predictor,cee426fe.qasm,64,133.317740,0.8287,0.2129
Merged Runtime Predictor,cee426fe.qasm,512,10817.918271,0.8287,0.2289
Merged Runtime Predictor,cf2c4cc9.qasm,16,0.180476,0.0045,0.2208
Merged Runtime Predictor,cf2c4cc9.qasm,64,0.327273,0.0045,0.2290
Merged Runtime Predictor,cf2c4cc9.qasm,512,0.172829,0.0045,0.2227
Merged Runtime Predictor,cf5bfeb1.qasm,16,2.269819,0.8372,0.2350
Merged Runtime Predictor,cf5bfeb1.qasm,64,13.014000,0.8372,0.2416
Merged Runtime Predictor,cf5bfeb1.qasm,512,394.889853,0.8372,0.2325
Merged Runtime Predictor,d168a391.qasm,16,0.173357,0.0451,0.2399
Merged Runtime Predictor,d168a391.qasm,64,2.583843,0.0451,0.2508
Merged Runtime Predictor,d168a391.qasm,512,0.166395,0.0451,0.2403
Merged Runtime Predictor,d20d9d2e.qasm,16,7.552855,0.6930,0.2330
Merged Runtime Predictor,d20d9d2e.qasm,64,0.207233,0.6930,0.2359
Merged Runtime Predictor,d20d9d2e.qasm,512,30.005763,0.6930,0.2215
Merged Runtime Predictor,d21812d8.qasm,16,5.990346,0.6255,0.2314
Merged Runtime Predictor,d21812d8.qasm,64,0.174754,0.6255,0.2191
Merged Runtime Predictor,d21812d8.qasm,512,21.718244,0.6255,0.2344
Merged Runtime Predictor,d2ffaf7e.qasm,16,0.227896,0.0226,0.2298
Merged Runtime Predictor,d2ffaf7e.qasm,64,2.551635,0.0226,0.2226
Merged Runtime Predictor,d2ffaf7e.qasm,512,0.240326,0.0226,0.2246
Merged Runtime Predictor,d3f98c63.qasm,16,2.231239,0.8886,0.2244
Merged Runtime Predictor,d3f98c63.qasm,64,13.032824,0.8886,0.2240
Merged Runtime Predictor,d3f98c63.qasm,512,563.502402,0.8886,0.2450
Merged Runtime Predictor,d3f998bc.qasm,16,1.701740,0.7239,0.2332
Merged Runtime Predictor,d3f998bc.qasm,64,12.209543,0.7239,0.2244
Merged Runtime Predictor,d3f998bc.qasm,512,467.862626,0.7239,0.2229
Merged Runtime Predictor,d49ba491.qasm,16,1.016705,0.4159,0.2314
Merged Runtime Predictor,d49ba491.qasm,64,4.324188,0.4159,0.2246
Merged Runtime Predictor,d49ba491.qasm,512,96.890399,0.4159,0.2146
Merged Runtime Predictor,d4a7f2c7.qasm,16,0.560692,0.2166,0.2219
Merged Runtime Predictor,d4a7f2c7.qasm,64,1.114125,0.2166,0.2332
Merged Runtime Predictor,d4a7f2c7.qasm,512,2.738119,0.2166,0.2839
Merged Runtime Predictor,d706049b.qasm,16,0.236859,0.0059,0.2365
Merged Runtime Predictor,d706049b.qasm,64,1.809018,0.0059,0.2137
Merged Runtime Predictor,d706049b.qasm,512,1.446294,0.0059,0.2297
Merged Runtime Predictor,d70a0bd6.qasm,16,507.730581,14.9463,0.2399
Merged Runtime Predictor,d70a0bd6.qasm,64,53.003049,14.9463,0.2286
Merged Runtime Predictor,d70a0bd6.qasm,512,14400.000000,14.9463,0.2330
Merged Runtime Predictor,d7fe8918.qasm,16,156.577729,0.1018,0.2415
Merged Runtime Predictor,d7fe8918.qasm,64,72.096080,0.1018,0.2685
Merged Runtime Predictor,d7fe8918.qasm,512,162.400421,0.1018,0.2328
Merged Runtime Predictor,d87e1b4b.qasm,16,0.175011,0.0926,0.2463
Merged Runtime Predictor,d87e1b4b.qasm,64,10.680288,0.0926,0.2292
Merged Runtime Predictor,d87e1b4b.qasm,512,0.183387,0.0926,0.2204
Merged Runtime Predictor,d9b603b5.qasm,16,1.245063,0.3696,0.2583
Merged Runtime Predictor,d9b603b5.qasm,64,3.406490,0.3696,0.2261
Merged Runtime Predictor,d9b603b5.qasm,512,71.184200,0.3696,0.2392
Merged Runtime Predictor,d9c77e07.qasm,16,0.178247,0.0023,0.2384
Merged Runtime Predictor,d9c77e07.qasm,64,0.177355,0.0023,0.2399
Merged Runtime Predictor,d9c77e07.qasm,512,0.186249,0.0023,0.2288
Merged Runtime Predictor,da0e58a0.qasm,16,5.452352,0.9995,0.2586
Merged Runtime Predictor,da0e58a0.qasm,64,0.360815,0.9995,0.2586
Merged Runtime Predictor,da0e58a0.qasm,512,208.213612,0.9995,0.2296
Merged Runtime Predictor,da213329.qasm,16,2.125953,0.8168,0.2374
Merged Runtime Predictor,da213329.qasm,64,12.153949,0.8168,0.2338
Merged Runtime Predictor,da213329.qasm,512,494.930491,0.8168,0.2429
Merged Runtime Predictor,da3a2f77.qasm,16,2.352569,1.0372,0.2466
Merged Runtime Predictor,da3a2f77.qasm,64,18.091147,1.0372,0.2296
Merged Runtime Predictor,da3a2f77.qasm,512,795.174007,1.0372,0.2304
Merged Runtime Predictor,da4d0871.qasm,16,56.153339,8.7135,0.2576
Merged Runtime Predictor,da4d0871.qasm,64,3.583593,8.7135,0.2438
Merged Runtime Predictor,da4d0871.qasm,512,901.045757,8.7135,0.2354
Merged Runtime Predictor,da505823.qasm,16,1.298166,0.5110,0.2434
Merged Runtime Predictor,da505823.qasm,64,6.539703,0.5110,0.2380
Merged Runtime Predictor,da505823.qasm,512,205.664456,0.5110,0.2324
Merged Runtime Predictor,da601912.qasm,16,129.400503,8.3355,0.2453
Merged Runtime Predictor,da601912.qasm,64,17.967965,8.3355,0.2257
Merged Runtime Predictor,da601912.qasm,512,7295.299322,8.3355,0.2418
Merged Runtime Predictor,dae23358.qasm,16,1.385114,0.4829,0.2399
Merged Runtime Predictor,dae23358.qasm,64,5.734725,0.4829,0.2283
Merged Runtime Predictor,dae23358.qasm,512,133.518349,0.4829,0.2242
Merged Runtime Predictor,db12c1f0.qasm,16,2.406641,0.0652,0.2324
Merged Runtime Predictor,db12c1f0.qasm,64,0.552804,0.0652,0.2388
Merged Runtime Predictor,db12c1f0.qasm,512,2.376953,0.0652,0.2199
Merged Runtime Predictor,db6ca211.qasm,16,0.299483,0.1642,0.2350
Merged Runtime Predictor,db6ca211.qasm,64,9.299664,0.1642,0.2347
Merged Runtime Predictor,db6ca211.qasm,512,0.292460,0.1642,0.2258
Merged Runtime Predictor,dbcc99b4.qasm,16,0.168689,0.0173,0.2419
Merged Runtime Predictor,dbcc99b4.qasm,64,1.066519,0.0173,0.2167
Merged Runtime Predictor,dbcc99b4.qasm,512,0.170959,0.0173,0.2282
Merged Runtime Predictor,dc86453a.qasm,16,73.737632,3.1391,0.2480
Merged Runtime Predictor,dc86453a.qasm,64,16.354469,3.1391,0.2297
Merged Runtime Predictor,dc86453a.qasm,512,313.640892,3.1391,0.2442
Merged Runtime Predictor,de690b52.qasm,16,1.210084,0.3657,0.2405
Merged Runtime Predictor,de690b52.qasm,64,4.177289,0.3657,0.2403
Merged Runtime Predictor,de690b52.qasm,512,92.147759,0.3657,0.2274
Merged Runtime Predictor,deb00fe1.qasm,16,0.177021,0.0113,0.2317
Merged Runtime Predictor,deb00fe1.qasm,64,0.547647,0.0113,0.2373
Merged Runtime Predictor,deb00fe1.qasm,512,0.207811,0.0113,0.2283
Merged Runtime Predictor,df1a7a89.qasm,16,14400.000000,3.6260,0.2389
Merged Runtime Predictor,df1a7a89.qasm,64,5205.655822,3.6260,0.2267
Merged Runtime Predictor,df1a7a89.qasm,512,14400.000000,3.6260,0.2245
Merged Runtime Predictor,df43c2c2.qasm,16,1.880629,0.7525,0.2398
Merged Runtime Predictor,df43c2c2.qasm,64,11.414587,0.7525,0.2349
Merged Runtime Predictor,df43c2c2.qasm,512,466.010353,0.7525,0.2729
Merged Runtime Predictor,df458745.qasm,16,1.565542,0.6032,0.2444
Merged Runtime Predictor,df458745.qasm,64,2.130075,0.6032,0.2185
Merged Runtime Predictor,df458745.qasm,512,1.475895,0.6032,0.2384
Merged Runtime Predictor,df75e229.qasm,16,2.310901,0.9351,0.2321
Merged Runtime Predictor,df75e229.qasm,64,16.259304,0.9351,0.2283
Merged Runtime Predictor,df75e229.qasm,512,646.683252,0.9351,0.2283
Merged Runtime Predictor,e10d312f.qasm,16,8.500445,1.9554,0.2269
Merged Runtime Predictor,e10d312f.qasm,64,7.927526,1.9554,0.2116
Merged Runtime Predictor,e10d312f.qasm,512,8.538032,1.9554,0.2210
Merged Runtime Predictor,e260fc6a.qasm,16,0.204770,0.1583,0.2159
Merged Runtime Predictor,e260fc6a.qasm,64,0.371901,0.1583,0.2241
Merged Runtime Predictor,e260fc6a.qasm,512,0.202001,0.1583,0.2278
Merged Runtime Predictor,e3863462.qasm,16,9.255840,0.2092,0.2281
Merged Runtime Predictor,e3863462.qasm,64,35.184540,0.2092,0.2346
Merged Runtime Predictor,e3863462.qasm,512,3228.731702,0.2092,0.2298
Merged Runtime Predictor,e3b97044.qasm,16,2.606691,1.0738,0.2235
Merged Runtime Predictor,e3b97044.qasm,64,18.370162,1.0738,0.2240
Merged Runtime Predictor,e3b97044.qasm,512,701.236875,1.0738,0.2192
Merged Runtime Predictor,e4a4359e.qasm,16,158.346503,12.8163,0.2387
Merged Runtime Predictor,e4a4359e.qasm,64,7.013965,12.8163,0.2398
Merged Runtime Predictor,e4a4359e.qasm,512,14400.000000,12.8163,0.2349
Merged Runtime Predictor,e4b50619.qasm,16,0.182590,0.0018,0.2474
Merged Runtime Predictor,e4b50619.qasm,64,0.269613,0.0018,0.2289
Merged Runtime Predictor,e4b50619.qasm,512,0.185841,0.0018,0.2238
Merged Runtime Predictor,e61acd2b.qasm,16,0.552249,0.1580,0.2358
Merged Runtime Predictor,e61acd2b.qasm,64,0.340429,0.1580,0.2331
Merged Runtime Predictor,e61acd2b.qasm,512,0.340957,0.1580,0.2282
Merged Runtime Predictor,e66c3381.qasm,16,2.195707,0.8153,0.2367
Merged Runtime Predictor,e66c3381.qasm,64,12.693036,0.8153,0.2697
Merged Runtime Predictor,e66c3381.qasm,512,524.796106,0.8153,0.2366
Merged Runtime Predictor,e698c12d.qasm,16,0.218877,0.0019,0.2407
Merged Runtime Predictor,e698c12d.qasm,64,0.173120,0.0019,0.2292
Merged Runtime Predictor,e698c12d.qasm,512,0.194603,0.0019,0.2256
Merged Runtime Predictor,e7296260.qasm,16,2.405397,0.9741,0.2342
Merged Runtime Predictor,e7296260.qasm,64,18.146948,0.9741,0.2323
Merged Runtime Predictor,e7296260.qasm,512,825.961748,0.9741,0.2305
Merged Runtime Predictor,e751ad87.qasm,16,6.040677,1.9404,0.2389
Merged Runtime Predictor,e751ad87.qasm,64,4.044831,1.9404,0.2362
Merged Runtime Predictor,e751ad87.qasm,512,6.187475,1.9404,0.2324
Merged Runtime Predictor,e7540ce6.qasm,16,3.033014,1.2133,0.2460
Merged Runtime Predictor,e7540ce6.qasm,64,24.100402,1.2133,0.2368
Merged Runtime Predictor,e7540ce6.qasm,512,1092.589188,1.2133,0.2382
Merged Runtime Predictor,e815593a.qasm,16,0.192146,0.0065,0.2346
Merged Runtime Predictor,e815593a.qasm,64,0.276638,0.0065,0.2340
Merged Runtime Predictor,e815593a.qasm,512,0.185602,0.0065,0.2221
Merged Runtime Predictor,e893b1a5.qasm,16,26.942499,4.1917,0.2340
Merged Runtime Predictor,e893b1a5.qasm,64,2.040121,4.1917,0.2215
Merged Runtime Predictor,e893b1a5.qasm,512,667.352248,4.1917,0.2698
Merged Runtime Predictor,ea801020.qasm,16,233.464626,3.7536,0.2513
Merged Runtime Predictor,ea801020.qasm,64,27.878612,3.7536,0.2338
Merged Runtime Predictor,ea801020.qasm,512,187.407507,3.7536,0.2196
Merged Runtime Predictor,eb153d64.qasm,16,0.180629,0.0194,0.2319
Merged Runtime Predictor,eb153d64.qasm,64,4.789530,0.0194,0.2243
Merged Runtime Predictor,eb153d64.qasm,512,0.173254,0.0194,0.2320
Merged Runtime Predictor,ebb0ac17.qasm,16,1.174681,0.0207,0.2234
Merged Runtime Predictor,ebb0ac17.qasm,64,1.196427,0.0207,0.2161
Merged Runtime Predictor,ebb0ac17.qasm,512,2.566045,0.0207,0.2271
Merged Runtime Predictor,ebc18fd7.qasm,16,6.760641,0.9472,0.2396
Merged Runtime Predictor,ebc18fd7.qasm,64,2.853277,0.9472,0.2414
Merged Runtime Predictor,ebc18fd7.qasm,512,7.139483,0.9472,0.2268
Merged Runtime Predictor,ebc3e166.qasm,16,5105.202924,13.5890,0.2460
Merged Runtime Predictor,ebc3e166.qasm,64,613.701523,13.5890,0.2429
Merged Runtime Predictor,ebc3e166.qasm,512,14400.000000,13.5890,0.2365
Merged Runtime Predictor,ec70915a.qasm,16,1.068802,0.0585,0.2387
Merged Runtime Predictor,ec70915a.qasm,64,5.567956,0.0585,0.2324
Merged Runtime Predictor,ec70915a.qasm,512,195.657995,0.0585,0.2234
Merged Runtime Predictor,eca6fb66.qasm,16,2.059015,0.8055,0.2398
Merged Runtime Predictor,eca6fb66.qasm,64,12.512654,0.8055,0.2397
Merged Runtime Predictor,eca6fb66.qasm,512,515.003950,0.8055,0.2364
Merged Runtime Predictor,ed52defd.qasm,16,0.594421,0.1697,0.2407
Merged Runtime Predictor,ed52defd.qasm,64,0.450669,0.1697,0.2290
Merged Runtime Predictor,ed52defd.qasm,512,0.454426,0.1697,0.2585
Merged Runtime Predictor,eefd994e.qasm,16,2.239721,0.8354,0.2326
Merged Runtime Predictor,eefd994e.qasm,64,13.082985,0.8354,0.2187
Merged Runtime Predictor,eefd994e.qasm,512,566.001115,0.8354,0.2241
Merged Runtime Predictor,ef8d10d7.qasm,16,3.288242,0.1879,0.2377
Merged Runtime Predictor,ef8d10d7.qasm,64,0.378424,0.1879,0.2281
Merged Runtime Predictor,ef8d10d7.qasm,512,663.074203,0.1879,0.2224
Merged Runtime Predictor,efafd44f.qasm,16,4.438616,0.0087,0.2177
Merged Runtime Predictor,efafd44f.qasm,64,3.904083,0.0087,0.2195
Merged Runtime Predictor,efafd44f.qasm,512,4.751499,0.0087,0.2213
Merged Runtime Predictor,f030e083.qasm,16,16.533177,0.2908,0.2418
Merged Runtime Predictor,f030e083.qasm,64,78.769959,0.2908,0.2411
Merged Runtime Predictor,f030e083.qasm,512,5366.029726,0.2908,0.2270
Merged Runtime Predictor,f05a6196.qasm,16,135.709047,3.8880,0.2439
Merged Runtime Predictor,f05a6196.qasm,64,16.544310,3.8880,0.2709
Merged Runtime Predictor,f05a6196.qasm,512,125.829116,3.8880,0.2307
Merged Runtime Predictor,f0c5e28f.qasm,16,0.181638,0.0048,0.2353
Merged Runtime Predictor,f0c5e28f.qasm,64,0.169261,0.0048,0.2263
Merged Runtime Predictor,f0c5e28f.qasm,512,0.177096,0.0048,0.2280
Merged Runtime Predictor,f0e878db.qasm,16,2.291849,0.4153,0.2299
Merged Runtime Predictor,f0e878db.qasm,64,12.108792,0.4153,0.2238
Merged Runtime Predictor,f0e878db.qasm,512,462.831542,0.4153,0.2237
Merged Runtime Predictor,f0e91b40.qasm,16,1.852940,0.1369,0.2231
Merged Runtime Predictor,f0e91b40.qasm,64,7.294913,0.1369,0.2203
Merged Runtime Predictor,f0e91b40.qasm,512,381.136167,0.1369,0.2190
Merged Runtime Predictor,f1167cc3.qasm,16,1.402099,0.4833,0.2369
Merged Runtime Predictor,f1167cc3.qasm,64,5.701365,0.4833,0.2393
Merged Runtime Predictor,f1167cc3.qasm,512,133.829067,0.4833,0.2275
Merged Runtime Predictor,f163436d.qasm,16,0.188985,0.0020,0.2771
Merged Runtime Predictor,f163436d.qasm,64,0.209912,0.0020,0.2433
Merged Runtime Predictor,f163436d.qasm,512,0.223222,0.0020,0.2334
Merged Runtime Predictor,f1bcea54.qasm,16,1.877563,0.7244,0.2447
Merged Runtime Predictor,f1bcea54.qasm,64,10.668160,0.7244,0.2297
Merged Runtime Predictor,f1bcea54.qasm,512,446.408297,0.7244,0.2369
Merged Runtime Predictor,f27a09cf.qasm,16,0.176365,0.0503,0.2327
Merged Runtime Predictor,f27a09cf.qasm,64,9.779031,0.0503,0.2321
Merged Runtime Predictor,f27a09cf.qasm,512,0.188437,0.0503,0.2274
Merged Runtime Predictor,f2a5a67a.qasm,16,0.458858,0.1570,0.2274
Merged Runtime Predictor,f2a5a67a.qasm,64,0.341884,0.1570,0.2171
Merged Runtime Predictor,f2a5a67a.qasm,512,0.337191,0.1570,0.2317
Merged Runtime Predictor,f5398281.qasm,16,2.369220,1.0098,0.2383
Merged Runtime Predictor,f5398281.qasm,64,18.174197,1.0098,0.2277
Merged Runtime Predictor,f5398281.qasm,512,394.934481,1.0098,0.2364
Merged Runtime Predictor,f5aeb6f0.qasm,16,2.239954,0.8174,0.2356
Merged Runtime Predictor,f5aeb6f0.qasm,64,12.648877,0.8174,0.2372
Merged Runtime Predictor,f5aeb6f0.qasm,512,525.334014,0.8174,0.2419
Merged Runtime Predictor,f5d72dae.qasm,16,0.335975,0.0070,0.2389
Merged Runtime Predictor,f5d72dae.qasm,64,1.915857,0.0070,0.2241
Merged Runtime Predictor,f5d72dae.qasm,512,26.092708,0.0070,0.2321
Merged Runtime Predictor,f67ec297.qasm,16,1.392238,0.5685,0.2269
Merged Runtime Predictor,f67ec297.qasm,64,7.958056,0.5685,0.2621
Merged Runtime Predictor,f67ec297.qasm,512,285.381139,0.5685,0.2332
Merged Runtime Predictor,f7ff0727.qasm,16,0.188442,0.0014,0.2272
Merged Runtime Predictor,f7ff0727.qasm,64,0.174800,0.0014,0.2298
Merged Runtime Predictor,f7ff0727.qasm,512,0.197049,0.0014,0.2297
Merged Runtime Predictor,f8a38627.qasm,16,173.758109,5.2035,0.2399
Merged Runtime Predictor,f8a38627.qasm,64,280.395143,5.2035,0.2303
Merged Runtime Predictor,f8a38627.qasm,512,13102.149301,5.2035,0.2384
Merged Runtime Predictor,f8d235ae.qasm,16,0.187784,0.0059,0.2404
Merged Runtime Predictor,f8d235ae.qasm,64,0.230565,0.0059,0.2297
Merged Runtime Predictor,f8d235ae.qasm,512,0.263835,0.0059,0.2383
Merged Runtime Predictor,f98536e0.qasm,16,0.178912,0.0016,0.2217
Merged Runtime Predictor,f98536e0.qasm,64,0.167233,0.0016,0.2177
Merged Runtime Predictor,f98536e0.qasm,512,0.190008,0.0016,0.2161
Merged Runtime Predictor,f9fee41b.qasm,16,2.548911,1.0824,0.2454
Merged Runtime Predictor,f9fee41b.qasm,64,18.376747,1.0824,0.2363
Merged Runtime Predictor,f9fee41b.qasm,512,707.968200,1.0824,0.2362
Merged Runtime Predictor,fabdaac7.qasm,16,0.179870,0.0222,0.2471
Merged Runtime Predictor,fabdaac7.qasm,64,1.214112,0.0222,0.2291
Merged Runtime Predictor,fabdaac7.qasm,512,0.176425,0.0222,0.2279
Merged Runtime Predictor,fadf1f0d.qasm,16,184.053701,12.8118,0.2434
Merged Runtime Predictor,fadf1f0d.qasm,64,7.331048,12.8118,0.2323
Merged Runtime Predictor,fadf1f0d.qasm,512,14400.000000,12.8118,0.2390
Merged Runtime Predictor,fb107df5.qasm,16,16.740790,0.0199,0.2388
Merged Runtime Predictor,fb107df5.qasm,64,13.442429,0.0199,0.2305
Merged Runtime Predictor,fb107df5.qasm,512,17.188692,0.0199,0.2261
Merged Runtime Predictor,fb7e6eb0.qasm,16,3.575549,0.0480,0.2433
Merged Runtime Predictor,fb7e6eb0.qasm,64,13.158512,0.0480,0.2671
Merged Runtime Predictor,fb7e6eb0.qasm,512,550.801793,0.0480,0.2447
Merged Runtime Predictor,fb8a2851.qasm,16,0.166783,0.0111,0.2401
Merged Runtime Predictor,fb8a2851.qasm,64,1.258675,0.0111,0.2316
Merged Runtime Predictor,fb8a2851.qasm,512,0.175065,0.0111,0.2377
Merged Runtime Predictor,fb9223a1.qasm,16,0.179904,0.0029,0.2278
Merged Runtime Predictor,fb9223a1.qasm,64,0.168275,0.0029,0.2255
Merged Runtime Predictor,fb9223a1.qasm,512,0.184942,0.0029,0.2278
Merged Runtime Predictor,fb9be929.qasm,16,0.221703,0.0015,0.2265
Merged Runtime Predictor,fb9be929.qasm,64,0.176557,0.0015,0.2143
Merged Runtime Predictor,fb9be929.qasm,512,0.214180,0.0015,0.2297
Merged Runtime Predictor,fbcf0ea3.qasm,16,2.070961,0.8078,0.2425
Merged Runtime Predictor,fbcf0ea3.qasm,64,12.519702,0.8078,0.2255
Merged Runtime Predictor,fbcf0ea3.qasm,512,498.237050,0.8078,0.2326
Merged Runtime Predictor,fbdc2a1f.qasm,16,0.573611,0.1711,0.2705
Merged Runtime Predictor,fbdc2a1f.qasm,64,0.453498,0.1711,0.2198
Merged Runtime Predictor,fbdc2a1f.qasm,512,0.454938,0.1711,0.2284
Merged Runtime Predictor,fbe1d41c.qasm,16,0.218036,0.0044,0.2163
Merged Runtime Predictor,fbe1d41c.qasm,64,0.174399,0.0044,0.2183
Merged Runtime Predictor,fbe1d41c.qasm,512,0.210122,0.0044,0.2316
Merged Runtime Predictor,fc1ce5ab.qasm,16,62.076274,12.6213,0.2418
Merged Runtime Predictor,fc1ce5ab.qasm,64,3.160701,12.6213,0.2431
Merged Runtime Predictor,fc1ce5ab.qasm,512,852.317249,12.6213,0.2326
Merged Runtime Predictor,fc330f35.qasm,16,1.883432,0.7500,0.2404
Merged Runtime Predictor,fc330f35.qasm,64,11.313556,0.7500,0.2275
Merged Runtime Predictor,fc330f35.qasm,512,461.482893,0.7500,0.2387
Merged Runtime Predictor,fc56714f.qasm,16,0.173562,0.0054,0.2395
Merged Runtime Predictor,fc56714f.qasm,64,0.180299,0.0054,0.2239
Merged Runtime Predictor,fc56714f.qasm,512,0.180135,0.0054,0.2306
Merged Runtime Predictor,fc5872f2.qasm,16,425.771113,14.9257,0.2409
Merged Runtime Predictor,fc5872f2.qasm,64,96.122917,14.9257,0.2260
Merged Runtime Predictor,fc5872f2.qasm,512,3184.945771,14.9257,0.2180
Merged Runtime Predictor,fc66bdd4.qasm,16,0.809807,0.4384,0.2249
Merged Runtime Predictor,fc66bdd4.qasm,64,1.311505,0.4384,0.2239
Merged Runtime Predictor,fc66bdd4.qasm,512,0.802222,0.4384,0.2347
Merged Runtime Predictor,fdf0b97e.qasm,16,1.996999,0.8000,0.2225
Merged Runtime Predictor,fdf0b97e.qasm,64,11.455156,0.8000,0.2235
Merged Runtime Predictor,fdf0b97e.qasm,512,437.326295,0.8000,0.2220
Merged Runtime Predictor,ffe82f32.qasm,16,0.209880,0.0043,0.2241
Merged Runtime Predictor,ffe82f32.qasm,64,1.303071,0.0043,0.2207
Merged Runtime Predictor,ffe82f32.qasm,512,1.249474,0.0043,0.2271
