team,filename,threshold,pred_duration_s,parse_s,predict_s
Quantum Rings Research,0071a13b.qasm,16,1.868254,0.2192,0.0310
Quantum Rings Research,0071a13b.qasm,64,11.309635,0.2192,0.0296
Quantum Rings Research,0071a13b.qasm,512,464.359535,0.2192,0.0286
Quantum Rings Research,00c20ece.qasm,16,161.550279,0.2531,0.0277
Quantum Rings Research,00c20ece.qasm,64,167.511850,0.2531,0.0278
Quantum Rings Research,00c20ece.qasm,512,160.770623,0.2531,0.0279
Quantum Rings Research,03042ac9.qasm,16,1.865640,0.2137,0.0283
Quantum Rings Research,03042ac9.qasm,64,11.241533,0.2137,0.0280
Quantum Rings Research,03042ac9.qasm,512,463.886890,0.2137,0.0277
Quantum Rings Research,03934028.qasm,16,1719.504581,6.9358,0.0334
Quantum Rings Research,03934028.qasm,64,1260.005369,6.9358,0.0293
Quantum Rings Research,03934028.qasm,512,14400.000000,6.9358,0.0286
Quantum Rings Research,03ee478e.qasm,16,0.179101,0.0034,0.0289
Quantum Rings Research,03ee478e.qasm,64,1.120120,0.0034,0.0275
Quantum Rings Research,03ee478e.qasm,512,0.189463,0.0034,0.0284
Quantum Rings Research,04276362.qasm,16,0.186345,0.0013,0.0272
Quantum Rings Research,04276362.qasm,64,0.209253,0.0013,0.0268
Quantum Rings Research,04276362.qasm,512,0.191262,0.0013,0.0271
Quantum Rings Research,0491d461.qasm,16,0.542041,0.0648,0.0286
Quantum Rings Research,0491d461.qasm,64,1.343487,0.0648,0.0269
Quantum Rings Research,0491d461.qasm,512,3.471401,0.0648,0.0277
Quantum Rings Research,0525d9ee.qasm,16,0.539823,0.0637,0.0275
Quantum Rings Research,0525d9ee.qasm,64,1.345587,0.0637,0.0267
Quantum Rings Research,0525d9ee.qasm,512,3.487789,0.0637,0.0268
Quantum Rings Research,0534bf07.qasm,16,14400.000000,2.6687,0.0277
Quantum Rings Research,0534bf07.qasm,64,2241.852026,2.6687,0.0269
Quantum Rings Research,0534bf07.qasm,512,14400.000000,2.6687,0.0266
Quantum Rings Research,055dc894.qasm,16,4.711169,0.0697,0.0281
Quantum Rings Research,055dc894.qasm,64,5.902399,0.0697,0.0272
Quantum Rings Research,055dc894.qasm,512,1377.701854,0.0697,0.0276
Quantum Rings Research,056c2b99.qasm,16,0.582876,0.0477,0.0270
Quantum Rings Research,056c2b99.qasm,64,0.452538,0.0477,0.0270
Quantum Rings Research,056c2b99.qasm,512,0.453572,0.0477,0.0273
Quantum Rings Research,058c7d32.qasm,16,0.238728,0.0329,0.0274
Quantum Rings Research,058c7d32.qasm,64,0.619787,0.0329,0.0270
Quantum Rings Research,058c7d32.qasm,512,1.249920,0.0329,0.0273
Quantum Rings Research,067475b0.qasm,16,1.407105,0.1355,0.0286
Quantum Rings Research,067475b0.qasm,64,5.746065,0.1355,0.0285
Quantum Rings Research,067475b0.qasm,512,130.814092,0.1355,0.0279
Quantum Rings Research,06857ab2.qasm,16,88.270404,0.9702,0.0281
Quantum Rings Research,06857ab2.qasm,64,145.949639,0.9702,0.0272
Quantum Rings Research,06857ab2.qasm,512,5303.455395,0.9702,0.0271
Quantum Rings Research,06a7dabf.qasm,16,1.445666,0.1749,0.0278
Quantum Rings Research,06a7dabf.qasm,64,8.493831,0.1749,0.0271
Quantum Rings Research,06a7dabf.qasm,512,307.312851,0.1749,0.0273
Quantum Rings Research,06e45cf2.qasm,16,0.573036,0.0585,0.0270
Quantum Rings Research,06e45cf2.qasm,64,1.118923,0.0585,0.0271
Quantum Rings Research,06e45cf2.qasm,512,2.743507,0.0585,0.0269
Quantum Rings Research,0732491c.qasm,16,5.001960,1.2945,0.0268
Quantum Rings Research,0732491c.qasm,64,2.112290,1.2945,0.0279
Quantum Rings Research,0732491c.qasm,512,5.953972,1.2945,0.0263
Quantum Rings Research,07fc5b22.qasm,16,0.540644,0.2079,0.0280
Quantum Rings Research,07fc5b22.qasm,64,1.338474,0.2079,0.0302
Quantum Rings Research,07fc5b22.qasm,512,3.494313,0.2079,0.0293
Quantum Rings Research,08239e90.qasm,16,59.916192,2.4793,0.0278
Quantum Rings Research,08239e90.qasm,64,3.294251,2.4793,0.0276
Quantum Rings Research,08239e90.qasm,512,861.576685,2.4793,0.0270
Quantum Rings Research,0885b672.qasm,16,1.661698,0.1718,0.0282
Quantum Rings Research,0885b672.qasm,64,8.960844,0.1718,0.0277
Quantum Rings Research,0885b672.qasm,512,333.275248,0.1718,0.0277
Quantum Rings Research,0a0f4c36.qasm,16,0.187326,0.0115,0.0274
Quantum Rings Research,0a0f4c36.qasm,64,0.259420,0.0115,0.0270
Quantum Rings Research,0a0f4c36.qasm,512,0.171967,0.0115,0.0272
Quantum Rings Research,0b0e43d6.qasm,16,1.790429,0.1992,0.0281
Quantum Rings Research,0b0e43d6.qasm,64,9.962596,0.1992,0.0273
Quantum Rings Research,0b0e43d6.qasm,512,373.565506,0.1992,0.0272
Quantum Rings Research,0b325fdd.qasm,16,188.263443,4.3532,0.0276
Quantum Rings Research,0b325fdd.qasm,64,7.664720,4.3532,0.0269
Quantum Rings Research,0b325fdd.qasm,512,14400.000000,4.3532,0.0268
Quantum Rings Research,0bde3200.qasm,16,0.235317,0.0007,0.0272
Quantum Rings Research,0bde3200.qasm,64,0.236628,0.0007,0.0272
Quantum Rings Research,0bde3200.qasm,512,0.287266,0.0007,0.0288
Quantum Rings Research,0c0ce4a1.qasm,16,0.587301,0.0477,0.0276
Quantum Rings Research,0c0ce4a1.qasm,64,0.457020,0.0477,0.0271
Quantum Rings Research,0c0ce4a1.qasm,512,0.461880,0.0477,0.0278
Quantum Rings Research,0c676248.qasm,16,0.169438,0.0217,0.0281
Quantum Rings Research,0c676248.qasm,64,10.128815,0.0217,0.0279
Quantum Rings Research,0c676248.qasm,512,0.184501,0.0217,0.0268
Quantum Rings Research,0cc92082.qasm,16,0.242217,0.0393,0.0273
Quantum Rings Research,0cc92082.qasm,64,0.495855,0.0393,0.0268
Quantum Rings Research,0cc92082.qasm,512,0.212167,0.0393,0.0269
Quantum Rings Research,0cd81bd7.qasm,16,1.399257,0.1592,0.0273
Quantum Rings Research,0cd81bd7.qasm,64,7.974011,0.1592,0.0275
Quantum Rings Research,0cd81bd7.qasm,512,287.031404,0.1592,0.0275
Quantum Rings Research,0d08bd43.qasm,16,2427.458205,2.9655,0.0280
Quantum Rings Research,0d08bd43.qasm,64,284.489709,2.9655,0.0262
Quantum Rings Research,0d08bd43.qasm,512,14400.000000,2.9655,0.0268
Quantum Rings Research,0d094263.qasm,16,0.194217,0.0008,0.0272
Quantum Rings Research,0d094263.qasm,64,0.315594,0.0008,0.0274
Quantum Rings Research,0d094263.qasm,512,0.186010,0.0008,0.0267
Quantum Rings Research,0d6f51b4.qasm,16,0.186177,0.0010,0.0276
Quantum Rings Research,0d6f51b4.qasm,64,0.218887,0.0010,0.0274
Quantum Rings Research,0d6f51b4.qasm,512,0.175724,0.0010,0.0263
Quantum Rings Research,0e8ddfa3.qasm,16,1.157238,0.0992,0.0280
Quantum Rings Research,0e8ddfa3.qasm,64,3.414302,0.0992,0.0273
Quantum Rings Research,0e8ddfa3.qasm,512,71.920312,0.0992,0.0265
Quantum Rings Research,0ee54ab9.qasm,16,0.180740,0.0129,0.0279
Quantum Rings Research,0ee54ab9.qasm,64,0.222670,0.0129,0.0277
Quantum Rings Research,0ee54ab9.qasm,512,0.180728,0.0129,0.0273
Quantum Rings Research,0f6ae53c.qasm,16,0.180177,0.0133,0.0271
Quantum Rings Research,0f6ae53c.qasm,64,0.630934,0.0133,0.0272
Quantum Rings Research,0f6ae53c.qasm,512,0.189103,0.0133,0.0278
Quantum Rings Research,10761caa.qasm,16,1.206695,0.1034,0.0274
Quantum Rings Research,10761caa.qasm,64,4.161591,0.1034,0.0280
Quantum Rings Research,10761caa.qasm,512,91.816465,0.1034,0.0274
Quantum Rings Research,10ea3498.qasm,16,0.175366,0.0090,0.0273
Quantum Rings Research,10ea3498.qasm,64,1.184603,0.0090,0.0275
Quantum Rings Research,10ea3498.qasm,512,0.178396,0.0090,0.0265
Quantum Rings Research,1154e9d9.qasm,16,14400.000000,3.2870,0.0269
Quantum Rings Research,1154e9d9.qasm,64,4923.580488,3.2870,0.0266
Quantum Rings Research,1154e9d9.qasm,512,14400.000000,3.2870,0.0267
Quantum Rings Research,12157215.qasm,16,1947.620449,8.5886,0.0274
Quantum Rings Research,12157215.qasm,64,902.572951,8.5886,0.0275
Quantum Rings Research,12157215.qasm,512,14400.000000,8.5886,0.0267
Quantum Rings Research,125f60d7.qasm,16,1452.063955,14.0233,0.0276
Quantum Rings Research,125f60d7.qasm,64,786.955516,14.0233,0.0264
Quantum Rings Research,125f60d7.qasm,512,14400.000000,14.0233,0.0262
Quantum Rings Research,138d2c7b.qasm,16,1.564888,0.1687,0.0279
Quantum Rings Research,138d2c7b.qasm,64,7.723613,0.1687,0.0271
Quantum Rings Research,138d2c7b.qasm,512,265.913098,0.1687,0.0271
Quantum Rings Research,13b8e3f8.qasm,16,1.150352,0.1208,0.0280
Quantum Rings Research,13b8e3f8.qasm,64,5.078161,0.1208,0.0276
Quantum Rings Research,13b8e3f8.qasm,512,144.110578,0.1208,0.0277
Quantum Rings Research,13eb49aa.qasm,16,0.176716,0.0014,0.0276
Quantum Rings Research,13eb49aa.qasm,64,1.061460,0.0014,0.0275
Quantum Rings Research,13eb49aa.qasm,512,1.206863,0.0014,0.0270
Quantum Rings Research,14019fed.qasm,16,71.345075,0.4309,0.0284
Quantum Rings Research,14019fed.qasm,64,8.554471,0.4309,0.0282
Quantum Rings Research,14019fed.qasm,512,115.012313,0.4309,0.0262
Quantum Rings Research,149b1e7c.qasm,16,4.975776,0.0741,0.0272
Quantum Rings Research,149b1e7c.qasm,64,0.179641,0.0741,0.0276
Quantum Rings Research,149b1e7c.qasm,512,5.243494,0.0741,0.0270
Quantum Rings Research,15434610.qasm,16,1.530929,0.1717,0.0272
Quantum Rings Research,15434610.qasm,64,7.752314,0.1717,0.0270
Quantum Rings Research,15434610.qasm,512,260.048966,0.1717,0.0271
Quantum Rings Research,159b3481.qasm,16,0.572938,0.0605,0.0278
Quantum Rings Research,159b3481.qasm,64,1.117738,0.0605,0.0272
Quantum Rings Research,159b3481.qasm,512,2.760122,0.0605,0.0271
Quantum Rings Research,15c28669.qasm,16,0.271066,0.1720,0.0279
Quantum Rings Research,15c28669.qasm,64,0.401630,0.1720,0.0273
Quantum Rings Research,15c28669.qasm,512,0.270656,0.1720,0.0271
Quantum Rings Research,1619b169.qasm,16,0.174247,0.0193,0.0273
Quantum Rings Research,1619b169.qasm,64,0.174133,0.0193,0.0278
Quantum Rings Research,1619b169.qasm,512,0.183121,0.0193,0.0267
Quantum Rings Research,166e9d3a.qasm,16,0.185048,0.0079,0.0270
Quantum Rings Research,166e9d3a.qasm,64,0.171481,0.0079,0.0271
Quantum Rings Research,166e9d3a.qasm,512,0.172492,0.0079,0.0275
Quantum Rings Research,1688d759.qasm,16,1.965126,0.2325,0.0287
Quantum Rings Research,1688d759.qasm,64,14.115316,0.2325,0.0274
Quantum Rings Research,1688d759.qasm,512,557.696670,0.2325,0.0279
Quantum Rings Research,16ff70bb.qasm,16,2.121135,0.2250,0.0278
Quantum Rings Research,16ff70bb.qasm,64,12.113199,0.2250,0.0281
Quantum Rings Research,16ff70bb.qasm,512,487.494520,0.2250,0.0276
Quantum Rings Research,17253376.qasm,16,1.782166,0.1997,0.0280
Quantum Rings Research,17253376.qasm,64,12.008316,0.1997,0.0278
Quantum Rings Research,17253376.qasm,512,463.964721,0.1997,0.0271
Quantum Rings Research,173d4b8b.qasm,16,0.445553,0.0011,0.0275
Quantum Rings Research,173d4b8b.qasm,64,0.464002,0.0011,0.0269
Quantum Rings Research,173d4b8b.qasm,512,0.456194,0.0011,0.0272
Quantum Rings Research,175f2997.qasm,16,1.539266,0.1550,0.0280
Quantum Rings Research,175f2997.qasm,64,6.903439,0.1550,0.0277
Quantum Rings Research,175f2997.qasm,512,203.509097,0.1550,0.0268
Quantum Rings Research,17e5a14b.qasm,16,79.552203,3.4966,0.0276
Quantum Rings Research,17e5a14b.qasm,64,4.528775,3.4966,0.0267
Quantum Rings Research,17e5a14b.qasm,512,863.319727,3.4966,0.0270
Quantum Rings Research,195099c8.qasm,16,0.353173,0.0649,0.0278
Quantum Rings Research,195099c8.qasm,64,7.901147,0.0649,0.0267
Quantum Rings Research,195099c8.qasm,512,0.333351,0.0649,0.0273
Quantum Rings Research,19550378.qasm,16,0.700615,0.0195,0.0276
Quantum Rings Research,19550378.qasm,64,0.723301,0.0195,0.0270
Quantum Rings Research,19550378.qasm,512,0.692034,0.0195,0.0272
Quantum Rings Research,1959a985.qasm,16,4.921962,0.0705,0.0275
Quantum Rings Research,1959a985.qasm,64,19.861062,0.0705,0.0266
Quantum Rings Research,1959a985.qasm,512,1405.130391,0.0705,0.0273
Quantum Rings Research,19d587f3.qasm,16,0.176010,0.0062,0.0278
Quantum Rings Research,19d587f3.qasm,64,1.214143,0.0062,0.0275
Quantum Rings Research,19d587f3.qasm,512,0.172186,0.0062,0.0280
Quantum Rings Research,1a554de5.qasm,16,0.173700,0.0099,0.0275
Quantum Rings Research,1a554de5.qasm,64,0.187754,0.0099,0.0266
Quantum Rings Research,1a554de5.qasm,512,0.181568,0.0099,0.0277
Quantum Rings Research,1aa22822.qasm,16,21.697188,1.1880,0.0278
Quantum Rings Research,1aa22822.qasm,64,1.340934,1.1880,0.0267
Quantum Rings Research,1aa22822.qasm,512,632.429522,1.1880,0.0270
Quantum Rings Research,1af5b336.qasm,16,1.081749,0.0798,0.0282
Quantum Rings Research,1af5b336.qasm,64,2.279309,0.0798,0.0269
Quantum Rings Research,1af5b336.qasm,512,23.440723,0.0798,0.0272
Quantum Rings Research,1b91945f.qasm,16,0.576146,0.0597,0.0273
Quantum Rings Research,1b91945f.qasm,64,1.119648,0.0597,0.0269
Quantum Rings Research,1b91945f.qasm,512,2.694619,0.0597,0.0274
Quantum Rings Research,1cb3c32c.qasm,16,7.988974,0.1998,0.0291
Quantum Rings Research,1cb3c32c.qasm,64,0.379707,0.1998,0.0291
Quantum Rings Research,1cb3c32c.qasm,512,26.338534,0.1998,0.0276
Quantum Rings Research,1d1dc1d8.qasm,16,2.085849,0.2196,0.0284
Quantum Rings Research,1d1dc1d8.qasm,64,12.130078,0.2196,0.0271
Quantum Rings Research,1d1dc1d8.qasm,512,479.219040,0.2196,0.0277
Quantum Rings Research,1d4b1889.qasm,16,0.486933,0.0427,0.0276
Quantum Rings Research,1d4b1889.qasm,64,0.340395,0.0427,0.0273
Quantum Rings Research,1d4b1889.qasm,512,0.341275,0.0427,0.0269
Quantum Rings Research,1db5f683.qasm,16,2.007879,0.2146,0.0274
Quantum Rings Research,1db5f683.qasm,64,11.478171,0.2146,0.0280
Quantum Rings Research,1db5f683.qasm,512,438.036465,0.2146,0.0273
Quantum Rings Research,1f1383d7.qasm,16,0.211638,0.0161,0.0275
Quantum Rings Research,1f1383d7.qasm,64,2.278369,0.0161,0.0272
Quantum Rings Research,1f1383d7.qasm,512,0.213039,0.0161,0.0271
Quantum Rings Research,1fd34b96.qasm,16,2.677440,0.3104,0.0278
Quantum Rings Research,1fd34b96.qasm,64,21.092526,0.3104,0.0282
Quantum Rings Research,1fd34b96.qasm,512,972.725445,0.3104,0.0279
Quantum Rings Research,20448412.qasm,16,149.520323,0.2502,0.0277
Quantum Rings Research,20448412.qasm,64,175.104059,0.2502,0.0267
Quantum Rings Research,20448412.qasm,512,151.209378,0.2502,0.0264
Quantum Rings Research,2059c310.qasm,16,0.493325,0.0029,0.0274
Quantum Rings Research,2059c310.qasm,64,3.135521,0.0029,0.0283
Quantum Rings Research,2059c310.qasm,512,1.539986,0.0029,0.0272
Quantum Rings Research,2078a631.qasm,16,2.394132,0.2633,0.0281
Quantum Rings Research,2078a631.qasm,64,16.211991,0.2633,0.0274
Quantum Rings Research,2078a631.qasm,512,587.883493,0.2633,0.0272
Quantum Rings Research,208334f1.qasm,16,0.180620,0.0194,0.0279
Quantum Rings Research,208334f1.qasm,64,1.129413,0.0194,0.0277
Quantum Rings Research,208334f1.qasm,512,0.194659,0.0194,0.0272
Quantum Rings Research,2190b5a7.qasm,16,0.208462,0.0014,0.0273
Quantum Rings Research,2190b5a7.qasm,64,0.170441,0.0014,0.0278
Quantum Rings Research,2190b5a7.qasm,512,0.204108,0.0014,0.0273
Quantum Rings Research,231bbda3.qasm,16,4.606441,0.1438,0.0272
Quantum Rings Research,231bbda3.qasm,64,1.194060,0.1438,0.0269
Quantum Rings Research,231bbda3.qasm,512,4.699801,0.1438,0.0276
Quantum Rings Research,235dda60.qasm,16,2.364954,0.2651,0.0278
Quantum Rings Research,235dda60.qasm,64,16.317772,0.2651,0.0277
Quantum Rings Research,235dda60.qasm,512,364.354895,0.2651,0.0271
Quantum Rings Research,24ca3082.qasm,16,2986.183999,11.1653,0.0276
Quantum Rings Research,24ca3082.qasm,64,1677.782400,11.1653,0.0274
Quantum Rings Research,24ca3082.qasm,512,14400.000000,11.1653,0.0266
Quantum Rings Research,25e26219.qasm,16,2.166070,0.0233,0.0278
Quantum Rings Research,25e26219.qasm,64,16.443021,0.0233,0.0268
Quantum Rings Research,25e26219.qasm,512,616.180270,0.0233,0.0278
Quantum Rings Research,25e5b703.qasm,16,0.182436,0.0048,0.0275
Quantum Rings Research,25e5b703.qasm,64,0.207214,0.0048,0.0265
Quantum Rings Research,25e5b703.qasm,512,0.180705,0.0048,0.0272
Quantum Rings Research,264ca70e.qasm,16,1.658787,0.1902,0.0281
Quantum Rings Research,264ca70e.qasm,64,9.287657,0.1902,0.0274
Quantum Rings Research,264ca70e.qasm,512,350.368377,0.1902,0.0281
Quantum Rings Research,27a012bc.qasm,16,0.572906,0.0473,0.0276
Quantum Rings Research,27a012bc.qasm,64,0.454725,0.0473,0.0271
Quantum Rings Research,27a012bc.qasm,512,0.455422,0.0473,0.0270
Quantum Rings Research,27dbf314.qasm,16,3399.320971,12.7009,0.0272
Quantum Rings Research,27dbf314.qasm,64,953.841416,12.7009,0.0273
Quantum Rings Research,27dbf314.qasm,512,14400.000000,12.7009,0.0270
Quantum Rings Research,27e0ec8e.qasm,16,0.189258,0.0037,0.0274
Quantum Rings Research,27e0ec8e.qasm,64,0.517872,0.0037,0.0274
Quantum Rings Research,27e0ec8e.qasm,512,0.186009,0.0037,0.0269
Quantum Rings Research,2818a462.qasm,16,0.178484,0.0047,0.0275
Quantum Rings Research,2818a462.qasm,64,0.497578,0.0047,0.0276
Quantum Rings Research,2818a462.qasm,512,0.186029,0.0047,0.0277
Quantum Rings Research,28f914b0.qasm,16,0.189186,0.0050,0.0283
Quantum Rings Research,28f914b0.qasm,64,0.287182,0.0050,0.0275
Quantum Rings Research,28f914b0.qasm,512,0.199260,0.0050,0.0273
Quantum Rings Research,29886bb3.qasm,16,1.112588,0.0799,0.0272
Quantum Rings Research,29886bb3.qasm,64,2.287512,0.0799,0.0282
Quantum Rings Research,29886bb3.qasm,512,23.467881,0.0799,0.0271
Quantum Rings Research,29a887f9.qasm,16,1.311370,0.0256,0.0276
Quantum Rings Research,29a887f9.qasm,64,0.243019,0.0256,0.0269
Quantum Rings Research,29a887f9.qasm,512,129.366435,0.0256,0.0279
Quantum Rings Research,2a04dd73.qasm,16,2741.307713,11.6397,0.0285
Quantum Rings Research,2a04dd73.qasm,64,3923.717993,11.6397,0.0274
Quantum Rings Research,2a04dd73.qasm,512,14400.000000,11.6397,0.0273
Quantum Rings Research,2a0e53ef.qasm,16,2.340387,0.0179,0.0281
Quantum Rings Research,2a0e53ef.qasm,64,7.863613,0.0179,0.0271
Quantum Rings Research,2a0e53ef.qasm,512,320.401588,0.0179,0.0277
Quantum Rings Research,2a48defb.qasm,16,1.194140,0.0032,0.0275
Quantum Rings Research,2a48defb.qasm,64,1.125984,0.0032,0.0273
Quantum Rings Research,2a48defb.qasm,512,1.104521,0.0032,0.0271
Quantum Rings Research,2af6859b.qasm,16,1.694732,0.2092,0.0282
Quantum Rings Research,2af6859b.qasm,64,10.540813,0.2092,0.0267
Quantum Rings Research,2af6859b.qasm,512,406.404664,0.2092,0.0273
Quantum Rings Research,2afe3d2e.qasm,16,14400.000000,2.5506,0.0277
Quantum Rings Research,2afe3d2e.qasm,64,31601.746707,2.5506,0.0272
Quantum Rings Research,2afe3d2e.qasm,512,14400.000000,2.5506,0.0279
Quantum Rings Research,2b148d98.qasm,16,1.736483,0.2021,0.0276
Quantum Rings Research,2b148d98.qasm,64,12.175409,0.2021,0.0273
Quantum Rings Research,2b148d98.qasm,512,463.458247,0.2021,0.0275
Quantum Rings Research,2b2951ed.qasm,16,2.007298,0.2174,0.0290
Quantum Rings Research,2b2951ed.qasm,64,11.430326,0.2174,0.0273
Quantum Rings Research,2b2951ed.qasm,512,450.344484,0.2174,0.0274
Quantum Rings Research,2bc3295c.qasm,16,1.259043,0.0180,0.0276
Quantum Rings Research,2bc3295c.qasm,64,2.413265,0.0180,0.0275
Quantum Rings Research,2bc3295c.qasm,512,252.733038,0.0180,0.0268
Quantum Rings Research,2cbfff1b.qasm,16,1.663203,0.1693,0.0275
Quantum Rings Research,2cbfff1b.qasm,64,7.744003,0.1693,0.0273
Quantum Rings Research,2cbfff1b.qasm,512,260.649085,0.1693,0.0275
Quantum Rings Research,2cedce95.qasm,16,2.057977,0.2233,0.0288
Quantum Rings Research,2cedce95.qasm,64,12.103518,0.2233,0.0271
Quantum Rings Research,2cedce95.qasm,512,487.688146,0.2233,0.0275
Quantum Rings Research,2d399444.qasm,16,0.230871,0.0008,0.0273
Quantum Rings Research,2d399444.qasm,64,0.181570,0.0008,0.0275
Quantum Rings Research,2d399444.qasm,512,0.215481,0.0008,0.0279
Quantum Rings Research,2ea1bf91.qasm,16,4.344937,0.0737,0.0273
Quantum Rings Research,2ea1bf91.qasm,64,0.177166,0.0737,0.0270
Quantum Rings Research,2ea1bf91.qasm,512,5.258247,0.0737,0.0271
Quantum Rings Research,3026aed7.qasm,16,2.660136,0.3096,0.0280
Quantum Rings Research,3026aed7.qasm,64,20.984264,0.3096,0.0282
Quantum Rings Research,3026aed7.qasm,512,994.465653,0.3096,0.0278
Quantum Rings Research,306ac152.qasm,16,0.174748,0.0236,0.0282
Quantum Rings Research,306ac152.qasm,64,4.867014,0.0236,0.0272
Quantum Rings Research,306ac152.qasm,512,0.197922,0.0236,0.0273
Quantum Rings Research,3099a023.qasm,16,0.188261,0.0039,0.0280
Quantum Rings Research,3099a023.qasm,64,0.169055,0.0039,0.0280
Quantum Rings Research,3099a023.qasm,512,0.226966,0.0039,0.0272
Quantum Rings Research,31b8fb3c.qasm,16,0.480858,0.1375,0.0272
Quantum Rings Research,31b8fb3c.qasm,64,0.741624,0.1375,0.0275
Quantum Rings Research,31b8fb3c.qasm,512,0.505894,0.1375,0.0276
Quantum Rings Research,31fd025e.qasm,16,1.648152,0.1707,0.0277
Quantum Rings Research,31fd025e.qasm,64,7.747633,0.1707,0.0275
Quantum Rings Research,31fd025e.qasm,512,266.850845,0.1707,0.0270
Quantum Rings Research,320de9fb.qasm,16,38.068202,1.4684,0.0512
Quantum Rings Research,320de9fb.qasm,64,264.237665,1.4684,0.0484
Quantum Rings Research,320de9fb.qasm,512,14400.000000,1.4684,0.0277
Quantum Rings Research,32de9cc1.qasm,16,1.100080,0.0819,0.0290
Quantum Rings Research,32de9cc1.qasm,64,2.273794,0.0819,0.0290
Quantum Rings Research,32de9cc1.qasm,512,23.218370,0.0819,0.0285
Quantum Rings Research,32f44532.qasm,16,9.822798,0.2084,0.0294
Quantum Rings Research,32f44532.qasm,64,0.283727,0.2084,0.0274
Quantum Rings Research,32f44532.qasm,512,24.284249,0.2084,0.0280
Quantum Rings Research,336f664c.qasm,16,0.187411,0.0111,0.0385
Quantum Rings Research,336f664c.qasm,64,0.918309,0.0111,0.0499
Quantum Rings Research,336f664c.qasm,512,0.439753,0.0111,0.0296
Quantum Rings Research,33a2f9be.qasm,16,1.026963,0.1170,0.0278
Quantum Rings Research,33a2f9be.qasm,64,4.328024,0.1170,0.0285
Quantum Rings Research,33a2f9be.qasm,512,94.307081,0.1170,0.0268
Quantum Rings Research,33c62fb8.qasm,16,31.183251,1.5484,0.0281
Quantum Rings Research,33c62fb8.qasm,64,14.374921,1.5484,0.0279
Quantum Rings Research,33c62fb8.qasm,512,28.165396,1.5484,0.0269
Quantum Rings Research,3436484d.qasm,16,1.381291,0.1323,0.0277
Quantum Rings Research,3436484d.qasm,64,5.714743,0.1323,0.0274
Quantum Rings Research,3436484d.qasm,512,133.731143,0.1323,0.0269
Quantum Rings Research,36d0ea8f.qasm,16,0.204858,0.0036,0.0268
Quantum Rings Research,36d0ea8f.qasm,64,0.503654,0.0036,0.0271
Quantum Rings Research,36d0ea8f.qasm,512,0.223415,0.0036,0.0274
Quantum Rings Research,36e23777.qasm,16,1.398018,0.1628,0.0274
Quantum Rings Research,36e23777.qasm,64,7.967791,0.1628,0.0276
Quantum Rings Research,36e23777.qasm,512,292.756064,0.1628,0.0267
Quantum Rings Research,371eea68.qasm,16,0.179497,0.0028,0.0275
Quantum Rings Research,371eea68.qasm,64,0.277619,0.0028,0.0272
Quantum Rings Research,371eea68.qasm,512,0.303581,0.0028,0.0274
Quantum Rings Research,376d7d92.qasm,16,0.187739,0.0078,0.0274
Quantum Rings Research,376d7d92.qasm,64,2.634849,0.0078,0.0271
Quantum Rings Research,376d7d92.qasm,512,0.175440,0.0078,0.0269
Quantum Rings Research,37bd268c.qasm,16,0.236692,0.0081,0.0278
Quantum Rings Research,37bd268c.qasm,64,1.121252,0.0081,0.0274
Quantum Rings Research,37bd268c.qasm,512,0.236301,0.0081,0.0266
Quantum Rings Research,3814b0b9.qasm,16,135.015161,1.0736,0.0283
Quantum Rings Research,3814b0b9.qasm,64,241.633434,1.0736,0.0276
Quantum Rings Research,3814b0b9.qasm,512,9085.880606,1.0736,0.0262
Quantum Rings Research,383bbcad.qasm,16,0.187301,0.0019,0.0268
Quantum Rings Research,383bbcad.qasm,64,0.618753,0.0019,0.0264
Quantum Rings Research,383bbcad.qasm,512,0.190436,0.0019,0.0273
Quantum Rings Research,3841ff5b.qasm,16,2.003436,0.2488,0.0273
Quantum Rings Research,3841ff5b.qasm,64,15.404271,0.2488,0.0277
Quantum Rings Research,3841ff5b.qasm,512,698.360867,0.2488,0.0275
Quantum Rings Research,385fa1b6.qasm,16,3.744620,0.0102,0.0278
Quantum Rings Research,385fa1b6.qasm,64,3.635631,0.0102,0.0267
Quantum Rings Research,385fa1b6.qasm,512,3.756370,0.0102,0.0268
Quantum Rings Research,386534f5.qasm,16,1.792571,0.1978,0.0280
Quantum Rings Research,386534f5.qasm,64,10.014220,0.1978,0.0276
Quantum Rings Research,386534f5.qasm,512,383.118348,0.1978,0.0278
Quantum Rings Research,3a8d3e53.qasm,16,0.353703,0.0902,0.0271
Quantum Rings Research,3a8d3e53.qasm,64,1.140485,0.0902,0.0271
Quantum Rings Research,3a8d3e53.qasm,512,0.335642,0.0902,0.0275
Quantum Rings Research,3be98d6c.qasm,16,2.789714,0.0082,0.0282
Quantum Rings Research,3be98d6c.qasm,64,18.463589,0.0082,0.0276
Quantum Rings Research,3be98d6c.qasm,512,503.863407,0.0082,0.0279
Quantum Rings Research,3c1f4948.qasm,16,0.182918,0.0039,0.0270
Quantum Rings Research,3c1f4948.qasm,64,0.202947,0.0039,0.0262
Quantum Rings Research,3c1f4948.qasm,512,0.181056,0.0039,0.0272
Quantum Rings Research,3c2f55c1.qasm,16,14400.000000,0.3305,0.0280
Quantum Rings Research,3c2f55c1.qasm,64,10512.190655,0.3305,0.0274
Quantum Rings Research,3c2f55c1.qasm,512,333.273989,0.3305,0.0273
Quantum Rings Research,3c890561.qasm,16,14.568187,0.1438,0.0277
Quantum Rings Research,3c890561.qasm,64,1.338534,0.1438,0.0274
Quantum Rings Research,3c890561.qasm,512,14.744849,0.1438,0.0276
Quantum Rings Research,3ccd19ee.qasm,16,2.045943,0.2244,0.0282
Quantum Rings Research,3ccd19ee.qasm,64,12.122826,0.2244,0.0282
Quantum Rings Research,3ccd19ee.qasm,512,483.575676,0.2244,0.0278
Quantum Rings Research,3db115f1.qasm,16,0.211962,0.0024,0.0277
Quantum Rings Research,3db115f1.qasm,64,0.269827,0.0024,0.0269
Quantum Rings Research,3db115f1.qasm,512,0.177139,0.0024,0.0271
Quantum Rings Research,3e2fde05.qasm,16,1.466567,0.1802,0.0279
Quantum Rings Research,3e2fde05.qasm,64,8.456801,0.1802,0.0271
Quantum Rings Research,3e2fde05.qasm,512,313.301542,0.1802,0.0275
Quantum Rings Research,3e730381.qasm,16,0.170084,0.0024,0.0280
Quantum Rings Research,3e730381.qasm,64,1.412941,0.0024,0.0269
Quantum Rings Research,3e730381.qasm,512,0.215863,0.0024,0.0269
Quantum Rings Research,3eb6cff0.qasm,16,13.036865,3.2623,0.0279
Quantum Rings Research,3eb6cff0.qasm,64,12.596758,3.2623,0.0275
Quantum Rings Research,3eb6cff0.qasm,512,12.400928,3.2623,0.0271
Quantum Rings Research,3eca4614.qasm,16,1.797306,0.2029,0.0283
Quantum Rings Research,3eca4614.qasm,64,9.975859,0.2029,0.0279
Quantum Rings Research,3eca4614.qasm,512,374.691678,0.2029,0.0274
Quantum Rings Research,3ee85ccf.qasm,16,1.077100,0.0840,0.0274
Quantum Rings Research,3ee85ccf.qasm,64,2.578156,0.0840,0.0268
Quantum Rings Research,3ee85ccf.qasm,512,34.746294,0.0840,0.0283
Quantum Rings Research,3f072f57.qasm,16,1.193199,0.1179,0.0281
Quantum Rings Research,3f072f57.qasm,64,4.301154,0.1179,0.0278
Quantum Rings Research,3f072f57.qasm,512,94.370188,0.1179,0.0271
Quantum Rings Research,3f858470.qasm,16,0.457779,0.2302,0.0276
Quantum Rings Research,3f858470.qasm,64,0.682540,0.2302,0.0277
Quantum Rings Research,3f858470.qasm,512,0.461560,0.2302,0.0267
Quantum Rings Research,40b719e2.qasm,16,255.317400,2.3626,0.0288
Quantum Rings Research,40b719e2.qasm,64,394.078581,2.3626,0.0286
Quantum Rings Research,40b719e2.qasm,512,14400.000000,2.3626,0.0273
Quantum Rings Research,40e78b26.qasm,16,0.182787,0.0013,0.0269
Quantum Rings Research,40e78b26.qasm,64,0.179460,0.0013,0.0276
Quantum Rings Research,40e78b26.qasm,512,0.203446,0.0013,0.0274
Quantum Rings Research,41bd27aa.qasm,16,1.138836,0.0097,0.0274
Quantum Rings Research,41bd27aa.qasm,64,4.519758,0.0097,0.0279
Quantum Rings Research,41bd27aa.qasm,512,153.721008,0.0097,0.0278
Quantum Rings Research,42a256ea.qasm,16,1.733277,0.1977,0.0282
Quantum Rings Research,42a256ea.qasm,64,10.106601,0.1977,0.0279
Quantum Rings Research,42a256ea.qasm,512,404.091294,0.1977,0.0274
Quantum Rings Research,42a71e24.qasm,16,16.668878,0.1245,0.0280
Quantum Rings Research,42a71e24.qasm,64,27.579687,0.1245,0.0268
Quantum Rings Research,42a71e24.qasm,512,1836.088924,0.1245,0.0273
Quantum Rings Research,42fa6cae.qasm,16,1.908178,0.2366,0.0276
Quantum Rings Research,42fa6cae.qasm,64,14.118688,0.2366,0.0276
Quantum Rings Research,42fa6cae.qasm,512,559.028468,0.2366,0.0293
Quantum Rings Research,43168c33.qasm,16,0.179984,0.0008,0.0268
Quantum Rings Research,43168c33.qasm,64,0.177850,0.0008,0.0275
Quantum Rings Research,43168c33.qasm,512,0.178653,0.0008,0.0284
Quantum Rings Research,4318a3ef.qasm,16,1.541465,0.1713,0.0278
Quantum Rings Research,4318a3ef.qasm,64,7.724394,0.1713,0.0276
Quantum Rings Research,4318a3ef.qasm,512,260.701731,0.1713,0.0279
Quantum Rings Research,4327c91d.qasm,16,1.780154,0.2055,0.0281
Quantum Rings Research,4327c91d.qasm,64,12.299115,0.2055,0.0276
Quantum Rings Research,4327c91d.qasm,512,469.395931,0.2055,0.0273
Quantum Rings Research,432efc30.qasm,16,0.184001,0.0017,0.0276
Quantum Rings Research,432efc30.qasm,64,0.173354,0.0017,0.0280
Quantum Rings Research,432efc30.qasm,512,0.178507,0.0017,0.0280
Quantum Rings Research,445caba2.qasm,16,0.186075,0.0016,0.0286
Quantum Rings Research,445caba2.qasm,64,0.169371,0.0016,0.0270
Quantum Rings Research,445caba2.qasm,512,0.176662,0.0016,0.0271
Quantum Rings Research,448ebca1.qasm,16,0.182299,0.0025,0.0281
Quantum Rings Research,448ebca1.qasm,64,0.284152,0.0025,0.0275
Quantum Rings Research,448ebca1.qasm,512,0.190356,0.0025,0.0271
Quantum Rings Research,46073cb3.qasm,16,73.966330,8.4557,0.0319
Quantum Rings Research,46073cb3.qasm,64,31.007361,8.4557,0.0288
Quantum Rings Research,46073cb3.qasm,512,78.851313,8.4557,0.0300
Quantum Rings Research,46188cf9.qasm,16,2.039515,0.2221,0.0299
Quantum Rings Research,46188cf9.qasm,64,12.139603,0.2221,0.0284
Quantum Rings Research,46188cf9.qasm,512,496.512297,0.2221,0.0279
Quantum Rings Research,46de7f9b.qasm,16,6.708922,0.1722,0.0275
Quantum Rings Research,46de7f9b.qasm,64,0.176901,0.1722,0.0274
Quantum Rings Research,46de7f9b.qasm,512,21.433102,0.1722,0.0273
Quantum Rings Research,4737100f.qasm,16,120.447907,0.3086,0.0278
Quantum Rings Research,4737100f.qasm,64,206.871662,0.3086,0.0272
Quantum Rings Research,4737100f.qasm,512,14400.000000,0.3086,0.0266
Quantum Rings Research,474aa01a.qasm,16,1.731141,0.2085,0.0281
Quantum Rings Research,474aa01a.qasm,64,12.916596,0.2085,0.0275
Quantum Rings Research,474aa01a.qasm,512,583.619655,0.2085,0.0277
Quantum Rings Research,4846208f.qasm,16,3.099161,0.0026,0.0268
Quantum Rings Research,4846208f.qasm,64,0.296201,0.0026,0.0264
Quantum Rings Research,4846208f.qasm,512,0.320994,0.0026,0.0274
Quantum Rings Research,4a262567.qasm,16,1.801610,0.2001,0.0279
Quantum Rings Research,4a262567.qasm,64,9.992082,0.2001,0.0280
Quantum Rings Research,4a262567.qasm,512,372.693465,0.2001,0.0278
Quantum Rings Research,4a5eba47.qasm,16,0.183281,0.0140,0.0275
Quantum Rings Research,4a5eba47.qasm,64,5.107253,0.0140,0.0278
Quantum Rings Research,4a5eba47.qasm,512,0.183966,0.0140,0.0277
Quantum Rings Research,4ae57e38.qasm,16,13.239672,0.0336,0.0268
Quantum Rings Research,4ae57e38.qasm,64,3.001592,0.0336,0.0278
Quantum Rings Research,4ae57e38.qasm,512,40.372115,0.0336,0.0270
Quantum Rings Research,4cbdcf4f.qasm,16,1.197992,0.1081,0.0275
Quantum Rings Research,4cbdcf4f.qasm,64,4.164041,0.1081,0.0272
Quantum Rings Research,4cbdcf4f.qasm,512,95.148791,0.1081,0.0278
Quantum Rings Research,4d59437e.qasm,16,14400.000000,4.8325,0.0287
Quantum Rings Research,4d59437e.qasm,64,14400.000000,4.8325,0.0276
Quantum Rings Research,4d59437e.qasm,512,14400.000000,4.8325,0.0270
Quantum Rings Research,4d78cdd5.qasm,16,0.195209,0.0007,0.0279
Quantum Rings Research,4d78cdd5.qasm,64,0.178579,0.0007,0.0288
Quantum Rings Research,4d78cdd5.qasm,512,0.194194,0.0007,0.0280
Quantum Rings Research,4dc2ff13.qasm,16,0.180618,0.0022,0.0279
Quantum Rings Research,4dc2ff13.qasm,64,0.604490,0.0022,0.0271
Quantum Rings Research,4dc2ff13.qasm,512,0.182221,0.0022,0.0268
Quantum Rings Research,4e8df7a8.qasm,16,14400.000000,13.2769,0.0271
Quantum Rings Research,4e8df7a8.qasm,64,14400.000000,13.2769,0.0272
Quantum Rings Research,4e8df7a8.qasm,512,14400.000000,13.2769,0.0276
Quantum Rings Research,4f476879.qasm,16,1.116889,0.1207,0.0280
Quantum Rings Research,4f476879.qasm,64,5.104541,0.1207,0.0268
Quantum Rings Research,4f476879.qasm,512,147.683739,0.1207,0.0277
Quantum Rings Research,4f48ab57.qasm,16,0.529766,0.0053,0.0280
Quantum Rings Research,4f48ab57.qasm,64,0.429195,0.0053,0.0272
Quantum Rings Research,4f48ab57.qasm,512,0.988251,0.0053,0.0271
Quantum Rings Research,4f9a3ab1.qasm,16,0.181358,0.0019,0.0276
Quantum Rings Research,4f9a3ab1.qasm,64,0.276240,0.0019,0.0274
Quantum Rings Research,4f9a3ab1.qasm,512,0.177915,0.0019,0.0283
Quantum Rings Research,4fd60583.qasm,16,71.538766,3.5098,0.0282
Quantum Rings Research,4fd60583.qasm,64,3.799735,3.5098,0.0271
Quantum Rings Research,4fd60583.qasm,512,858.378577,3.5098,0.0278
Quantum Rings Research,4ffb1090.qasm,16,2.069310,0.8797,0.0276
Quantum Rings Research,4ffb1090.qasm,64,2.567707,0.8797,0.0274
Quantum Rings Research,4ffb1090.qasm,512,1.874004,0.8797,0.0272
Quantum Rings Research,5050d142.qasm,16,0.217637,0.0019,0.0275
Quantum Rings Research,5050d142.qasm,64,1.912880,0.0019,0.0272
Quantum Rings Research,5050d142.qasm,512,1.460158,0.0019,0.0269
Quantum Rings Research,51b16166.qasm,16,1.209943,0.1050,0.0284
Quantum Rings Research,51b16166.qasm,64,4.165220,0.1050,0.0270
Quantum Rings Research,51b16166.qasm,512,91.963145,0.1050,0.0267
Quantum Rings Research,51b543de.qasm,16,2.996253,0.3565,0.0278
Quantum Rings Research,51b543de.qasm,64,23.696169,0.3565,0.0273
Quantum Rings Research,51b543de.qasm,512,1078.403177,0.3565,0.0275
Quantum Rings Research,52b00428.qasm,16,2.008034,0.2438,0.0278
Quantum Rings Research,52b00428.qasm,64,9.127567,0.2438,0.0272
Quantum Rings Research,52b00428.qasm,512,689.191446,0.2438,0.0277
Quantum Rings Research,53442dc5.qasm,16,0.179930,0.0018,0.0285
Quantum Rings Research,53442dc5.qasm,64,0.227608,0.0018,0.0277
Quantum Rings Research,53442dc5.qasm,512,0.189194,0.0018,0.0275
Quantum Rings Research,5357322a.qasm,16,2.018157,0.0511,0.0277
Quantum Rings Research,5357322a.qasm,64,0.177345,0.0511,0.0273
Quantum Rings Research,5357322a.qasm,512,2.913959,0.0511,0.0283
Quantum Rings Research,5385a9e9.qasm,16,1.706401,0.2059,0.0283
Quantum Rings Research,5385a9e9.qasm,64,10.521223,0.2059,0.0268
Quantum Rings Research,5385a9e9.qasm,512,405.226110,0.2059,0.0278
Quantum Rings Research,53e971c2.qasm,16,0.175530,0.0026,0.0282
Quantum Rings Research,53e971c2.qasm,64,0.175144,0.0026,0.0271
Quantum Rings Research,53e971c2.qasm,512,0.180827,0.0026,0.0270
Quantum Rings Research,54c8f710.qasm,16,0.539208,0.0013,0.0266
Quantum Rings Research,54c8f710.qasm,64,0.567429,0.0013,0.0269
Quantum Rings Research,54c8f710.qasm,512,0.533129,0.0013,0.0271
Quantum Rings Research,54f0b8c5.qasm,16,0.190257,0.0135,0.0278
Quantum Rings Research,54f0b8c5.qasm,64,0.273339,0.0135,0.1164
Quantum Rings Research,54f0b8c5.qasm,512,0.231213,0.0135,0.0369
Quantum Rings Research,551cc6ea.qasm,16,3.882437,0.0579,0.0275
Quantum Rings Research,551cc6ea.qasm,64,0.693132,0.0579,0.0266
Quantum Rings Research,551cc6ea.qasm,512,911.131022,0.0579,0.0268
Quantum Rings Research,568c1ef9.qasm,16,0.191388,0.0020,0.0272
Quantum Rings Research,568c1ef9.qasm,64,0.243172,0.0020,0.0272
Quantum Rings Research,568c1ef9.qasm,512,0.188339,0.0020,0.0274
Quantum Rings Research,574915eb.qasm,16,1.646378,0.0101,0.0276
Quantum Rings Research,574915eb.qasm,64,6.445424,0.0101,0.0278
Quantum Rings Research,574915eb.qasm,512,251.936419,0.0101,0.0276
Quantum Rings Research,577f5adb.qasm,16,1.190971,0.0050,0.0275
Quantum Rings Research,577f5adb.qasm,64,5.589886,0.0050,0.0266
Quantum Rings Research,577f5adb.qasm,512,1.521410,0.0050,0.0269
Quantum Rings Research,587be285.qasm,16,1.389397,0.1621,0.0283
Quantum Rings Research,587be285.qasm,64,7.933817,0.1621,0.0271
Quantum Rings Research,587be285.qasm,512,284.874864,0.1621,0.0272
Quantum Rings Research,588e0101.qasm,16,0.241498,0.0042,0.0275
Quantum Rings Research,588e0101.qasm,64,0.511011,0.0042,0.0267
Quantum Rings Research,588e0101.qasm,512,8.487727,0.0042,0.0276
Quantum Rings Research,591d39f6.qasm,16,2.680812,0.3147,0.0278
Quantum Rings Research,591d39f6.qasm,64,20.996283,0.3147,0.0275
Quantum Rings Research,591d39f6.qasm,512,988.815140,0.3147,0.0272
Quantum Rings Research,59267ce4.qasm,16,0.217225,0.0019,0.0277
Quantum Rings Research,59267ce4.qasm,64,0.300787,0.0019,0.0272
Quantum Rings Research,59267ce4.qasm,512,0.234183,0.0019,0.0276
Quantum Rings Research,5a4964e2.qasm,16,3.013671,0.3482,0.0279
Quantum Rings Research,5a4964e2.qasm,64,23.753168,0.3482,0.0272
Quantum Rings Research,5a4964e2.qasm,512,1094.286420,0.3482,0.0282
Quantum Rings Research,5a741dbe.qasm,16,1607.290508,0.0067,0.0275
Quantum Rings Research,5a741dbe.qasm,64,95.909759,0.0067,0.0265
Quantum Rings Research,5a741dbe.qasm,512,8.868586,0.0067,0.0267
Quantum Rings Research,5a9f20b0.qasm,16,1.977357,0.2377,0.0283
Quantum Rings Research,5a9f20b0.qasm,64,14.135421,0.2377,0.0271
Quantum Rings Research,5a9f20b0.qasm,512,556.793217,0.2377,0.0278
Quantum Rings Research,5b419375.qasm,16,5.028716,0.0266,0.0273
Quantum Rings Research,5b419375.qasm,64,17.857724,0.0266,0.0269
Quantum Rings Research,5b419375.qasm,512,770.838195,0.0266,0.0277
Quantum Rings Research,5b482142.qasm,16,0.182744,0.0008,0.0272
Quantum Rings Research,5b482142.qasm,64,0.177365,0.0008,0.0272
Quantum Rings Research,5b482142.qasm,512,0.195432,0.0008,0.0270
Quantum Rings Research,5b58ce32.qasm,16,0.226701,0.0017,0.0270
Quantum Rings Research,5b58ce32.qasm,64,0.177159,0.0017,0.0269
Quantum Rings Research,5b58ce32.qasm,512,0.210482,0.0017,0.0279
Quantum Rings Research,5c176f37.qasm,16,1.966542,0.0333,0.0269
Quantum Rings Research,5c176f37.qasm,64,0.290769,0.0333,0.0274
Quantum Rings Research,5c176f37.qasm,512,225.094740,0.0333,0.0277
Quantum Rings Research,5c2359c8.qasm,16,17.103129,0.1812,0.0276
Quantum Rings Research,5c2359c8.qasm,64,1.044711,0.1812,0.0274
Quantum Rings Research,5c2359c8.qasm,512,26.297963,0.1812,0.0272
Quantum Rings Research,5cfcb9cd.qasm,16,45.235600,0.0929,0.0277
Quantum Rings Research,5cfcb9cd.qasm,64,43.377335,0.0929,0.0277
Quantum Rings Research,5cfcb9cd.qasm,512,45.465617,0.0929,0.0266
Quantum Rings Research,5d14d092.qasm,16,1.845781,0.2024,0.0284
Quantum Rings Research,5d14d092.qasm,64,10.701717,0.2024,0.0270
Quantum Rings Research,5d14d092.qasm,512,447.470823,0.2024,0.0276
Quantum Rings Research,5d2b11a2.qasm,16,1.751686,0.2075,0.0278
Quantum Rings Research,5d2b11a2.qasm,64,8.092827,0.2075,0.0275
Quantum Rings Research,5d2b11a2.qasm,512,576.534695,0.2075,0.0283
Quantum Rings Research,5d565485.qasm,16,1.752671,0.2048,0.0286
Quantum Rings Research,5d565485.qasm,64,13.019325,0.2048,0.0273
Quantum Rings Research,5d565485.qasm,512,579.278727,0.2048,0.0270
Quantum Rings Research,5da1db4b.qasm,16,1.669247,0.1907,0.0279
Quantum Rings Research,5da1db4b.qasm,64,9.486526,0.1907,0.0277
Quantum Rings Research,5da1db4b.qasm,512,341.883133,0.1907,0.0277
Quantum Rings Research,5e3dc35d.qasm,16,0.176436,0.0013,0.0263
Quantum Rings Research,5e3dc35d.qasm,64,0.167101,0.0013,0.0271
Quantum Rings Research,5e3dc35d.qasm,512,0.180666,0.0013,0.0272
Quantum Rings Research,5e4c8439.qasm,16,1.107879,0.0831,0.0276
Quantum Rings Research,5e4c8439.qasm,64,2.517557,0.0831,0.0278
Quantum Rings Research,5e4c8439.qasm,512,33.801331,0.0831,0.0271
Quantum Rings Research,5e6b0a76.qasm,16,1.028310,0.0017,0.0268
Quantum Rings Research,5e6b0a76.qasm,64,0.786847,0.0017,0.0274
Quantum Rings Research,5e6b0a76.qasm,512,0.577741,0.0017,0.0275
Quantum Rings Research,5eaee29f.qasm,16,0.841604,0.0070,0.0278
Quantum Rings Research,5eaee29f.qasm,64,0.209110,0.0070,0.0272
Quantum Rings Research,5eaee29f.qasm,512,0.750251,0.0070,0.0277
Quantum Rings Research,5ed4dd47.qasm,16,0.177702,0.0008,0.0279
Quantum Rings Research,5ed4dd47.qasm,64,0.169068,0.0008,0.0267
Quantum Rings Research,5ed4dd47.qasm,512,0.172179,0.0008,0.0272
Quantum Rings Research,5ee9c404.qasm,16,0.504029,0.0050,0.0268
Quantum Rings Research,5ee9c404.qasm,64,0.357977,0.0050,0.0278
Quantum Rings Research,5ee9c404.qasm,512,0.493439,0.0050,0.0274
Quantum Rings Research,5ef5ff7c.qasm,16,1.951831,0.2368,0.0282
Quantum Rings Research,5ef5ff7c.qasm,64,14.142378,0.2368,0.0272
Quantum Rings Research,5ef5ff7c.qasm,512,551.530281,0.2368,0.0277
Quantum Rings Research,5f0ad979.qasm,16,1.440620,0.1760,0.0284
Quantum Rings Research,5f0ad979.qasm,64,8.510879,0.1760,0.0276
Quantum Rings Research,5f0ad979.qasm,512,312.380795,0.1760,0.0272
Quantum Rings Research,5f39af5c.qasm,16,1.208511,0.0031,0.0262
Quantum Rings Research,5f39af5c.qasm,64,1.229597,0.0031,0.0271
Quantum Rings Research,5f39af5c.qasm,512,1.209951,0.0031,0.0273
Quantum Rings Research,5f6a8a9b.qasm,16,0.215053,0.0026,0.0272
Quantum Rings Research,5f6a8a9b.qasm,64,0.174050,0.0026,0.0266
Quantum Rings Research,5f6a8a9b.qasm,512,0.217935,0.0026,0.0273
Quantum Rings Research,5f79d6db.qasm,16,1.444652,0.1786,0.0279
Quantum Rings Research,5f79d6db.qasm,64,8.491489,0.1786,0.0277
Quantum Rings Research,5f79d6db.qasm,512,310.644442,0.1786,0.0271
Quantum Rings Research,613afa2d.qasm,16,1.167038,0.1148,0.0268
Quantum Rings Research,613afa2d.qasm,64,4.290761,0.1148,0.0281
Quantum Rings Research,613afa2d.qasm,512,94.392997,0.1148,0.0274
Quantum Rings Research,622c4417.qasm,16,1.895863,0.2337,0.0278
Quantum Rings Research,622c4417.qasm,64,14.103659,0.2337,0.0278
Quantum Rings Research,622c4417.qasm,512,553.946205,0.2337,0.0268
Quantum Rings Research,635bd24f.qasm,16,9.578326,0.2050,0.0281
Quantum Rings Research,635bd24f.qasm,64,0.296602,0.2050,0.0273
Quantum Rings Research,635bd24f.qasm,512,25.315769,0.2050,0.0269
Quantum Rings Research,637811d8.qasm,16,1.987132,0.2172,0.0281
Quantum Rings Research,637811d8.qasm,64,11.458317,0.2172,0.0274
Quantum Rings Research,637811d8.qasm,512,434.710979,0.2172,0.0277
Quantum Rings Research,63aaa50d.qasm,16,0.185415,0.0213,0.0273
Quantum Rings Research,63aaa50d.qasm,64,0.299893,0.0213,0.0271
Quantum Rings Research,63aaa50d.qasm,512,0.184694,0.0213,0.0274
Quantum Rings Research,64273f69.qasm,16,1.397205,0.1605,0.0276
Quantum Rings Research,64273f69.qasm,64,7.983402,0.1605,0.0268
Quantum Rings Research,64273f69.qasm,512,283.729131,0.1605,0.0270
Quantum Rings Research,6457f235.qasm,16,0.254525,0.0050,0.0277
Quantum Rings Research,6457f235.qasm,64,0.949633,0.0050,0.0275
Quantum Rings Research,6457f235.qasm,512,20.402655,0.0050,0.0269
Quantum Rings Research,64731b8d.qasm,16,2.051736,0.2329,0.0279
Quantum Rings Research,64731b8d.qasm,64,12.589302,0.2329,0.0277
Quantum Rings Research,64731b8d.qasm,512,491.588128,0.2329,0.0274
Quantum Rings Research,64f32748.qasm,16,1.995919,0.2176,0.0273
Quantum Rings Research,64f32748.qasm,64,11.488517,0.2176,0.0269
Quantum Rings Research,64f32748.qasm,512,437.505213,0.2176,0.0282
Quantum Rings Research,6533abd6.qasm,16,5524.757824,2.1971,0.0284
Quantum Rings Research,6533abd6.qasm,64,340.798009,2.1971,0.0267
Quantum Rings Research,6533abd6.qasm,512,14400.000000,2.1971,0.0264
Quantum Rings Research,65dcd512.qasm,16,0.556055,0.0227,0.0268
Quantum Rings Research,65dcd512.qasm,64,0.502089,0.0227,0.0283
Quantum Rings Research,65dcd512.qasm,512,0.560554,0.0227,0.0268
Quantum Rings Research,661be484.qasm,16,811.933480,4.1047,0.0283
Quantum Rings Research,661be484.qasm,64,548.954724,4.1047,0.0272
Quantum Rings Research,661be484.qasm,512,14400.000000,4.1047,0.0275
Quantum Rings Research,66343f14.qasm,16,0.184197,0.0008,0.0273
Quantum Rings Research,66343f14.qasm,64,0.177798,0.0008,0.0268
Quantum Rings Research,66343f14.qasm,512,0.185127,0.0008,0.0274
Quantum Rings Research,6694b099.qasm,16,13.821544,0.0355,0.0286
Quantum Rings Research,6694b099.qasm,64,13.794499,0.0355,0.0273
Quantum Rings Research,6694b099.qasm,512,13.987593,0.0355,0.0281
Quantum Rings Research,67346cae.qasm,16,0.177494,0.0009,0.0266
Quantum Rings Research,67346cae.qasm,64,0.157351,0.0009,0.0267
Quantum Rings Research,67346cae.qasm,512,0.236926,0.0009,0.0280
Quantum Rings Research,6740a375.qasm,16,0.172007,0.0207,0.0278
Quantum Rings Research,6740a375.qasm,64,9.907174,0.0207,0.0267
Quantum Rings Research,6740a375.qasm,512,0.189594,0.0207,0.0277
Quantum Rings Research,6785591a.qasm,16,0.211506,0.0031,0.0273
Quantum Rings Research,6785591a.qasm,64,1.044301,0.0031,0.0273
Quantum Rings Research,6785591a.qasm,512,0.220960,0.0031,0.0274
Quantum Rings Research,67b5fe45.qasm,16,361.255994,3.2422,0.0280
Quantum Rings Research,67b5fe45.qasm,64,123.287699,3.2422,0.0274
Quantum Rings Research,67b5fe45.qasm,512,1669.615368,3.2422,0.0270
Quantum Rings Research,67f3547d.qasm,16,1.410694,0.0016,0.0264
Quantum Rings Research,67f3547d.qasm,64,1.305165,0.0016,0.0268
Quantum Rings Research,67f3547d.qasm,512,1.433664,0.0016,0.0266
Quantum Rings Research,68528bdf.qasm,16,0.182836,0.0032,0.0277
Quantum Rings Research,68528bdf.qasm,64,0.167302,0.0032,0.0272
Quantum Rings Research,68528bdf.qasm,512,0.181620,0.0032,0.0273
Quantum Rings Research,699bd83c.qasm,16,755.258630,1.3612,0.0271
Quantum Rings Research,699bd83c.qasm,64,1011.241146,1.3612,0.0272
Quantum Rings Research,699bd83c.qasm,512,14400.000000,1.3612,0.0278
Quantum Rings Research,69c7223c.qasm,16,0.993388,0.0164,0.0281
Quantum Rings Research,69c7223c.qasm,64,5.750292,0.0164,0.0269
Quantum Rings Research,69c7223c.qasm,512,280.031699,0.0164,0.0272
Quantum Rings Research,69c8191e.qasm,16,0.174247,0.0065,0.0277
Quantum Rings Research,69c8191e.qasm,64,1.071821,0.0065,0.0267
Quantum Rings Research,69c8191e.qasm,512,0.172004,0.0065,0.0279
Quantum Rings Research,69cf1b12.qasm,16,1.867592,0.2057,0.0286
Quantum Rings Research,69cf1b12.qasm,64,10.704076,0.2057,0.0277
Quantum Rings Research,69cf1b12.qasm,512,436.228078,0.2057,0.0277
Quantum Rings Research,69e799fa.qasm,16,1.721816,0.1919,0.0283
Quantum Rings Research,69e799fa.qasm,64,10.059244,0.1919,0.0276
Quantum Rings Research,69e799fa.qasm,512,404.139784,0.1919,0.0283
Quantum Rings Research,6a5034af.qasm,16,6.440958,1.1786,0.0281
Quantum Rings Research,6a5034af.qasm,64,4.438510,1.1786,0.0275
Quantum Rings Research,6a5034af.qasm,512,6.592432,1.1786,0.0266
Quantum Rings Research,6bc3891b.qasm,16,0.182887,0.0023,0.0271
Quantum Rings Research,6bc3891b.qasm,64,0.297554,0.0023,0.0272
Quantum Rings Research,6bc3891b.qasm,512,0.179860,0.0023,0.0271
Quantum Rings Research,6c69bcc7.qasm,16,1.869829,0.2191,0.0278
Quantum Rings Research,6c69bcc7.qasm,64,11.351099,0.2191,0.0274
Quantum Rings Research,6c69bcc7.qasm,512,470.806653,0.2191,0.0273
Quantum Rings Research,6c848dc7.qasm,16,0.179996,0.0027,0.0273
Quantum Rings Research,6c848dc7.qasm,64,0.308355,0.0027,0.0272
Quantum Rings Research,6c848dc7.qasm,512,0.183920,0.0027,0.0273
Quantum Rings Research,6d2833ea.qasm,16,1.866617,0.2113,0.0283
Quantum Rings Research,6d2833ea.qasm,64,10.626196,0.2113,0.0276
Quantum Rings Research,6d2833ea.qasm,512,437.753812,0.2113,0.0279
Quantum Rings Research,6da6ce61.qasm,16,2.605461,0.3040,0.0279
Quantum Rings Research,6da6ce61.qasm,64,18.414921,0.3040,0.0279
Quantum Rings Research,6da6ce61.qasm,512,709.152375,0.3040,0.0284
Quantum Rings Research,6de17b5a.qasm,16,9.825703,0.0288,0.0270
Quantum Rings Research,6de17b5a.qasm,64,43.069224,0.0288,0.0264
Quantum Rings Research,6de17b5a.qasm,512,1544.418241,0.0288,0.0271
Quantum Rings Research,6ee18f92.qasm,16,0.173595,0.0014,0.0273
Quantum Rings Research,6ee18f92.qasm,64,1.148295,0.0014,0.0277
Quantum Rings Research,6ee18f92.qasm,512,1.202272,0.0014,0.0270
Quantum Rings Research,6f16ddc6.qasm,16,0.180867,0.0009,0.0271
Quantum Rings Research,6f16ddc6.qasm,64,0.172415,0.0009,0.0268
Quantum Rings Research,6f16ddc6.qasm,512,0.183348,0.0009,0.0269
Quantum Rings Research,6f6328cc.qasm,16,6.318726,0.1768,0.0280
Quantum Rings Research,6f6328cc.qasm,64,0.228523,0.1768,0.0278
Quantum Rings Research,6f6328cc.qasm,512,22.838531,0.1768,0.0269
Quantum Rings Research,6fef948c.qasm,16,9.963076,0.4249,0.0281
Quantum Rings Research,6fef948c.qasm,64,0.700148,0.4249,0.0278
Quantum Rings Research,6fef948c.qasm,512,9.774311,0.4249,0.0273
Quantum Rings Research,700c376b.qasm,16,2.053117,0.2246,0.0291
Quantum Rings Research,700c376b.qasm,64,12.194821,0.2246,0.0275
Quantum Rings Research,700c376b.qasm,512,480.460079,0.2246,0.0276
Quantum Rings Research,7063be19.qasm,16,1.985424,0.2422,0.0281
Quantum Rings Research,7063be19.qasm,64,13.823311,0.2422,0.0275
Quantum Rings Research,7063be19.qasm,512,702.802451,0.2422,0.0283
Quantum Rings Research,70d5d461.qasm,16,7.032159,0.0552,0.0270
Quantum Rings Research,70d5d461.qasm,64,0.163636,0.0552,0.0269
Quantum Rings Research,70d5d461.qasm,512,10.052510,0.0552,0.0274
Quantum Rings Research,711cdd0b.qasm,16,1.536346,0.1609,0.0284
Quantum Rings Research,711cdd0b.qasm,64,6.928720,0.1609,0.0277
Quantum Rings Research,711cdd0b.qasm,512,204.568515,0.1609,0.0265
Quantum Rings Research,72b5f996.qasm,16,0.182003,0.0049,0.0268
Quantum Rings Research,72b5f996.qasm,64,0.635501,0.0049,0.0277
Quantum Rings Research,72b5f996.qasm,512,0.178512,0.0049,0.0274
Quantum Rings Research,72cc2f13.qasm,16,14.782592,0.6090,0.0278
Quantum Rings Research,72cc2f13.qasm,64,12.481802,0.6090,0.0278
Quantum Rings Research,72cc2f13.qasm,512,601.618881,0.6090,0.0277
Quantum Rings Research,72d8892d.qasm,16,1.016161,0.0061,0.0289
Quantum Rings Research,72d8892d.qasm,64,5.252796,0.0061,0.0282
Quantum Rings Research,72d8892d.qasm,512,123.779399,0.0061,0.0286
Quantum Rings Research,73191d24.qasm,16,0.176301,0.0038,0.0284
Quantum Rings Research,73191d24.qasm,64,0.168439,0.0038,0.0279
Quantum Rings Research,73191d24.qasm,512,0.178733,0.0038,0.0282
Quantum Rings Research,7337baba.qasm,16,0.175060,0.0005,0.0278
Quantum Rings Research,7337baba.qasm,64,0.176832,0.0005,0.0278
Quantum Rings Research,7337baba.qasm,512,0.187304,0.0005,0.0272
Quantum Rings Research,733f4518.qasm,16,286.576366,2.8785,0.0279
Quantum Rings Research,733f4518.qasm,64,27.698774,2.8785,0.0276
Quantum Rings Research,733f4518.qasm,512,14400.000000,2.8785,0.0275
Quantum Rings Research,73f498a0.qasm,16,0.613394,0.0058,0.0271
Quantum Rings Research,73f498a0.qasm,64,0.949451,0.0058,0.0267
Quantum Rings Research,73f498a0.qasm,512,1.284712,0.0058,0.0271
Quantum Rings Research,742bfb51.qasm,16,14400.000000,8.2892,0.0282
Quantum Rings Research,742bfb51.qasm,64,14400.000000,8.2892,0.0264
Quantum Rings Research,742bfb51.qasm,512,14400.000000,8.2892,0.0270
Quantum Rings Research,749ea355.qasm,16,0.247092,0.0171,0.0268
Quantum Rings Research,749ea355.qasm,64,2.156767,0.0171,0.0276
Quantum Rings Research,749ea355.qasm,512,0.239940,0.0171,0.0281
Quantum Rings Research,7513561e.qasm,16,1.759708,0.2086,0.0282
Quantum Rings Research,7513561e.qasm,64,12.581474,0.2086,0.0273
Quantum Rings Research,7513561e.qasm,512,574.358595,0.2086,0.0274
Quantum Rings Research,75137edd.qasm,16,3.492034,0.0314,0.0274
Quantum Rings Research,75137edd.qasm,64,0.215679,0.0314,0.0280
Quantum Rings Research,75137edd.qasm,512,5.222255,0.0314,0.0267
Quantum Rings Research,751d7ced.qasm,16,2.185868,0.2336,0.0282
Quantum Rings Research,751d7ced.qasm,64,12.588669,0.2336,0.0285
Quantum Rings Research,751d7ced.qasm,512,525.439273,0.2336,0.0282
Quantum Rings Research,752a65aa.qasm,16,1.744567,0.1993,0.0277
Quantum Rings Research,752a65aa.qasm,64,10.076938,0.1993,0.0270
Quantum Rings Research,752a65aa.qasm,512,410.639706,0.1993,0.0272
Quantum Rings Research,7548d858.qasm,16,0.539543,0.0642,0.0282
Quantum Rings Research,7548d858.qasm,64,1.337903,0.0642,0.0272
Quantum Rings Research,7548d858.qasm,512,3.491208,0.0642,0.0275
Quantum Rings Research,758554e0.qasm,16,750.328117,1.8246,0.0288
Quantum Rings Research,758554e0.qasm,64,588.649583,1.8246,0.0274
Quantum Rings Research,758554e0.qasm,512,479.127323,1.8246,0.0273
Quantum Rings Research,75bd5cbf.qasm,16,37.552580,0.0086,0.0277
Quantum Rings Research,75bd5cbf.qasm,64,17.845270,0.0086,0.0275
Quantum Rings Research,75bd5cbf.qasm,512,42.364620,0.0086,0.0287
Quantum Rings Research,76034335.qasm,16,0.192300,0.0013,0.0276
Quantum Rings Research,76034335.qasm,64,0.658700,0.0013,0.0278
Quantum Rings Research,76034335.qasm,512,0.275371,0.0013,0.0272
Quantum Rings Research,76d0b692.qasm,16,23.435760,1.2115,0.0278
Quantum Rings Research,76d0b692.qasm,64,3.474471,1.2115,0.0289
Quantum Rings Research,76d0b692.qasm,512,671.818372,1.2115,0.0278
Quantum Rings Research,77a3a480.qasm,16,1.650120,0.1767,0.0286
Quantum Rings Research,77a3a480.qasm,64,8.946047,0.1767,0.0280
Quantum Rings Research,77a3a480.qasm,512,343.034042,0.1767,0.0271
Quantum Rings Research,78adf5c7.qasm,16,4.106436,0.0227,0.0283
Quantum Rings Research,78adf5c7.qasm,64,10.847610,0.0227,0.0273
Quantum Rings Research,78adf5c7.qasm,512,514.706078,0.0227,0.0275
Quantum Rings Research,78f96e37.qasm,16,1.386417,0.1364,0.0275
Quantum Rings Research,78f96e37.qasm,64,5.735501,0.1364,0.0277
Quantum Rings Research,78f96e37.qasm,512,134.205784,0.1364,0.0281
Quantum Rings Research,79b12d71.qasm,16,1.671461,0.1939,0.0277
Quantum Rings Research,79b12d71.qasm,64,9.502561,0.1939,0.0280
Quantum Rings Research,79b12d71.qasm,512,343.685040,0.1939,0.0276
Quantum Rings Research,7a0c7e70.qasm,16,375.934200,3.5800,0.0281
Quantum Rings Research,7a0c7e70.qasm,64,308.646273,3.5800,0.0271
Quantum Rings Research,7a0c7e70.qasm,512,14400.000000,3.5800,0.0266
Quantum Rings Research,7a1c98cc.qasm,16,2.571173,0.0019,0.0274
Quantum Rings Research,7a1c98cc.qasm,64,0.767941,0.0019,0.0270
Quantum Rings Research,7a1c98cc.qasm,512,0.576875,0.0019,0.0273
Quantum Rings Research,7a79f013.qasm,16,526.310619,1.3760,0.0281
Quantum Rings Research,7a79f013.qasm,64,806.267780,1.3760,0.0279
Quantum Rings Research,7a79f013.qasm,512,14400.000000,1.3760,0.0273
Quantum Rings Research,7aad2132.qasm,16,2.673781,0.3103,0.0274
Quantum Rings Research,7aad2132.qasm,64,20.970623,0.3103,0.0274
Quantum Rings Research,7aad2132.qasm,512,975.767251,0.3103,0.0276
Quantum Rings Research,7afdbe61.qasm,16,2.241528,0.0509,0.0278
Quantum Rings Research,7afdbe61.qasm,64,0.183097,0.0509,0.0273
Quantum Rings Research,7afdbe61.qasm,512,3.299068,0.0509,0.0267
Quantum Rings Research,7b19558f.qasm,16,3.226660,0.2990,0.0270
Quantum Rings Research,7b19558f.qasm,64,2.450661,0.2990,0.0279
Quantum Rings Research,7b19558f.qasm,512,3.224735,0.2990,0.0269
Quantum Rings Research,7bab61ca.qasm,16,70.248618,0.0147,0.0280
Quantum Rings Research,7bab61ca.qasm,64,51.651854,0.0147,0.0277
Quantum Rings Research,7bab61ca.qasm,512,69.279064,0.0147,0.0273
Quantum Rings Research,7be7d477.qasm,16,2.405977,0.2822,0.0287
Quantum Rings Research,7be7d477.qasm,64,18.112601,0.2822,0.0281
Quantum Rings Research,7be7d477.qasm,512,782.941158,0.2822,0.0278
Quantum Rings Research,7bf0f1bc.qasm,16,2.103645,0.2280,0.0288
Quantum Rings Research,7bf0f1bc.qasm,64,12.168915,0.2280,0.0272
Quantum Rings Research,7bf0f1bc.qasm,512,495.295631,0.2280,0.0273
Quantum Rings Research,7c9f6bae.qasm,16,2.209937,0.2314,0.0284
Quantum Rings Research,7c9f6bae.qasm,64,12.688727,0.2314,0.0278
Quantum Rings Research,7c9f6bae.qasm,512,523.915732,0.2314,0.0278
Quantum Rings Research,7d6d9a38.qasm,16,3.008854,0.3460,0.0278
Quantum Rings Research,7d6d9a38.qasm,64,23.914493,0.3460,0.0321
Quantum Rings Research,7d6d9a38.qasm,512,953.806933,0.3460,0.0278
Quantum Rings Research,7db40afb.qasm,16,0.174262,0.0006,0.0276
Quantum Rings Research,7db40afb.qasm,64,0.173933,0.0006,0.0273
Quantum Rings Research,7db40afb.qasm,512,0.192145,0.0006,0.0267
Quantum Rings Research,7fdad0c4.qasm,16,2.002028,0.2445,0.0283
Quantum Rings Research,7fdad0c4.qasm,64,15.296894,0.2445,0.0268
Quantum Rings Research,7fdad0c4.qasm,512,673.022284,0.2445,0.0271
Quantum Rings Research,81af3d74.qasm,16,0.240123,0.0013,0.0276
Quantum Rings Research,81af3d74.qasm,64,0.186508,0.0013,0.0275
Quantum Rings Research,81af3d74.qasm,512,0.228266,0.0013,0.0275
Quantum Rings Research,81f388c7.qasm,16,0.180978,0.0047,0.0266
Quantum Rings Research,81f388c7.qasm,64,0.171775,0.0047,0.0275
Quantum Rings Research,81f388c7.qasm,512,0.190559,0.0047,0.0269
Quantum Rings Research,81fdeb0a.qasm,16,0.173410,0.0007,0.0278
Quantum Rings Research,81fdeb0a.qasm,64,0.163886,0.0007,0.0269
Quantum Rings Research,81fdeb0a.qasm,512,0.178978,0.0007,0.0270
Quantum Rings Research,827a3442.qasm,16,0.180899,0.0008,0.0274
Quantum Rings Research,827a3442.qasm,64,0.176257,0.0008,0.0267
Quantum Rings Research,827a3442.qasm,512,0.187172,0.0008,0.0270
Quantum Rings Research,82b89c68.qasm,16,3.284673,0.0693,0.0278
Quantum Rings Research,82b89c68.qasm,64,0.162410,0.0693,0.0274
Quantum Rings Research,82b89c68.qasm,512,5.138944,0.0693,0.0272
Quantum Rings Research,831c33e1.qasm,16,2.346234,0.2776,0.0283
Quantum Rings Research,831c33e1.qasm,64,18.101756,0.2776,0.0275
Quantum Rings Research,831c33e1.qasm,512,827.885310,0.2776,0.0276
Quantum Rings Research,8335b01d.qasm,16,0.171812,0.0017,0.0269
Quantum Rings Research,8335b01d.qasm,64,0.922096,0.0017,0.0280
Quantum Rings Research,8335b01d.qasm,512,0.215994,0.0017,0.0279
Quantum Rings Research,834596bc.qasm,16,249.905678,0.3406,0.0273
Quantum Rings Research,834596bc.qasm,64,673.494839,0.3406,0.0270
Quantum Rings Research,834596bc.qasm,512,14400.000000,0.3406,0.0274
Quantum Rings Research,83b22dc5.qasm,16,1.245299,0.1009,0.0286
Quantum Rings Research,83b22dc5.qasm,64,3.407529,0.1009,0.0282
Quantum Rings Research,83b22dc5.qasm,512,72.160376,0.1009,0.0275
Quantum Rings Research,8400dcc1.qasm,16,0.178241,0.0318,0.0280
Quantum Rings Research,8400dcc1.qasm,64,9.217698,0.0318,0.0273
Quantum Rings Research,8400dcc1.qasm,512,0.164237,0.0318,0.0281
Quantum Rings Research,8422040e.qasm,16,0.168254,0.0037,0.0276
Quantum Rings Research,8422040e.qasm,64,2.548368,0.0037,0.0280
Quantum Rings Research,8422040e.qasm,512,0.176032,0.0037,0.0279
Quantum Rings Research,84fe3fba.qasm,16,6.480910,0.2846,0.0282
Quantum Rings Research,84fe3fba.qasm,64,0.382502,0.2846,0.0273
Quantum Rings Research,84fe3fba.qasm,512,271.299532,0.2846,0.0267
Quantum Rings Research,85317608.qasm,16,0.194384,0.0052,0.0569
Quantum Rings Research,85317608.qasm,64,1.208566,0.0052,0.0276
Quantum Rings Research,85317608.qasm,512,0.170753,0.0052,0.0277
Quantum Rings Research,85863407.qasm,16,1.689397,0.2058,0.0279
Quantum Rings Research,85863407.qasm,64,10.473202,0.2058,0.0283
Quantum Rings Research,85863407.qasm,512,407.374179,0.2058,0.0277
Quantum Rings Research,860cc392.qasm,16,1.705322,0.2055,0.0282
Quantum Rings Research,860cc392.qasm,64,10.480150,0.2055,0.0279
Quantum Rings Research,860cc392.qasm,512,405.803486,0.2055,0.0281
Quantum Rings Research,86464ad3.qasm,16,0.184214,0.0021,0.0276
Quantum Rings Research,86464ad3.qasm,64,0.174817,0.0021,0.0274
Quantum Rings Research,86464ad3.qasm,512,0.166031,0.0021,0.0272
Quantum Rings Research,871618c1.qasm,16,1.305186,0.1435,0.0283
Quantum Rings Research,871618c1.qasm,64,6.512080,0.1435,0.0273
Quantum Rings Research,871618c1.qasm,512,210.608838,0.1435,0.0276
Quantum Rings Research,8732dc00.qasm,16,0.179037,0.0128,0.0272
Quantum Rings Research,8732dc00.qasm,64,2.476707,0.0128,0.0277
Quantum Rings Research,8732dc00.qasm,512,0.168914,0.0128,0.0268
Quantum Rings Research,884b47f6.qasm,16,7.627512,0.0601,0.0276
Quantum Rings Research,884b47f6.qasm,64,0.166907,0.0601,0.0273
Quantum Rings Research,884b47f6.qasm,512,9.472951,0.0601,0.0280
Quantum Rings Research,885efe5b.qasm,16,1.087225,0.0993,0.0279
Quantum Rings Research,885efe5b.qasm,64,3.421339,0.0993,0.0275
Quantum Rings Research,885efe5b.qasm,512,70.562949,0.0993,0.0277
Quantum Rings Research,8930abda.qasm,16,0.177197,0.0132,0.0274
Quantum Rings Research,8930abda.qasm,64,4.515824,0.0132,0.0278
Quantum Rings Research,8930abda.qasm,512,0.179553,0.0132,0.0267
Quantum Rings Research,896404d8.qasm,16,5.587369,0.2792,0.0270
Quantum Rings Research,896404d8.qasm,64,0.451279,0.2792,0.0272
Quantum Rings Research,896404d8.qasm,512,253.655250,0.2792,0.0269
Quantum Rings Research,8a146ce3.qasm,16,116.672657,1.2310,0.0279
Quantum Rings Research,8a146ce3.qasm,64,199.628627,1.2310,0.0271
Quantum Rings Research,8a146ce3.qasm,512,7592.889083,1.2310,0.0269
Quantum Rings Research,8a1c1c3f.qasm,16,0.187706,0.0018,0.0272
Quantum Rings Research,8a1c1c3f.qasm,64,0.274135,0.0018,0.0276
Quantum Rings Research,8a1c1c3f.qasm,512,0.185148,0.0018,0.0275
Quantum Rings Research,8a2ab626.qasm,16,1.706717,0.2059,0.0279
Quantum Rings Research,8a2ab626.qasm,64,12.274950,0.2059,0.0285
Quantum Rings Research,8a2ab626.qasm,512,463.554989,0.2059,0.0280
Quantum Rings Research,8b77bf87.qasm,16,0.320198,0.0540,0.0275
Quantum Rings Research,8b77bf87.qasm,64,9.496155,0.0540,0.0275
Quantum Rings Research,8b77bf87.qasm,512,0.308324,0.0540,0.0273
Quantum Rings Research,8bd576fc.qasm,16,5.437443,0.0591,0.0277
Quantum Rings Research,8bd576fc.qasm,64,12.700752,0.0591,0.0264
Quantum Rings Research,8bd576fc.qasm,512,1468.173405,0.0591,0.0267
Quantum Rings Research,8c01a935.qasm,16,2.717941,0.0211,0.0271
Quantum Rings Research,8c01a935.qasm,64,14.410042,0.0211,0.0269
Quantum Rings Research,8c01a935.qasm,512,463.935618,0.0211,0.0270
Quantum Rings Research,8d5010bc.qasm,16,0.215100,0.0014,0.0268
Quantum Rings Research,8d5010bc.qasm,64,0.174500,0.0014,0.0272
Quantum Rings Research,8d5010bc.qasm,512,0.203157,0.0014,0.0269
Quantum Rings Research,8d9d4033.qasm,16,1.094176,0.0863,0.0275
Quantum Rings Research,8d9d4033.qasm,64,2.571179,0.0863,0.0273
Quantum Rings Research,8d9d4033.qasm,512,34.732543,0.0863,0.0264
Quantum Rings Research,8e84b85a.qasm,16,0.182353,0.0035,0.0269
Quantum Rings Research,8e84b85a.qasm,64,0.156154,0.0035,0.0272
Quantum Rings Research,8e84b85a.qasm,512,0.184938,0.0035,0.0275
Quantum Rings Research,8e9564e3.qasm,16,1.452477,0.1807,0.0279
Quantum Rings Research,8e9564e3.qasm,64,8.433630,0.1807,0.0270
Quantum Rings Research,8e9564e3.qasm,512,307.411253,0.1807,0.0271
Quantum Rings Research,8f4e1b64.qasm,16,10.682346,0.6047,0.0279
Quantum Rings Research,8f4e1b64.qasm,64,1.160431,0.6047,0.0269
Quantum Rings Research,8f4e1b64.qasm,512,561.064684,0.6047,0.0274
Quantum Rings Research,8f564e3e.qasm,16,1.992752,0.2453,0.0281
Quantum Rings Research,8f564e3e.qasm,64,15.513351,0.2453,0.0276
Quantum Rings Research,8f564e3e.qasm,512,691.988952,0.2453,0.0274
Quantum Rings Research,8f8fbcbd.qasm,16,793.276992,3.3694,0.0278
Quantum Rings Research,8f8fbcbd.qasm,64,1257.013921,3.3694,0.0265
Quantum Rings Research,8f8fbcbd.qasm,512,14400.000000,3.3694,0.0268
Quantum Rings Research,8fb9e9ac.qasm,16,0.203856,0.0464,0.0273
Quantum Rings Research,8fb9e9ac.qasm,64,0.535226,0.0464,0.0263
Quantum Rings Research,8fb9e9ac.qasm,512,0.183209,0.0464,0.0267
Quantum Rings Research,9143d50f.qasm,16,0.186552,0.0161,0.0272
Quantum Rings Research,9143d50f.qasm,64,2.609078,0.0161,0.0267
Quantum Rings Research,9143d50f.qasm,512,0.188531,0.0161,0.0271
Quantum Rings Research,917fa943.qasm,16,1.802868,0.0230,0.0275
Quantum Rings Research,917fa943.qasm,64,0.739916,0.0230,0.0270
Quantum Rings Research,917fa943.qasm,512,72.540529,0.0230,0.0268
Quantum Rings Research,92f98bb3.qasm,16,0.470744,0.0435,0.0272
Quantum Rings Research,92f98bb3.qasm,64,0.345641,0.0435,0.0271
Quantum Rings Research,92f98bb3.qasm,512,0.344627,0.0435,0.0267
Quantum Rings Research,933b305c.qasm,16,1.848934,0.2047,0.0274
Quantum Rings Research,933b305c.qasm,64,10.650440,0.2047,0.0275
Quantum Rings Research,933b305c.qasm,512,433.788571,0.2047,0.0272
Quantum Rings Research,93865be7.qasm,16,0.191853,0.0004,0.0268
Quantum Rings Research,93865be7.qasm,64,0.218044,0.0004,0.0261
Quantum Rings Research,93865be7.qasm,512,0.265311,0.0004,0.0265
Quantum Rings Research,9395edc6.qasm,16,7.696946,0.0022,0.0271
Quantum Rings Research,9395edc6.qasm,64,4.320186,0.0022,0.0272
Quantum Rings Research,9395edc6.qasm,512,6.825887,0.0022,0.0273
Quantum Rings Research,93c78575.qasm,16,2.236455,0.2442,0.0285
Quantum Rings Research,93c78575.qasm,64,13.163847,0.2442,0.0280
Quantum Rings Research,93c78575.qasm,512,573.676052,0.2442,0.0275
Quantum Rings Research,9429600a.qasm,16,2.127628,0.2284,0.0279
Quantum Rings Research,9429600a.qasm,64,12.173966,0.2284,0.0269
Quantum Rings Research,9429600a.qasm,512,496.964666,0.2284,0.0275
Quantum Rings Research,94f4e26a.qasm,16,2.563271,0.3049,0.0280
Quantum Rings Research,94f4e26a.qasm,64,18.429851,0.3049,0.0275
Quantum Rings Research,94f4e26a.qasm,512,701.564578,0.3049,0.0283
Quantum Rings Research,950704f2.qasm,16,19.809201,0.3011,0.0276
Quantum Rings Research,950704f2.qasm,64,3.017770,0.3011,0.0270
Quantum Rings Research,950704f2.qasm,512,19.830636,0.3011,0.0279
Quantum Rings Research,954ad251.qasm,16,0.195934,0.0007,0.0284
Quantum Rings Research,954ad251.qasm,64,0.179252,0.0007,0.0274
Quantum Rings Research,954ad251.qasm,512,0.188267,0.0007,0.0276
Quantum Rings Research,957c248b.qasm,16,0.321639,0.0227,0.0280
Quantum Rings Research,957c248b.qasm,64,0.326327,0.0227,0.0272
Quantum Rings Research,957c248b.qasm,512,0.377404,0.0227,0.0274
Quantum Rings Research,964382be.qasm,16,2.628761,0.3038,0.0280
Quantum Rings Research,964382be.qasm,64,18.281086,0.3038,0.0279
Quantum Rings Research,964382be.qasm,512,683.288939,0.3038,0.0279
Quantum Rings Research,965eb08c.qasm,16,1.650222,0.1937,0.0278
Quantum Rings Research,965eb08c.qasm,64,9.527666,0.1937,0.0268
Quantum Rings Research,965eb08c.qasm,512,352.045457,0.1937,0.0284
Quantum Rings Research,96876fa5.qasm,16,7.784396,0.3009,0.0270
Quantum Rings Research,96876fa5.qasm,64,1.100424,0.3009,0.0271
Quantum Rings Research,96876fa5.qasm,512,8.472812,0.3009,0.0269
Quantum Rings Research,96f82da7.qasm,16,0.186263,0.0162,0.0269
Quantum Rings Research,96f82da7.qasm,64,2.006407,0.0162,0.0267
Quantum Rings Research,96f82da7.qasm,512,0.201358,0.0162,0.0274
Quantum Rings Research,981d8651.qasm,16,0.177870,0.0079,0.0273
Quantum Rings Research,981d8651.qasm,64,4.728489,0.0079,0.0281
Quantum Rings Research,981d8651.qasm,512,0.171244,0.0079,0.0276
Quantum Rings Research,9a442b56.qasm,16,9.402281,0.2087,0.0269
Quantum Rings Research,9a442b56.qasm,64,0.851899,0.2087,0.0266
Quantum Rings Research,9a442b56.qasm,512,27.518743,0.2087,0.0272
Quantum Rings Research,9c6b6510.qasm,16,0.306209,0.0466,0.0270
Quantum Rings Research,9c6b6510.qasm,64,2.170939,0.0466,0.0275
Quantum Rings Research,9c6b6510.qasm,512,0.298570,0.0466,0.0274
Quantum Rings Research,9ccf974e.qasm,16,0.306107,0.0013,0.0270
Quantum Rings Research,9ccf974e.qasm,64,0.184041,0.0013,0.0278
Quantum Rings Research,9ccf974e.qasm,512,0.216087,0.0013,0.0274
Quantum Rings Research,9d76010e.qasm,16,0.170478,0.0046,0.0269
Quantum Rings Research,9d76010e.qasm,64,2.978260,0.0046,0.0271
Quantum Rings Research,9d76010e.qasm,512,0.170146,0.0046,0.0275
Quantum Rings Research,9d7cbc78.qasm,16,0.472799,0.0444,0.0281
Quantum Rings Research,9d7cbc78.qasm,64,0.349200,0.0444,0.0271
Quantum Rings Research,9d7cbc78.qasm,512,0.348212,0.0444,0.0272
Quantum Rings Research,9d7e60b6.qasm,16,0.194838,0.0167,0.0276
Quantum Rings Research,9d7e60b6.qasm,64,2.121331,0.0167,0.0267
Quantum Rings Research,9d7e60b6.qasm,512,0.173440,0.0167,0.0272
Quantum Rings Research,9e3be92a.qasm,16,55.180809,0.3010,0.0280
Quantum Rings Research,9e3be92a.qasm,64,4.244558,0.3010,0.0276
Quantum Rings Research,9e3be92a.qasm,512,55.149885,0.3010,0.0276
Quantum Rings Research,9ea3bed5.qasm,16,3.963147,0.0107,0.0269
Quantum Rings Research,9ea3bed5.qasm,64,3.917840,0.0107,0.0272
Quantum Rings Research,9ea3bed5.qasm,512,4.004712,0.0107,0.0275
Quantum Rings Research,9f744e04.qasm,16,55.551049,0.5128,0.0279
Quantum Rings Research,9f744e04.qasm,64,95.585833,0.5128,0.0270
Quantum Rings Research,9f744e04.qasm,512,3696.809859,0.5128,0.0268
Quantum Rings Research,a0a79499.qasm,16,1.741031,0.0082,0.0272
Quantum Rings Research,a0a79499.qasm,64,0.777466,0.0082,0.0271
Quantum Rings Research,a0a79499.qasm,512,1.836251,0.0082,0.0266
Quantum Rings Research,a0b53b67.qasm,16,0.181537,0.0077,0.0273
Quantum Rings Research,a0b53b67.qasm,64,0.532029,0.0077,0.0264
Quantum Rings Research,a0b53b67.qasm,512,0.406198,0.0077,0.0270
Quantum Rings Research,a169a3ba.qasm,16,1.638121,0.1759,0.0284
Quantum Rings Research,a169a3ba.qasm,64,8.914547,0.1759,0.0278
Quantum Rings Research,a169a3ba.qasm,512,332.128793,0.1759,0.0273
Quantum Rings Research,a1b3d3aa.qasm,16,2.255411,0.0199,0.0273
Quantum Rings Research,a1b3d3aa.qasm,64,6.686179,0.0199,0.0271
Quantum Rings Research,a1b3d3aa.qasm,512,197.298705,0.0199,0.0269
Quantum Rings Research,a1bc8d56.qasm,16,1.082554,0.0822,0.0273
Quantum Rings Research,a1bc8d56.qasm,64,2.283359,0.0822,0.0274
Quantum Rings Research,a1bc8d56.qasm,512,23.459785,0.0822,0.0272
Quantum Rings Research,a3cb01ca.qasm,16,1.220550,0.1006,0.0283
Quantum Rings Research,a3cb01ca.qasm,64,3.400230,0.1006,0.0278
Quantum Rings Research,a3cb01ca.qasm,512,72.187459,0.1006,0.0278
Quantum Rings Research,a409aaa1.qasm,16,2.604106,0.0235,0.0280
Quantum Rings Research,a409aaa1.qasm,64,6.189562,0.0235,0.0274
Quantum Rings Research,a409aaa1.qasm,512,193.231889,0.0235,0.0280
Quantum Rings Research,a440a477.qasm,16,14.444289,0.0043,0.0274
Quantum Rings Research,a440a477.qasm,64,7.350683,0.0043,0.0273
Quantum Rings Research,a440a477.qasm,512,15.000214,0.0043,0.0268
Quantum Rings Research,a44fdc9f.qasm,16,0.185443,0.0066,0.0274
Quantum Rings Research,a44fdc9f.qasm,64,1.023173,0.0066,0.0263
Quantum Rings Research,a44fdc9f.qasm,512,0.177074,0.0066,0.0269
Quantum Rings Research,a4f95806.qasm,16,0.169363,0.0027,0.0273
Quantum Rings Research,a4f95806.qasm,64,0.657151,0.0027,0.0275
Quantum Rings Research,a4f95806.qasm,512,0.175052,0.0027,0.0280
Quantum Rings Research,a75c691c.qasm,16,2.080782,0.0498,0.0277
Quantum Rings Research,a75c691c.qasm,64,0.169355,0.0498,0.0273
Quantum Rings Research,a75c691c.qasm,512,2.928317,0.0498,0.0276
Quantum Rings Research,a8818670.qasm,16,0.180476,0.0023,0.0267
Quantum Rings Research,a8818670.qasm,64,1.112054,0.0023,0.0278
Quantum Rings Research,a8818670.qasm,512,0.196624,0.0023,0.0263
Quantum Rings Research,a8b40b61.qasm,16,1.654224,0.1903,0.0277
Quantum Rings Research,a8b40b61.qasm,64,9.428051,0.1903,0.0276
Quantum Rings Research,a8b40b61.qasm,512,346.274705,0.1903,0.0274
Quantum Rings Research,a8dfab96.qasm,16,1.090687,0.0836,0.0278
Quantum Rings Research,a8dfab96.qasm,64,2.575279,0.0836,0.0273
Quantum Rings Research,a8dfab96.qasm,512,34.703736,0.0836,0.0268
Quantum Rings Research,a9091180.qasm,16,2.113116,0.2266,0.0281
Quantum Rings Research,a9091180.qasm,64,12.148947,0.2266,0.0270
Quantum Rings Research,a9091180.qasm,512,497.161389,0.2266,0.0274
Quantum Rings Research,aa41f5f1.qasm,16,2.078549,0.2308,0.0287
Quantum Rings Research,aa41f5f1.qasm,64,12.515041,0.2308,0.0271
Quantum Rings Research,aa41f5f1.qasm,512,498.292471,0.2308,0.0278
Quantum Rings Research,aac529b2.qasm,16,868.498227,0.4689,0.0289
Quantum Rings Research,aac529b2.qasm,64,66.993686,0.4689,0.0276
Quantum Rings Research,aac529b2.qasm,512,4607.223028,0.4689,0.0268
Quantum Rings Research,aaf05f5c.qasm,16,1.147672,0.1193,0.0269
Quantum Rings Research,aaf05f5c.qasm,64,5.098224,0.1193,0.0270
Quantum Rings Research,aaf05f5c.qasm,512,144.866074,0.1193,0.0271
Quantum Rings Research,ab65fd24.qasm,16,2.686249,0.3088,0.0277
Quantum Rings Research,ab65fd24.qasm,64,21.052877,0.3088,0.0273
Quantum Rings Research,ab65fd24.qasm,512,943.217424,0.3088,0.0276
Quantum Rings Research,ab8a1b3c.qasm,16,5.170363,0.0440,0.0275
Quantum Rings Research,ab8a1b3c.qasm,64,0.201151,0.0440,0.0276
Quantum Rings Research,ab8a1b3c.qasm,512,8.660867,0.0440,0.0275
Quantum Rings Research,ab964bf6.qasm,16,1.113900,0.1201,0.0277
Quantum Rings Research,ab964bf6.qasm,64,5.093325,0.1201,0.0273
Quantum Rings Research,ab964bf6.qasm,512,145.851825,0.1201,0.0271
Quantum Rings Research,aceda861.qasm,16,272.084891,0.0401,0.0275
Quantum Rings Research,aceda861.qasm,64,176.858206,0.0401,0.0274
Quantum Rings Research,aceda861.qasm,512,268.801120,0.0401,0.0274
Quantum Rings Research,ad2439c7.qasm,16,2.280107,0.2641,0.0278
Quantum Rings Research,ad2439c7.qasm,64,16.267938,0.2641,0.0274
Quantum Rings Research,ad2439c7.qasm,512,642.227803,0.2641,0.0283
Quantum Rings Research,ad74d7c1.qasm,16,4.259133,0.0257,0.0278
Quantum Rings Research,ad74d7c1.qasm,64,14.388159,0.0257,0.0269
Quantum Rings Research,ad74d7c1.qasm,512,496.448831,0.0257,0.0267
Quantum Rings Research,aed3c1af.qasm,16,1.756042,0.1954,0.0279
Quantum Rings Research,aed3c1af.qasm,64,10.092911,0.1954,0.0275
Quantum Rings Research,aed3c1af.qasm,512,402.148630,0.1954,0.0277
Quantum Rings Research,af2659f0.qasm,16,0.169098,0.0011,0.0276
Quantum Rings Research,af2659f0.qasm,64,0.158450,0.0011,0.0278
Quantum Rings Research,af2659f0.qasm,512,0.178495,0.0011,0.0268
Quantum Rings Research,af88ad19.qasm,16,0.178741,0.0150,0.0266
Quantum Rings Research,af88ad19.qasm,64,0.177413,0.0150,0.0266
Quantum Rings Research,af88ad19.qasm,512,0.182714,0.0150,0.0275
Quantum Rings Research,af8b17d0.qasm,16,0.181673,0.0005,0.0277
Quantum Rings Research,af8b17d0.qasm,64,0.168915,0.0005,0.0269
Quantum Rings Research,af8b17d0.qasm,512,0.200694,0.0005,0.0267
Quantum Rings Research,b06c81ca.qasm,16,1.540340,0.1570,0.0284
Quantum Rings Research,b06c81ca.qasm,64,6.921014,0.1570,0.0270
Quantum Rings Research,b06c81ca.qasm,512,203.140492,0.1570,0.0269
Quantum Rings Research,b11883af.qasm,16,0.191798,0.0469,0.0272
Quantum Rings Research,b11883af.qasm,64,0.333310,0.0469,0.0270
Quantum Rings Research,b11883af.qasm,512,0.197293,0.0469,0.0271
Quantum Rings Research,b1ea1d60.qasm,16,0.207863,0.0190,0.0271
Quantum Rings Research,b1ea1d60.qasm,64,4.759814,0.0190,0.0274
Quantum Rings Research,b1ea1d60.qasm,512,0.218815,0.0190,0.0278
Quantum Rings Research,b2346111.qasm,16,4814.417078,3.0955,0.0291
Quantum Rings Research,b2346111.qasm,64,3218.998899,3.0955,0.0272
Quantum Rings Research,b2346111.qasm,512,3166.121231,3.0955,0.0280
Quantum Rings Research,b38d732e.qasm,16,0.189827,0.0368,0.0277
Quantum Rings Research,b38d732e.qasm,64,0.279173,0.0368,0.0278
Quantum Rings Research,b38d732e.qasm,512,0.173282,0.0368,0.0276
Quantum Rings Research,b469b640.qasm,16,0.182290,0.0221,0.0278
Quantum Rings Research,b469b640.qasm,64,0.178817,0.0221,0.0271
Quantum Rings Research,b469b640.qasm,512,0.296064,0.0221,0.0276
Quantum Rings Research,b4976343.qasm,16,0.177248,0.0019,0.0273
Quantum Rings Research,b4976343.qasm,64,0.278637,0.0019,0.0268
Quantum Rings Research,b4976343.qasm,512,0.176866,0.0019,0.0277
Quantum Rings Research,b4c090da.qasm,16,0.180278,0.0012,0.0270
Quantum Rings Research,b4c090da.qasm,64,0.170491,0.0012,0.0284
Quantum Rings Research,b4c090da.qasm,512,0.218697,0.0012,0.0268
Quantum Rings Research,b5baa095.qasm,16,0.690696,0.0036,0.0270
Quantum Rings Research,b5baa095.qasm,64,2.954139,0.0036,0.0272
Quantum Rings Research,b5baa095.qasm,512,1.583788,0.0036,0.0272
Quantum Rings Research,b5be0645.qasm,16,14400.000000,1.1685,0.0271
Quantum Rings Research,b5be0645.qasm,64,14400.000000,1.1685,0.0271
Quantum Rings Research,b5be0645.qasm,512,316.784718,1.1685,0.0269
Quantum Rings Research,b601af0f.qasm,16,0.177157,0.0108,0.0273
Quantum Rings Research,b601af0f.qasm,64,0.280156,0.0108,0.0269
Quantum Rings Research,b601af0f.qasm,512,0.181723,0.0108,0.0280
Quantum Rings Research,b630efea.qasm,16,1.195865,0.1066,0.0278
Quantum Rings Research,b630efea.qasm,64,4.175336,0.1066,0.0277
Quantum Rings Research,b630efea.qasm,512,91.332554,0.1066,0.0277
Quantum Rings Research,b680d160.qasm,16,2.065285,0.2340,0.0289
Quantum Rings Research,b680d160.qasm,64,12.526290,0.2340,0.0278
Quantum Rings Research,b680d160.qasm,512,506.460445,0.2340,0.0283
Quantum Rings Research,b7694c8e.qasm,16,4.652947,0.0740,0.0276
Quantum Rings Research,b7694c8e.qasm,64,0.307810,0.0740,0.0271
Quantum Rings Research,b7694c8e.qasm,512,5.998329,0.0740,0.0272
Quantum Rings Research,b792cc98.qasm,16,0.175585,0.0007,0.0275
Quantum Rings Research,b792cc98.qasm,64,0.179424,0.0007,0.0276
Quantum Rings Research,b792cc98.qasm,512,0.171029,0.0007,0.0267
Quantum Rings Research,b97c72bf.qasm,16,0.223863,0.0052,0.0272
Quantum Rings Research,b97c72bf.qasm,64,0.295395,0.0052,0.0277
Quantum Rings Research,b97c72bf.qasm,512,0.213995,0.0052,0.0268
Quantum Rings Research,b9ba0e84.qasm,16,6.925140,0.0517,0.0277
Quantum Rings Research,b9ba0e84.qasm,64,27.108986,0.0517,0.0270
Quantum Rings Research,b9ba0e84.qasm,512,2273.626957,0.0517,0.0266
Quantum Rings Research,ba0c09b8.qasm,16,1.682593,0.2083,0.0284
Quantum Rings Research,ba0c09b8.qasm,64,10.514858,0.2083,0.0291
Quantum Rings Research,ba0c09b8.qasm,512,404.190191,0.2083,0.0280
Quantum Rings Research,bb291a8b.qasm,16,2.239513,0.2438,0.0286
Quantum Rings Research,bb291a8b.qasm,64,13.076946,0.2438,0.0290
Quantum Rings Research,bb291a8b.qasm,512,558.692356,0.2438,0.0283
Quantum Rings Research,bb50273f.qasm,16,421.670670,1.9846,0.0273
Quantum Rings Research,bb50273f.qasm,64,63.319871,1.9846,0.0273
Quantum Rings Research,bb50273f.qasm,512,522.976942,1.9846,0.0279
Quantum Rings Research,bc99b330.qasm,16,126.977939,1.0688,0.0284
Quantum Rings Research,bc99b330.qasm,64,180.246885,1.0688,0.0272
Quantum Rings Research,bc99b330.qasm,512,9191.054318,1.0688,0.0274
Quantum Rings Research,bc9dd950.qasm,16,1.115349,0.0847,0.0274
Quantum Rings Research,bc9dd950.qasm,64,2.578389,0.0847,0.0278
Quantum Rings Research,bc9dd950.qasm,512,34.556520,0.0847,0.0273
Quantum Rings Research,bd32080b.qasm,16,2179.411668,1.4300,0.0278
Quantum Rings Research,bd32080b.qasm,64,4484.316748,1.4300,0.0273
Quantum Rings Research,bd32080b.qasm,512,14400.000000,1.4300,0.0274
Quantum Rings Research,bd462bd7.qasm,16,8.204292,0.1993,0.0280
Quantum Rings Research,bd462bd7.qasm,64,0.192680,0.1993,0.0287
Quantum Rings Research,bd462bd7.qasm,512,24.250996,0.1993,0.0274
Quantum Rings Research,bdd2c3ff.qasm,16,9.203936,0.0989,0.0290
Quantum Rings Research,bdd2c3ff.qasm,64,66.134653,0.0989,0.0282
Quantum Rings Research,bdd2c3ff.qasm,512,2568.657599,0.0989,0.0283
Quantum Rings Research,be527b4d.qasm,16,296.004625,4.9208,0.0276
Quantum Rings Research,be527b4d.qasm,64,20.645967,4.9208,0.0278
Quantum Rings Research,be527b4d.qasm,512,14400.000000,4.9208,0.0275
Quantum Rings Research,bf029799.qasm,16,1.793268,0.1985,0.0283
Quantum Rings Research,bf029799.qasm,64,9.985233,0.1985,0.0274
Quantum Rings Research,bf029799.qasm,512,373.477492,0.1985,0.0279
Quantum Rings Research,bf0f8df9.qasm,16,0.543925,0.0651,0.0271
Quantum Rings Research,bf0f8df9.qasm,64,1.346934,0.0651,0.0272
Quantum Rings Research,bf0f8df9.qasm,512,3.508505,0.0651,0.0273
Quantum Rings Research,bf9674e9.qasm,16,0.176132,0.0050,0.0279
Quantum Rings Research,bf9674e9.qasm,64,2.476421,0.0050,0.0271
Quantum Rings Research,bf9674e9.qasm,512,0.174963,0.0050,0.0284
Quantum Rings Research,c05aa9cf.qasm,16,3.014446,0.3466,0.0277
Quantum Rings Research,c05aa9cf.qasm,64,23.770061,0.3466,0.0281
Quantum Rings Research,c05aa9cf.qasm,512,562.554076,0.3466,0.0271
Quantum Rings Research,c0a1d157.qasm,16,0.194803,0.0290,0.0286
Quantum Rings Research,c0a1d157.qasm,64,4.277324,0.0290,0.0277
Quantum Rings Research,c0a1d157.qasm,512,0.192639,0.0290,0.0277
Quantum Rings Research,c0ffe57a.qasm,16,0.327934,0.0014,0.0279
Quantum Rings Research,c0ffe57a.qasm,64,0.202693,0.0014,0.0278
Quantum Rings Research,c0ffe57a.qasm,512,0.212073,0.0014,0.0274
Quantum Rings Research,c20bb346.qasm,16,0.395337,0.1101,0.0276
Quantum Rings Research,c20bb346.qasm,64,1.113404,0.1101,0.0274
Quantum Rings Research,c20bb346.qasm,512,0.410773,0.1101,0.0259
Quantum Rings Research,c246552a.qasm,16,3.896335,0.0720,0.0282
Quantum Rings Research,c246552a.qasm,64,0.479700,0.0720,0.0275
Quantum Rings Research,c246552a.qasm,512,820.894485,0.0720,0.0284
Quantum Rings Research,c39fa73b.qasm,16,0.177804,0.0007,0.0274
Quantum Rings Research,c39fa73b.qasm,64,0.164684,0.0007,0.0263
Quantum Rings Research,c39fa73b.qasm,512,0.172739,0.0007,0.0269
Quantum Rings Research,c3c0513f.qasm,16,0.209542,0.0048,0.0272
Quantum Rings Research,c3c0513f.qasm,64,0.173156,0.0048,0.0271
Quantum Rings Research,c3c0513f.qasm,512,0.208264,0.0048,0.0275
Quantum Rings Research,c40ecada.qasm,16,1.522434,0.1582,0.0284
Quantum Rings Research,c40ecada.qasm,64,6.910025,0.1582,0.0273
Quantum Rings Research,c40ecada.qasm,512,207.458442,0.1582,0.0271
Quantum Rings Research,c4c36286.qasm,16,1.739850,0.1936,0.0280
Quantum Rings Research,c4c36286.qasm,64,10.065548,0.1936,0.0273
Quantum Rings Research,c4c36286.qasm,512,401.872254,0.1936,0.0271
Quantum Rings Research,c4ff2c11.qasm,16,1.168873,0.0056,0.0274
Quantum Rings Research,c4ff2c11.qasm,64,5.461173,0.0056,0.0267
Quantum Rings Research,c4ff2c11.qasm,512,1.386791,0.0056,0.0270
Quantum Rings Research,c6678d16.qasm,16,567.707185,3.4600,0.0273
Quantum Rings Research,c6678d16.qasm,64,754.502437,3.4600,0.0265
Quantum Rings Research,c6678d16.qasm,512,14400.000000,3.4600,0.0276
Quantum Rings Research,c676cfb4.qasm,16,0.230956,0.0016,0.0284
Quantum Rings Research,c676cfb4.qasm,64,0.250326,0.0016,0.0271
Quantum Rings Research,c676cfb4.qasm,512,0.236743,0.0016,0.0278
Quantum Rings Research,c7670b0a.qasm,16,0.541873,0.0016,0.0270
Quantum Rings Research,c7670b0a.qasm,64,0.550964,0.0016,0.0276
Quantum Rings Research,c7670b0a.qasm,512,0.519128,0.0016,0.0271
Quantum Rings Research,c7a93f95.qasm,16,1.297649,0.1438,0.0280
Quantum Rings Research,c7a93f95.qasm,64,6.538738,0.1438,0.0273
Quantum Rings Research,c7a93f95.qasm,512,211.057391,0.1438,0.0273
Quantum Rings Research,c7bddf55.qasm,16,0.557876,0.0589,0.0277
Quantum Rings Research,c7bddf55.qasm,64,1.111297,0.0589,0.0276
Quantum Rings Research,c7bddf55.qasm,512,2.739592,0.0589,0.0267
Quantum Rings Research,c82bb473.qasm,16,1.300235,0.1418,0.0275
Quantum Rings Research,c82bb473.qasm,64,6.492965,0.1418,0.0266
Quantum Rings Research,c82bb473.qasm,512,210.922599,0.1418,0.0267
Quantum Rings Research,c84ad65b.qasm,16,1.118352,0.1153,0.0279
Quantum Rings Research,c84ad65b.qasm,64,4.297815,0.1153,0.0268
Quantum Rings Research,c84ad65b.qasm,512,95.924868,0.1153,0.0273
Quantum Rings Research,c8afe1ad.qasm,16,0.173593,0.0014,0.0273
Quantum Rings Research,c8afe1ad.qasm,64,0.784961,0.0014,0.0274
Quantum Rings Research,c8afe1ad.qasm,512,0.215320,0.0014,0.0273
Quantum Rings Research,c945995d.qasm,16,1.641755,0.1776,0.0277
Quantum Rings Research,c945995d.qasm,64,8.883300,0.1776,0.0275
Quantum Rings Research,c945995d.qasm,512,342.117043,0.1776,0.0271
Quantum Rings Research,c95f41f8.qasm,16,0.182299,0.0011,0.0281
Quantum Rings Research,c95f41f8.qasm,64,0.400878,0.0011,0.0274
Quantum Rings Research,c95f41f8.qasm,512,0.181435,0.0011,0.0267
Quantum Rings Research,c96fe790.qasm,16,272.075598,1.4987,0.0278
Quantum Rings Research,c96fe790.qasm,64,29.743393,1.4987,0.0271
Quantum Rings Research,c96fe790.qasm,512,290.650090,1.4987,0.0271
Quantum Rings Research,c999af32.qasm,16,1.136276,0.1225,0.0281
Quantum Rings Research,c999af32.qasm,64,5.108319,0.1225,0.0270
Quantum Rings Research,c999af32.qasm,512,145.133469,0.1225,0.0275
Quantum Rings Research,ca0a2ce5.qasm,16,3.345657,0.0696,0.0273
Quantum Rings Research,ca0a2ce5.qasm,64,0.167146,0.0696,0.0279
Quantum Rings Research,ca0a2ce5.qasm,512,5.097205,0.0696,0.0280
Quantum Rings Research,ca634f4d.qasm,16,1.118294,0.0812,0.0276
Quantum Rings Research,ca634f4d.qasm,64,2.290144,0.0812,0.0274
Quantum Rings Research,ca634f4d.qasm,512,23.352446,0.0812,0.0266
Quantum Rings Research,ca8c6d9a.qasm,16,2.194482,0.2365,0.0282
Quantum Rings Research,ca8c6d9a.qasm,64,12.657777,0.2365,0.0283
Quantum Rings Research,ca8c6d9a.qasm,512,501.154793,0.2365,0.0280
Quantum Rings Research,ca980007.qasm,16,1.299497,0.1464,0.0285
Quantum Rings Research,ca980007.qasm,64,6.505630,0.1464,0.0285
Quantum Rings Research,ca980007.qasm,512,205.506046,0.1464,0.0272
Quantum Rings Research,cab2b6e9.qasm,16,1.536330,0.1614,0.0281
Quantum Rings Research,cab2b6e9.qasm,64,6.834085,0.1614,0.0280
Quantum Rings Research,cab2b6e9.qasm,512,202.463151,0.1614,0.0278
Quantum Rings Research,cb2b300f.qasm,16,1.650193,0.1768,0.0281
Quantum Rings Research,cb2b300f.qasm,64,8.963374,0.1768,0.0272
Quantum Rings Research,cb2b300f.qasm,512,338.452828,0.1768,0.0277
Quantum Rings Research,cc5bc6eb.qasm,16,0.235364,0.0041,0.0270
Quantum Rings Research,cc5bc6eb.qasm,64,1.421251,0.0041,0.0272
Quantum Rings Research,cc5bc6eb.qasm,512,0.231959,0.0041,0.0274
Quantum Rings Research,ccfd978a.qasm,16,46.580127,2.4579,0.0283
Quantum Rings Research,ccfd978a.qasm,64,2.898708,2.4579,0.0274
Quantum Rings Research,ccfd978a.qasm,512,858.133981,2.4579,0.0272
Quantum Rings Research,cd51d9b8.qasm,16,1.742686,0.2119,0.0276
Quantum Rings Research,cd51d9b8.qasm,64,12.626370,0.2119,0.0271
Quantum Rings Research,cd51d9b8.qasm,512,573.622240,0.2119,0.0277
Quantum Rings Research,cd592018.qasm,16,2.354810,0.2707,0.0283
Quantum Rings Research,cd592018.qasm,64,16.274653,0.2707,0.0275
Quantum Rings Research,cd592018.qasm,512,653.568646,0.2707,0.0279
Quantum Rings Research,cd5b55b6.qasm,16,0.240120,0.0012,0.0284
Quantum Rings Research,cd5b55b6.qasm,64,0.173843,0.0012,0.0280
Quantum Rings Research,cd5b55b6.qasm,512,0.225440,0.0012,0.0272
Quantum Rings Research,ce4f4dde.qasm,16,0.182744,0.0121,0.0275
Quantum Rings Research,ce4f4dde.qasm,64,4.038624,0.0121,0.0272
Quantum Rings Research,ce4f4dde.qasm,512,0.181752,0.0121,0.0279
Quantum Rings Research,ce7207a3.qasm,16,3.383159,0.0702,0.0276
Quantum Rings Research,ce7207a3.qasm,64,0.196503,0.0702,0.0272
Quantum Rings Research,ce7207a3.qasm,512,5.955992,0.0702,0.0268
Quantum Rings Research,cee426fe.qasm,16,65.029682,0.2971,0.0276
Quantum Rings Research,cee426fe.qasm,64,133.271935,0.2971,0.0273
Quantum Rings Research,cee426fe.qasm,512,10878.076894,0.2971,0.0269
Quantum Rings Research,cf2c4cc9.qasm,16,0.180455,0.0015,0.0275
Quantum Rings Research,cf2c4cc9.qasm,64,0.328319,0.0015,0.0269
Quantum Rings Research,cf2c4cc9.qasm,512,0.172737,0.0015,0.0276
Quantum Rings Research,cf5bfeb1.qasm,16,2.268282,0.2363,0.0278
Quantum Rings Research,cf5bfeb1.qasm,64,13.007500,0.2363,0.0275
Quantum Rings Research,cf5bfeb1.qasm,512,394.169938,0.2363,0.0284
Quantum Rings Research,d168a391.qasm,16,0.173152,0.0153,0.0272
Quantum Rings Research,d168a391.qasm,64,2.621469,0.0153,0.0275
Quantum Rings Research,d168a391.qasm,512,0.166096,0.0153,0.0293
Quantum Rings Research,d20d9d2e.qasm,16,7.564313,0.2046,0.0271
Quantum Rings Research,d20d9d2e.qasm,64,0.207362,0.2046,0.0277
Quantum Rings Research,d20d9d2e.qasm,512,25.327673,0.2046,0.0271
Quantum Rings Research,d21812d8.qasm,16,6.012862,0.1742,0.0287
Quantum Rings Research,d21812d8.qasm,64,0.175155,0.1742,0.0271
Quantum Rings Research,d21812d8.qasm,512,21.902588,0.1742,0.0278
Quantum Rings Research,d2ffaf7e.qasm,16,0.227898,0.0073,0.0280
Quantum Rings Research,d2ffaf7e.qasm,64,2.552086,0.0073,0.0277
Quantum Rings Research,d2ffaf7e.qasm,512,0.240420,0.0073,0.0270
Quantum Rings Research,d3f98c63.qasm,16,2.229439,0.2413,0.0279
Quantum Rings Research,d3f98c63.qasm,64,13.029318,0.2413,0.0271
Quantum Rings Research,d3f98c63.qasm,512,562.137893,0.2413,0.0277
Quantum Rings Research,d3f998bc.qasm,16,1.701841,0.2060,0.0283
Quantum Rings Research,d3f998bc.qasm,64,12.219264,0.2060,0.0274
Quantum Rings Research,d3f998bc.qasm,512,467.461941,0.2060,0.0275
Quantum Rings Research,d49ba491.qasm,16,1.015451,0.1187,0.0282
Quantum Rings Research,d49ba491.qasm,64,4.326942,0.1187,0.0277
Quantum Rings Research,d49ba491.qasm,512,96.623019,0.1187,0.0274
Quantum Rings Research,d4a7f2c7.qasm,16,0.562011,0.0609,0.0274
Quantum Rings Research,d4a7f2c7.qasm,64,1.115977,0.0609,0.0277
Quantum Rings Research,d4a7f2c7.qasm,512,2.751005,0.0609,0.0267
Quantum Rings Research,d706049b.qasm,16,0.237607,0.0021,0.0284
Quantum Rings Research,d706049b.qasm,64,1.812260,0.0021,0.0273
Quantum Rings Research,d706049b.qasm,512,1.450303,0.0021,0.0271
Quantum Rings Research,d70a0bd6.qasm,16,511.895991,5.7704,0.0280
Quantum Rings Research,d70a0bd6.qasm,64,51.414544,5.7704,0.0273
Quantum Rings Research,d70a0bd6.qasm,512,14400.000000,5.7704,0.0273
Quantum Rings Research,d7fe8918.qasm,16,156.136302,0.0393,0.0282
Quantum Rings Research,d7fe8918.qasm,64,71.749797,0.0393,0.0274
Quantum Rings Research,d7fe8918.qasm,512,161.401310,0.0393,0.0269
Quantum Rings Research,d87e1b4b.qasm,16,0.176122,0.0329,0.0272
Quantum Rings Research,d87e1b4b.qasm,64,10.603988,0.0329,0.0276
Quantum Rings Research,d87e1b4b.qasm,512,0.182731,0.0329,0.0272
Quantum Rings Research,d9b603b5.qasm,16,1.247377,0.1022,0.0282
Quantum Rings Research,d9b603b5.qasm,64,3.416919,0.1022,0.0276
Quantum Rings Research,d9b603b5.qasm,512,70.942057,0.1022,0.0275
Quantum Rings Research,d9c77e07.qasm,16,0.177978,0.0010,0.0280
Quantum Rings Research,d9c77e07.qasm,64,0.177644,0.0010,0.0269
Quantum Rings Research,d9c77e07.qasm,512,0.186255,0.0010,0.0268
Quantum Rings Research,da0e58a0.qasm,16,5.435192,0.2859,0.0276
Quantum Rings Research,da0e58a0.qasm,64,0.360819,0.2859,0.0266
Quantum Rings Research,da0e58a0.qasm,512,270.680690,0.2859,0.0274
Quantum Rings Research,da213329.qasm,16,2.125992,0.2325,0.0277
Quantum Rings Research,da213329.qasm,64,12.136635,0.2325,0.0274
Quantum Rings Research,da213329.qasm,512,495.180069,0.2325,0.0284
Quantum Rings Research,da3a2f77.qasm,16,2.352178,0.2867,0.0279
Quantum Rings Research,da3a2f77.qasm,64,18.102346,0.2867,0.0279
Quantum Rings Research,da3a2f77.qasm,512,794.979012,0.2867,0.0283
Quantum Rings Research,da4d0871.qasm,16,55.869203,2.5118,0.0288
Quantum Rings Research,da4d0871.qasm,64,3.548881,2.5118,0.0265
Quantum Rings Research,da4d0871.qasm,512,862.302174,2.5118,0.0264
Quantum Rings Research,da505823.qasm,16,1.298596,0.1417,0.0277
Quantum Rings Research,da505823.qasm,64,6.547622,0.1417,0.0285
Quantum Rings Research,da505823.qasm,512,204.783780,0.1417,0.0279
Quantum Rings Research,da601912.qasm,16,130.450008,2.4003,0.0278
Quantum Rings Research,da601912.qasm,64,18.255995,2.4003,0.0269
Quantum Rings Research,da601912.qasm,512,7083.456202,2.4003,0.0269
Quantum Rings Research,dae23358.qasm,16,1.387674,0.1388,0.0283
Quantum Rings Research,dae23358.qasm,64,5.718718,0.1388,0.0273
Quantum Rings Research,dae23358.qasm,512,133.924278,0.1388,0.0277
Quantum Rings Research,db12c1f0.qasm,16,2.407406,0.0225,0.0275
Quantum Rings Research,db12c1f0.qasm,64,0.557305,0.0225,0.0271
Quantum Rings Research,db12c1f0.qasm,512,2.362620,0.0225,0.0275
Quantum Rings Research,db6ca211.qasm,16,0.295581,0.0474,0.0278
Quantum Rings Research,db6ca211.qasm,64,9.388647,0.0474,0.0278
Quantum Rings Research,db6ca211.qasm,512,0.289854,0.0474,0.0284
Quantum Rings Research,dbcc99b4.qasm,16,0.168694,0.0064,0.0279
Quantum Rings Research,dbcc99b4.qasm,64,1.065669,0.0064,0.0275
Quantum Rings Research,dbcc99b4.qasm,512,0.170813,0.0064,0.0285
Quantum Rings Research,dc86453a.qasm,16,73.430649,0.9756,0.0275
Quantum Rings Research,dc86453a.qasm,64,16.330382,0.9756,0.0282
Quantum Rings Research,dc86453a.qasm,512,298.698484,0.9756,0.0272
Quantum Rings Research,de690b52.qasm,16,1.210108,0.1031,0.0287
Quantum Rings Research,de690b52.qasm,64,4.174775,0.1031,0.0272
Quantum Rings Research,de690b52.qasm,512,92.033727,0.1031,0.0282
Quantum Rings Research,deb00fe1.qasm,16,0.176616,0.0038,0.0288
Quantum Rings Research,deb00fe1.qasm,64,0.554289,0.0038,0.0291
Quantum Rings Research,deb00fe1.qasm,512,0.208584,0.0038,0.0290
Quantum Rings Research,df1a7a89.qasm,16,14400.000000,3.2422,0.0291
Quantum Rings Research,df1a7a89.qasm,64,5092.942334,3.2422,0.0269
Quantum Rings Research,df1a7a89.qasm,512,14400.000000,3.2422,0.0276
Quantum Rings Research,df43c2c2.qasm,16,1.880419,0.2124,0.0283
Quantum Rings Research,df43c2c2.qasm,64,11.399658,0.2124,0.0284
Quantum Rings Research,df43c2c2.qasm,512,465.923633,0.2124,0.0277
Quantum Rings Research,df458745.qasm,16,1.598075,0.2229,0.0283
Quantum Rings Research,df458745.qasm,64,2.124927,0.2229,0.0270
Quantum Rings Research,df458745.qasm,512,1.483087,0.2229,0.0267
Quantum Rings Research,df75e229.qasm,16,2.308480,0.2664,0.0284
Quantum Rings Research,df75e229.qasm,64,16.256462,0.2664,0.0278
Quantum Rings Research,df75e229.qasm,512,645.129389,0.2664,0.0278
Quantum Rings Research,e10d312f.qasm,16,8.487130,0.7367,0.0277
Quantum Rings Research,e10d312f.qasm,64,7.986803,0.7367,0.0271
Quantum Rings Research,e10d312f.qasm,512,8.497285,0.7367,0.0274
Quantum Rings Research,e260fc6a.qasm,16,0.207223,0.0555,0.0273
Quantum Rings Research,e260fc6a.qasm,64,0.370744,0.0555,0.0276
Quantum Rings Research,e260fc6a.qasm,512,0.198370,0.0555,0.0276
Quantum Rings Research,e3863462.qasm,16,9.162403,0.0664,0.0277
Quantum Rings Research,e3863462.qasm,64,35.487381,0.0664,0.0272
Quantum Rings Research,e3863462.qasm,512,3220.284083,0.0664,0.0268
Quantum Rings Research,e3b97044.qasm,16,2.605447,0.3081,0.0277
Quantum Rings Research,e3b97044.qasm,64,18.383789,0.3081,0.0291
Quantum Rings Research,e3b97044.qasm,512,704.283101,0.3081,0.0277
Quantum Rings Research,e4a4359e.qasm,16,152.703371,4.3535,0.0284
Quantum Rings Research,e4a4359e.qasm,64,6.637258,4.3535,0.0277
Quantum Rings Research,e4a4359e.qasm,512,14400.000000,4.3535,0.0278
Quantum Rings Research,e4b50619.qasm,16,0.182920,0.0007,0.0277
Quantum Rings Research,e4b50619.qasm,64,0.269070,0.0007,0.0286
Quantum Rings Research,e4b50619.qasm,512,0.186060,0.0007,0.0277
Quantum Rings Research,e61acd2b.qasm,16,0.552420,0.0439,0.0272
Quantum Rings Research,e61acd2b.qasm,64,0.340158,0.0439,0.0273
Quantum Rings Research,e61acd2b.qasm,512,0.341316,0.0439,0.0273
Quantum Rings Research,e66c3381.qasm,16,2.195578,0.2354,0.0282
Quantum Rings Research,e66c3381.qasm,64,12.696896,0.2354,0.0278
Quantum Rings Research,e66c3381.qasm,512,524.598122,0.2354,0.0278
Quantum Rings Research,e698c12d.qasm,16,0.218867,0.0008,0.0275
Quantum Rings Research,e698c12d.qasm,64,0.173276,0.0008,0.0274
Quantum Rings Research,e698c12d.qasm,512,0.198994,0.0008,0.0272
Quantum Rings Research,e7296260.qasm,16,2.405088,0.2881,0.0281
Quantum Rings Research,e7296260.qasm,64,18.159603,0.2881,0.0277
Quantum Rings Research,e7296260.qasm,512,825.353971,0.2881,0.0272
Quantum Rings Research,e751ad87.qasm,16,6.179735,0.7169,0.0276
Quantum Rings Research,e751ad87.qasm,64,4.044977,0.7169,0.0272
Quantum Rings Research,e751ad87.qasm,512,6.426724,0.7169,0.0276
Quantum Rings Research,e7540ce6.qasm,16,3.025463,0.3435,0.0281
Quantum Rings Research,e7540ce6.qasm,64,24.057193,0.3435,0.0282
Quantum Rings Research,e7540ce6.qasm,512,1091.775396,0.3435,0.0276
Quantum Rings Research,e815593a.qasm,16,0.191961,0.0025,0.0270
Quantum Rings Research,e815593a.qasm,64,0.278498,0.0025,0.0274
Quantum Rings Research,e815593a.qasm,512,0.186024,0.0025,0.0264
Quantum Rings Research,e893b1a5.qasm,16,26.978368,1.2021,0.0278
Quantum Rings Research,e893b1a5.qasm,64,2.035722,1.2021,0.0282
Quantum Rings Research,e893b1a5.qasm,512,665.394395,1.2021,0.0271
Quantum Rings Research,ea801020.qasm,16,232.820616,1.5158,0.0276
Quantum Rings Research,ea801020.qasm,64,27.675979,1.5158,0.0272
Quantum Rings Research,ea801020.qasm,512,187.145550,1.5158,0.0278
Quantum Rings Research,eb153d64.qasm,16,0.181025,0.0076,0.0270
Quantum Rings Research,eb153d64.qasm,64,4.775874,0.0076,0.0271
Quantum Rings Research,eb153d64.qasm,512,0.173710,0.0076,0.0282
Quantum Rings Research,ebb0ac17.qasm,16,1.166030,0.0073,0.0275
Quantum Rings Research,ebb0ac17.qasm,64,1.197219,0.0073,0.0269
Quantum Rings Research,ebb0ac17.qasm,512,2.636754,0.0073,0.0276
Quantum Rings Research,ebc18fd7.qasm,16,6.760674,0.3088,0.0273
Quantum Rings Research,ebc18fd7.qasm,64,2.726361,0.3088,0.0270
Quantum Rings Research,ebc18fd7.qasm,512,7.145446,0.3088,0.0263
Quantum Rings Research,ebc3e166.qasm,16,5023.070535,7.6442,0.0280
Quantum Rings Research,ebc3e166.qasm,64,621.311206,7.6442,0.0279
Quantum Rings Research,ebc3e166.qasm,512,14400.000000,7.6442,0.0279
Quantum Rings Research,ec70915a.qasm,16,1.072741,0.0201,0.0284
Quantum Rings Research,ec70915a.qasm,64,5.620139,0.0201,0.0275
Quantum Rings Research,ec70915a.qasm,512,198.483880,0.0201,0.0274
Quantum Rings Research,eca6fb66.qasm,16,2.059141,0.2353,0.0297
Quantum Rings Research,eca6fb66.qasm,64,12.535727,0.2353,0.0297
Quantum Rings Research,eca6fb66.qasm,512,515.022962,0.2353,0.0286
Quantum Rings Research,ed52defd.qasm,16,0.593755,0.0489,0.0291
Quantum Rings Research,ed52defd.qasm,64,0.450140,0.0489,0.0283
Quantum Rings Research,ed52defd.qasm,512,0.453462,0.0489,0.0273
Quantum Rings Research,eefd994e.qasm,16,2.238716,0.2403,0.0280
Quantum Rings Research,eefd994e.qasm,64,13.126802,0.2403,0.0278
Quantum Rings Research,eefd994e.qasm,512,566.453343,0.2403,0.0277
Quantum Rings Research,ef8d10d7.qasm,16,3.283357,0.0584,0.0276
Quantum Rings Research,ef8d10d7.qasm,64,0.387402,0.0584,0.0274
Quantum Rings Research,ef8d10d7.qasm,512,665.126847,0.0584,0.0284
Quantum Rings Research,efafd44f.qasm,16,4.437931,0.0034,0.0276
Quantum Rings Research,efafd44f.qasm,64,3.923855,0.0034,0.0268
Quantum Rings Research,efafd44f.qasm,512,4.685458,0.0034,0.0273
Quantum Rings Research,f030e083.qasm,16,16.972530,0.0916,0.0270
Quantum Rings Research,f030e083.qasm,64,77.886774,0.0916,0.0275
Quantum Rings Research,f030e083.qasm,512,5399.039542,0.0916,0.0270
Quantum Rings Research,f05a6196.qasm,16,135.438991,1.4929,0.0279
Quantum Rings Research,f05a6196.qasm,64,16.514084,1.4929,0.0276
Quantum Rings Research,f05a6196.qasm,512,125.700598,1.4929,0.0274
Quantum Rings Research,f0c5e28f.qasm,16,0.181916,0.0017,0.0273
Quantum Rings Research,f0c5e28f.qasm,64,0.169451,0.0017,0.0279
Quantum Rings Research,f0c5e28f.qasm,512,0.174634,0.0017,0.0273
Quantum Rings Research,f0e878db.qasm,16,2.296670,0.1333,0.0285
Quantum Rings Research,f0e878db.qasm,64,12.103346,0.1333,0.0274
Quantum Rings Research,f0e878db.qasm,512,467.683022,0.1333,0.0274
Quantum Rings Research,f0e91b40.qasm,16,1.827764,0.0422,0.0276
Quantum Rings Research,f0e91b40.qasm,64,6.856300,0.0422,0.0275
Quantum Rings Research,f0e91b40.qasm,512,386.698127,0.0422,0.0271
Quantum Rings Research,f1167cc3.qasm,16,1.402142,0.1388,0.0276
Quantum Rings Research,f1167cc3.qasm,64,5.711953,0.1388,0.0282
Quantum Rings Research,f1167cc3.qasm,512,133.964498,0.1388,0.0275
Quantum Rings Research,f163436d.qasm,16,0.189155,0.0009,0.0272
Quantum Rings Research,f163436d.qasm,64,0.209952,0.0009,0.0270
Quantum Rings Research,f163436d.qasm,512,0.224406,0.0009,0.0270
Quantum Rings Research,f1bcea54.qasm,16,1.878278,0.2106,0.0282
Quantum Rings Research,f1bcea54.qasm,64,10.685212,0.2106,0.0277
Quantum Rings Research,f1bcea54.qasm,512,446.136129,0.2106,0.0281
Quantum Rings Research,f27a09cf.qasm,16,0.176407,0.0220,0.0276
Quantum Rings Research,f27a09cf.qasm,64,9.771847,0.0220,0.0275
Quantum Rings Research,f27a09cf.qasm,512,0.189797,0.0220,0.0273
Quantum Rings Research,f2a5a67a.qasm,16,0.458187,0.0442,0.0268
Quantum Rings Research,f2a5a67a.qasm,64,0.341845,0.0442,0.0271
Quantum Rings Research,f2a5a67a.qasm,512,0.336729,0.0442,0.0273
Quantum Rings Research,f5398281.qasm,16,2.368224,0.2808,0.0279
Quantum Rings Research,f5398281.qasm,64,18.186900,0.2808,0.0280
Quantum Rings Research,f5398281.qasm,512,394.628188,0.2808,0.0279
Quantum Rings Research,f5aeb6f0.qasm,16,2.240754,0.2375,0.0283
Quantum Rings Research,f5aeb6f0.qasm,64,12.661490,0.2375,0.0282
Quantum Rings Research,f5aeb6f0.qasm,512,524.960826,0.2375,0.0282
Quantum Rings Research,f5d72dae.qasm,16,0.346718,0.0027,0.0266
Quantum Rings Research,f5d72dae.qasm,64,1.882317,0.0027,0.0276
Quantum Rings Research,f5d72dae.qasm,512,25.677066,0.0027,0.0272
Quantum Rings Research,f67ec297.qasm,16,1.392261,0.1600,0.0285
Quantum Rings Research,f67ec297.qasm,64,7.967084,0.1600,0.0278
Quantum Rings Research,f67ec297.qasm,512,284.892922,0.1600,0.0270
Quantum Rings Research,f7ff0727.qasm,16,0.188513,0.0006,0.0274
Quantum Rings Research,f7ff0727.qasm,64,0.174988,0.0006,0.0268
Quantum Rings Research,f7ff0727.qasm,512,0.198301,0.0006,0.0273
Quantum Rings Research,f8a38627.qasm,16,174.756027,1.5162,0.0287
Quantum Rings Research,f8a38627.qasm,64,280.612124,1.5162,0.0273
Quantum Rings Research,f8a38627.qasm,512,13025.908012,1.5162,0.0274
Quantum Rings Research,f8d235ae.qasm,16,0.188005,0.0019,0.0275
Quantum Rings Research,f8d235ae.qasm,64,0.231176,0.0019,0.0275
Quantum Rings Research,f8d235ae.qasm,512,0.284597,0.0019,0.0271
Quantum Rings Research,f98536e0.qasm,16,0.178908,0.0009,0.0278
Quantum Rings Research,f98536e0.qasm,64,0.167256,0.0009,0.0273
Quantum Rings Research,f98536e0.qasm,512,0.191100,0.0009,0.0264
Quantum Rings Research,f9fee41b.qasm,16,2.550796,0.3034,0.0282
Quantum Rings Research,f9fee41b.qasm,64,18.396908,0.3034,0.0275
Quantum Rings Research,f9fee41b.qasm,512,708.749534,0.3034,0.0274
Quantum Rings Research,fabdaac7.qasm,16,0.179792,0.0076,0.0283
Quantum Rings Research,fabdaac7.qasm,64,1.207611,0.0076,0.0271
Quantum Rings Research,fabdaac7.qasm,512,0.175826,0.0076,0.0277
Quantum Rings Research,fadf1f0d.qasm,16,181.073762,4.3455,0.0279
Quantum Rings Research,fadf1f0d.qasm,64,7.100056,4.3455,0.0270
Quantum Rings Research,fadf1f0d.qasm,512,14400.000000,4.3455,0.0273
Quantum Rings Research,fb107df5.qasm,16,16.702709,0.0074,0.0276
Quantum Rings Research,fb107df5.qasm,64,13.510716,0.0074,0.0274
Quantum Rings Research,fb107df5.qasm,512,17.337097,0.0074,0.0277
Quantum Rings Research,fb7e6eb0.qasm,16,3.582238,0.0196,0.0285
Quantum Rings Research,fb7e6eb0.qasm,64,13.163936,0.0196,0.0273
Quantum Rings Research,fb7e6eb0.qasm,512,546.757188,0.0196,0.0272
Quantum Rings Research,fb8a2851.qasm,16,0.166713,0.0039,0.0272
Quantum Rings Research,fb8a2851.qasm,64,1.250417,0.0039,0.0273
Quantum Rings Research,fb8a2851.qasm,512,0.175202,0.0039,0.0275
Quantum Rings Research,fb9223a1.qasm,16,0.180052,0.0012,0.0279
Quantum Rings Research,fb9223a1.qasm,64,0.168009,0.0012,0.0272
Quantum Rings Research,fb9223a1.qasm,512,0.184890,0.0012,0.0271
Quantum Rings Research,fb9be929.qasm,16,0.221857,0.0007,0.0273
Quantum Rings Research,fb9be929.qasm,64,0.176401,0.0007,0.0265
Quantum Rings Research,fb9be929.qasm,512,0.214538,0.0007,0.0263
Quantum Rings Research,fbcf0ea3.qasm,16,2.071127,0.2323,0.0290
Quantum Rings Research,fbcf0ea3.qasm,64,12.523190,0.2323,0.0281
Quantum Rings Research,fbcf0ea3.qasm,512,498.104678,0.2323,0.0271
Quantum Rings Research,fbdc2a1f.qasm,16,0.573298,0.0481,0.0277
Quantum Rings Research,fbdc2a1f.qasm,64,0.452335,0.0481,0.0274
Quantum Rings Research,fbdc2a1f.qasm,512,0.453972,0.0481,0.0278
Quantum Rings Research,fbe1d41c.qasm,16,0.219287,0.0016,0.0270
Quantum Rings Research,fbe1d41c.qasm,64,0.174044,0.0016,0.0279
Quantum Rings Research,fbe1d41c.qasm,512,0.210353,0.0016,0.0271
Quantum Rings Research,fc1ce5ab.qasm,16,62.209686,3.5013,0.0281
Quantum Rings Research,fc1ce5ab.qasm,64,3.192982,3.5013,0.0270
Quantum Rings Research,fc1ce5ab.qasm,512,841.085742,3.5013,0.0283
Quantum Rings Research,fc330f35.qasm,16,1.884240,0.2160,0.0284
Quantum Rings Research,fc330f35.qasm,64,11.319302,0.2160,0.0283
Quantum Rings Research,fc330f35.qasm,512,463.787396,0.2160,0.0276
Quantum Rings Research,fc56714f.qasm,16,0.173108,0.0019,0.0268
Quantum Rings Research,fc56714f.qasm,64,0.180072,0.0019,0.0280
Quantum Rings Research,fc56714f.qasm,512,0.180081,0.0019,0.0272
Quantum Rings Research,fc5872f2.qasm,16,401.757486,5.7200,0.0281
Quantum Rings Research,fc5872f2.qasm,64,99.051356,5.7200,0.0281
Quantum Rings Research,fc5872f2.qasm,512,3338.251794,5.7200,0.0275
Quantum Rings Research,fc66bdd4.qasm,16,0.800808,0.1553,0.0272
Quantum Rings Research,fc66bdd4.qasm,64,1.331701,0.1553,0.0279
Quantum Rings Research,fc66bdd4.qasm,512,0.802134,0.1553,0.0269
Quantum Rings Research,fdf0b97e.qasm,16,1.997019,0.2201,0.0283
Quantum Rings Research,fdf0b97e.qasm,64,11.448744,0.2201,0.0272
Quantum Rings Research,fdf0b97e.qasm,512,438.246112,0.2201,0.0276
Quantum Rings Research,ffe82f32.qasm,16,0.208172,0.0016,0.0276
Quantum Rings Research,ffe82f32.qasm,64,1.300244,0.0016,0.0269
Quantum Rings Research,ffe82f32.qasm,512,1.338015,0.0016,0.0273
