team,filename,threshold,pred_duration_s,parse_s,predict_s
Quantum Rings Research,0071a13b.qasm,16,1.868036,0.0920,0.0333
Quantum Rings Research,0071a13b.qasm,64,11.343303,0.0920,0.0275
Quantum Rings Research,0071a13b.qasm,512,464.246186,0.0920,0.0267
Quantum Rings Research,00c20ece.qasm,16,155.697823,0.1220,0.0279
Quantum Rings Research,00c20ece.qasm,64,170.209312,0.1220,0.0271
Quantum Rings Research,00c20ece.qasm,512,157.987927,0.1220,0.0143
Quantum Rings Research,03042ac9.qasm,16,1.865686,0.0913,0.0276
Quantum Rings Research,03042ac9.qasm,64,11.197687,0.0913,0.0142
Quantum Rings Research,03042ac9.qasm,512,463.695659,0.0913,0.0270
Quantum Rings Research,03934028.qasm,16,1627.932810,6.4388,0.0272
Quantum Rings Research,03934028.qasm,64,1335.953595,6.4388,0.0139
Quantum Rings Research,03934028.qasm,512,8285.825125,6.4388,0.0138
Quantum Rings Research,03ee478e.qasm,16,0.179935,0.0013,0.0267
Quantum Rings Research,03ee478e.qasm,64,1.135928,0.0013,0.0143
Quantum Rings Research,03ee478e.qasm,512,0.191569,0.0013,0.0267
Quantum Rings Research,04276362.qasm,16,0.195277,0.0005,0.0248
Quantum Rings Research,04276362.qasm,64,0.199781,0.0005,0.0254
Quantum Rings Research,04276362.qasm,512,0.195383,0.0005,0.0142
Quantum Rings Research,0491d461.qasm,16,0.540240,0.0265,0.0268
Quantum Rings Research,0491d461.qasm,64,1.344921,0.0265,0.0247
Quantum Rings Research,0491d461.qasm,512,3.547539,0.0265,0.0141
Quantum Rings Research,0525d9ee.qasm,16,0.534161,0.0263,0.0263
Quantum Rings Research,0525d9ee.qasm,64,1.343493,0.0263,0.0252
Quantum Rings Research,0525d9ee.qasm,512,3.519508,0.0263,0.0272
Quantum Rings Research,0534bf07.qasm,16,7769.207867,0.6856,0.0249
Quantum Rings Research,0534bf07.qasm,64,2739.493754,0.6856,0.0251
Quantum Rings Research,0534bf07.qasm,512,9595.617078,0.6856,0.0135
Quantum Rings Research,055dc894.qasm,16,4.746735,0.0310,0.0250
Quantum Rings Research,055dc894.qasm,64,8.887414,0.0310,0.0261
Quantum Rings Research,055dc894.qasm,512,1366.656020,0.0310,0.0145
Quantum Rings Research,056c2b99.qasm,16,0.581941,0.0197,0.0142
Quantum Rings Research,056c2b99.qasm,64,0.453072,0.0197,0.0137
Quantum Rings Research,056c2b99.qasm,512,0.456040,0.0197,0.0142
Quantum Rings Research,058c7d32.qasm,16,0.260797,0.0135,0.0142
Quantum Rings Research,058c7d32.qasm,64,0.569020,0.0135,0.0250
Quantum Rings Research,058c7d32.qasm,512,0.907901,0.0135,0.0140
Quantum Rings Research,067475b0.qasm,16,1.414812,0.0563,0.0268
Quantum Rings Research,067475b0.qasm,64,5.708737,0.0563,0.0142
Quantum Rings Research,067475b0.qasm,512,131.580910,0.0563,0.0142
Quantum Rings Research,06857ab2.qasm,16,86.710615,0.4455,0.0261
Quantum Rings Research,06857ab2.qasm,64,147.400684,0.4455,0.0261
Quantum Rings Research,06857ab2.qasm,512,4387.717978,0.4455,0.0269
Quantum Rings Research,06a7dabf.qasm,16,1.448594,0.0740,0.0264
Quantum Rings Research,06a7dabf.qasm,64,8.489405,0.0740,0.0256
Quantum Rings Research,06a7dabf.qasm,512,306.835156,0.0740,0.0269
Quantum Rings Research,06e45cf2.qasm,16,0.567984,0.0248,0.0258
Quantum Rings Research,06e45cf2.qasm,64,1.112577,0.0248,0.0263
Quantum Rings Research,06e45cf2.qasm,512,2.757390,0.0248,0.0251
Quantum Rings Research,0732491c.qasm,16,4.853649,0.8562,0.0147
Quantum Rings Research,0732491c.qasm,64,2.386544,0.8562,0.0141
Quantum Rings Research,0732491c.qasm,512,5.861589,0.8562,0.0136
Quantum Rings Research,07fc5b22.qasm,16,0.537020,0.0277,0.0141
Quantum Rings Research,07fc5b22.qasm,64,1.344665,0.0277,0.0259
Quantum Rings Research,07fc5b22.qasm,512,3.557027,0.0277,0.0140
Quantum Rings Research,08239e90.qasm,16,56.631960,1.2882,0.0257
Quantum Rings Research,08239e90.qasm,64,3.299823,1.2882,0.0137
Quantum Rings Research,08239e90.qasm,512,752.671884,1.2882,0.0264
Quantum Rings Research,0885b672.qasm,16,1.657715,0.0713,0.0239
Quantum Rings Research,0885b672.qasm,64,9.006879,0.0713,0.0249
Quantum Rings Research,0885b672.qasm,512,331.547752,0.0713,0.0241
Quantum Rings Research,0a0f4c36.qasm,16,0.188879,0.0054,0.0141
Quantum Rings Research,0a0f4c36.qasm,64,0.257372,0.0054,0.0260
Quantum Rings Research,0a0f4c36.qasm,512,0.176392,0.0054,0.0142
Quantum Rings Research,0b0e43d6.qasm,16,1.789736,0.0826,0.0144
Quantum Rings Research,0b0e43d6.qasm,64,9.938600,0.0826,0.0264
Quantum Rings Research,0b0e43d6.qasm,512,373.155952,0.0826,0.0143
Quantum Rings Research,0b325fdd.qasm,16,176.940278,3.6148,0.0275
Quantum Rings Research,0b325fdd.qasm,64,7.271687,3.6148,0.0263
Quantum Rings Research,0b325fdd.qasm,512,1121.981091,3.6148,0.0143
Quantum Rings Research,0bde3200.qasm,16,0.237207,0.0004,0.0133
Quantum Rings Research,0bde3200.qasm,64,0.243038,0.0004,0.0141
Quantum Rings Research,0bde3200.qasm,512,0.236796,0.0004,0.0254
Quantum Rings Research,0c0ce4a1.qasm,16,0.586585,0.0202,0.0269
Quantum Rings Research,0c0ce4a1.qasm,64,0.457333,0.0202,0.0144
Quantum Rings Research,0c0ce4a1.qasm,512,0.464271,0.0202,0.0135
Quantum Rings Research,0c676248.qasm,16,0.170982,0.0054,0.0269
Quantum Rings Research,0c676248.qasm,64,10.254646,0.0054,0.0253
Quantum Rings Research,0c676248.qasm,512,0.181584,0.0054,0.0141
Quantum Rings Research,0cc92082.qasm,16,0.266267,0.0194,0.0268
Quantum Rings Research,0cc92082.qasm,64,0.449372,0.0194,0.0264
Quantum Rings Research,0cc92082.qasm,512,0.239867,0.0194,0.0143
Quantum Rings Research,0cd81bd7.qasm,16,1.391462,0.0668,0.0145
Quantum Rings Research,0cd81bd7.qasm,64,7.964804,0.0668,0.0260
Quantum Rings Research,0cd81bd7.qasm,512,289.996665,0.0668,0.0271
Quantum Rings Research,0d08bd43.qasm,16,2264.180459,0.6797,0.0277
Quantum Rings Research,0d08bd43.qasm,64,411.592989,0.6797,0.0255
Quantum Rings Research,0d08bd43.qasm,512,11305.494149,0.6797,0.0256
Quantum Rings Research,0d094263.qasm,16,0.208290,0.0004,0.0139
Quantum Rings Research,0d094263.qasm,64,0.294202,0.0004,0.0260
Quantum Rings Research,0d094263.qasm,512,0.195084,0.0004,0.0253
Quantum Rings Research,0d6f51b4.qasm,16,0.190559,0.0005,0.0260
Quantum Rings Research,0d6f51b4.qasm,64,0.206246,0.0005,0.0144
Quantum Rings Research,0d6f51b4.qasm,512,0.185159,0.0005,0.0250
Quantum Rings Research,0e8ddfa3.qasm,16,1.149398,0.0413,0.0250
Quantum Rings Research,0e8ddfa3.qasm,64,3.382561,0.0413,0.0255
Quantum Rings Research,0e8ddfa3.qasm,512,71.733855,0.0413,0.0253
Quantum Rings Research,0ee54ab9.qasm,16,0.183369,0.0065,0.0258
Quantum Rings Research,0ee54ab9.qasm,64,0.216811,0.0065,0.0141
Quantum Rings Research,0ee54ab9.qasm,512,0.181934,0.0065,0.0132
Quantum Rings Research,0f6ae53c.qasm,16,0.190602,0.0062,0.0250
Quantum Rings Research,0f6ae53c.qasm,64,0.617657,0.0062,0.0250
Quantum Rings Research,0f6ae53c.qasm,512,0.199041,0.0062,0.0138
Quantum Rings Research,10761caa.qasm,16,1.208598,0.0427,0.0254
Quantum Rings Research,10761caa.qasm,64,4.179363,0.0427,0.0254
Quantum Rings Research,10761caa.qasm,512,92.203503,0.0427,0.0142
Quantum Rings Research,10ea3498.qasm,16,0.189748,0.0046,0.0143
Quantum Rings Research,10ea3498.qasm,64,1.180723,0.0046,0.0256
Quantum Rings Research,10ea3498.qasm,512,0.190550,0.0046,0.0251
Quantum Rings Research,1154e9d9.qasm,16,14379.811840,3.2008,0.0273
Quantum Rings Research,1154e9d9.qasm,64,10008.962516,3.2008,0.0246
Quantum Rings Research,1154e9d9.qasm,512,14188.424231,3.2008,0.0251
Quantum Rings Research,12157215.qasm,16,1877.655117,7.7948,0.0272
Quantum Rings Research,12157215.qasm,64,942.914257,7.7948,0.0272
Quantum Rings Research,12157215.qasm,512,14400.000000,7.7948,0.0142
Quantum Rings Research,125f60d7.qasm,16,1426.271869,13.2490,0.0278
Quantum Rings Research,125f60d7.qasm,64,750.678466,13.2490,0.0263
Quantum Rings Research,125f60d7.qasm,512,5043.220391,13.2490,0.0243
Quantum Rings Research,138d2c7b.qasm,16,1.558349,0.0718,0.0269
Quantum Rings Research,138d2c7b.qasm,64,7.699363,0.0718,0.0272
Quantum Rings Research,138d2c7b.qasm,512,266.213624,0.0718,0.0264
Quantum Rings Research,13b8e3f8.qasm,16,1.144300,0.0512,0.0233
Quantum Rings Research,13b8e3f8.qasm,64,5.112782,0.0512,0.0268
Quantum Rings Research,13b8e3f8.qasm,512,143.929815,0.0512,0.0269
Quantum Rings Research,13eb49aa.qasm,16,0.177247,0.0007,0.0257
Quantum Rings Research,13eb49aa.qasm,64,1.075035,0.0007,0.0273
Quantum Rings Research,13eb49aa.qasm,512,1.053314,0.0007,0.0250
Quantum Rings Research,14019fed.qasm,16,65.741070,0.1836,0.0277
Quantum Rings Research,14019fed.qasm,64,9.389599,0.1836,0.0259
Quantum Rings Research,14019fed.qasm,512,125.298092,0.1836,0.0253
Quantum Rings Research,149b1e7c.qasm,16,4.712269,0.0354,0.0261
Quantum Rings Research,149b1e7c.qasm,64,0.207209,0.0354,0.0275
Quantum Rings Research,149b1e7c.qasm,512,7.684120,0.0354,0.0266
Quantum Rings Research,15434610.qasm,16,1.557948,0.0710,0.0269
Quantum Rings Research,15434610.qasm,64,7.712191,0.0710,0.0274
Quantum Rings Research,15434610.qasm,512,259.464076,0.0710,0.0271
Quantum Rings Research,159b3481.qasm,16,0.582964,0.0255,0.0276
Quantum Rings Research,159b3481.qasm,64,1.101352,0.0255,0.0263
Quantum Rings Research,159b3481.qasm,512,2.761842,0.0255,0.0270
Quantum Rings Research,15c28669.qasm,16,0.293616,0.0947,0.0262
Quantum Rings Research,15c28669.qasm,64,0.393613,0.0947,0.0273
Quantum Rings Research,15c28669.qasm,512,0.336031,0.0947,0.0245
Quantum Rings Research,1619b169.qasm,16,0.175781,0.0120,0.0267
Quantum Rings Research,1619b169.qasm,64,0.175170,0.0120,0.0244
Quantum Rings Research,1619b169.qasm,512,0.183956,0.0120,0.0255
Quantum Rings Research,166e9d3a.qasm,16,0.198340,0.0052,0.0149
Quantum Rings Research,166e9d3a.qasm,64,0.175457,0.0052,0.0260
Quantum Rings Research,166e9d3a.qasm,512,0.180342,0.0052,0.0259
Quantum Rings Research,1688d759.qasm,16,1.964517,0.0996,0.0266
Quantum Rings Research,1688d759.qasm,64,14.177283,0.0996,0.0271
Quantum Rings Research,1688d759.qasm,512,556.042379,0.0996,0.0241
Quantum Rings Research,16ff70bb.qasm,16,2.122291,0.0949,0.0271
Quantum Rings Research,16ff70bb.qasm,64,12.173334,0.0949,0.0269
Quantum Rings Research,16ff70bb.qasm,512,480.099723,0.0949,0.0265
Quantum Rings Research,17253376.qasm,16,1.767348,0.0861,0.0257
Quantum Rings Research,17253376.qasm,64,11.915861,0.0861,0.0252
Quantum Rings Research,17253376.qasm,512,463.025442,0.0861,0.0265
Quantum Rings Research,173d4b8b.qasm,16,0.458400,0.0008,0.0275
Quantum Rings Research,173d4b8b.qasm,64,0.451727,0.0008,0.0270
Quantum Rings Research,173d4b8b.qasm,512,0.458647,0.0008,0.0254
Quantum Rings Research,175f2997.qasm,16,1.532844,0.0650,0.0258
Quantum Rings Research,175f2997.qasm,64,6.883003,0.0650,0.0267
Quantum Rings Research,175f2997.qasm,512,201.774479,0.0650,0.0267
Quantum Rings Research,17e5a14b.qasm,16,74.673188,1.7856,0.0264
Quantum Rings Research,17e5a14b.qasm,64,4.171082,1.7856,0.0275
Quantum Rings Research,17e5a14b.qasm,512,858.146641,1.7856,0.0145
Quantum Rings Research,195099c8.qasm,16,0.400679,0.0271,0.0266
Quantum Rings Research,195099c8.qasm,64,6.120523,0.0271,0.0270
Quantum Rings Research,195099c8.qasm,512,0.391330,0.0271,0.0271
Quantum Rings Research,19550378.qasm,16,0.672000,0.0168,0.0257
Quantum Rings Research,19550378.qasm,64,0.757777,0.0168,0.0266
Quantum Rings Research,19550378.qasm,512,0.704939,0.0168,0.0230
Quantum Rings Research,1959a985.qasm,16,5.172207,0.0316,0.0274
Quantum Rings Research,1959a985.qasm,64,11.781490,0.0316,0.0257
Quantum Rings Research,1959a985.qasm,512,1346.823246,0.0316,0.0253
Quantum Rings Research,19d587f3.qasm,16,0.178846,0.0024,0.0275
Quantum Rings Research,19d587f3.qasm,64,1.202877,0.0024,0.0245
Quantum Rings Research,19d587f3.qasm,512,0.172393,0.0024,0.0144
Quantum Rings Research,1a554de5.qasm,16,0.176150,0.0057,0.0256
Quantum Rings Research,1a554de5.qasm,64,0.208242,0.0057,0.0270
Quantum Rings Research,1a554de5.qasm,512,0.192929,0.0057,0.0246
Quantum Rings Research,1aa22822.qasm,16,22.755837,0.6293,0.0269
Quantum Rings Research,1aa22822.qasm,64,1.757458,0.6293,0.0251
Quantum Rings Research,1aa22822.qasm,512,575.874544,0.6293,0.0253
Quantum Rings Research,1af5b336.qasm,16,1.085031,0.0343,0.0266
Quantum Rings Research,1af5b336.qasm,64,2.271446,0.0343,0.0259
Quantum Rings Research,1af5b336.qasm,512,23.314651,0.0343,0.0261
Quantum Rings Research,1b91945f.qasm,16,0.570909,0.0250,0.0274
Quantum Rings Research,1b91945f.qasm,64,1.100983,0.0250,0.0260
Quantum Rings Research,1b91945f.qasm,512,2.673764,0.0250,0.0249
Quantum Rings Research,1cb3c32c.qasm,16,7.843414,0.0958,0.0258
Quantum Rings Research,1cb3c32c.qasm,64,0.330664,0.0958,0.0273
Quantum Rings Research,1cb3c32c.qasm,512,39.421105,0.0958,0.0272
Quantum Rings Research,1d1dc1d8.qasm,16,2.081135,0.0937,0.0275
Quantum Rings Research,1d1dc1d8.qasm,64,11.993350,0.0937,0.0262
Quantum Rings Research,1d1dc1d8.qasm,512,478.785460,0.0937,0.0265
Quantum Rings Research,1d4b1889.qasm,16,0.505767,0.0184,0.0271
Quantum Rings Research,1d4b1889.qasm,64,0.339769,0.0184,0.0270
Quantum Rings Research,1d4b1889.qasm,512,0.343193,0.0184,0.0266
Quantum Rings Research,1db5f683.qasm,16,2.006679,0.0923,0.0274
Quantum Rings Research,1db5f683.qasm,64,11.486013,0.0923,0.0273
Quantum Rings Research,1db5f683.qasm,512,436.371049,0.0923,0.0273
Quantum Rings Research,1f1383d7.qasm,16,0.199095,0.0103,0.0285
Quantum Rings Research,1f1383d7.qasm,64,2.397863,0.0103,0.0267
Quantum Rings Research,1f1383d7.qasm,512,0.201747,0.0103,0.0267
Quantum Rings Research,1fd34b96.qasm,16,2.685562,0.1363,0.0270
Quantum Rings Research,1fd34b96.qasm,64,21.037961,0.1363,0.0246
Quantum Rings Research,1fd34b96.qasm,512,959.730811,0.1363,0.0257
Quantum Rings Research,20448412.qasm,16,152.903388,0.1202,0.0263
Quantum Rings Research,20448412.qasm,64,164.200600,0.1202,0.0278
Quantum Rings Research,20448412.qasm,512,154.048438,0.1202,0.0276
Quantum Rings Research,2059c310.qasm,16,0.491210,0.0017,0.0272
Quantum Rings Research,2059c310.qasm,64,2.958754,0.0017,0.0273
Quantum Rings Research,2059c310.qasm,512,1.560570,0.0017,0.0272
Quantum Rings Research,2078a631.qasm,16,2.383884,0.1130,0.0273
Quantum Rings Research,2078a631.qasm,64,16.209258,0.1130,0.0273
Quantum Rings Research,2078a631.qasm,512,532.240679,0.1130,0.0269
Quantum Rings Research,208334f1.qasm,16,0.189827,0.0103,0.0270
Quantum Rings Research,208334f1.qasm,64,1.111016,0.0103,0.0257
Quantum Rings Research,208334f1.qasm,512,0.209462,0.0103,0.0273
Quantum Rings Research,2190b5a7.qasm,16,0.202396,0.0008,0.0249
Quantum Rings Research,2190b5a7.qasm,64,0.176999,0.0008,0.0252
Quantum Rings Research,2190b5a7.qasm,512,0.198915,0.0008,0.0143
Quantum Rings Research,231bbda3.qasm,16,4.528067,0.0317,0.0145
Quantum Rings Research,231bbda3.qasm,64,1.297679,0.0317,0.0260
Quantum Rings Research,231bbda3.qasm,512,4.317956,0.0317,0.0251
Quantum Rings Research,235dda60.qasm,16,2.367616,0.1148,0.0274
Quantum Rings Research,235dda60.qasm,64,16.311596,0.1148,0.0252
Quantum Rings Research,235dda60.qasm,512,433.109747,0.1148,0.0272
Quantum Rings Research,24ca3082.qasm,16,3158.304585,3.2679,0.0271
Quantum Rings Research,24ca3082.qasm,64,1434.987493,3.2679,0.0259
Quantum Rings Research,24ca3082.qasm,512,5265.962429,3.2679,0.0253
Quantum Rings Research,25e26219.qasm,16,2.232782,0.0086,0.0266
Quantum Rings Research,25e26219.qasm,64,13.601727,0.0086,0.0275
Quantum Rings Research,25e26219.qasm,512,557.579095,0.0086,0.0276
Quantum Rings Research,25e5b703.qasm,16,0.186503,0.0020,0.0275
Quantum Rings Research,25e5b703.qasm,64,0.201971,0.0020,0.0253
Quantum Rings Research,25e5b703.qasm,512,0.182752,0.0020,0.0256
Quantum Rings Research,264ca70e.qasm,16,1.649201,0.0804,0.0266
Quantum Rings Research,264ca70e.qasm,64,9.345842,0.0804,0.0272
Quantum Rings Research,264ca70e.qasm,512,346.214052,0.0804,0.0251
Quantum Rings Research,27a012bc.qasm,16,0.573527,0.0199,0.0276
Quantum Rings Research,27a012bc.qasm,64,0.455149,0.0199,0.0259
Quantum Rings Research,27a012bc.qasm,512,0.458155,0.0199,0.0259
Quantum Rings Research,27dbf314.qasm,16,2818.474331,11.1585,0.0265
Quantum Rings Research,27dbf314.qasm,64,1176.326814,11.1585,0.0272
Quantum Rings Research,27dbf314.qasm,512,14400.000000,11.1585,0.0274
Quantum Rings Research,27e0ec8e.qasm,16,0.196511,0.0022,0.0254
Quantum Rings Research,27e0ec8e.qasm,64,0.515381,0.0022,0.0248
Quantum Rings Research,27e0ec8e.qasm,512,0.201602,0.0022,0.0272
Quantum Rings Research,2818a462.qasm,16,0.182075,0.0017,0.0145
Quantum Rings Research,2818a462.qasm,64,0.478387,0.0017,0.0256
Quantum Rings Research,2818a462.qasm,512,0.194779,0.0017,0.0274
Quantum Rings Research,28f914b0.qasm,16,0.195122,0.0023,0.0264
Quantum Rings Research,28f914b0.qasm,64,0.272044,0.0023,0.0263
Quantum Rings Research,28f914b0.qasm,512,0.200833,0.0023,0.0273
Quantum Rings Research,29886bb3.qasm,16,1.117519,0.0335,0.0271
Quantum Rings Research,29886bb3.qasm,64,2.290329,0.0335,0.0264
Quantum Rings Research,29886bb3.qasm,512,23.055281,0.0335,0.0272
Quantum Rings Research,29a887f9.qasm,16,1.322225,0.0121,0.0258
Quantum Rings Research,29a887f9.qasm,64,0.257334,0.0121,0.0257
Quantum Rings Research,29a887f9.qasm,512,139.775949,0.0121,0.0250
Quantum Rings Research,2a04dd73.qasm,16,2960.128784,10.5509,0.0281
Quantum Rings Research,2a04dd73.qasm,64,3073.612971,10.5509,0.0274
Quantum Rings Research,2a04dd73.qasm,512,14371.915360,10.5509,0.0262
Quantum Rings Research,2a0e53ef.qasm,16,2.352299,0.0076,0.0270
Quantum Rings Research,2a0e53ef.qasm,64,8.008378,0.0076,0.0249
Quantum Rings Research,2a0e53ef.qasm,512,270.972812,0.0076,0.0255
Quantum Rings Research,2a48defb.qasm,16,1.162248,0.0015,0.0144
Quantum Rings Research,2a48defb.qasm,64,1.124721,0.0015,0.0254
Quantum Rings Research,2a48defb.qasm,512,1.152464,0.0015,0.0147
Quantum Rings Research,2af6859b.qasm,16,1.691388,0.0858,0.0274
Quantum Rings Research,2af6859b.qasm,64,10.474273,0.0858,0.0271
Quantum Rings Research,2af6859b.qasm,512,406.769657,0.0858,0.0266
Quantum Rings Research,2afe3d2e.qasm,16,23169.127298,1.6478,0.0257
Quantum Rings Research,2afe3d2e.qasm,64,24292.804725,1.6478,0.0268
Quantum Rings Research,2afe3d2e.qasm,512,2430.622084,1.6478,0.0271
Quantum Rings Research,2b148d98.qasm,16,1.725072,0.0848,0.0254
Quantum Rings Research,2b148d98.qasm,64,12.214864,0.0848,0.0250
Quantum Rings Research,2b148d98.qasm,512,462.708569,0.0848,0.0273
Quantum Rings Research,2b2951ed.qasm,16,2.008685,0.0891,0.0272
Quantum Rings Research,2b2951ed.qasm,64,11.415504,0.0891,0.0257
Quantum Rings Research,2b2951ed.qasm,512,448.021062,0.0891,0.0274
Quantum Rings Research,2bc3295c.qasm,16,1.307651,0.0071,0.0263
Quantum Rings Research,2bc3295c.qasm,64,2.047045,0.0071,0.0246
Quantum Rings Research,2bc3295c.qasm,512,222.559647,0.0071,0.0269
Quantum Rings Research,2cbfff1b.qasm,16,1.639686,0.0717,0.0257
Quantum Rings Research,2cbfff1b.qasm,64,7.725115,0.0717,0.0141
Quantum Rings Research,2cbfff1b.qasm,512,259.741655,0.0717,0.0271
Quantum Rings Research,2cedce95.qasm,16,2.059362,0.0927,0.0255
Quantum Rings Research,2cedce95.qasm,64,12.123679,0.0927,0.0245
Quantum Rings Research,2cedce95.qasm,512,487.682567,0.0927,0.0235
Quantum Rings Research,2d399444.qasm,16,0.218869,0.0004,0.0144
Quantum Rings Research,2d399444.qasm,64,0.190563,0.0004,0.0267
Quantum Rings Research,2d399444.qasm,512,0.198791,0.0004,0.0148
Quantum Rings Research,2ea1bf91.qasm,16,4.613295,0.0349,0.0263
Quantum Rings Research,2ea1bf91.qasm,64,0.194440,0.0349,0.0259
Quantum Rings Research,2ea1bf91.qasm,512,7.657305,0.0349,0.0264
Quantum Rings Research,3026aed7.qasm,16,2.656907,0.1298,0.0273
Quantum Rings Research,3026aed7.qasm,64,21.035143,0.1298,0.0268
Quantum Rings Research,3026aed7.qasm,512,1014.790372,0.1298,0.0262
Quantum Rings Research,306ac152.qasm,16,0.176955,0.0086,0.0271
Quantum Rings Research,306ac152.qasm,64,4.868106,0.0086,0.0271
Quantum Rings Research,306ac152.qasm,512,0.199513,0.0086,0.0260
Quantum Rings Research,3099a023.qasm,16,0.190177,0.0019,0.0274
Quantum Rings Research,3099a023.qasm,64,0.169788,0.0019,0.0271
Quantum Rings Research,3099a023.qasm,512,0.174403,0.0019,0.0264
Quantum Rings Research,31b8fb3c.qasm,16,0.514347,0.0267,0.0282
Quantum Rings Research,31b8fb3c.qasm,64,0.765247,0.0267,0.0276
Quantum Rings Research,31b8fb3c.qasm,512,0.588748,0.0267,0.0271
Quantum Rings Research,31fd025e.qasm,16,1.630851,0.0718,0.0277
Quantum Rings Research,31fd025e.qasm,64,7.683289,0.0718,0.0255
Quantum Rings Research,31fd025e.qasm,512,262.141126,0.0718,0.0274
Quantum Rings Research,320de9fb.qasm,16,48.431581,0.4058,0.0264
Quantum Rings Research,320de9fb.qasm,64,202.845956,0.4058,0.0246
Quantum Rings Research,320de9fb.qasm,512,10815.606494,0.4058,0.0253
Quantum Rings Research,32de9cc1.qasm,16,1.102713,0.0344,0.0252
Quantum Rings Research,32de9cc1.qasm,64,2.264631,0.0344,0.0271
Quantum Rings Research,32de9cc1.qasm,512,22.470903,0.0344,0.0250
Quantum Rings Research,32f44532.qasm,16,9.659145,0.0995,0.0260
Quantum Rings Research,32f44532.qasm,64,0.323661,0.0995,0.0274
Quantum Rings Research,32f44532.qasm,512,40.505901,0.0995,0.0268
Quantum Rings Research,336f664c.qasm,16,0.185603,0.0047,0.0269
Quantum Rings Research,336f664c.qasm,64,0.865165,0.0047,0.0277
Quantum Rings Research,336f664c.qasm,512,0.231757,0.0047,0.0274
Quantum Rings Research,33a2f9be.qasm,16,1.023540,0.0488,0.0270
Quantum Rings Research,33a2f9be.qasm,64,4.301400,0.0488,0.0251
Quantum Rings Research,33a2f9be.qasm,512,93.743406,0.0488,0.0250
Quantum Rings Research,33c62fb8.qasm,16,32.270200,0.4361,0.0274
Quantum Rings Research,33c62fb8.qasm,64,16.016492,0.4361,0.0267
Quantum Rings Research,33c62fb8.qasm,512,26.331210,0.4361,0.0249
Quantum Rings Research,3436484d.qasm,16,1.389944,0.0570,0.0253
Quantum Rings Research,3436484d.qasm,64,5.707587,0.0570,0.0250
Quantum Rings Research,3436484d.qasm,512,132.197829,0.0570,0.0248
Quantum Rings Research,36d0ea8f.qasm,16,0.196510,0.0021,0.0274
Quantum Rings Research,36d0ea8f.qasm,64,0.512269,0.0021,0.0265
Quantum Rings Research,36d0ea8f.qasm,512,0.203912,0.0021,0.0264
Quantum Rings Research,36e23777.qasm,16,1.400290,0.0685,0.0275
Quantum Rings Research,36e23777.qasm,64,7.936564,0.0685,0.0253
Quantum Rings Research,36e23777.qasm,512,291.366707,0.0685,0.0265
Quantum Rings Research,371eea68.qasm,16,0.182170,0.0013,0.0252
Quantum Rings Research,371eea68.qasm,64,0.277172,0.0013,0.0142
Quantum Rings Research,371eea68.qasm,512,0.203305,0.0013,0.0258
Quantum Rings Research,376d7d92.qasm,16,0.187381,0.0034,0.0266
Quantum Rings Research,376d7d92.qasm,64,2.629492,0.0034,0.0274
Quantum Rings Research,376d7d92.qasm,512,0.176741,0.0034,0.0270
Quantum Rings Research,37bd268c.qasm,16,0.237402,0.0052,0.0249
Quantum Rings Research,37bd268c.qasm,64,1.101316,0.0052,0.0259
Quantum Rings Research,37bd268c.qasm,512,0.233722,0.0052,0.0257
Quantum Rings Research,3814b0b9.qasm,16,137.758070,0.5593,0.0250
Quantum Rings Research,3814b0b9.qasm,64,232.992337,0.5593,0.0258
Quantum Rings Research,3814b0b9.qasm,512,8764.969650,0.5593,0.0271
Quantum Rings Research,383bbcad.qasm,16,0.189778,0.0009,0.0272
Quantum Rings Research,383bbcad.qasm,64,0.606352,0.0009,0.0252
Quantum Rings Research,383bbcad.qasm,512,0.192702,0.0009,0.0257
Quantum Rings Research,3841ff5b.qasm,16,2.002166,0.1023,0.0263
Quantum Rings Research,3841ff5b.qasm,64,15.204845,0.1023,0.0260
Quantum Rings Research,3841ff5b.qasm,512,698.510313,0.1023,0.0271
Quantum Rings Research,385fa1b6.qasm,16,3.488407,0.0320,0.0280
Quantum Rings Research,385fa1b6.qasm,64,3.644141,0.0320,0.0265
Quantum Rings Research,385fa1b6.qasm,512,3.571160,0.0320,0.0271
Quantum Rings Research,386534f5.qasm,16,1.789024,0.0828,0.0281
Quantum Rings Research,386534f5.qasm,64,10.001802,0.0828,0.0272
Quantum Rings Research,386534f5.qasm,512,376.575356,0.0828,0.0250
Quantum Rings Research,3a8d3e53.qasm,16,0.463625,0.0692,0.0271
Quantum Rings Research,3a8d3e53.qasm,64,1.068878,0.0692,0.0267
Quantum Rings Research,3a8d3e53.qasm,512,0.434116,0.0692,0.0257
Quantum Rings Research,3be98d6c.qasm,16,3.010616,0.0042,0.0272
Quantum Rings Research,3be98d6c.qasm,64,20.142447,0.0042,0.0271
Quantum Rings Research,3be98d6c.qasm,512,537.604384,0.0042,0.0262
Quantum Rings Research,3c1f4948.qasm,16,0.186005,0.0030,0.0260
Quantum Rings Research,3c1f4948.qasm,64,0.197489,0.0030,0.0255
Quantum Rings Research,3c1f4948.qasm,512,0.186014,0.0030,0.0267
Quantum Rings Research,3c2f55c1.qasm,16,9127.283213,0.2014,0.0272
Quantum Rings Research,3c2f55c1.qasm,64,10425.449907,0.2014,0.0266
Quantum Rings Research,3c2f55c1.qasm,512,855.698423,0.2014,0.0265
Quantum Rings Research,3c890561.qasm,16,12.753670,0.0312,0.0267
Quantum Rings Research,3c890561.qasm,64,1.442531,0.0312,0.0250
Quantum Rings Research,3c890561.qasm,512,13.946436,0.0312,0.0272
Quantum Rings Research,3ccd19ee.qasm,16,2.045752,0.0929,0.0271
Quantum Rings Research,3ccd19ee.qasm,64,12.102583,0.0929,0.0266
Quantum Rings Research,3ccd19ee.qasm,512,481.894396,0.0929,0.0253
Quantum Rings Research,3db115f1.qasm,16,0.211370,0.0012,0.0273
Quantum Rings Research,3db115f1.qasm,64,0.270482,0.0012,0.0147
Quantum Rings Research,3db115f1.qasm,512,0.178117,0.0012,0.0254
Quantum Rings Research,3e2fde05.qasm,16,1.458590,0.0744,0.0273
Quantum Rings Research,3e2fde05.qasm,64,8.455760,0.0744,0.0265
Quantum Rings Research,3e2fde05.qasm,512,311.924630,0.0744,0.0266
Quantum Rings Research,3e730381.qasm,16,0.173221,0.0011,0.0140
Quantum Rings Research,3e730381.qasm,64,1.393474,0.0011,0.0263
Quantum Rings Research,3e730381.qasm,512,0.204066,0.0011,0.0240
Quantum Rings Research,3eb6cff0.qasm,16,12.934124,2.7877,0.0255
Quantum Rings Research,3eb6cff0.qasm,64,12.605500,2.7877,0.0262
Quantum Rings Research,3eb6cff0.qasm,512,10.340763,2.7877,0.0262
Quantum Rings Research,3eca4614.qasm,16,1.790091,0.0845,0.0269
Quantum Rings Research,3eca4614.qasm,64,9.970871,0.0845,0.0270
Quantum Rings Research,3eca4614.qasm,512,375.343648,0.0845,0.0142
Quantum Rings Research,3ee85ccf.qasm,16,1.082358,0.0349,0.0264
Quantum Rings Research,3ee85ccf.qasm,64,2.567880,0.0349,0.0273
Quantum Rings Research,3ee85ccf.qasm,512,35.144273,0.0349,0.0146
Quantum Rings Research,3f072f57.qasm,16,1.174456,0.0473,0.0267
Quantum Rings Research,3f072f57.qasm,64,4.296874,0.0473,0.0267
Quantum Rings Research,3f072f57.qasm,512,94.165934,0.0473,0.0266
Quantum Rings Research,3f858470.qasm,16,0.484042,0.0713,0.0262
Quantum Rings Research,3f858470.qasm,64,0.634786,0.0713,0.0255
Quantum Rings Research,3f858470.qasm,512,0.486685,0.0713,0.0252
Quantum Rings Research,40b719e2.qasm,16,275.172714,1.2031,0.0144
Quantum Rings Research,40b719e2.qasm,64,372.759290,1.2031,0.0255
Quantum Rings Research,40b719e2.qasm,512,13995.915215,1.2031,0.0276
Quantum Rings Research,40e78b26.qasm,16,0.185849,0.0008,0.0264
Quantum Rings Research,40e78b26.qasm,64,0.180956,0.0008,0.0269
Quantum Rings Research,40e78b26.qasm,512,0.194147,0.0008,0.0250
Quantum Rings Research,41bd27aa.qasm,16,1.202042,0.0049,0.0250
Quantum Rings Research,41bd27aa.qasm,64,4.791058,0.0049,0.0272
Quantum Rings Research,41bd27aa.qasm,512,139.142902,0.0049,0.0257
Quantum Rings Research,42a256ea.qasm,16,1.731264,0.0799,0.0261
Quantum Rings Research,42a256ea.qasm,64,10.101876,0.0799,0.0253
Quantum Rings Research,42a256ea.qasm,512,403.359740,0.0799,0.0255
Quantum Rings Research,42a71e24.qasm,16,16.930035,0.0456,0.0270
Quantum Rings Research,42a71e24.qasm,64,26.534037,0.0456,0.0271
Quantum Rings Research,42a71e24.qasm,512,1692.405172,0.0456,0.0274
Quantum Rings Research,42fa6cae.qasm,16,1.902702,0.0972,0.0276
Quantum Rings Research,42fa6cae.qasm,64,14.036008,0.0972,0.0265
Quantum Rings Research,42fa6cae.qasm,512,554.760905,0.0972,0.0271
Quantum Rings Research,43168c33.qasm,16,0.180678,0.0005,0.0272
Quantum Rings Research,43168c33.qasm,64,0.177384,0.0005,0.0270
Quantum Rings Research,43168c33.qasm,512,0.179521,0.0005,0.0270
Quantum Rings Research,4318a3ef.qasm,16,1.565880,0.0702,0.0269
Quantum Rings Research,4318a3ef.qasm,64,7.677770,0.0702,0.0270
Quantum Rings Research,4318a3ef.qasm,512,261.442368,0.0702,0.0254
Quantum Rings Research,4327c91d.qasm,16,1.771736,0.0846,0.0247
Quantum Rings Research,4327c91d.qasm,64,12.259640,0.0846,0.0267
Quantum Rings Research,4327c91d.qasm,512,467.971146,0.0846,0.0264
Quantum Rings Research,432efc30.qasm,16,0.189505,0.0008,0.0269
Quantum Rings Research,432efc30.qasm,64,0.179934,0.0008,0.0251
Quantum Rings Research,432efc30.qasm,512,0.184444,0.0008,0.0268
Quantum Rings Research,445caba2.qasm,16,0.185466,0.0008,0.0269
Quantum Rings Research,445caba2.qasm,64,0.170499,0.0008,0.0263
Quantum Rings Research,445caba2.qasm,512,0.177177,0.0008,0.0270
Quantum Rings Research,448ebca1.qasm,16,0.187845,0.0016,0.0267
Quantum Rings Research,448ebca1.qasm,64,0.262933,0.0016,0.0267
Quantum Rings Research,448ebca1.qasm,512,0.198445,0.0016,0.0252
Quantum Rings Research,46073cb3.qasm,16,70.166404,7.5489,0.0270
Quantum Rings Research,46073cb3.qasm,64,34.741395,7.5489,0.0272
Quantum Rings Research,46073cb3.qasm,512,78.821196,7.5489,0.0257
Quantum Rings Research,46188cf9.qasm,16,2.043836,0.0928,0.0263
Quantum Rings Research,46188cf9.qasm,64,12.127802,0.0928,0.0264
Quantum Rings Research,46188cf9.qasm,512,494.664609,0.0928,0.0271
Quantum Rings Research,46de7f9b.qasm,16,6.504059,0.0814,0.0271
Quantum Rings Research,46de7f9b.qasm,64,0.180799,0.0814,0.0271
Quantum Rings Research,46de7f9b.qasm,512,32.506404,0.0814,0.0255
Quantum Rings Research,4737100f.qasm,16,120.178217,0.1654,0.0250
Quantum Rings Research,4737100f.qasm,64,199.050555,0.1654,0.0271
Quantum Rings Research,4737100f.qasm,512,13832.762324,0.1654,0.0269
Quantum Rings Research,474aa01a.qasm,16,1.734575,0.0871,0.0277
Quantum Rings Research,474aa01a.qasm,64,12.659910,0.0871,0.0261
Quantum Rings Research,474aa01a.qasm,512,584.829765,0.0871,0.0250
Quantum Rings Research,4846208f.qasm,16,2.003326,0.0011,0.0274
Quantum Rings Research,4846208f.qasm,64,0.405587,0.0011,0.0265
Quantum Rings Research,4846208f.qasm,512,0.352637,0.0011,0.0269
Quantum Rings Research,4a262567.qasm,16,1.796078,0.0822,0.0274
Quantum Rings Research,4a262567.qasm,64,9.998944,0.0822,0.0268
Quantum Rings Research,4a262567.qasm,512,374.831483,0.0822,0.0260
Quantum Rings Research,4a5eba47.qasm,16,0.182777,0.0058,0.0273
Quantum Rings Research,4a5eba47.qasm,64,4.962957,0.0058,0.0274
Quantum Rings Research,4a5eba47.qasm,512,0.183198,0.0058,0.0272
Quantum Rings Research,4ae57e38.qasm,16,9.903947,0.0157,0.0270
Quantum Rings Research,4ae57e38.qasm,64,3.418012,0.0157,0.0254
Quantum Rings Research,4ae57e38.qasm,512,43.333725,0.0157,0.0247
Quantum Rings Research,4cbdcf4f.qasm,16,1.201020,0.0434,0.0272
Quantum Rings Research,4cbdcf4f.qasm,64,4.149159,0.0434,0.0270
Quantum Rings Research,4cbdcf4f.qasm,512,94.188970,0.0434,0.0251
Quantum Rings Research,4d59437e.qasm,16,14400.000000,4.4431,0.0278
Quantum Rings Research,4d59437e.qasm,64,14581.533497,4.4431,0.0267
Quantum Rings Research,4d59437e.qasm,512,2327.560988,4.4431,0.0266
Quantum Rings Research,4d78cdd5.qasm,16,0.193658,0.0004,0.0272
Quantum Rings Research,4d78cdd5.qasm,64,0.178956,0.0004,0.0248
Quantum Rings Research,4d78cdd5.qasm,512,0.181779,0.0004,0.0273
Quantum Rings Research,4dc2ff13.qasm,16,0.181537,0.0008,0.0269
Quantum Rings Research,4dc2ff13.qasm,64,0.597889,0.0008,0.0272
Quantum Rings Research,4dc2ff13.qasm,512,0.185656,0.0008,0.0268
Quantum Rings Research,4e8df7a8.qasm,16,14534.636985,11.6830,0.0258
Quantum Rings Research,4e8df7a8.qasm,64,14405.098784,11.6830,0.0272
Quantum Rings Research,4e8df7a8.qasm,512,3285.403443,11.6830,0.0269
Quantum Rings Research,4f476879.qasm,16,1.114124,0.0509,0.0267
Quantum Rings Research,4f476879.qasm,64,5.099488,0.0509,0.0268
Quantum Rings Research,4f476879.qasm,512,147.848225,0.0509,0.0273
Quantum Rings Research,4f48ab57.qasm,16,0.531394,0.0028,0.0267
Quantum Rings Research,4f48ab57.qasm,64,0.443892,0.0028,0.0273
Quantum Rings Research,4f48ab57.qasm,512,1.046965,0.0028,0.0270
Quantum Rings Research,4f9a3ab1.qasm,16,0.180142,0.0012,0.0274
Quantum Rings Research,4f9a3ab1.qasm,64,0.276951,0.0012,0.0268
Quantum Rings Research,4f9a3ab1.qasm,512,0.177754,0.0012,0.0272
Quantum Rings Research,4fd60583.qasm,16,75.038036,1.7979,0.0257
Quantum Rings Research,4fd60583.qasm,64,4.038541,1.7979,0.0245
Quantum Rings Research,4fd60583.qasm,512,859.338027,1.7979,0.0270
Quantum Rings Research,4ffb1090.qasm,16,2.134874,0.6084,0.0274
Quantum Rings Research,4ffb1090.qasm,64,2.598130,0.6084,0.0273
Quantum Rings Research,4ffb1090.qasm,512,2.035894,0.6084,0.0271
Quantum Rings Research,5050d142.qasm,16,0.228711,0.0011,0.0264
Quantum Rings Research,5050d142.qasm,64,1.878100,0.0011,0.0251
Quantum Rings Research,5050d142.qasm,512,1.507150,0.0011,0.0263
Quantum Rings Research,51b16166.qasm,16,1.203420,0.0437,0.0267
Quantum Rings Research,51b16166.qasm,64,4.166437,0.0437,0.0274
Quantum Rings Research,51b16166.qasm,512,92.117425,0.0437,0.0270
Quantum Rings Research,51b543de.qasm,16,3.036129,0.1468,0.0267
Quantum Rings Research,51b543de.qasm,64,23.810336,0.1468,0.0255
Quantum Rings Research,51b543de.qasm,512,1071.082408,0.1468,0.0275
Quantum Rings Research,52b00428.qasm,16,2.004828,0.1018,0.0278
Quantum Rings Research,52b00428.qasm,64,10.786553,0.1018,0.0259
Quantum Rings Research,52b00428.qasm,512,694.329392,0.1018,0.0253
Quantum Rings Research,53442dc5.qasm,16,0.182026,0.0009,0.0269
Quantum Rings Research,53442dc5.qasm,64,0.225358,0.0009,0.0264
Quantum Rings Research,53442dc5.qasm,512,0.191225,0.0009,0.0252
Quantum Rings Research,5357322a.qasm,16,2.057439,0.0239,0.0275
Quantum Rings Research,5357322a.qasm,64,0.175724,0.0239,0.0272
Quantum Rings Research,5357322a.qasm,512,3.894170,0.0239,0.0266
Quantum Rings Research,5385a9e9.qasm,16,1.703981,0.0858,0.0271
Quantum Rings Research,5385a9e9.qasm,64,10.522140,0.0858,0.0269
Quantum Rings Research,5385a9e9.qasm,512,405.465362,0.0858,0.0275
Quantum Rings Research,53e971c2.qasm,16,0.178023,0.0016,0.0246
Quantum Rings Research,53e971c2.qasm,64,0.178449,0.0016,0.0262
Quantum Rings Research,53e971c2.qasm,512,0.185537,0.0016,0.0270
Quantum Rings Research,54c8f710.qasm,16,0.532605,0.0005,0.0277
Quantum Rings Research,54c8f710.qasm,64,0.559396,0.0005,0.0250
Quantum Rings Research,54c8f710.qasm,512,0.536164,0.0005,0.0142
Quantum Rings Research,54f0b8c5.qasm,16,0.205222,0.0065,0.0252
Quantum Rings Research,54f0b8c5.qasm,64,0.282248,0.0065,0.0267
Quantum Rings Research,54f0b8c5.qasm,512,0.277528,0.0065,0.0269
Quantum Rings Research,551cc6ea.qasm,16,3.581996,0.0252,0.0262
Quantum Rings Research,551cc6ea.qasm,64,0.947601,0.0252,0.0142
Quantum Rings Research,551cc6ea.qasm,512,971.158804,0.0252,0.0275
Quantum Rings Research,568c1ef9.qasm,16,0.195051,0.0012,0.0267
Quantum Rings Research,568c1ef9.qasm,64,0.240875,0.0012,0.0257
Quantum Rings Research,568c1ef9.qasm,512,0.190339,0.0012,0.0271
Quantum Rings Research,574915eb.qasm,16,1.570218,0.0044,0.0244
Quantum Rings Research,574915eb.qasm,64,6.731952,0.0044,0.0271
Quantum Rings Research,574915eb.qasm,512,225.439959,0.0044,0.0271
Quantum Rings Research,577f5adb.qasm,16,1.139508,0.0029,0.0246
Quantum Rings Research,577f5adb.qasm,64,5.537633,0.0029,0.0262
Quantum Rings Research,577f5adb.qasm,512,1.549049,0.0029,0.0260
Quantum Rings Research,587be285.qasm,16,1.388617,0.0672,0.0150
Quantum Rings Research,587be285.qasm,64,7.947052,0.0672,0.0270
Quantum Rings Research,587be285.qasm,512,286.849646,0.0672,0.0252
Quantum Rings Research,588e0101.qasm,16,0.260448,0.0018,0.0269
Quantum Rings Research,588e0101.qasm,64,0.537174,0.0018,0.0272
Quantum Rings Research,588e0101.qasm,512,7.778138,0.0018,0.0260
Quantum Rings Research,591d39f6.qasm,16,2.676294,0.1339,0.0272
Quantum Rings Research,591d39f6.qasm,64,20.964865,0.1339,0.0276
Quantum Rings Research,591d39f6.qasm,512,986.640602,0.1339,0.0261
Quantum Rings Research,59267ce4.qasm,16,0.221211,0.0009,0.0146
Quantum Rings Research,59267ce4.qasm,64,0.311699,0.0009,0.0259
Quantum Rings Research,59267ce4.qasm,512,0.229582,0.0009,0.0251
Quantum Rings Research,5a4964e2.qasm,16,3.045550,0.1488,0.0272
Quantum Rings Research,5a4964e2.qasm,64,23.794411,0.1488,0.0262
Quantum Rings Research,5a4964e2.qasm,512,1018.077244,0.1488,0.0270
Quantum Rings Research,5a741dbe.qasm,16,262.566647,0.0040,0.0263
Quantum Rings Research,5a741dbe.qasm,64,131.391416,0.0040,0.0143
Quantum Rings Research,5a741dbe.qasm,512,13.979167,0.0040,0.0143
Quantum Rings Research,5a9f20b0.qasm,16,1.969698,0.0998,0.0272
Quantum Rings Research,5a9f20b0.qasm,64,14.191771,0.0998,0.0273
Quantum Rings Research,5a9f20b0.qasm,512,557.019556,0.0998,0.0270
Quantum Rings Research,5b419375.qasm,16,5.215319,0.0087,0.0261
Quantum Rings Research,5b419375.qasm,64,18.137576,0.0087,0.0251
Quantum Rings Research,5b419375.qasm,512,771.508846,0.0087,0.0275
Quantum Rings Research,5b482142.qasm,16,0.182356,0.0004,0.0249
Quantum Rings Research,5b482142.qasm,64,0.177541,0.0004,0.0270
Quantum Rings Research,5b482142.qasm,512,0.181768,0.0004,0.0144
Quantum Rings Research,5b58ce32.qasm,16,0.219861,0.0008,0.0246
Quantum Rings Research,5b58ce32.qasm,64,0.184388,0.0008,0.0270
Quantum Rings Research,5b58ce32.qasm,512,0.184520,0.0008,0.0260
Quantum Rings Research,5c176f37.qasm,16,1.929386,0.0143,0.0272
Quantum Rings Research,5c176f37.qasm,64,0.436914,0.0143,0.0253
Quantum Rings Research,5c176f37.qasm,512,246.988945,0.0143,0.0247
Quantum Rings Research,5c2359c8.qasm,16,14.616731,0.0579,0.0265
Quantum Rings Research,5c2359c8.qasm,64,1.288505,0.0579,0.0269
Quantum Rings Research,5c2359c8.qasm,512,24.987677,0.0579,0.0274
Quantum Rings Research,5cfcb9cd.qasm,16,44.966305,0.0442,0.0272
Quantum Rings Research,5cfcb9cd.qasm,64,44.420389,0.0442,0.0271
Quantum Rings Research,5cfcb9cd.qasm,512,42.919244,0.0442,0.0277
Quantum Rings Research,5d14d092.qasm,16,1.851865,0.0869,0.0248
Quantum Rings Research,5d14d092.qasm,64,10.696970,0.0869,0.0268
Quantum Rings Research,5d14d092.qasm,512,446.791406,0.0869,0.0268
Quantum Rings Research,5d2b11a2.qasm,16,1.754702,0.0886,0.0272
Quantum Rings Research,5d2b11a2.qasm,64,9.533835,0.0886,0.0251
Quantum Rings Research,5d2b11a2.qasm,512,575.046883,0.0886,0.0266
Quantum Rings Research,5d565485.qasm,16,1.756944,0.0880,0.0254
Quantum Rings Research,5d565485.qasm,64,12.887615,0.0880,0.0259
Quantum Rings Research,5d565485.qasm,512,582.295161,0.0880,0.0271
Quantum Rings Research,5da1db4b.qasm,16,1.664046,0.0787,0.0276
Quantum Rings Research,5da1db4b.qasm,64,9.456798,0.0787,0.0258
Quantum Rings Research,5da1db4b.qasm,512,339.342847,0.0787,0.0266
Quantum Rings Research,5e3dc35d.qasm,16,0.176571,0.0007,0.0270
Quantum Rings Research,5e3dc35d.qasm,64,0.167088,0.0007,0.0249
Quantum Rings Research,5e3dc35d.qasm,512,0.180265,0.0007,0.0261
Quantum Rings Research,5e4c8439.qasm,16,1.100281,0.0355,0.0271
Quantum Rings Research,5e4c8439.qasm,64,2.538129,0.0355,0.0262
Quantum Rings Research,5e4c8439.qasm,512,34.285235,0.0355,0.0265
Quantum Rings Research,5e6b0a76.qasm,16,1.136402,0.0010,0.0270
Quantum Rings Research,5e6b0a76.qasm,64,0.744477,0.0010,0.0257
Quantum Rings Research,5e6b0a76.qasm,512,0.544077,0.0010,0.0266
Quantum Rings Research,5eaee29f.qasm,16,0.772631,0.0038,0.0270
Quantum Rings Research,5eaee29f.qasm,64,0.246226,0.0038,0.0273
Quantum Rings Research,5eaee29f.qasm,512,0.746997,0.0038,0.0268
Quantum Rings Research,5ed4dd47.qasm,16,0.177525,0.0006,0.0269
Quantum Rings Research,5ed4dd47.qasm,64,0.168912,0.0006,0.0271
Quantum Rings Research,5ed4dd47.qasm,512,0.172882,0.0006,0.0271
Quantum Rings Research,5ee9c404.qasm,16,0.433903,0.0022,0.0258
Quantum Rings Research,5ee9c404.qasm,64,0.342419,0.0022,0.0271
Quantum Rings Research,5ee9c404.qasm,512,0.401201,0.0022,0.0272
Quantum Rings Research,5ef5ff7c.qasm,16,1.962583,0.1009,0.0247
Quantum Rings Research,5ef5ff7c.qasm,64,14.167278,0.1009,0.0249
Quantum Rings Research,5ef5ff7c.qasm,512,553.520648,0.1009,0.0251
Quantum Rings Research,5f0ad979.qasm,16,1.436115,0.0757,0.0259
Quantum Rings Research,5f0ad979.qasm,64,8.515924,0.0757,0.0274
Quantum Rings Research,5f0ad979.qasm,512,309.367258,0.0757,0.0270
Quantum Rings Research,5f39af5c.qasm,16,1.216357,0.0015,0.0255
Quantum Rings Research,5f39af5c.qasm,64,1.210987,0.0015,0.0144
Quantum Rings Research,5f39af5c.qasm,512,1.218760,0.0015,0.0257
Quantum Rings Research,5f6a8a9b.qasm,16,0.212843,0.0014,0.0271
Quantum Rings Research,5f6a8a9b.qasm,64,0.179760,0.0014,0.0244
Quantum Rings Research,5f6a8a9b.qasm,512,0.213834,0.0014,0.0258
Quantum Rings Research,5f79d6db.qasm,16,1.438091,0.0750,0.0265
Quantum Rings Research,5f79d6db.qasm,64,8.460410,0.0750,0.0273
Quantum Rings Research,5f79d6db.qasm,512,310.708072,0.0750,0.0269
Quantum Rings Research,613afa2d.qasm,16,1.167858,0.0513,0.0280
Quantum Rings Research,613afa2d.qasm,64,4.298678,0.0513,0.0259
Quantum Rings Research,613afa2d.qasm,512,93.974573,0.0513,0.0267
Quantum Rings Research,622c4417.qasm,16,1.903136,0.1016,0.0145
Quantum Rings Research,622c4417.qasm,64,14.173244,0.1016,0.0259
Quantum Rings Research,622c4417.qasm,512,550.400397,0.1016,0.0269
Quantum Rings Research,635bd24f.qasm,16,9.650798,0.0995,0.0241
Quantum Rings Research,635bd24f.qasm,64,0.330375,0.0995,0.0249
Quantum Rings Research,635bd24f.qasm,512,40.505901,0.0995,0.0273
Quantum Rings Research,637811d8.qasm,16,1.978894,0.0923,0.0278
Quantum Rings Research,637811d8.qasm,64,11.463739,0.0923,0.0272
Quantum Rings Research,637811d8.qasm,512,433.053917,0.0923,0.0241
Quantum Rings Research,63aaa50d.qasm,16,0.196310,0.0067,0.0274
Quantum Rings Research,63aaa50d.qasm,64,0.304969,0.0067,0.0267
Quantum Rings Research,63aaa50d.qasm,512,0.202428,0.0067,0.0259
Quantum Rings Research,64273f69.qasm,16,1.399276,0.0687,0.0269
Quantum Rings Research,64273f69.qasm,64,7.964799,0.0687,0.0256
Quantum Rings Research,64273f69.qasm,512,285.812521,0.0687,0.0266
Quantum Rings Research,6457f235.qasm,16,0.254945,0.0019,0.0271
Quantum Rings Research,6457f235.qasm,64,0.988519,0.0019,0.0270
Quantum Rings Research,6457f235.qasm,512,14.436280,0.0019,0.0274
Quantum Rings Research,64731b8d.qasm,16,2.053113,0.0960,0.0255
Quantum Rings Research,64731b8d.qasm,64,12.607535,0.0960,0.0274
Quantum Rings Research,64731b8d.qasm,512,486.134962,0.0960,0.0272
Quantum Rings Research,64f32748.qasm,16,1.996327,0.0909,0.0274
Quantum Rings Research,64f32748.qasm,64,11.506885,0.0909,0.0241
Quantum Rings Research,64f32748.qasm,512,437.266099,0.0909,0.0272
Quantum Rings Research,6533abd6.qasm,16,3193.875603,0.8746,0.0250
Quantum Rings Research,6533abd6.qasm,64,464.936043,0.8746,0.0253
Quantum Rings Research,6533abd6.qasm,512,10288.420120,0.8746,0.0256
Quantum Rings Research,65dcd512.qasm,16,0.558830,0.0078,0.0249
Quantum Rings Research,65dcd512.qasm,64,0.481514,0.0078,0.0272
Quantum Rings Research,65dcd512.qasm,512,0.539533,0.0078,0.0257
Quantum Rings Research,661be484.qasm,16,740.307470,3.5974,0.0276
Quantum Rings Research,661be484.qasm,64,600.934250,3.5974,0.0269
Quantum Rings Research,661be484.qasm,512,14398.606970,3.5974,0.0257
Quantum Rings Research,66343f14.qasm,16,0.184716,0.0004,0.0252
Quantum Rings Research,66343f14.qasm,64,0.179350,0.0004,0.0269
Quantum Rings Research,66343f14.qasm,512,0.181362,0.0004,0.0141
Quantum Rings Research,6694b099.qasm,16,13.963871,0.0160,0.0255
Quantum Rings Research,6694b099.qasm,64,13.777855,0.0160,0.0248
Quantum Rings Research,6694b099.qasm,512,13.703526,0.0160,0.0245
Quantum Rings Research,67346cae.qasm,16,0.175919,0.0005,0.0259
Quantum Rings Research,67346cae.qasm,64,0.160009,0.0005,0.0250
Quantum Rings Research,67346cae.qasm,512,0.168077,0.0005,0.0271
Quantum Rings Research,6740a375.qasm,16,0.173568,0.0052,0.0144
Quantum Rings Research,6740a375.qasm,64,9.876591,0.0052,0.0269
Quantum Rings Research,6740a375.qasm,512,0.188474,0.0052,0.0253
Quantum Rings Research,6785591a.qasm,16,0.207458,0.0015,0.0245
Quantum Rings Research,6785591a.qasm,64,1.037313,0.0015,0.0142
Quantum Rings Research,6785591a.qasm,512,0.214284,0.0015,0.0142
Quantum Rings Research,67b5fe45.qasm,16,330.387574,2.1513,0.0274
Quantum Rings Research,67b5fe45.qasm,64,129.581557,2.1513,0.0255
Quantum Rings Research,67b5fe45.qasm,512,1901.169355,2.1513,0.0272
Quantum Rings Research,67f3547d.qasm,16,1.374942,0.0009,0.0246
Quantum Rings Research,67f3547d.qasm,64,1.360888,0.0009,0.0271
Quantum Rings Research,67f3547d.qasm,512,1.428838,0.0009,0.0247
Quantum Rings Research,68528bdf.qasm,16,0.183328,0.0017,0.0268
Quantum Rings Research,68528bdf.qasm,64,0.169382,0.0017,0.0245
Quantum Rings Research,68528bdf.qasm,512,0.184816,0.0017,0.0263
Quantum Rings Research,699bd83c.qasm,16,790.817910,0.6198,0.0263
Quantum Rings Research,699bd83c.qasm,64,904.826460,0.6198,0.0250
Quantum Rings Research,699bd83c.qasm,512,14177.324170,0.6198,0.0251
Quantum Rings Research,69c7223c.qasm,16,1.031902,0.0055,0.0267
Quantum Rings Research,69c7223c.qasm,64,6.169365,0.0055,0.0142
Quantum Rings Research,69c7223c.qasm,512,286.147163,0.0055,0.0140
Quantum Rings Research,69c8191e.qasm,16,0.172376,0.0042,0.0257
Quantum Rings Research,69c8191e.qasm,64,1.058525,0.0042,0.0250
Quantum Rings Research,69c8191e.qasm,512,0.171934,0.0042,0.0246
Quantum Rings Research,69cf1b12.qasm,16,1.871626,0.0870,0.0249
Quantum Rings Research,69cf1b12.qasm,64,10.697615,0.0870,0.0142
Quantum Rings Research,69cf1b12.qasm,512,438.125074,0.0870,0.0139
Quantum Rings Research,69e799fa.qasm,16,1.729403,0.0814,0.0270
Quantum Rings Research,69e799fa.qasm,64,10.082718,0.0814,0.0263
Quantum Rings Research,69e799fa.qasm,512,405.131652,0.0814,0.0273
Quantum Rings Research,6a5034af.qasm,16,6.091569,0.4881,0.0274
Quantum Rings Research,6a5034af.qasm,64,4.831770,0.4881,0.0267
Quantum Rings Research,6a5034af.qasm,512,6.719509,0.4881,0.0266
Quantum Rings Research,6bc3891b.qasm,16,0.188982,0.0011,0.0266
Quantum Rings Research,6bc3891b.qasm,64,0.278882,0.0011,0.0144
Quantum Rings Research,6bc3891b.qasm,512,0.189922,0.0011,0.0142
Quantum Rings Research,6c69bcc7.qasm,16,1.872001,0.0915,0.0263
Quantum Rings Research,6c69bcc7.qasm,64,11.364538,0.0915,0.0247
Quantum Rings Research,6c69bcc7.qasm,512,467.232956,0.0915,0.0249
Quantum Rings Research,6c848dc7.qasm,16,0.182424,0.0013,0.0271
Quantum Rings Research,6c848dc7.qasm,64,0.307585,0.0013,0.0270
Quantum Rings Research,6c848dc7.qasm,512,0.185060,0.0013,0.0144
Quantum Rings Research,6d2833ea.qasm,16,1.869504,0.0860,0.0255
Quantum Rings Research,6d2833ea.qasm,64,10.650196,0.0860,0.0267
Quantum Rings Research,6d2833ea.qasm,512,440.656167,0.0860,0.0271
Quantum Rings Research,6da6ce61.qasm,16,2.599730,0.1262,0.0271
Quantum Rings Research,6da6ce61.qasm,64,18.412412,0.1262,0.0441
Quantum Rings Research,6da6ce61.qasm,512,706.459140,0.1262,0.0758
Quantum Rings Research,6de17b5a.qasm,16,10.516310,0.0143,0.0152
Quantum Rings Research,6de17b5a.qasm,64,34.518812,0.0143,0.0271
Quantum Rings Research,6de17b5a.qasm,512,1180.593046,0.0143,0.0264
Quantum Rings Research,6ee18f92.qasm,16,0.177507,0.0007,0.0246
Quantum Rings Research,6ee18f92.qasm,64,1.107663,0.0007,0.0243
Quantum Rings Research,6ee18f92.qasm,512,1.080690,0.0007,0.0258
Quantum Rings Research,6f16ddc6.qasm,16,0.180293,0.0005,0.0271
Quantum Rings Research,6f16ddc6.qasm,64,0.172025,0.0005,0.0263
Quantum Rings Research,6f16ddc6.qasm,512,0.175024,0.0005,0.0140
Quantum Rings Research,6f6328cc.qasm,16,6.426125,0.0822,0.0259
Quantum Rings Research,6f6328cc.qasm,64,0.226035,0.0822,0.0266
Quantum Rings Research,6f6328cc.qasm,512,33.464605,0.0822,0.0274
Quantum Rings Research,6fef948c.qasm,16,9.252855,0.2028,0.0252
Quantum Rings Research,6fef948c.qasm,64,0.811230,0.2028,0.0272
Quantum Rings Research,6fef948c.qasm,512,10.955609,0.2028,0.0279
Quantum Rings Research,700c376b.qasm,16,2.051525,0.0977,0.0147
Quantum Rings Research,700c376b.qasm,64,12.199095,0.0977,0.0248
Quantum Rings Research,700c376b.qasm,512,479.698908,0.0977,0.0271
Quantum Rings Research,7063be19.qasm,16,1.985559,0.1053,0.0262
Quantum Rings Research,7063be19.qasm,64,12.800010,0.1053,0.0272
Quantum Rings Research,7063be19.qasm,512,703.544034,0.1053,0.0271
Quantum Rings Research,70d5d461.qasm,16,6.202690,0.0265,0.0141
Quantum Rings Research,70d5d461.qasm,64,1.051760,0.0265,0.0141
Quantum Rings Research,70d5d461.qasm,512,89.967375,0.0265,0.0142
Quantum Rings Research,711cdd0b.qasm,16,1.531355,0.0669,0.0261
Quantum Rings Research,711cdd0b.qasm,64,6.918376,0.0669,0.0259
Quantum Rings Research,711cdd0b.qasm,512,203.667853,0.0669,0.0254
Quantum Rings Research,72b5f996.qasm,16,0.196526,0.0032,0.0278
Quantum Rings Research,72b5f996.qasm,64,0.643272,0.0032,0.0142
Quantum Rings Research,72b5f996.qasm,512,0.185130,0.0032,0.0270
Quantum Rings Research,72cc2f13.qasm,16,13.672934,0.3032,0.0271
Quantum Rings Research,72cc2f13.qasm,64,5.837154,0.3032,0.0267
Quantum Rings Research,72cc2f13.qasm,512,719.044109,0.3032,0.0141
Quantum Rings Research,72d8892d.qasm,16,1.017006,0.0024,0.0270
Quantum Rings Research,72d8892d.qasm,64,4.877534,0.0024,0.0257
Quantum Rings Research,72d8892d.qasm,512,110.047739,0.0024,0.0262
Quantum Rings Research,73191d24.qasm,16,0.180320,0.0019,0.0272
Quantum Rings Research,73191d24.qasm,64,0.169801,0.0019,0.0268
Quantum Rings Research,73191d24.qasm,512,0.191881,0.0019,0.0249
Quantum Rings Research,7337baba.qasm,16,0.175555,0.0003,0.0140
Quantum Rings Research,7337baba.qasm,64,0.176890,0.0003,0.0271
Quantum Rings Research,7337baba.qasm,512,0.179697,0.0003,0.0137
Quantum Rings Research,733f4518.qasm,16,281.137263,2.4304,0.0230
Quantum Rings Research,733f4518.qasm,64,27.087258,2.4304,0.0259
Quantum Rings Research,733f4518.qasm,512,10839.579689,2.4304,0.0276
Quantum Rings Research,73f498a0.qasm,16,0.633268,0.0034,0.0272
Quantum Rings Research,73f498a0.qasm,64,0.901578,0.0034,0.0256
Quantum Rings Research,73f498a0.qasm,512,1.170585,0.0034,0.0252
Quantum Rings Research,742bfb51.qasm,16,14400.000000,7.6171,0.0268
Quantum Rings Research,742bfb51.qasm,64,14383.231012,7.6171,0.0273
Quantum Rings Research,742bfb51.qasm,512,2902.663274,7.6171,0.0268
Quantum Rings Research,749ea355.qasm,16,0.250117,0.0098,0.0256
Quantum Rings Research,749ea355.qasm,64,1.881775,0.0098,0.0260
Quantum Rings Research,749ea355.qasm,512,0.265664,0.0098,0.0236
Quantum Rings Research,7513561e.qasm,16,1.755666,0.0888,0.0235
Quantum Rings Research,7513561e.qasm,64,11.753156,0.0888,0.0269
Quantum Rings Research,7513561e.qasm,512,578.708410,0.0888,0.0144
Quantum Rings Research,75137edd.qasm,16,2.817968,0.0132,0.0277
Quantum Rings Research,75137edd.qasm,64,0.270406,0.0132,0.0268
Quantum Rings Research,75137edd.qasm,512,5.043754,0.0132,0.0264
Quantum Rings Research,751d7ced.qasm,16,2.190229,0.0979,0.0267
Quantum Rings Research,751d7ced.qasm,64,12.607673,0.0979,0.0258
Quantum Rings Research,751d7ced.qasm,512,526.139025,0.0979,0.0260
Quantum Rings Research,752a65aa.qasm,16,1.749976,0.0828,0.0270
Quantum Rings Research,752a65aa.qasm,64,10.124309,0.0828,0.0248
Quantum Rings Research,752a65aa.qasm,512,410.198057,0.0828,0.0259
Quantum Rings Research,7548d858.qasm,16,0.537010,0.0274,0.0257
Quantum Rings Research,7548d858.qasm,64,1.344665,0.0274,0.0274
Quantum Rings Research,7548d858.qasm,512,3.560203,0.0274,0.0147
Quantum Rings Research,758554e0.qasm,16,754.348083,1.7439,0.0146
Quantum Rings Research,758554e0.qasm,64,566.968956,1.7439,0.0140
Quantum Rings Research,758554e0.qasm,512,375.024010,1.7439,0.0261
Quantum Rings Research,75bd5cbf.qasm,16,31.342125,0.0047,0.0270
Quantum Rings Research,75bd5cbf.qasm,64,19.983645,0.0047,0.0143
Quantum Rings Research,75bd5cbf.qasm,512,47.151787,0.0047,0.0141
Quantum Rings Research,76034335.qasm,16,0.211297,0.0007,0.0262
Quantum Rings Research,76034335.qasm,64,0.605210,0.0007,0.0273
Quantum Rings Research,76034335.qasm,512,0.299310,0.0007,0.0253
Quantum Rings Research,76d0b692.qasm,16,23.745157,0.6355,0.0266
Quantum Rings Research,76d0b692.qasm,64,2.704873,0.6355,0.0250
Quantum Rings Research,76d0b692.qasm,512,619.293646,0.6355,0.0271
Quantum Rings Research,77a3a480.qasm,16,1.653186,0.0734,0.0249
Quantum Rings Research,77a3a480.qasm,64,8.953377,0.0734,0.0250
Quantum Rings Research,77a3a480.qasm,512,342.303300,0.0734,0.0263
Quantum Rings Research,78adf5c7.qasm,16,4.098386,0.0076,0.0139
Quantum Rings Research,78adf5c7.qasm,64,10.613684,0.0076,0.0141
Quantum Rings Research,78adf5c7.qasm,512,486.204800,0.0076,0.0241
Quantum Rings Research,78f96e37.qasm,16,1.391498,0.0564,0.0279
Quantum Rings Research,78f96e37.qasm,64,5.737346,0.0564,0.0261
Quantum Rings Research,78f96e37.qasm,512,133.600030,0.0564,0.0270
Quantum Rings Research,79b12d71.qasm,16,1.667517,0.0797,0.0255
Quantum Rings Research,79b12d71.qasm,64,9.510901,0.0797,0.0265
Quantum Rings Research,79b12d71.qasm,512,342.073272,0.0797,0.0267
Quantum Rings Research,7a0c7e70.qasm,16,338.536629,1.8960,0.0151
Quantum Rings Research,7a0c7e70.qasm,64,338.533756,1.8960,0.0271
Quantum Rings Research,7a0c7e70.qasm,512,14159.139805,1.8960,0.0262
Quantum Rings Research,7a1c98cc.qasm,16,2.032020,0.0009,0.0264
Quantum Rings Research,7a1c98cc.qasm,64,0.834183,0.0009,0.0257
Quantum Rings Research,7a1c98cc.qasm,512,0.830437,0.0009,0.0141
Quantum Rings Research,7a79f013.qasm,16,587.413459,0.4959,0.0260
Quantum Rings Research,7a79f013.qasm,64,702.629196,0.4959,0.0268
Quantum Rings Research,7a79f013.qasm,512,13500.083627,0.4959,0.0270
Quantum Rings Research,7aad2132.qasm,16,2.665227,0.1337,0.0276
Quantum Rings Research,7aad2132.qasm,64,20.964865,0.1337,0.0251
Quantum Rings Research,7aad2132.qasm,512,976.982701,0.1337,0.0267
Quantum Rings Research,7afdbe61.qasm,16,2.142044,0.0238,0.0145
Quantum Rings Research,7afdbe61.qasm,64,0.177929,0.0238,0.0140
Quantum Rings Research,7afdbe61.qasm,512,3.995252,0.0238,0.0142
Quantum Rings Research,7b19558f.qasm,16,3.030260,0.1006,0.0267
Quantum Rings Research,7b19558f.qasm,64,2.613457,0.1006,0.0269
Quantum Rings Research,7b19558f.qasm,512,3.421370,0.1006,0.0268
Quantum Rings Research,7bab61ca.qasm,16,65.561715,0.0054,0.0141
Quantum Rings Research,7bab61ca.qasm,64,61.341104,0.0054,0.0252
Quantum Rings Research,7bab61ca.qasm,512,63.461652,0.0054,0.0254
Quantum Rings Research,7be7d477.qasm,16,2.397660,0.1186,0.0263
Quantum Rings Research,7be7d477.qasm,64,18.090948,0.1186,0.0265
Quantum Rings Research,7be7d477.qasm,512,736.424463,0.1186,0.0253
Quantum Rings Research,7bf0f1bc.qasm,16,2.109578,0.0961,0.0281
Quantum Rings Research,7bf0f1bc.qasm,64,12.169744,0.0961,0.0269
Quantum Rings Research,7bf0f1bc.qasm,512,494.956317,0.0961,0.0270
Quantum Rings Research,7c9f6bae.qasm,16,2.218940,0.0986,0.0271
Quantum Rings Research,7c9f6bae.qasm,64,12.686963,0.0986,0.0269
Quantum Rings Research,7c9f6bae.qasm,512,523.835288,0.0986,0.0274
Quantum Rings Research,7d6d9a38.qasm,16,3.054290,0.1520,0.0258
Quantum Rings Research,7d6d9a38.qasm,64,24.020844,0.1520,0.0264
Quantum Rings Research,7d6d9a38.qasm,512,868.663293,0.1520,0.0257
Quantum Rings Research,7db40afb.qasm,16,0.174476,0.0004,0.0261
Quantum Rings Research,7db40afb.qasm,64,0.173792,0.0004,0.0252
Quantum Rings Research,7db40afb.qasm,512,0.178866,0.0004,0.0273
Quantum Rings Research,7fdad0c4.qasm,16,1.999142,0.1053,0.0265
Quantum Rings Research,7fdad0c4.qasm,64,14.900389,0.1053,0.0280
Quantum Rings Research,7fdad0c4.qasm,512,658.958865,0.1053,0.0256
Quantum Rings Research,81af3d74.qasm,16,0.236794,0.0008,0.0275
Quantum Rings Research,81af3d74.qasm,64,0.193188,0.0008,0.0234
Quantum Rings Research,81af3d74.qasm,512,0.223466,0.0008,0.0276
Quantum Rings Research,81f388c7.qasm,16,0.179116,0.0019,0.0266
Quantum Rings Research,81f388c7.qasm,64,0.173409,0.0019,0.0276
Quantum Rings Research,81f388c7.qasm,512,0.192491,0.0019,0.0276
Quantum Rings Research,81fdeb0a.qasm,16,0.173892,0.0004,0.0268
Quantum Rings Research,81fdeb0a.qasm,64,0.164109,0.0004,0.0270
Quantum Rings Research,81fdeb0a.qasm,512,0.171526,0.0004,0.0250
Quantum Rings Research,827a3442.qasm,16,0.181468,0.0005,0.0266
Quantum Rings Research,827a3442.qasm,64,0.177288,0.0005,0.0262
Quantum Rings Research,827a3442.qasm,512,0.185384,0.0005,0.0269
Quantum Rings Research,82b89c68.qasm,16,3.311361,0.0303,0.0267
Quantum Rings Research,82b89c68.qasm,64,0.166328,0.0303,0.0250
Quantum Rings Research,82b89c68.qasm,512,6.931319,0.0303,0.0276
Quantum Rings Research,831c33e1.qasm,16,2.346118,0.1204,0.0255
Quantum Rings Research,831c33e1.qasm,64,18.125483,0.1204,0.0250
Quantum Rings Research,831c33e1.qasm,512,814.096121,0.1204,0.0255
Quantum Rings Research,8335b01d.qasm,16,0.173475,0.0007,0.0141
Quantum Rings Research,8335b01d.qasm,64,0.906941,0.0007,0.0249
Quantum Rings Research,8335b01d.qasm,512,0.241548,0.0007,0.0268
Quantum Rings Research,834596bc.qasm,16,301.468099,0.2230,0.0253
Quantum Rings Research,834596bc.qasm,64,504.482380,0.2230,0.0252
Quantum Rings Research,834596bc.qasm,512,11200.541602,0.2230,0.0264
Quantum Rings Research,83b22dc5.qasm,16,1.239855,0.0412,0.0267
Quantum Rings Research,83b22dc5.qasm,64,3.402039,0.0412,0.0242
Quantum Rings Research,83b22dc5.qasm,512,71.739728,0.0412,0.0144
Quantum Rings Research,8400dcc1.qasm,16,0.179544,0.0083,0.0273
Quantum Rings Research,8400dcc1.qasm,64,9.400827,0.0083,0.0143
Quantum Rings Research,8400dcc1.qasm,512,0.166796,0.0083,0.0136
Quantum Rings Research,8422040e.qasm,16,0.168446,0.0017,0.0264
Quantum Rings Research,8422040e.qasm,64,2.560755,0.0017,0.0254
Quantum Rings Research,8422040e.qasm,512,0.174203,0.0017,0.0262
Quantum Rings Research,84fe3fba.qasm,16,6.069521,0.1436,0.0272
Quantum Rings Research,84fe3fba.qasm,64,0.376355,0.1436,0.0273
Quantum Rings Research,84fe3fba.qasm,512,273.419208,0.1436,0.0259
Quantum Rings Research,85317608.qasm,16,0.193215,0.0022,0.0263
Quantum Rings Research,85317608.qasm,64,1.209358,0.0022,0.0247
Quantum Rings Research,85317608.qasm,512,0.171585,0.0022,0.0256
Quantum Rings Research,85863407.qasm,16,1.689327,0.0874,0.0280
Quantum Rings Research,85863407.qasm,64,10.485668,0.0874,0.0255
Quantum Rings Research,85863407.qasm,512,407.596581,0.0874,0.0273
Quantum Rings Research,860cc392.qasm,16,1.704852,0.0877,0.0273
Quantum Rings Research,860cc392.qasm,64,10.455173,0.0877,0.0275
Quantum Rings Research,860cc392.qasm,512,406.715390,0.0877,0.0271
Quantum Rings Research,86464ad3.qasm,16,0.186066,0.0011,0.0281
Quantum Rings Research,86464ad3.qasm,64,0.174334,0.0011,0.0256
Quantum Rings Research,86464ad3.qasm,512,0.169844,0.0011,0.0262
Quantum Rings Research,871618c1.qasm,16,1.294037,0.0589,0.0256
Quantum Rings Research,871618c1.qasm,64,6.527830,0.0589,0.0250
Quantum Rings Research,871618c1.qasm,512,208.705367,0.0589,0.0259
Quantum Rings Research,8732dc00.qasm,16,0.177902,0.0050,0.0276
Quantum Rings Research,8732dc00.qasm,64,2.454264,0.0050,0.0255
Quantum Rings Research,8732dc00.qasm,512,0.168861,0.0050,0.0280
Quantum Rings Research,884b47f6.qasm,16,7.464455,0.0296,0.0268
Quantum Rings Research,884b47f6.qasm,64,0.232231,0.0296,0.0271
Quantum Rings Research,884b47f6.qasm,512,12.471743,0.0296,0.0274
Quantum Rings Research,885efe5b.qasm,16,1.096391,0.0426,0.0259
Quantum Rings Research,885efe5b.qasm,64,3.403153,0.0426,0.0270
Quantum Rings Research,885efe5b.qasm,512,69.260500,0.0426,0.0267
Quantum Rings Research,8930abda.qasm,16,0.178546,0.0044,0.0249
Quantum Rings Research,8930abda.qasm,64,4.454260,0.0044,0.0270
Quantum Rings Research,8930abda.qasm,512,0.183055,0.0044,0.0275
Quantum Rings Research,896404d8.qasm,16,5.402817,0.1419,0.0257
Quantum Rings Research,896404d8.qasm,64,0.464359,0.1419,0.0256
Quantum Rings Research,896404d8.qasm,512,282.045359,0.1419,0.0281
Quantum Rings Research,8a146ce3.qasm,16,113.743831,0.6450,0.0279
Quantum Rings Research,8a146ce3.qasm,64,196.000062,0.6450,0.0268
Quantum Rings Research,8a146ce3.qasm,512,7253.252750,0.6450,0.0272
Quantum Rings Research,8a1c1c3f.qasm,16,0.188368,0.0007,0.0264
Quantum Rings Research,8a1c1c3f.qasm,64,0.278136,0.0007,0.0149
Quantum Rings Research,8a1c1c3f.qasm,512,0.184165,0.0007,0.0268
Quantum Rings Research,8a2ab626.qasm,16,1.705607,0.0869,0.0279
Quantum Rings Research,8a2ab626.qasm,64,12.239846,0.0869,0.0266
Quantum Rings Research,8a2ab626.qasm,512,461.211969,0.0869,0.0255
Quantum Rings Research,8b77bf87.qasm,16,0.336328,0.0172,0.0260
Quantum Rings Research,8b77bf87.qasm,64,8.609865,0.0172,0.0265
Quantum Rings Research,8b77bf87.qasm,512,0.327308,0.0172,0.0261
Quantum Rings Research,8bd576fc.qasm,16,6.178097,0.0264,0.0257
Quantum Rings Research,8bd576fc.qasm,64,1.682827,0.0264,0.0263
Quantum Rings Research,8bd576fc.qasm,512,114.226968,0.0264,0.0259
Quantum Rings Research,8c01a935.qasm,16,2.696321,0.0081,0.0253
Quantum Rings Research,8c01a935.qasm,64,14.515195,0.0081,0.0273
Quantum Rings Research,8c01a935.qasm,512,447.378086,0.0081,0.0261
Quantum Rings Research,8d5010bc.qasm,16,0.211751,0.0009,0.0265
Quantum Rings Research,8d5010bc.qasm,64,0.178874,0.0009,0.0150
Quantum Rings Research,8d5010bc.qasm,512,0.207516,0.0009,0.0262
Quantum Rings Research,8d9d4033.qasm,16,1.092841,0.0350,0.0250
Quantum Rings Research,8d9d4033.qasm,64,2.563550,0.0350,0.0250
Quantum Rings Research,8d9d4033.qasm,512,34.792192,0.0350,0.0247
Quantum Rings Research,8e84b85a.qasm,16,0.182094,0.0020,0.0267
Quantum Rings Research,8e84b85a.qasm,64,0.160079,0.0020,0.0267
Quantum Rings Research,8e84b85a.qasm,512,0.183640,0.0020,0.0269
Quantum Rings Research,8e9564e3.qasm,16,1.444867,0.0748,0.0277
Quantum Rings Research,8e9564e3.qasm,64,8.432312,0.0748,0.0272
Quantum Rings Research,8e9564e3.qasm,512,305.760147,0.0748,0.0269
Quantum Rings Research,8f4e1b64.qasm,16,11.032375,0.3053,0.0289
Quantum Rings Research,8f4e1b64.qasm,64,2.744091,0.3053,0.0278
Quantum Rings Research,8f4e1b64.qasm,512,674.173808,0.3053,0.0740
Quantum Rings Research,8f564e3e.qasm,16,1.993771,0.1580,0.0271
Quantum Rings Research,8f564e3e.qasm,64,15.482616,0.1580,0.0255
Quantum Rings Research,8f564e3e.qasm,512,692.212863,0.1580,0.0271
Quantum Rings Research,8f8fbcbd.qasm,16,935.389093,2.9487,0.0160
Quantum Rings Research,8f8fbcbd.qasm,64,1101.588707,2.9487,0.0266
Quantum Rings Research,8f8fbcbd.qasm,512,14385.512762,2.9487,0.0277
Quantum Rings Research,8fb9e9ac.qasm,16,0.228064,0.0221,0.0271
Quantum Rings Research,8fb9e9ac.qasm,64,0.523261,0.0221,0.0247
Quantum Rings Research,8fb9e9ac.qasm,512,0.214291,0.0221,0.0271
Quantum Rings Research,9143d50f.qasm,16,0.198033,0.0097,0.0288
Quantum Rings Research,9143d50f.qasm,64,2.416724,0.0097,0.0246
Quantum Rings Research,9143d50f.qasm,512,0.200925,0.0097,0.0267
Quantum Rings Research,917fa943.qasm,16,1.591780,0.0099,0.0272
Quantum Rings Research,917fa943.qasm,64,0.735127,0.0099,0.0275
Quantum Rings Research,917fa943.qasm,512,152.650492,0.0099,0.0264
Quantum Rings Research,92f98bb3.qasm,16,0.471212,0.0187,0.0263
Quantum Rings Research,92f98bb3.qasm,64,0.348433,0.0187,0.0271
Quantum Rings Research,92f98bb3.qasm,512,0.347058,0.0187,0.0259
Quantum Rings Research,933b305c.qasm,16,1.853244,0.0869,0.0276
Quantum Rings Research,933b305c.qasm,64,10.631736,0.0869,0.0264
Quantum Rings Research,933b305c.qasm,512,436.312766,0.0869,0.0275
Quantum Rings Research,93865be7.qasm,16,0.197470,0.0002,0.0248
Quantum Rings Research,93865be7.qasm,64,0.211034,0.0002,0.0274
Quantum Rings Research,93865be7.qasm,512,0.208061,0.0002,0.0272
Quantum Rings Research,9395edc6.qasm,16,7.030291,0.0011,0.0262
Quantum Rings Research,9395edc6.qasm,64,5.025070,0.0011,0.0144
Quantum Rings Research,9395edc6.qasm,512,5.404185,0.0011,0.0245
Quantum Rings Research,93c78575.qasm,16,2.242204,0.1002,0.0266
Quantum Rings Research,93c78575.qasm,64,13.250658,0.1002,0.0274
Quantum Rings Research,93c78575.qasm,512,570.773041,0.1002,0.0273
Quantum Rings Research,9429600a.qasm,16,2.125808,0.1040,0.0277
Quantum Rings Research,9429600a.qasm,64,12.154239,0.1040,0.0273
Quantum Rings Research,9429600a.qasm,512,496.458132,0.1040,0.0275
Quantum Rings Research,94f4e26a.qasm,16,2.553881,0.1269,0.0276
Quantum Rings Research,94f4e26a.qasm,64,18.447070,0.1269,0.0275
Quantum Rings Research,94f4e26a.qasm,512,694.287089,0.1269,0.0267
Quantum Rings Research,950704f2.qasm,16,32.950429,0.0985,0.0249
Quantum Rings Research,950704f2.qasm,64,3.652476,0.0985,0.0273
Quantum Rings Research,950704f2.qasm,512,31.973946,0.0985,0.0264
Quantum Rings Research,954ad251.qasm,16,0.191701,0.0003,0.0271
Quantum Rings Research,954ad251.qasm,64,0.182019,0.0003,0.0147
Quantum Rings Research,954ad251.qasm,512,0.187427,0.0003,0.0141
Quantum Rings Research,957c248b.qasm,16,0.549260,0.0078,0.0271
Quantum Rings Research,957c248b.qasm,64,0.352962,0.0078,0.0271
Quantum Rings Research,957c248b.qasm,512,0.735186,0.0078,0.0271
Quantum Rings Research,964382be.qasm,16,2.625055,0.1300,0.0275
Quantum Rings Research,964382be.qasm,64,18.354748,0.1300,0.0261
Quantum Rings Research,964382be.qasm,512,675.029298,0.1300,0.0263
Quantum Rings Research,965eb08c.qasm,16,1.653951,0.0808,0.0266
Quantum Rings Research,965eb08c.qasm,64,9.525266,0.0808,0.0141
Quantum Rings Research,965eb08c.qasm,512,348.690502,0.0808,0.0261
Quantum Rings Research,96876fa5.qasm,16,7.486939,0.1745,0.0276
Quantum Rings Research,96876fa5.qasm,64,1.247861,0.1745,0.0146
Quantum Rings Research,96876fa5.qasm,512,8.602002,0.1745,0.0140
Quantum Rings Research,96f82da7.qasm,16,0.187906,0.0061,0.0272
Quantum Rings Research,96f82da7.qasm,64,1.941002,0.0061,0.0144
Quantum Rings Research,96f82da7.qasm,512,0.201860,0.0061,0.0238
Quantum Rings Research,981d8651.qasm,16,0.177962,0.0027,0.0236
Quantum Rings Research,981d8651.qasm,64,4.706201,0.0027,0.0264
Quantum Rings Research,981d8651.qasm,512,0.171828,0.0027,0.0239
Quantum Rings Research,9a442b56.qasm,16,9.709995,0.1001,0.0270
Quantum Rings Research,9a442b56.qasm,64,0.625126,0.1001,0.0252
Quantum Rings Research,9a442b56.qasm,512,43.392581,0.1001,0.0139
Quantum Rings Research,9c6b6510.qasm,16,0.318292,0.0211,0.0263
Quantum Rings Research,9c6b6510.qasm,64,1.906192,0.0211,0.0144
Quantum Rings Research,9c6b6510.qasm,512,0.344261,0.0211,0.0245
Quantum Rings Research,9ccf974e.qasm,16,0.278507,0.0007,0.0140
Quantum Rings Research,9ccf974e.qasm,64,0.197227,0.0007,0.0256
Quantum Rings Research,9ccf974e.qasm,512,0.200627,0.0007,0.0136
Quantum Rings Research,9d76010e.qasm,16,0.169977,0.0021,0.0267
Quantum Rings Research,9d76010e.qasm,64,2.932785,0.0021,0.0140
Quantum Rings Research,9d76010e.qasm,512,0.170708,0.0021,0.0253
Quantum Rings Research,9d7cbc78.qasm,16,0.469934,0.0184,0.0145
Quantum Rings Research,9d7cbc78.qasm,64,0.345866,0.0184,0.0259
Quantum Rings Research,9d7cbc78.qasm,512,0.347268,0.0184,0.0139
Quantum Rings Research,9d7e60b6.qasm,16,0.197167,0.0102,0.0146
Quantum Rings Research,9d7e60b6.qasm,64,2.153673,0.0102,0.0271
Quantum Rings Research,9d7e60b6.qasm,512,0.178046,0.0102,0.0283
Quantum Rings Research,9e3be92a.qasm,16,33.095337,0.0999,0.0248
Quantum Rings Research,9e3be92a.qasm,64,3.663973,0.0999,0.0246
Quantum Rings Research,9e3be92a.qasm,512,32.182294,0.0999,0.0263
Quantum Rings Research,9ea3bed5.qasm,16,3.965880,0.0050,0.0222
Quantum Rings Research,9ea3bed5.qasm,64,3.955516,0.0050,0.0244
Quantum Rings Research,9ea3bed5.qasm,512,4.022189,0.0050,0.0249
Quantum Rings Research,9f744e04.qasm,16,56.009991,0.2754,0.0279
Quantum Rings Research,9f744e04.qasm,64,91.590040,0.2754,0.0253
Quantum Rings Research,9f744e04.qasm,512,3495.624235,0.2754,0.0272
Quantum Rings Research,a0a79499.qasm,16,1.649895,0.0047,0.0247
Quantum Rings Research,a0a79499.qasm,64,0.799958,0.0047,0.0243
Quantum Rings Research,a0a79499.qasm,512,1.747403,0.0047,0.0275
Quantum Rings Research,a0b53b67.qasm,16,0.183973,0.0028,0.0255
Quantum Rings Research,a0b53b67.qasm,64,0.538792,0.0028,0.0272
Quantum Rings Research,a0b53b67.qasm,512,0.230062,0.0028,0.0246
Quantum Rings Research,a169a3ba.qasm,16,1.641563,0.0736,0.0276
Quantum Rings Research,a169a3ba.qasm,64,8.886764,0.0736,0.0229
Quantum Rings Research,a169a3ba.qasm,512,332.237421,0.0736,0.0258
Quantum Rings Research,a1b3d3aa.qasm,16,2.465678,0.0090,0.0273
Quantum Rings Research,a1b3d3aa.qasm,64,6.280807,0.0090,0.0251
Quantum Rings Research,a1b3d3aa.qasm,512,192.655931,0.0090,0.0228
Quantum Rings Research,a1bc8d56.qasm,16,1.086631,0.0325,0.0261
Quantum Rings Research,a1bc8d56.qasm,64,2.271378,0.0325,0.0262
Quantum Rings Research,a1bc8d56.qasm,512,23.298075,0.0325,0.0264
Quantum Rings Research,a3cb01ca.qasm,16,1.220640,0.0408,0.0272
Quantum Rings Research,a3cb01ca.qasm,64,3.354036,0.0408,0.0250
Quantum Rings Research,a3cb01ca.qasm,512,71.259550,0.0408,0.0277
Quantum Rings Research,a409aaa1.qasm,16,2.745380,0.0111,0.0272
Quantum Rings Research,a409aaa1.qasm,64,6.051927,0.0111,0.0258
Quantum Rings Research,a409aaa1.qasm,512,180.404040,0.0111,0.0267
Quantum Rings Research,a440a477.qasm,16,13.638224,0.0019,0.0259
Quantum Rings Research,a440a477.qasm,64,8.067393,0.0019,0.0270
Quantum Rings Research,a440a477.qasm,512,14.687127,0.0019,0.0266
Quantum Rings Research,a44fdc9f.qasm,16,0.187465,0.0044,0.0270
Quantum Rings Research,a44fdc9f.qasm,64,1.046624,0.0044,0.0260
Quantum Rings Research,a44fdc9f.qasm,512,0.176840,0.0044,0.0250
Quantum Rings Research,a4f95806.qasm,16,0.174262,0.0013,0.0273
Quantum Rings Research,a4f95806.qasm,64,0.641454,0.0013,0.0275
Quantum Rings Research,a4f95806.qasm,512,0.177566,0.0013,0.0269
Quantum Rings Research,a75c691c.qasm,16,2.071156,0.0235,0.0263
Quantum Rings Research,a75c691c.qasm,64,0.173846,0.0235,0.0251
Quantum Rings Research,a75c691c.qasm,512,3.958471,0.0235,0.0278
Quantum Rings Research,a8818670.qasm,16,0.179913,0.0009,0.0272
Quantum Rings Research,a8818670.qasm,64,1.076358,0.0009,0.0249
Quantum Rings Research,a8818670.qasm,512,0.202206,0.0009,0.0267
Quantum Rings Research,a8b40b61.qasm,16,1.643951,0.0799,0.0249
Quantum Rings Research,a8b40b61.qasm,64,9.361512,0.0799,0.0263
Quantum Rings Research,a8b40b61.qasm,512,342.201233,0.0799,0.0271
Quantum Rings Research,a8dfab96.qasm,16,1.095222,0.0373,0.0262
Quantum Rings Research,a8dfab96.qasm,64,2.600980,0.0373,0.0272
Quantum Rings Research,a8dfab96.qasm,512,34.879758,0.0373,0.0275
Quantum Rings Research,a9091180.qasm,16,2.109718,0.1001,0.0257
Quantum Rings Research,a9091180.qasm,64,12.158456,0.1001,0.0259
Quantum Rings Research,a9091180.qasm,512,496.390555,0.1001,0.0254
Quantum Rings Research,aa41f5f1.qasm,16,2.080277,0.0973,0.0266
Quantum Rings Research,aa41f5f1.qasm,64,12.503465,0.0973,0.0271
Quantum Rings Research,aa41f5f1.qasm,512,499.632951,0.0973,0.0261
Quantum Rings Research,aac529b2.qasm,16,637.766933,0.2244,0.0268
Quantum Rings Research,aac529b2.qasm,64,105.592751,0.2244,0.0143
Quantum Rings Research,aac529b2.qasm,512,5526.007457,0.2244,0.0266
Quantum Rings Research,aaf05f5c.qasm,16,1.145683,0.0529,0.0273
Quantum Rings Research,aaf05f5c.qasm,64,5.101249,0.0529,0.0258
Quantum Rings Research,aaf05f5c.qasm,512,143.641226,0.0529,0.0249
Quantum Rings Research,ab65fd24.qasm,16,2.688414,0.1337,0.0275
Quantum Rings Research,ab65fd24.qasm,64,21.037961,0.1337,0.0266
Quantum Rings Research,ab65fd24.qasm,512,913.387493,0.1337,0.0243
Quantum Rings Research,ab8a1b3c.qasm,16,5.156243,0.0208,0.0273
Quantum Rings Research,ab8a1b3c.qasm,64,0.239756,0.0208,0.0266
Quantum Rings Research,ab8a1b3c.qasm,512,10.508944,0.0208,0.0246
Quantum Rings Research,ab964bf6.qasm,16,1.112676,0.0504,0.0256
Quantum Rings Research,ab964bf6.qasm,64,5.098732,0.0504,0.0272
Quantum Rings Research,ab964bf6.qasm,512,147.200344,0.0504,0.0258
Quantum Rings Research,aceda861.qasm,16,242.695812,0.0106,0.0261
Quantum Rings Research,aceda861.qasm,64,222.342406,0.0106,0.0260
Quantum Rings Research,aceda861.qasm,512,232.004836,0.0106,0.0252
Quantum Rings Research,ad2439c7.qasm,16,2.295402,0.1132,0.0269
Quantum Rings Research,ad2439c7.qasm,64,16.272448,0.1132,0.0270
Quantum Rings Research,ad2439c7.qasm,512,589.663236,0.1132,0.0147
Quantum Rings Research,ad74d7c1.qasm,16,4.164565,0.0167,0.0249
Quantum Rings Research,ad74d7c1.qasm,64,11.374279,0.0167,0.0245
Quantum Rings Research,ad74d7c1.qasm,512,309.462735,0.0167,0.0272
Quantum Rings Research,aed3c1af.qasm,16,1.747802,0.0837,0.0286
Quantum Rings Research,aed3c1af.qasm,64,10.111648,0.0837,0.0276
Quantum Rings Research,aed3c1af.qasm,512,403.779584,0.0837,0.0274
Quantum Rings Research,af2659f0.qasm,16,0.169143,0.0006,0.0263
Quantum Rings Research,af2659f0.qasm,64,0.159832,0.0006,0.0264
Quantum Rings Research,af2659f0.qasm,512,0.168050,0.0006,0.0259
Quantum Rings Research,af88ad19.qasm,16,0.185159,0.0109,0.0141
Quantum Rings Research,af88ad19.qasm,64,0.183541,0.0109,0.0269
Quantum Rings Research,af88ad19.qasm,512,0.191004,0.0109,0.0263
Quantum Rings Research,af8b17d0.qasm,16,0.181287,0.0003,0.0260
Quantum Rings Research,af8b17d0.qasm,64,0.169356,0.0003,0.0281
Quantum Rings Research,af8b17d0.qasm,512,0.178716,0.0003,0.0275
Quantum Rings Research,b06c81ca.qasm,16,1.532092,0.0681,0.0264
Quantum Rings Research,b06c81ca.qasm,64,6.917461,0.0681,0.0260
Quantum Rings Research,b06c81ca.qasm,512,203.709365,0.0681,0.0271
Quantum Rings Research,b11883af.qasm,16,0.210141,0.0265,0.0246
Quantum Rings Research,b11883af.qasm,64,0.313067,0.0265,0.0262
Quantum Rings Research,b11883af.qasm,512,0.211036,0.0265,0.0270
Quantum Rings Research,b1ea1d60.qasm,16,0.202847,0.0083,0.0252
Quantum Rings Research,b1ea1d60.qasm,64,4.823656,0.0083,0.0247
Quantum Rings Research,b1ea1d60.qasm,512,0.213571,0.0083,0.0142
Quantum Rings Research,b2346111.qasm,16,4319.760401,3.0627,0.0273
Quantum Rings Research,b2346111.qasm,64,3244.414123,3.0627,0.0274
Quantum Rings Research,b2346111.qasm,512,3296.743019,3.0627,0.0269
Quantum Rings Research,b38d732e.qasm,16,0.197459,0.0155,0.0276
Quantum Rings Research,b38d732e.qasm,64,0.271464,0.0155,0.0271
Quantum Rings Research,b38d732e.qasm,512,0.175312,0.0155,0.0249
Quantum Rings Research,b469b640.qasm,16,0.181590,0.0099,0.0260
Quantum Rings Research,b469b640.qasm,64,0.181903,0.0099,0.0273
Quantum Rings Research,b469b640.qasm,512,0.187205,0.0099,0.0263
Quantum Rings Research,b4976343.qasm,16,0.178930,0.0012,0.0261
Quantum Rings Research,b4976343.qasm,64,0.276819,0.0012,0.0148
Quantum Rings Research,b4976343.qasm,512,0.177582,0.0012,0.0268
Quantum Rings Research,b4c090da.qasm,16,0.179947,0.0007,0.0265
Quantum Rings Research,b4c090da.qasm,64,0.171725,0.0007,0.0262
Quantum Rings Research,b4c090da.qasm,512,0.178020,0.0007,0.0258
Quantum Rings Research,b5baa095.qasm,16,0.703044,0.0020,0.0248
Quantum Rings Research,b5baa095.qasm,64,3.002685,0.0020,0.0263
Quantum Rings Research,b5baa095.qasm,512,1.498890,0.0020,0.0252
Quantum Rings Research,b5be0645.qasm,16,13548.962574,0.6849,0.0142
Quantum Rings Research,b5be0645.qasm,64,13122.810038,0.6849,0.0267
Quantum Rings Research,b5be0645.qasm,512,715.476152,0.6849,0.0142
Quantum Rings Research,b601af0f.qasm,16,0.182216,0.0049,0.0141
Quantum Rings Research,b601af0f.qasm,64,0.269573,0.0049,0.0142
Quantum Rings Research,b601af0f.qasm,512,0.187824,0.0049,0.0250
Quantum Rings Research,b630efea.qasm,16,1.192235,0.0444,0.0142
Quantum Rings Research,b630efea.qasm,64,4.127802,0.0444,0.0270
Quantum Rings Research,b630efea.qasm,512,94.173956,0.0444,0.0142
Quantum Rings Research,b680d160.qasm,16,2.063602,0.0966,0.0259
Quantum Rings Research,b680d160.qasm,64,12.488879,0.0966,0.0262
Quantum Rings Research,b680d160.qasm,512,508.899295,0.0966,0.0271
Quantum Rings Research,b7694c8e.qasm,16,4.636045,0.0356,0.0140
Quantum Rings Research,b7694c8e.qasm,64,0.265199,0.0356,0.0269
Quantum Rings Research,b7694c8e.qasm,512,7.793141,0.0356,0.0145
Quantum Rings Research,b792cc98.qasm,16,0.175826,0.0004,0.0132
Quantum Rings Research,b792cc98.qasm,64,0.177239,0.0004,0.0249
Quantum Rings Research,b792cc98.qasm,512,0.173036,0.0004,0.0141
Quantum Rings Research,b97c72bf.qasm,16,0.221001,0.0029,0.0246
Quantum Rings Research,b97c72bf.qasm,64,0.303486,0.0029,0.0264
Quantum Rings Research,b97c72bf.qasm,512,0.220634,0.0029,0.0147
Quantum Rings Research,b9ba0e84.qasm,16,7.297116,0.0223,0.0274
Quantum Rings Research,b9ba0e84.qasm,64,23.095051,0.0223,0.0254
Quantum Rings Research,b9ba0e84.qasm,512,2153.036765,0.0223,0.0142
Quantum Rings Research,ba0c09b8.qasm,16,1.689710,0.0869,0.0242
Quantum Rings Research,ba0c09b8.qasm,64,10.522871,0.0869,0.0268
Quantum Rings Research,ba0c09b8.qasm,512,405.533780,0.0869,0.0273
Quantum Rings Research,bb291a8b.qasm,16,2.245510,0.1030,0.0136
Quantum Rings Research,bb291a8b.qasm,64,13.034190,0.1030,0.0139
Quantum Rings Research,bb291a8b.qasm,512,555.942611,0.1030,0.0133
Quantum Rings Research,bb50273f.qasm,16,377.781067,0.7298,0.0275
Quantum Rings Research,bb50273f.qasm,64,66.823956,0.7298,0.0144
Quantum Rings Research,bb50273f.qasm,512,515.096737,0.7298,0.0140
Quantum Rings Research,bc99b330.qasm,16,131.845680,0.5663,0.0261
Quantum Rings Research,bc99b330.qasm,64,183.736795,0.5663,0.0251
Quantum Rings Research,bc99b330.qasm,512,8935.515449,0.5663,0.0143
Quantum Rings Research,bc9dd950.qasm,16,1.115093,0.0350,0.0245
Quantum Rings Research,bc9dd950.qasm,64,2.577069,0.0350,0.0273
Quantum Rings Research,bc9dd950.qasm,512,34.665967,0.0350,0.0252
Quantum Rings Research,bd32080b.qasm,16,2785.623796,0.8642,0.0273
Quantum Rings Research,bd32080b.qasm,64,3137.747961,0.8642,0.0269
Quantum Rings Research,bd32080b.qasm,512,13364.339104,0.8642,0.0251
Quantum Rings Research,bd462bd7.qasm,16,7.899700,0.0934,0.0257
Quantum Rings Research,bd462bd7.qasm,64,0.205187,0.0934,0.0241
Quantum Rings Research,bd462bd7.qasm,512,39.183592,0.0934,0.0142
Quantum Rings Research,bdd2c3ff.qasm,16,9.527583,0.0465,0.0261
Quantum Rings Research,bdd2c3ff.qasm,64,58.778246,0.0465,0.0259
Quantum Rings Research,bdd2c3ff.qasm,512,2740.772804,0.0465,0.0140
Quantum Rings Research,be527b4d.qasm,16,263.379050,4.3246,0.0254
Quantum Rings Research,be527b4d.qasm,64,27.140771,4.3246,0.0272
Quantum Rings Research,be527b4d.qasm,512,61.991433,4.3246,0.0272
Quantum Rings Research,bf029799.qasm,16,1.789903,0.0858,0.0252
Quantum Rings Research,bf029799.qasm,64,9.986801,0.0858,0.0260
Quantum Rings Research,bf029799.qasm,512,373.081421,0.0858,0.0272
Quantum Rings Research,bf0f8df9.qasm,16,0.540430,0.0270,0.0274
Quantum Rings Research,bf0f8df9.qasm,64,1.351115,0.0270,0.0246
Quantum Rings Research,bf0f8df9.qasm,512,3.548631,0.0270,0.0145
Quantum Rings Research,bf9674e9.qasm,16,0.175286,0.0018,0.0259
Quantum Rings Research,bf9674e9.qasm,64,2.468891,0.0018,0.0263
Quantum Rings Research,bf9674e9.qasm,512,0.175351,0.0018,0.0276
Quantum Rings Research,c05aa9cf.qasm,16,3.050299,0.1459,0.0139
Quantum Rings Research,c05aa9cf.qasm,64,23.804916,0.1459,0.0258
Quantum Rings Research,c05aa9cf.qasm,512,706.508327,0.1459,0.0269
Quantum Rings Research,c0a1d157.qasm,16,0.204949,0.0134,0.0263
Quantum Rings Research,c0a1d157.qasm,64,4.354779,0.0134,0.0262
Quantum Rings Research,c0a1d157.qasm,512,0.198889,0.0134,0.0267
Quantum Rings Research,c0ffe57a.qasm,16,0.268315,0.0006,0.0265
Quantum Rings Research,c0ffe57a.qasm,64,0.235598,0.0006,0.0272
Quantum Rings Research,c0ffe57a.qasm,512,0.227236,0.0006,0.0263
Quantum Rings Research,c20bb346.qasm,16,0.442440,0.0586,0.0275
Quantum Rings Research,c20bb346.qasm,64,1.107457,0.0586,0.0268
Quantum Rings Research,c20bb346.qasm,512,0.518504,0.0586,0.0261
Quantum Rings Research,c246552a.qasm,16,3.694878,0.0362,0.0262
Quantum Rings Research,c246552a.qasm,64,0.508167,0.0362,0.0249
Quantum Rings Research,c246552a.qasm,512,803.066231,0.0362,0.0262
Quantum Rings Research,c39fa73b.qasm,16,0.177578,0.0005,0.0140
Quantum Rings Research,c39fa73b.qasm,64,0.165576,0.0005,0.0265
Quantum Rings Research,c39fa73b.qasm,512,0.172570,0.0005,0.0141
Quantum Rings Research,c3c0513f.qasm,16,0.238495,0.0022,0.0147
Quantum Rings Research,c3c0513f.qasm,64,0.189262,0.0022,0.0267
Quantum Rings Research,c3c0513f.qasm,512,0.263005,0.0022,0.0270
Quantum Rings Research,c40ecada.qasm,16,1.523205,0.0662,0.0273
Quantum Rings Research,c40ecada.qasm,64,6.909997,0.0662,0.0263
Quantum Rings Research,c40ecada.qasm,512,206.946178,0.0662,0.0269
Quantum Rings Research,c4c36286.qasm,16,1.743005,0.0828,0.0254
Quantum Rings Research,c4c36286.qasm,64,10.093915,0.0828,0.0273
Quantum Rings Research,c4c36286.qasm,512,402.594546,0.0828,0.0143
Quantum Rings Research,c4ff2c11.qasm,16,1.205213,0.0030,0.0262
Quantum Rings Research,c4ff2c11.qasm,64,5.185251,0.0030,0.0271
Quantum Rings Research,c4ff2c11.qasm,512,1.415140,0.0030,0.0259
Quantum Rings Research,c6678d16.qasm,16,627.087208,2.9972,0.0272
Quantum Rings Research,c6678d16.qasm,64,683.853992,2.9972,0.0266
Quantum Rings Research,c6678d16.qasm,512,14391.036319,2.9972,0.0256
Quantum Rings Research,c676cfb4.qasm,16,0.223779,0.0008,0.0271
Quantum Rings Research,c676cfb4.qasm,64,0.240510,0.0008,0.0273
Quantum Rings Research,c676cfb4.qasm,512,0.224671,0.0008,0.0141
Quantum Rings Research,c7670b0a.qasm,16,0.542370,0.0006,0.0134
Quantum Rings Research,c7670b0a.qasm,64,0.554080,0.0006,0.0146
Quantum Rings Research,c7670b0a.qasm,512,0.530652,0.0006,0.0261
Quantum Rings Research,c7a93f95.qasm,16,1.293384,0.0586,0.0257
Quantum Rings Research,c7a93f95.qasm,64,6.554164,0.0586,0.0269
Quantum Rings Research,c7a93f95.qasm,512,213.385420,0.0586,0.0143
Quantum Rings Research,c7bddf55.qasm,16,0.564226,0.0249,0.0270
Quantum Rings Research,c7bddf55.qasm,64,1.112334,0.0249,0.0138
Quantum Rings Research,c7bddf55.qasm,512,2.729759,0.0249,0.0142
Quantum Rings Research,c82bb473.qasm,16,1.294628,0.0592,0.0267
Quantum Rings Research,c82bb473.qasm,64,6.526392,0.0592,0.0265
Quantum Rings Research,c82bb473.qasm,512,209.811573,0.0592,0.0265
Quantum Rings Research,c84ad65b.qasm,16,1.090982,0.0484,0.0263
Quantum Rings Research,c84ad65b.qasm,64,4.290488,0.0484,0.0270
Quantum Rings Research,c84ad65b.qasm,512,94.762929,0.0484,0.0264
Quantum Rings Research,c8afe1ad.qasm,16,0.176694,0.0007,0.0143
Quantum Rings Research,c8afe1ad.qasm,64,0.777583,0.0007,0.0146
Quantum Rings Research,c8afe1ad.qasm,512,0.243281,0.0007,0.0139
Quantum Rings Research,c945995d.qasm,16,1.640299,0.0746,0.0274
Quantum Rings Research,c945995d.qasm,64,8.876512,0.0746,0.0276
Quantum Rings Research,c945995d.qasm,512,340.138498,0.0746,0.0149
Quantum Rings Research,c95f41f8.qasm,16,0.188412,0.0005,0.0267
Quantum Rings Research,c95f41f8.qasm,64,0.364308,0.0005,0.0142
Quantum Rings Research,c95f41f8.qasm,512,0.186283,0.0005,0.0140
Quantum Rings Research,c96fe790.qasm,16,261.674556,0.3633,0.0267
Quantum Rings Research,c96fe790.qasm,64,27.883026,0.3633,0.0262
Quantum Rings Research,c96fe790.qasm,512,273.165682,0.3633,0.0270
Quantum Rings Research,c999af32.qasm,16,1.144836,0.0513,0.0253
Quantum Rings Research,c999af32.qasm,64,5.083706,0.0513,0.0140
Quantum Rings Research,c999af32.qasm,512,144.417759,0.0513,0.0140
Quantum Rings Research,ca0a2ce5.qasm,16,3.349333,0.0315,0.0262
Quantum Rings Research,ca0a2ce5.qasm,64,0.166906,0.0315,0.0142
Quantum Rings Research,ca0a2ce5.qasm,512,6.964933,0.0315,0.0144
Quantum Rings Research,ca634f4d.qasm,16,1.106442,0.0331,0.0253
Quantum Rings Research,ca634f4d.qasm,64,2.276807,0.0331,0.0255
Quantum Rings Research,ca634f4d.qasm,512,22.718093,0.0331,0.0136
Quantum Rings Research,ca8c6d9a.qasm,16,2.194534,0.0984,0.0255
Quantum Rings Research,ca8c6d9a.qasm,64,12.580817,0.0984,0.0270
Quantum Rings Research,ca8c6d9a.qasm,512,480.537944,0.0984,0.0141
Quantum Rings Research,ca980007.qasm,16,1.297329,0.0584,0.0260
Quantum Rings Research,ca980007.qasm,64,6.528984,0.0584,0.0256
Quantum Rings Research,ca980007.qasm,512,206.059306,0.0584,0.0141
Quantum Rings Research,cab2b6e9.qasm,16,1.538037,0.0666,0.0279
Quantum Rings Research,cab2b6e9.qasm,64,6.883139,0.0666,0.0143
Quantum Rings Research,cab2b6e9.qasm,512,203.432928,0.0666,0.0139
Quantum Rings Research,cb2b300f.qasm,16,1.652115,0.0734,0.0258
Quantum Rings Research,cb2b300f.qasm,64,8.963465,0.0734,0.0139
Quantum Rings Research,cb2b300f.qasm,512,340.356672,0.0734,0.0269
Quantum Rings Research,cc5bc6eb.qasm,16,0.233007,0.0018,0.0271
Quantum Rings Research,cc5bc6eb.qasm,64,1.415267,0.0018,0.0141
Quantum Rings Research,cc5bc6eb.qasm,512,0.226743,0.0018,0.0143
Quantum Rings Research,ccfd978a.qasm,16,50.573004,1.3022,0.0266
Quantum Rings Research,ccfd978a.qasm,64,3.050458,1.3022,0.0260
Quantum Rings Research,ccfd978a.qasm,512,719.070880,1.3022,0.0247
Quantum Rings Research,cd51d9b8.qasm,16,1.747896,0.0876,0.0253
Quantum Rings Research,cd51d9b8.qasm,64,12.079734,0.0876,0.0137
Quantum Rings Research,cd51d9b8.qasm,512,575.769690,0.0876,0.0272
Quantum Rings Research,cd592018.qasm,16,2.339777,0.1118,0.0277
Quantum Rings Research,cd592018.qasm,64,16.342601,0.1118,0.0136
Quantum Rings Research,cd592018.qasm,512,654.767930,0.1118,0.0255
Quantum Rings Research,cd5b55b6.qasm,16,0.225522,0.0007,0.0143
Quantum Rings Research,cd5b55b6.qasm,64,0.183927,0.0007,0.0143
Quantum Rings Research,cd5b55b6.qasm,512,0.217827,0.0007,0.0262
Quantum Rings Research,ce4f4dde.qasm,16,0.184110,0.0053,0.0254
Quantum Rings Research,ce4f4dde.qasm,64,4.119189,0.0053,0.0249
Quantum Rings Research,ce4f4dde.qasm,512,0.183168,0.0053,0.0275
Quantum Rings Research,ce7207a3.qasm,16,3.325154,0.0314,0.0145
Quantum Rings Research,ce7207a3.qasm,64,0.180779,0.0314,0.0228
Quantum Rings Research,ce7207a3.qasm,512,7.071774,0.0314,0.0139
Quantum Rings Research,cee426fe.qasm,16,76.146561,0.1320,0.0144
Quantum Rings Research,cee426fe.qasm,64,126.952025,0.1320,0.0256
Quantum Rings Research,cee426fe.qasm,512,9521.387492,0.1320,0.0251
Quantum Rings Research,cf2c4cc9.qasm,16,0.184137,0.0007,0.0271
Quantum Rings Research,cf2c4cc9.qasm,64,0.316285,0.0007,0.0260
Quantum Rings Research,cf2c4cc9.qasm,512,0.174867,0.0007,0.0143
Quantum Rings Research,cf5bfeb1.qasm,16,2.257775,0.1008,0.0271
Quantum Rings Research,cf5bfeb1.qasm,64,13.021939,0.1008,0.0146
Quantum Rings Research,cf5bfeb1.qasm,512,435.591091,0.1008,0.0142
Quantum Rings Research,d168a391.qasm,16,0.176889,0.0069,0.0141
Quantum Rings Research,d168a391.qasm,64,2.560164,0.0069,0.0141
Quantum Rings Research,d168a391.qasm,512,0.170120,0.0069,0.0142
Quantum Rings Research,d20d9d2e.qasm,16,7.878762,0.0930,0.0274
Quantum Rings Research,d20d9d2e.qasm,64,0.209241,0.0930,0.0136
Quantum Rings Research,d20d9d2e.qasm,512,38.630835,0.0930,0.0271
Quantum Rings Research,d21812d8.qasm,16,6.279096,0.0815,0.0253
Quantum Rings Research,d21812d8.qasm,64,0.180442,0.0815,0.0143
Quantum Rings Research,d21812d8.qasm,512,33.189339,0.0815,0.0251
Quantum Rings Research,d2ffaf7e.qasm,16,0.223702,0.0027,0.0251
Quantum Rings Research,d2ffaf7e.qasm,64,2.592750,0.0027,0.0282
Quantum Rings Research,d2ffaf7e.qasm,512,0.225614,0.0027,0.0273
Quantum Rings Research,d3f98c63.qasm,16,2.233906,0.1020,0.0255
Quantum Rings Research,d3f98c63.qasm,64,12.997178,0.1020,0.0268
Quantum Rings Research,d3f98c63.qasm,512,562.387603,0.1020,0.0146
Quantum Rings Research,d3f998bc.qasm,16,1.705083,0.0878,0.0269
Quantum Rings Research,d3f998bc.qasm,64,12.211351,0.0878,0.0269
Quantum Rings Research,d3f998bc.qasm,512,467.539632,0.0878,0.0263
Quantum Rings Research,d49ba491.qasm,16,1.025774,0.0495,0.0249
Quantum Rings Research,d49ba491.qasm,64,4.315103,0.0495,0.0258
Quantum Rings Research,d49ba491.qasm,512,96.343279,0.0495,0.0245
Quantum Rings Research,d4a7f2c7.qasm,16,0.564293,0.0251,0.0258
Quantum Rings Research,d4a7f2c7.qasm,64,1.109701,0.0251,0.0143
Quantum Rings Research,d4a7f2c7.qasm,512,2.735534,0.0251,0.0138
Quantum Rings Research,d706049b.qasm,16,0.247219,0.0010,0.0145
Quantum Rings Research,d706049b.qasm,64,1.777289,0.0010,0.0144
Quantum Rings Research,d706049b.qasm,512,1.494577,0.0010,0.0259
Quantum Rings Research,d70a0bd6.qasm,16,421.035758,4.8614,0.0267
Quantum Rings Research,d70a0bd6.qasm,64,53.056988,4.8614,0.0265
Quantum Rings Research,d70a0bd6.qasm,512,11814.020758,4.8614,0.0140
Quantum Rings Research,d7fe8918.qasm,16,154.491646,0.0178,0.0252
Quantum Rings Research,d7fe8918.qasm,64,75.198021,0.0178,0.0259
Quantum Rings Research,d7fe8918.qasm,512,147.158350,0.0178,0.0253
Quantum Rings Research,d87e1b4b.qasm,16,0.179217,0.0109,0.0273
Quantum Rings Research,d87e1b4b.qasm,64,10.475228,0.0109,0.0266
Quantum Rings Research,d87e1b4b.qasm,512,0.188338,0.0109,0.0261
Quantum Rings Research,d9b603b5.qasm,16,1.240429,0.0417,0.0261
Quantum Rings Research,d9b603b5.qasm,64,3.416355,0.0417,0.0246
Quantum Rings Research,d9b603b5.qasm,512,69.371556,0.0417,0.0246
Quantum Rings Research,d9c77e07.qasm,16,0.179866,0.0006,0.0266
Quantum Rings Research,d9c77e07.qasm,64,0.179432,0.0006,0.0256
Quantum Rings Research,d9c77e07.qasm,512,0.185690,0.0006,0.0143
Quantum Rings Research,da0e58a0.qasm,16,5.757677,0.1415,0.0146
Quantum Rings Research,da0e58a0.qasm,64,0.375900,0.1415,0.0266
Quantum Rings Research,da0e58a0.qasm,512,273.139334,0.1415,0.0142
Quantum Rings Research,da213329.qasm,16,2.129645,0.0960,0.0273
Quantum Rings Research,da213329.qasm,64,12.178248,0.0960,0.0263
Quantum Rings Research,da213329.qasm,512,486.675539,0.0960,0.0252
Quantum Rings Research,da3a2f77.qasm,16,2.355820,0.1175,0.0274
Quantum Rings Research,da3a2f77.qasm,64,18.106845,0.1175,0.0263
Quantum Rings Research,da3a2f77.qasm,512,771.552718,0.1175,0.0141
Quantum Rings Research,da4d0871.qasm,16,57.318280,1.3297,0.0276
Quantum Rings Research,da4d0871.qasm,64,3.468475,1.3297,0.0231
Quantum Rings Research,da4d0871.qasm,512,754.888583,1.3297,0.0144
Quantum Rings Research,da505823.qasm,16,1.296247,0.0600,0.0247
Quantum Rings Research,da505823.qasm,64,6.560295,0.0600,0.0280
Quantum Rings Research,da505823.qasm,512,208.364420,0.0600,0.0275
Quantum Rings Research,da601912.qasm,16,129.530094,1.2217,0.0253
Quantum Rings Research,da601912.qasm,64,19.489217,1.2217,0.0270
Quantum Rings Research,da601912.qasm,512,7854.889357,1.2217,0.0263
Quantum Rings Research,dae23358.qasm,16,1.385924,0.0571,0.0270
Quantum Rings Research,dae23358.qasm,64,5.728052,0.0571,0.0137
Quantum Rings Research,dae23358.qasm,512,133.574869,0.0571,0.0138
Quantum Rings Research,db12c1f0.qasm,16,1.297818,0.0077,0.0143
Quantum Rings Research,db12c1f0.qasm,64,0.553801,0.0077,0.0141
Quantum Rings Research,db12c1f0.qasm,512,1.240071,0.0077,0.0246
Quantum Rings Research,db6ca211.qasm,16,0.288673,0.0171,0.0255
Quantum Rings Research,db6ca211.qasm,64,9.287571,0.0171,0.0264
Quantum Rings Research,db6ca211.qasm,512,0.283316,0.0171,0.0262
Quantum Rings Research,dbcc99b4.qasm,16,0.172002,0.0042,0.0261
Quantum Rings Research,dbcc99b4.qasm,64,1.058348,0.0042,0.0256
Quantum Rings Research,dbcc99b4.qasm,512,0.171320,0.0042,0.0249
Quantum Rings Research,dc86453a.qasm,16,66.162025,0.6125,0.0251
Quantum Rings Research,dc86453a.qasm,64,19.212131,0.6125,0.0257
Quantum Rings Research,dc86453a.qasm,512,406.037982,0.6125,0.0263
Quantum Rings Research,de690b52.qasm,16,1.208488,0.0444,0.0272
Quantum Rings Research,de690b52.qasm,64,4.172314,0.0444,0.0242
Quantum Rings Research,de690b52.qasm,512,92.178096,0.0444,0.0139
Quantum Rings Research,deb00fe1.qasm,16,0.183141,0.0018,0.0143
Quantum Rings Research,deb00fe1.qasm,64,0.534497,0.0018,0.0272
Quantum Rings Research,deb00fe1.qasm,512,0.214040,0.0018,0.0271
Quantum Rings Research,df1a7a89.qasm,16,14159.582721,3.1592,0.0276
Quantum Rings Research,df1a7a89.qasm,64,9741.147275,3.1592,0.0142
Quantum Rings Research,df1a7a89.qasm,512,13059.541186,3.1592,0.0249
Quantum Rings Research,df43c2c2.qasm,16,1.880694,0.0918,0.0275
Quantum Rings Research,df43c2c2.qasm,64,11.439184,0.0918,0.0144
Quantum Rings Research,df43c2c2.qasm,512,466.939916,0.0918,0.0142
Quantum Rings Research,df458745.qasm,16,1.722320,0.1721,0.0265
Quantum Rings Research,df458745.qasm,64,2.034735,0.1721,0.0250
Quantum Rings Research,df458745.qasm,512,1.540340,0.1721,0.0141
Quantum Rings Research,df75e229.qasm,16,2.295620,0.1101,0.0255
Quantum Rings Research,df75e229.qasm,64,16.222513,0.1101,0.0279
Quantum Rings Research,df75e229.qasm,512,638.670780,0.1101,0.0266
Quantum Rings Research,e10d312f.qasm,16,8.734579,0.5749,0.0257
Quantum Rings Research,e10d312f.qasm,64,7.985926,0.5749,0.0135
Quantum Rings Research,e10d312f.qasm,512,9.890983,0.5749,0.0256
Quantum Rings Research,e260fc6a.qasm,16,0.245822,0.0416,0.0276
Quantum Rings Research,e260fc6a.qasm,64,0.387366,0.0416,0.0142
Quantum Rings Research,e260fc6a.qasm,512,0.230170,0.0416,0.0268
Quantum Rings Research,e3863462.qasm,16,9.811513,0.0294,0.0142
Quantum Rings Research,e3863462.qasm,64,36.665362,0.0294,0.0263
Quantum Rings Research,e3863462.qasm,512,3364.993530,0.0294,0.0142
Quantum Rings Research,e3b97044.qasm,16,2.598359,0.1286,0.0257
Quantum Rings Research,e3b97044.qasm,64,18.355116,0.1286,0.0266
Quantum Rings Research,e3b97044.qasm,512,697.816198,0.1286,0.0262
Quantum Rings Research,e4a4359e.qasm,16,174.387946,3.6317,0.0144
Quantum Rings Research,e4a4359e.qasm,64,7.206081,3.6317,0.0270
Quantum Rings Research,e4a4359e.qasm,512,1119.501188,3.6317,0.0249
Quantum Rings Research,e4b50619.qasm,16,0.188562,0.0004,0.0144
Quantum Rings Research,e4b50619.qasm,64,0.260243,0.0004,0.0255
Quantum Rings Research,e4b50619.qasm,512,0.189804,0.0004,0.0255
Quantum Rings Research,e61acd2b.qasm,16,0.518986,0.0182,0.0148
Quantum Rings Research,e61acd2b.qasm,64,0.339473,0.0182,0.0258
Quantum Rings Research,e61acd2b.qasm,512,0.341160,0.0182,0.0252
Quantum Rings Research,e66c3381.qasm,16,2.192351,0.0977,0.0274
Quantum Rings Research,e66c3381.qasm,64,12.681309,0.0977,0.0270
Quantum Rings Research,e66c3381.qasm,512,525.205379,0.0977,0.0271
Quantum Rings Research,e698c12d.qasm,16,0.213973,0.0004,0.0139
Quantum Rings Research,e698c12d.qasm,64,0.177544,0.0004,0.0140
Quantum Rings Research,e698c12d.qasm,512,0.183922,0.0004,0.0141
Quantum Rings Research,e7296260.qasm,16,2.398876,0.1173,0.0267
Quantum Rings Research,e7296260.qasm,64,18.155558,0.1173,0.0258
Quantum Rings Research,e7296260.qasm,512,790.672537,0.1173,0.0249
Quantum Rings Research,e751ad87.qasm,16,6.004215,0.3233,0.0265
Quantum Rings Research,e751ad87.qasm,64,4.202669,0.3233,0.0230
Quantum Rings Research,e751ad87.qasm,512,6.329835,0.3233,0.0251
Quantum Rings Research,e7540ce6.qasm,16,3.101147,0.1468,0.0237
Quantum Rings Research,e7540ce6.qasm,64,25.671189,0.1468,0.0137
Quantum Rings Research,e7540ce6.qasm,512,1079.696706,0.1468,0.0270
Quantum Rings Research,e815593a.qasm,16,0.196561,0.0015,0.0257
Quantum Rings Research,e815593a.qasm,64,0.284805,0.0015,0.0141
Quantum Rings Research,e815593a.qasm,512,0.203272,0.0015,0.0134
Quantum Rings Research,e893b1a5.qasm,16,24.590293,0.6341,0.0144
Quantum Rings Research,e893b1a5.qasm,64,2.051094,0.6341,0.0140
Quantum Rings Research,e893b1a5.qasm,512,611.387620,0.6341,0.0259
Quantum Rings Research,ea801020.qasm,16,176.287059,0.3717,0.0266
Quantum Rings Research,ea801020.qasm,64,21.258419,0.3717,0.0260
Quantum Rings Research,ea801020.qasm,512,154.960548,0.3717,0.0233
Quantum Rings Research,eb153d64.qasm,16,0.179480,0.0027,0.0144
Quantum Rings Research,eb153d64.qasm,64,4.719149,0.0027,0.0238
Quantum Rings Research,eb153d64.qasm,512,0.172444,0.0027,0.0139
Quantum Rings Research,ebb0ac17.qasm,16,1.172260,0.0050,0.0269
Quantum Rings Research,ebb0ac17.qasm,64,1.166323,0.0050,0.0248
Quantum Rings Research,ebb0ac17.qasm,512,2.226618,0.0050,0.0250
Quantum Rings Research,ebc18fd7.qasm,16,6.923917,0.1532,0.0269
Quantum Rings Research,ebc18fd7.qasm,64,2.990588,0.1532,0.0136
Quantum Rings Research,ebc18fd7.qasm,512,6.429969,0.1532,0.0142
Quantum Rings Research,ebc3e166.qasm,16,5197.133941,2.0265,0.0144
Quantum Rings Research,ebc3e166.qasm,64,645.203209,2.0265,0.0269
Quantum Rings Research,ebc3e166.qasm,512,11031.037367,2.0265,0.0259
Quantum Rings Research,ec70915a.qasm,16,1.083755,0.0082,0.0246
Quantum Rings Research,ec70915a.qasm,64,5.060433,0.0082,0.0269
Quantum Rings Research,ec70915a.qasm,512,204.215985,0.0082,0.0258
Quantum Rings Research,eca6fb66.qasm,16,2.061492,0.0981,0.0267
Quantum Rings Research,eca6fb66.qasm,64,12.506631,0.0981,0.0271
Quantum Rings Research,eca6fb66.qasm,512,509.897059,0.0981,0.0141
Quantum Rings Research,ed52defd.qasm,16,0.593096,0.0194,0.0142
Quantum Rings Research,ed52defd.qasm,64,0.453391,0.0194,0.0261
Quantum Rings Research,ed52defd.qasm,512,0.458777,0.0194,0.0143
Quantum Rings Research,eefd994e.qasm,16,2.245268,0.1017,0.0246
Quantum Rings Research,eefd994e.qasm,64,12.947138,0.1017,0.0253
Quantum Rings Research,eefd994e.qasm,512,567.566168,0.1017,0.0142
Quantum Rings Research,ef8d10d7.qasm,16,3.369713,0.0289,0.0266
Quantum Rings Research,ef8d10d7.qasm,64,0.373561,0.0289,0.0137
Quantum Rings Research,ef8d10d7.qasm,512,656.156454,0.0289,0.0142
Quantum Rings Research,efafd44f.qasm,16,4.229350,0.0015,0.0255
Quantum Rings Research,efafd44f.qasm,64,4.219284,0.0015,0.0255
Quantum Rings Research,efafd44f.qasm,512,4.536696,0.0015,0.0142
Quantum Rings Research,f030e083.qasm,16,15.146932,0.0441,0.0271
Quantum Rings Research,f030e083.qasm,64,54.651277,0.0441,0.0268
Quantum Rings Research,f030e083.qasm,512,4131.647229,0.0441,0.0259
Quantum Rings Research,f05a6196.qasm,16,176.287059,0.3975,0.0261
Quantum Rings Research,f05a6196.qasm,64,21.258419,0.3975,0.0143
Quantum Rings Research,f05a6196.qasm,512,154.960548,0.3975,0.0144
Quantum Rings Research,f0c5e28f.qasm,16,0.184387,0.0009,0.0261
Quantum Rings Research,f0c5e28f.qasm,64,0.172619,0.0009,0.0144
Quantum Rings Research,f0c5e28f.qasm,512,0.178474,0.0009,0.0143
Quantum Rings Research,f0e878db.qasm,16,2.491010,0.0426,0.0260
Quantum Rings Research,f0e878db.qasm,64,10.301158,0.0426,0.0273
Quantum Rings Research,f0e878db.qasm,512,414.700669,0.0426,0.0254
Quantum Rings Research,f0e91b40.qasm,16,1.954456,0.0184,0.0271
Quantum Rings Research,f0e91b40.qasm,64,4.946703,0.0184,0.0142
Quantum Rings Research,f0e91b40.qasm,512,344.910127,0.0184,0.0252
Quantum Rings Research,f1167cc3.qasm,16,1.398765,0.0571,0.0251
Quantum Rings Research,f1167cc3.qasm,64,5.708188,0.0571,0.0274
Quantum Rings Research,f1167cc3.qasm,512,132.150386,0.0571,0.0266
Quantum Rings Research,f163436d.qasm,16,0.199645,0.0004,0.0262
Quantum Rings Research,f163436d.qasm,64,0.204041,0.0004,0.0253
Quantum Rings Research,f163436d.qasm,512,0.206415,0.0004,0.0267
Quantum Rings Research,f1bcea54.qasm,16,1.882726,0.0874,0.0270
Quantum Rings Research,f1bcea54.qasm,64,10.702711,0.0874,0.0272
Quantum Rings Research,f1bcea54.qasm,512,447.894380,0.0874,0.0268
Quantum Rings Research,f27a09cf.qasm,16,0.175595,0.0051,0.0273
Quantum Rings Research,f27a09cf.qasm,64,9.834738,0.0051,0.0253
Quantum Rings Research,f27a09cf.qasm,512,0.191647,0.0051,0.0251
Quantum Rings Research,f2a5a67a.qasm,16,0.458985,0.0181,0.0140
Quantum Rings Research,f2a5a67a.qasm,64,0.343469,0.0181,0.0139
Quantum Rings Research,f2a5a67a.qasm,512,0.329211,0.0181,0.0143
Quantum Rings Research,f5398281.qasm,16,2.379069,0.1181,0.0145
Quantum Rings Research,f5398281.qasm,64,18.113026,0.1181,0.0266
Quantum Rings Research,f5398281.qasm,512,488.384759,0.1181,0.0258
Quantum Rings Research,f5aeb6f0.qasm,16,2.228644,0.0979,0.0272
Quantum Rings Research,f5aeb6f0.qasm,64,12.672678,0.0979,0.0266
Quantum Rings Research,f5aeb6f0.qasm,512,526.290421,0.0979,0.0138
Quantum Rings Research,f5d72dae.qasm,16,0.383176,0.0013,0.0142
Quantum Rings Research,f5d72dae.qasm,64,1.863591,0.0013,0.0138
Quantum Rings Research,f5d72dae.qasm,512,20.992927,0.0013,0.0138
Quantum Rings Research,f67ec297.qasm,16,1.389666,0.0685,0.0269
Quantum Rings Research,f67ec297.qasm,64,7.947731,0.0685,0.0248
Quantum Rings Research,f67ec297.qasm,512,286.231522,0.0685,0.0143
Quantum Rings Research,f7ff0727.qasm,16,0.187277,0.0003,0.0259
Quantum Rings Research,f7ff0727.qasm,64,0.176581,0.0003,0.0254
Quantum Rings Research,f7ff0727.qasm,512,0.182071,0.0003,0.0143
Quantum Rings Research,f8a38627.qasm,16,178.579400,0.8045,0.0242
Quantum Rings Research,f8a38627.qasm,64,266.535031,0.8045,0.0141
Quantum Rings Research,f8a38627.qasm,512,12276.766884,0.8045,0.0250
Quantum Rings Research,f8d235ae.qasm,16,0.197578,0.0010,0.0267
Quantum Rings Research,f8d235ae.qasm,64,0.220489,0.0010,0.0254
Quantum Rings Research,f8d235ae.qasm,512,0.200645,0.0010,0.0239
Quantum Rings Research,f98536e0.qasm,16,0.178976,0.0004,0.0134
Quantum Rings Research,f98536e0.qasm,64,0.167966,0.0004,0.0142
Quantum Rings Research,f98536e0.qasm,512,0.175051,0.0004,0.0140
Quantum Rings Research,f9fee41b.qasm,16,2.553248,0.1255,0.0257
Quantum Rings Research,f9fee41b.qasm,64,18.411396,0.1255,0.0245
Quantum Rings Research,f9fee41b.qasm,512,707.920244,0.1255,0.0270
Quantum Rings Research,fabdaac7.qasm,16,0.183715,0.0033,0.0236
Quantum Rings Research,fabdaac7.qasm,64,1.169442,0.0033,0.0262
Quantum Rings Research,fabdaac7.qasm,512,0.183263,0.0033,0.0240
Quantum Rings Research,fadf1f0d.qasm,16,175.816416,3.7160,0.0273
Quantum Rings Research,fadf1f0d.qasm,64,7.242620,3.7160,0.0263
Quantum Rings Research,fadf1f0d.qasm,512,1121.981091,3.7160,0.0264
Quantum Rings Research,fb107df5.qasm,16,15.105998,0.0030,0.0251
Quantum Rings Research,fb107df5.qasm,64,15.042916,0.0030,0.0143
Quantum Rings Research,fb107df5.qasm,512,14.901717,0.0030,0.0140
Quantum Rings Research,fb7e6eb0.qasm,16,3.656400,0.0069,0.0251
Quantum Rings Research,fb7e6eb0.qasm,64,13.127126,0.0069,0.0260
Quantum Rings Research,fb7e6eb0.qasm,512,566.741873,0.0069,0.0253
Quantum Rings Research,fb8a2851.qasm,16,0.170803,0.0018,0.0142
Quantum Rings Research,fb8a2851.qasm,64,1.249123,0.0018,0.0247
Quantum Rings Research,fb8a2851.qasm,512,0.177620,0.0018,0.0269
Quantum Rings Research,fb9223a1.qasm,16,0.179769,0.0007,0.0271
Quantum Rings Research,fb9223a1.qasm,64,0.169528,0.0007,0.0239
Quantum Rings Research,fb9223a1.qasm,512,0.183285,0.0007,0.0139
Quantum Rings Research,fb9be929.qasm,16,0.211021,0.0003,0.0143
Quantum Rings Research,fb9be929.qasm,64,0.191026,0.0003,0.0269
Quantum Rings Research,fb9be929.qasm,512,0.206297,0.0003,0.0268
Quantum Rings Research,fbcf0ea3.qasm,16,2.068674,0.0961,0.0270
Quantum Rings Research,fbcf0ea3.qasm,64,12.519132,0.0961,0.0255
Quantum Rings Research,fbcf0ea3.qasm,512,498.313931,0.0961,0.0235
Quantum Rings Research,fbdc2a1f.qasm,16,0.576306,0.0198,0.0271
Quantum Rings Research,fbdc2a1f.qasm,64,0.453181,0.0198,0.0250
Quantum Rings Research,fbdc2a1f.qasm,512,0.459914,0.0198,0.0262
Quantum Rings Research,fbe1d41c.qasm,16,0.212330,0.0008,0.0269
Quantum Rings Research,fbe1d41c.qasm,64,0.181176,0.0008,0.0245
Quantum Rings Research,fbe1d41c.qasm,512,0.208033,0.0008,0.0141
Quantum Rings Research,fc1ce5ab.qasm,16,60.238140,1.7770,0.0263
Quantum Rings Research,fc1ce5ab.qasm,64,3.227894,1.7770,0.0259
Quantum Rings Research,fc1ce5ab.qasm,512,842.930600,1.7770,0.0256
Quantum Rings Research,fc330f35.qasm,16,1.886628,0.0905,0.0274
Quantum Rings Research,fc330f35.qasm,64,11.249938,0.0905,0.0144
Quantum Rings Research,fc330f35.qasm,512,459.117393,0.0905,0.0144
Quantum Rings Research,fc56714f.qasm,16,0.175212,0.0010,0.0141
Quantum Rings Research,fc56714f.qasm,64,0.180352,0.0010,0.0138
Quantum Rings Research,fc56714f.qasm,512,0.180611,0.0010,0.0263
Quantum Rings Research,fc5872f2.qasm,16,377.036936,4.8916,0.0281
Quantum Rings Research,fc5872f2.qasm,64,102.225738,4.8916,0.0269
Quantum Rings Research,fc5872f2.qasm,512,3196.738951,4.8916,0.0251
Quantum Rings Research,fc66bdd4.qasm,16,0.896541,0.0775,0.0269
Quantum Rings Research,fc66bdd4.qasm,64,1.261522,0.0775,0.0251
Quantum Rings Research,fc66bdd4.qasm,512,0.886600,0.0775,0.0146
Quantum Rings Research,fdf0b97e.qasm,16,1.996768,0.0916,0.0263
Quantum Rings Research,fdf0b97e.qasm,64,11.477570,0.0916,0.0253
Quantum Rings Research,fdf0b97e.qasm,512,438.352549,0.0916,0.0265
Quantum Rings Research,ffe82f32.qasm,16,0.210582,0.0007,0.0252
Quantum Rings Research,ffe82f32.qasm,64,1.301102,0.0007,0.0276
Quantum Rings Research,ffe82f32.qasm,512,1.354702,0.0007,0.0144
