team,filename,threshold,pred_duration_s,parse_s,predict_s
Quantum Rings Research,0071a13b.qasm,16,1.869390,0.2201,0.0349
Quantum Rings Research,0071a13b.qasm,64,11.329837,0.2201,0.0291
Quantum Rings Research,0071a13b.qasm,512,464.977381,0.2201,0.0289
Quantum Rings Research,00c20ece.qasm,16,160.541591,0.2535,0.0281
Quantum Rings Research,00c20ece.qasm,64,169.140610,0.2535,0.0269
Quantum Rings Research,00c20ece.qasm,512,159.550809,0.2535,0.0274
Quantum Rings Research,03042ac9.qasm,16,1.867830,0.2115,0.0285
Quantum Rings Research,03042ac9.qasm,64,11.273904,0.2115,0.0269
Quantum Rings Research,03042ac9.qasm,512,464.415624,0.2115,0.0267
Quantum Rings Research,03934028.qasm,16,1729.749844,6.8041,0.0283
Quantum Rings Research,03934028.qasm,64,1300.740600,6.8041,0.0269
Quantum Rings Research,03934028.qasm,512,14400.000000,6.8041,0.0267
Quantum Rings Research,03ee478e.qasm,16,0.177569,0.0034,0.0265
Quantum Rings Research,03ee478e.qasm,64,1.116009,0.0034,0.0270
Quantum Rings Research,03ee478e.qasm,512,0.188584,0.0034,0.0272
Quantum Rings Research,04276362.qasm,16,0.186501,0.0013,0.0283
Quantum Rings Research,04276362.qasm,64,0.208291,0.0013,0.0289
Quantum Rings Research,04276362.qasm,512,0.189411,0.0013,0.0288
Quantum Rings Research,0491d461.qasm,16,0.541020,0.0657,0.0305
Quantum Rings Research,0491d461.qasm,64,1.343988,0.0657,0.0277
Quantum Rings Research,0491d461.qasm,512,3.475314,0.0657,0.0288
Quantum Rings Research,0525d9ee.qasm,16,0.540550,0.0645,0.0296
Quantum Rings Research,0525d9ee.qasm,64,1.345768,0.0645,0.0287
Quantum Rings Research,0525d9ee.qasm,512,3.492170,0.0645,0.0291
Quantum Rings Research,0534bf07.qasm,16,14400.000000,2.6955,0.0269
Quantum Rings Research,0534bf07.qasm,64,1958.380011,2.6955,0.0268
Quantum Rings Research,0534bf07.qasm,512,14400.000000,2.6955,0.0261
Quantum Rings Research,055dc894.qasm,16,4.761912,0.0677,0.0272
Quantum Rings Research,055dc894.qasm,64,8.167561,0.0677,0.0264
Quantum Rings Research,055dc894.qasm,512,1402.064793,0.0677,0.0272
Quantum Rings Research,056c2b99.qasm,16,0.582218,0.0464,0.0269
Quantum Rings Research,056c2b99.qasm,64,0.453361,0.0464,0.0259
Quantum Rings Research,056c2b99.qasm,512,0.453326,0.0464,0.0273
Quantum Rings Research,058c7d32.qasm,16,0.243385,0.0322,0.0273
Quantum Rings Research,058c7d32.qasm,64,0.615491,0.0322,0.0273
Quantum Rings Research,058c7d32.qasm,512,1.375720,0.0322,0.0270
Quantum Rings Research,067475b0.qasm,16,1.395604,0.1314,0.0276
Quantum Rings Research,067475b0.qasm,64,5.715344,0.1314,0.0268
Quantum Rings Research,067475b0.qasm,512,133.760179,0.1314,0.0277
Quantum Rings Research,06857ab2.qasm,16,86.712542,0.8148,0.0278
Quantum Rings Research,06857ab2.qasm,64,144.524377,0.8148,0.0269
Quantum Rings Research,06857ab2.qasm,512,5112.262998,0.8148,0.0270
Quantum Rings Research,06a7dabf.qasm,16,1.443465,0.1697,0.0272
Quantum Rings Research,06a7dabf.qasm,64,8.493513,0.1697,0.0272
Quantum Rings Research,06a7dabf.qasm,512,309.165336,0.1697,0.0273
Quantum Rings Research,06e45cf2.qasm,16,0.573054,0.0575,0.0266
Quantum Rings Research,06e45cf2.qasm,64,1.119275,0.0575,0.0258
Quantum Rings Research,06e45cf2.qasm,512,2.751970,0.0575,0.0270
Quantum Rings Research,0732491c.qasm,16,5.045997,1.2510,0.0269
Quantum Rings Research,0732491c.qasm,64,2.044604,1.2510,0.0266
Quantum Rings Research,0732491c.qasm,512,5.868027,1.2510,0.0261
Quantum Rings Research,07fc5b22.qasm,16,0.540439,0.0609,0.0276
Quantum Rings Research,07fc5b22.qasm,64,1.341214,0.0609,0.0268
Quantum Rings Research,07fc5b22.qasm,512,3.476453,0.0609,0.0270
Quantum Rings Research,08239e90.qasm,16,57.335351,2.3778,0.0275
Quantum Rings Research,08239e90.qasm,64,3.246173,2.3778,0.0270
Quantum Rings Research,08239e90.qasm,512,1019.098588,2.3778,0.0264
Quantum Rings Research,0885b672.qasm,16,1.652493,0.1667,0.0277
Quantum Rings Research,0885b672.qasm,64,8.937037,0.1667,0.0262
Quantum Rings Research,0885b672.qasm,512,335.059436,0.1667,0.0271
Quantum Rings Research,0a0f4c36.qasm,16,0.189754,0.0113,0.0270
Quantum Rings Research,0a0f4c36.qasm,64,0.256800,0.0113,0.0272
Quantum Rings Research,0a0f4c36.qasm,512,0.172550,0.0113,0.0263
Quantum Rings Research,0b0e43d6.qasm,16,1.791185,0.1902,0.0274
Quantum Rings Research,0b0e43d6.qasm,64,9.974412,0.1902,0.0268
Quantum Rings Research,0b0e43d6.qasm,512,373.259948,0.1902,0.0263
Quantum Rings Research,0b325fdd.qasm,16,190.234780,4.1908,0.0273
Quantum Rings Research,0b325fdd.qasm,64,7.268127,4.1908,0.0270
Quantum Rings Research,0b325fdd.qasm,512,14400.000000,4.1908,0.0274
Quantum Rings Research,0bde3200.qasm,16,0.235672,0.0008,0.0260
Quantum Rings Research,0bde3200.qasm,64,0.240006,0.0008,0.0267
Quantum Rings Research,0bde3200.qasm,512,0.283915,0.0008,0.0265
Quantum Rings Research,0c0ce4a1.qasm,16,0.584294,0.0464,0.0267
Quantum Rings Research,0c0ce4a1.qasm,64,0.454751,0.0464,0.0275
Quantum Rings Research,0c0ce4a1.qasm,512,0.455058,0.0464,0.0267
Quantum Rings Research,0c676248.qasm,16,0.169583,0.0206,0.0272
Quantum Rings Research,0c676248.qasm,64,10.242587,0.0206,0.0267
Quantum Rings Research,0c676248.qasm,512,0.180903,0.0206,0.0264
Quantum Rings Research,0cc92082.qasm,16,0.243380,0.0375,0.0272
Quantum Rings Research,0cc92082.qasm,64,0.497265,0.0375,0.0262
Quantum Rings Research,0cc92082.qasm,512,0.216137,0.0375,0.0267
Quantum Rings Research,0cd81bd7.qasm,16,1.397128,0.1535,0.0278
Quantum Rings Research,0cd81bd7.qasm,64,7.964950,0.1535,0.0272
Quantum Rings Research,0cd81bd7.qasm,512,285.288785,0.1535,0.0270
Quantum Rings Research,0d08bd43.qasm,16,2490.503524,2.9020,0.0273
Quantum Rings Research,0d08bd43.qasm,64,272.955196,2.9020,0.0266
Quantum Rings Research,0d08bd43.qasm,512,14400.000000,2.9020,0.0267
Quantum Rings Research,0d094263.qasm,16,0.189767,0.0008,0.0272
Quantum Rings Research,0d094263.qasm,64,0.323263,0.0008,0.0275
Quantum Rings Research,0d094263.qasm,512,0.182872,0.0008,0.0269
Quantum Rings Research,0d6f51b4.qasm,16,0.186365,0.0011,0.0267
Quantum Rings Research,0d6f51b4.qasm,64,0.216858,0.0011,0.0265
Quantum Rings Research,0d6f51b4.qasm,512,0.175686,0.0011,0.0271
Quantum Rings Research,0e8ddfa3.qasm,16,1.184105,0.0958,0.0268
Quantum Rings Research,0e8ddfa3.qasm,64,3.414165,0.0958,0.0266
Quantum Rings Research,0e8ddfa3.qasm,512,71.951608,0.0958,0.0266
Quantum Rings Research,0ee54ab9.qasm,16,0.181455,0.0123,0.0265
Quantum Rings Research,0ee54ab9.qasm,64,0.222247,0.0123,0.0264
Quantum Rings Research,0ee54ab9.qasm,512,0.181444,0.0123,0.0267
Quantum Rings Research,0f6ae53c.qasm,16,0.180664,0.0131,0.0267
Quantum Rings Research,0f6ae53c.qasm,64,0.636240,0.0131,0.0264
Quantum Rings Research,0f6ae53c.qasm,512,0.187369,0.0131,0.0263
Quantum Rings Research,10761caa.qasm,16,1.206381,0.0999,0.0267
Quantum Rings Research,10761caa.qasm,64,4.163119,0.0999,0.0267
Quantum Rings Research,10761caa.qasm,512,91.953799,0.0999,0.0269
Quantum Rings Research,10ea3498.qasm,16,0.178592,0.0087,0.0275
Quantum Rings Research,10ea3498.qasm,64,1.195088,0.0087,0.0267
Quantum Rings Research,10ea3498.qasm,512,0.174824,0.0087,0.0266
Quantum Rings Research,1154e9d9.qasm,16,14400.000000,3.2850,0.0270
Quantum Rings Research,1154e9d9.qasm,64,4455.113014,3.2850,0.0264
Quantum Rings Research,1154e9d9.qasm,512,14400.000000,3.2850,0.0265
Quantum Rings Research,12157215.qasm,16,1932.147704,7.7483,0.0281
Quantum Rings Research,12157215.qasm,64,907.217648,7.7483,0.0269
Quantum Rings Research,12157215.qasm,512,14400.000000,7.7483,0.0264
Quantum Rings Research,125f60d7.qasm,16,1462.997823,13.1250,0.0274
Quantum Rings Research,125f60d7.qasm,64,795.165485,13.1250,0.0265
Quantum Rings Research,125f60d7.qasm,512,14400.000000,13.1250,0.0260
Quantum Rings Research,138d2c7b.qasm,16,1.563214,0.1642,0.0277
Quantum Rings Research,138d2c7b.qasm,64,7.720817,0.1642,0.0268
Quantum Rings Research,138d2c7b.qasm,512,264.241095,0.1642,0.0271
Quantum Rings Research,13b8e3f8.qasm,16,1.135247,0.1181,0.0276
Quantum Rings Research,13b8e3f8.qasm,64,5.070719,0.1181,0.0277
Quantum Rings Research,13b8e3f8.qasm,512,144.114276,0.1181,0.0268
Quantum Rings Research,13eb49aa.qasm,16,0.175238,0.0013,0.0275
Quantum Rings Research,13eb49aa.qasm,64,1.083878,0.0013,0.0270
Quantum Rings Research,13eb49aa.qasm,512,1.379781,0.0013,0.0264
Quantum Rings Research,14019fed.qasm,16,75.682468,0.4258,0.0272
Quantum Rings Research,14019fed.qasm,64,8.427352,0.4258,0.0265
Quantum Rings Research,14019fed.qasm,512,119.158614,0.4258,0.0265
Quantum Rings Research,149b1e7c.qasm,16,4.765464,0.0713,0.0268
Quantum Rings Research,149b1e7c.qasm,64,0.176937,0.0713,0.0264
Quantum Rings Research,149b1e7c.qasm,512,2.786737,0.0713,0.0271
Quantum Rings Research,15434610.qasm,16,1.545580,0.1647,0.0278
Quantum Rings Research,15434610.qasm,64,7.727304,0.1647,0.0272
Quantum Rings Research,15434610.qasm,512,261.584987,0.1647,0.0281
Quantum Rings Research,159b3481.qasm,16,0.573761,0.0583,0.0275
Quantum Rings Research,159b3481.qasm,64,1.119702,0.0583,0.0269
Quantum Rings Research,159b3481.qasm,512,2.751370,0.0583,0.0268
Quantum Rings Research,15c28669.qasm,16,0.282966,0.1708,0.0273
Quantum Rings Research,15c28669.qasm,64,0.397873,0.1708,0.0270
Quantum Rings Research,15c28669.qasm,512,0.292112,0.1708,0.0272
Quantum Rings Research,1619b169.qasm,16,0.175151,0.0189,0.0274
Quantum Rings Research,1619b169.qasm,64,0.172463,0.0189,0.0266
Quantum Rings Research,1619b169.qasm,512,0.182975,0.0189,0.0266
Quantum Rings Research,166e9d3a.qasm,16,0.187501,0.0074,0.0266
Quantum Rings Research,166e9d3a.qasm,64,0.172393,0.0074,0.0270
Quantum Rings Research,166e9d3a.qasm,512,0.179112,0.0074,0.0265
Quantum Rings Research,1688d759.qasm,16,1.954519,0.2285,0.0281
Quantum Rings Research,1688d759.qasm,64,14.114346,0.2285,0.0280
Quantum Rings Research,1688d759.qasm,512,557.400777,0.2285,0.0286
Quantum Rings Research,16ff70bb.qasm,16,2.125353,0.2239,0.0281
Quantum Rings Research,16ff70bb.qasm,64,12.148654,0.2239,0.0279
Quantum Rings Research,16ff70bb.qasm,512,491.843521,0.2239,0.0280
Quantum Rings Research,17253376.qasm,16,1.761608,0.1982,0.0291
Quantum Rings Research,17253376.qasm,64,12.193982,0.1982,0.0275
Quantum Rings Research,17253376.qasm,512,464.907122,0.1982,0.0278
Quantum Rings Research,173d4b8b.qasm,16,0.445977,0.0010,0.0278
Quantum Rings Research,173d4b8b.qasm,64,0.465490,0.0010,0.0275
Quantum Rings Research,173d4b8b.qasm,512,0.456383,0.0010,0.0272
Quantum Rings Research,175f2997.qasm,16,1.536668,0.1524,0.0283
Quantum Rings Research,175f2997.qasm,64,6.902047,0.1524,0.0276
Quantum Rings Research,175f2997.qasm,512,203.767910,0.1524,0.0278
Quantum Rings Research,17e5a14b.qasm,16,79.161627,3.4425,0.0277
Quantum Rings Research,17e5a14b.qasm,64,4.369790,3.4425,0.0265
Quantum Rings Research,17e5a14b.qasm,512,890.834384,3.4425,0.0272
Quantum Rings Research,195099c8.qasm,16,0.341693,0.0649,0.0284
Quantum Rings Research,195099c8.qasm,64,7.588818,0.0649,0.0277
Quantum Rings Research,195099c8.qasm,512,0.370665,0.0649,0.0267
Quantum Rings Research,19550378.qasm,16,0.689431,0.0193,0.0268
Quantum Rings Research,19550378.qasm,64,0.727854,0.0193,0.0270
Quantum Rings Research,19550378.qasm,512,0.692687,0.0193,0.0264
Quantum Rings Research,1959a985.qasm,16,4.844569,0.0680,0.0277
Quantum Rings Research,1959a985.qasm,64,14.530802,0.0680,0.0266
Quantum Rings Research,1959a985.qasm,512,1410.170218,0.0680,0.0264
Quantum Rings Research,19d587f3.qasm,16,0.181005,0.0058,0.0266
Quantum Rings Research,19d587f3.qasm,64,1.202793,0.0058,0.0271
Quantum Rings Research,19d587f3.qasm,512,0.171671,0.0058,0.0274
Quantum Rings Research,1a554de5.qasm,16,0.175233,0.0093,0.0274
Quantum Rings Research,1a554de5.qasm,64,0.192769,0.0093,0.0265
Quantum Rings Research,1a554de5.qasm,512,0.181819,0.0093,0.0266
Quantum Rings Research,1aa22822.qasm,16,21.999288,1.1782,0.0280
Quantum Rings Research,1aa22822.qasm,64,1.379233,1.1782,0.0274
Quantum Rings Research,1aa22822.qasm,512,669.629944,1.1782,0.0262
Quantum Rings Research,1af5b336.qasm,16,1.093361,0.0763,0.0274
Quantum Rings Research,1af5b336.qasm,64,2.277359,0.0763,0.0263
Quantum Rings Research,1af5b336.qasm,512,23.815899,0.0763,0.0276
Quantum Rings Research,1b91945f.qasm,16,0.574282,0.0577,0.0283
Quantum Rings Research,1b91945f.qasm,64,1.123288,0.0577,0.0269
Quantum Rings Research,1b91945f.qasm,512,2.753914,0.0577,0.0269
Quantum Rings Research,1cb3c32c.qasm,16,8.033989,0.1966,0.0274
Quantum Rings Research,1cb3c32c.qasm,64,0.377215,0.1966,0.0269
Quantum Rings Research,1cb3c32c.qasm,512,12.708460,0.1966,0.0269
Quantum Rings Research,1d1dc1d8.qasm,16,2.070401,0.2171,0.0277
Quantum Rings Research,1d1dc1d8.qasm,64,12.165263,0.2171,0.0279
Quantum Rings Research,1d1dc1d8.qasm,512,480.765196,0.2171,0.0283
Quantum Rings Research,1d4b1889.qasm,16,0.475936,0.0420,0.0275
Quantum Rings Research,1d4b1889.qasm,64,0.341140,0.0420,0.0271
Quantum Rings Research,1d4b1889.qasm,512,0.340953,0.0420,0.0268
Quantum Rings Research,1db5f683.qasm,16,2.003403,0.2122,0.0275
Quantum Rings Research,1db5f683.qasm,64,11.477458,0.2122,0.0282
Quantum Rings Research,1db5f683.qasm,512,437.418257,0.2122,0.0269
Quantum Rings Research,1f1383d7.qasm,16,0.204953,0.0158,0.0266
Quantum Rings Research,1f1383d7.qasm,64,2.370408,0.0158,0.0266
Quantum Rings Research,1f1383d7.qasm,512,0.206546,0.0158,0.0271
Quantum Rings Research,1fd34b96.qasm,16,2.675137,0.3054,0.0284
Quantum Rings Research,1fd34b96.qasm,64,21.028916,0.3054,0.0279
Quantum Rings Research,1fd34b96.qasm,512,971.271995,0.3054,0.0282
Quantum Rings Research,20448412.qasm,16,151.449821,0.2555,0.0274
Quantum Rings Research,20448412.qasm,64,175.402317,0.2555,0.0276
Quantum Rings Research,20448412.qasm,512,150.746131,0.2555,0.0264
Quantum Rings Research,2059c310.qasm,16,0.487079,0.0029,0.0278
Quantum Rings Research,2059c310.qasm,64,3.087344,0.0029,0.0272
Quantum Rings Research,2059c310.qasm,512,1.705673,0.0029,0.0267
Quantum Rings Research,2078a631.qasm,16,2.372395,0.2600,0.0269
Quantum Rings Research,2078a631.qasm,64,16.247084,0.2600,0.0275
Quantum Rings Research,2078a631.qasm,512,612.889613,0.2600,0.0279
Quantum Rings Research,208334f1.qasm,16,0.180309,0.0193,0.0268
Quantum Rings Research,208334f1.qasm,64,1.166402,0.0193,0.0264
Quantum Rings Research,208334f1.qasm,512,0.192136,0.0193,0.0265
Quantum Rings Research,2190b5a7.qasm,16,0.208438,0.0013,0.0274
Quantum Rings Research,2190b5a7.qasm,64,0.172136,0.0013,0.0270
Quantum Rings Research,2190b5a7.qasm,512,0.203756,0.0013,0.0268
Quantum Rings Research,231bbda3.qasm,16,4.581933,0.1413,0.0279
Quantum Rings Research,231bbda3.qasm,64,1.192255,0.1413,0.0270
Quantum Rings Research,231bbda3.qasm,512,4.375844,0.1413,0.0269
Quantum Rings Research,235dda60.qasm,16,2.360765,0.2581,0.0283
Quantum Rings Research,235dda60.qasm,64,16.285480,0.2581,0.0272
Quantum Rings Research,235dda60.qasm,512,492.882481,0.2581,0.0275
Quantum Rings Research,24ca3082.qasm,16,3327.421625,11.0415,0.0392
Quantum Rings Research,24ca3082.qasm,64,1752.482874,11.0415,0.0322
Quantum Rings Research,24ca3082.qasm,512,14400.000000,11.0415,0.0280
Quantum Rings Research,25e26219.qasm,16,2.151504,0.0238,0.0299
Quantum Rings Research,25e26219.qasm,64,15.775849,0.0238,0.0283
Quantum Rings Research,25e26219.qasm,512,583.980067,0.0238,0.0272
Quantum Rings Research,25e5b703.qasm,16,0.183134,0.0047,0.0285
Quantum Rings Research,25e5b703.qasm,64,0.207279,0.0047,0.0274
Quantum Rings Research,25e5b703.qasm,512,0.180635,0.0047,0.0275
Quantum Rings Research,264ca70e.qasm,16,1.657449,0.1824,0.0301
Quantum Rings Research,264ca70e.qasm,64,9.387043,0.1824,0.0276
Quantum Rings Research,264ca70e.qasm,512,347.002541,0.1824,0.0276
Quantum Rings Research,27a012bc.qasm,16,0.578297,0.0475,0.0277
Quantum Rings Research,27a012bc.qasm,64,0.454563,0.0475,0.0266
Quantum Rings Research,27a012bc.qasm,512,0.454849,0.0475,0.0272
Quantum Rings Research,27dbf314.qasm,16,3337.316536,11.6686,0.0282
Quantum Rings Research,27dbf314.qasm,64,975.116990,11.6686,0.0284
Quantum Rings Research,27dbf314.qasm,512,14400.000000,11.6686,0.0282
Quantum Rings Research,27e0ec8e.qasm,16,0.192468,0.0043,0.0284
Quantum Rings Research,27e0ec8e.qasm,64,0.514649,0.0043,0.0270
Quantum Rings Research,27e0ec8e.qasm,512,0.193726,0.0043,0.0271
Quantum Rings Research,2818a462.qasm,16,0.176629,0.0047,0.0271
Quantum Rings Research,2818a462.qasm,64,0.499351,0.0047,0.0269
Quantum Rings Research,2818a462.qasm,512,0.185504,0.0047,0.0270
Quantum Rings Research,28f914b0.qasm,16,0.192088,0.0051,0.0277
Quantum Rings Research,28f914b0.qasm,64,0.285001,0.0051,0.0272
Quantum Rings Research,28f914b0.qasm,512,0.198207,0.0051,0.0276
Quantum Rings Research,29886bb3.qasm,16,1.109841,0.0761,0.0278
Quantum Rings Research,29886bb3.qasm,64,2.281362,0.0761,0.0281
Quantum Rings Research,29886bb3.qasm,512,23.808706,0.0761,0.0269
Quantum Rings Research,29a887f9.qasm,16,1.296881,0.0253,0.0278
Quantum Rings Research,29a887f9.qasm,64,0.253446,0.0253,0.0278
Quantum Rings Research,29a887f9.qasm,512,132.266943,0.0253,0.0277
Quantum Rings Research,2a04dd73.qasm,16,2747.097802,10.5684,0.0273
Quantum Rings Research,2a04dd73.qasm,64,3950.943947,10.5684,0.0268
Quantum Rings Research,2a04dd73.qasm,512,14400.000000,10.5684,0.0265
Quantum Rings Research,2a0e53ef.qasm,16,2.330511,0.0173,0.0270
Quantum Rings Research,2a0e53ef.qasm,64,7.937990,0.0173,0.0272
Quantum Rings Research,2a0e53ef.qasm,512,359.714304,0.0173,0.0272
Quantum Rings Research,2a48defb.qasm,16,1.176642,0.0029,0.0268
Quantum Rings Research,2a48defb.qasm,64,1.123137,0.0029,0.0267
Quantum Rings Research,2a48defb.qasm,512,1.098749,0.0029,0.0272
Quantum Rings Research,2af6859b.qasm,16,1.693329,0.1999,0.0285
Quantum Rings Research,2af6859b.qasm,64,10.518984,0.1999,0.0276
Quantum Rings Research,2af6859b.qasm,512,406.730903,0.1999,0.0275
Quantum Rings Research,2afe3d2e.qasm,16,14400.000000,2.4613,0.0266
Quantum Rings Research,2afe3d2e.qasm,64,31825.429041,2.4613,0.0269
Quantum Rings Research,2afe3d2e.qasm,512,14400.000000,2.4613,0.0269
Quantum Rings Research,2b148d98.qasm,16,1.742595,0.1922,0.0279
Quantum Rings Research,2b148d98.qasm,64,12.242493,0.1922,0.0278
Quantum Rings Research,2b148d98.qasm,512,464.704680,0.1922,0.0277
Quantum Rings Research,2b2951ed.qasm,16,2.003498,0.2104,0.0283
Quantum Rings Research,2b2951ed.qasm,64,11.371721,0.2104,0.0278
Quantum Rings Research,2b2951ed.qasm,512,442.743480,0.2104,0.0271
Quantum Rings Research,2bc3295c.qasm,16,1.261831,0.0187,0.0279
Quantum Rings Research,2bc3295c.qasm,64,2.509652,0.0187,0.0279
Quantum Rings Research,2bc3295c.qasm,512,251.301234,0.0187,0.0279
Quantum Rings Research,2cbfff1b.qasm,16,1.610304,0.1665,0.0271
Quantum Rings Research,2cbfff1b.qasm,64,7.721260,0.1665,0.0279
Quantum Rings Research,2cbfff1b.qasm,512,261.848674,0.1665,0.0274
Quantum Rings Research,2cedce95.qasm,16,2.054577,0.2150,0.0284
Quantum Rings Research,2cedce95.qasm,64,12.147878,0.2150,0.0281
Quantum Rings Research,2cedce95.qasm,512,485.768684,0.2150,0.0285
Quantum Rings Research,2d399444.qasm,16,0.230278,0.0007,0.0273
Quantum Rings Research,2d399444.qasm,64,0.182893,0.0007,0.0270
Quantum Rings Research,2d399444.qasm,512,0.211079,0.0007,0.0271
Quantum Rings Research,2ea1bf91.qasm,16,4.481207,0.0727,0.0274
Quantum Rings Research,2ea1bf91.qasm,64,0.176235,0.0727,0.0265
Quantum Rings Research,2ea1bf91.qasm,512,2.839736,0.0727,0.0275
Quantum Rings Research,3026aed7.qasm,16,2.668277,0.2999,0.0272
Quantum Rings Research,3026aed7.qasm,64,20.969915,0.2999,0.0274
Quantum Rings Research,3026aed7.qasm,512,978.468224,0.2999,0.0264
Quantum Rings Research,306ac152.qasm,16,0.183960,0.0228,0.0272
Quantum Rings Research,306ac152.qasm,64,4.802956,0.0228,0.0269
Quantum Rings Research,306ac152.qasm,512,0.203881,0.0228,0.0270
Quantum Rings Research,3099a023.qasm,16,0.189360,0.0038,0.0268
Quantum Rings Research,3099a023.qasm,64,0.169022,0.0038,0.0275
Quantum Rings Research,3099a023.qasm,512,0.217699,0.0038,0.0266
Quantum Rings Research,31b8fb3c.qasm,16,0.476169,0.1352,0.0266
Quantum Rings Research,31b8fb3c.qasm,64,0.755031,0.1352,0.0266
Quantum Rings Research,31b8fb3c.qasm,512,0.508780,0.1352,0.0265
Quantum Rings Research,31fd025e.qasm,16,1.600741,0.1637,0.0274
Quantum Rings Research,31fd025e.qasm,64,7.731724,0.1637,0.0272
Quantum Rings Research,31fd025e.qasm,512,264.147120,0.1637,0.0274
Quantum Rings Research,320de9fb.qasm,16,37.626675,1.2216,0.0272
Quantum Rings Research,320de9fb.qasm,64,257.637111,1.2216,0.0270
Quantum Rings Research,320de9fb.qasm,512,14400.000000,1.2216,0.0272
Quantum Rings Research,32de9cc1.qasm,16,1.104671,0.0764,0.0274
Quantum Rings Research,32de9cc1.qasm,64,2.279922,0.0764,0.0265
Quantum Rings Research,32de9cc1.qasm,512,23.792147,0.0764,0.0277
Quantum Rings Research,32f44532.qasm,16,9.724061,0.2022,0.0271
Quantum Rings Research,32f44532.qasm,64,0.278529,0.2022,0.0268
Quantum Rings Research,32f44532.qasm,512,12.543427,0.2022,0.0274
Quantum Rings Research,336f664c.qasm,16,0.187484,0.0109,0.0269
Quantum Rings Research,336f664c.qasm,64,0.945071,0.0109,0.0274
Quantum Rings Research,336f664c.qasm,512,0.427209,0.0109,0.0263
Quantum Rings Research,33a2f9be.qasm,16,1.079380,0.1127,0.0273
Quantum Rings Research,33a2f9be.qasm,64,4.318835,0.1127,0.0272
Quantum Rings Research,33a2f9be.qasm,512,94.393517,0.1127,0.0269
Quantum Rings Research,33c62fb8.qasm,16,30.634226,1.5320,0.0300
Quantum Rings Research,33c62fb8.qasm,64,14.359488,1.5320,0.0272
Quantum Rings Research,33c62fb8.qasm,512,27.263655,1.5320,0.0261
Quantum Rings Research,3436484d.qasm,16,1.386919,0.1294,0.0275
Quantum Rings Research,3436484d.qasm,64,5.720425,0.1294,0.0268
Quantum Rings Research,3436484d.qasm,512,133.676720,0.1294,0.0272
Quantum Rings Research,36d0ea8f.qasm,16,0.199968,0.0037,0.0271
Quantum Rings Research,36d0ea8f.qasm,64,0.507884,0.0037,0.0266
Quantum Rings Research,36d0ea8f.qasm,512,0.211799,0.0037,0.0270
Quantum Rings Research,36e23777.qasm,16,1.396689,0.1560,0.0271
Quantum Rings Research,36e23777.qasm,64,7.961076,0.1560,0.0270
Quantum Rings Research,36e23777.qasm,512,287.925536,0.1560,0.0267
Quantum Rings Research,371eea68.qasm,16,0.183023,0.0027,0.0277
Quantum Rings Research,371eea68.qasm,64,0.278537,0.0027,0.0265
Quantum Rings Research,371eea68.qasm,512,0.331429,0.0027,0.0276
Quantum Rings Research,376d7d92.qasm,16,0.188232,0.0079,0.0272
Quantum Rings Research,376d7d92.qasm,64,2.629706,0.0079,0.0265
Quantum Rings Research,376d7d92.qasm,512,0.175030,0.0079,0.0269
Quantum Rings Research,37bd268c.qasm,16,0.240244,0.0079,0.0275
Quantum Rings Research,37bd268c.qasm,64,1.121619,0.0079,0.0273
Quantum Rings Research,37bd268c.qasm,512,0.237455,0.0079,0.0275
Quantum Rings Research,3814b0b9.qasm,16,132.762052,1.0094,0.0287
Quantum Rings Research,3814b0b9.qasm,64,237.355230,1.0094,0.0276
Quantum Rings Research,3814b0b9.qasm,512,9322.971323,1.0094,0.0275
Quantum Rings Research,383bbcad.qasm,16,0.184505,0.0019,0.0277
Quantum Rings Research,383bbcad.qasm,64,0.635012,0.0019,0.0280
Quantum Rings Research,383bbcad.qasm,512,0.189300,0.0019,0.0270
Quantum Rings Research,3841ff5b.qasm,16,2.002274,0.2395,0.0282
Quantum Rings Research,3841ff5b.qasm,64,15.415421,0.2395,0.0278
Quantum Rings Research,3841ff5b.qasm,512,697.945541,0.2395,0.0277
Quantum Rings Research,385fa1b6.qasm,16,3.784848,0.0102,0.0271
Quantum Rings Research,385fa1b6.qasm,64,3.659698,0.0102,0.0264
Quantum Rings Research,385fa1b6.qasm,512,3.729790,0.0102,0.0268
Quantum Rings Research,386534f5.qasm,16,1.792406,0.1933,0.0276
Quantum Rings Research,386534f5.qasm,64,9.999111,0.1933,0.0275
Quantum Rings Research,386534f5.qasm,512,377.964960,0.1933,0.0277
Quantum Rings Research,3a8d3e53.qasm,16,0.363444,0.0908,0.0275
Quantum Rings Research,3a8d3e53.qasm,64,1.133384,0.0908,0.0279
Quantum Rings Research,3a8d3e53.qasm,512,0.329647,0.0908,0.0269
Quantum Rings Research,3be98d6c.qasm,16,2.829575,0.0084,0.0273
Quantum Rings Research,3be98d6c.qasm,64,19.264151,0.0084,0.0280
Quantum Rings Research,3be98d6c.qasm,512,496.575904,0.0084,0.0272
Quantum Rings Research,3c1f4948.qasm,16,0.182888,0.0042,0.0270
Quantum Rings Research,3c1f4948.qasm,64,0.203968,0.0042,0.0270
Quantum Rings Research,3c1f4948.qasm,512,0.180632,0.0042,0.0268
Quantum Rings Research,3c2f55c1.qasm,16,14400.000000,0.3148,0.0265
Quantum Rings Research,3c2f55c1.qasm,64,10512.190655,0.3148,0.0273
Quantum Rings Research,3c2f55c1.qasm,512,337.587924,0.3148,0.0273
Quantum Rings Research,3c890561.qasm,16,14.060816,0.1436,0.0272
Quantum Rings Research,3c890561.qasm,64,1.300980,0.1436,0.0274
Quantum Rings Research,3c890561.qasm,512,15.123208,0.1436,0.0271
Quantum Rings Research,3ccd19ee.qasm,16,2.051319,0.2193,0.0276
Quantum Rings Research,3ccd19ee.qasm,64,12.161994,0.2193,0.0275
Quantum Rings Research,3ccd19ee.qasm,512,482.849800,0.2193,0.0273
Quantum Rings Research,3db115f1.qasm,16,0.213359,0.0023,0.0266
Quantum Rings Research,3db115f1.qasm,64,0.270137,0.0023,0.0262
Quantum Rings Research,3db115f1.qasm,512,0.177257,0.0023,0.0267
Quantum Rings Research,3e2fde05.qasm,16,1.452671,0.1722,0.0274
Quantum Rings Research,3e2fde05.qasm,64,8.475429,0.1722,0.0267
Quantum Rings Research,3e2fde05.qasm,512,310.941005,0.1722,0.0271
Quantum Rings Research,3e730381.qasm,16,0.172001,0.0023,0.0267
Quantum Rings Research,3e730381.qasm,64,1.373191,0.0023,0.0263
Quantum Rings Research,3e730381.qasm,512,0.220162,0.0023,0.0265
Quantum Rings Research,3eb6cff0.qasm,16,13.404164,3.2405,0.0276
Quantum Rings Research,3eb6cff0.qasm,64,12.582064,3.2405,0.0267
Quantum Rings Research,3eb6cff0.qasm,512,12.112100,3.2405,0.0264
Quantum Rings Research,3eca4614.qasm,16,1.794724,0.1958,0.0287
Quantum Rings Research,3eca4614.qasm,64,9.981168,0.1958,0.0278
Quantum Rings Research,3eca4614.qasm,512,373.275864,0.1958,0.0270
Quantum Rings Research,3ee85ccf.qasm,16,1.094242,0.0787,0.0271
Quantum Rings Research,3ee85ccf.qasm,64,2.562729,0.0787,0.0274
Quantum Rings Research,3ee85ccf.qasm,512,34.516267,0.0787,0.0262
Quantum Rings Research,3f072f57.qasm,16,1.157462,0.1148,0.0283
Quantum Rings Research,3f072f57.qasm,64,4.309199,0.1148,0.0270
Quantum Rings Research,3f072f57.qasm,512,94.517079,0.1148,0.0270
Quantum Rings Research,3f858470.qasm,16,0.462179,0.2259,0.0278
Quantum Rings Research,3f858470.qasm,64,0.667219,0.2259,0.0270
Quantum Rings Research,3f858470.qasm,512,0.477918,0.2259,0.0266
Quantum Rings Research,40b719e2.qasm,16,256.151556,2.2510,0.0278
Quantum Rings Research,40b719e2.qasm,64,393.218177,2.2510,0.0275
Quantum Rings Research,40b719e2.qasm,512,14400.000000,2.2510,0.0266
Quantum Rings Research,40e78b26.qasm,16,0.184313,0.0014,0.0264
Quantum Rings Research,40e78b26.qasm,64,0.179963,0.0014,0.0263
Quantum Rings Research,40e78b26.qasm,512,0.199205,0.0014,0.0271
Quantum Rings Research,41bd27aa.qasm,16,1.162435,0.0100,0.0273
Quantum Rings Research,41bd27aa.qasm,64,4.592892,0.0100,0.0274
Quantum Rings Research,41bd27aa.qasm,512,152.418179,0.0100,0.0272
Quantum Rings Research,42a256ea.qasm,16,1.734692,0.1899,0.0271
Quantum Rings Research,42a256ea.qasm,64,10.090357,0.1899,0.0271
Quantum Rings Research,42a256ea.qasm,512,403.798721,0.1899,0.0272
Quantum Rings Research,42a71e24.qasm,16,16.604320,0.1235,0.0277
Quantum Rings Research,42a71e24.qasm,64,28.724974,0.1235,0.0275
Quantum Rings Research,42a71e24.qasm,512,1804.824871,0.1235,0.0275
Quantum Rings Research,42fa6cae.qasm,16,1.928331,0.2289,0.0283
Quantum Rings Research,42fa6cae.qasm,64,14.112613,0.2289,0.0277
Quantum Rings Research,42fa6cae.qasm,512,558.297930,0.2289,0.0293
Quantum Rings Research,43168c33.qasm,16,0.180062,0.0009,0.0286
Quantum Rings Research,43168c33.qasm,64,0.177689,0.0009,0.0283
Quantum Rings Research,43168c33.qasm,512,0.178464,0.0009,0.0280
Quantum Rings Research,4318a3ef.qasm,16,1.559280,0.1675,0.0274
Quantum Rings Research,4318a3ef.qasm,64,7.723110,0.1675,0.0270
Quantum Rings Research,4318a3ef.qasm,512,261.330190,0.1675,0.0277
Quantum Rings Research,4327c91d.qasm,16,1.760461,0.1965,0.0279
Quantum Rings Research,4327c91d.qasm,64,12.247798,0.1965,0.0268
Quantum Rings Research,4327c91d.qasm,512,467.019392,0.1965,0.0267
Quantum Rings Research,432efc30.qasm,16,0.195641,0.0018,0.0267
Quantum Rings Research,432efc30.qasm,64,0.191441,0.0018,0.0271
Quantum Rings Research,432efc30.qasm,512,0.192925,0.0018,0.0269
Quantum Rings Research,445caba2.qasm,16,0.184959,0.0015,0.0270
Quantum Rings Research,445caba2.qasm,64,0.170014,0.0015,0.0272
Quantum Rings Research,445caba2.qasm,512,0.177259,0.0015,0.0268
Quantum Rings Research,448ebca1.qasm,16,0.179968,0.0025,0.0274
Quantum Rings Research,448ebca1.qasm,64,0.289707,0.0025,0.0270
Quantum Rings Research,448ebca1.qasm,512,0.188545,0.0025,0.0274
Quantum Rings Research,46073cb3.qasm,16,74.920540,8.2367,0.0275
Quantum Rings Research,46073cb3.qasm,64,30.915246,8.2367,0.0272
Quantum Rings Research,46073cb3.qasm,512,78.470751,8.2367,0.0282
Quantum Rings Research,46188cf9.qasm,16,2.047526,0.2126,0.0281
Quantum Rings Research,46188cf9.qasm,64,12.152438,0.2126,0.0278
Quantum Rings Research,46188cf9.qasm,512,488.336234,0.2126,0.0277
Quantum Rings Research,46de7f9b.qasm,16,6.536188,0.1708,0.0280
Quantum Rings Research,46de7f9b.qasm,64,0.175139,0.1708,0.0270
Quantum Rings Research,46de7f9b.qasm,512,8.373555,0.1708,0.0274
Quantum Rings Research,4737100f.qasm,16,123.460356,0.3116,0.0272
Quantum Rings Research,4737100f.qasm,64,204.981489,0.3116,0.0264
Quantum Rings Research,4737100f.qasm,512,14400.000000,0.3116,0.0270
Quantum Rings Research,474aa01a.qasm,16,1.744394,0.2030,0.0271
Quantum Rings Research,474aa01a.qasm,64,13.118657,0.2030,0.0277
Quantum Rings Research,474aa01a.qasm,512,579.959593,0.2030,0.0269
Quantum Rings Research,4846208f.qasm,16,3.125406,0.0025,0.0264
Quantum Rings Research,4846208f.qasm,64,0.298112,0.0025,0.0273
Quantum Rings Research,4846208f.qasm,512,0.335445,0.0025,0.0281
Quantum Rings Research,4a262567.qasm,16,1.796488,0.1918,0.0279
Quantum Rings Research,4a262567.qasm,64,9.988857,0.1918,0.0274
Quantum Rings Research,4a262567.qasm,512,373.070787,0.1918,0.0273
Quantum Rings Research,4a5eba47.qasm,16,0.183382,0.0134,0.0291
Quantum Rings Research,4a5eba47.qasm,64,5.092906,0.0134,0.0266
Quantum Rings Research,4a5eba47.qasm,512,0.183449,0.0134,0.0278
Quantum Rings Research,4ae57e38.qasm,16,12.738841,0.0329,0.0274
Quantum Rings Research,4ae57e38.qasm,64,3.009200,0.0329,0.0267
Quantum Rings Research,4ae57e38.qasm,512,43.236290,0.0329,0.0276
Quantum Rings Research,4cbdcf4f.qasm,16,1.202469,0.1005,0.0270
Quantum Rings Research,4cbdcf4f.qasm,64,4.159686,0.1005,0.0261
Quantum Rings Research,4cbdcf4f.qasm,512,92.864878,0.1005,0.0265
Quantum Rings Research,4d59437e.qasm,16,14400.000000,4.5513,0.0269
Quantum Rings Research,4d59437e.qasm,64,14400.000000,4.5513,0.0271
Quantum Rings Research,4d59437e.qasm,512,14400.000000,4.5513,0.0272
Quantum Rings Research,4d78cdd5.qasm,16,0.194540,0.0007,0.0270
Quantum Rings Research,4d78cdd5.qasm,64,0.178638,0.0007,0.0274
Quantum Rings Research,4d78cdd5.qasm,512,0.183254,0.0007,0.0265
Quantum Rings Research,4dc2ff13.qasm,16,0.180588,0.0020,0.0269
Quantum Rings Research,4dc2ff13.qasm,64,0.608068,0.0020,0.0274
Quantum Rings Research,4dc2ff13.qasm,512,0.182290,0.0020,0.0271
Quantum Rings Research,4e8df7a8.qasm,16,14400.000000,12.2272,0.0273
Quantum Rings Research,4e8df7a8.qasm,64,14400.000000,12.2272,0.0266
Quantum Rings Research,4e8df7a8.qasm,512,14400.000000,12.2272,0.0268
Quantum Rings Research,4f476879.qasm,16,1.124393,0.1153,0.0284
Quantum Rings Research,4f476879.qasm,64,5.081190,0.1153,0.0277
Quantum Rings Research,4f476879.qasm,512,145.780195,0.1153,0.0270
Quantum Rings Research,4f48ab57.qasm,16,0.528094,0.0055,0.0273
Quantum Rings Research,4f48ab57.qasm,64,0.435354,0.0055,0.0287
Quantum Rings Research,4f48ab57.qasm,512,0.955956,0.0055,0.0273
Quantum Rings Research,4f9a3ab1.qasm,16,0.180104,0.0020,0.0270
Quantum Rings Research,4f9a3ab1.qasm,64,0.277105,0.0020,0.0274
Quantum Rings Research,4f9a3ab1.qasm,512,0.177463,0.0020,0.0272
Quantum Rings Research,4fd60583.qasm,16,70.945308,3.4448,0.0279
Quantum Rings Research,4fd60583.qasm,64,3.713202,3.4448,0.0268
Quantum Rings Research,4fd60583.qasm,512,891.961284,3.4448,0.0265
Quantum Rings Research,4ffb1090.qasm,16,2.074097,0.8734,0.0276
Quantum Rings Research,4ffb1090.qasm,64,2.648738,0.8734,0.0268
Quantum Rings Research,4ffb1090.qasm,512,1.963249,0.8734,0.0269
Quantum Rings Research,5050d142.qasm,16,0.220936,0.0021,0.0268
Quantum Rings Research,5050d142.qasm,64,1.899365,0.0021,0.0274
Quantum Rings Research,5050d142.qasm,512,1.646581,0.0021,0.0266
Quantum Rings Research,51b16166.qasm,16,1.205636,0.1036,0.0266
Quantum Rings Research,51b16166.qasm,64,4.161365,0.1036,0.0268
Quantum Rings Research,51b16166.qasm,512,91.870188,0.1036,0.0275
Quantum Rings Research,51b543de.qasm,16,3.006821,0.3492,0.0276
Quantum Rings Research,51b543de.qasm,64,23.720092,0.3492,0.0285
Quantum Rings Research,51b543de.qasm,512,1075.619783,0.3492,0.0277
Quantum Rings Research,52b00428.qasm,16,2.004303,0.2355,0.0273
Quantum Rings Research,52b00428.qasm,64,11.961027,0.2355,0.0273
Quantum Rings Research,52b00428.qasm,512,690.863852,0.2355,0.0267
Quantum Rings Research,53442dc5.qasm,16,0.182093,0.0016,0.0271
Quantum Rings Research,53442dc5.qasm,64,0.229728,0.0016,0.0269
Quantum Rings Research,53442dc5.qasm,512,0.190519,0.0016,0.0267
Quantum Rings Research,5357322a.qasm,16,2.052876,0.0497,0.0271
Quantum Rings Research,5357322a.qasm,64,0.178319,0.0497,0.0267
Quantum Rings Research,5357322a.qasm,512,1.385289,0.0497,0.0272
Quantum Rings Research,5385a9e9.qasm,16,1.698895,0.1998,0.0274
Quantum Rings Research,5385a9e9.qasm,64,10.515161,0.1998,0.0275
Quantum Rings Research,5385a9e9.qasm,512,406.016824,0.1998,0.0274
Quantum Rings Research,53e971c2.qasm,16,0.177509,0.0026,0.0270
Quantum Rings Research,53e971c2.qasm,64,0.175649,0.0026,0.0267
Quantum Rings Research,53e971c2.qasm,512,0.180818,0.0026,0.0273
Quantum Rings Research,54c8f710.qasm,16,0.543695,0.0010,0.0270
Quantum Rings Research,54c8f710.qasm,64,0.570012,0.0010,0.0269
Quantum Rings Research,54c8f710.qasm,512,0.537155,0.0010,0.0267
Quantum Rings Research,54f0b8c5.qasm,16,0.189115,0.0128,0.0271
Quantum Rings Research,54f0b8c5.qasm,64,0.268807,0.0128,0.0266
Quantum Rings Research,54f0b8c5.qasm,512,0.238532,0.0128,0.0267
Quantum Rings Research,551cc6ea.qasm,16,3.871348,0.0508,0.0274
Quantum Rings Research,551cc6ea.qasm,64,0.761833,0.0508,0.0263
Quantum Rings Research,551cc6ea.qasm,512,914.716098,0.0508,0.0263
Quantum Rings Research,568c1ef9.qasm,16,0.190948,0.0020,0.0266
Quantum Rings Research,568c1ef9.qasm,64,0.243665,0.0020,0.0267
Quantum Rings Research,568c1ef9.qasm,512,0.188745,0.0020,0.0263
Quantum Rings Research,574915eb.qasm,16,1.635647,0.0097,0.0272
Quantum Rings Research,574915eb.qasm,64,6.350178,0.0097,0.0279
Quantum Rings Research,574915eb.qasm,512,244.781393,0.0097,0.0269
Quantum Rings Research,577f5adb.qasm,16,1.166456,0.0048,0.0273
Quantum Rings Research,577f5adb.qasm,64,5.484980,0.0048,0.0270
Quantum Rings Research,577f5adb.qasm,512,1.544621,0.0048,0.0269
Quantum Rings Research,587be285.qasm,16,1.391561,0.1547,0.0279
Quantum Rings Research,587be285.qasm,64,7.951185,0.1547,0.0270
Quantum Rings Research,587be285.qasm,512,284.460634,0.1547,0.0270
Quantum Rings Research,588e0101.qasm,16,0.243160,0.0043,0.0266
Quantum Rings Research,588e0101.qasm,64,0.519048,0.0043,0.0264
Quantum Rings Research,588e0101.qasm,512,9.532180,0.0043,0.0274
Quantum Rings Research,591d39f6.qasm,16,2.675844,0.3092,0.0275
Quantum Rings Research,591d39f6.qasm,64,20.984240,0.3092,0.0269
Quantum Rings Research,591d39f6.qasm,512,978.179273,0.3092,0.0272
Quantum Rings Research,59267ce4.qasm,16,0.219427,0.0018,0.0264
Quantum Rings Research,59267ce4.qasm,64,0.287819,0.0018,0.0265
Quantum Rings Research,59267ce4.qasm,512,0.234725,0.0018,0.0262
Quantum Rings Research,5a4964e2.qasm,16,3.013976,0.3358,0.0287
Quantum Rings Research,5a4964e2.qasm,64,23.734555,0.3358,0.0280
Quantum Rings Research,5a4964e2.qasm,512,1085.052360,0.3358,0.0272
Quantum Rings Research,5a741dbe.qasm,16,1607.290508,0.0063,0.0275
Quantum Rings Research,5a741dbe.qasm,64,109.286761,0.0063,0.0275
Quantum Rings Research,5a741dbe.qasm,512,9.881904,0.0063,0.0273
Quantum Rings Research,5a9f20b0.qasm,16,1.958701,0.2302,0.0274
Quantum Rings Research,5a9f20b0.qasm,64,14.147732,0.2302,0.0269
Quantum Rings Research,5a9f20b0.qasm,512,555.863268,0.2302,0.0273
Quantum Rings Research,5b419375.qasm,16,4.980293,0.0276,0.0273
Quantum Rings Research,5b419375.qasm,64,17.948498,0.0276,0.0266
Quantum Rings Research,5b419375.qasm,512,745.528845,0.0276,0.0268
Quantum Rings Research,5b482142.qasm,16,0.182846,0.0007,0.0285
Quantum Rings Research,5b482142.qasm,64,0.178425,0.0007,0.0271
Quantum Rings Research,5b482142.qasm,512,0.201440,0.0007,0.0267
Quantum Rings Research,5b58ce32.qasm,16,0.225712,0.0016,0.0263
Quantum Rings Research,5b58ce32.qasm,64,0.178669,0.0016,0.0269
Quantum Rings Research,5b58ce32.qasm,512,0.211367,0.0016,0.0271
Quantum Rings Research,5c176f37.qasm,16,1.931174,0.0317,0.0274
Quantum Rings Research,5c176f37.qasm,64,0.333800,0.0317,0.0263
Quantum Rings Research,5c176f37.qasm,512,234.439322,0.0317,0.0269
Quantum Rings Research,5c2359c8.qasm,16,16.458565,0.1794,0.0272
Quantum Rings Research,5c2359c8.qasm,64,1.086365,0.1794,0.0266
Quantum Rings Research,5c2359c8.qasm,512,24.995251,0.1794,0.0269
Quantum Rings Research,5cfcb9cd.qasm,16,45.330507,0.0920,0.0266
Quantum Rings Research,5cfcb9cd.qasm,64,43.305912,0.0920,0.0270
Quantum Rings Research,5cfcb9cd.qasm,512,45.096096,0.0920,0.0266
Quantum Rings Research,5d14d092.qasm,16,1.856643,0.2005,0.0278
Quantum Rings Research,5d14d092.qasm,64,10.685745,0.2005,0.0267
Quantum Rings Research,5d14d092.qasm,512,441.709634,0.2005,0.0269
Quantum Rings Research,5d2b11a2.qasm,16,1.754598,0.2014,0.0275
Quantum Rings Research,5d2b11a2.qasm,64,10.365477,0.2014,0.0278
Quantum Rings Research,5d2b11a2.qasm,512,577.452315,0.2014,0.0269
Quantum Rings Research,5d565485.qasm,16,1.754671,0.2018,0.0275
Quantum Rings Research,5d565485.qasm,64,13.140434,0.2018,0.0269
Quantum Rings Research,5d565485.qasm,512,578.416424,0.2018,0.0270
Quantum Rings Research,5da1db4b.qasm,16,1.660946,0.1862,0.0278
Quantum Rings Research,5da1db4b.qasm,64,9.484476,0.1862,0.0270
Quantum Rings Research,5da1db4b.qasm,512,343.710488,0.1862,0.0272
Quantum Rings Research,5e3dc35d.qasm,16,0.176129,0.0014,0.0271
Quantum Rings Research,5e3dc35d.qasm,64,0.167930,0.0014,0.0265
Quantum Rings Research,5e3dc35d.qasm,512,0.180238,0.0014,0.0268
Quantum Rings Research,5e4c8439.qasm,16,1.099031,0.0820,0.0271
Quantum Rings Research,5e4c8439.qasm,64,2.570895,0.0820,0.0272
Quantum Rings Research,5e4c8439.qasm,512,34.271001,0.0820,0.0269
Quantum Rings Research,5e6b0a76.qasm,16,1.021538,0.0017,0.0262
Quantum Rings Research,5e6b0a76.qasm,64,0.775855,0.0017,0.0270
Quantum Rings Research,5e6b0a76.qasm,512,0.602739,0.0017,0.0270
Quantum Rings Research,5eaee29f.qasm,16,0.805292,0.0070,0.0273
Quantum Rings Research,5eaee29f.qasm,64,0.211802,0.0070,0.0265
Quantum Rings Research,5eaee29f.qasm,512,0.727283,0.0070,0.0279
Quantum Rings Research,5ed4dd47.qasm,16,0.177705,0.0008,0.0266
Quantum Rings Research,5ed4dd47.qasm,64,0.168875,0.0008,0.0262
Quantum Rings Research,5ed4dd47.qasm,512,0.172553,0.0008,0.0265
Quantum Rings Research,5ee9c404.qasm,16,0.401188,0.0050,0.0267
Quantum Rings Research,5ee9c404.qasm,64,0.289914,0.0050,0.0265
Quantum Rings Research,5ee9c404.qasm,512,0.387284,0.0050,0.0278
Quantum Rings Research,5ef5ff7c.qasm,16,1.941004,0.2294,0.0283
Quantum Rings Research,5ef5ff7c.qasm,64,14.139660,0.2294,0.0270
Quantum Rings Research,5ef5ff7c.qasm,512,554.245033,0.2294,0.0274
Quantum Rings Research,5f0ad979.qasm,16,1.440647,0.1750,0.0281
Quantum Rings Research,5f0ad979.qasm,64,8.508495,0.1750,0.0271
Quantum Rings Research,5f0ad979.qasm,512,311.052664,0.1750,0.0271
Quantum Rings Research,5f39af5c.qasm,16,1.211001,0.0030,0.0264
Quantum Rings Research,5f39af5c.qasm,64,1.228259,0.0030,0.0268
Quantum Rings Research,5f39af5c.qasm,512,1.209776,0.0030,0.0268
Quantum Rings Research,5f6a8a9b.qasm,16,0.211445,0.0023,0.0265
Quantum Rings Research,5f6a8a9b.qasm,64,0.175122,0.0023,0.0269
Quantum Rings Research,5f6a8a9b.qasm,512,0.216070,0.0023,0.0267
Quantum Rings Research,5f79d6db.qasm,16,1.442934,0.1732,0.0270
Quantum Rings Research,5f79d6db.qasm,64,8.492205,0.1732,0.0271
Quantum Rings Research,5f79d6db.qasm,512,308.690861,0.1732,0.0271
Quantum Rings Research,613afa2d.qasm,16,1.140897,0.1155,0.0282
Quantum Rings Research,613afa2d.qasm,64,4.303699,0.1155,0.0277
Quantum Rings Research,613afa2d.qasm,512,94.419666,0.1155,0.0275
Quantum Rings Research,622c4417.qasm,16,1.920771,0.2317,0.0293
Quantum Rings Research,622c4417.qasm,64,14.114175,0.2317,0.0310
Quantum Rings Research,622c4417.qasm,512,553.775224,0.2317,0.0327
Quantum Rings Research,635bd24f.qasm,16,9.585878,0.2851,0.1095
Quantum Rings Research,635bd24f.qasm,64,0.285404,0.2851,0.0274
Quantum Rings Research,635bd24f.qasm,512,12.630488,0.2851,0.0267
Quantum Rings Research,637811d8.qasm,16,1.992765,0.2097,0.0280
Quantum Rings Research,637811d8.qasm,64,11.446666,0.2097,0.0268
Quantum Rings Research,637811d8.qasm,512,436.290242,0.2097,0.0276
Quantum Rings Research,63aaa50d.qasm,16,0.189649,0.0212,0.0279
Quantum Rings Research,63aaa50d.qasm,64,0.299362,0.0212,0.0269
Quantum Rings Research,63aaa50d.qasm,512,0.192384,0.0212,0.0270
Quantum Rings Research,64273f69.qasm,16,1.395565,0.1589,0.0272
Quantum Rings Research,64273f69.qasm,64,7.967887,0.1589,0.0266
Quantum Rings Research,64273f69.qasm,512,284.058052,0.1589,0.0264
Quantum Rings Research,6457f235.qasm,16,0.251049,0.0047,0.0274
Quantum Rings Research,6457f235.qasm,64,0.980851,0.0047,0.0276
Quantum Rings Research,6457f235.qasm,512,18.548103,0.0047,0.0268
Quantum Rings Research,64731b8d.qasm,16,2.059607,0.2278,0.0284
Quantum Rings Research,64731b8d.qasm,64,12.552848,0.2278,0.0281
Quantum Rings Research,64731b8d.qasm,512,496.183568,0.2278,0.0273
Quantum Rings Research,64f32748.qasm,16,1.997918,0.2128,0.0285
Quantum Rings Research,64f32748.qasm,64,11.481290,0.2128,0.0276
Quantum Rings Research,64f32748.qasm,512,437.259277,0.2128,0.0283
Quantum Rings Research,6533abd6.qasm,16,5553.945867,2.1341,0.0283
Quantum Rings Research,6533abd6.qasm,64,348.338151,2.1341,0.0270
Quantum Rings Research,6533abd6.qasm,512,14400.000000,2.1341,0.0271
Quantum Rings Research,65dcd512.qasm,16,0.597467,0.0224,0.0270
Quantum Rings Research,65dcd512.qasm,64,0.491768,0.0224,0.0269
Quantum Rings Research,65dcd512.qasm,512,0.597216,0.0224,0.0270
Quantum Rings Research,661be484.qasm,16,801.421921,3.7114,0.0277
Quantum Rings Research,661be484.qasm,64,555.661707,3.7114,0.0270
Quantum Rings Research,661be484.qasm,512,14400.000000,3.7114,0.0271
Quantum Rings Research,66343f14.qasm,16,0.183972,0.0008,0.0273
Quantum Rings Research,66343f14.qasm,64,0.178025,0.0008,0.0263
Quantum Rings Research,66343f14.qasm,512,0.191727,0.0008,0.0269
Quantum Rings Research,6694b099.qasm,16,13.762328,0.0352,0.0269
Quantum Rings Research,6694b099.qasm,64,13.631577,0.0352,0.0271
Quantum Rings Research,6694b099.qasm,512,14.111554,0.0352,0.0288
Quantum Rings Research,67346cae.qasm,16,0.176405,0.0009,0.0271
Quantum Rings Research,67346cae.qasm,64,0.157982,0.0009,0.0262
Quantum Rings Research,67346cae.qasm,512,0.235858,0.0009,0.0270
Quantum Rings Research,6740a375.qasm,16,0.171637,0.0208,0.0268
Quantum Rings Research,6740a375.qasm,64,9.930727,0.0208,0.0270
Quantum Rings Research,6740a375.qasm,512,0.181386,0.0208,0.0271
Quantum Rings Research,6785591a.qasm,16,0.209370,0.0028,0.0268
Quantum Rings Research,6785591a.qasm,64,1.056560,0.0028,0.0265
Quantum Rings Research,6785591a.qasm,512,0.218845,0.0028,0.0258
Quantum Rings Research,67b5fe45.qasm,16,364.265887,3.1895,0.0275
Quantum Rings Research,67b5fe45.qasm,64,122.520537,3.1895,0.0275
Quantum Rings Research,67b5fe45.qasm,512,1661.741295,3.1895,0.0267
Quantum Rings Research,67f3547d.qasm,16,1.416932,0.0016,0.0269
Quantum Rings Research,67f3547d.qasm,64,1.308001,0.0016,0.0263
Quantum Rings Research,67f3547d.qasm,512,1.413342,0.0016,0.0265
Quantum Rings Research,68528bdf.qasm,16,0.181072,0.0031,0.0274
Quantum Rings Research,68528bdf.qasm,64,0.167705,0.0031,0.0278
Quantum Rings Research,68528bdf.qasm,512,0.184519,0.0031,0.0281
Quantum Rings Research,699bd83c.qasm,16,797.726151,1.3648,0.0279
Quantum Rings Research,699bd83c.qasm,64,1001.985942,1.3648,0.0268
Quantum Rings Research,699bd83c.qasm,512,14400.000000,1.3648,0.0268
Quantum Rings Research,69c7223c.qasm,16,0.991817,0.0158,0.0274
Quantum Rings Research,69c7223c.qasm,64,5.643564,0.0158,0.0261
Quantum Rings Research,69c7223c.qasm,512,282.537251,0.0158,0.0264
Quantum Rings Research,69c8191e.qasm,16,0.172649,0.0061,0.0271
Quantum Rings Research,69c8191e.qasm,64,1.070625,0.0061,0.0272
Quantum Rings Research,69c8191e.qasm,512,0.171584,0.0061,0.0276
Quantum Rings Research,69cf1b12.qasm,16,1.867606,0.2007,0.0279
Quantum Rings Research,69cf1b12.qasm,64,10.683996,0.2007,0.0267
Quantum Rings Research,69cf1b12.qasm,512,437.204747,0.2007,0.0271
Quantum Rings Research,69e799fa.qasm,16,1.730212,0.1908,0.0279
Quantum Rings Research,69e799fa.qasm,64,10.078311,0.1908,0.0300
Quantum Rings Research,69e799fa.qasm,512,404.231495,0.1908,0.0275
Quantum Rings Research,6a5034af.qasm,16,6.353164,1.1265,0.0267
Quantum Rings Research,6a5034af.qasm,64,4.467744,1.1265,0.0263
Quantum Rings Research,6a5034af.qasm,512,6.734582,1.1265,0.0271
Quantum Rings Research,6bc3891b.qasm,16,0.188369,0.0021,0.0269
Quantum Rings Research,6bc3891b.qasm,64,0.298074,0.0021,0.0272
Quantum Rings Research,6bc3891b.qasm,512,0.180986,0.0021,0.0271
Quantum Rings Research,6c69bcc7.qasm,16,1.869077,0.2120,0.0268
Quantum Rings Research,6c69bcc7.qasm,64,11.336041,0.2120,0.0278
Quantum Rings Research,6c69bcc7.qasm,512,467.440995,0.2120,0.0269
Quantum Rings Research,6c848dc7.qasm,16,0.179592,0.0024,0.0268
Quantum Rings Research,6c848dc7.qasm,64,0.306732,0.0024,0.0270
Quantum Rings Research,6c848dc7.qasm,512,0.184628,0.0024,0.0272
Quantum Rings Research,6d2833ea.qasm,16,1.866989,0.1992,0.0277
Quantum Rings Research,6d2833ea.qasm,64,10.651649,0.1992,0.0270
Quantum Rings Research,6d2833ea.qasm,512,436.554818,0.1992,0.0275
Quantum Rings Research,6da6ce61.qasm,16,2.601942,0.2923,0.0277
Quantum Rings Research,6da6ce61.qasm,64,18.408898,0.2923,0.0267
Quantum Rings Research,6da6ce61.qasm,512,704.840260,0.2923,0.0273
Quantum Rings Research,6de17b5a.qasm,16,9.826391,0.0286,0.0268
Quantum Rings Research,6de17b5a.qasm,64,43.080958,0.0286,0.0272
Quantum Rings Research,6de17b5a.qasm,512,1535.334674,0.0286,0.0264
Quantum Rings Research,6ee18f92.qasm,16,0.173999,0.0013,0.0279
Quantum Rings Research,6ee18f92.qasm,64,1.115289,0.0013,0.0265
Quantum Rings Research,6ee18f92.qasm,512,1.377912,0.0013,0.0273
Quantum Rings Research,6f16ddc6.qasm,16,0.180537,0.0009,0.0273
Quantum Rings Research,6f16ddc6.qasm,64,0.172493,0.0009,0.0271
Quantum Rings Research,6f16ddc6.qasm,512,0.183772,0.0009,0.0264
Quantum Rings Research,6f6328cc.qasm,16,6.334435,0.1753,0.0274
Quantum Rings Research,6f6328cc.qasm,64,0.237088,0.1753,0.0270
Quantum Rings Research,6f6328cc.qasm,512,9.053761,0.1753,0.0266
Quantum Rings Research,6fef948c.qasm,16,9.735054,0.4136,0.0275
Quantum Rings Research,6fef948c.qasm,64,0.711258,0.4136,0.0272
Quantum Rings Research,6fef948c.qasm,512,4.859146,0.4136,0.0272
Quantum Rings Research,700c376b.qasm,16,2.054931,0.2214,0.0280
Quantum Rings Research,700c376b.qasm,64,12.178479,0.2214,0.0272
Quantum Rings Research,700c376b.qasm,512,481.785076,0.2214,0.0271
Quantum Rings Research,7063be19.qasm,16,1.991677,0.2426,0.0291
Quantum Rings Research,7063be19.qasm,64,14.516954,0.2426,0.0274
Quantum Rings Research,7063be19.qasm,512,699.245136,0.2426,0.0277
Quantum Rings Research,70d5d461.qasm,16,6.577218,0.0528,0.0280
Quantum Rings Research,70d5d461.qasm,64,0.492031,0.0528,0.0264
Quantum Rings Research,70d5d461.qasm,512,16.050970,0.0528,0.0262
Quantum Rings Research,711cdd0b.qasm,16,1.534829,0.1534,0.0282
Quantum Rings Research,711cdd0b.qasm,64,6.914972,0.1534,0.0269
Quantum Rings Research,711cdd0b.qasm,512,204.389585,0.1534,0.0268
Quantum Rings Research,72b5f996.qasm,16,0.188266,0.0047,0.0274
Quantum Rings Research,72b5f996.qasm,64,0.631938,0.0047,0.0269
Quantum Rings Research,72b5f996.qasm,512,0.179684,0.0047,0.0268
Quantum Rings Research,72cc2f13.qasm,16,13.701918,0.5934,0.0272
Quantum Rings Research,72cc2f13.qasm,64,6.501371,0.5934,0.0268
Quantum Rings Research,72cc2f13.qasm,512,444.266616,0.5934,0.0278
Quantum Rings Research,72d8892d.qasm,16,0.993405,0.0064,0.0277
Quantum Rings Research,72d8892d.qasm,64,5.124946,0.0064,0.0271
Quantum Rings Research,72d8892d.qasm,512,117.844163,0.0064,0.0269
Quantum Rings Research,73191d24.qasm,16,0.176266,0.0032,0.0271
Quantum Rings Research,73191d24.qasm,64,0.167994,0.0032,0.0270
Quantum Rings Research,73191d24.qasm,512,0.178633,0.0032,0.0276
Quantum Rings Research,7337baba.qasm,16,0.175722,0.0005,0.0273
Quantum Rings Research,7337baba.qasm,64,0.176487,0.0005,0.0263
Quantum Rings Research,7337baba.qasm,512,0.184170,0.0005,0.0261
Quantum Rings Research,733f4518.qasm,16,278.194596,2.7414,0.0274
Quantum Rings Research,733f4518.qasm,64,27.341606,2.7414,0.0268
Quantum Rings Research,733f4518.qasm,512,14400.000000,2.7414,0.0269
Quantum Rings Research,73f498a0.qasm,16,0.621419,0.0063,0.0273
Quantum Rings Research,73f498a0.qasm,64,0.935357,0.0063,0.0267
Quantum Rings Research,73f498a0.qasm,512,1.266464,0.0063,0.0272
Quantum Rings Research,742bfb51.qasm,16,14400.000000,7.7423,0.0269
Quantum Rings Research,742bfb51.qasm,64,14400.000000,7.7423,0.0273
Quantum Rings Research,742bfb51.qasm,512,14400.000000,7.7423,0.0268
Quantum Rings Research,749ea355.qasm,16,0.241074,0.0169,0.0265
Quantum Rings Research,749ea355.qasm,64,2.183951,0.0169,0.0272
Quantum Rings Research,749ea355.qasm,512,0.234869,0.0169,0.0272
Quantum Rings Research,7513561e.qasm,16,1.757633,0.2010,0.0282
Quantum Rings Research,7513561e.qasm,64,12.879333,0.2010,0.0276
Quantum Rings Research,7513561e.qasm,512,575.863412,0.2010,0.0271
Quantum Rings Research,75137edd.qasm,16,3.355911,0.0310,0.0275
Quantum Rings Research,75137edd.qasm,64,0.219759,0.0310,0.0273
Quantum Rings Research,75137edd.qasm,512,5.464019,0.0310,0.0297
Quantum Rings Research,751d7ced.qasm,16,2.191887,0.2247,0.0279
Quantum Rings Research,751d7ced.qasm,64,12.643665,0.2247,0.0276
Quantum Rings Research,751d7ced.qasm,512,525.140321,0.2247,0.0272
Quantum Rings Research,752a65aa.qasm,16,1.741167,0.1893,0.0273
Quantum Rings Research,752a65aa.qasm,64,10.079698,0.1893,0.0283
Quantum Rings Research,752a65aa.qasm,512,406.695324,0.1893,0.0274
Quantum Rings Research,7548d858.qasm,16,0.539793,0.0605,0.0270
Quantum Rings Research,7548d858.qasm,64,1.341022,0.0605,0.0265
Quantum Rings Research,7548d858.qasm,512,3.475631,0.0605,0.0272
Quantum Rings Research,758554e0.qasm,16,761.549722,1.8297,0.0280
Quantum Rings Research,758554e0.qasm,64,590.330642,1.8297,0.0261
Quantum Rings Research,758554e0.qasm,512,442.500626,1.8297,0.0268
Quantum Rings Research,75bd5cbf.qasm,16,36.557136,0.0085,0.0265
Quantum Rings Research,75bd5cbf.qasm,64,17.627470,0.0085,0.0273
Quantum Rings Research,75bd5cbf.qasm,512,41.831666,0.0085,0.0263
Quantum Rings Research,76034335.qasm,16,0.186848,0.0013,0.0271
Quantum Rings Research,76034335.qasm,64,0.668254,0.0013,0.0266
Quantum Rings Research,76034335.qasm,512,0.267197,0.0013,0.0263
Quantum Rings Research,76d0b692.qasm,16,23.501539,1.3268,0.0282
Quantum Rings Research,76d0b692.qasm,64,3.306934,1.3268,0.0270
Quantum Rings Research,76d0b692.qasm,512,694.492841,1.3268,0.0268
Quantum Rings Research,77a3a480.qasm,16,1.649676,0.1699,0.0271
Quantum Rings Research,77a3a480.qasm,64,8.938535,0.1699,0.0266
Quantum Rings Research,77a3a480.qasm,512,339.517469,0.1699,0.0261
Quantum Rings Research,78adf5c7.qasm,16,4.124832,0.0217,0.0264
Quantum Rings Research,78adf5c7.qasm,64,10.729148,0.0217,0.0259
Quantum Rings Research,78adf5c7.qasm,512,539.372600,0.0217,0.0269
Quantum Rings Research,78f96e37.qasm,16,1.390090,0.1302,0.0274
Quantum Rings Research,78f96e37.qasm,64,5.718824,0.1302,0.0271
Quantum Rings Research,78f96e37.qasm,512,133.811686,0.1302,0.0273
Quantum Rings Research,79b12d71.qasm,16,1.662625,0.2877,0.0277
Quantum Rings Research,79b12d71.qasm,64,9.495844,0.2877,0.0263
Quantum Rings Research,79b12d71.qasm,512,344.217063,0.2877,0.0270
Quantum Rings Research,7a0c7e70.qasm,16,375.852567,3.2433,0.0266
Quantum Rings Research,7a0c7e70.qasm,64,304.258449,3.2433,0.0268
Quantum Rings Research,7a0c7e70.qasm,512,14400.000000,3.2433,0.0262
Quantum Rings Research,7a1c98cc.qasm,16,2.589329,0.0019,0.0262
Quantum Rings Research,7a1c98cc.qasm,64,0.763965,0.0019,0.0265
Quantum Rings Research,7a1c98cc.qasm,512,0.685658,0.0019,0.0266
Quantum Rings Research,7a79f013.qasm,16,514.764605,1.4117,0.0327
Quantum Rings Research,7a79f013.qasm,64,789.801375,1.4117,0.0304
Quantum Rings Research,7a79f013.qasm,512,14400.000000,1.4117,0.0314
Quantum Rings Research,7aad2132.qasm,16,2.671852,0.4298,0.0334
Quantum Rings Research,7aad2132.qasm,64,20.971012,0.4298,0.0292
Quantum Rings Research,7aad2132.qasm,512,971.131255,0.4298,0.0297
Quantum Rings Research,7afdbe61.qasm,16,2.140948,0.0536,0.0291
Quantum Rings Research,7afdbe61.qasm,64,0.181055,0.0536,0.0281
Quantum Rings Research,7afdbe61.qasm,512,1.482414,0.0536,0.0288
Quantum Rings Research,7b19558f.qasm,16,3.183761,0.3006,0.0292
Quantum Rings Research,7b19558f.qasm,64,2.559234,0.3006,0.0292
Quantum Rings Research,7b19558f.qasm,512,3.272420,0.3006,0.0300
Quantum Rings Research,7bab61ca.qasm,16,70.213738,0.0144,0.0287
Quantum Rings Research,7bab61ca.qasm,64,51.979094,0.0144,0.0283
Quantum Rings Research,7bab61ca.qasm,512,68.772717,0.0144,0.0290
Quantum Rings Research,7be7d477.qasm,16,2.380038,0.2739,0.0295
Quantum Rings Research,7be7d477.qasm,64,18.094690,0.2739,0.0297
Quantum Rings Research,7be7d477.qasm,512,807.790267,0.2739,0.0285
Quantum Rings Research,7bf0f1bc.qasm,16,2.115348,0.2227,0.0280
Quantum Rings Research,7bf0f1bc.qasm,64,12.168376,0.2227,0.0283
Quantum Rings Research,7bf0f1bc.qasm,512,495.511286,0.2227,0.0277
Quantum Rings Research,7c9f6bae.qasm,16,2.202956,0.2319,0.0272
Quantum Rings Research,7c9f6bae.qasm,64,12.681266,0.2319,0.0266
Quantum Rings Research,7c9f6bae.qasm,512,524.857141,0.2319,0.0281
Quantum Rings Research,7d6d9a38.qasm,16,3.010440,0.3383,0.0275
Quantum Rings Research,7d6d9a38.qasm,64,23.737868,0.3383,0.0281
Quantum Rings Research,7d6d9a38.qasm,512,1023.214036,0.3383,0.0268
Quantum Rings Research,7db40afb.qasm,16,0.174323,0.0006,0.0268
Quantum Rings Research,7db40afb.qasm,64,0.173705,0.0006,0.0259
Quantum Rings Research,7db40afb.qasm,512,0.184185,0.0006,0.0263
Quantum Rings Research,7fdad0c4.qasm,16,2.002036,0.2404,0.0291
Quantum Rings Research,7fdad0c4.qasm,64,15.437461,0.2404,0.0268
Quantum Rings Research,7fdad0c4.qasm,512,688.057533,0.2404,0.0261
Quantum Rings Research,81af3d74.qasm,16,0.238903,0.0013,0.0267
Quantum Rings Research,81af3d74.qasm,64,0.188264,0.0013,0.0267
Quantum Rings Research,81af3d74.qasm,512,0.229484,0.0013,0.0265
Quantum Rings Research,81f388c7.qasm,16,0.179172,0.0044,0.0260
Quantum Rings Research,81f388c7.qasm,64,0.172529,0.0044,0.0261
Quantum Rings Research,81f388c7.qasm,512,0.185980,0.0044,0.0267
Quantum Rings Research,81fdeb0a.qasm,16,0.173381,0.0007,0.0265
Quantum Rings Research,81fdeb0a.qasm,64,0.164152,0.0007,0.0260
Quantum Rings Research,81fdeb0a.qasm,512,0.179805,0.0007,0.0272
Quantum Rings Research,827a3442.qasm,16,0.180758,0.0007,0.0268
Quantum Rings Research,827a3442.qasm,64,0.177439,0.0007,0.0264
Quantum Rings Research,827a3442.qasm,512,0.186173,0.0007,0.0257
Quantum Rings Research,82b89c68.qasm,16,3.308345,0.0680,0.0266
Quantum Rings Research,82b89c68.qasm,64,0.165809,0.0680,0.0261
Quantum Rings Research,82b89c68.qasm,512,2.555032,0.0680,0.0266
Quantum Rings Research,831c33e1.qasm,16,2.347895,0.2652,0.0279
Quantum Rings Research,831c33e1.qasm,64,18.082480,0.2652,0.0287
Quantum Rings Research,831c33e1.qasm,512,830.762087,0.2652,0.0277
Quantum Rings Research,8335b01d.qasm,16,0.171442,0.0015,0.0279
Quantum Rings Research,8335b01d.qasm,64,0.916388,0.0015,0.0276
Quantum Rings Research,8335b01d.qasm,512,0.226809,0.0015,0.0273
Quantum Rings Research,834596bc.qasm,16,245.312306,0.3349,0.0285
Quantum Rings Research,834596bc.qasm,64,670.950534,0.3349,0.0272
Quantum Rings Research,834596bc.qasm,512,14400.000000,0.3349,0.0287
Quantum Rings Research,83b22dc5.qasm,16,1.227493,0.1029,0.0306
Quantum Rings Research,83b22dc5.qasm,64,3.406977,0.1029,0.0291
Quantum Rings Research,83b22dc5.qasm,512,71.944841,0.1029,0.0287
Quantum Rings Research,8400dcc1.qasm,16,0.178005,0.0320,0.0279
Quantum Rings Research,8400dcc1.qasm,64,9.368991,0.0320,0.0286
Quantum Rings Research,8400dcc1.qasm,512,0.164860,0.0320,0.0272
Quantum Rings Research,8422040e.qasm,16,0.168890,0.0037,0.0266
Quantum Rings Research,8422040e.qasm,64,2.561716,0.0037,0.0268
Quantum Rings Research,8422040e.qasm,512,0.176649,0.0037,0.0273
Quantum Rings Research,84fe3fba.qasm,16,6.422208,0.2738,0.0280
Quantum Rings Research,84fe3fba.qasm,64,0.384322,0.2738,0.0266
Quantum Rings Research,84fe3fba.qasm,512,177.598519,0.2738,0.0264
Quantum Rings Research,85317608.qasm,16,0.187752,0.0047,0.0266
Quantum Rings Research,85317608.qasm,64,1.203822,0.0047,0.0266
Quantum Rings Research,85317608.qasm,512,0.171211,0.0047,0.0268
Quantum Rings Research,85863407.qasm,16,1.691848,0.1976,0.0271
Quantum Rings Research,85863407.qasm,64,10.492061,0.1976,0.0268
Quantum Rings Research,85863407.qasm,512,407.219122,0.1976,0.0264
Quantum Rings Research,860cc392.qasm,16,1.698266,0.1924,0.0272
Quantum Rings Research,860cc392.qasm,64,10.506195,0.1924,0.0276
Quantum Rings Research,860cc392.qasm,512,405.544119,0.1924,0.0272
Quantum Rings Research,86464ad3.qasm,16,0.184832,0.0020,0.0272
Quantum Rings Research,86464ad3.qasm,64,0.174100,0.0020,0.0270
Quantum Rings Research,86464ad3.qasm,512,0.165864,0.0020,0.0268
Quantum Rings Research,871618c1.qasm,16,1.303777,0.1357,0.0273
Quantum Rings Research,871618c1.qasm,64,6.523804,0.1357,0.0267
Quantum Rings Research,871618c1.qasm,512,209.487157,0.1357,0.0275
Quantum Rings Research,8732dc00.qasm,16,0.180202,0.0123,0.0263
Quantum Rings Research,8732dc00.qasm,64,2.518871,0.0123,0.0263
Quantum Rings Research,8732dc00.qasm,512,0.170473,0.0123,0.0267
Quantum Rings Research,884b47f6.qasm,16,7.430900,0.0571,0.0265
Quantum Rings Research,884b47f6.qasm,64,0.171558,0.0571,0.0260
Quantum Rings Research,884b47f6.qasm,512,4.557857,0.0571,0.0271
Quantum Rings Research,885efe5b.qasm,16,1.159262,0.0975,0.0274
Quantum Rings Research,885efe5b.qasm,64,3.419566,0.0975,0.0268
Quantum Rings Research,885efe5b.qasm,512,71.898865,0.0975,0.0265
Quantum Rings Research,8930abda.qasm,16,0.177017,0.0126,0.0277
Quantum Rings Research,8930abda.qasm,64,4.535658,0.0126,0.0260
Quantum Rings Research,8930abda.qasm,512,0.175760,0.0126,0.0272
Quantum Rings Research,896404d8.qasm,16,5.506821,0.2686,0.0266
Quantum Rings Research,896404d8.qasm,64,0.450640,0.2686,0.0267
Quantum Rings Research,896404d8.qasm,512,157.343171,0.2686,0.0263
Quantum Rings Research,8a146ce3.qasm,16,117.916291,1.1477,0.0268
Quantum Rings Research,8a146ce3.qasm,64,200.480007,1.1477,0.0267
Quantum Rings Research,8a146ce3.qasm,512,7324.540197,1.1477,0.0262
Quantum Rings Research,8a1c1c3f.qasm,16,0.184908,0.0018,0.0269
Quantum Rings Research,8a1c1c3f.qasm,64,0.287701,0.0018,0.0266
Quantum Rings Research,8a1c1c3f.qasm,512,0.181623,0.0018,0.0265
Quantum Rings Research,8a2ab626.qasm,16,1.726618,0.1955,0.0267
Quantum Rings Research,8a2ab626.qasm,64,12.263035,0.1955,0.0274
Quantum Rings Research,8a2ab626.qasm,512,465.711208,0.1955,0.0264
Quantum Rings Research,8b77bf87.qasm,16,0.307338,0.0512,0.0269
Quantum Rings Research,8b77bf87.qasm,64,9.644866,0.0512,0.0261
Quantum Rings Research,8b77bf87.qasm,512,0.299980,0.0512,0.0263
Quantum Rings Research,8bd576fc.qasm,16,5.779626,0.0558,0.0264
Quantum Rings Research,8bd576fc.qasm,64,4.232130,0.0558,0.0265
Quantum Rings Research,8bd576fc.qasm,512,407.702439,0.0558,0.0267
Quantum Rings Research,8c01a935.qasm,16,2.693990,0.0205,0.0266
Quantum Rings Research,8c01a935.qasm,64,14.338053,0.0205,0.0259
Quantum Rings Research,8c01a935.qasm,512,474.271554,0.0205,0.0266
Quantum Rings Research,8d5010bc.qasm,16,0.215299,0.0014,0.0265
Quantum Rings Research,8d5010bc.qasm,64,0.175091,0.0014,0.0265
Quantum Rings Research,8d5010bc.qasm,512,0.203952,0.0014,0.0270
Quantum Rings Research,8d9d4033.qasm,16,1.099201,0.0806,0.0267
Quantum Rings Research,8d9d4033.qasm,64,2.565158,0.0806,0.0261
Quantum Rings Research,8d9d4033.qasm,512,34.536917,0.0806,0.0257
Quantum Rings Research,8e84b85a.qasm,16,0.181731,0.0032,0.0268
Quantum Rings Research,8e84b85a.qasm,64,0.156795,0.0032,0.0258
Quantum Rings Research,8e84b85a.qasm,512,0.184248,0.0032,0.0268
Quantum Rings Research,8e9564e3.qasm,16,1.446067,0.1701,0.0267
Quantum Rings Research,8e9564e3.qasm,64,8.479219,0.1701,0.0270
Quantum Rings Research,8e9564e3.qasm,512,308.262215,0.1701,0.0260
Quantum Rings Research,8f4e1b64.qasm,16,12.135684,0.5678,0.0269
Quantum Rings Research,8f4e1b64.qasm,64,2.184230,0.5678,0.0266
Quantum Rings Research,8f4e1b64.qasm,512,411.949845,0.5678,0.0260
Quantum Rings Research,8f564e3e.qasm,16,1.997343,0.2339,0.0269
Quantum Rings Research,8f564e3e.qasm,64,15.500235,0.2339,0.0266
Quantum Rings Research,8f564e3e.qasm,512,694.403673,0.2339,0.0264
Quantum Rings Research,8f8fbcbd.qasm,16,799.277639,3.0499,0.0264
Quantum Rings Research,8f8fbcbd.qasm,64,1242.384927,3.0499,0.0258
Quantum Rings Research,8f8fbcbd.qasm,512,14400.000000,3.0499,0.0270
Quantum Rings Research,8fb9e9ac.qasm,16,0.203968,0.0442,0.0266
Quantum Rings Research,8fb9e9ac.qasm,64,0.536224,0.0442,0.0260
Quantum Rings Research,8fb9e9ac.qasm,512,0.180287,0.0442,0.0264
Quantum Rings Research,9143d50f.qasm,16,0.192622,0.0161,0.0266
Quantum Rings Research,9143d50f.qasm,64,2.540372,0.0161,0.0267
Quantum Rings Research,9143d50f.qasm,512,0.194436,0.0161,0.0266
Quantum Rings Research,917fa943.qasm,16,1.807311,0.0221,0.0266
Quantum Rings Research,917fa943.qasm,64,0.687954,0.0221,0.0262
Quantum Rings Research,917fa943.qasm,512,68.934880,0.0221,0.0261
Quantum Rings Research,92f98bb3.qasm,16,0.470886,0.0422,0.0268
Quantum Rings Research,92f98bb3.qasm,64,0.343436,0.0422,0.0263
Quantum Rings Research,92f98bb3.qasm,512,0.342673,0.0422,0.0265
Quantum Rings Research,933b305c.qasm,16,1.858178,0.1964,0.0267
Quantum Rings Research,933b305c.qasm,64,10.665802,0.1964,0.0267
Quantum Rings Research,933b305c.qasm,512,435.423043,0.1964,0.0268
Quantum Rings Research,93865be7.qasm,16,0.190883,0.0004,0.0262
Quantum Rings Research,93865be7.qasm,64,0.216226,0.0004,0.0262
Quantum Rings Research,93865be7.qasm,512,0.251578,0.0004,0.0264
Quantum Rings Research,9395edc6.qasm,16,7.575488,0.0021,0.0263
Quantum Rings Research,9395edc6.qasm,64,4.217676,0.0021,0.0259
Quantum Rings Research,9395edc6.qasm,512,6.850790,0.0021,0.0261
Quantum Rings Research,93c78575.qasm,16,2.235592,0.2272,0.0272
Quantum Rings Research,93c78575.qasm,64,13.105955,0.2272,0.0269
Quantum Rings Research,93c78575.qasm,512,568.338891,0.2272,0.0275
Quantum Rings Research,9429600a.qasm,16,2.126492,0.2170,0.0272
Quantum Rings Research,9429600a.qasm,64,12.146161,0.2170,0.0264
Quantum Rings Research,9429600a.qasm,512,496.360757,0.2170,0.0271
Quantum Rings Research,94f4e26a.qasm,16,2.580130,0.2866,0.0268
Quantum Rings Research,94f4e26a.qasm,64,18.436958,0.2866,0.0268
Quantum Rings Research,94f4e26a.qasm,512,704.806995,0.2866,0.0265
Quantum Rings Research,950704f2.qasm,16,25.280996,0.2931,0.0262
Quantum Rings Research,950704f2.qasm,64,3.310942,0.2931,0.0262
Quantum Rings Research,950704f2.qasm,512,25.427705,0.2931,0.0258
Quantum Rings Research,954ad251.qasm,16,0.195243,0.0006,0.0267
Quantum Rings Research,954ad251.qasm,64,0.180440,0.0006,0.0259
Quantum Rings Research,954ad251.qasm,512,0.188228,0.0006,0.0269
Quantum Rings Research,957c248b.qasm,16,0.569048,0.0218,0.0263
Quantum Rings Research,957c248b.qasm,64,0.367327,0.0218,0.0260
Quantum Rings Research,957c248b.qasm,512,0.609167,0.0218,0.0259
Quantum Rings Research,964382be.qasm,16,2.612067,0.2846,0.0270
Quantum Rings Research,964382be.qasm,64,18.364661,0.2846,0.0267
Quantum Rings Research,964382be.qasm,512,693.784113,0.2846,0.0266
Quantum Rings Research,965eb08c.qasm,16,1.653046,0.1812,0.0267
Quantum Rings Research,965eb08c.qasm,64,9.505370,0.1812,0.0264
Quantum Rings Research,965eb08c.qasm,512,347.810845,0.1812,0.0260
Quantum Rings Research,96876fa5.qasm,16,8.220913,0.2847,0.0265
Quantum Rings Research,96876fa5.qasm,64,1.151672,0.2847,0.0259
Quantum Rings Research,96876fa5.qasm,512,8.457631,0.2847,0.0267
Quantum Rings Research,96f82da7.qasm,16,0.187432,0.0156,0.0267
Quantum Rings Research,96f82da7.qasm,64,1.919136,0.0156,0.0266
Quantum Rings Research,96f82da7.qasm,512,0.198291,0.0156,0.0265
Quantum Rings Research,981d8651.qasm,16,0.178427,0.0074,0.0260
Quantum Rings Research,981d8651.qasm,64,4.722319,0.0074,0.0262
Quantum Rings Research,981d8651.qasm,512,0.171488,0.0074,0.0267
Quantum Rings Research,9a442b56.qasm,16,9.417486,0.2001,0.0266
Quantum Rings Research,9a442b56.qasm,64,0.822249,0.2001,0.0261
Quantum Rings Research,9a442b56.qasm,512,14.387210,0.2001,0.0266
Quantum Rings Research,9c6b6510.qasm,16,0.301939,0.0454,0.0265
Quantum Rings Research,9c6b6510.qasm,64,2.109276,0.0454,0.0261
Quantum Rings Research,9c6b6510.qasm,512,0.307533,0.0454,0.0266
Quantum Rings Research,9ccf974e.qasm,16,0.310179,0.0013,0.0260
Quantum Rings Research,9ccf974e.qasm,64,0.183199,0.0013,0.0265
Quantum Rings Research,9ccf974e.qasm,512,0.212917,0.0013,0.0256
Quantum Rings Research,9d76010e.qasm,16,0.170267,0.0047,0.0259
Quantum Rings Research,9d76010e.qasm,64,2.956760,0.0047,0.0266
Quantum Rings Research,9d76010e.qasm,512,0.170299,0.0047,0.0268
Quantum Rings Research,9d7cbc78.qasm,16,0.470923,0.0417,0.0270
Quantum Rings Research,9d7cbc78.qasm,64,0.345401,0.0417,0.0260
Quantum Rings Research,9d7cbc78.qasm,512,0.343832,0.0417,0.0260
Quantum Rings Research,9d7e60b6.qasm,16,0.195163,0.0165,0.0268
Quantum Rings Research,9d7e60b6.qasm,64,2.080021,0.0165,0.0261
Quantum Rings Research,9d7e60b6.qasm,512,0.172853,0.0165,0.0266
Quantum Rings Research,9e3be92a.qasm,16,42.140402,0.2951,0.0278
Quantum Rings Research,9e3be92a.qasm,64,3.913187,0.2951,0.0266
Quantum Rings Research,9e3be92a.qasm,512,42.242663,0.2951,0.0265
Quantum Rings Research,9ea3bed5.qasm,16,3.964748,0.0103,0.0264
Quantum Rings Research,9ea3bed5.qasm,64,3.905336,0.0103,0.0255
Quantum Rings Research,9ea3bed5.qasm,512,3.971822,0.0103,0.0265
Quantum Rings Research,9f744e04.qasm,16,54.675931,0.4808,0.0269
Quantum Rings Research,9f744e04.qasm,64,98.413327,0.4808,0.0270
Quantum Rings Research,9f744e04.qasm,512,3693.487018,0.4808,0.0264
Quantum Rings Research,a0a79499.qasm,16,1.696695,0.0075,0.0269
Quantum Rings Research,a0a79499.qasm,64,0.754429,0.0075,0.0256
Quantum Rings Research,a0a79499.qasm,512,1.868165,0.0075,0.0273
Quantum Rings Research,a0b53b67.qasm,16,0.181561,0.0074,0.0267
Quantum Rings Research,a0b53b67.qasm,64,0.531031,0.0074,0.0271
Quantum Rings Research,a0b53b67.qasm,512,0.400216,0.0074,0.0269
Quantum Rings Research,a169a3ba.qasm,16,1.643487,0.1665,0.0273
Quantum Rings Research,a169a3ba.qasm,64,8.914208,0.1665,0.0271
Quantum Rings Research,a169a3ba.qasm,512,334.593581,0.1665,0.0268
Quantum Rings Research,a1b3d3aa.qasm,16,2.307334,0.0198,0.0267
Quantum Rings Research,a1b3d3aa.qasm,64,6.295871,0.0198,0.0266
Quantum Rings Research,a1b3d3aa.qasm,512,186.181185,0.0198,0.0261
Quantum Rings Research,a1bc8d56.qasm,16,1.092596,0.0763,0.0267
Quantum Rings Research,a1bc8d56.qasm,64,2.279839,0.0763,0.0267
Quantum Rings Research,a1bc8d56.qasm,512,23.833936,0.0763,0.0266
Quantum Rings Research,a3cb01ca.qasm,16,1.221723,0.0970,0.0275
Quantum Rings Research,a3cb01ca.qasm,64,3.415800,0.0970,0.0262
Quantum Rings Research,a3cb01ca.qasm,512,71.930276,0.0970,0.0264
Quantum Rings Research,a409aaa1.qasm,16,2.642638,0.0231,0.0259
Quantum Rings Research,a409aaa1.qasm,64,6.112791,0.0231,0.0263
Quantum Rings Research,a409aaa1.qasm,512,183.461202,0.0231,0.0265
Quantum Rings Research,a440a477.qasm,16,14.293564,0.0042,0.0261
Quantum Rings Research,a440a477.qasm,64,7.407255,0.0042,0.0260
Quantum Rings Research,a440a477.qasm,512,14.887575,0.0042,0.0262
Quantum Rings Research,a44fdc9f.qasm,16,0.185255,0.0065,0.0263
Quantum Rings Research,a44fdc9f.qasm,64,1.031734,0.0065,0.0269
Quantum Rings Research,a44fdc9f.qasm,512,0.176810,0.0065,0.0270
Quantum Rings Research,a4f95806.qasm,16,0.169723,0.0026,0.0271
Quantum Rings Research,a4f95806.qasm,64,0.655824,0.0026,0.0259
Quantum Rings Research,a4f95806.qasm,512,0.176089,0.0026,0.0273
Quantum Rings Research,a75c691c.qasm,16,2.082337,0.0496,0.0266
Quantum Rings Research,a75c691c.qasm,64,0.174439,0.0496,0.0270
Quantum Rings Research,a75c691c.qasm,512,1.411378,0.0496,0.0262
Quantum Rings Research,a8818670.qasm,16,0.182583,0.0021,0.0268
Quantum Rings Research,a8818670.qasm,64,1.085278,0.0021,0.0264
Quantum Rings Research,a8818670.qasm,512,0.196866,0.0021,0.0263
Quantum Rings Research,a8b40b61.qasm,16,1.655713,0.1833,0.0276
Quantum Rings Research,a8b40b61.qasm,64,9.460191,0.1833,0.0270
Quantum Rings Research,a8b40b61.qasm,512,344.690334,0.1833,0.0271
Quantum Rings Research,a8dfab96.qasm,16,1.096416,0.0818,0.0279
Quantum Rings Research,a8dfab96.qasm,64,2.565011,0.0818,0.0273
Quantum Rings Research,a8dfab96.qasm,512,34.607497,0.0818,0.0267
Quantum Rings Research,a9091180.qasm,16,2.120200,0.2202,0.0276
Quantum Rings Research,a9091180.qasm,64,12.160106,0.2202,0.0270
Quantum Rings Research,a9091180.qasm,512,496.496346,0.2202,0.0268
Quantum Rings Research,aa41f5f1.qasm,16,2.072435,0.2245,0.0271
Quantum Rings Research,aa41f5f1.qasm,64,12.524125,0.2245,0.0273
Quantum Rings Research,aa41f5f1.qasm,512,498.545183,0.2245,0.0274
Quantum Rings Research,aac529b2.qasm,16,840.037383,0.4500,0.0273
Quantum Rings Research,aac529b2.qasm,64,70.493378,0.4500,0.0259
Quantum Rings Research,aac529b2.qasm,512,4778.312611,0.4500,0.0268
Quantum Rings Research,aaf05f5c.qasm,16,1.137340,0.1146,0.0263
Quantum Rings Research,aaf05f5c.qasm,64,5.085674,0.1146,0.0271
Quantum Rings Research,aaf05f5c.qasm,512,144.606000,0.1146,0.0263
Quantum Rings Research,ab65fd24.qasm,16,2.679069,0.2999,0.0269
Quantum Rings Research,ab65fd24.qasm,64,21.013071,0.2999,0.0268
Quantum Rings Research,ab65fd24.qasm,512,953.689240,0.2999,0.0267
Quantum Rings Research,ab8a1b3c.qasm,16,5.110122,0.0428,0.0262
Quantum Rings Research,ab8a1b3c.qasm,64,0.210224,0.0428,0.0271
Quantum Rings Research,ab8a1b3c.qasm,512,5.054422,0.0428,0.0266
Quantum Rings Research,ab964bf6.qasm,16,1.121964,0.1158,0.0269
Quantum Rings Research,ab964bf6.qasm,64,5.075922,0.1158,0.0266
Quantum Rings Research,ab964bf6.qasm,512,144.691753,0.1158,0.0264
Quantum Rings Research,aceda861.qasm,16,272.897052,0.0391,0.0269
Quantum Rings Research,aceda861.qasm,64,179.358803,0.0391,0.0266
Quantum Rings Research,aceda861.qasm,512,268.087678,0.0391,0.0262
Quantum Rings Research,ad2439c7.qasm,16,2.316527,0.2564,0.0270
Quantum Rings Research,ad2439c7.qasm,64,16.256510,0.2564,0.0265
Quantum Rings Research,ad2439c7.qasm,512,648.205469,0.2564,0.0272
Quantum Rings Research,ad74d7c1.qasm,16,4.313901,0.0253,0.0270
Quantum Rings Research,ad74d7c1.qasm,64,14.235995,0.0253,0.0269
Quantum Rings Research,ad74d7c1.qasm,512,493.256873,0.0253,0.0264
Quantum Rings Research,aed3c1af.qasm,16,1.746551,0.1864,0.0279
Quantum Rings Research,aed3c1af.qasm,64,10.087661,0.1864,0.0269
Quantum Rings Research,aed3c1af.qasm,512,403.804040,0.1864,0.0268
Quantum Rings Research,af2659f0.qasm,16,0.168360,0.0011,0.0270
Quantum Rings Research,af2659f0.qasm,64,0.158572,0.0011,0.0260
Quantum Rings Research,af2659f0.qasm,512,0.179210,0.0011,0.0260
Quantum Rings Research,af88ad19.qasm,16,0.177016,0.0138,0.0268
Quantum Rings Research,af88ad19.qasm,64,0.178091,0.0138,0.0266
Quantum Rings Research,af88ad19.qasm,512,0.185828,0.0138,0.0271
Quantum Rings Research,af8b17d0.qasm,16,0.181101,0.0006,0.0270
Quantum Rings Research,af8b17d0.qasm,64,0.169492,0.0006,0.0263
Quantum Rings Research,af8b17d0.qasm,512,0.182697,0.0006,0.0260
Quantum Rings Research,b06c81ca.qasm,16,1.537105,0.1508,0.0269
Quantum Rings Research,b06c81ca.qasm,64,6.912218,0.1508,0.0264
Quantum Rings Research,b06c81ca.qasm,512,203.200058,0.1508,0.0265
Quantum Rings Research,b11883af.qasm,16,0.190789,0.0441,0.0269
Quantum Rings Research,b11883af.qasm,64,0.331023,0.0441,0.0264
Quantum Rings Research,b11883af.qasm,512,0.199672,0.0441,0.0270
Quantum Rings Research,b1ea1d60.qasm,16,0.197522,0.0185,0.0271
Quantum Rings Research,b1ea1d60.qasm,64,4.776535,0.0185,0.0261
Quantum Rings Research,b1ea1d60.qasm,512,0.212854,0.0185,0.0271
Quantum Rings Research,b2346111.qasm,16,4694.985162,3.0954,0.0279
Quantum Rings Research,b2346111.qasm,64,3110.403272,3.0954,0.0272
Quantum Rings Research,b2346111.qasm,512,3288.103323,3.0954,0.0276
Quantum Rings Research,b38d732e.qasm,16,0.190900,0.0358,0.0270
Quantum Rings Research,b38d732e.qasm,64,0.280671,0.0358,0.0267
Quantum Rings Research,b38d732e.qasm,512,0.172684,0.0358,0.0264
Quantum Rings Research,b469b640.qasm,16,0.181122,0.0209,0.0269
Quantum Rings Research,b469b640.qasm,64,0.178510,0.0209,0.0272
Quantum Rings Research,b469b640.qasm,512,0.371523,0.0209,0.0268
Quantum Rings Research,b4976343.qasm,16,0.178221,0.0019,0.0278
Quantum Rings Research,b4976343.qasm,64,0.278174,0.0019,0.0276
Quantum Rings Research,b4976343.qasm,512,0.176986,0.0019,0.0272
Quantum Rings Research,b4c090da.qasm,16,0.180183,0.0012,0.0269
Quantum Rings Research,b4c090da.qasm,64,0.170812,0.0012,0.0267
Quantum Rings Research,b4c090da.qasm,512,0.210461,0.0012,0.0266
Quantum Rings Research,b5baa095.qasm,16,0.694150,0.0036,0.0280
Quantum Rings Research,b5baa095.qasm,64,3.000124,0.0036,0.0272
Quantum Rings Research,b5baa095.qasm,512,1.625965,0.0036,0.0267
Quantum Rings Research,b5be0645.qasm,16,14400.000000,1.1188,0.0275
Quantum Rings Research,b5be0645.qasm,64,14400.000000,1.1188,0.0261
Quantum Rings Research,b5be0645.qasm,512,326.895537,1.1188,0.0266
Quantum Rings Research,b601af0f.qasm,16,0.178229,0.0100,0.0276
Quantum Rings Research,b601af0f.qasm,64,0.277122,0.0100,0.0267
Quantum Rings Research,b601af0f.qasm,512,0.183121,0.0100,0.0267
Quantum Rings Research,b630efea.qasm,16,1.199350,0.0992,0.0271
Quantum Rings Research,b630efea.qasm,64,4.165147,0.0992,0.0264
Quantum Rings Research,b630efea.qasm,512,91.883766,0.0992,0.0269
Quantum Rings Research,b680d160.qasm,16,2.065745,0.2244,0.0274
Quantum Rings Research,b680d160.qasm,64,12.523680,0.2244,0.0277
Quantum Rings Research,b680d160.qasm,512,501.495619,0.2244,0.0273
Quantum Rings Research,b7694c8e.qasm,16,4.610601,0.0747,0.0274
Quantum Rings Research,b7694c8e.qasm,64,0.230232,0.0747,0.0273
Quantum Rings Research,b7694c8e.qasm,512,3.175854,0.0747,0.0274
Quantum Rings Research,b792cc98.qasm,16,0.175571,0.0007,0.0275
Quantum Rings Research,b792cc98.qasm,64,0.179081,0.0007,0.0276
Quantum Rings Research,b792cc98.qasm,512,0.171718,0.0007,0.0265
Quantum Rings Research,b97c72bf.qasm,16,0.223119,0.0052,0.0272
Quantum Rings Research,b97c72bf.qasm,64,0.293466,0.0052,0.0279
Quantum Rings Research,b97c72bf.qasm,512,0.213812,0.0052,0.0274
Quantum Rings Research,b9ba0e84.qasm,16,6.810170,0.0512,0.0282
Quantum Rings Research,b9ba0e84.qasm,64,27.459231,0.0512,0.0281
Quantum Rings Research,b9ba0e84.qasm,512,2312.343202,0.0512,0.0273
Quantum Rings Research,ba0c09b8.qasm,16,1.692308,0.2032,0.0283
Quantum Rings Research,ba0c09b8.qasm,64,10.515633,0.2032,0.0284
Quantum Rings Research,ba0c09b8.qasm,512,405.313900,0.2032,0.0287
Quantum Rings Research,bb291a8b.qasm,16,2.236806,0.2379,0.0280
Quantum Rings Research,bb291a8b.qasm,64,13.066861,0.2379,0.0282
Quantum Rings Research,bb291a8b.qasm,512,557.254732,0.2379,0.0274
Quantum Rings Research,bb50273f.qasm,16,404.710883,1.9412,0.0271
Quantum Rings Research,bb50273f.qasm,64,60.840408,1.9412,0.0273
Quantum Rings Research,bb50273f.qasm,512,505.949103,1.9412,0.0270
Quantum Rings Research,bc99b330.qasm,16,127.486206,0.9963,0.0278
Quantum Rings Research,bc99b330.qasm,64,184.822691,0.9963,0.0266
Quantum Rings Research,bc99b330.qasm,512,9400.348859,0.9963,0.0268
Quantum Rings Research,bc9dd950.qasm,16,1.105991,0.0800,0.0273
Quantum Rings Research,bc9dd950.qasm,64,2.569130,0.0800,0.0267
Quantum Rings Research,bc9dd950.qasm,512,34.521988,0.0800,0.0260
Quantum Rings Research,bd32080b.qasm,16,2197.042665,1.4160,0.0277
Quantum Rings Research,bd32080b.qasm,64,4526.152373,1.4160,0.0270
Quantum Rings Research,bd32080b.qasm,512,14400.000000,1.4160,0.0274
Quantum Rings Research,bd462bd7.qasm,16,8.006915,0.1986,0.0275
Quantum Rings Research,bd462bd7.qasm,64,0.193973,0.1986,0.0278
Quantum Rings Research,bd462bd7.qasm,512,11.796680,0.1986,0.0273
Quantum Rings Research,bdd2c3ff.qasm,16,8.935458,0.0923,0.0282
Quantum Rings Research,bdd2c3ff.qasm,64,65.014669,0.0923,0.0290
Quantum Rings Research,bdd2c3ff.qasm,512,2627.616439,0.0923,0.0271
Quantum Rings Research,be527b4d.qasm,16,285.865373,4.4536,0.0261
Quantum Rings Research,be527b4d.qasm,64,20.616701,4.4536,0.0255
Quantum Rings Research,be527b4d.qasm,512,33.154419,4.4536,0.0258
Quantum Rings Research,bf029799.qasm,16,1.792895,0.2446,0.0275
Quantum Rings Research,bf029799.qasm,64,9.986312,0.2446,0.0271
Quantum Rings Research,bf029799.qasm,512,373.205093,0.2446,0.0268
Quantum Rings Research,bf0f8df9.qasm,16,0.542312,0.0618,0.0275
Quantum Rings Research,bf0f8df9.qasm,64,1.343663,0.0618,0.0275
Quantum Rings Research,bf0f8df9.qasm,512,3.479181,0.0618,0.0312
Quantum Rings Research,bf9674e9.qasm,16,0.175923,0.0048,0.0268
Quantum Rings Research,bf9674e9.qasm,64,2.474790,0.0048,0.0276
Quantum Rings Research,bf9674e9.qasm,512,0.176438,0.0048,0.0274
Quantum Rings Research,c05aa9cf.qasm,16,3.013578,0.3333,0.0276
Quantum Rings Research,c05aa9cf.qasm,64,23.740253,0.3333,0.0275
Quantum Rings Research,c05aa9cf.qasm,512,783.442199,0.3333,0.0272
Quantum Rings Research,c0a1d157.qasm,16,0.195606,0.0286,0.0271
Quantum Rings Research,c0a1d157.qasm,64,4.393308,0.0286,0.0277
Quantum Rings Research,c0a1d157.qasm,512,0.191929,0.0286,0.0266
Quantum Rings Research,c0ffe57a.qasm,16,0.329182,0.0012,0.0274
Quantum Rings Research,c0ffe57a.qasm,64,0.199149,0.0012,0.0261
Quantum Rings Research,c0ffe57a.qasm,512,0.206754,0.0012,0.0266
Quantum Rings Research,c20bb346.qasm,16,0.408481,0.1040,0.0265
Quantum Rings Research,c20bb346.qasm,64,1.103898,0.1040,0.0257
Quantum Rings Research,c20bb346.qasm,512,0.426088,0.1040,0.0258
Quantum Rings Research,c246552a.qasm,16,3.913285,0.0662,0.0261
Quantum Rings Research,c246552a.qasm,64,0.466082,0.0662,0.0257
Quantum Rings Research,c246552a.qasm,512,809.024836,0.0662,0.0267
Quantum Rings Research,c39fa73b.qasm,16,0.177770,0.0008,0.0265
Quantum Rings Research,c39fa73b.qasm,64,0.164764,0.0008,0.0262
Quantum Rings Research,c39fa73b.qasm,512,0.173020,0.0008,0.0264
Quantum Rings Research,c3c0513f.qasm,16,0.270221,0.0048,0.0264
Quantum Rings Research,c3c0513f.qasm,64,0.209781,0.0048,0.0282
Quantum Rings Research,c3c0513f.qasm,512,0.268486,0.0048,0.0277
Quantum Rings Research,c40ecada.qasm,16,1.530594,0.1528,0.0278
Quantum Rings Research,c40ecada.qasm,64,6.906052,0.1528,0.0267
Quantum Rings Research,c40ecada.qasm,512,204.985133,0.1528,0.0266
Quantum Rings Research,c4c36286.qasm,16,1.737228,0.1889,0.0275
Quantum Rings Research,c4c36286.qasm,64,10.082273,0.1889,0.0267
Quantum Rings Research,c4c36286.qasm,512,403.121827,0.1889,0.0273
Quantum Rings Research,c4ff2c11.qasm,16,1.157126,0.0053,0.0276
Quantum Rings Research,c4ff2c11.qasm,64,5.526467,0.0053,0.0289
Quantum Rings Research,c4ff2c11.qasm,512,1.478103,0.0053,0.0281
Quantum Rings Research,c6678d16.qasm,16,569.874322,3.3223,0.0275
Quantum Rings Research,c6678d16.qasm,64,745.181814,3.3223,0.0269
Quantum Rings Research,c6678d16.qasm,512,14400.000000,3.3223,0.0262
Quantum Rings Research,c676cfb4.qasm,16,0.216499,0.0016,0.0274
Quantum Rings Research,c676cfb4.qasm,64,0.227693,0.0016,0.0269
Quantum Rings Research,c676cfb4.qasm,512,0.220925,0.0016,0.0281
Quantum Rings Research,c7670b0a.qasm,16,0.542419,0.0013,0.0277
Quantum Rings Research,c7670b0a.qasm,64,0.551325,0.0013,0.0263
Quantum Rings Research,c7670b0a.qasm,512,0.519522,0.0013,0.0270
Quantum Rings Research,c7a93f95.qasm,16,1.300905,0.1375,0.0283
Quantum Rings Research,c7a93f95.qasm,64,6.515977,0.1375,0.0282
Quantum Rings Research,c7a93f95.qasm,512,209.491695,0.1375,0.0278
Quantum Rings Research,c7bddf55.qasm,16,0.565971,0.0578,0.0273
Quantum Rings Research,c7bddf55.qasm,64,1.115587,0.0578,0.0269
Quantum Rings Research,c7bddf55.qasm,512,2.749596,0.0578,0.0266
Quantum Rings Research,c82bb473.qasm,16,1.301325,0.1362,0.0281
Quantum Rings Research,c82bb473.qasm,64,6.502482,0.1362,0.0267
Quantum Rings Research,c82bb473.qasm,512,209.983734,0.1362,0.0273
Quantum Rings Research,c84ad65b.qasm,16,1.135931,0.1107,0.0284
Quantum Rings Research,c84ad65b.qasm,64,4.312974,0.1107,0.0268
Quantum Rings Research,c84ad65b.qasm,512,95.059774,0.1107,0.0273
Quantum Rings Research,c8afe1ad.qasm,16,0.174469,0.0016,0.0275
Quantum Rings Research,c8afe1ad.qasm,64,0.791665,0.0016,0.0263
Quantum Rings Research,c8afe1ad.qasm,512,0.229272,0.0016,0.0274
Quantum Rings Research,c945995d.qasm,16,1.645659,0.1658,0.0268
Quantum Rings Research,c945995d.qasm,64,8.903427,0.1658,0.0270
Quantum Rings Research,c945995d.qasm,512,338.456279,0.1658,0.0273
Quantum Rings Research,c95f41f8.qasm,16,0.182537,0.0011,0.0266
Quantum Rings Research,c95f41f8.qasm,64,0.390195,0.0011,0.0261
Quantum Rings Research,c95f41f8.qasm,512,0.180975,0.0011,0.0268
Quantum Rings Research,c96fe790.qasm,16,266.079753,1.4663,0.0275
Quantum Rings Research,c96fe790.qasm,64,28.145508,1.4663,0.0273
Quantum Rings Research,c96fe790.qasm,512,271.564873,1.4663,0.0271
Quantum Rings Research,c999af32.qasm,16,1.130488,0.1163,0.0271
Quantum Rings Research,c999af32.qasm,64,5.084510,0.1163,0.0271
Quantum Rings Research,c999af32.qasm,512,144.702079,0.1163,0.0276
Quantum Rings Research,ca0a2ce5.qasm,16,3.344163,0.0726,0.0327
Quantum Rings Research,ca0a2ce5.qasm,64,0.167925,0.0726,0.0418
Quantum Rings Research,ca0a2ce5.qasm,512,2.634233,0.0726,0.0278
Quantum Rings Research,ca634f4d.qasm,16,1.114832,0.0867,0.0273
Quantum Rings Research,ca634f4d.qasm,64,2.286130,0.0867,0.0268
Quantum Rings Research,ca634f4d.qasm,512,23.783143,0.0867,0.0300
Quantum Rings Research,ca8c6d9a.qasm,16,2.196444,0.2385,0.0291
Quantum Rings Research,ca8c6d9a.qasm,64,12.667310,0.2385,0.0279
Quantum Rings Research,ca8c6d9a.qasm,512,513.641708,0.2385,0.0273
Quantum Rings Research,ca980007.qasm,16,1.301138,0.1363,0.0298
Quantum Rings Research,ca980007.qasm,64,6.510394,0.1363,0.0295
Quantum Rings Research,ca980007.qasm,512,207.450239,0.1363,0.0296
Quantum Rings Research,cab2b6e9.qasm,16,1.533604,0.1544,0.0285
Quantum Rings Research,cab2b6e9.qasm,64,6.891212,0.1544,0.0280
Quantum Rings Research,cab2b6e9.qasm,512,203.964809,0.1544,0.0288
Quantum Rings Research,cb2b300f.qasm,16,1.650153,0.1713,0.0300
Quantum Rings Research,cb2b300f.qasm,64,8.936636,0.1713,0.0927
Quantum Rings Research,cb2b300f.qasm,512,337.755659,0.1713,0.0284
Quantum Rings Research,cc5bc6eb.qasm,16,0.235297,0.0038,0.0280
Quantum Rings Research,cc5bc6eb.qasm,64,1.418771,0.0038,0.0293
Quantum Rings Research,cc5bc6eb.qasm,512,0.238034,0.0038,0.0275
Quantum Rings Research,ccfd978a.qasm,16,51.369678,2.4667,0.0305
Quantum Rings Research,ccfd978a.qasm,64,3.090348,2.4667,0.0285
Quantum Rings Research,ccfd978a.qasm,512,995.649741,2.4667,0.0310
Quantum Rings Research,cd51d9b8.qasm,16,1.750773,0.2025,0.0281
Quantum Rings Research,cd51d9b8.qasm,64,12.781510,0.2025,0.0275
Quantum Rings Research,cd51d9b8.qasm,512,576.824970,0.2025,0.0273
Quantum Rings Research,cd592018.qasm,16,2.353737,0.2653,0.0277
Quantum Rings Research,cd592018.qasm,64,16.272779,0.2653,0.0280
Quantum Rings Research,cd592018.qasm,512,650.288301,0.2653,0.0271
Quantum Rings Research,cd5b55b6.qasm,16,0.239367,0.0012,0.0271
Quantum Rings Research,cd5b55b6.qasm,64,0.174519,0.0012,0.0270
Quantum Rings Research,cd5b55b6.qasm,512,0.225252,0.0012,0.0267
Quantum Rings Research,ce4f4dde.qasm,16,0.182909,0.0124,0.0275
Quantum Rings Research,ce4f4dde.qasm,64,4.098287,0.0124,0.0268
Quantum Rings Research,ce4f4dde.qasm,512,0.181044,0.0124,0.0269
Quantum Rings Research,ce7207a3.qasm,16,3.372820,0.0677,0.0262
Quantum Rings Research,ce7207a3.qasm,64,0.181943,0.0677,0.0267
Quantum Rings Research,ce7207a3.qasm,512,2.937753,0.0677,0.0265
Quantum Rings Research,cee426fe.qasm,16,64.318944,0.2906,0.0262
Quantum Rings Research,cee426fe.qasm,64,138.196670,0.2906,0.0266
Quantum Rings Research,cee426fe.qasm,512,11116.513296,0.2906,0.0263
Quantum Rings Research,cf2c4cc9.qasm,16,0.181854,0.0015,0.0268
Quantum Rings Research,cf2c4cc9.qasm,64,0.313089,0.0015,0.0265
Quantum Rings Research,cf2c4cc9.qasm,512,0.175768,0.0015,0.0266
Quantum Rings Research,cf5bfeb1.qasm,16,2.250821,0.2287,0.0276
Quantum Rings Research,cf5bfeb1.qasm,64,13.056298,0.2287,0.0263
Quantum Rings Research,cf5bfeb1.qasm,512,473.605913,0.2287,0.0271
Quantum Rings Research,d168a391.qasm,16,0.174963,0.0149,0.0268
Quantum Rings Research,d168a391.qasm,64,2.600498,0.0149,0.0260
Quantum Rings Research,d168a391.qasm,512,0.167426,0.0149,0.0269
Quantum Rings Research,d20d9d2e.qasm,16,7.695661,0.1960,0.0269
Quantum Rings Research,d20d9d2e.qasm,64,0.202059,0.1960,0.0271
Quantum Rings Research,d20d9d2e.qasm,512,12.122117,0.1960,0.0270
Quantum Rings Research,d21812d8.qasm,16,6.193203,0.1725,0.0264
Quantum Rings Research,d21812d8.qasm,64,0.174517,0.1725,0.0263
Quantum Rings Research,d21812d8.qasm,512,8.540373,0.1725,0.0273
Quantum Rings Research,d2ffaf7e.qasm,16,0.227227,0.0075,0.0275
Quantum Rings Research,d2ffaf7e.qasm,64,2.552307,0.0075,0.0279
Quantum Rings Research,d2ffaf7e.qasm,512,0.240244,0.0075,0.0301
Quantum Rings Research,d3f98c63.qasm,16,2.232084,0.2362,0.0310
Quantum Rings Research,d3f98c63.qasm,64,13.061592,0.2362,0.0283
Quantum Rings Research,d3f98c63.qasm,512,563.186312,0.2362,0.0274
Quantum Rings Research,d3f998bc.qasm,16,1.722896,0.1979,0.0286
Quantum Rings Research,d3f998bc.qasm,64,12.244544,0.1979,0.0278
Quantum Rings Research,d3f998bc.qasm,512,466.617550,0.1979,0.0286
Quantum Rings Research,d49ba491.qasm,16,1.073699,0.1170,0.0287
Quantum Rings Research,d49ba491.qasm,64,4.318384,0.1170,0.0308
Quantum Rings Research,d49ba491.qasm,512,95.278822,0.1170,0.0304
Quantum Rings Research,d4a7f2c7.qasm,16,0.567841,0.0612,0.0315
Quantum Rings Research,d4a7f2c7.qasm,64,1.116966,0.0612,0.0274
Quantum Rings Research,d4a7f2c7.qasm,512,2.746758,0.0612,0.0294
Quantum Rings Research,d706049b.qasm,16,0.228240,0.0022,0.0281
Quantum Rings Research,d706049b.qasm,64,1.843082,0.0022,0.0313
Quantum Rings Research,d706049b.qasm,512,1.613078,0.0022,0.0296
Quantum Rings Research,d70a0bd6.qasm,16,502.791413,5.5620,0.0274
Quantum Rings Research,d70a0bd6.qasm,64,50.814007,5.5620,0.0281
Quantum Rings Research,d70a0bd6.qasm,512,14400.000000,5.5620,0.0277
Quantum Rings Research,d7fe8918.qasm,16,144.420221,0.0383,0.0277
Quantum Rings Research,d7fe8918.qasm,64,71.370559,0.0383,0.0270
Quantum Rings Research,d7fe8918.qasm,512,163.573068,0.0383,0.0273
Quantum Rings Research,d87e1b4b.qasm,16,0.175090,0.0324,0.0277
Quantum Rings Research,d87e1b4b.qasm,64,10.664709,0.0324,0.0272
Quantum Rings Research,d87e1b4b.qasm,512,0.184104,0.0324,0.0272
Quantum Rings Research,d9b603b5.qasm,16,1.229430,0.0958,0.0274
Quantum Rings Research,d9b603b5.qasm,64,3.416381,0.0958,0.0269
Quantum Rings Research,d9b603b5.qasm,512,71.758496,0.0958,0.0269
Quantum Rings Research,d9c77e07.qasm,16,0.178588,0.0009,0.0272
Quantum Rings Research,d9c77e07.qasm,64,0.177579,0.0009,0.0264
Quantum Rings Research,d9c77e07.qasm,512,0.185516,0.0009,0.0264
Quantum Rings Research,da0e58a0.qasm,16,5.472765,0.2769,0.0282
Quantum Rings Research,da0e58a0.qasm,64,0.362439,0.2769,0.0278
Quantum Rings Research,da0e58a0.qasm,512,176.090954,0.2769,0.0277
Quantum Rings Research,da213329.qasm,16,2.125904,0.2218,0.0279
Quantum Rings Research,da213329.qasm,64,12.140993,0.2218,0.0279
Quantum Rings Research,da213329.qasm,512,495.456061,0.2218,0.0293
Quantum Rings Research,da3a2f77.qasm,16,2.354044,0.3332,0.0277
Quantum Rings Research,da3a2f77.qasm,64,18.089944,0.3332,0.0276
Quantum Rings Research,da3a2f77.qasm,512,808.643835,0.3332,0.0265
Quantum Rings Research,da4d0871.qasm,16,55.738883,2.3966,0.0278
Quantum Rings Research,da4d0871.qasm,64,3.390805,2.3966,0.0291
Quantum Rings Research,da4d0871.qasm,512,1012.045323,2.3966,0.0274
Quantum Rings Research,da505823.qasm,16,1.301953,0.1394,0.0300
Quantum Rings Research,da505823.qasm,64,6.508222,0.1394,0.0273
Quantum Rings Research,da505823.qasm,512,207.428036,0.1394,0.0266
Quantum Rings Research,da601912.qasm,16,131.700664,2.2998,0.0274
Quantum Rings Research,da601912.qasm,64,17.701673,2.2998,0.0271
Quantum Rings Research,da601912.qasm,512,7064.471707,2.2998,0.0264
Quantum Rings Research,dae23358.qasm,16,1.391550,0.1280,0.0267
Quantum Rings Research,dae23358.qasm,64,5.729526,0.1280,0.0264
Quantum Rings Research,dae23358.qasm,512,133.695933,0.1280,0.0272
Quantum Rings Research,db12c1f0.qasm,16,1.403976,0.0226,0.0266
Quantum Rings Research,db12c1f0.qasm,64,0.474656,0.0226,0.0263
Quantum Rings Research,db12c1f0.qasm,512,1.430356,0.0226,0.0263
Quantum Rings Research,db6ca211.qasm,16,0.298515,0.0437,0.0291
Quantum Rings Research,db6ca211.qasm,64,9.688310,0.0437,0.0268
Quantum Rings Research,db6ca211.qasm,512,0.290940,0.0437,0.0268
Quantum Rings Research,dbcc99b4.qasm,16,0.170049,0.0061,0.0264
Quantum Rings Research,dbcc99b4.qasm,64,1.065379,0.0061,0.0258
Quantum Rings Research,dbcc99b4.qasm,512,0.171192,0.0061,0.0267
Quantum Rings Research,dc86453a.qasm,16,71.480964,1.0193,0.0271
Quantum Rings Research,dc86453a.qasm,64,16.810268,1.0193,0.0265
Quantum Rings Research,dc86453a.qasm,512,321.670100,1.0193,0.0265
Quantum Rings Research,de690b52.qasm,16,1.206799,0.0990,0.0271
Quantum Rings Research,de690b52.qasm,64,4.164874,0.0990,0.0263
Quantum Rings Research,de690b52.qasm,512,92.057579,0.0990,0.0257
Quantum Rings Research,deb00fe1.qasm,16,0.177232,0.0035,0.0256
Quantum Rings Research,deb00fe1.qasm,64,0.562687,0.0035,0.0254
Quantum Rings Research,deb00fe1.qasm,512,0.205448,0.0035,0.0253
Quantum Rings Research,df1a7a89.qasm,16,14400.000000,3.2120,0.0265
Quantum Rings Research,df1a7a89.qasm,64,4678.196646,3.2120,0.0265
Quantum Rings Research,df1a7a89.qasm,512,14400.000000,3.2120,0.0270
Quantum Rings Research,df43c2c2.qasm,16,1.874772,0.2134,0.0324
Quantum Rings Research,df43c2c2.qasm,64,11.351857,0.2134,0.0286
Quantum Rings Research,df43c2c2.qasm,512,464.525093,0.2134,0.0273
Quantum Rings Research,df458745.qasm,16,1.602663,0.2222,0.0273
Quantum Rings Research,df458745.qasm,64,2.160230,0.2222,0.0265
Quantum Rings Research,df458745.qasm,512,1.429931,0.2222,0.0271
Quantum Rings Research,df75e229.qasm,16,2.331789,0.2493,0.0266
Quantum Rings Research,df75e229.qasm,64,16.254816,0.2493,0.0265
Quantum Rings Research,df75e229.qasm,512,645.470164,0.2493,0.0270
Quantum Rings Research,e10d312f.qasm,16,8.451818,0.7028,0.0269
Quantum Rings Research,e10d312f.qasm,64,7.807972,0.7028,0.0261
Quantum Rings Research,e10d312f.qasm,512,8.611292,0.7028,0.0266
Quantum Rings Research,e260fc6a.qasm,16,0.207261,0.0521,0.0266
Quantum Rings Research,e260fc6a.qasm,64,0.368579,0.0521,0.0257
Quantum Rings Research,e260fc6a.qasm,512,0.204959,0.0521,0.0262
Quantum Rings Research,e3863462.qasm,16,9.137952,0.0607,0.0270
Quantum Rings Research,e3863462.qasm,64,34.334330,0.0607,0.0269
Quantum Rings Research,e3863462.qasm,512,3167.079230,0.0607,0.0279
Quantum Rings Research,e3b97044.qasm,16,2.603631,0.2882,0.0274
Quantum Rings Research,e3b97044.qasm,64,18.389538,0.2882,0.0270
Quantum Rings Research,e3b97044.qasm,512,702.875184,0.2882,0.0268
Quantum Rings Research,e4a4359e.qasm,16,172.091159,4.2403,0.0261
Quantum Rings Research,e4a4359e.qasm,64,6.749050,4.2403,0.0256
Quantum Rings Research,e4a4359e.qasm,512,14400.000000,4.2403,0.0265
Quantum Rings Research,e4b50619.qasm,16,0.183390,0.0007,0.0273
Quantum Rings Research,e4b50619.qasm,64,0.274436,0.0007,0.0265
Quantum Rings Research,e4b50619.qasm,512,0.184684,0.0007,0.0282
Quantum Rings Research,e61acd2b.qasm,16,0.508616,0.0419,0.0272
Quantum Rings Research,e61acd2b.qasm,64,0.341122,0.0419,0.0268
Quantum Rings Research,e61acd2b.qasm,512,0.340874,0.0419,0.0270
Quantum Rings Research,e66c3381.qasm,16,2.197003,0.2231,0.0275
Quantum Rings Research,e66c3381.qasm,64,12.680844,0.2231,0.0274
Quantum Rings Research,e66c3381.qasm,512,524.804150,0.2231,0.0270
Quantum Rings Research,e698c12d.qasm,16,0.218464,0.0007,0.0263
Quantum Rings Research,e698c12d.qasm,64,0.174023,0.0007,0.0260
Quantum Rings Research,e698c12d.qasm,512,0.185793,0.0007,0.0267
Quantum Rings Research,e7296260.qasm,16,2.378594,0.2673,0.0273
Quantum Rings Research,e7296260.qasm,64,18.114936,0.2673,0.0271
Quantum Rings Research,e7296260.qasm,512,830.665750,0.2673,0.0271
Quantum Rings Research,e751ad87.qasm,16,6.103386,0.6974,0.0263
Quantum Rings Research,e751ad87.qasm,64,4.083109,0.6974,0.0257
Quantum Rings Research,e751ad87.qasm,512,6.188038,0.6974,0.0256
Quantum Rings Research,e7540ce6.qasm,16,3.003318,0.3427,0.0280
Quantum Rings Research,e7540ce6.qasm,64,23.708500,0.3427,0.0280
Quantum Rings Research,e7540ce6.qasm,512,1076.946516,0.3427,0.0282
Quantum Rings Research,e815593a.qasm,16,0.196519,0.0025,0.0276
Quantum Rings Research,e815593a.qasm,64,0.275048,0.0025,0.0277
Quantum Rings Research,e815593a.qasm,512,0.189595,0.0025,0.0266
Quantum Rings Research,e893b1a5.qasm,16,26.856507,1.1535,0.0265
Quantum Rings Research,e893b1a5.qasm,64,1.999029,1.1535,0.0273
Quantum Rings Research,e893b1a5.qasm,512,681.457533,1.1535,0.0264
Quantum Rings Research,ea801020.qasm,16,207.919764,1.5384,0.0279
Quantum Rings Research,ea801020.qasm,64,24.679982,1.5384,0.0266
Quantum Rings Research,ea801020.qasm,512,172.830127,1.5384,0.0268
Quantum Rings Research,eb153d64.qasm,16,0.180676,0.0075,0.0279
Quantum Rings Research,eb153d64.qasm,64,4.775424,0.0075,0.0277
Quantum Rings Research,eb153d64.qasm,512,0.173366,0.0075,0.0299
Quantum Rings Research,ebb0ac17.qasm,16,1.181314,0.0073,0.0277
Quantum Rings Research,ebb0ac17.qasm,64,1.202273,0.0073,0.0291
Quantum Rings Research,ebb0ac17.qasm,512,2.478480,0.0073,0.0277
Quantum Rings Research,ebc18fd7.qasm,16,6.755373,0.3269,0.0273
Quantum Rings Research,ebc18fd7.qasm,64,2.699715,0.3269,0.0264
Quantum Rings Research,ebc18fd7.qasm,512,3.459696,0.3269,0.0265
Quantum Rings Research,ebc3e166.qasm,16,4876.592548,7.5064,0.0269
Quantum Rings Research,ebc3e166.qasm,64,559.193471,7.5064,0.0255
Quantum Rings Research,ebc3e166.qasm,512,14400.000000,7.5064,0.0256
Quantum Rings Research,ec70915a.qasm,16,1.071669,0.0186,0.0259
Quantum Rings Research,ec70915a.qasm,64,5.548556,0.0186,0.0269
Quantum Rings Research,ec70915a.qasm,512,198.022874,0.0186,0.0264
Quantum Rings Research,eca6fb66.qasm,16,2.062699,0.2195,0.0273
Quantum Rings Research,eca6fb66.qasm,64,12.523481,0.2195,0.0267
Quantum Rings Research,eca6fb66.qasm,512,505.907104,0.2195,0.0267
Quantum Rings Research,ed52defd.qasm,16,0.587108,0.0446,0.0266
Quantum Rings Research,ed52defd.qasm,64,0.453280,0.0446,0.0268
Quantum Rings Research,ed52defd.qasm,512,0.455032,0.0446,0.0269
Quantum Rings Research,eefd994e.qasm,16,2.236147,0.2303,0.0271
Quantum Rings Research,eefd994e.qasm,64,13.119165,0.2303,0.0268
Quantum Rings Research,eefd994e.qasm,512,565.574196,0.2303,0.0270
Quantum Rings Research,ef8d10d7.qasm,16,3.311546,0.0581,0.0272
Quantum Rings Research,ef8d10d7.qasm,64,0.384323,0.0581,0.0264
Quantum Rings Research,ef8d10d7.qasm,512,656.661559,0.0581,0.0268
Quantum Rings Research,efafd44f.qasm,16,4.466346,0.0031,0.0275
Quantum Rings Research,efafd44f.qasm,64,3.946907,0.0031,0.0277
Quantum Rings Research,efafd44f.qasm,512,4.695711,0.0031,0.0344
Quantum Rings Research,f030e083.qasm,16,16.439019,0.0946,0.0268
Quantum Rings Research,f030e083.qasm,64,77.155944,0.0946,0.0266
Quantum Rings Research,f030e083.qasm,512,5213.322482,0.0946,0.0265
Quantum Rings Research,f05a6196.qasm,16,158.583103,1.5203,0.0268
Quantum Rings Research,f05a6196.qasm,64,19.064287,1.5203,0.0267
Quantum Rings Research,f05a6196.qasm,512,141.644061,1.5203,0.0261
Quantum Rings Research,f0c5e28f.qasm,16,0.181463,0.0016,0.0272
Quantum Rings Research,f0c5e28f.qasm,64,0.169879,0.0016,0.0260
Quantum Rings Research,f0c5e28f.qasm,512,0.176836,0.0016,0.0262
Quantum Rings Research,f0e878db.qasm,16,2.408017,0.1263,0.0269
Quantum Rings Research,f0e878db.qasm,64,11.436058,0.1263,0.0272
Quantum Rings Research,f0e878db.qasm,512,462.575123,0.1263,0.0273
Quantum Rings Research,f0e91b40.qasm,16,1.823616,0.0399,0.0267
Quantum Rings Research,f0e91b40.qasm,64,6.869739,0.0399,0.0263
Quantum Rings Research,f0e91b40.qasm,512,389.082980,0.0399,0.0272
Quantum Rings Research,f1167cc3.qasm,16,1.397122,0.1296,0.0270
Quantum Rings Research,f1167cc3.qasm,64,5.721063,0.1296,0.0264
Quantum Rings Research,f1167cc3.qasm,512,133.775390,0.1296,0.0264
Quantum Rings Research,f163436d.qasm,16,0.189158,0.0008,0.0264
Quantum Rings Research,f163436d.qasm,64,0.211544,0.0008,0.0253
Quantum Rings Research,f163436d.qasm,512,0.222019,0.0008,0.0261
Quantum Rings Research,f1bcea54.qasm,16,1.871281,0.1908,0.0272
Quantum Rings Research,f1bcea54.qasm,64,10.671211,0.1908,0.0261
Quantum Rings Research,f1bcea54.qasm,512,440.778697,0.1908,0.0268
Quantum Rings Research,f27a09cf.qasm,16,0.175580,0.0211,0.0266
Quantum Rings Research,f27a09cf.qasm,64,9.776353,0.0211,0.0268
Quantum Rings Research,f27a09cf.qasm,512,0.181521,0.0211,0.0269
Quantum Rings Research,f2a5a67a.qasm,16,0.467971,0.0422,0.0269
Quantum Rings Research,f2a5a67a.qasm,64,0.342698,0.0422,0.0259
Quantum Rings Research,f2a5a67a.qasm,512,0.340771,0.0422,0.0265
Quantum Rings Research,f5398281.qasm,16,2.362894,0.2579,0.0273
Quantum Rings Research,f5398281.qasm,64,18.129499,0.2579,0.0255
Quantum Rings Research,f5398281.qasm,512,582.764217,0.2579,0.0257
Quantum Rings Research,f5aeb6f0.qasm,16,2.217477,0.2289,0.0269
Quantum Rings Research,f5aeb6f0.qasm,64,12.668429,0.2289,0.0260
Quantum Rings Research,f5aeb6f0.qasm,512,525.012594,0.2289,0.0259
Quantum Rings Research,f5d72dae.qasm,16,0.347084,0.0025,0.0257
Quantum Rings Research,f5d72dae.qasm,64,1.954462,0.0025,0.0251
Quantum Rings Research,f5d72dae.qasm,512,22.474231,0.0025,0.0264
Quantum Rings Research,f67ec297.qasm,16,1.392691,0.1537,0.0274
Quantum Rings Research,f67ec297.qasm,64,7.962418,0.1537,0.0270
Quantum Rings Research,f67ec297.qasm,512,284.567716,0.1537,0.0277
Quantum Rings Research,f7ff0727.qasm,16,0.188008,0.0006,0.0267
Quantum Rings Research,f7ff0727.qasm,64,0.174013,0.0006,0.0264
Quantum Rings Research,f7ff0727.qasm,512,0.185214,0.0006,0.0263
Quantum Rings Research,f8a38627.qasm,16,174.760295,1.4292,0.0281
Quantum Rings Research,f8a38627.qasm,64,281.020359,1.4292,0.0268
Quantum Rings Research,f8a38627.qasm,512,13063.160558,1.4292,0.0274
Quantum Rings Research,f8d235ae.qasm,16,0.191270,0.0020,0.0275
Quantum Rings Research,f8d235ae.qasm,64,0.229830,0.0020,0.0269
Quantum Rings Research,f8d235ae.qasm,512,0.311932,0.0020,0.0282
Quantum Rings Research,f98536e0.qasm,16,0.178510,0.0007,0.0271
Quantum Rings Research,f98536e0.qasm,64,0.167586,0.0007,0.0270
Quantum Rings Research,f98536e0.qasm,512,0.179655,0.0007,0.0291
Quantum Rings Research,f9fee41b.qasm,16,2.576196,0.2855,0.0273
Quantum Rings Research,f9fee41b.qasm,64,18.398404,0.2855,0.0270
Quantum Rings Research,f9fee41b.qasm,512,705.840915,0.2855,0.0280
Quantum Rings Research,fabdaac7.qasm,16,0.179270,0.0072,0.0281
Quantum Rings Research,fabdaac7.qasm,64,1.186779,0.0072,0.0276
Quantum Rings Research,fabdaac7.qasm,512,0.177771,0.0072,0.0274
Quantum Rings Research,fadf1f0d.qasm,16,186.304256,4.2496,0.0264
Quantum Rings Research,fadf1f0d.qasm,64,7.000947,4.2496,0.0256
Quantum Rings Research,fadf1f0d.qasm,512,14400.000000,4.2496,0.0275
Quantum Rings Research,fb107df5.qasm,16,16.769032,0.0074,0.0267
Quantum Rings Research,fb107df5.qasm,64,13.511367,0.0074,0.0269
Quantum Rings Research,fb107df5.qasm,512,16.988480,0.0074,0.0273
Quantum Rings Research,fb7e6eb0.qasm,16,3.561006,0.0189,0.0275
Quantum Rings Research,fb7e6eb0.qasm,64,13.233558,0.0189,0.0277
Quantum Rings Research,fb7e6eb0.qasm,512,546.194604,0.0189,0.0269
Quantum Rings Research,fb8a2851.qasm,16,0.167455,0.0035,0.0269
Quantum Rings Research,fb8a2851.qasm,64,1.254851,0.0035,0.0265
Quantum Rings Research,fb8a2851.qasm,512,0.176102,0.0035,0.0270
Quantum Rings Research,fb9223a1.qasm,16,0.180080,0.0012,0.0263
Quantum Rings Research,fb9223a1.qasm,64,0.168382,0.0012,0.0263
Quantum Rings Research,fb9223a1.qasm,512,0.184379,0.0012,0.0264
Quantum Rings Research,fb9be929.qasm,16,0.223363,0.0006,0.0267
Quantum Rings Research,fb9be929.qasm,64,0.176337,0.0006,0.0264
Quantum Rings Research,fb9be929.qasm,512,0.213580,0.0006,0.0268
Quantum Rings Research,fbcf0ea3.qasm,16,2.068233,0.2210,0.0273
Quantum Rings Research,fbcf0ea3.qasm,64,12.525798,0.2210,0.0281
Quantum Rings Research,fbcf0ea3.qasm,512,497.921324,0.2210,0.0271
Quantum Rings Research,fbdc2a1f.qasm,16,0.577410,0.0477,0.0268
Quantum Rings Research,fbdc2a1f.qasm,64,0.453904,0.0477,0.0292
Quantum Rings Research,fbdc2a1f.qasm,512,0.455389,0.0477,0.0280
Quantum Rings Research,fbe1d41c.qasm,16,0.218891,0.0016,0.0288
Quantum Rings Research,fbe1d41c.qasm,64,0.174608,0.0016,0.0296
Quantum Rings Research,fbe1d41c.qasm,512,0.211394,0.0016,0.0282
Quantum Rings Research,fc1ce5ab.qasm,16,65.036439,3.4525,0.0297
Quantum Rings Research,fc1ce5ab.qasm,64,3.407879,3.4525,0.0296
Quantum Rings Research,fc1ce5ab.qasm,512,885.716144,3.4525,0.0284
Quantum Rings Research,fc330f35.qasm,16,1.876579,0.2117,0.0279
Quantum Rings Research,fc330f35.qasm,64,11.316572,0.2117,0.0276
Quantum Rings Research,fc330f35.qasm,512,464.184911,0.2117,0.0265
Quantum Rings Research,fc56714f.qasm,16,0.173299,0.0019,0.0271
Quantum Rings Research,fc56714f.qasm,64,0.179732,0.0019,0.0269
Quantum Rings Research,fc56714f.qasm,512,0.180585,0.0019,0.0274
Quantum Rings Research,fc5872f2.qasm,16,411.119097,5.7004,0.0282
Quantum Rings Research,fc5872f2.qasm,64,99.734261,5.7004,0.0281
Quantum Rings Research,fc5872f2.qasm,512,1593.260092,5.7004,0.0290
Quantum Rings Research,fc66bdd4.qasm,16,0.824873,0.1553,0.0268
Quantum Rings Research,fc66bdd4.qasm,64,1.327731,0.1553,0.0282
Quantum Rings Research,fc66bdd4.qasm,512,0.830506,0.1553,0.0276
Quantum Rings Research,fdf0b97e.qasm,16,1.999183,0.2089,0.0286
Quantum Rings Research,fdf0b97e.qasm,64,11.459623,0.2089,0.0270
Quantum Rings Research,fdf0b97e.qasm,512,437.780241,0.2089,0.0266
Quantum Rings Research,ffe82f32.qasm,16,0.208829,0.0015,0.0272
Quantum Rings Research,ffe82f32.qasm,64,1.306742,0.0015,0.0274
Quantum Rings Research,ffe82f32.qasm,512,1.440172,0.0015,0.0268
